# Blender 5.1.2
# www.blender.org
mtllib Bag.mtl
o defaultMaterial
v 28.196226 1.019327 -9.453474
v 26.632311 1.278645 -9.708769
v 26.652428 3.099449 -8.754549
v 28.208845 2.778335 -8.500122
v 23.484085 5.272270 -7.773732
v 26.716021 4.867915 -7.614316
v 23.434935 3.518982 -8.976365
v 29.909971 5.691944 -3.557137
v 30.085405 6.120779 -1.760623
v 30.226439 5.241511 -1.542377
v 30.130978 4.738554 -3.097135
v 23.556639 6.811491 -6.350309
v 26.802629 6.382809 -6.179658
v 23.517796 8.646801 0.935268
v 26.791601 8.196345 0.880045
v 26.809469 8.173171 -0.205165
v 23.553087 8.673952 -0.293786
v 0.254181 9.919030 0.797002
v 0.293135 9.609697 1.086013
v 3.114163 9.509668 1.227863
v 3.100002 9.643170 0.916660
v 15.416095 -7.434554 -9.190465
v 19.483959 -7.327166 -9.020845
v 19.447828 -7.849092 -7.129640
v 15.369181 -7.903955 -7.317522
v 23.582464 7.777624 -4.498516
v 26.851337 7.420354 -4.370163
v 26.802629 6.382809 -6.179658
v 23.556639 6.811491 -6.350309
v 19.492237 -6.158232 -10.307545
v 19.483959 -7.327166 -9.020845
v 15.416095 -7.434554 -9.190465
v 15.424898 -6.067385 -10.352531
v 23.553896 8.265903 -2.418181
v 26.824802 7.894527 -2.318594
v 30.276709 -4.542273 0.619416
v 30.335384 -5.472873 0.407571
v 30.422361 -5.405040 -0.383343
v 30.354082 -4.462209 -0.260358
v 5.974452 -5.847085 -10.213014
v 7.742966 -5.846014 -10.184082
v 7.705587 -7.387998 -9.250832
v 5.940958 -7.379801 -9.249691
v 26.610218 7.522523 1.922396
v 23.381243 8.059184 2.067108
v 23.362709 8.028406 3.748171
v 26.520075 7.341925 3.633741
v 29.047529 7.561267 -0.231433
v 28.391478 7.864058 -0.217574
v 28.370625 7.957983 1.178153
v 28.939161 7.578461 1.215627
v 27.655830 5.931258 5.207849
v 26.380531 6.496799 5.432925
v 26.264555 5.394510 7.223963
v 27.502653 4.779649 6.912093
v 23.182533 6.056709 7.462323
v 23.281412 7.166960 5.632547
v 27.522499 3.582894 8.601150
v 26.213804 4.134422 8.907389
v 26.237160 2.604316 10.257480
v 27.681171 2.205360 10.009009
v 23.098671 4.722809 9.114586
v 26.264555 5.394510 7.223963
v 23.182533 6.056709 7.462323
v 29.977537 1.865590 3.484460
v 30.174925 2.366634 2.505934
v 30.079039 3.759329 2.880116
v 29.871275 3.141309 4.002825
v 23.041664 3.093533 10.392753
v -3.431773 8.959931 5.436354
v -2.794690 8.536633 5.667673
v -2.786846 9.587434 3.672453
v -3.407182 9.567033 4.314902
v 29.898525 -2.115369 9.056986
v 29.651558 -2.037811 9.917701
v 29.455238 -3.764942 9.882467
v 29.768461 -3.674999 9.056345
v 22.970783 1.096842 10.987635
v 26.212360 0.703308 10.941813
v 4.722901 9.798828 3.889943
v 4.594697 9.784871 3.175207
v 3.058386 9.576998 3.491931
v 3.793671 9.598583 4.272021
v 27.635393 -7.598053 1.287682
v 27.638086 -7.556778 3.129427
v 26.305626 -7.812186 3.172728
v 26.334682 -7.769841 1.217706
v 22.898590 -0.946104 11.444882
v 26.112909 -1.362196 11.092239
v -2.448220 0.573835 -11.052354
v -2.452304 2.632027 -10.556336
v 0.369189 2.585343 -10.486169
v 0.370969 0.537171 -11.026779
v 30.538816 -6.995218 -0.540091
v 30.548429 -7.053883 0.281654
v 29.970768 -7.542039 0.269842
v 30.017523 -7.390970 -0.662076
v 22.818344 -2.993110 11.607036
v 25.986118 -3.418769 11.079060
v 29.200502 -3.809047 10.110351
v 29.325644 -1.972972 10.249246
v 29.102129 -1.862277 10.392532
v 29.031294 -3.755874 10.225257
v 28.942532 -6.019473 7.786294
v 28.636396 -6.429254 8.678612
v 29.140980 -7.143767 7.611556
v 29.290915 -6.795600 6.899324
v 22.805563 -4.863928 11.306269
v 25.938883 -5.349692 11.050739
v 28.903887 5.040705 4.768401
v 28.708784 3.908154 6.227845
v 29.225035 3.752134 6.195961
v 29.390158 4.786547 4.775848
v 22.934158 -6.332971 10.464174
v 26.003233 -6.779652 10.369294
v 5.808376 10.562670 -4.552363
v 5.836712 10.249878 -4.873724
v 5.412176 10.724696 -5.847687
v 5.401179 11.053802 -5.588556
v 18.987080 1.487316 11.038599
v 19.074108 3.532299 10.538509
v -27.961084 8.986072 1.066427
v -27.919329 9.023884 -0.017630
v -28.516479 8.733488 -0.139462
v -28.540705 8.679070 1.059207
v 27.564035 -7.485515 8.653040
v 27.428295 -7.012298 10.154151
v 26.212744 -7.376997 8.991117
v 23.128290 -7.402460 9.324966
v 27.705807 -7.515370 6.813732
v 27.564035 -7.485515 8.653040
v 26.212744 -7.376997 8.991117
v 26.323082 -7.684185 7.173828
v 23.235428 -7.712706 -1.296874
v 26.368679 -7.406176 -1.242417
v 26.346252 -7.666752 -0.274794
v 23.202354 -7.841685 -0.208109
v 27.820574 -7.294941 -2.478992
v 28.270809 -7.508391 -2.370728
v 28.214254 -7.579086 -1.012051
v 27.730856 -7.453544 -1.174649
v 23.180920 -7.861573 7.563977
v 23.128290 -7.402460 9.324966
v 19.469967 -2.254092 -10.587366
v 23.403343 -2.452928 -10.359406
v 23.468590 -4.478817 -10.468640
v 19.497585 -4.313209 -10.558160
v 23.190985 -7.926577 1.366872
v 27.762463 -7.662175 4.984722
v 26.330719 -7.852363 5.199059
v 23.160173 -7.971257 5.495722
v 18.969303 -4.386621 11.315172
v 18.918945 -2.509595 11.818791
v 19.228762 -7.979084 1.463997
v 15.158748 -7.984221 1.432281
v 15.187915 -7.984395 -0.235028
v 19.250788 -7.964595 -0.176232
v 19.208139 -7.985314 3.511411
v 23.169058 -7.962145 3.382736
v 19.192368 -7.986670 5.654322
v -28.667822 -7.721655 -3.328377
v -29.000891 -7.823705 -3.309655
v -28.890875 -7.841849 -5.161643
v -28.584211 -7.723203 -5.205837
v 30.233269 3.500461 -2.537811
v 30.285549 2.225339 -2.184423
v 30.279720 1.972056 -3.081605
v 30.203514 2.819070 -3.713871
v 19.588980 7.833735 -4.474503
v 19.557686 6.937047 -6.379600
v -2.671719 -7.994067 -1.640584
v -2.661932 -8.003433 -3.305813
v 0.138423 -8.004873 -3.328592
v 0.123757 -7.995618 -1.667137
v 26.418850 -7.332652 -2.620159
v 29.707800 -7.242831 -4.754856
v 29.837387 -7.341466 -3.295971
v 29.397217 -7.350584 -3.641934
v 29.306128 -7.404561 -5.253152
v 28.166155 -0.881501 -9.870637
v 26.583973 -0.725958 -9.896641
v 28.730158 -7.663957 -0.820369
v 28.734453 -7.590485 -2.184335
v 28.961880 -7.416691 -2.131644
v 29.011766 -7.592623 -0.808573
v 30.356310 -6.939147 3.825955
v 30.542175 -7.244149 2.587871
v 30.356087 -6.414343 2.251691
v 30.017544 -6.280277 3.302130
v -27.310402 2.754148 -9.329557
v -27.438200 4.366745 -8.256971
v -25.979776 4.767068 -8.534556
v -25.869133 3.060058 -9.555015
v 23.277981 -7.729693 -2.834782
v 23.333843 -7.853878 -4.764709
v 26.496277 -7.665071 -4.363312
v 28.934313 -7.868661 -3.975381
v 28.525400 -7.665443 -2.261223
v 28.613750 -7.798800 -4.058249
v 23.387365 -7.713208 -6.769083
v 26.515926 -7.649945 -6.296048
v 30.197432 -4.955158 -3.441074
v 30.185015 -5.873083 -3.407709
v 30.035463 -5.588817 -4.210843
v 30.217852 -4.827759 -4.499561
v 29.993172 -2.190295 7.612690
v 29.941069 -3.533872 7.583441
v 30.043020 -3.367690 6.137446
v 30.028877 -2.226964 6.163376
v 29.098972 -7.763658 -3.893298
v 29.183878 -7.521500 -3.806961
v 28.059429 -7.711192 -6.045437
v 28.011286 -7.669876 -4.137311
v 28.862505 -4.761937 -9.614689
v 28.247480 -4.744454 -9.794479
v 28.173063 -2.840594 -9.707987
v 28.755339 -2.910688 -9.743143
v 19.422472 -0.166366 -10.386474
v 23.353615 -0.431662 -9.953892
v 23.404570 1.635210 -9.864634
v 30.562931 -7.289148 1.301224
v 29.910442 -7.664372 2.907389
v 29.859690 -7.701579 1.439387
v 26.584450 -2.726053 -9.790979
v 30.053371 -7.450173 4.384533
v 19.210453 -7.918475 7.763815
v 19.204876 -7.443456 9.557413
v 30.231728 -1.761158 3.690066
v 30.116899 -2.045856 4.936656
v 30.156622 -3.209100 4.883398
v 30.277493 -3.026094 3.587210
v -7.534885 -3.719593 10.544572
v -7.536231 -5.752182 10.036197
v -5.778913 -5.737426 10.021197
v -5.779871 -3.706351 10.537182
v 26.692087 -4.656338 -10.124783
v -28.467949 0.889079 -9.975578
v -28.637733 0.773747 -9.804202
v -28.316271 2.416890 -8.960514
v -28.123182 2.584847 -9.182167
v 30.104671 -4.368062 5.878693
v 29.754072 -5.137692 5.334800
v 29.923449 -4.972245 4.160012
v 30.287828 -4.203649 4.650337
v -29.705374 -5.932776 3.377951
v -29.682720 -5.399155 3.846139
v -29.707022 -5.435626 2.765945
v -29.767193 -6.124481 2.489291
v 30.411507 -6.968947 -2.794451
v 30.522940 -7.058770 -1.574156
v 29.956974 -7.312782 -1.862148
v 28.880857 -1.046462 -9.580556
v -28.759310 -6.822402 -8.154000
v -28.989763 -6.604825 -7.705904
v -28.685703 -5.468149 -8.591420
v -28.435905 -5.648673 -9.036102
v 29.924944 -6.198101 -5.039707
v 29.604940 -6.761645 -6.029870
v 29.747753 -5.707259 -7.004399
v 30.086531 -5.196799 -5.773228
v -5.356041 -1.591817 -11.103062
v -5.388833 -3.682781 -10.647110
v -7.146112 -3.710663 -10.730754
v -7.114322 -1.636688 -11.245437
v 27.986584 -7.310066 -7.910670
v 26.543930 -7.273721 -8.208052
v 29.437197 -1.314832 -9.093860
v 29.591213 -1.380370 -8.740600
v 29.479910 -2.970304 -8.744318
v 29.335381 -2.993634 -9.151822
v 29.146990 2.067315 -7.724431
v 29.325346 3.693705 -6.706554
v 29.544399 3.417394 -6.393939
v 29.416044 1.879565 -7.402985
v 29.941917 -1.539519 -7.749261
v 29.785284 -2.920166 -7.755432
v 29.279680 0.426246 -8.643374
v 29.492077 0.266115 -8.252137
v 29.642416 -4.465563 -8.561524
v 29.488523 -4.598568 -8.980340
v 29.951336 -4.258903 -7.606669
v -28.445955 -2.799372 -10.557284
v -28.186766 -2.865230 -10.717891
v -28.198528 -4.654943 -10.321656
v -28.435841 -4.499446 -10.093062
v 28.110350 -6.403005 -9.355965
v 26.653070 -6.350330 -9.688318
v 29.112621 -7.752383 -5.717536
v 29.178995 -7.562730 -5.560248
v 28.396219 -7.431971 -7.696375
v 28.629145 -7.844131 -5.922085
v 29.112791 -6.139547 -8.315067
v 29.366924 -5.992040 -7.842479
v 29.208242 -7.005118 -6.700196
v 28.946442 -7.148538 -7.114269
v 29.046856 7.091144 2.305970
v 28.794418 7.328602 2.274946
v 28.487272 6.744849 3.655344
v 28.772297 6.534916 3.626101
v 27.986584 -7.310066 -7.910670
v 26.543930 -7.273721 -8.208052
v 29.387033 -7.333419 -2.060147
v 23.398855 -7.179298 -8.628050
v 23.441826 -6.195556 -10.030465
v -27.533937 1.140274 -10.232136
v -28.168943 0.990920 -10.097160
v -27.827888 2.679925 -9.300192
v 28.801180 -7.287022 -7.351879
v 28.951344 -6.252229 -8.600685
v 30.134636 -5.561365 1.328962
v 29.898092 -5.631545 2.439846
v 30.519360 -6.523940 1.178068
v -2.641364 -7.999168 -5.366920
v 0.160330 -8.006438 -5.386323
v 29.474997 -7.527383 -0.774477
v -26.313478 8.585552 -3.606248
v -27.795885 8.067603 -3.484045
v -27.850332 8.723380 -1.620132
v -26.336565 9.122481 -1.701829
v 11.396353 -1.868317 -11.036018
v 15.419030 -2.138480 -10.510925
v 15.442233 -4.170526 -10.867664
v 11.385492 -3.916691 -10.679633
v 28.738701 0.800438 -9.117072
v 29.392948 -7.699051 0.194196
v -28.473602 8.417651 -1.627910
v -28.722229 8.148234 -1.559959
v -28.754099 8.436542 -0.144576
v -28.943720 8.192240 -0.150922
v -28.904745 7.920159 -1.493520
v -28.748686 0.427629 -9.277578
v -29.056690 0.163955 -8.427452
v -28.791790 1.537578 -7.602613
v -28.391132 1.897745 -8.299003
v 0.108220 -7.988296 -0.428227
v 0.077773 -7.993072 1.235518
v -2.707866 -7.992352 1.263375
v -2.680392 -7.986676 -0.399382
v 28.959301 -7.557920 3.062287
v 28.776834 -7.751023 1.498943
v 29.174271 -7.727786 1.458618
v 29.285770 -7.718585 3.018907
v 28.942459 -7.853976 -5.823377
v 30.636442 -0.986776 -0.839985
v 30.867678 -2.292134 -1.106116
v 30.982962 -2.102695 -2.452209
v 30.610945 -0.905873 -2.177583
v 28.155590 -7.645230 0.050148
v 27.999887 -7.608054 1.470554
v 27.701403 -7.647460 -0.168298
v 30.274197 -5.182686 -2.405964
v 30.449720 -6.195322 -2.425447
v -26.244690 7.541019 -5.446979
v -23.170937 9.257812 -3.829297
v -23.386398 8.351364 -5.831113
v -27.734005 7.033699 -5.278835
v 29.493954 6.806931 2.383480
v 29.883410 6.358336 2.339841
v 29.988882 6.434006 1.301567
v 29.616087 6.955468 1.319413
v 30.026506 6.326239 -0.065996
v 29.760546 6.890039 -0.093985
v 30.290060 5.479593 -0.017330
v 30.302288 5.542141 1.229369
v -7.280251 9.876782 1.543314
v -7.194943 9.582502 0.862305
v -10.853020 9.338840 0.768608
v -10.919242 9.576706 1.376012
v 28.125784 -7.451840 3.180228
v -4.339817 -7.988052 3.329903
v -4.296300 -7.990069 1.276888
v -2.750671 -7.989816 3.317945
v 0.037189 -7.987812 3.297115
v -2.804389 -7.958744 5.460113
v -0.010733 -7.967607 5.452969
v -7.110530 0.489672 -11.286350
v -5.353899 0.534157 -11.134462
v 28.938784 -7.809012 0.178238
v 28.891043 -7.347299 7.963330
v 29.278814 -7.530545 6.372329
v 29.631729 -7.547441 6.202566
v 30.007051 -4.843719 2.945100
v 29.671881 -5.646600 3.549390
v 7.920538 4.315716 -9.198535
v 7.726393 2.375273 -10.048247
v 6.057566 2.509305 -10.393751
v 6.075776 4.428343 -9.423362
v 29.896042 -7.253838 5.760902
v -29.917416 2.305934 6.742538
v -29.971132 1.595506 5.546958
v -29.922167 0.351941 6.125008
v -29.782162 0.859413 7.550800
v 29.309103 -7.663048 4.674740
v 29.647955 -7.725449 4.599126
v 2.862549 -7.992034 1.224186
v 2.893975 -7.990703 -0.444530
v 15.134956 -7.978724 3.497047
v 28.294064 -7.455777 6.620121
v 28.362642 -7.559617 4.896359
v 11.091564 -7.984134 1.341885
v 11.122905 -7.983264 -0.332255
v 28.063494 -7.566165 8.374702
v 27.867268 -7.007804 9.870612
v 29.888893 -6.692543 4.906394
v 29.355032 -6.259688 5.806007
v 19.447491 3.887883 -9.190267
v 19.421141 1.932122 -10.029550
v 30.566948 -2.633907 1.018711
v 30.413536 -2.820818 2.208861
v 30.525610 -3.896397 2.007594
v 30.641594 -3.745519 0.832596
v 5.952190 9.810336 4.571803
v 5.944780 9.500023 5.109078
v 6.696993 9.241969 5.213848
v 6.772856 9.829641 4.095146
v 30.215191 -0.899388 4.808908
v 30.057207 0.174475 4.514930
v 29.977911 -0.076552 5.558161
v 30.118162 -1.109817 5.964677
v 27.551664 -5.615108 10.760566
v 29.778038 0.303548 6.782893
v 30.013105 -0.881165 7.343115
v 29.689100 2.326454 5.088869
v 29.852760 1.238962 4.445463
v 29.773754 -4.700715 7.248353
v 28.980436 -5.335728 9.573013
v 29.382765 -5.040084 8.616166
v 28.505302 -3.711380 10.497526
v 27.759617 -3.662367 10.695731
v 28.102825 -5.625974 10.535315
v 27.832745 -1.524567 10.849171
v 28.598881 -1.622459 10.667898
v 30.157228 -6.752619 -4.042371
v 28.738253 2.796038 7.797963
v 28.827547 1.487537 9.173402
v 29.176638 1.263721 8.724741
v 29.116411 2.613976 7.578797
v 27.816216 0.456441 10.795952
v 29.336132 -5.549835 6.609432
v 29.708941 -6.208240 4.160001
v 29.832653 0.762419 5.231925
v 29.617006 1.372562 6.018026
v 29.140005 -0.186092 10.056849
v 29.486431 -0.324554 9.596766
v -29.778236 -6.482601 -2.354437
v -29.666637 -6.216911 -3.370007
v -29.911324 -6.864107 -3.904837
v -30.139090 -7.021085 -2.712037
v 28.633715 -7.404512 -7.526747
v 29.460585 0.854161 7.929380
v 29.785290 -0.552509 8.678869
v 28.121864 1.920363 9.740454
v 28.407763 0.258917 10.591720
v 19.101208 -6.121579 10.657066
v 2.917595 -7.998349 -1.684576
v 29.543449 5.121179 -5.369117
v 29.700457 4.789155 -5.151218
v 5.769610 8.536544 5.840869
v 7.436340 8.847625 5.500667
v 5.681104 8.925755 5.565709
v 29.377739 2.125746 6.985601
v 27.917696 3.257335 8.335505
v 30.912893 -1.948944 -3.713585
v 30.676445 -1.827138 -4.920001
v 30.439552 -0.785152 -4.666832
v 30.528807 -0.882040 -3.446278
v 27.960697 6.952589 3.595867
v 29.579084 3.250695 5.859975
v 27.927889 4.326378 6.617533
v 27.502653 4.779649 6.912093
v -27.632324 9.091164 0.688446
v -27.603384 9.050278 0.424434
v -27.919329 9.023884 -0.017630
v -27.961084 8.986072 1.066427
v 30.362917 0.060412 1.422949
v 30.402189 -0.145550 2.466780
v 30.343273 -1.487571 2.371017
v 30.469658 -1.284416 1.235222
v 29.802847 4.204792 4.582018
v -29.603750 -5.805704 -4.335261
v -29.584066 -6.569170 -5.023370
v 28.087566 5.561378 5.052177
v 27.927889 4.326378 6.617533
v 18.951033 -0.495554 11.728587
v 4.769407 2.438409 -10.334322
v 4.769493 0.277225 -11.303665
v 3.153043 0.250989 -11.362335
v 3.171661 2.437222 -10.350817
v 30.244558 1.187365 -3.580433
v 30.240774 0.232460 -4.199112
v 30.180025 0.760598 -5.475357
v 30.174400 1.881554 -4.690331
v 29.999685 4.992259 3.306678
v 29.665525 5.821680 3.543964
v 19.557686 6.937047 -6.379600
v 19.505856 5.671294 -8.050098
v 29.030094 -2.977124 -9.587278
v 29.175508 -4.746718 -9.441254
v 19.290392 -7.937242 -1.375607
v 30.256472 -0.456411 -6.041116
v 30.299080 3.951574 -1.235870
v 30.381414 4.178155 0.051887
v 30.351061 2.716133 0.036069
v 30.297415 2.546001 -1.071861
v 30.203825 5.422073 2.175701
v 29.876799 1.419828 -6.624359
v 29.918865 2.788446 -5.706504
v 28.199717 7.539846 2.005940
v 19.150013 5.071916 9.112366
v 0.117446 8.409086 5.589485
v 0.130170 9.490331 3.560643
v 29.293530 6.197410 3.602924
v 28.416777 7.601111 -2.244769
v 28.430204 7.038362 -4.228248
v 30.308897 4.099604 1.919652
v 28.540287 -6.417427 -9.050185
v 19.333635 -7.945683 -3.007991
v 29.821707 6.680735 -1.915942
v 29.086304 7.294747 -2.171306
v 29.200300 -3.004511 -9.379112
v 29.313467 -1.269459 -9.258550
v 26.682251 7.889715 1.146496
v 27.976698 7.856429 1.369614
v 28.370625 7.957983 1.178153
v 26.791601 8.196345 0.880045
v 29.030094 -2.977124 -9.587278
v 29.156389 -1.193910 -9.399724
v 28.672510 -7.755862 0.216788
v 28.517462 -7.651642 1.568370
v 28.260437 -7.598164 1.570211
v 28.436792 -7.682243 0.188764
v 30.399899 -4.349832 -1.337374
v 30.407127 -5.312709 -1.337764
v 7.705587 -7.387998 -9.250832
v 11.331233 -7.399101 -9.214305
v 11.283437 -7.908200 -7.421341
v 7.660369 -7.921244 -7.483153
v -28.537663 -7.700338 0.850489
v -28.882399 -7.780683 0.829697
v -28.926910 -7.887277 -0.621538
v -28.591904 -7.741299 -0.619325
v 30.412151 4.214630 1.104893
v 11.354573 -5.898001 -10.228701
v 11.331233 -7.399101 -9.214305
v 29.073240 6.605271 -4.038393
v 19.221680 6.307836 7.386253
v 19.326845 7.620615 5.687326
v 28.273594 -6.822119 9.499166
v 28.647869 -7.486781 8.152569
v 28.408644 -6.693215 9.205573
v 28.988569 5.535835 -5.716639
v 28.394545 5.966245 -5.980070
v -28.511204 -0.942422 -10.530167
v -28.204863 -0.891585 -10.569853
v 29.993679 3.943147 -4.538879
v 28.311394 4.491992 -7.383903
v 28.394545 5.966245 -5.980070
v 28.681847 2.488414 -8.144411
v 28.826229 4.148480 -7.090574
v -4.083682 9.706363 0.961045
v -2.488918 9.694999 0.979949
v -2.511355 9.856563 0.647946
v -4.066885 9.691623 0.590073
v 29.905668 -0.053897 -7.343231
v -28.705717 3.386346 8.316158
v -28.842165 4.989613 7.168938
v -29.198126 4.773653 6.987482
v -29.027874 3.231017 8.121407
v -28.899727 -2.815245 -9.742256
v -28.879469 -4.287961 -9.371914
v -29.156511 -4.161427 -8.606849
v -29.146635 -2.782243 -8.843843
v 30.552483 -6.400027 -1.394257
v -29.602272 -7.859309 -3.322454
v -29.279438 -7.923386 -3.319556
v -29.229502 -7.985101 -1.797806
v -29.601282 -7.947557 -1.846153
v -29.254543 -1.316479 -8.844962
v -28.974651 -1.187407 -9.786222
v 29.123217 0.524411 -8.804532
v 29.019579 2.193698 -7.867730
v 30.550722 -3.902631 -4.823057
v 30.308096 -4.020605 -6.201497
v -28.671293 -2.784752 -10.254083
v -28.654747 -4.369904 -9.795137
v 30.314028 -1.691273 -6.320961
v -29.213682 -8.010932 -0.659491
v -28.937433 -7.860719 -1.770491
v 0.341195 -1.589689 -10.973902
v 0.307356 -3.664089 -10.451425
v -2.502211 -3.639938 -10.457359
v -2.468635 -1.556394 -10.977106
v -29.770672 -1.555892 -6.006460
v -29.902845 -0.430250 -5.774232
v -29.583641 -0.163231 -7.130222
v -29.580145 -1.428747 -7.439927
v -5.568610 10.010245 4.636911
v -6.406265 9.925045 4.034725
v -6.392210 9.363743 5.074924
v -5.591322 9.752706 5.091475
v 3.118782 -3.717356 -10.457995
v 3.072343 -5.793518 -10.123592
v 0.268896 -5.693459 -9.905069
v 6.015866 -3.785209 -10.534289
v 7.775464 -3.824056 -10.628785
v 19.382465 -7.956321 -5.039114
v 11.368131 0.130464 -10.352295
v 15.383906 -0.056522 -10.201880
v 0.356986 4.518606 -9.535469
v -2.472122 4.556764 -9.596403
v 7.801348 -1.714918 -10.810813
v 7.793265 0.380312 -10.769031
v 3.171652 4.395196 -9.378279
v 4.730456 9.498326 0.984083
v 4.675764 10.052786 0.486510
v 3.046959 10.192779 0.431318
v 4.719550 -3.753544 -10.477742
v 4.673922 -5.833612 -10.199681
v 4.767728 4.373109 -9.337633
v 11.280931 4.021357 -8.852236
v 11.291725 2.046819 -9.609379
v 30.323214 0.250144 -0.529041
v 30.304136 1.452929 -0.205575
v 30.321196 1.434282 0.762179
v 30.332216 0.171336 0.557725
v 0.338222 6.337926 -8.351506
v 3.172370 6.231732 -8.274309
v 2.963582 -8.003331 -5.399999
v 2.938644 -8.002314 -3.345003
v 29.494291 -5.761549 4.633835
v 6.072047 6.234935 -8.276875
v 7.758766 6.326832 -8.389591
v 15.278357 1.946606 -9.892649
v 15.301244 4.043982 -9.332711
v 11.397857 5.929457 -7.886390
v 15.451145 5.513407 -7.733000
v 6.092955 7.685038 -6.824931
v 7.836383 7.702195 -6.748134
v 11.468045 7.721224 -6.755026
v -10.969349 9.768899 -3.651637
v -7.170324 9.838533 -3.538636
v -7.104438 9.108308 -5.465427
v -10.943578 9.016882 -5.600603
v -29.988018 -0.456210 -1.957406
v -30.071016 -0.452709 -3.289920
v -29.902538 -1.763662 -3.480561
v -29.879528 -1.871719 -2.114246
v 15.478426 6.928048 -6.203334
v 0.257874 8.923322 -5.215594
v 3.295623 8.815086 -5.224857
v 3.162267 7.671114 -6.885477
v 0.285697 7.794889 -6.958986
v 6.083869 8.728989 -5.444624
v 7.671501 8.860263 -5.009959
v 7.836383 7.702195 -6.748134
v 6.092955 7.685038 -6.824931
v 11.448804 8.695946 -4.818516
v 11.468045 7.721224 -6.755026
v 15.535285 8.365529 -4.651532
v 15.478426 6.928048 -6.203334
v 0.256136 9.869407 -3.220004
v 3.254355 9.764458 -3.269123
v 4.674778 10.320485 -1.059858
v 5.978048 10.292351 -1.007186
v 6.038788 9.811360 -2.905536
v 4.752398 9.800209 -2.986939
v -6.316933 9.835037 -4.040992
v -6.264587 9.372316 -5.118197
v 7.639706 9.725409 -3.059579
v 11.412665 9.480346 -2.817859
v 15.492301 9.026519 -2.606995
v 19.567175 8.633471 -2.489726
v -2.573965 7.723680 -6.974289
v -2.698627 8.806644 -5.283770
v 0.197086 10.467828 -1.086630
v 3.061726 10.401878 -1.089321
v 7.744066 9.989074 0.598484
v 11.353605 9.862772 0.703039
v 11.378012 9.988228 -0.698433
v 7.746136 10.248802 -0.913109
v 15.449816 9.583580 -0.489716
v 19.549206 9.198635 -0.387137
v -2.696156 9.804708 -3.351579
v 3.041478 9.830410 1.852904
v 0.220761 9.789759 1.753682
v 6.040061 9.423724 1.027025
v 4.719490 9.521699 1.319034
v 6.018890 9.499337 1.372526
v -2.655017 10.403454 -1.137928
v -19.021387 -7.389936 -9.340960
v -23.000185 -7.403047 -9.313189
v -22.907307 -6.039667 -10.465266
v -18.961266 -5.874434 -10.358312
v 7.722316 9.735946 2.030952
v 5.951750 9.873911 1.979946
v 5.898131 9.852032 3.198960
v 7.531030 9.736470 3.578648
v 30.540205 -6.537575 0.282987
v 30.540453 -6.496634 -0.484567
v 19.460266 8.467251 2.144861
v 19.420534 8.573159 3.824494
v 11.261331 9.442384 3.760171
v 11.325640 9.403041 2.069489
v 15.348194 9.044191 3.824129
v 15.422836 8.962191 2.127209
v -2.591578 9.944746 1.739251
v 5.987977 9.976596 0.528357
v 15.227259 -7.984797 -1.476067
v 11.191034 8.610363 5.653318
v 15.257473 8.114152 5.695433
v 0.069573 7.538985 7.376015
v 2.841948 7.580308 7.290100
v 3.007623 8.521211 5.517679
v 5.743453 7.631872 7.252740
v 7.510849 7.639733 7.283214
v 11.123052 7.389304 7.397041
v 15.173317 6.857883 7.418255
v -2.752437 7.608072 7.381483
v -2.811576 6.509441 8.746501
v -0.010535 6.451184 8.811496
v 0.069573 7.538985 7.376015
v 2.802528 6.388113 8.807503
v 2.841948 7.580308 7.290100
v 5.692695 6.275281 8.789335
v 7.441513 6.170278 8.833941
v 7.510849 7.639733 7.283214
v 5.743453 7.631872 7.252740
v 10.938672 5.787130 8.827828
v 11.123052 7.389304 7.397041
v 15.044547 5.449659 9.043623
v 15.173317 6.857883 7.418255
v 19.221680 6.307836 7.386253
v -0.053784 4.748007 9.908999
v 2.749817 4.656662 9.947798
v 5.630586 4.502267 9.968543
v 7.345679 4.423210 10.080371
v 10.650433 3.997129 10.074870
v 14.755932 3.691840 10.469609
v -0.087420 2.750144 10.627251
v 2.711541 2.696561 10.737567
v 5.583012 2.560431 10.820893
v 7.314849 2.469943 10.925694
v 6.896584 9.747561 -3.647869
v 5.997171 9.840302 -3.422879
v 10.739325 2.306240 11.374978
v 14.772505 1.687778 11.127625
v -2.840062 4.753584 9.791157
v -0.097541 0.627645 10.870561
v 2.707422 0.602063 11.003784
v 5.567417 0.492923 11.179077
v 7.301168 0.407662 11.313251
v 10.882555 0.209303 11.556174
v 14.898026 -0.089451 12.026525
v -2.878705 2.735241 10.492610
v -0.093270 -1.523725 10.875240
v 2.713597 -1.533708 10.970259
v 5.585873 -1.621445 11.094310
v 7.328386 -1.694471 11.215055
v 10.889988 -1.891513 11.577714
v -18.844339 -0.001983 -11.805361
v -18.833389 -2.023787 -11.722127
v -22.739862 -2.322700 -11.366993
v -22.767893 -0.256777 -11.333200
v 14.917309 -2.129856 11.711582
v -2.896640 0.606419 10.777759
v -0.085801 -3.646952 10.574183
v 2.722734 -3.648548 10.627650
v 5.608108 -3.721489 10.745585
v 7.358891 -3.784109 10.860706
v 10.947078 -3.939389 11.160826
v 14.982927 -4.133723 11.392818
v -2.895838 -1.551556 10.811672
v -0.076465 -5.686898 10.047191
v 2.732675 -5.693305 10.104130
v 5.629003 -5.736815 10.177512
v 7.390361 -5.770157 10.236866
v 11.008800 -5.856110 10.424553
v 15.081713 -5.967937 10.614619
v -2.894962 -3.680193 10.569851
v -0.069525 -7.292847 9.239424
v 2.740131 -7.303168 9.275969
v 5.638650 -7.329103 9.316451
v 7.402525 -7.345187 9.347698
v 11.029990 -7.378093 9.438780
v 15.124853 -7.417244 9.555033
v 19.204876 -7.443456 9.557413
v -2.885014 -5.716096 10.051799
v -0.053401 -7.868482 7.556131
v 2.754142 -7.882294 7.573537
v 2.740131 -7.303168 9.275969
v -0.069525 -7.292847 9.239424
v 5.649499 -7.896876 7.606816
v 7.410754 -7.904767 7.633379
v 7.402525 -7.345187 9.347698
v 5.638650 -7.329103 9.316451
v 11.031816 -7.914067 7.702299
v 11.029990 -7.378093 9.438780
v 15.120923 -7.917126 7.775356
v 15.124853 -7.417244 9.555033
v -2.876731 -7.296986 9.222179
v 2.786242 -7.975651 5.458672
v 5.673225 -7.981693 5.488652
v 7.429531 -7.982954 5.514452
v 11.039355 -7.979090 5.582738
v 15.114781 -7.975750 5.656274
v -2.876731 -7.296986 9.222179
v -2.856715 -7.838739 7.543369
v 2.825710 -7.989504 3.293827
v 5.706537 -7.988472 3.319504
v 7.459887 -7.986526 3.344179
v 11.064640 -7.980918 3.414365
v 3.796696 8.971648 5.370618
v 4.527183 8.424419 5.843279
v 4.745353 8.830642 5.604574
v -7.485372 -7.733604 7.525465
v -7.433148 -7.911253 5.473607
v -5.681618 -7.917772 5.468826
v -5.735521 -7.746997 7.522964
v 5.739528 -7.983535 1.245284
v 7.490685 -7.980821 1.269060
v 7.555455 -7.993846 -1.650598
v 5.801188 -7.995876 -1.670744
v 5.826750 -7.997401 -3.333402
v 7.583585 -7.992858 -3.315058
v 11.193610 -7.981255 -3.248371
v 11.160254 -7.990520 -1.580885
v 15.265045 -7.975851 -3.139540
v 4.482078 -7.989107 -0.438472
v 4.450595 -7.988120 1.232784
v 4.509572 -7.997602 -1.680131
v -4.172388 10.133951 0.120050
v -2.600113 10.323232 0.202282
v 7.522123 -7.983997 -0.405270
v 5.770966 -7.986395 -0.427606
v 5.855493 -7.992332 -5.389834
v 7.614884 -7.984583 -5.372732
v 11.230674 -7.970178 -5.307765
v 15.308130 -7.965581 -5.196831
v -2.608236 -7.901961 -7.465171
v 0.195227 -7.916328 -7.481627
v -27.987339 -7.812779 -3.350908
v -27.956791 -7.754575 -5.299944
v 3.000655 -7.927931 -7.499727
v 5.897540 -7.926396 -7.497316
v 28.063494 -7.566165 8.374702
v 0.234925 -7.306918 -9.145318
v 3.041421 -7.351230 -9.209787
v -2.570268 -7.290043 -9.126234
v 5.940958 -7.379801 -9.249691
v -29.853264 -3.377227 -1.059416
v -29.823645 -3.243463 -2.215235
v -29.920097 -4.480334 -2.264143
v -29.927935 -4.706170 -1.180348
v 6.047651 0.403983 -10.904732
v 6.047846 -1.679862 -10.896447
v -29.095741 -5.850871 8.570778
v -29.002043 -4.036151 9.011018
v -29.064211 -3.977173 8.783724
v -29.117407 -5.712013 8.262213
v -29.846775 -7.687816 -3.215607
v -29.987410 -7.391449 -3.035792
v -29.849970 -7.309006 -4.475823
v -29.615891 -7.558907 -4.832880
v -2.752437 7.608072 7.381483
v 30.221113 -2.874873 -6.320487
v -23.124447 -7.797182 3.040452
v -23.097588 -7.922805 1.060310
v -19.105154 -7.955013 1.108535
v -19.143497 -7.924030 3.138871
v 30.130669 -4.673062 1.690117
v -30.073370 0.813882 -2.968516
v -30.089302 0.661557 -4.167948
v -30.033529 -0.484117 -4.553771
v 30.269453 1.173196 -2.498870
v 30.329237 2.638751 1.664325
v 3.148839 -1.691924 -11.039277
v -27.380672 -6.301812 -10.136909
v -27.821857 -6.251249 -9.773972
v -27.921146 -4.725955 -10.522393
v -27.475950 -4.650486 -10.717603
v 30.568306 -1.134422 0.315574
v -7.220669 -7.316178 -9.200830
v -10.842567 -7.337611 -9.246737
v -10.804212 -5.785791 -10.237098
v -7.185565 -5.744937 -10.144605
v -28.256626 -5.874683 -9.317747
v -28.435905 -5.648673 -9.036102
v -28.654747 -4.369904 -9.795137
v -28.759426 7.219913 -3.160093
v -28.491249 6.196867 -4.812004
v -28.558262 5.988496 -4.656709
v -28.912148 6.957295 -3.048072
v -29.761564 0.873813 0.176860
v -29.807493 0.750665 1.226994
v -29.675182 2.030548 1.180715
v -29.770412 2.182799 0.263157
v -29.572948 -7.069870 -5.868608
v -29.339170 -7.367413 -6.435485
v -28.348083 7.725511 -3.428385
v -28.177717 6.658826 -5.137722
v 30.640280 -2.885132 -4.939733
v -28.848301 -1.074362 -10.166459
v -29.761034 -3.043538 -3.546474
v 30.358145 1.116847 2.456826
v 30.216854 0.684778 3.499238
v -26.354300 -7.863894 -1.758840
v -27.932600 -7.740195 -1.765210
v -26.382595 -7.935785 -3.372058
v 30.393917 2.734815 0.941259
v -5.504532 9.934039 1.641498
v -4.196999 9.975924 1.707301
v -5.401393 9.673555 0.919063
v -27.612206 5.803692 -6.900177
v -26.109409 6.273243 -7.139254
v 30.562944 -4.052610 -3.691549
v 30.909981 -3.051626 -3.793485
v -27.612206 5.803692 -6.900177
v -27.970036 5.451139 -6.665286
v -26.109409 6.273243 -7.139254
v 30.285881 1.364786 -1.361388
v -28.078373 -6.106590 -9.529607
v -29.192200 7.910239 -0.206289
v -29.126202 7.670248 -1.488752
v -29.347855 7.178957 -1.493253
v -29.452564 7.376610 -0.255674
v 30.249212 0.165476 -3.023607
v -28.535288 8.202806 2.485014
v -27.904230 8.405645 2.518179
v -4.256813 -8.000845 -3.295915
v -4.236459 -7.992062 -5.358322
v -4.059197 2.627508 -10.593915
v -5.370519 2.609138 -10.654276
v -5.406347 4.512218 -9.675427
v -4.084860 4.549473 -9.646427
v -29.301277 5.776349 -2.824368
v -29.605019 6.260722 -1.435448
v -28.983253 6.512935 -2.945627
v -26.293121 8.714621 -0.205957
v -26.259804 8.587838 0.399322
v -22.967436 8.926525 0.374413
v -23.036938 9.247299 -0.256395
v 30.353798 1.343489 1.540096
v -23.194719 7.070495 -7.594421
v -23.118971 5.542181 -9.137778
v -22.853996 3.666455 -10.048619
v -29.301216 3.155873 -4.800863
v -29.335842 2.185661 -5.757013
v -29.888210 1.646801 -4.719900
v -29.743929 2.429236 -4.224187
v -29.192200 7.910239 -0.206289
v -29.126202 7.670248 -1.488752
v -23.148764 9.737195 -1.838508
v -26.293121 8.714621 -0.205957
v -23.036938 9.247299 -0.256395
v -27.970036 5.451139 -6.665286
v -27.893110 4.122861 -8.056751
v -29.402105 3.960264 -3.720006
v -29.625948 4.572930 -2.524761
v -28.875578 5.062435 -4.230215
v -28.384527 -7.256218 -8.533852
v -28.577757 -7.062493 -8.395371
v -10.932507 -7.997397 -1.658629
v -10.930328 -7.979015 -0.411275
v -15.009284 -7.976676 -0.481457
v -15.013847 -7.997938 -1.726367
v -26.311806 8.880420 0.744934
v -26.408688 9.124095 1.307917
v -26.408688 9.124095 1.307917
v -26.380276 8.740231 2.594957
v -28.912148 6.957295 -3.048072
v -28.250057 4.910362 -6.170136
v -28.221052 4.674930 -5.977610
v -28.519957 5.669295 -4.482446
v -28.558262 5.988496 -4.656709
v -26.439468 8.070075 4.388517
v -23.198065 8.476373 4.590356
v -23.165281 9.294651 2.723153
v -29.832287 -2.357882 6.498538
v -29.503309 -2.338745 7.969239
v -29.629919 -0.739877 7.974953
v -29.907133 -0.985675 6.456096
v -26.493113 7.064481 6.165803
v -23.224966 7.378247 6.398790
v -26.493113 7.064481 6.165803
v -26.465273 5.548511 7.600344
v -23.213326 5.873017 7.901935
v -23.224966 7.378247 6.398790
v -26.440794 3.795020 8.791001
v -23.198832 4.115211 9.112080
v -26.439598 2.048784 9.836386
v -23.217632 2.270887 10.086577
v -26.384245 0.044512 10.163339
v -23.225029 0.215657 10.434733
v -26.413475 -2.044274 10.248534
v -23.243402 -1.914585 10.488891
v -23.095903 -7.965903 -5.451287
v -23.102585 -7.991533 -3.415131
v -26.372601 -7.855834 -5.375199
v -26.519173 -4.124696 10.098662
v -23.290581 -4.030401 10.398386
v -19.091305 -7.968300 -0.545684
v -23.081827 -7.921443 -0.570293
v -26.566841 -6.071938 9.602125
v -23.312721 -6.020300 9.936098
v -29.751354 5.049217 -0.301368
v -29.730513 5.006553 0.488473
v -29.668409 6.373542 0.626377
v -29.651434 6.416197 -0.263429
v -26.530304 -7.407222 8.352768
v -23.282328 -7.424031 8.750558
v -30.061888 -7.545889 0.323967
v -30.066303 -7.470140 -0.855694
v -29.816141 -7.771024 -0.817655
v -29.615889 -7.645872 0.446375
v -23.093943 -7.959278 -1.775671
v -26.530304 -7.407222 8.352768
v -26.436344 -7.651106 6.554450
v -23.197481 -7.763840 6.938164
v -23.282328 -7.424031 8.750558
v -27.916910 -7.763511 -0.616356
v -28.607645 -7.712641 -1.768066
v -26.384903 -7.376300 4.746938
v -23.137651 -7.605910 4.999367
v -26.364035 -7.864650 0.992283
v -26.338083 -7.820173 -0.597402
v -4.265996 -7.994438 -1.629101
v -27.795324 -7.593462 -7.243452
v -26.297949 -7.663455 -7.393904
v -26.384329 -7.677014 2.913906
v 29.243904 6.948839 2.338961
v 29.018761 6.360262 3.599162
v -29.254414 7.867442 0.860518
v -29.511822 7.307194 0.747239
v -29.162834 -6.345499 -6.967218
v -29.038008 -5.273029 -7.801226
v -14.889193 -5.803109 -10.219887
v -14.932941 -7.363590 -9.290518
v -29.622684 -7.447362 5.661684
v -29.928068 -7.412053 5.394172
v -29.778053 -7.457493 3.768472
v -29.484079 -7.240126 3.979494
v -29.857765 3.470442 -1.267194
v -29.797438 3.548710 -0.373423
v -29.769823 4.937261 -1.313524
v -28.539204 -7.790119 -6.979771
v -28.384527 -7.256218 -8.533852
v -28.110941 -7.340201 -8.692330
v -28.268986 -7.684067 -7.059313
v -29.696615 -5.564482 -2.254495
v -29.763531 -5.288428 -3.346025
v -4.096414 -3.653322 -10.545673
v -4.065485 -1.564040 -11.016621
v -27.911282 -2.885408 -10.738606
v -27.478054 -2.776016 -10.668532
v -23.057646 -7.850521 -7.527424
v -25.933718 -2.589636 -10.886489
v -25.975636 -4.521132 -11.023617
v 29.313307 7.299047 -0.217344
v 29.170689 7.285347 1.230493
v 29.361652 7.127228 1.271576
v 29.522490 7.120086 -0.157639
v -26.197796 -7.405642 -9.195634
v -23.000185 -7.403047 -9.313189
v -26.197796 -7.405642 -9.195634
v -26.037916 -6.260000 -10.452868
v -27.570127 -0.751581 -10.562791
v -30.249014 -6.841420 2.869769
v -29.975679 -6.439272 4.046280
v -25.971575 -0.557148 -10.838406
v -25.962975 1.376636 -10.495148
v -22.779720 1.758333 -10.821396
v -10.760229 -3.751466 -10.811513
v -10.732274 -1.821928 -11.477356
v -29.864763 -6.404190 1.385193
v -30.387486 -7.122996 1.553541
v -30.131102 -7.089058 4.858314
v -30.178368 -7.433311 3.406448
v -28.577757 -7.062493 -8.395371
v -28.786926 -7.749761 -6.924471
v -30.088923 -7.528890 1.832791
v -5.427057 -5.706908 -10.035378
v -22.807116 -4.270749 -11.194352
v -10.736017 0.118082 -11.822738
v -18.943073 4.076922 -10.583378
v -18.906979 1.933180 -11.609743
v -18.885431 -3.988255 -11.153191
v -19.250957 6.709668 -7.095049
v -19.062220 5.472857 -8.851823
v -29.538248 -7.972656 -0.743563
v -29.173460 -7.837773 0.774895
v -29.409790 -7.762861 0.627625
v -28.257114 3.771498 -7.677474
v -28.378145 2.189192 -8.693916
v -28.281490 3.589046 -7.491257
v -2.600113 10.323232 0.202282
v -4.263087 10.331526 -1.222586
v -4.172388 10.133951 0.120050
v 29.313307 7.299047 -0.217344
v 29.352037 7.054668 -2.099184
v -29.972982 -3.477544 4.865949
v -29.679579 -3.699407 6.257118
v -30.052197 -2.308426 5.065064
v 29.170689 7.285347 1.230493
v -29.151121 -7.897157 -5.149059
v -29.402235 -7.763142 -5.072312
v -28.378145 2.189192 -8.693916
v -28.708935 0.616105 -9.603725
v -29.430773 1.055930 -6.545394
v -29.931776 0.653795 -5.320238
v -27.633854 -7.378827 -8.963409
v -28.110941 -7.340201 -8.692330
v -29.036209 -7.572051 -6.772017
v -29.476164 -4.981787 -6.670594
v -29.363058 -5.898974 -5.945904
v -29.538248 -7.972656 -0.743563
v -29.909866 -7.750760 -1.842050
v -29.601282 -7.947557 -1.846153
v -27.633854 -7.378827 -8.963409
v -10.758007 2.272150 -10.818461
v -7.135393 2.556560 -10.754017
v -29.402235 -7.763142 -5.072312
v -7.257708 -7.883071 -7.465497
v -7.220669 -7.316178 -9.200830
v -5.461008 -7.304672 -9.170659
v -5.498356 -7.887108 -7.459767
v -29.602272 -7.859309 -3.322454
v -27.782885 -0.081522 9.843252
v -27.831499 -2.128698 9.975786
v -19.236021 -7.878601 7.291906
v -19.303291 -7.427192 9.102972
v -29.579765 -7.438890 2.058298
v -28.403824 -7.373835 2.600378
v -27.905973 -7.545799 2.776679
v -27.953547 -7.250565 4.560509
v -28.556849 -7.194008 4.378133
v -30.018957 0.905568 -1.721281
v -29.409790 -7.762861 0.627625
v -29.276108 -7.325609 2.265400
v -30.293682 -7.074697 0.254168
v -30.174095 -6.984633 -0.761721
v -28.712738 -7.380199 2.505939
v -29.012730 -7.376797 2.420772
v -19.098677 -7.990438 -1.776493
v -27.928822 -7.794811 0.925244
v 28.633715 -7.404512 -7.526747
v 28.777498 -6.354894 -8.819058
v -28.671293 -2.784752 -10.254083
v -2.591578 9.944746 1.739251
v -28.789520 8.407230 1.024500
v -28.996172 8.167768 0.959883
v -29.663424 -6.751480 6.784393
v -29.715725 -6.364793 6.051172
v -28.017866 -7.584680 6.312409
v -28.672785 -7.582979 6.119326
v -29.487896 -6.983792 7.208225
v -7.520752 -7.274968 9.189538
v -5.764987 -7.273483 9.185503
v -5.559867 -7.995176 -1.621915
v -5.550316 -7.998235 -3.289569
v -28.108414 -7.364014 8.081136
v -28.748575 -7.318371 7.836988
v 29.014065 3.947030 -6.930691
v 29.214331 5.305364 -5.551363
v 29.381365 5.216183 -5.464328
v 29.165335 3.821471 -6.831821
v -29.334572 -7.532616 5.799059
v -29.315178 -7.155910 7.434590
v -29.487896 -6.983792 7.208225
v -29.622684 -7.447362 5.661684
v -28.108414 -7.364014 8.081136
v -28.119967 -6.081171 9.353844
v -28.703220 -6.041089 9.065185
v -28.748575 -7.318371 7.836988
v -29.284166 -2.250044 8.713352
v -29.330923 -3.899937 7.569976
v -29.104918 -3.951894 8.406974
v -28.038612 -4.178745 9.852453
v -28.629829 -4.178395 9.497641
v -29.899574 1.105434 4.353091
v -29.942623 0.033410 4.773664
v -29.155327 -2.174500 8.945645
v -29.064211 -3.977173 8.783724
v -29.168499 -5.528509 7.743927
v -29.303982 -5.282809 6.916664
v -29.186361 -0.422345 8.777886
v -29.389692 -0.545832 8.624154
v -29.869551 -1.667701 -4.763499
v -29.560011 -4.911586 5.744154
v -28.480452 -2.190238 9.628802
v -28.404478 -0.201642 9.447802
v -7.520484 -1.602391 10.809757
v -5.766491 -1.584900 10.807068
v -29.704659 2.406193 3.234784
v -29.767326 3.602527 3.809531
v -29.592592 4.310816 2.657653
v -29.586611 2.946908 2.230012
v -7.337626 4.612281 9.562017
v -7.372315 2.579877 10.112686
v -5.743145 2.640565 10.254565
v -5.691823 4.650210 9.557238
v -29.706245 2.801231 7.512887
v -29.576351 1.177158 8.267853
v -29.456068 2.975923 7.787413
v -29.360735 1.295581 8.483491
v -27.934582 1.858704 9.529425
v -29.514446 4.533473 6.751175
v -29.642630 4.338737 6.542585
v -7.498140 0.516220 10.625050
v -5.754923 0.553063 10.713774
v -29.307348 6.943298 3.810905
v -29.539019 6.454830 3.584867
v -29.596783 5.596833 5.259037
v -29.432730 5.932020 5.454441
v -19.180899 -7.873327 5.229197
v -29.315178 -7.155910 7.434590
v -29.487896 -6.983792 7.208225
v -28.569553 1.675937 9.182452
v -28.013948 3.571530 8.545564
v -29.978964 -4.765140 2.062434
v -29.720928 -5.643329 1.644236
v -29.984154 -4.560622 3.270689
v -28.042789 5.295897 7.388920
v -29.222387 7.556876 2.196246
v -29.437737 7.031090 2.028514
v -28.062954 6.778063 5.998100
v -28.768883 6.474620 5.832579
v -29.856346 3.631509 5.786810
v -29.930937 2.693866 4.778339
v -29.549166 6.103582 1.785241
v -4.271715 -7.985775 -0.386529
v -28.768883 6.474620 5.832579
v -28.062954 6.778063 5.998100
v -28.013962 7.751321 4.274151
v -28.641466 7.504845 4.202344
v -29.604849 3.328003 1.198103
v -29.581297 4.782023 1.465042
v 28.385874 -7.558328 8.258280
v 28.110828 -6.916776 9.684145
v -29.618338 5.545384 3.198329
v -7.387547 6.457308 8.517648
v -5.665143 6.536066 8.620301
v -19.097387 -8.001108 -3.429472
v 28.721626 -5.511578 9.981503
v 28.564674 -5.537579 10.206763
v -29.779680 4.714193 4.583756
v -19.080355 9.072070 0.373126
v -19.151463 9.401335 -0.166424
v -29.822042 -4.940434 -4.397968
v -29.763815 -4.735085 -5.449121
v -29.599133 -5.450786 -5.131243
v -29.904705 -6.592278 0.267628
v -29.730398 -5.751543 0.493694
v -29.718084 -5.778917 -0.494374
v -29.882734 -6.630635 -0.678300
v -19.136608 9.434547 1.245718
v -19.181038 9.430092 2.754991
v -15.084445 9.420236 2.846675
v -15.044336 9.422454 1.322168
v -28.595402 4.136670 -5.567580
v -28.281490 3.589046 -7.491257
v -28.234087 3.357405 -7.230985
v 28.592039 5.173662 4.802206
v 28.347698 5.327628 4.904954
v 28.123888 4.126792 6.433471
v 28.346514 4.008567 6.298738
v 28.942459 -7.853976 -5.823377
v -29.646273 -5.845834 4.995659
v -28.803541 -2.206522 9.317144
v -28.999546 -2.176677 9.103254
v -28.870323 -4.118207 9.223612
v -28.214329 5.069163 -6.318852
v -28.250057 4.910362 -6.170136
v -28.619068 2.902829 -6.680340
v -2.536535 -5.664268 -9.890436
v -10.945251 -7.975368 1.258695
v -15.023290 -7.969407 1.186242
v 27.922464 7.655386 1.526543
v 28.199717 7.539846 2.005940
v -14.787028 0.239740 -11.750544
v -14.786426 -1.860292 -11.660880
v -7.185889 4.429303 -9.705268
v -7.235233 6.232247 -8.525602
v -5.450060 6.295373 -8.478063
v -28.708935 0.616105 -9.603725
v -19.064411 -7.926176 -7.583609
v -19.090080 -8.002862 -5.481258
v -14.812559 2.320768 -11.306858
v -30.136992 -2.236169 3.819298
v -30.100882 -2.149610 2.528968
v -30.090429 -3.481271 2.366211
v -30.102312 -3.450529 3.639623
v -29.790895 -3.937163 -4.664842
v -29.684637 -3.735162 -5.821132
v -29.841902 2.777131 -3.387254
v 29.175508 -4.746718 -9.441254
v 29.359077 -4.690400 -9.235597
v -2.505976 6.335612 -8.396133
v -4.133189 -5.680890 -9.955273
v -30.009890 -1.121182 5.032510
v -19.390327 8.308440 -5.692862
v -19.250957 6.709668 -7.095049
v -23.194719 7.070495 -7.594421
v -14.834366 -3.848082 -10.953403
v -29.854551 -4.549727 4.441540
v -2.570268 -7.290043 -9.126234
v -4.166710 -7.295568 -9.145298
v -7.317807 -7.996014 -1.622112
v -7.307945 -7.996836 -3.290741
v -10.803220 4.195069 -9.756899
v -14.881285 4.028018 -10.032499
v -19.151463 9.401335 -0.166424
v -19.261789 9.465291 -1.676967
v -4.117337 6.326979 -8.445650
v -10.867363 6.035123 -8.633103
v -14.932590 5.572581 -8.544050
v -14.985062 8.914938 0.462227
v -15.028784 9.134420 -0.061364
v -15.028784 9.134420 -0.061364
v -15.076604 9.607421 -1.627115
v -4.169231 7.720195 -7.012656
v -2.573965 7.723680 -6.974289
v -7.271330 7.788714 -7.089920
v -5.465382 7.749094 -7.031422
v -10.913462 7.692379 -7.258914
v -15.008054 7.343597 -7.324223
v 7.776466 9.429257 1.102949
v 7.744066 9.989074 0.598484
v 5.987977 9.976596 0.528357
v -10.856210 9.364013 -0.089343
v -10.978456 10.054518 -1.549197
v -4.249923 8.640811 -5.592708
v -4.169231 7.720195 -7.012656
v -7.271330 7.788714 -7.089920
v -10.913462 7.692379 -7.258914
v -15.008054 7.343597 -7.324223
v -15.046671 8.720785 -5.704911
v -7.253936 9.820121 0.004613
v -7.341483 10.217595 -1.367084
v -5.368376 8.733930 -5.643053
v -5.261362 9.053119 -5.265673
v -15.073097 9.436628 -3.732033
v -5.458412 9.606742 -4.893522
v -5.001175 9.359303 -5.083218
v -19.447853 8.907683 -3.732189
v -23.117552 9.431494 1.295476
v -5.578758 10.270370 -1.292073
v -5.470736 9.978412 0.055921
v 6.121873 9.864648 -3.978348
v 6.152855 9.557652 -4.519660
v -4.195647 9.821095 -3.163909
v 0.220761 9.789759 1.753682
v 3.041478 9.830410 1.852904
v -5.465382 7.749094 -7.031422
v -4.302742 9.879817 3.221365
v -4.338883 9.848687 3.908575
v -30.254450 -7.125905 -1.670499
v -29.843197 -6.596331 -1.457608
v -19.219688 6.086332 8.123282
v -19.219240 7.564040 6.567998
v 29.667212 6.123315 -3.748256
v -10.919242 9.576706 1.376012
v -10.989285 9.515761 2.992363
v -7.236091 9.830824 3.303080
v -7.280251 9.876782 1.543314
v 6.896897 9.236179 -4.753380
v 6.152855 9.557652 -4.519660
v 6.121873 9.864648 -3.978348
v -28.345097 6.390780 -4.972851
v -28.105421 5.224058 -6.476204
v -28.214329 5.069163 -6.318852
v -19.219240 7.564040 6.567998
v -19.204111 8.694719 4.746332
v -7.243927 8.895020 5.174716
v -19.224731 4.376188 9.402605
v 30.284782 0.247523 -1.801318
v -11.012188 8.744242 4.908751
v -15.105234 8.652630 4.793130
v -7.416979 7.903704 7.036668
v -5.664624 7.891816 7.175947
v -4.353745 8.582937 5.833351
v -4.441906 8.965241 5.598752
v -7.416979 7.903704 7.036668
v -5.664624 7.891816 7.175947
v -5.615546 8.737958 5.683650
v -29.694365 -5.736432 -1.303397
v -11.027378 7.663332 6.760166
v -15.120146 7.553081 6.628938
v -19.246410 2.466424 10.350442
v -19.264658 0.363758 10.728850
v -4.399168 6.489074 8.605049
v -4.370216 7.748826 7.244238
v -11.027378 7.663332 6.760166
v -10.915018 6.241990 8.346059
v -15.120146 7.553081 6.628938
v -15.089374 6.132092 8.227764
v -19.291918 -1.780811 10.846829
v -4.423111 4.736944 9.739914
v -10.687101 4.561578 9.700023
v -14.983014 4.487434 9.636632
v -19.318844 -3.920448 10.693959
v -4.451283 2.709983 10.437324
v -10.903277 2.625025 10.597377
v -15.091238 2.590823 10.638842
v -4.475200 0.584180 10.755111
v -11.101636 0.524956 10.959594
v -15.188453 0.474149 11.011029
v -19.303291 -7.427192 9.102972
v -19.328501 -5.944790 10.201381
v -4.486797 -1.568270 10.804651
v -11.134676 -1.625042 10.991257
v -15.218252 -1.682821 11.090287
v -7.319045 -7.983265 -0.377296
v -4.490664 -3.695521 10.555000
v -11.150353 -3.763224 10.712787
v -15.236660 -3.828434 10.825698
v -4.483704 -5.729451 10.041042
v -11.151502 -5.804681 10.186290
v -15.240455 -5.866855 10.282048
v 28.396219 -7.431971 -7.696375
v -4.472254 -7.287544 9.204688
v -7.520752 -7.274968 9.189538
v -11.129730 -7.342003 9.270738
v -15.216666 -7.400270 9.276741
v -4.447558 -7.794320 7.533014
v -4.472254 -7.287544 9.204688
v -11.129730 -7.342003 9.270738
v -11.086198 -7.839773 7.557884
v -15.216666 -7.400270 9.276741
v -15.163576 -7.903122 7.499083
v -4.393471 -7.939639 5.465136
v -11.040039 -7.959044 5.468277
v -15.115877 -7.975977 5.390993
v 26.630886 7.585825 1.313334
v 23.448975 8.323712 1.225155
v 23.411823 8.088786 1.432083
v -7.337776 -7.983456 1.288584
v -5.489012 9.988082 3.808725
v -5.602922 9.947188 3.118945
v -7.382520 -7.983263 3.342810
v -10.991726 -7.987154 3.319337
v -15.069043 -7.983235 3.243128
v -5.629326 -7.984980 3.338496
v -5.585362 -7.987442 1.285735
v -5.563516 -7.984940 -0.378457
v 28.381365 2.918497 7.937273
v 28.132307 3.066779 8.117222
v 28.316853 1.763535 9.545259
v 28.511732 1.624676 9.388938
v -29.754316 3.508748 0.348479
v -29.843380 2.222834 -0.502694
v -10.922873 -7.999575 -3.327667
v -15.006513 -8.000791 -3.390223
v -5.423558 9.116496 5.451205
v 19.511061 9.023517 1.400028
v 19.496315 8.765632 1.645745
v -7.288338 -7.981066 -5.354431
v -5.530014 -7.985698 -5.352729
v -10.906677 -7.984261 -5.390320
v -29.037933 -7.590596 5.936006
v -29.092941 -7.261557 7.624085
v -14.994992 -7.994124 -5.448794
v 0.198336 10.387836 0.330589
v -4.204177 -7.893713 -7.461031
v -10.878878 -7.892050 -7.502728
v -14.970448 -7.914589 -7.557125
v -4.166710 -7.295568 -9.145298
v -10.842567 -7.337611 -9.246737
v -14.932941 -7.363590 -9.290518
v -19.021387 -7.389936 -9.340960
v -4.053165 0.559308 -11.079933
v -29.885006 3.205832 -2.333931
v -30.040512 -7.418702 -1.804157
v 0.198336 10.387836 0.330589
v -29.777935 1.299386 3.331365
v -29.853344 1.978498 4.027614
v -4.152987 9.397852 5.335211
v -4.128667 9.669913 4.856513
v -4.027866 10.074292 5.751019
v -4.053853 9.854736 6.059193
v 30.461031 -4.222148 -2.554397
v -29.510231 -3.882483 -7.195436
v -29.117407 -5.712013 8.262213
v -29.399548 -2.673255 -7.438679
v -29.883501 -4.233622 -3.500972
v 28.347698 5.327628 4.904954
v -29.686058 1.717777 2.275777
v -29.888075 0.506265 2.463509
v -29.946001 0.190791 3.633686
v -29.566778 -2.651627 -6.006113
v -29.790697 -1.954205 -0.935935
v -29.992174 -2.059637 1.161620
v -29.814287 -2.000861 -0.003914
v -29.924406 -3.437365 -0.137546
v -30.034492 -3.470814 1.017349
v -29.674551 -2.820712 -4.791179
v -30.004885 2.003838 -2.580884
v -29.939995 2.180300 -1.454000
v 30.406288 -4.066303 3.366894
v -4.196999 9.975924 1.707301
v -5.504532 9.934039 1.641498
v -30.059053 1.728272 -3.681765
v 26.610218 7.522523 1.922396
v 28.387718 -5.562262 10.374893
v 28.849834 -3.703418 10.352784
v 30.722918 -3.632319 -0.109366
v 30.702974 -2.479557 0.069598
v 30.830690 -3.470902 -1.268731
v 30.943243 -3.265143 -2.585793
v 30.347988 -0.498908 3.665620
v -29.954718 -4.820569 -0.299805
v 28.492519 -7.687408 -0.876502
v -29.974337 -4.853698 0.789287
v 11.362142 9.436118 1.160833
v 11.353605 9.862772 0.703039
v -30.013350 -0.797093 2.561027
v -30.057035 -1.001775 3.815822
v -29.899059 -0.627304 1.228104
v -29.854454 0.912158 -0.665309
v -29.754387 -0.533724 0.088540
v -29.799940 -0.490845 -0.818809
v -19.088648 9.166477 0.697978
v -19.136608 9.434547 1.245718
v -15.044336 9.422454 1.322168
v -15.002726 9.114276 0.769617
v 28.132307 3.066779 8.117222
v 28.123888 4.126792 6.433471
v 23.517796 8.646801 0.935268
v 15.438822 9.281867 1.312113
v 15.420816 9.571707 0.882152
v 29.214331 5.305364 -5.551363
v 29.014065 3.947030 -6.930691
v 28.988569 5.535835 -5.716639
v -10.856210 9.364013 -0.089343
v -10.816332 9.177222 0.432020
v -7.166769 9.461233 0.507003
v -7.253936 9.820121 0.004613
v 23.381243 8.059184 2.067108
v 19.460266 8.467251 2.144861
v 15.444801 9.006604 1.574676
v 11.325640 9.403041 2.069489
v 11.359918 9.228759 1.455664
v 7.774566 9.358036 1.426899
v 7.722316 9.735946 2.030952
v 19.523046 9.222815 0.999809
v -5.517667 9.864882 -3.216389
v 28.316853 1.763535 9.545259
v 28.525400 -7.665443 -2.261223
v 28.934313 -7.868661 -3.975381
v 4.648137 9.879273 1.926479
v -23.020098 9.127919 0.725234
v -23.117552 9.431494 1.295476
v -5.371017 9.588710 0.547159
v 15.422836 8.962191 2.127209
v 28.908634 -1.730579 10.525971
v 28.959978 -7.501902 6.484339
v 28.897631 2.325089 -7.981746
v 28.968151 0.638268 -8.933287
v -29.079500 6.232847 5.689897
v 28.655834 -7.471606 6.555214
v 28.385874 -7.558328 8.258280
v 28.709591 -7.495229 4.834349
v -29.254414 7.867442 0.860518
v 28.897631 2.325089 -7.981746
v -28.924183 1.499675 8.857172
v -28.764290 -0.311157 9.106058
v -28.980257 -0.371077 8.899101
v -29.186361 -0.422345 8.777886
v -29.155327 -2.174500 8.945645
v 29.002438 -7.535730 4.758342
v 28.430676 -7.349189 3.180798
v 29.156389 -1.193910 -9.399724
v 28.702801 -7.374717 3.130529
v 29.318666 6.341286 -3.901361
v 29.214331 5.305364 -5.551363
v -28.982082 -5.960129 8.812977
v -29.360735 1.295581 8.483491
v -29.145235 1.378141 8.639390
v -29.239290 3.095422 7.952319
v -29.456068 2.975923 7.787413
v 29.486517 6.236868 -3.819099
v 28.436792 -7.682243 0.188764
v -29.092941 -7.261557 7.624085
v 29.564587 6.904187 -2.014213
v -28.716505 -0.982157 -10.386104
v 28.772297 6.534916 3.626101
v 29.352037 7.054668 -2.099184
v -28.848301 -1.074362 -10.166459
v -28.898260 -7.231595 4.224207
v 28.777498 -6.354894 -8.819058
v 28.633715 -7.404512 -7.526747
v -29.276108 -7.325609 2.265400
v 4.755972 9.737207 -4.144969
v 4.787068 9.504590 -4.742207
v 4.016560 9.200256 -4.892177
v 3.960620 9.714895 -3.827867
v -29.207092 -7.227977 4.110775
v -29.484079 -7.240126 3.979494
v -28.116716 3.942356 -7.867721
v 28.123888 4.126792 6.433471
v -28.105421 5.224058 -6.476204
v 28.709591 -7.495229 4.834349
v 28.430676 -7.349189 3.180798
v 28.385874 -7.558328 8.258280
v 28.655834 -7.471606 6.555214
v 28.866524 -0.058408 10.246290
v 28.110828 -6.916776 9.684145
v 28.387718 -5.562262 10.374893
v 28.849834 -3.703418 10.352784
v 28.657066 0.093789 10.400718
v 28.908634 -1.730579 10.525971
v 28.657066 0.093789 10.400718
v 4.747047 -1.693698 -10.930881
v 29.318666 6.341286 -3.901361
v -5.764987 -7.273483 9.185503
v 28.968151 0.638268 -8.933287
v -29.036209 -7.572051 -6.772017
v -28.759310 -6.822402 -8.154000
v -28.759310 -6.822402 -8.154000
v -28.798727 8.007867 2.427305
v -28.994730 7.814590 2.324728
v -4.370216 7.748826 7.244238
v -28.890356 7.305357 4.106676
v -29.079500 6.232847 5.689897
v -29.378063 4.642122 6.865085
v -29.514446 4.533473 6.751175
v -29.261684 6.081916 5.566925
v -29.432730 5.932020 5.454441
v -29.261684 6.081916 5.566925
v -29.076143 7.143296 3.966390
v -29.307348 6.943298 3.810905
v -29.432730 5.932020 5.454441
v -29.222387 7.556876 2.196246
v -28.577560 7.451897 -3.300626
v 28.492519 -7.687408 -0.876502
v 29.046856 7.091144 2.305970
v 28.260437 -7.598164 1.570211
v 3.046959 10.192779 0.431318
v -5.440126 9.860043 -4.433428
v 4.560396 -7.997787 -5.396866
v 4.533378 -7.999727 -3.341524
v -5.134380 9.473166 5.459524
v -3.336108 9.701634 -3.891790
v -3.371161 9.121415 -4.948707
v 23.398855 -7.179298 -8.628050
v 4.846424 8.711649 -5.516630
v 4.992410 9.051800 -5.067299
v 5.931159 9.057971 -5.061291
v 4.652061 11.026531 -6.875978
v 5.083089 10.320682 -5.981014
v 4.324812 10.553882 -6.953648
v -4.251034 9.782970 -3.680087
v 3.946358 10.331354 -6.741645
v 4.663720 10.211886 -5.829578
v 4.446733 10.309511 -5.630289
v 3.769547 10.356150 -6.509838
v 4.755972 9.737207 -4.144969
v 5.174703 9.936650 -3.846504
v 5.133733 10.523197 -4.409026
v 4.830519 10.200130 -4.621482
v 5.704377 9.365241 -4.824437
v 5.736369 10.024469 -3.739764
v 4.865767 9.796025 -3.518838
v 5.174703 9.936650 -3.846504
v -4.035632 9.709158 -4.231867
v -4.470281 9.946328 -4.004461
v 4.839992 9.993792 -4.821338
v 4.787068 9.504590 -4.742207
v -5.396086 9.832347 -3.756079
v -5.046456 9.991025 -4.129417
v 5.174656 9.375875 -4.929615
v 4.787068 9.504590 -4.742207
v 4.839992 9.993792 -4.821338
v 5.078530 9.871896 -5.015820
v 5.704377 9.365241 -4.824437
v 5.514359 9.919076 -5.112896
v 4.446733 10.309511 -5.630289
v 4.448260 10.523062 -5.459377
v 3.576853 11.262810 -7.022541
v 3.707192 11.322617 -7.318884
v 2.502774 11.342036 -7.634689
v 2.434452 11.254988 -7.309309
v 5.736369 10.024469 -3.739764
v 5.554279 10.707691 -4.349250
v -4.475061 9.319223 -4.940122
v -4.067353 9.434750 -4.671973
v -4.343449 8.986441 -5.211865
v 3.769547 10.356150 -6.509838
v 3.799608 10.548393 -6.331380
v 5.168009 11.163055 -5.378526
v 4.676515 11.332905 -6.613709
v 4.486720 11.365337 -6.358172
v 3.622377 11.090437 -7.630457
v -0.336434 11.269741 -7.957756
v -0.373649 11.003996 -8.148324
v -1.633783 11.034315 -7.889547
v -1.599517 11.320550 -7.720451
v 0.760594 10.390148 -7.791397
v 1.873174 10.400592 -7.815860
v 1.815015 10.332446 -7.500826
v 0.756394 10.382240 -7.423200
v 1.815015 10.332446 -7.500826
v 2.850843 10.279044 -7.212086
v 2.917166 10.424845 -6.999494
v 1.894961 10.462621 -7.263310
v 1.015977 11.121181 -8.141414
v 2.387528 11.163987 -7.965564
v 2.094745 10.722840 -8.083256
v 0.854963 10.663560 -8.141579
v 3.286537 10.618706 -7.734921
v 0.756394 10.382240 -7.423200
v 0.821407 10.586039 -7.174184
v -2.407841 10.391890 -7.021016
v -1.432413 10.296730 -7.343618
v -1.334983 10.370695 -7.000991
v -2.271706 10.464057 -6.717430
v 1.092445 11.337948 -7.879985
v 1.084953 11.334180 -7.498434
v -0.392214 10.514432 -8.027162
v -3.565915 11.205400 -6.781841
v -3.602278 10.930001 -6.925406
v -4.339347 10.643714 -6.099164
v -4.304240 10.939365 -5.946246
v -1.334983 10.370695 -7.000991
v -0.309363 10.355585 -7.240584
v -0.275262 10.612552 -7.040756
v -1.309046 10.636523 -6.825270
v -2.731079 11.089086 -7.496140
v -1.568982 10.517176 -7.748740
v -2.609620 10.596678 -7.372700
v -2.271706 10.464057 -6.717430
v -2.243144 10.723997 -6.556615
v -1.507278 11.355686 -7.365492
v -2.694360 11.368939 -7.337515
v -2.560821 11.411049 -7.019886
v -3.427108 10.510827 -6.843198
v -3.575728 10.263327 -5.649827
v -3.001983 10.453653 -6.308497
v -2.973664 10.716512 -6.166083
v -3.543767 10.543834 -5.501005
v -4.107164 10.237705 -6.087683
v -4.944249 10.266926 -5.214087
v -4.661738 9.884563 -5.329790
v -4.024916 9.951654 -4.920554
v -3.987134 10.226418 -4.710774
v -3.396075 11.294839 -6.519485
v -4.087299 11.070292 -5.714428
v -4.922362 10.564150 -4.995409
v -4.665725 10.718781 -4.748340
v -4.266191 10.615204 -4.590598
v -4.470281 9.946328 -4.004461
v -4.035632 9.709158 -4.231867
v -5.046456 9.991025 -4.129417
v -5.001175 9.359303 -5.083218
v -5.458412 9.606742 -4.893522
v -4.475061 9.319223 -4.940122
v -4.263833 9.798641 -5.163331
v -3.778435 10.121861 -5.878587
v -3.761965 10.949337 -5.497563
v -3.146898 11.127541 -6.238119
v -4.024916 9.951654 -4.920554
v -4.067353 9.434750 -4.671973
v -3.171173 10.360506 -6.568048
v -2.371290 11.179767 -6.662775
v -1.385406 11.112915 -6.949268
v -3.575728 10.263327 -5.649827
v -0.268107 11.084579 -7.151632
v -0.296106 11.315629 -7.584397
v -3.001983 10.453653 -6.308497
v -0.355667 10.293774 -7.610727
v 0.971559 11.045405 -7.165133
v 2.163622 10.866110 -7.168219
v 3.231440 10.849693 -6.908695
v -0.309363 10.355585 -7.240584
v 2.969846 10.320065 -7.490551
v 4.111281 10.999070 -6.255870
v 4.761338 10.906772 -5.345737
v 2.850843 10.279044 -7.212086
v -5.440126 9.860043 -4.433428
v 5.174656 9.375875 -4.929615
v -4.067353 9.434750 -4.671973
v 15.420816 9.571707 0.882152
v 4.772516 6.197924 -8.235123
v 4.675764 10.052786 0.486510
v 0.234925 -7.306918 -9.145318
v -5.470736 9.978412 0.055921
v 4.943295 9.156602 5.541997
v 4.568608 9.249347 5.368774
v 5.573637 9.889844 4.384576
v 5.866379 9.891891 3.808320
v 5.951750 9.873911 1.979946
v 4.641956 -7.369750 -9.236126
v 3.041421 -7.351230 -9.209787
v 19.523046 9.222815 0.999809
v -5.461008 -7.304672 -9.170659
v 4.556920 9.506329 4.949289
v 4.441828 7.587241 7.268672
v -28.250057 4.910362 -6.170136
v 4.599926 -7.928488 -7.500756
v 4.641956 -7.369750 -9.236126
v 4.415930 -7.989396 3.305382
v 4.380213 -7.979322 5.472987
v 4.353020 -7.889969 7.590395
v 4.340604 -7.316386 9.298746
v 4.332075 -5.714492 10.145272
v 4.340604 -7.316386 9.298746
v 4.318448 -3.680899 10.687881
v 4.300211 -1.575423 11.035024
v 4.284886 0.548696 11.097226
v 4.294520 2.636044 10.811145
v 4.339237 4.579246 9.965925
v 4.401186 6.336896 8.794297
v 4.441828 7.587241 7.268672
v 4.648137 9.879273 1.926479
v 4.793396 7.663107 -6.850614
v 3.162267 7.671114 -6.885477
v 4.793396 7.663107 -6.850614
v 1.282031 11.115942 8.890470
v 2.470965 11.032105 8.572296
v 2.515079 11.158512 8.222266
v 1.324498 11.217724 8.589933
v -5.061179 10.692000 5.665458
v -5.568610 10.010245 4.636911
v -5.591322 9.752706 5.091475
v -5.086382 10.464458 5.968892
v 0.285697 7.794889 -6.958986
v 4.605021 9.564411 5.942014
v 4.830247 9.496399 6.139046
v 4.451411 9.779973 6.890486
v 4.246086 9.807543 6.664024
v 4.911935 10.036694 5.345132
v 4.998027 9.744781 4.574566
v 4.556920 9.506329 4.949289
v 4.597245 9.725247 5.682653
v 5.467409 9.221367 5.502840
v 5.587303 9.951802 5.788529
v 5.944780 9.500023 5.109078
v 5.952190 9.810336 4.571803
v 5.576020 10.222734 5.392110
v 4.998027 9.744781 4.574566
v 5.333906 10.286423 5.187243
v 4.936289 10.625625 6.008664
v 5.159866 10.593611 6.248214
v -4.569635 9.956413 4.472605
v -4.128667 9.669913 4.856513
v 4.556920 9.506329 4.949289
v 4.568608 9.249347 5.368774
v 4.597245 9.725247 5.682653
v 5.167392 10.322554 6.644533
v -5.159644 10.069621 4.433602
v 4.246037 9.954420 6.403819
v 4.943295 9.156602 5.541997
v 5.467409 9.221367 5.502840
v 5.255900 9.605235 6.158463
v 5.573637 9.889844 4.384576
v 4.850749 9.946526 6.966684
v 3.837320 10.034441 7.565221
v 3.665741 10.006032 7.316645
v 4.190172 10.282424 7.687345
v 4.488438 10.692405 7.400126
v 3.569804 10.936971 8.057178
v 3.603584 11.114916 7.669546
v 4.308672 10.875590 6.740448
v 4.498044 10.922036 7.003069
v 3.305464 10.505879 8.304346
v 2.923543 10.226872 7.620809
v 2.893330 10.129529 7.870297
v 2.002117 10.219633 8.254088
v 2.030112 10.307095 8.011451
v 3.462184 11.001651 7.392148
v 1.298138 11.091269 8.265291
v 0.128624 11.181403 8.433854
v 0.086209 11.325135 8.773463
v 3.021818 10.198811 8.138691
v 2.083567 10.311834 8.542982
v 2.274111 10.637279 8.752442
v 1.168675 10.721212 9.031262
v -2.335899 11.139508 8.750775
v -1.182858 11.273998 9.036865
v -1.141639 11.422789 8.745038
v -2.297138 11.315778 8.454023
v -2.132149 11.189914 8.135472
v -3.195128 11.144820 7.480024
v -3.399854 11.199618 7.778536
v 2.426074 11.031518 7.927011
v 0.043639 11.211131 9.063606
v 0.018678 10.774243 9.188560
v -4.392274 10.826964 7.087751
v -4.366728 11.068624 6.774423
v 0.087451 10.304581 8.579581
v 0.049371 10.412333 8.929736
v -0.981772 10.408758 8.911262
v -0.882637 10.308733 8.562467
v -1.119406 10.781562 9.168458
v -1.955782 10.283063 8.686046
v -1.803783 10.212754 8.354093
v -2.189087 10.632870 8.911035
v -4.757362 10.034140 6.298781
v -4.097882 10.322248 7.374465
v -1.031881 11.259677 8.411260
v -3.450006 10.271279 6.713249
v -3.473469 10.048590 7.021471
v -3.426288 10.974291 8.092474
v -3.193671 10.460612 8.313224
v -2.683264 10.117100 7.841833
v -2.875838 10.148297 8.147284
v -3.704485 10.042819 7.289037
v -4.124286 11.057975 6.513828
v -4.790433 10.720987 5.443172
v -4.351258 10.497413 5.420417
v -4.027866 10.074292 5.751019
v -4.128667 9.669913 4.856513
v -4.569635 9.956413 4.472605
v -5.159644 10.069621 4.433602
v -5.134380 9.473166 5.459524
v -4.581264 9.353747 5.518884
v -4.314237 9.818721 6.284872
v -3.734357 10.756341 6.429620
v -3.450006 10.271279 6.713249
v -2.874562 10.793438 7.325675
v -2.654104 10.307716 7.542962
v -1.903515 10.809671 7.915328
v -1.767240 10.364344 8.065391
v -0.905224 10.861287 8.157191
v -0.847320 10.435874 8.275568
v -2.654104 10.307716 7.542962
v 0.143246 10.820934 8.175123
v 0.120049 10.420438 8.290951
v 1.195833 10.753654 8.050972
v 1.088200 10.383882 8.178926
v -0.847320 10.435874 8.275568
v -1.767240 10.364344 8.065391
v 1.085666 10.382600 8.791394
v 2.213924 10.644644 7.859788
v 2.030112 10.307095 8.011451
v 0.120049 10.420438 8.290951
v 3.170290 10.576605 7.408870
v 2.923543 10.226872 7.620809
v 1.059341 10.279617 8.458603
v 1.088200 10.383882 8.178926
v 3.959336 10.476032 6.801088
v 3.682047 10.122424 7.059519
v 4.542613 10.302506 6.108802
v 4.246037 9.954420 6.403819
v 3.682047 10.122424 7.059519
v -4.581264 9.353747 5.518884
v -4.152987 9.397852 5.335211
vn 0.4516 0.4448 -0.7735
vn 0.3752 0.3111 -0.8732
vn 0.1223 0.2841 -0.9510
vn 0.1726 0.4927 -0.8529
vn 0.1015 0.4876 -0.8672
vn 0.1057 0.6310 -0.7685
vn 0.1857 0.6044 -0.7747
vn 0.9861 0.1087 -0.1253
vn 0.9421 0.2670 -0.2027
vn 0.9489 0.3026 -0.0897
vn 0.9900 0.1218 -0.0715
vn 0.0873 0.8050 -0.5868
vn 0.1946 0.7681 -0.6100
vn 0.1328 0.9867 -0.0933
vn 0.1418 0.9167 0.3736
vn 0.1047 0.9322 0.3465
vn 0.1605 0.9838 -0.0802
vn 0.0302 0.8094 0.5865
vn -0.0050 0.7458 0.6662
vn 0.0219 0.9872 0.1578
vn 0.0253 0.9992 -0.0298
vn 0.0107 -0.9891 -0.1467
vn 0.0069 -0.8465 -0.5323
vn 0.0451 -0.8746 -0.4827
vn 0.0343 -0.9868 -0.1580
vn 0.0795 0.9278 -0.3646
vn 0.1823 0.9134 -0.3640
vn 0.1946 0.7682 -0.6100
vn -0.0043 -0.4484 -0.8938
vn 0.0424 -0.4892 -0.8711
vn 0.0451 -0.8745 -0.4829
vn 0.0069 -0.8465 -0.5324
vn 0.1040 0.9683 -0.2270
vn 0.1641 0.9685 -0.1875
vn 0.9801 -0.1940 0.0431
vn 0.9715 -0.2184 0.0917
vn 0.9870 0.1113 0.1158
vn 0.9950 0.0874 0.0486
vn -0.0032 -0.7907 -0.6122
vn -0.0146 -0.3526 -0.9357
vn -0.0096 -0.3723 -0.9280
vn 0.0012 -0.7953 -0.6063
vn 0.2165 0.9272 0.3057
vn 0.1047 0.9846 0.1404
vn 0.1548 0.9823 0.1055
vn 0.1640 0.9590 0.2312
vn 0.5818 0.7961 0.1665
vn 0.5931 0.8043 -0.0372
vn 0.3209 0.9442 -0.0740
vn 0.2308 0.9434 0.2382
vn 0.6071 0.6409 0.4698
vn 0.4975 0.6960 0.5178
vn 0.3037 0.8193 0.4862
vn 0.3314 0.7698 0.5455
vn 0.1552 0.8589 0.4881
vn 0.1349 0.8058 0.5766
vn 0.4558 0.5186 0.7234
vn 0.5723 0.6349 0.5190
vn 0.2923 0.7020 0.6495
vn 0.1995 0.5048 0.8399
vn 0.1208 0.7158 0.6878
vn 0.9854 0.0021 0.1705
vn 0.9730 0.0950 0.2101
vn 0.9822 0.0532 0.1800
vn 0.9814 0.0022 0.1922
vn 0.0893 0.4728 0.8766
vn 0.3350 0.8949 0.2947
vn 0.2902 0.7033 0.6490
vn 0.1149 0.8517 0.5113
vn 0.1292 0.9532 0.2733
vn 0.9570 -0.1903 0.2188
vn 0.9792 0.0093 0.2025
vn 0.8653 0.0259 0.5006
vn 0.8490 -0.2100 0.4849
vn 0.0672 0.2485 0.9663
vn 0.1192 0.2229 0.9675
vn -0.2828 0.9135 0.2926
vn -0.1296 0.9887 0.0751
vn -0.0776 0.9956 0.0529
vn -0.1115 0.9615 0.2510
vn 0.0824 -0.9963 -0.0243
vn 0.0694 -0.9975 0.0143
vn 0.1476 -0.9890 -0.0143
vn 0.1009 -0.9947 -0.0186
vn 0.0893 0.1257 0.9880
vn 0.1288 0.0422 0.9908
vn -0.0142 0.1264 -0.9919
vn 0.0162 0.1053 -0.9943
vn 0.0223 0.3437 -0.9388
vn 0.0277 0.3705 -0.9284
vn 0.4150 -0.9053 -0.0906
vn 0.8954 -0.4441 -0.0318
vn 0.9087 -0.4141 -0.0528
vn 0.4131 -0.9048 -0.1036
vn 0.0799 -0.0552 0.9953
vn 0.1532 -0.0298 0.9878
vn 0.5952 -0.1415 0.7911
vn 0.6946 -0.1919 0.6933
vn 0.6530 0.0202 0.7571
vn 0.5747 0.0210 0.8181
vn 0.9464 0.1171 0.3012
vn 0.9528 -0.2149 0.2144
vn 0.9180 -0.2484 0.3091
vn 0.8692 -0.3094 0.3856
vn 0.0230 -0.2949 0.9553
vn 0.0927 -0.2476 0.9644
vn 0.6441 0.5401 0.5417
vn 0.3726 0.6611 0.6512
vn 0.3670 0.7347 0.5706
vn 0.6558 0.5604 0.5058
vn -0.0060 -0.6085 0.7935
vn 0.0053 -0.6873 0.7263
vn 0.7279 0.6692 -0.1493
vn 0.8095 0.5793 0.0953
vn 0.8999 0.0741 -0.4297
vn 0.8611 -0.0037 -0.5084
vn 0.0441 0.4715 0.8807
vn 0.0514 0.2997 0.9527
vn -0.5757 0.8037 0.1505
vn -0.2723 0.9518 0.1412
vn -0.2068 0.9780 -0.0291
vn -0.6034 0.7926 -0.0871
vn 0.0062 -0.9521 0.3058
vn 0.0439 -0.9766 0.2107
vn 0.1577 -0.7249 0.6705
vn 0.0207 -0.8937 0.4483
vn 0.0712 -0.9912 0.1117
vn 0.0718 -0.9961 0.0504
vn 0.0439 -0.9766 0.2106
vn 0.0062 -0.9521 0.3057
vn 0.0477 -0.9953 -0.0846
vn 0.0719 -0.9953 -0.0648
vn 0.0490 -0.9907 -0.1266
vn 0.0504 -0.9909 -0.1246
vn -0.1074 -0.9850 -0.1347
vn -0.1614 -0.9859 0.0432
vn -0.3598 -0.9330 0.0110
vn -0.2686 -0.9599 -0.0801
vn 0.0207 -0.8937 0.4482
vn 0.0371 -0.9886 0.1456
vn 0.0378 -0.0735 -0.9966
vn 0.0349 0.0934 -0.9950
vn 0.0947 0.0880 -0.9916
vn 0.0819 -0.0739 -0.9939
vn 0.0323 -0.9990 -0.0299
vn 0.0984 -0.9948 0.0261
vn 0.1589 -0.9872 0.0099
vn 0.0279 -0.9993 0.0249
vn 0.0182 -0.1010 0.9947
vn -0.0115 -0.3029 0.9530
vn 0.0192 -0.9994 -0.0278
vn 0.0084 -0.9999 -0.0112
vn 0.0008 -1.0000 -0.0005
vn 0.0030 -1.0000 -0.0030
vn 0.0030 -0.9998 0.0178
vn 0.0029 -1.0000 -0.0030
vn 0.0257 -0.9996 -0.0109
vn 0.1685 -0.9857 0.0038
vn 0.1333 -0.9911 0.0034
vn 0.3318 -0.9433 -0.0079
vn 0.2391 -0.9710 0.0041
vn 0.9942 0.0598 -0.0900
vn 0.9971 0.0428 -0.0633
vn 0.9997 0.0070 -0.0237
vn 0.9993 0.0109 -0.0367
vn 0.0234 0.8118 -0.5835
vn 0.0614 0.9086 -0.4132
vn -0.0004 -1.0000 0.0055
vn -0.0005 -1.0000 0.0057
vn -0.0015 -1.0000 0.0017
vn -0.0003 -1.0000 0.0023
vn 0.0453 -0.9972 0.0591
vn 0.6885 -0.7133 -0.1308
vn 0.6703 -0.7206 -0.1772
vn 0.4067 -0.9102 -0.0777
vn 0.3183 -0.9479 0.0115
vn 0.2131 0.0769 -0.9740
vn 0.0720 0.0596 -0.9956
vn 0.2131 -0.9665 -0.1429
vn 0.1431 -0.9863 -0.0823
vn 0.4582 -0.8868 0.0605
vn 0.4495 -0.8933 0.0006
vn 0.8793 0.4364 0.1909
vn 0.9781 0.0414 0.2041
vn 0.9443 -0.3132 0.1009
vn 0.9306 0.3403 0.1351
vn -0.2340 0.4626 -0.8551
vn -0.2668 0.5065 -0.8199
vn -0.4060 0.5549 -0.7261
vn -0.2877 0.5587 -0.7778
vn 0.0713 -0.9967 0.0397
vn 0.0492 -0.9987 0.0137
vn 0.0221 -0.9970 0.0737
vn -0.2602 -0.9642 0.0503
vn 0.1308 -0.9898 0.0566
vn -0.0805 -0.9958 0.0445
vn 0.0419 -0.9873 -0.1530
vn 0.0152 -0.9928 -0.1185
vn 0.9628 -0.2641 -0.0565
vn 0.9792 -0.1863 -0.0806
vn 0.9862 0.0414 -0.1603
vn 0.9916 -0.0807 -0.1011
vn 0.9978 -0.0227 0.0622
vn 0.9970 -0.0128 0.0759
vn 0.9882 -0.1105 0.1065
vn 0.9951 -0.0081 0.0984
vn 0.6958 -0.7114 0.0986
vn 0.7291 -0.6809 0.0689
vn -0.1082 -0.9893 -0.0975
vn -0.1522 -0.9840 0.0928
vn 0.3309 0.0024 -0.9437
vn 0.4154 -0.1942 -0.8887
vn 0.2155 -0.1209 -0.9690
vn 0.1224 0.0118 -0.9924
vn 0.0267 0.1328 -0.9908
vn 0.0785 0.0994 -0.9919
vn 0.0782 0.2621 -0.9619
vn 0.3240 -0.9455 -0.0328
vn 0.8903 -0.4551 -0.0146
vn 0.4379 -0.8975 0.0517
vn 0.1039 0.0581 -0.9929
vn 0.8062 -0.5704 0.1570
vn 0.0082 -0.8441 0.5360
vn 0.0083 -0.9887 0.1499
vn 0.9928 0.0647 0.1011
vn 0.9964 -0.0231 0.0817
vn 0.9964 -0.0249 0.0814
vn 0.9932 0.0536 0.1035
vn -0.0013 -0.1847 0.9828
vn 0.0269 -0.1861 0.9822
vn 0.0245 -0.3712 0.9282
vn -0.0028 -0.3650 0.9310
vn 0.1440 -0.0698 -0.9871
vn -0.6813 0.4502 -0.5771
vn -0.5861 0.3463 -0.7325
vn -0.8717 0.2694 -0.4093
vn -0.9154 0.2971 -0.2715
vn 0.9780 -0.1899 0.0865
vn 0.9632 -0.2430 0.1151
vn 0.9061 -0.4131 0.0910
vn 0.9016 -0.4277 0.0653
vn -0.9441 0.3297 -0.0025
vn -0.9614 0.2747 0.0173
vn -0.9975 -0.0396 0.0580
vn -0.9902 -0.1306 0.0499
vn 0.8901 -0.4311 -0.1481
vn 0.8601 -0.5073 -0.0541
vn 0.3273 -0.9430 -0.0606
vn 0.4832 0.1317 -0.8656
vn -0.8753 -0.2480 -0.4152
vn -0.8649 -0.2590 -0.4299
vn -0.9158 -0.1567 -0.3698
vn -0.9065 -0.2206 -0.3600
vn 0.9614 -0.2486 -0.1177
vn 0.9684 -0.1908 -0.1606
vn 0.8588 -0.4514 -0.2423
vn 0.9212 -0.3088 -0.2368
vn 0.0792 -0.1556 -0.9846
vn 0.0709 -0.1215 -0.9901
vn 0.0685 -0.2534 -0.9649
vn 0.0504 -0.2675 -0.9622
vn 0.0411 -0.9212 -0.3869
vn 0.0591 -0.9169 -0.3947
vn 0.8951 0.0040 -0.4459
vn 0.8729 0.0801 -0.4813
vn 0.9326 0.0448 -0.3581
vn 0.9412 -0.0022 -0.3377
vn 0.8779 0.2341 -0.4176
vn 0.8194 0.2868 -0.4963
vn 0.8081 0.2991 -0.5074
vn 0.9004 0.2089 -0.3816
vn 0.9549 0.0129 -0.2965
vn 0.9552 -0.0090 -0.2959
vn 0.8360 0.2577 -0.4844
vn 0.8991 0.2070 -0.3856
vn 0.9410 -0.1160 -0.3180
vn 0.9123 -0.1504 -0.3810
vn 0.9588 -0.0898 -0.2695
vn -0.7916 -0.2598 -0.5530
vn -0.7050 -0.0979 -0.7025
vn -0.4225 -0.0680 -0.9038
vn -0.6554 -0.2767 -0.7028
vn 0.2362 -0.5796 -0.7799
vn 0.1102 -0.5819 -0.8057
vn 0.7939 -0.5908 -0.1438
vn 0.8890 -0.4390 -0.1303
vn 0.1729 -0.9074 -0.3831
vn -0.0743 -0.9903 -0.1176
vn 0.8660 -0.4205 -0.2705
vn 0.8607 -0.4076 -0.3051
vn 0.8726 -0.3854 -0.3001
vn 0.8229 -0.4999 -0.2700
vn 0.5667 0.6183 0.5446
vn 0.6008 0.7319 0.3216
vn 0.4734 0.8050 0.3575
vn 0.4764 0.7079 0.5215
vn 0.0591 -0.9169 -0.3948
vn 0.0411 -0.9212 -0.3870
vn 0.1705 -0.9843 -0.0464
vn 0.0616 -0.5435 -0.8372
vn 0.0477 -0.9017 -0.4298
vn -0.4080 0.5090 -0.7579
vn -0.1969 0.3429 -0.9185
vn -0.2929 0.3532 -0.8885
vn 0.7881 -0.5352 -0.3040
vn 0.8111 -0.4458 -0.3788
vn 0.9743 0.2079 0.0869
vn 0.9778 0.1425 0.1535
vn 0.9784 0.1248 0.1648
vn -0.0034 -0.9997 -0.0238
vn -0.0016 -0.9998 -0.0209
vn 0.2032 -0.9683 -0.1450
vn -0.1804 0.9820 -0.0550
vn -0.2735 0.8908 -0.3629
vn -0.4186 0.8204 -0.3896
vn -0.3047 0.9322 -0.1952
vn -0.0163 -0.1459 -0.9892
vn 0.0328 0.0716 -0.9969
vn 0.0339 0.1080 -0.9936
vn 0.0143 -0.0916 -0.9957
vn 0.6307 0.3037 -0.7141
vn 0.1934 -0.9770 -0.0895
vn -0.6141 0.7497 -0.2466
vn -0.7828 0.5837 -0.2158
vn -0.7706 0.6327 -0.0764
vn -0.7848 0.5796 -0.2196
vn -0.7646 0.6395 -0.0809
vn -0.9653 0.2341 -0.1157
vn -0.9618 0.2255 -0.1551
vn -0.9234 0.2601 -0.2823
vn -0.8812 0.3432 -0.3250
vn -0.0005 -1.0000 0.0018
vn -0.0004 -1.0000 0.0019
vn -0.0002 -1.0000 -0.0000
vn -0.0006 -1.0000 -0.0009
vn -0.0400 -0.9985 0.0376
vn -0.3587 -0.9295 0.0856
vn -0.1972 -0.9772 0.0782
vn 0.0497 -0.9986 0.0204
vn 0.3420 -0.9256 -0.1622
vn 0.9624 0.2715 -0.0110
vn 0.9784 0.2008 0.0492
vn 0.9935 0.0697 0.0901
vn 0.9920 0.1258 0.0124
vn -0.0094 -0.9955 -0.0942
vn -0.1082 -0.9939 -0.0212
vn 0.0407 -0.9978 0.0520
vn 0.9962 -0.0264 -0.0825
vn 0.9888 0.0765 -0.1285
vn -0.1121 0.8447 -0.5233
vn -0.3019 0.7986 -0.5207
vn -0.0757 0.9427 -0.3249
vn -0.4885 0.7091 -0.5084
vn 0.6985 0.7075 0.1078
vn 0.6048 0.7330 0.3115
vn 0.8467 0.4704 0.2488
vn 0.8936 0.4427 0.0748
vn 0.9285 0.3711 -0.0096
vn 0.7824 0.6228 -0.0010
vn 0.9785 0.1989 0.0549
vn 0.9847 0.1712 -0.0313
vn -0.0535 0.9785 -0.1994
vn -0.0550 0.9816 -0.1829
vn -0.0463 0.9339 -0.3546
vn -0.0512 0.9044 -0.4236
vn 0.1761 -0.9843 -0.0084
vn -0.0019 -1.0000 0.0084
vn -0.0048 -0.9999 0.0118
vn -0.0016 -1.0000 -0.0006
vn -0.0005 -1.0000 0.0058
vn -0.0035 -0.9996 0.0293
vn -0.0086 -0.9993 0.0364
vn 0.0766 0.1258 -0.9891
vn 0.0606 0.1076 -0.9923
vn 0.0383 -0.9967 -0.0712
vn 0.7007 -0.6193 0.3544
vn 0.1488 -0.9745 0.1680
vn 0.6643 -0.6785 0.3137
vn 0.9319 -0.3557 0.0711
vn 0.9850 -0.0050 0.1724
vn 0.0189 0.4647 -0.8853
vn 0.1245 0.4120 -0.9026
vn 0.1502 0.3561 -0.9223
vn 0.0860 0.3732 -0.9237
vn 0.9572 -0.1135 0.2661
vn -0.9783 -0.0045 0.2070
vn -0.9899 0.0561 0.1300
vn -1.0000 0.0054 0.0063
vn -0.9977 -0.0061 0.0674
vn -0.2738 -0.9604 0.0511
vn 0.2145 -0.9735 0.0799
vn 0.0004 -1.0000 0.0030
vn 0.0011 -1.0000 0.0005
vn -0.0003 -1.0000 0.0010
vn 0.1600 -0.9870 -0.0182
vn 0.0494 -0.9987 0.0087
vn -0.0001 -1.0000 0.0002
vn 0.0002 -1.0000 0.0027
vn 0.3638 -0.7291 0.5797
vn 0.1252 -0.9779 0.1674
vn 0.9140 0.3298 0.2365
vn 0.9684 0.1335 0.2108
vn 0.0326 0.2545 -0.9665
vn 0.0433 0.4880 -0.8717
vn 0.9760 -0.2010 0.0833
vn 0.9910 0.0480 0.1250
vn 0.9919 0.0585 0.1125
vn 0.9773 -0.1978 0.0764
vn 0.2025 0.9534 0.2235
vn 0.3574 0.9202 0.1597
vn 0.5870 0.5340 0.6085
vn 0.2086 0.7550 0.6216
vn 0.9960 0.0535 0.0721
vn 0.9933 0.0409 0.1080
vn 0.9671 0.1849 0.1749
vn 0.9755 0.1949 0.1025
vn 0.2509 -0.2290 0.9405
vn 0.9704 0.2179 0.1043
vn 0.9887 0.1210 0.0883
vn 0.9736 0.1341 0.1846
vn 0.9868 0.0339 0.1585
vn 0.9325 -0.3384 0.1259
vn 0.9043 -0.3869 0.1806
vn 0.8633 -0.3832 0.3284
vn 0.4469 -0.2600 0.8560
vn 0.3498 -0.0734 0.9340
vn 0.2295 -0.0395 0.9725
vn 0.3793 0.0038 0.9252
vn 0.2052 -0.0079 0.9787
vn 0.9413 -0.2655 -0.2086
vn 0.7779 0.4600 0.4282
vn 0.5264 0.6631 0.5322
vn 0.6732 0.5051 0.5401
vn 0.8567 0.3730 0.3562
vn 0.3006 0.2363 0.9240
vn 0.9410 -0.3077 0.1411
vn 0.8654 0.4488 0.2227
vn 0.9764 0.1762 0.1249
vn 0.9815 0.1357 0.1349
vn 0.7078 0.2849 0.6464
vn 0.8767 0.2573 0.4063
vn -0.9918 0.1018 -0.0773
vn -0.9451 0.3262 -0.0212
vn -0.9838 0.1705 -0.0557
vn -0.9803 0.1546 -0.1226
vn 0.5078 -0.7836 -0.3580
vn 0.9647 0.1939 0.1782
vn 0.9524 0.2519 0.1716
vn 0.5470 0.2579 0.7964
vn 0.6923 0.4789 0.5398
vn -0.0065 -0.5280 0.8492
vn -0.0000 -1.0000 0.0042
vn 0.7897 0.4350 -0.4325
vn 0.9294 0.2270 -0.2910
vn 0.0648 0.5216 0.8507
vn -0.0150 0.7351 0.6778
vn 0.0818 0.8382 0.5392
vn 0.9579 0.1842 0.2204
vn 0.7594 0.5310 0.3760
vn 0.9571 0.2854 -0.0497
vn 0.9830 0.1533 -0.1009
vn 0.9765 0.1005 -0.1908
vn 0.9737 0.2109 -0.0861
vn 0.2805 0.8581 0.4300
vn 0.9455 0.1727 0.2759
vn 0.7661 0.5086 0.3929
vn -0.2723 0.9518 0.1411
vn -0.0116 0.9864 -0.1640
vn 0.0744 0.9886 -0.1312
vn -0.2067 0.9780 -0.0290
vn 0.9942 0.0594 0.0893
vn 0.9991 0.0418 0.0102
vn 0.9985 0.0171 0.0521
vn 0.9969 0.0041 0.0790
vn 0.9383 0.1844 0.2925
vn -0.9941 -0.0346 -0.1027
vn -0.9764 0.1423 -0.1625
vn 0.6510 0.5387 0.5348
vn 0.0575 0.1672 0.9842
vn 0.0242 0.4133 -0.9103
vn 0.0169 0.4122 -0.9109
vn 0.0880 0.1159 -0.9894
vn -0.0046 0.1175 -0.9931
vn 0.9919 0.0655 -0.1092
vn 0.9994 0.0071 -0.0339
vn 0.9928 0.1153 -0.0322
vn 0.9870 0.1064 -0.1203
vn 0.9468 0.1668 0.2754
vn 0.7494 0.4723 0.4641
vn 0.0269 0.6798 -0.7329
vn 0.6247 0.0059 -0.7808
vn 0.6755 -0.2134 -0.7058
vn 0.0295 -0.9994 -0.0171
vn 0.9769 0.1329 -0.1674
vn 0.9994 -0.0071 -0.0341
vn 0.9981 0.0249 -0.0565
vn 0.9987 0.0273 -0.0435
vn 0.9990 -0.0225 -0.0390
vn 0.9661 0.1771 0.1879
vn 0.9570 0.1479 -0.2496
vn 0.9440 0.1658 -0.2852
vn 0.1455 0.9323 0.3312
vn 0.0617 0.7213 0.6899
vn 0.0141 0.9467 0.3217
vn 0.0137 0.8874 0.4608
vn 0.4942 0.6559 0.5706
vn 0.3373 0.9222 -0.1890
vn 0.4082 0.8350 -0.3689
vn 0.9869 0.0155 0.1609
vn 0.4243 -0.5950 -0.6826
vn 0.0270 -0.9996 0.0113
vn 0.8027 0.5801 -0.1385
vn 0.5947 0.7830 -0.1826
vn 0.8001 0.0093 -0.5998
vn 0.7732 0.1091 -0.6247
vn 0.1046 0.9322 0.3465
vn 0.0071 0.6354 0.7721
vn -0.1237 0.7594 0.6388
vn 0.2308 0.9434 0.2383
vn 0.6248 0.0059 -0.7808
vn 0.6614 0.1335 -0.7381
vn -0.1526 -0.9883 0.0003
vn -0.1615 -0.9865 -0.0278
vn -0.2774 -0.9541 0.1131
vn -0.0450 -0.9947 0.0928
vn 0.9980 0.0576 -0.0249
vn 0.9709 -0.2394 -0.0036
vn 0.0033 -0.9871 -0.1603
vn 0.0012 -0.7953 -0.6062
vn -0.0069 -0.8156 -0.5786
vn 0.0027 -0.9886 -0.1508
vn 0.1536 -0.9881 -0.0015
vn 0.0157 -0.9945 0.1033
vn 0.1765 -0.9732 0.1477
vn 0.3487 -0.9370 0.0198
vn 0.9986 0.0302 0.0432
vn -0.0250 -0.4070 -0.9131
vn -0.0070 -0.8155 -0.5786
vn 0.6649 0.6672 -0.3358
vn 0.1008 0.8503 0.5165
vn 0.0791 0.7968 0.5990
vn 0.8565 -0.3534 0.3763
vn 0.7247 -0.5148 0.4581
vn 0.5036 -0.8165 0.2824
vn 0.7091 0.5225 -0.4734
vn 0.4521 0.6850 -0.5713
vn -0.1298 0.1554 -0.9793
vn -0.4319 0.1442 -0.8903
vn 0.9737 0.1307 -0.1867
vn 0.4599 0.5315 -0.7113
vn 0.4521 0.6849 -0.5714
vn 0.6954 0.3567 -0.6239
vn 0.7122 0.3980 -0.5782
vn -0.0840 0.9168 0.3904
vn -0.0234 0.9876 -0.1552
vn -0.0026 0.9978 0.0657
vn -0.0613 0.8149 0.5763
vn 0.9450 0.1476 -0.2917
vn -0.6754 0.3281 0.6604
vn -0.5347 0.4095 0.7392
vn -0.5225 0.5282 0.6694
vn -0.6703 0.4587 0.5833
vn -0.9669 -0.0567 -0.2488
vn -0.9331 -0.0824 -0.3502
vn -0.9098 -0.2239 -0.3495
vn -0.9501 -0.1597 -0.2679
vn 0.9976 0.0560 -0.0405
vn -0.3565 -0.9339 -0.0254
vn -0.4573 -0.8854 -0.0831
vn 0.0352 -0.9987 -0.0366
vn 0.1357 -0.9902 -0.0345
vn -0.9589 0.0550 -0.2784
vn -0.9651 0.0461 -0.2576
vn 0.7667 0.2857 -0.5748
vn 0.7748 0.3183 -0.5462
vn 0.9730 -0.1132 -0.2013
vn 0.9664 -0.2195 -0.1338
vn -0.8632 -0.1049 -0.4939
vn -0.8637 -0.2467 -0.4395
vn 0.9705 0.0261 -0.2397
vn 0.0780 -0.9955 0.0530
vn 0.3806 -0.9243 -0.0292
vn 0.0164 -0.1347 -0.9908
vn -0.0236 -0.1563 -0.9874
vn -0.0173 -0.2441 -0.9696
vn 0.0212 -0.2536 -0.9671
vn -0.9790 -0.0301 -0.2017
vn -0.9851 -0.1121 -0.1301
vn -0.9853 0.0156 -0.1701
vn -0.9512 0.1576 -0.2653
vn -0.6533 0.4599 0.6014
vn -0.4328 0.8986 0.0720
vn -0.2675 0.9411 0.2067
vn -0.3320 0.6920 0.6410
vn -0.0289 -0.3435 -0.9387
vn -0.0184 -0.2150 -0.9764
vn -0.0434 -0.3393 -0.9397
vn -0.0161 -0.1617 -0.9867
vn -0.0213 -0.1645 -0.9861
vn 0.0219 -0.9996 -0.0165
vn 0.0065 0.1941 -0.9810
vn 0.0642 0.2552 -0.9648
vn 0.0230 0.5015 -0.8648
vn 0.0427 0.4931 -0.8689
vn 0.0133 -0.0168 -0.9998
vn 0.0982 0.2083 -0.9731
vn 0.0436 0.4852 -0.8733
vn 0.0323 0.9100 0.4132
vn 0.0373 0.8736 0.4853
vn 0.0442 0.8875 0.4587
vn -0.0287 -0.3415 -0.9395
vn -0.0120 -0.1814 -0.9833
vn -0.0207 0.4875 -0.8729
vn 0.0460 0.3247 -0.9447
vn 0.0519 0.4285 -0.9020
vn 0.9963 0.0850 0.0128
vn 0.9928 0.1200 -0.0002
vn 0.9997 -0.0070 -0.0239
vn 0.9998 -0.0097 -0.0163
vn 0.0304 0.6233 -0.7814
vn 0.0403 0.6102 -0.7912
vn 0.0009 -0.9998 -0.0184
vn 0.0012 -1.0000 0.0015
vn 0.9866 -0.0314 0.1604
vn -0.0201 0.6115 -0.7910
vn 0.0572 0.5757 -0.8157
vn -0.0302 0.2643 -0.9640
vn -0.0256 0.4762 -0.8789
vn 0.0995 0.5797 -0.8087
vn 0.0209 0.6662 -0.7455
vn 0.0027 0.7635 -0.6458
vn 0.0352 0.7762 -0.6295
vn 0.1105 0.7505 -0.6516
vn -0.0287 0.8663 -0.4987
vn -0.0475 0.9686 -0.2439
vn -0.0374 0.9709 -0.2367
vn -0.0053 0.8508 -0.5254
vn -0.9976 -0.0576 0.0377
vn -0.9944 -0.0569 0.0895
vn -0.9976 -0.0687 0.0119
vn -0.9936 -0.1105 -0.0214
vn 0.0818 0.7654 -0.6383
vn 0.0161 0.7721 -0.6353
vn 0.0085 0.8697 -0.4934
vn -0.0385 0.8471 -0.5300
vn 0.0238 0.7590 -0.6507
vn 0.0473 0.7846 -0.6182
vn 0.1046 0.8635 -0.4934
vn 0.0929 0.8896 -0.4471
vn 0.1112 0.8855 -0.4512
vn 0.0818 0.7655 -0.6383
vn 0.0071 0.9355 -0.3533
vn -0.0217 0.9496 -0.3126
vn 0.0026 0.9887 -0.1501
vn 0.0402 0.9980 -0.0483
vn 0.0221 0.9992 -0.0322
vn 0.0260 0.9916 -0.1268
vn -0.0531 0.8194 -0.5707
vn -0.1074 0.9712 -0.2125
vn 0.1035 0.9564 -0.2731
vn 0.0931 0.9500 -0.2981
vn 0.1091 0.9504 -0.2911
vn 0.0959 0.9555 -0.2790
vn 0.0023 0.7797 -0.6262
vn 0.0362 0.8528 -0.5210
vn 0.0078 0.9953 -0.0960
vn 0.0440 0.9962 -0.0754
vn 0.0413 0.9983 -0.0404
vn 0.0021 0.8833 0.4689
vn 0.0377 0.9151 0.4014
vn 0.0821 0.9939 -0.0734
vn 0.0969 0.9890 -0.1115
vn 0.1099 0.9867 -0.1195
vn 0.0199 0.9459 -0.3239
vn 0.0249 0.9964 -0.0808
vn -0.0153 0.9890 -0.1468
vn 0.0508 0.9503 -0.3070
vn 0.0160 0.9277 0.3731
vn 0.0295 0.9663 -0.2556
vn -0.0391 0.9953 -0.0884
vn 0.0340 -0.4756 -0.8790
vn 0.0119 -0.8099 -0.5864
vn -0.0037 -0.8522 -0.5232
vn 0.0171 -0.5110 -0.8594
vn 0.1179 0.9785 0.1690
vn 0.0788 0.9681 -0.2379
vn 0.0411 0.9671 -0.2511
vn 0.0166 0.9998 -0.0060
vn 0.9981 0.0593 0.0165
vn 0.9929 0.1092 0.0470
vn 0.1173 0.9843 0.1318
vn 0.1195 0.9700 0.2117
vn 0.0836 0.9747 0.2074
vn 0.0842 0.9861 -0.1434
vn 0.0980 0.9947 0.0297
vn 0.1079 0.9726 0.2059
vn 0.0485 0.9960 -0.0745
vn 0.0038 0.8703 0.4925
vn 0.0050 -1.0000 -0.0033
vn 0.0679 0.8642 0.4986
vn 0.1007 0.8499 0.5172
vn 0.0128 0.8430 0.5377
vn -0.0007 0.8383 0.5452
vn -0.1079 0.8522 0.5119
vn -0.0155 0.7995 0.6005
vn 0.0163 0.7765 0.6300
vn 0.0601 0.7618 0.6451
vn 0.0859 0.7732 0.6283
vn 0.0128 0.8430 0.5378
vn 0.0176 0.8286 0.5596
vn -0.0246 0.6581 0.7525
vn 0.0031 0.6722 0.7403
vn 0.0155 0.6759 0.7368
vn 0.0101 0.6610 0.7503
vn 0.0298 0.6457 0.7630
vn 0.0404 0.6463 0.7620
vn 0.0601 0.7617 0.6451
vn 0.0399 0.6895 0.7232
vn 0.0792 0.7968 0.5990
vn -0.0178 0.4437 0.8960
vn 0.0014 0.4627 0.8865
vn 0.0014 0.4829 0.8757
vn 0.0035 0.5126 0.8586
vn 0.0196 0.5395 0.8417
vn 0.0174 0.5057 0.8625
vn -0.0355 0.2357 0.9712
vn -0.0287 0.2514 0.9675
vn -0.0264 0.2852 0.9581
vn -0.0499 0.3110 0.9491
vn 0.0674 0.9929 0.0981
vn 0.2171 0.9518 -0.2167
vn -0.0169 0.3459 0.9381
vn 0.0302 0.3461 0.9377
vn -0.0400 0.4319 0.9011
vn -0.0379 0.0618 0.9974
vn -0.0452 0.0562 0.9974
vn -0.0547 0.0638 0.9965
vn -0.0780 0.0615 0.9950
vn -0.0614 0.0830 0.9947
vn 0.0038 0.1387 0.9903
vn -0.0371 0.2328 0.9718
vn -0.0265 -0.0686 0.9973
vn -0.0402 -0.0852 0.9956
vn -0.0637 -0.1023 0.9927
vn -0.0834 -0.1030 0.9912
vn -0.0804 -0.1142 0.9902
vn -0.1426 0.0972 -0.9850
vn -0.0559 0.0688 -0.9961
vn -0.0185 -0.1381 -0.9903
vn -0.0955 -0.0502 -0.9942
vn -0.0332 -0.1275 0.9913
vn -0.0264 0.0734 0.9970
vn -0.0135 -0.1937 0.9810
vn -0.0308 -0.2034 0.9786
vn -0.0547 -0.2203 0.9739
vn -0.0760 -0.2419 0.9673
vn -0.0728 -0.2679 0.9607
vn -0.0383 -0.2852 0.9577
vn -0.0135 -0.0534 0.9985
vn -0.0081 -0.3538 0.9353
vn -0.0233 -0.3564 0.9341
vn -0.0372 -0.3787 0.9248
vn -0.0505 -0.4068 0.9121
vn -0.0552 -0.4504 0.8911
vn -0.0341 -0.4858 0.8734
vn -0.0048 -0.1843 0.9829
vn -0.0077 -0.7575 0.6527
vn -0.0151 -0.7574 0.6528
vn -0.0203 -0.7673 0.6410
vn -0.0253 -0.7783 0.6274
vn -0.0283 -0.7980 0.6019
vn -0.0195 -0.8201 0.5718
vn 0.0082 -0.8441 0.5361
vn -0.0023 -0.3574 0.9340
vn -0.0078 -0.7576 0.6527
vn -0.0061 -0.9826 0.1855
vn -0.0062 -0.9828 0.1845
vn -0.0152 -0.7574 0.6528
vn -0.0075 -0.9838 0.1789
vn -0.0071 -0.9848 0.1734
vn -0.0064 -0.9865 0.1636
vn -0.0283 -0.7981 0.6019
vn -0.0043 -0.9882 0.1530
vn -0.0195 -0.8202 0.5718
vn -0.0084 -0.7644 0.6447
vn -0.0028 -0.9997 0.0252
vn -0.0021 -0.9998 0.0213
vn -0.0008 -0.9998 0.0190
vn -0.0000 -0.9999 0.0163
vn -0.0009 -0.9999 0.0152
vn -0.0084 -0.7645 0.6446
vn -0.0131 -0.9829 0.1838
vn -0.0004 -1.0000 0.0038
vn 0.0007 -1.0000 0.0006
vn 0.0007 -1.0000 -0.0000
vn 0.0007 -1.0000 0.0011
vn -0.0990 0.4594 0.8827
vn -0.2820 0.6991 0.6571
vn -0.0670 0.7355 0.6742
vn -0.0154 -0.9838 0.1787
vn 0.0102 -0.9844 0.1756
vn 0.0051 -0.9986 0.0532
vn -0.0111 -0.9984 0.0549
vn 0.0018 -1.0000 -0.0003
vn 0.0005 -1.0000 -0.0005
vn 0.0028 -1.0000 -0.0028
vn 0.0013 -1.0000 0.0032
vn 0.0015 -1.0000 0.0040
vn 0.0024 -1.0000 -0.0009
vn 0.0021 -1.0000 -0.0046
vn 0.0011 -1.0000 0.0002
vn 0.0043 -1.0000 -0.0026
vn 0.0015 -1.0000 0.0036
vn 0.0021 -1.0000 0.0001
vn 0.0009 -1.0000 0.0040
vn -0.0733 0.9036 0.4222
vn -0.1018 0.8946 0.4352
vn 0.0007 -1.0000 0.0044
vn 0.0018 -1.0000 0.0046
vn 0.0035 -0.9999 -0.0168
vn 0.0039 -0.9998 -0.0169
vn 0.0028 -0.9998 -0.0172
vn 0.0044 -0.9998 -0.0187
vn -0.0039 -0.9806 -0.1961
vn -0.0069 -0.9813 -0.1925
vn -0.0421 -0.9980 -0.0481
vn -0.0826 -0.9966 0.0056
vn -0.0058 -0.9833 -0.1820
vn 0.0008 -0.9861 -0.1663
vn 0.1252 -0.9779 0.1673
vn -0.0234 -0.7475 -0.6638
vn -0.0311 -0.7694 -0.6380
vn 0.0030 -0.7410 -0.6715
vn -0.9957 -0.0844 -0.0384
vn -0.9988 0.0442 -0.0196
vn -0.9997 0.0228 -0.0065
vn -0.9984 -0.0521 -0.0229
vn 0.1207 0.1428 -0.9824
vn 0.0554 -0.1011 -0.9933
vn -0.9769 0.0053 0.2136
vn -0.9190 -0.1251 0.3738
vn -0.8981 -0.0305 0.4387
vn -0.9622 -0.0442 0.2689
vn -0.8086 -0.5593 -0.1826
vn -0.7737 -0.6256 -0.1003
vn -0.9460 -0.3059 -0.1078
vn -0.9693 -0.1715 -0.1762
vn 0.9640 -0.0251 -0.2647
vn -0.0256 -0.9993 0.0287
vn -0.0408 -0.9962 0.0766
vn -0.0211 -0.9994 0.0270
vn -0.0106 -0.9999 0.0130
vn 0.9565 -0.2756 0.0952
vn -0.9957 -0.0627 -0.0684
vn -0.9995 0.0086 0.0310
vn -0.9968 0.0369 -0.0708
vn 0.9998 -0.0089 -0.0160
vn 0.9938 0.0054 0.1114
vn -0.0048 -0.1941 -0.9810
vn -0.2400 -0.1681 -0.9561
vn -0.3153 -0.5142 -0.7976
vn -0.5792 -0.4453 -0.6829
vn -0.4511 -0.2559 -0.8550
vn 0.9883 0.1251 0.0876
vn 0.0368 -0.3982 -0.9165
vn 0.0199 -0.7803 -0.6251
vn 0.0115 -0.7878 -0.6158
vn 0.0181 -0.4130 -0.9106
vn -0.8377 -0.2708 -0.4743
vn -0.9173 0.2628 -0.2993
vn -0.8472 0.4221 -0.3227
vn -0.9086 0.2550 -0.3308
vn -0.9733 0.0341 -0.2268
vn -0.9957 0.0203 0.0904
vn -0.9994 0.0108 0.0331
vn -0.9967 0.0747 -0.0312
vn -0.9967 0.0657 0.0472
vn -0.8900 -0.3516 -0.2903
vn -0.9700 -0.0821 -0.2287
vn -0.7648 0.4877 -0.4210
vn -0.6750 0.6405 -0.3663
vn 0.9729 -0.0708 -0.2203
vn -0.9242 0.0492 -0.3787
vn -0.9992 -0.0024 -0.0410
vn 0.9698 0.1467 0.1949
vn 0.9899 0.0873 0.1116
vn -0.0494 -0.9988 0.0043
vn -0.0467 -0.9984 0.0308
vn -0.0643 -0.9978 0.0159
vn 0.9997 -0.0221 0.0145
vn -0.0333 0.9587 -0.2826
vn -0.0198 0.9850 -0.1716
vn 0.0242 0.9918 -0.1252
vn -0.5090 0.6170 -0.6002
vn -0.3090 0.6986 -0.6454
vn 0.9815 -0.1535 -0.1141
vn 0.9413 -0.3314 -0.0646
vn -0.7794 0.4322 -0.4535
vn -0.5090 0.6171 -0.6001
vn 0.9998 -0.0015 -0.0205
vn -0.7339 -0.3486 -0.5830
vn -0.9414 0.3289 -0.0743
vn -0.8247 0.5587 -0.0883
vn -0.8467 0.4813 -0.2268
vn -0.9307 0.2972 -0.2130
vn 0.9901 0.1373 -0.0299
vn -0.5126 0.8092 0.2870
vn -0.2767 0.9026 0.3297
vn -0.0018 -1.0000 -0.0002
vn -0.0043 -0.9997 -0.0254
vn 0.0175 0.5046 -0.8632
vn 0.0253 0.3412 -0.9397
vn 0.0342 0.3504 -0.9360
vn 0.0087 0.5095 -0.8604
vn -0.9289 0.1924 -0.3165
vn -0.9127 0.2423 -0.3290
vn -0.9659 0.1951 -0.1701
vn -0.0777 0.9434 0.3224
vn -0.0138 0.9850 0.1718
vn 0.0619 0.9829 -0.1731
vn -0.0710 0.9968 -0.0372
vn 0.9995 0.0232 0.0202
vn -0.0996 0.7453 -0.6592
vn -0.1334 0.6361 -0.7600
vn -0.1697 0.4765 -0.8626
vn -0.9218 0.2974 -0.2487
vn -0.8892 0.3242 -0.3228
vn -0.8821 0.3275 -0.3385
vn -0.9436 0.2328 -0.2355
vn -0.8467 0.4814 -0.2268
vn -0.8246 0.5588 -0.0883
vn -0.0701 0.9974 -0.0165
vn -0.0139 0.9850 0.1718
vn -0.6324 0.5027 -0.5894
vn -0.8783 0.2902 -0.3800
vn -0.9193 0.2575 -0.2976
vn -0.9609 0.1743 -0.2149
vn -0.7782 -0.4206 -0.4664
vn -0.5332 -0.6920 -0.4867
vn -0.0009 -1.0000 0.0097
vn 0.0002 -1.0000 0.0081
vn -0.0007 -1.0000 0.0084
vn -0.0018 -0.9999 0.0109
vn -0.0943 0.9955 0.0032
vn 0.0324 0.9079 -0.4179
vn -0.1695 0.9369 0.3058
vn -0.9173 0.2627 -0.2992
vn -0.9734 0.0340 -0.2268
vn -0.9965 -0.0127 -0.0829
vn -0.9804 0.0898 -0.1754
vn -0.9530 0.1002 -0.2859
vn -0.0894 0.9649 0.2467
vn -0.1765 0.8900 0.4205
vn -0.0997 0.8914 0.4422
vn -0.9914 -0.0176 0.1294
vn -0.9797 -0.0896 0.1793
vn -0.9599 -0.1119 0.2570
vn -0.9663 -0.0414 0.2542
vn -0.1673 0.7773 0.6065
vn -0.0977 0.7846 0.6122
vn -0.0978 0.7846 0.6122
vn -0.1656 0.6193 0.7675
vn -0.1043 0.6389 0.7622
vn -0.1673 0.5213 0.8368
vn -0.1066 0.5213 0.8467
vn -0.1647 0.3276 0.9303
vn -0.0944 0.3244 0.9412
vn -0.1511 0.0995 0.9835
vn -0.0834 0.1028 0.9912
vn -0.1364 -0.0038 0.9906
vn -0.0821 -0.0087 0.9966
vn -0.0516 -0.9970 -0.0579
vn -0.0237 -0.9990 -0.0388
vn -0.0149 -0.9999 0.0032
vn -0.1242 -0.1459 0.9815
vn -0.0788 -0.1440 0.9864
vn -0.0185 -0.9998 0.0121
vn -0.0063 -0.9999 0.0130
vn -0.1149 -0.4709 0.8747
vn -0.0739 -0.4479 0.8910
vn -0.9883 0.1477 -0.0374
vn -0.9983 0.0565 0.0137
vn -0.9963 0.0222 0.0832
vn -0.9938 0.0987 0.0513
vn -0.0800 -0.8817 0.4650
vn -0.0553 -0.8608 0.5060
vn -0.3664 -0.9211 0.1319
vn -0.6568 -0.7540 0.0057
vn -0.8437 -0.5366 0.0123
vn -0.6349 -0.7700 0.0630
vn -0.0169 -0.9995 0.0262
vn -0.0553 -0.8608 0.5059
vn -0.0800 -0.8817 0.4649
vn -0.0437 -0.9990 0.0017
vn -0.0400 -0.9977 0.0550
vn -0.0561 -0.9984 -0.0081
vn 0.1604 -0.9870 -0.0105
vn -0.0591 -0.9982 -0.0022
vn -0.0498 -0.9987 0.0057
vn -0.0376 -0.9993 0.0012
vn -0.0416 -0.9984 0.0394
vn -0.0004 -1.0000 0.0054
vn -0.0294 -0.9925 -0.1185
vn -0.0490 -0.9910 -0.1244
vn -0.0655 -0.9905 0.1212
vn 0.4623 0.6733 0.5770
vn 0.5085 0.7994 0.3200
vn -0.9576 0.2852 0.0410
vn -0.8462 0.5298 0.0565
vn -0.9448 -0.1797 -0.2739
vn -0.9635 -0.0334 -0.2656
vn 0.0248 -0.4387 -0.8983
vn 0.0129 -0.7911 -0.6116
vn 0.1392 -0.9902 -0.0069
vn -0.4150 -0.9015 0.1230
vn -0.6281 -0.7535 0.1942
vn -0.0037 -0.9983 0.0587
vn -0.9919 0.1026 -0.0743
vn -0.9975 0.0689 0.0141
vn -0.9978 0.0302 0.0592
vn 0.0520 -0.9908 -0.1247
vn -0.0580 -0.9839 -0.1690
vn -0.5331 -0.6920 -0.4867
vn -0.3501 -0.8150 -0.4619
vn -0.9977 -0.0631 -0.0267
vn -0.9930 -0.1123 -0.0375
vn 0.0595 -0.2521 -0.9659
vn 0.0482 -0.1260 -0.9909
vn -0.1526 -0.0196 -0.9881
vn -0.0975 0.0327 -0.9947
vn -0.0272 -0.9888 -0.1465
vn -0.1457 0.0225 -0.9891
vn -0.1144 -0.1570 -0.9809
vn 0.6462 0.7632 -0.0064
vn 0.6774 0.7355 -0.0120
vn 0.6722 0.7270 0.1400
vn 0.5859 0.8003 0.1273
vn -0.0580 -0.8839 -0.4640
vn -0.0037 -0.8523 -0.5231
vn -0.0580 -0.8839 -0.4641
vn -0.0779 -0.5279 -0.8457
vn -0.1150 0.1253 -0.9854
vn -0.9541 0.2950 0.0524
vn -0.9802 0.1968 0.0213
vn -0.1719 0.3050 -0.9367
vn -0.1625 0.1082 -0.9808
vn -0.1881 0.3300 -0.9250
vn 0.0347 -0.3004 -0.9532
vn 0.0545 -0.2062 -0.9770
vn -0.9191 0.3931 -0.0249
vn -0.9988 0.0362 -0.0318
vn -0.7488 -0.6581 0.0785
vn -0.9705 -0.1995 0.1351
vn -0.4939 -0.8282 -0.2649
vn -0.7782 -0.4207 -0.4663
vn -0.5437 -0.8380 0.0464
vn 0.0539 -0.3839 -0.9218
vn -0.0233 -0.2312 -0.9726
vn 0.0589 0.1087 -0.9923
vn -0.0246 0.5758 -0.8172
vn -0.0637 0.3090 -0.9489
vn 0.0252 -0.3113 -0.9500
vn 0.0092 0.7323 -0.6809
vn 0.0153 0.7106 -0.7034
vn -0.3002 -0.9341 0.1932
vn -0.3855 -0.9192 0.0809
vn -0.0891 -0.9755 0.2012
vn -0.9988 0.0481 0.0027
vn -0.9457 0.2450 -0.2138
vn -0.9887 0.1497 -0.0107
vn -0.1018 0.8946 0.4351
vn -0.0733 0.9036 0.4221
vn -0.0510 0.9975 -0.0488
vn 0.6737 0.7158 -0.1839
vn -0.9935 -0.0369 0.1075
vn -0.9832 -0.1236 0.1343
vn -0.9700 -0.1478 0.1928
vn 0.6723 0.7269 0.1400
vn -0.5953 -0.7874 -0.1599
vn -0.1844 -0.9789 -0.0883
vn -0.9707 0.1909 -0.1460
vn -0.9052 0.2781 -0.3214
vn -0.9669 0.1374 -0.2151
vn -0.2330 -0.8538 -0.4656
vn -0.3501 -0.8149 -0.4619
vn -0.7588 -0.5714 -0.3126
vn -0.9812 -0.0591 -0.1840
vn -0.9658 -0.1630 -0.2017
vn -0.3566 -0.9339 -0.0254
vn -0.3856 -0.9191 0.0809
vn -0.7564 -0.6538 -0.0207
vn -0.2330 -0.8538 -0.4655
vn 0.0390 0.4252 -0.9043
vn 0.0255 0.3873 -0.9216
vn 0.0004 -0.9825 -0.1862
vn 0.0031 -0.9837 -0.1799
vn 0.0199 -0.7804 -0.6250
vn 0.0249 -0.7652 -0.6434
vn -0.4574 -0.8854 -0.0831
vn -0.3659 0.0931 0.9260
vn -0.3457 0.0182 0.9382
vn -0.0267 -0.9932 0.1131
vn -0.0316 -0.8321 0.5538
vn 0.0334 -0.9938 0.1061
vn -0.0110 -0.9985 -0.0530
vn -0.1073 -0.9840 0.1424
vn -0.1665 -0.9765 0.1364
vn -0.0817 -0.9961 -0.0332
vn -0.9953 -0.0028 0.0964
vn -0.0286 -0.9856 0.1669
vn -0.9789 0.2021 -0.0304
vn -0.9925 0.1050 -0.0625
vn -0.0959 -0.9827 0.1586
vn 0.0312 -0.9875 0.1542
vn -0.0045 -0.9999 0.0148
vn -0.1210 -0.9904 0.0669
vn 0.5078 -0.7835 -0.3580
vn 0.6608 -0.5268 -0.5346
vn -0.8631 -0.1049 -0.4940
vn 0.0485 0.9960 -0.0746
vn -0.7674 0.6367 0.0757
vn -0.7440 0.6609 0.0987
vn -0.9529 -0.1138 0.2812
vn -0.9707 0.1626 0.1771
vn -0.0345 -0.9993 -0.0150
vn -0.0435 -0.9988 -0.0205
vn -0.8877 -0.3476 0.3020
vn -0.0098 -0.7808 0.6247
vn 0.0184 -0.7862 0.6177
vn -0.0002 -1.0000 0.0052
vn -0.0019 -1.0000 -0.0021
vn -0.3246 -0.8407 0.4334
vn -0.1688 -0.8761 0.4517
vn 0.7234 0.3785 -0.5774
vn 0.7388 0.3740 -0.5606
vn 0.7176 0.5079 -0.4765
vn 0.6488 0.5601 -0.5151
vn -0.4150 -0.9015 0.1229
vn -0.2983 -0.9543 0.0188
vn -0.7511 -0.5748 0.3248
vn -0.8877 -0.3477 0.3020
vn -0.3247 -0.8406 0.4335
vn -0.1689 -0.8760 0.4518
vn -0.2848 -0.4598 0.8411
vn -0.5400 -0.4013 0.7398
vn -0.9747 -0.0843 0.2072
vn -0.9239 -0.0807 0.3741
vn -0.9661 -0.1309 0.2225
vn -0.3281 -0.1271 0.9360
vn -0.6085 -0.0863 0.7889
vn -0.9990 0.0440 0.0079
vn -0.9977 0.0309 -0.0595
vn -0.9622 -0.0442 0.2688
vn -0.8115 -0.0098 0.5842
vn -0.9808 0.0368 0.1914
vn -0.9781 0.0525 0.2014
vn -0.6530 0.0636 0.7547
vn -0.8535 0.0013 0.5210
vn -0.9879 -0.1356 -0.0754
vn -0.9859 -0.0618 0.1556
vn -0.6053 0.0748 0.7925
vn -0.6066 0.0401 0.7940
vn -0.0106 -0.0371 0.9993
vn 0.0250 -0.0347 0.9991
vn -0.9985 0.0398 -0.0366
vn -0.9926 0.0420 -0.1138
vn -0.9938 0.0425 -0.1030
vn -0.9980 0.0204 -0.0600
vn -0.0781 0.3987 0.9138
vn -0.0089 0.4189 0.9080
vn 0.0176 0.2665 0.9637
vn -0.0916 0.2583 0.9617
vn -0.8610 0.0801 0.5023
vn -0.9095 0.1794 0.3750
vn -0.6709 0.1551 0.7251
vn -0.7486 0.2837 0.5993
vn -0.3599 0.2906 0.8866
vn -0.8141 0.3644 0.4522
vn -0.9390 0.2318 0.2539
vn 0.0234 0.1356 0.9905
vn -0.0517 0.1278 0.9905
vn -0.8367 0.4514 0.3101
vn -0.8405 0.5055 0.1949
vn -0.9655 0.2532 0.0604
vn -0.9577 0.2504 0.1419
vn -0.0334 -0.9994 0.0109
vn -0.7511 -0.5747 0.3248
vn -0.5883 0.2084 0.7813
vn -0.3207 0.4906 0.8103
vn -0.9775 -0.2040 0.0542
vn -0.9805 -0.1957 0.0192
vn -0.9976 -0.0650 0.0242
vn -0.3065 0.5927 0.7448
vn -0.8499 0.5063 0.1462
vn -0.9645 0.2528 0.0770
vn -0.5392 0.6632 0.5191
vn -0.3119 0.7481 0.5858
vn -0.9920 0.1105 0.0616
vn -0.9973 0.0411 -0.0610
vn -0.9966 0.0663 0.0486
vn -0.0006 -1.0000 0.0023
vn -0.5183 0.7767 0.3579
vn -0.5392 0.6632 0.5190
vn -0.3118 0.7481 0.5857
vn -0.2934 0.8691 0.3982
vn -0.9977 0.0059 0.0674
vn -0.9961 0.0207 0.0858
vn 0.5546 -0.6359 0.5367
vn 0.2708 -0.9394 0.2103
vn -0.9964 0.0787 -0.0329
vn -0.0322 0.6124 0.7899
vn -0.0553 0.6257 0.7781
vn -0.0027 -1.0000 0.0026
vn 0.8145 -0.3506 0.4623
vn 0.7282 -0.3106 0.6110
vn -0.9944 0.1056 -0.0080
vn 0.0027 0.9453 0.3263
vn 0.0029 0.9993 0.0376
vn -0.9742 -0.1799 -0.1364
vn -0.9905 -0.1197 -0.0678
vn -0.9858 -0.1148 -0.1228
vn -0.9022 0.4302 -0.0302
vn -0.9032 0.4279 -0.0329
vn -0.9996 -0.0269 -0.0064
vn -0.9994 -0.0141 -0.0314
vn -0.0129 0.9744 -0.2244
vn -0.0024 0.9740 -0.2267
vn -0.0164 0.9803 0.1968
vn -0.0155 0.9818 0.1895
vn -0.8705 0.3301 -0.3651
vn -0.9798 0.1562 -0.1245
vn 0.5058 0.6813 0.5291
vn 0.4613 0.6086 0.6456
vn 0.6324 0.5146 0.5790
vn 0.7103 0.5534 0.4351
vn 0.3421 -0.9256 -0.1622
vn -0.9830 0.1547 0.0984
vn -0.7879 -0.0491 0.6139
vn -0.7345 0.0396 0.6775
vn -0.7585 0.0269 0.6511
vn -0.9965 -0.0127 -0.0830
vn -0.9422 0.2137 -0.2581
vn -0.8693 0.3455 -0.3535
vn 0.0157 -0.3520 -0.9359
vn -0.0035 -1.0000 0.0018
vn -0.0011 -1.0000 -0.0015
vn -0.1336 0.8601 0.4924
vn 0.1454 0.9323 0.3311
vn 0.0287 -0.1972 -0.9800
vn 0.0297 0.0888 -0.9956
vn -0.0060 0.5117 -0.8591
vn 0.0003 0.6116 -0.7912
vn 0.0076 0.6316 -0.7753
vn -0.9707 0.1909 -0.1461
vn -0.0038 -0.9865 -0.1638
vn -0.0042 -0.9997 -0.0227
vn 0.0577 0.3939 -0.9173
vn -0.9957 -0.0801 0.0457
vn -0.9996 0.0091 0.0268
vn -0.9985 0.0335 -0.0439
vn -0.9989 -0.0394 -0.0243
vn -0.9969 0.0523 -0.0583
vn -0.9929 0.0379 -0.1129
vn -0.9593 0.2264 -0.1688
vn 0.8414 -0.1856 -0.5076
vn 0.0141 0.6365 -0.7711
vn 0.0480 -0.3665 -0.9292
vn -0.9974 0.0358 0.0617
vn -0.0996 0.7454 -0.6592
vn -0.0142 0.8513 -0.5245
vn 0.0380 -0.3301 -0.9432
vn -0.9794 -0.1674 0.1133
vn 0.0199 -0.7505 -0.6605
vn -0.0001 -1.0000 0.0055
vn 0.0002 -1.0000 -0.0034
vn 0.0451 0.6067 -0.7937
vn 0.0012 0.5441 -0.8390
vn 0.0027 0.9453 0.3262
vn 0.0053 0.9999 -0.0161
vn 0.0143 0.6400 -0.7682
vn -0.0260 0.6011 -0.7988
vn -0.0206 0.6650 -0.7466
vn -0.0124 0.9995 -0.0297
vn -0.0201 0.9384 0.3450
vn -0.0201 0.9384 0.3449
vn -0.0598 0.9961 0.0653
vn 0.0252 0.7771 -0.6289
vn 0.0023 0.7796 -0.6263
vn 0.0233 0.7328 -0.6800
vn 0.0402 0.7574 -0.6518
vn -0.0254 0.7070 -0.7068
vn -0.0682 0.6955 -0.7153
vn 0.0039 0.8703 0.4926
vn 0.0034 0.8712 0.4910
vn 0.0021 0.8832 0.4689
vn -0.0808 0.9165 0.3917
vn -0.0736 0.9905 0.1159
vn 0.0528 0.7996 -0.5982
vn -0.0811 0.8554 -0.5115
vn -0.0856 0.9008 0.4258
vn -0.0484 0.9962 0.0721
vn 0.0846 0.6578 -0.7484
vn 0.0791 0.7716 -0.6312
vn -0.0837 0.9676 -0.2381
vn -0.3646 0.5950 -0.7163
vn -0.0255 0.2233 -0.9744
vn -0.0054 0.9608 -0.2774
vn -0.0626 0.9830 -0.1728
vn -0.0865 0.8954 0.4367
vn -0.0388 0.9992 0.0045
vn 0.5366 0.8435 -0.0252
vn 0.5249 0.5980 -0.6057
vn 0.0074 0.9838 -0.1791
vn 0.0249 0.9964 -0.0809
vn -0.0153 0.9890 -0.1469
vn 0.0402 0.7574 -0.6517
vn 0.1926 0.9808 0.0296
vn 0.0860 0.9938 0.0706
vn -0.9972 0.0740 -0.0115
vn -0.9155 0.4018 -0.0190
vn -0.0541 0.6666 0.7434
vn -0.0382 0.7935 0.6073
vn 0.7801 0.5441 -0.3088
vn -0.0550 0.9816 -0.1828
vn -0.0535 0.9785 -0.1993
vn -0.0600 0.9761 0.2088
vn -0.1336 0.9752 0.1763
vn 0.5365 0.8435 -0.0252
vn 0.2077 0.8124 -0.5449
vn -0.8633 0.3464 -0.3671
vn -0.8739 0.3311 -0.3559
vn -0.0382 0.7936 0.6073
vn -0.0289 0.8953 0.4446
vn -0.1595 0.8520 0.4986
vn -0.0716 0.5318 0.8438
vn 0.9903 0.1367 -0.0264
vn -0.0599 0.8945 0.4431
vn -0.0178 0.8976 0.4405
vn -0.0033 0.8058 0.5922
vn -0.0710 0.8067 0.5867
vn 0.0563 0.4433 0.8946
vn 0.0557 0.7416 0.6685
vn -0.0634 0.7363 0.6737
vn -0.0710 0.8067 0.5866
vn -0.0033 0.8058 0.5921
vn -0.9992 -0.0211 -0.0345
vn -0.0619 0.8064 0.5882
vn -0.0237 0.8026 0.5961
vn -0.0773 0.3195 0.9444
vn -0.0747 0.1095 0.9912
vn 0.0327 0.8101 0.5853
vn -0.0280 0.6361 0.7711
vn -0.0469 0.6711 0.7399
vn -0.0619 0.8063 0.5882
vn -0.0329 0.6872 0.7257
vn -0.0682 -0.0163 0.9975
vn -0.0780 0.4214 0.9035
vn 0.0073 0.4957 0.8685
vn -0.0370 0.5434 0.8386
vn -0.0519 -0.1575 0.9862
vn -0.0775 0.2449 0.9664
vn 0.0501 0.2915 0.9553
vn -0.0351 0.3157 0.9482
vn -0.0365 0.0943 0.9949
vn 0.0516 0.1107 0.9925
vn -0.0282 0.1053 0.9940
vn -0.0316 -0.8320 0.5539
vn -0.0400 -0.4247 0.9045
vn -0.0090 -0.0459 0.9989
vn 0.0415 -0.0445 0.9982
vn -0.0160 -0.0375 0.9992
vn -0.0013 -1.0000 0.0052
vn -0.0071 -0.1823 0.9832
vn 0.0379 -0.1884 0.9814
vn -0.0020 -0.1808 0.9835
vn -0.0098 -0.3615 0.9323
vn 0.0327 -0.3861 0.9219
vn 0.0021 -0.4054 0.9141
vn 0.1730 -0.9073 -0.3832
vn -0.0180 -0.7732 0.6339
vn 0.0253 -0.7923 0.6096
vn 0.0184 -0.7861 0.6178
vn 0.0002 -0.8071 0.5904
vn -0.0179 -0.7732 0.6339
vn -0.0231 -0.9832 0.1810
vn 0.0178 -0.9856 0.1683
vn 0.0002 -0.8072 0.5903
vn -0.0016 -0.9885 0.1510
vn -0.0157 -0.9988 0.0461
vn 0.0099 -0.9992 0.0375
vn -0.0066 -0.9998 0.0209
vn 0.1511 0.8447 0.5135
vn 0.0245 0.8477 0.5300
vn 0.1273 0.6646 0.7362
vn -0.0014 -1.0000 -0.0005
vn -0.0004 0.9986 -0.0530
vn -0.0140 0.9999 -0.0041
vn 0.0017 -1.0000 0.0058
vn 0.0006 -0.9999 0.0136
vn -0.0073 -1.0000 0.0049
vn -0.0040 -0.9999 0.0153
vn -0.0007 -1.0000 0.0034
vn -0.0022 -1.0000 -0.0002
vn 0.6605 0.5221 0.5397
vn 0.5759 0.6612 0.4809
vn 0.7396 0.5552 0.3804
vn 0.7452 0.4782 0.4648
vn -0.9952 0.0153 0.0970
vn -0.9943 0.0139 0.1060
vn 0.0009 -1.0000 -0.0028
vn 0.0002 -1.0000 -0.0002
vn -0.1729 0.4370 0.8827
vn 0.1055 0.8394 0.5332
vn 0.0936 0.7548 0.6492
vn -0.0032 -0.9996 -0.0263
vn -0.0003 -0.9996 -0.0265
vn 0.0025 -0.9997 -0.0250
vn -0.5284 -0.7548 0.3887
vn -0.1131 -0.9935 -0.0119
vn 0.0024 -0.9998 -0.0210
vn -0.0023 0.9042 0.4270
vn -0.0014 -0.9813 -0.1924
vn 0.0057 -0.9846 -0.1748
vn 0.0060 -0.9852 -0.1712
vn 0.0199 -0.7506 -0.6605
vn 0.0114 -0.7878 -0.6158
vn 0.0129 -0.7911 -0.6115
vn 0.0118 -0.8100 -0.5864
vn 0.0336 0.1022 -0.9942
vn -0.9870 0.1396 -0.0800
vn -0.8999 -0.4351 -0.0290
vn -0.0023 0.9043 0.4270
vn -0.9922 0.0217 -0.1224
vn -0.9937 0.0905 -0.0654
vn 0.6460 -0.7625 0.0365
vn 0.8470 -0.5017 0.1760
vn 0.6964 0.7155 0.0553
vn 0.9370 0.0234 -0.3484
vn 0.9477 -0.3178 -0.0291
vn -0.9803 -0.0503 -0.1912
vn -0.9769 0.0052 0.2136
vn -0.9842 -0.0490 -0.1700
vn -0.9995 -0.0008 -0.0312
vn -0.9944 0.1031 -0.0217
vn -0.9928 0.1158 -0.0295
vn -0.9951 0.0973 -0.0162
vn -0.9927 -0.0481 -0.1104
vn -0.9996 0.0076 0.0266
vn -0.9979 0.0041 -0.0647
vn -0.9939 0.0523 -0.0971
vn -0.9960 0.0513 -0.0726
vn -0.9968 0.0419 -0.0683
vn -0.9968 -0.0294 -0.0742
vn -0.9964 0.0442 0.0722
vn -0.9962 0.0870 0.0085
vn 0.9796 -0.1895 0.0664
vn 0.0242 0.9918 -0.1251
vn -0.9862 0.1417 -0.0855
vn 0.1046 0.9846 0.1404
vn 0.5939 -0.2787 0.7547
vn 0.5035 -0.1078 0.8573
vn 0.9735 -0.2177 0.0701
vn 0.9918 0.0441 0.1198
vn 0.9692 -0.2408 0.0520
vn 0.9740 -0.2266 -0.0000
vn 0.9927 0.0315 0.1165
vn -0.9928 -0.1120 -0.0426
vn -0.1130 -0.9928 -0.0409
vn -0.9882 -0.1525 -0.0159
vn 0.0093 0.7944 0.6073
vn 0.0377 0.9151 0.4015
vn -0.9961 0.0761 -0.0456
vn -0.9973 0.0719 0.0114
vn -0.9942 0.0602 -0.0892
vn -0.9931 -0.0182 0.1160
vn -0.9954 -0.0290 0.0915
vn -0.9993 0.0199 -0.0317
vn -0.0112 0.8926 -0.4508
vn 0.0038 0.9001 -0.4356
vn -0.0023 0.9739 -0.2268
vn -0.0129 0.9744 -0.2245
vn 0.7397 0.5552 0.3804
vn 0.7103 0.5533 0.4351
vn 0.0279 0.7771 0.6288
vn 0.0621 0.9479 0.3124
vn 0.7177 0.5079 -0.4764
vn -0.0856 0.9007 0.4258
vn -0.0736 0.9973 -0.0023
vn -0.0799 0.9891 0.1234
vn 0.1173 0.9843 0.1319
vn 0.0555 0.9037 0.4246
vn 0.0788 0.9681 -0.2380
vn 0.0842 0.9861 -0.1435
vn 0.0466 0.9861 0.1592
vn 0.0521 0.9889 -0.1389
vn 0.1095 0.9494 0.2945
vn 0.0097 0.9911 -0.1330
vn 0.7452 0.4781 0.4648
vn 0.1309 -0.9898 0.0567
vn -0.0804 -0.9958 0.0445
vn -0.0157 0.9762 -0.2162
vn -0.0460 0.8777 -0.4770
vn -0.0625 0.9829 -0.1729
vn -0.0777 0.9670 0.2428
vn 0.5368 0.0270 0.8433
vn 0.0191 -0.9986 0.0486
vn 0.7468 0.3337 -0.5752
vn 0.7190 0.2970 -0.6284
vn -0.6922 0.5741 0.4373
vn 0.0137 -0.9999 -0.0009
vn 0.2708 -0.9394 0.2102
vn 0.0117 -0.9994 -0.0319
vn 0.7469 0.3337 -0.5752
vn -0.7000 0.1466 0.6989
vn -0.7017 0.0649 0.7095
vn -0.8115 -0.0098 0.5843
vn -0.6533 0.0711 0.7537
vn -0.2436 -0.9699 0.0030
vn 0.0426 -0.9989 0.0187
vn -0.2919 -0.9533 0.0774
vn 0.6899 0.6355 -0.3466
vn -0.7588 -0.2852 0.5855
vn -0.6709 0.1552 0.7251
vn -0.6683 0.1481 0.7290
vn -0.7003 0.3037 0.6460
vn 0.6239 0.6893 -0.3682
vn -0.5285 -0.7547 0.3887
vn 0.6494 0.7387 -0.1803
vn -0.7715 0.0957 -0.6290
vn 0.0268 -0.9984 -0.0500
vn 0.5078 -0.7835 -0.3581
vn 0.6607 -0.5268 -0.5347
vn -0.0287 -0.9855 0.1670
vn -0.1747 0.9475 -0.2677
vn -0.5504 0.8338 -0.0435
vn -0.5184 0.4659 -0.7171
vn -0.1669 0.8134 -0.5573
vn 0.1391 -0.9903 -0.0069
vn -0.0524 -0.9972 -0.0527
vn -0.8084 0.4140 -0.4184
vn -0.8739 0.3312 -0.3560
vn 0.2709 -0.9394 0.2103
vn 0.6576 0.2904 0.6952
vn 0.5940 -0.2788 0.7546
vn 0.5035 -0.1078 0.8572
vn 0.6732 0.2791 0.6847
vn 0.5369 0.0270 0.8432
vn 0.0589 -0.1775 -0.9824
vn 0.7190 0.2970 -0.6283
vn -0.7588 -0.5714 -0.3125
vn -0.7545 0.6279 0.1911
vn -0.7009 0.6782 0.2210
vn 0.0327 0.8102 0.5853
vn -0.6945 0.6558 0.2959
vn -0.7223 0.4274 0.5437
vn -0.8140 0.3644 0.4523
vn -0.7360 0.5477 0.3980
vn -0.8367 0.4514 0.3102
vn -0.8367 0.4515 0.3101
vn -0.7360 0.5477 0.3979
vn -0.7401 0.6176 0.2661
vn -0.8405 0.5056 0.1949
vn -0.8173 0.4748 -0.3265
vn -0.1129 -0.9928 -0.0409
vn -0.0450 -0.9947 0.0927
vn 0.0442 0.8875 0.4586
vn -0.4424 0.8903 -0.1080
vn 0.0025 -0.9999 -0.0171
vn 0.0018 -1.0000 0.0001
vn -0.4406 -0.1123 0.8906
vn 0.1461 0.8133 -0.5633
vn 0.1479 0.9368 -0.3171
vn -0.0280 0.6695 -0.7422
vn -0.0113 0.7851 -0.6193
vn 0.0757 0.7096 -0.7006
vn 0.4936 -0.6091 -0.6207
vn 0.6988 0.1255 -0.7042
vn 0.4872 -0.6836 -0.5435
vn 0.0836 0.9965 -0.0076
vn -0.3329 -0.8744 0.3529
vn 0.1237 -0.9688 -0.2148
vn -0.0976 -0.9718 -0.2148
vn -0.6594 -0.7093 0.2491
vn -0.9032 0.2537 0.3462
vn -0.5504 0.8337 -0.0435
vn -0.3318 0.8253 0.4569
vn -0.5354 0.6196 0.5739
vn 0.2543 0.2754 -0.9271
vn 0.1077 0.8680 0.4847
vn -0.0915 0.9953 0.0320
vn 0.6125 0.7901 -0.0233
vn 0.1788 0.8485 0.4981
vn -0.9336 -0.3252 -0.1503
vn -0.0268 0.9983 0.0515
vn -0.2221 0.8796 0.4206
vn -0.3130 -0.6606 -0.6823
vn -0.1121 0.1917 -0.9750
vn 0.4461 -0.4732 -0.7597
vn -0.8551 0.0857 0.5113
vn -0.0889 0.8205 0.5646
vn -0.2478 0.8782 0.4092
vn 0.2114 0.9195 -0.3313
vn 0.0687 0.9717 -0.2259
vn 0.1505 0.8250 0.5447
vn 0.1078 0.8680 0.4847
vn 0.1036 0.7125 -0.6940
vn 0.3261 0.1577 -0.9321
vn 0.1723 0.7927 -0.5847
vn -0.7131 -0.0657 0.6979
vn -0.1612 0.9531 0.2563
vn 0.0352 0.9496 0.3116
vn 0.4764 0.8186 -0.3208
vn 0.4426 0.3166 -0.8390
vn -0.1132 0.8374 -0.5347
vn -0.0499 0.8677 -0.4946
vn -0.1120 0.2194 -0.9692
vn -0.2648 0.1345 -0.9549
vn 0.0374 -0.9438 0.3285
vn 0.0231 -0.9383 -0.3450
vn 0.0367 -0.8832 -0.4676
vn -0.0503 -0.9811 0.1870
vn -0.1039 -0.5351 0.8384
vn -0.0503 -0.9811 0.1871
vn -0.1085 -0.9681 0.2259
vn -0.3856 -0.3867 0.8377
vn 0.0221 -0.4365 -0.8994
vn 0.0320 0.4115 -0.9109
vn 0.1818 0.4840 -0.8560
vn 0.1397 -0.3277 -0.9344
vn 0.3520 -0.4470 -0.8224
vn 0.0470 -0.4180 0.9072
vn 0.1895 -0.8198 0.5404
vn -0.0815 -0.9898 -0.1169
vn -0.0845 -0.9885 -0.1253
vn 0.0951 -0.8398 0.5344
vn -0.0079 0.9190 0.3942
vn 0.0129 0.9428 -0.3332
vn -0.0934 -0.5832 -0.8069
vn -0.6847 0.6705 -0.2855
vn -0.5393 0.7355 -0.4102
vn -0.6559 0.0431 -0.7536
vn -0.7856 0.0044 -0.6187
vn 0.2265 -0.1742 0.9583
vn 0.0952 -0.8398 0.5345
vn 0.0975 -0.8817 0.4616
vn 0.1458 -0.2640 0.9535
vn -0.3346 -0.6337 -0.6975
vn -0.4458 0.1140 -0.8878
vn -0.2397 -0.6326 -0.7364
vn 0.3713 -0.1061 0.9224
vn 0.1895 -0.8197 0.5405
vn 0.0242 0.9874 0.1562
vn 0.0838 0.9819 0.1700
vn -0.2925 0.8159 -0.4987
vn -0.3889 -0.6637 -0.6389
vn 0.8169 0.0250 0.5763
vn 0.7024 -0.6583 0.2707
vn 0.4751 -0.7631 0.4381
vn 0.6319 -0.0237 0.7747
vn -0.4004 -0.6923 -0.6003
vn -0.2882 -0.5048 -0.8137
vn -0.7973 0.1453 -0.5859
vn 0.8795 0.1454 0.4532
vn 0.8906 -0.4525 -0.0461
vn -0.2021 0.9647 0.1689
vn -0.1132 0.9837 0.1397
vn -0.7521 0.6569 -0.0538
vn -0.3115 0.8582 0.4080
vn 0.6125 0.7901 -0.0234
vn 0.3323 0.6909 0.6421
vn 0.1788 0.8484 0.4982
vn -0.2221 0.8796 0.4207
vn -0.3647 0.5950 -0.7163
vn 0.4045 -0.7469 -0.5277
vn 0.3262 0.1578 -0.9321
vn 0.2268 -0.9520 -0.2058
vn 0.4293 0.7311 0.5303
vn 0.3645 0.7106 0.6018
vn 0.8848 -0.3081 -0.3495
vn 0.8905 -0.4526 -0.0461
vn 0.0628 -0.9859 -0.1553
vn 0.2889 0.6588 0.6947
vn 0.2127 0.6231 0.7526
vn 0.7024 -0.6583 0.2706
vn 0.0973 0.5764 0.8113
vn 0.0214 0.9784 0.2057
vn 0.4751 -0.7632 0.4380
vn -0.0005 -0.9792 -0.2028
vn 0.0187 0.3927 0.9195
vn -0.1225 0.2300 0.9654
vn -0.4256 0.3653 0.8279
vn 0.1354 -0.9095 -0.3930
vn -0.5993 0.5513 0.5805
vn -0.6028 0.6172 0.5057
vn -0.1084 -0.9681 0.2259
vn -0.4424 0.8903 -0.1079
vn 0.8849 -0.3081 -0.3495
vn 0.0621 0.9480 0.3123
vn -0.0061 0.6112 -0.7915
vn 0.0373 0.8736 0.4852
vn -0.0234 -0.7475 -0.6639
vn -0.0865 0.8954 0.4368
vn -0.2566 0.6094 0.7502
vn -0.0574 0.2843 0.9570
vn 0.0057 1.0000 0.0076
vn -0.0231 0.9934 -0.1122
vn 0.0411 0.9671 -0.2512
vn -0.0168 -0.7864 -0.6175
vn 0.1095 0.9494 0.2944
vn 0.0249 -0.7651 -0.6434
vn -0.5542 0.8141 0.1735
vn -0.0104 0.8199 0.5723
vn -0.0020 -0.9850 -0.1723
vn 0.0004 -1.0000 0.0020
vn -0.0024 -0.9997 0.0234
vn -0.0073 -0.9833 0.1821
vn -0.0182 -0.7618 0.6476
vn -0.0182 -0.7617 0.6476
vn -0.0304 -0.3650 0.9305
vn -0.0420 -0.2107 0.9766
vn -0.0500 -0.0957 0.9941
vn -0.0454 0.0574 0.9973
vn -0.0165 0.2704 0.9626
vn 0.0152 0.4749 0.8799
vn 0.0200 0.6692 0.7428
vn -0.0104 0.8199 0.5724
vn -0.0011 0.7492 -0.6623
vn -0.0012 0.7492 -0.6623
vn 0.0721 0.9974 0.0054
vn 0.1972 0.6598 0.7251
vn 0.3117 0.6303 0.7111
vn 0.0712 0.9969 0.0321
vn -0.8813 0.1634 0.4435
vn -0.6394 0.7683 -0.0292
vn -0.4329 0.8986 0.0719
vn -0.6534 0.4598 0.6014
vn 0.0161 0.7720 -0.6354
vn -0.5192 -0.8505 -0.0839
vn -0.7407 -0.6654 0.0929
vn -0.0822 -0.9096 0.4074
vn 0.0177 -0.9261 0.3769
vn -0.9522 0.1708 -0.2531
vn -0.6520 0.6298 -0.4222
vn -0.3592 0.9286 -0.0928
vn -0.5542 0.8141 0.1734
vn 0.0984 0.3647 0.9259
vn 0.7054 0.7088 -0.0039
vn 0.9090 0.0640 0.4118
vn 0.3575 0.9202 0.1597
vn -0.3592 0.9287 -0.0927
vn -0.0504 0.9140 -0.4026
vn -0.1360 0.8900 -0.4352
vn 0.6328 0.7712 0.0697
vn 0.3694 0.8944 -0.2523
vn -0.9523 0.1708 -0.2531
vn -0.9227 -0.3219 0.2124
vn 0.8522 0.1830 0.4902
vn -0.0062 0.9582 -0.2860
vn -0.8457 -0.2036 -0.4933
vn -0.1519 -0.8560 0.4942
vn 0.5688 -0.6004 0.5621
vn 0.5801 -0.5738 0.5781
vn -0.0231 0.9934 -0.1123
vn 0.5819 -0.5027 0.6393
vn -0.3089 -0.9465 -0.0930
vn 0.1130 -0.8891 0.4435
vn 0.6870 0.3911 0.6125
vn 0.5296 -0.3539 0.7709
vn 0.4822 0.5514 0.6808
vn 0.1930 0.9781 0.0784
vn -0.2497 0.8216 -0.5125
vn 0.4200 0.9018 0.1015
vn 0.4290 -0.2492 0.8683
vn -0.2634 -0.6650 -0.6988
vn -0.4564 -0.5762 -0.6780
vn -0.1548 -0.9866 -0.0524
vn -0.0842 -0.9963 -0.0192
vn -0.3093 0.7377 -0.6001
vn -0.0808 0.7607 -0.6441
vn 0.0212 0.7829 -0.6218
vn 0.0795 0.9967 0.0180
vn 0.1459 -0.8443 0.5156
vn 0.1109 -0.8157 0.5677
vn 0.2938 -0.1892 0.9369
vn 0.1770 -0.1679 0.9698
vn -0.1597 0.9797 0.1215
vn -0.3881 0.5314 0.7530
vn -0.1242 0.6256 0.7702
vn -0.0197 0.9985 0.0505
vn 0.1722 0.8266 -0.5358
vn 0.2406 0.8924 -0.3818
vn -0.2809 0.9418 0.1848
vn -0.2309 0.7143 -0.6607
vn 0.0849 0.6499 0.7552
vn 0.0548 -0.1620 0.9853
vn -0.7836 0.2841 0.5525
vn -0.4689 0.8726 0.1369
vn 0.0559 -0.9973 -0.0469
vn -0.0153 -0.9994 -0.0325
vn 0.0230 -0.8041 0.5940
vn -0.0198 -0.8045 0.5936
vn -0.1103 -0.1640 0.9803
vn 0.1419 -0.9865 -0.0813
vn -0.0931 -0.8375 0.5385
vn -0.3300 -0.2392 0.9131
vn -0.6328 -0.4980 0.5929
vn -0.6514 -0.4395 0.6185
vn 0.0849 0.7852 -0.6134
vn 0.7794 -0.2872 -0.5569
vn 0.3756 -0.9114 -0.1680
vn -0.6122 0.4104 0.6759
vn -0.5407 -0.3461 0.7667
vn 0.2139 -0.9648 -0.1528
vn -0.1899 -0.8900 0.4145
vn -0.1946 -0.9271 0.3204
vn 0.1560 0.9305 -0.3314
vn -0.0006 0.9010 -0.4338
vn 0.3694 0.8943 -0.2524
vn 0.5816 0.6335 -0.5103
vn 0.6964 0.7155 0.0552
vn -0.0062 0.9582 -0.2861
vn 0.0170 -0.3410 0.9399
vn -0.0778 -0.9056 0.4170
vn 0.6540 0.4889 -0.5773
vn 0.7794 -0.2871 -0.5569
vn 0.5840 0.3548 -0.7301
vn 0.5614 -0.4814 -0.6731
vn 0.3673 0.2354 -0.8998
vn 0.3343 -0.6041 -0.7234
vn 0.1282 0.1887 -0.9736
vn 0.1103 -0.6548 -0.7477
vn 0.5614 -0.4815 -0.6731
vn -0.0410 0.1665 -0.9852
vn -0.0543 -0.6751 -0.7358
vn -0.1585 0.1235 -0.9796
vn -0.1476 -0.6731 -0.7247
vn 0.0697 -0.8071 0.5863
vn -0.3264 0.0732 -0.9424
vn -0.0543 -0.6751 -0.7357
vn -0.5198 0.1113 -0.8470
vn -0.4564 -0.5761 -0.6781
vn -0.0473 -0.9986 -0.0250
vn -0.1476 -0.6731 -0.7246
vn -0.6469 0.2312 -0.7267
vn -0.6675 -0.4163 -0.6174
vn -0.7074 0.3942 -0.5866
vn -0.8457 -0.2035 -0.4933
vn 0.0171 -0.3410 0.9399
vn 0.3214 0.6075 0.7264
vt 0.529947 0.979072
vt 0.555405 0.977755
vt 0.553062 0.957742
vt 0.527267 0.958773
vt 0.522894 0.917979
vt 0.496029 0.919438
vt 0.500695 0.960566
vt 0.212077 0.190734
vt 0.204789 0.202314
vt 0.226945 0.209846
vt 0.230942 0.199053
vt 0.469372 0.921643
vt 0.474170 0.963404
vt 0.789477 0.918030
vt 0.773813 0.917722
vt 0.774875 0.959787
vt 0.788645 0.959951
vt 0.889810 0.617164
vt 0.887244 0.653934
vt 0.892672 0.653288
vt 0.894166 0.616919
vt 0.025387 0.827770
vt 0.001143 0.828212
vt 0.002622 0.879342
vt 0.027243 0.878964
vt 0.870804 0.920649
vt 0.844148 0.919705
vt 0.842446 0.961413
vt 0.869042 0.962734
vt 0.648256 0.817758
vt 0.648321 0.869007
vt 0.670303 0.869787
vt 0.670988 0.817926
vt 0.816995 0.918583
vt 0.815767 0.960483
vt 0.261408 0.078658
vt 0.272559 0.079104
vt 0.271420 0.067165
vt 0.261404 0.066653
vt 0.670669 0.697313
vt 0.647707 0.697513
vt 0.647515 0.719999
vt 0.670488 0.719745
vt 0.737133 0.958103
vt 0.759061 0.958769
vt 0.757454 0.917126
vt 0.736089 0.916998
vt 0.770293 0.988369
vt 0.789268 0.989884
vt 0.788950 0.980498
vt 0.771375 0.979873
vt 0.685651 0.978022
vt 0.712322 0.976670
vt 0.711620 0.958438
vt 0.684611 0.959762
vt 0.709787 0.917919
vt 0.682435 0.919193
vt 0.315484 0.272009
vt 0.290686 0.271939
vt 0.287538 0.289803
vt 0.312591 0.290474
vt 0.256097 0.326472
vt 0.282484 0.328742
vt 0.261385 0.287051
vt 0.303398 0.181111
vt 0.298811 0.164380
vt 0.285573 0.169005
vt 0.288190 0.186953
vt 0.307993 0.329921
vt 0.724436 0.576320
vt 0.708537 0.576188
vt 0.703186 0.584899
vt 0.732096 0.584646
vt 0.374678 0.102282
vt 0.372667 0.121305
vt 0.383501 0.123265
vt 0.385637 0.101841
vt 0.333660 0.330361
vt 0.337389 0.290236
vt 0.726461 0.669866
vt 0.732119 0.680991
vt 0.740769 0.678891
vt 0.735321 0.659578
vt 0.131535 0.966556
vt 0.132280 0.983067
vt 0.155448 0.983394
vt 0.156119 0.966328
vt 0.359503 0.330723
vt 0.363108 0.290478
vt 0.566974 0.625404
vt 0.567013 0.589414
vt 0.540099 0.589095
vt 0.540058 0.624879
vt 0.261230 0.038036
vt 0.261926 0.046478
vt 0.272309 0.047159
vt 0.273167 0.037731
vt 0.384843 0.330971
vt 0.388797 0.291075
vt 0.392578 0.101642
vt 0.389907 0.101117
vt 0.389162 0.124712
vt 0.392388 0.126522
vt 0.352152 0.058744
vt 0.363692 0.069100
vt 0.376026 0.064625
vt 0.361488 0.054629
vt 0.408218 0.329934
vt 0.412702 0.290930
vt 0.311805 0.204411
vt 0.314117 0.211102
vt 0.334728 0.199140
vt 0.331411 0.193087
vt 0.429196 0.327270
vt 0.432024 0.288801
vt 0.954238 0.536261
vt 0.955298 0.524339
vt 0.950448 0.524687
vt 0.950290 0.537174
vt 0.304063 0.378846
vt 0.329942 0.379542
vt 0.762743 0.264099
vt 0.763014 0.272038
vt 0.775950 0.272550
vt 0.777635 0.264551
vt 0.450483 0.284987
vt 0.453395 0.267585
vt 0.434288 0.271233
vt 0.448670 0.323925
vt 0.206439 0.966901
vt 0.201879 0.984414
vt 0.225001 0.982741
vt 0.229623 0.965813
vt 0.113837 0.927062
vt 0.100032 0.927460
vt 0.100232 0.966899
vt 0.112739 0.966605
vt 0.100998 0.983898
vt 0.084714 0.984692
vt 0.085929 0.990834
vt 0.103168 0.990161
vt 0.234296 0.927114
vt 0.211457 0.927419
vt 0.624882 0.868610
vt 0.598956 0.867938
vt 0.600871 0.917487
vt 0.626285 0.918535
vt 0.133668 0.927019
vt 0.181557 0.966724
vt 0.178818 0.984827
vt 0.185500 0.926963
vt 0.380580 0.379202
vt 0.404526 0.377707
vt 0.114644 0.877361
vt 0.135258 0.877248
vt 0.135300 0.826119
vt 0.114355 0.826302
vt 0.187871 0.877212
vt 0.160974 0.877193
vt 0.158991 0.926904
vt 0.056435 0.275681
vt 0.080030 0.274715
vt 0.080282 0.270325
vt 0.056987 0.271564
vt 0.207009 0.165730
vt 0.220827 0.175933
vt 0.227060 0.160468
vt 0.216206 0.156010
vt 0.872403 0.869368
vt 0.845365 0.868627
vt 0.098044 0.636896
vt 0.098685 0.601763
vt 0.077751 0.601704
vt 0.077162 0.636899
vt 0.083105 0.967396
vt 0.202063 0.030078
vt 0.209111 0.035129
vt 0.227970 0.035219
vt 0.223283 0.029782
vt 0.579964 0.977585
vt 0.578363 0.957529
vt 0.260092 0.024721
vt 0.260191 0.020896
vt 0.242170 0.020184
vt 0.242790 0.023906
vt 0.307485 0.061255
vt 0.313490 0.052541
vt 0.299380 0.048518
vt 0.294795 0.057933
vt 0.534313 0.297127
vt 0.537296 0.278656
vt 0.513074 0.275442
vt 0.509570 0.294402
vt 0.080678 0.927776
vt 0.056359 0.928101
vt 0.060916 0.967985
vt 0.064343 0.994901
vt 0.065260 0.999059
vt 0.087256 0.994621
vt 0.031098 0.928512
vt 0.036559 0.967956
vt 0.209121 0.067344
vt 0.222528 0.067161
vt 0.224503 0.055817
vt 0.213796 0.057906
vt 0.337213 0.116609
vt 0.355036 0.118767
vt 0.356324 0.102188
vt 0.338266 0.102509
vt 0.219425 0.023151
vt 0.220913 0.026356
vt 0.039523 0.987452
vt 0.063567 0.987094
vt 0.606013 0.985933
vt 0.630117 0.987272
vt 0.629512 0.979029
vt 0.605035 0.978349
vt 0.572607 0.867219
vt 0.575021 0.916863
vt 0.549076 0.917190
vt 0.287601 0.037123
vt 0.284828 0.046463
vt 0.304801 0.040670
vt 0.603617 0.958108
vt 0.321532 0.047321
vt 0.237628 0.877857
vt 0.214343 0.877663
vt 0.306438 0.103462
vt 0.305999 0.119165
vt 0.321818 0.117327
vt 0.322610 0.102957
vt 0.402147 0.689794
vt 0.402601 0.712181
vt 0.429316 0.711813
vt 0.428857 0.689421
vt 0.628155 0.959032
vt 0.538953 0.268024
vt 0.562866 0.264976
vt 0.563467 0.261621
vt 0.539404 0.263749
vt 0.320862 0.090495
vt 0.336113 0.089948
vt 0.331041 0.078716
vt 0.316443 0.079445
vt 0.511383 0.076753
vt 0.500579 0.079913
vt 0.495065 0.086878
vt 0.508549 0.085513
vt 0.234426 0.043523
vt 0.249275 0.044465
vt 0.246053 0.036676
vt 0.581666 0.987530
vt 0.659266 0.069429
vt 0.645747 0.056009
vt 0.639690 0.059470
vt 0.653123 0.072542
vt 0.193421 0.060768
vt 0.204198 0.048661
vt 0.191843 0.039394
vt 0.178050 0.051987
vt 0.595771 0.530300
vt 0.595012 0.552645
vt 0.622153 0.552800
vt 0.622721 0.530596
vt 0.012060 0.968086
vt 0.015596 0.986190
vt 0.145058 0.083292
vt 0.143685 0.105234
vt 0.148731 0.104924
vt 0.150659 0.084327
vt 0.159905 0.149090
vt 0.154438 0.151440
vt 0.166079 0.173440
vt 0.171105 0.170046
vt 0.162402 0.104428
vt 0.163873 0.086672
vt 0.146066 0.128505
vt 0.151968 0.126894
vt 0.156200 0.065491
vt 0.150768 0.062974
vt 0.168586 0.069921
vt 0.633880 0.263870
vt 0.610920 0.265207
vt 0.611632 0.269134
vt 0.634991 0.268425
vt 0.651152 0.977693
vt 0.649835 0.959234
vt 0.195901 0.024907
vt 0.197936 0.027523
vt 0.018461 0.991406
vt 0.041083 0.994780
vt 0.176946 0.030588
vt 0.160575 0.042994
vt 0.167008 0.046266
vt 0.182683 0.033965
vt 0.735567 0.989220
vt 0.754646 0.991647
vt 0.755906 0.987218
vt 0.736207 0.984649
vt 0.672762 0.979262
vt 0.671774 0.960285
vt 0.243625 0.029453
vt 0.648517 0.918850
vt 0.670181 0.919908
vt 0.538435 0.272161
vt 0.560635 0.277374
vt 0.562088 0.269169
vt 0.173776 0.028061
vt 0.156681 0.040691
vt 0.282160 0.055172
vt 0.283121 0.067794
vt 0.296883 0.068720
vt 0.051839 0.601743
vt 0.051301 0.636954
vt 0.260245 0.030794
vt 0.797275 0.292510
vt 0.821140 0.291574
vt 0.820739 0.272276
vt 0.796050 0.273343
vt 0.621525 0.766114
vt 0.595260 0.765544
vt 0.597557 0.816758
vt 0.623549 0.817479
vt 0.556757 0.986295
vt 0.272845 0.030146
vt 0.796792 0.264550
vt 0.796728 0.259718
vt 0.777956 0.259801
vt 0.796584 0.255760
vt 0.778259 0.255784
vt 0.657942 0.168627
vt 0.667303 0.147827
vt 0.655629 0.145201
vt 0.647788 0.164165
vt 0.114290 0.601791
vt 0.113615 0.636838
vt 0.134527 0.636643
vt 0.135196 0.601634
vt 0.307790 0.033503
vt 0.309387 0.029178
vt 0.290050 0.023955
vt 0.288881 0.028845
vt 0.042246 0.998702
vt 0.231853 0.120963
vt 0.248487 0.121880
vt 0.247061 0.105171
vt 0.230349 0.105283
vt 0.113916 0.983681
vt 0.116634 0.989454
vt 0.134522 0.987671
vt 0.235797 0.066129
vt 0.237572 0.053503
vt 0.849012 0.326178
vt 0.846916 0.289906
vt 0.822948 0.330094
vt 0.846384 0.270356
vt 0.264536 0.226072
vt 0.278302 0.225875
vt 0.277670 0.218506
vt 0.264770 0.217996
vt 0.247825 0.214976
vt 0.246643 0.222832
vt 0.264909 0.206281
vt 0.249639 0.203973
vt 0.900239 0.794682
vt 0.901519 0.749391
vt 0.892241 0.748751
vt 0.892178 0.794226
vt 0.156056 0.989682
vt 0.161028 0.601335
vt 0.161369 0.581356
vt 0.135548 0.581665
vt 0.160439 0.636370
vt 0.187534 0.636019
vt 0.187960 0.600919
vt 0.568866 0.529896
vt 0.567958 0.552317
vt 0.273143 0.024228
vt 0.367089 0.052358
vt 0.347404 0.046058
vt 0.343587 0.048681
vt 0.301593 0.079090
vt 0.310398 0.069851
vt 0.513151 0.697155
vt 0.513420 0.720714
vt 0.540243 0.718143
vt 0.540130 0.696629
vt 0.337405 0.051427
vt 0.454829 0.169386
vt 0.466521 0.186632
vt 0.480747 0.176589
vt 0.472271 0.161598
vt 0.327767 0.038591
vt 0.325617 0.042298
vt 0.113099 0.671842
vt 0.134070 0.671635
vt 0.161234 0.826047
vt 0.177701 0.992467
vt 0.199390 0.991823
vt 0.134620 0.775024
vt 0.113588 0.775230
vt 0.436193 0.265265
vt 0.456427 0.260595
vt 0.326855 0.057321
vt 0.338389 0.064857
vt 0.545946 0.867186
vt 0.519275 0.867649
vt 0.273443 0.090343
vt 0.274065 0.104397
vt 0.289148 0.103958
vt 0.288199 0.090387
vt 0.730258 0.705690
vt 0.724618 0.695848
vt 0.717362 0.695969
vt 0.714809 0.705438
vt 0.333334 0.130228
vt 0.318655 0.131390
vt 0.313824 0.144610
vt 0.327185 0.142802
vt 0.415772 0.270760
vt 0.342210 0.149146
vt 0.350210 0.134582
vt 0.311811 0.158060
vt 0.318445 0.172640
vt 0.353759 0.087207
vt 0.371737 0.084146
vt 0.384931 0.080882
vt 0.416355 0.263318
vt 0.391787 0.258330
vt 0.391305 0.268222
vt 0.364929 0.258469
vt 0.364151 0.268586
vt 0.218351 0.043603
vt 0.350495 0.180299
vt 0.354734 0.184673
vt 0.372948 0.168512
vt 0.366446 0.164169
vt 0.339322 0.270125
vt 0.347812 0.074176
vt 0.318028 0.063644
vt 0.322246 0.153127
vt 0.331539 0.162005
vt 0.384935 0.147259
vt 0.378162 0.144215
vt 0.574782 0.058817
vt 0.571239 0.067279
vt 0.584296 0.069472
vt 0.590092 0.060066
vt 0.020362 0.994524
vt 0.366565 0.140128
vt 0.356373 0.157740
vt 0.340935 0.262024
vt 0.316665 0.264662
vt 0.427528 0.375297
vt 0.097516 0.672001
vt 0.181903 0.193149
vt 0.185465 0.189007
vt 0.708387 0.693201
vt 0.702553 0.694444
vt 0.709404 0.715258
vt 0.343067 0.172980
vt 0.291399 0.264607
vt 0.216137 0.119514
vt 0.214881 0.105235
vt 0.199646 0.105050
vt 0.200796 0.118786
vt 0.737447 0.977363
vt 0.326820 0.185457
vt 0.265765 0.260496
vt 0.264545 0.269264
vt 0.903354 0.998772
vt 0.898665 0.994991
vt 0.895445 0.994908
vt 0.890518 0.999059
vt 0.274771 0.121502
vt 0.275150 0.138579
vt 0.288451 0.137477
vt 0.289254 0.120671
vt 0.308956 0.195393
vt 0.597040 0.073412
vt 0.605029 0.063074
vt 0.686319 0.986842
vt 0.711992 0.984335
vt 0.355783 0.379687
vt 0.540719 0.660319
vt 0.540644 0.680461
vt 0.569986 0.680177
vt 0.570633 0.660501
vt 0.196077 0.152489
vt 0.211112 0.145451
vt 0.204871 0.132532
vt 0.187919 0.137092
vt 0.291501 0.202971
vt 0.293642 0.214341
vt 0.492791 0.869065
vt 0.466366 0.870613
vt 0.606870 0.990082
vt 0.630317 0.991990
vt 0.099557 0.877738
vt 0.182831 0.120722
vt 0.240496 0.166042
vt 0.236510 0.183346
vt 0.252241 0.187899
vt 0.254071 0.169727
vt 0.276659 0.206238
vt 0.181602 0.162604
vt 0.171891 0.143865
vt 0.759563 0.979066
vt 0.278185 0.377649
vt 0.733357 0.621984
vt 0.703871 0.622279
vt 0.294968 0.220877
vt 0.815182 0.981182
vt 0.841470 0.982016
vt 0.275453 0.189597
vt 0.653042 0.983971
vt 0.079031 0.878077
vt 0.223947 0.217307
vt 0.814858 0.990782
vt 0.141589 0.082690
vt 0.140972 0.105593
vt 0.887061 0.309088
vt 0.892304 0.310288
vt 0.894656 0.293674
vt 0.891916 0.288557
vt 0.137988 0.082583
vt 0.138149 0.106409
vt 0.273734 0.017565
vt 0.273873 0.020800
vt 0.291487 0.020586
vt 0.291994 0.017221
vt 0.249374 0.066272
vt 0.247787 0.078238
vt 0.024140 0.730947
vt 0.000941 0.731347
vt 0.001100 0.776899
vt 0.024516 0.776463
vt 0.114073 0.275849
vt 0.132665 0.276553
vt 0.132270 0.272085
vt 0.114043 0.271259
vt 0.265184 0.189788
vt 0.647420 0.766082
vt 0.670507 0.765911
vt 0.840819 0.992203
vt 0.708014 0.867313
vt 0.680599 0.868349
vt 0.383573 0.061589
vt 0.387804 0.060118
vt 0.370835 0.050299
vt 0.866700 0.994332
vt 0.867724 0.984167
vt 0.586588 0.268914
vt 0.587167 0.264957
vt 0.194836 0.178842
vt 0.503856 0.981381
vt 0.477840 0.984542
vt 0.531261 0.987532
vt 0.505620 0.990004
vt 0.887524 0.709580
vt 0.892238 0.709566
vt 0.891814 0.689126
vt 0.887054 0.689579
vt 0.165134 0.123950
vt 0.310885 0.986699
vt 0.309976 0.981455
vt 0.284741 0.985327
vt 0.286034 0.991093
vt 0.657465 0.107273
vt 0.669212 0.105880
vt 0.663191 0.087606
vt 0.653118 0.090128
vt 0.250529 0.052690
vt 0.098732 0.262414
vt 0.080114 0.262437
vt 0.080174 0.266589
vt 0.099356 0.267105
vt 0.671174 0.126478
vt 0.658659 0.125820
vt 0.143138 0.129753
vt 0.151923 0.153046
vt 0.186501 0.075460
vt 0.203872 0.079297
vt 0.676355 0.105592
vt 0.669090 0.085830
vt 0.181323 0.104675
vt 0.113564 0.267367
vt 0.099649 0.271086
vt 0.594195 0.589511
vt 0.594101 0.625329
vt 0.621330 0.625276
vt 0.621558 0.589530
vt 0.640438 0.125897
vt 0.622216 0.125740
vt 0.620216 0.140052
vt 0.637802 0.142013
vt 0.716895 0.550666
vt 0.722439 0.550938
vt 0.728467 0.540740
vt 0.714464 0.540645
vt 0.648070 0.625194
vt 0.621378 0.660886
vt 0.647929 0.660856
vt 0.621221 0.697598
vt 0.621091 0.720057
vt 0.053514 0.878414
vt 0.570872 0.816224
vt 0.568487 0.764988
vt 0.512850 0.588760
vt 0.512800 0.624570
vt 0.593970 0.719857
vt 0.567184 0.718939
vt 0.513098 0.660279
vt 0.891122 0.596034
vt 0.881518 0.597060
vt 0.880385 0.618145
vt 0.647833 0.681092
vt 0.621335 0.681126
vt 0.513131 0.680532
vt 0.542104 0.764149
vt 0.514793 0.764133
vt 0.264194 0.138736
vt 0.250523 0.138173
vt 0.252849 0.153639
vt 0.264952 0.154788
vt 0.485332 0.624323
vt 0.485889 0.660310
vt 0.050831 0.672174
vt 0.076652 0.672083
vt 0.323598 0.069540
vt 0.486075 0.697218
vt 0.486267 0.718379
vt 0.545185 0.815037
vt 0.517879 0.815622
vt 0.487066 0.765318
vt 0.490424 0.817673
vt 0.459968 0.697798
vt 0.459380 0.720111
vt 0.459887 0.766203
vt 0.849482 0.481022
vt 0.823684 0.481563
vt 0.823277 0.528713
vt 0.849016 0.528799
vt 0.573240 0.125624
vt 0.572786 0.143493
vt 0.589361 0.142215
vt 0.590428 0.125595
vt 0.463842 0.818599
vt 0.876207 0.621460
vt 0.849799 0.621554
vt 0.851127 0.660243
vt 0.876836 0.658175
vt 0.876501 0.695644
vt 0.854544 0.695402
vt 0.848703 0.715517
vt 0.875327 0.717931
vt 0.847132 0.763861
vt 0.874874 0.764323
vt 0.845818 0.816241
vt 0.872818 0.817061
vt 0.821799 0.621988
vt 0.823329 0.660054
vt 0.819628 0.678968
vt 0.794542 0.678174
vt 0.794238 0.694569
vt 0.818779 0.694931
vt 0.843985 0.539482
vt 0.829567 0.539309
vt 0.821521 0.715034
vt 0.819718 0.763147
vt 0.818487 0.815407
vt 0.817973 0.867565
vt 0.876133 0.585060
vt 0.850600 0.583936
vt 0.793875 0.621734
vt 0.794534 0.657823
vt 0.793620 0.716782
vt 0.774310 0.717388
vt 0.774272 0.763081
vt 0.792079 0.762823
vt 0.790687 0.814741
vt 0.790365 0.866860
vt 0.822835 0.584504
vt 0.756683 0.622786
vt 0.756520 0.658601
vt 0.896174 0.579334
vt 0.891617 0.579118
vt 0.895477 0.596188
vt 0.793864 0.585836
vt 0.652016 0.383440
vt 0.674803 0.382694
vt 0.674804 0.332850
vt 0.652608 0.334417
vt 0.736333 0.715434
vt 0.755934 0.717680
vt 0.756277 0.695325
vt 0.741115 0.694976
vt 0.261859 0.052844
vt 0.271405 0.053575
vt 0.755725 0.867185
vt 0.734531 0.866709
vt 0.734599 0.762877
vt 0.756016 0.763519
vt 0.755733 0.815791
vt 0.734198 0.814884
vt 0.757031 0.587142
vt 0.774550 0.695273
vt 0.098762 0.826658
vt 0.708382 0.763118
vt 0.707650 0.815176
vt 0.678396 0.622002
vt 0.680036 0.657530
vt 0.705866 0.659423
vt 0.681272 0.694819
vt 0.681989 0.717487
vt 0.681260 0.763792
vt 0.680436 0.816039
vt 0.243594 0.618282
vt 0.244153 0.654101
vt 0.266351 0.654111
vt 0.266411 0.618712
vt 0.266073 0.583154
vt 0.241638 0.583158
vt 0.240194 0.546393
vt 0.266135 0.546587
vt 0.267002 0.524494
vt 0.240060 0.524029
vt 0.269766 0.480313
vt 0.242704 0.478422
vt 0.274134 0.428824
vt 0.247187 0.427232
vt 0.251712 0.376107
vt 0.291991 0.618541
vt 0.292283 0.583106
vt 0.293094 0.546638
vt 0.294000 0.524979
vt 0.297145 0.483375
vt 0.302342 0.432171
vt 0.318821 0.618310
vt 0.319018 0.582834
vt 0.320000 0.546405
vt 0.320854 0.524347
vt 0.825085 0.694218
vt 0.828427 0.705234
vt 0.323438 0.481413
vt 0.328411 0.431469
vt 0.292171 0.653784
vt 0.345911 0.618021
vt 0.345784 0.582355
vt 0.346641 0.545962
vt 0.347424 0.523928
vt 0.349355 0.478851
vt 0.352596 0.429312
vt 0.319241 0.653726
vt 0.373264 0.617640
vt 0.372915 0.581922
vt 0.373482 0.545389
vt 0.374015 0.523252
vt 0.375515 0.478292
vt 0.579685 0.337425
vt 0.577336 0.385389
vt 0.601722 0.385429
vt 0.605066 0.337522
vt 0.377655 0.428468
vt 0.346536 0.653635
vt 0.400555 0.617300
vt 0.400145 0.581574
vt 0.400480 0.544890
vt 0.400805 0.522657
vt 0.401576 0.477358
vt 0.402585 0.427095
vt 0.374028 0.653333
vt 0.427353 0.616953
vt 0.426953 0.581259
vt 0.427016 0.544516
vt 0.427126 0.522201
vt 0.427298 0.476523
vt 0.427284 0.425474
vt 0.401310 0.653045
vt 0.450173 0.616703
vt 0.449903 0.581094
vt 0.449914 0.544448
vt 0.449982 0.522174
vt 0.450122 0.476369
vt 0.449779 0.424740
vt 0.449023 0.373370
vt 0.428012 0.652640
vt 0.236336 0.635672
vt 0.213986 0.635728
vt 0.213883 0.670998
vt 0.236480 0.670983
vt 0.236593 0.707411
vt 0.213959 0.707381
vt 0.214083 0.729509
vt 0.236737 0.729577
vt 0.214523 0.774997
vt 0.237349 0.775159
vt 0.214965 0.826352
vt 0.238178 0.826612
vt 0.450660 0.652296
vt 0.187282 0.671160
vt 0.187325 0.707434
vt 0.187447 0.729499
vt 0.187890 0.774848
vt 0.188350 0.826033
vt 0.236333 0.600395
vt 0.214176 0.600521
vt 0.160078 0.671408
vt 0.160071 0.707604
vt 0.160182 0.729632
vt 0.160654 0.774919
vt 0.707163 0.681741
vt 0.710846 0.670079
vt 0.701459 0.678851
vt 0.214423 0.564305
vt 0.214682 0.542248
vt 0.188729 0.542679
vt 0.188458 0.564731
vt 0.134010 0.707783
vt 0.134111 0.729785
vt 0.076516 0.730439
vt 0.097427 0.730271
vt 0.097370 0.708231
vt 0.076480 0.708368
vt 0.076952 0.775793
vt 0.097900 0.775560
vt 0.077864 0.826943
vt 0.112998 0.691796
vt 0.133998 0.691588
vt 0.097395 0.692003
vt 0.878791 0.690673
vt 0.879342 0.710716
vt 0.113075 0.729991
vt 0.112990 0.707990
vt 0.050644 0.708503
vt 0.050665 0.730605
vt 0.051081 0.776030
vt 0.052024 0.827245
vt 0.025430 0.601939
vt 0.024944 0.637173
vt 0.055193 0.283553
vt 0.079696 0.283345
vt 0.024434 0.672419
vt 0.024155 0.708804
vt 0.221467 0.989069
vt 0.002673 0.637453
vt 0.001755 0.672728
vt 0.003176 0.602198
vt 0.001088 0.709172
vt 0.558491 0.091072
vt 0.558425 0.107856
vt 0.573055 0.108316
vt 0.572299 0.092713
vt 0.567417 0.696676
vt 0.593989 0.697336
vt 0.434573 0.991555
vt 0.434885 0.987059
vt 0.409825 0.986519
vt 0.409468 0.989795
vt 0.601756 0.049981
vt 0.581043 0.049672
vt 0.578816 0.053829
vt 0.597020 0.054056
vt 0.678237 0.585876
vt 0.182824 0.089672
vt 0.160592 0.395130
vt 0.159773 0.344985
vt 0.134801 0.345170
vt 0.135038 0.395403
vt 0.286055 0.079173
vt 0.604968 0.140577
vt 0.586673 0.158213
vt 0.601302 0.155089
vt 0.224648 0.146884
vt 0.274486 0.171113
vt 0.594930 0.660762
vt 0.633767 0.278715
vt 0.655296 0.279401
vt 0.656732 0.272523
vt 0.635238 0.272793
vt 0.263046 0.121878
vt 0.649353 0.530686
vt 0.672401 0.530923
vt 0.673617 0.485359
vt 0.650536 0.485315
vt 0.633363 0.258679
vt 0.654996 0.263111
vt 0.653953 0.257783
vt 0.820382 0.250962
vt 0.820406 0.255212
vt 0.845838 0.254711
vt 0.845502 0.251255
vt 0.547666 0.178770
vt 0.547331 0.162277
vt 0.534036 0.161775
vt 0.535949 0.177844
vt 0.622273 0.051440
vt 0.614948 0.055732
vt 0.846699 0.262894
vt 0.821258 0.264169
vt 0.200911 0.091863
vt 0.676355 0.127517
vt 0.589992 0.109403
vt 0.300256 0.149359
vt 0.286546 0.153172
vt 0.079319 0.303548
vt 0.099596 0.303983
vt 0.099634 0.284088
vt 0.265308 0.171266
vt 0.892311 0.726260
vt 0.901998 0.727161
vt 0.902348 0.710669
vt 0.488535 0.270554
vt 0.484113 0.290171
vt 0.215601 0.091779
vt 0.218152 0.078925
vt 0.871376 0.261420
vt 0.871806 0.268469
vt 0.873117 0.288437
vt 0.238559 0.150902
vt 0.656484 0.267637
vt 0.559536 0.243579
vt 0.559684 0.251134
vt 0.575806 0.246864
vt 0.574991 0.240084
vt 0.219612 0.133580
vt 0.743818 0.262804
vt 0.743779 0.271258
vt 0.078047 0.581654
vt 0.052113 0.581690
vt 0.513270 0.568362
vt 0.540406 0.568699
vt 0.540906 0.552060
vt 0.513849 0.551676
vt 0.593715 0.231166
vt 0.590650 0.221355
vt 0.573091 0.228240
vt 0.883303 0.941545
vt 0.886178 0.979948
vt 0.893158 0.978862
vt 0.891645 0.940672
vt 0.274811 0.154762
vt 0.476880 0.327832
vt 0.503425 0.331027
vt 0.528730 0.335436
vt 0.604361 0.177272
vt 0.613272 0.186546
vt 0.623992 0.173255
vt 0.609310 0.166752
vt 0.797300 0.251329
vt 0.779291 0.250726
vt 0.779136 0.332118
vt 0.798840 0.331012
vt 0.778765 0.292305
vt 0.514642 0.268624
vt 0.490682 0.263844
vt 0.608978 0.211871
vt 0.600286 0.197568
vt 0.585324 0.206074
vt 0.675074 0.258447
vt 0.676354 0.262422
vt 0.098954 0.446560
vt 0.099363 0.497884
vt 0.115050 0.498047
vt 0.114608 0.446749
vt 0.905414 0.980284
vt 0.898243 0.979419
vt 0.743299 0.290717
vt 0.759833 0.291009
vt 0.595336 0.236813
vt 0.616021 0.224069
vt 0.635094 0.209463
vt 0.632482 0.206604
vt 0.613800 0.220000
vt 0.742746 0.330783
vt 0.719555 0.289041
vt 0.717729 0.329634
vt 0.466795 0.145163
vt 0.464810 0.128000
vt 0.445893 0.129587
vt 0.447654 0.149739
vt 0.693986 0.286907
vt 0.691409 0.328211
vt 0.248945 0.914966
vt 0.253320 0.956750
vt 0.279760 0.953953
vt 0.275816 0.912702
vt 0.306379 0.951725
vt 0.302562 0.910891
vt 0.331613 0.949953
vt 0.328583 0.909874
vt 0.356755 0.948976
vt 0.354534 0.909490
vt 0.382858 0.949214
vt 0.381095 0.909559
vt 0.054154 0.303486
vt 0.052951 0.344644
vt 0.078523 0.344737
vt 0.408846 0.950500
vt 0.407511 0.910128
vt 0.114289 0.345225
vt 0.114229 0.395414
vt 0.433726 0.951581
vt 0.433027 0.910793
vt 0.558600 0.231294
vt 0.557723 0.214106
vt 0.547783 0.214381
vt 0.547441 0.231644
vt 0.456637 0.953064
vt 0.456166 0.911577
vt 0.534252 0.048486
vt 0.536265 0.054159
vt 0.551435 0.054358
vt 0.550692 0.049314
vt 0.099127 0.344979
vt 0.232266 0.343705
vt 0.227699 0.302804
vt 0.204862 0.303760
vt 0.209059 0.344607
vt 0.114086 0.284364
vt 0.099631 0.275613
vt 0.181850 0.303919
vt 0.184559 0.344939
vt 0.114209 0.304253
vt 0.134212 0.304076
vt 0.099005 0.581721
vt 0.030660 0.285332
vt 0.028672 0.304172
vt 0.158489 0.303933
vt 0.295936 0.224823
vt 0.278201 0.229592
vt 0.546881 0.243602
vt 0.546017 0.251479
vt 0.642436 0.076287
vt 0.630404 0.063705
vt 0.651682 0.434253
vt 0.674442 0.433979
vt 0.489267 0.052629
vt 0.469226 0.060627
vt 0.473769 0.062705
vt 0.492937 0.056514
vt 0.570295 0.211683
vt 0.568282 0.193279
vt 0.557116 0.195212
vt 0.033171 0.279356
vt 0.034391 0.275836
vt 0.013967 0.277368
vt 0.012222 0.281093
vt 0.571031 0.078869
vt 0.585041 0.081251
vt 0.621792 0.569232
vt 0.594532 0.569123
vt 0.611893 0.272647
vt 0.610373 0.278186
vt 0.026847 0.344926
vt 0.607985 0.297670
vt 0.631727 0.297376
vt 0.245368 0.226995
vt 0.244195 0.230486
vt 0.263216 0.233300
vt 0.263860 0.230036
vt 0.005779 0.305155
vt 0.003715 0.345330
vt 0.674599 0.292748
vt 0.653784 0.296018
vt 0.584793 0.276969
vt 0.491749 0.073386
vt 0.505975 0.066508
vt 0.554117 0.336927
vt 0.582726 0.297353
vt 0.558336 0.297295
vt 0.624163 0.485340
vt 0.598842 0.485032
vt 0.524716 0.072162
vt 0.521595 0.061633
vt 0.498489 0.060216
vt 0.481169 0.065736
vt 0.035065 0.272759
vt 0.014762 0.273595
vt 0.517417 0.056032
vt 0.648880 0.552866
vt 0.629067 0.336175
vt 0.574625 0.484403
vt 0.526134 0.383341
vt 0.554254 0.384591
vt 0.626698 0.384495
vt 0.472715 0.377484
vt 0.499329 0.380620
vt 0.129934 0.265145
vt 0.112594 0.263267
vt 0.131496 0.268390
vt 0.516186 0.257248
vt 0.515710 0.260576
vt 0.539993 0.259188
vt 0.777503 0.566947
vt 0.776992 0.586846
vt 0.794517 0.565611
vt 0.789215 0.994846
vt 0.814514 0.995605
vt 0.482998 0.127250
vt 0.484272 0.112405
vt 0.466222 0.110784
vt 0.769588 0.993272
vt 0.057996 0.264629
vt 0.057166 0.268233
vt 0.663397 0.171585
vt 0.671746 0.149701
vt 0.632268 0.158112
vt 0.615597 0.153870
vt 0.674835 0.274111
vt 0.676204 0.266871
vt 0.627261 0.047680
vt 0.617727 0.070457
vt 0.627494 0.081648
vt 0.563703 0.044914
vt 0.549572 0.044945
vt 0.563756 0.049527
vt 0.008840 0.287120
vt 0.545184 0.484224
vt 0.541914 0.529757
vt 0.605079 0.046465
vt 0.025786 0.565597
vt 0.025899 0.543463
vt 0.002936 0.543740
vt 0.003058 0.565862
vt 0.582587 0.045955
vt 0.357986 0.967050
vt 0.384069 0.967385
vt 0.212855 0.394498
vt 0.236326 0.393790
vt 0.513685 0.050017
vt 0.177561 0.276506
vt 0.155151 0.277988
vt 0.157036 0.284711
vt 0.179739 0.284113
vt 0.571291 0.160675
vt 0.531872 0.045538
vt 0.510327 0.046475
vt 0.550683 0.060907
vt 0.537521 0.060760
vt 0.152952 0.270287
vt 0.153978 0.274094
vt 0.098752 0.395202
vt 0.133518 0.284355
vt 0.171259 0.025615
vt 0.153518 0.038414
vt 0.611073 0.260244
vt 0.902073 0.690287
vt 0.763319 0.255339
vt 0.762806 0.259486
vt 0.456913 0.072118
vt 0.466487 0.076456
vt 0.199886 0.275527
vt 0.202153 0.283798
vt 0.450810 0.069817
vt 0.236179 0.564099
vt 0.236419 0.542035
vt 0.099238 0.565453
vt 0.078267 0.565390
vt 0.221702 0.274769
vt 0.224587 0.282903
vt 0.163549 0.175237
vt 0.161348 0.177056
vt 0.177657 0.196495
vt 0.179773 0.194812
vt 0.194318 0.263354
vt 0.196034 0.267136
vt 0.217111 0.266955
vt 0.214768 0.263472
vt 0.456980 0.982611
vt 0.456484 0.973567
vt 0.434061 0.970882
vt 0.434770 0.978725
vt 0.437952 0.109395
vt 0.436171 0.131326
vt 0.448933 0.109347
vt 0.409928 0.969611
vt 0.410666 0.978278
vt 0.488898 0.156291
vt 0.495238 0.169311
vt 0.433146 0.109447
vt 0.432843 0.132452
vt 0.455734 0.091255
vt 0.444947 0.088925
vt 0.435992 0.154631
vt 0.439095 0.152802
vt 0.606538 0.125550
vt 0.471258 0.094805
vt 0.358977 0.976618
vt 0.384943 0.976826
vt 0.374848 0.689971
vt 0.375342 0.712395
vt 0.523750 0.190405
vt 0.510612 0.184584
vt 0.504468 0.200084
vt 0.519729 0.207892
vt 0.292942 0.690176
vt 0.293833 0.711246
vt 0.320814 0.711252
vt 0.320182 0.690308
vt 0.445790 0.174148
vt 0.457116 0.193721
vt 0.442134 0.176115
vt 0.452898 0.196744
vt 0.333313 0.968857
vt 0.468076 0.215136
vt 0.470739 0.212186
vt 0.348095 0.712460
vt 0.347508 0.690100
vt 0.485912 0.231551
vt 0.507704 0.242823
vt 0.510158 0.235822
vt 0.488197 0.226732
vt 0.186910 0.394894
vt 0.457113 0.996916
vt 0.457497 0.992379
vt 0.334452 0.978102
vt 0.308691 0.971886
vt 0.503207 0.097412
vt 0.518026 0.093734
vt 0.522267 0.081960
vt 0.282377 0.974248
vt 0.528755 0.249008
vt 0.530406 0.241656
vt 0.258934 0.987116
vt 0.256487 0.977181
vt 0.479697 0.202319
vt 0.491386 0.189578
vt 0.532512 0.229584
vt 0.114630 0.581786
vt 0.720294 0.260269
vt 0.695899 0.256415
vt 0.695276 0.266528
vt 0.720272 0.268850
vt 0.535165 0.212612
vt 0.537027 0.194123
vt 0.436817 0.261220
vt 0.457497 0.256121
vt 0.514117 0.223935
vt 0.266129 0.690436
vt 0.266750 0.712377
vt 0.077977 0.395056
vt 0.391032 0.078513
vt 0.394512 0.077980
vt 0.495825 0.214758
vt 0.882345 0.895389
vt 0.889887 0.894245
vt 0.607525 0.077101
vt 0.598635 0.084646
vt 0.612014 0.086150
vt 0.550171 0.066921
vt 0.538306 0.068489
vt 0.536468 0.079456
vt 0.548808 0.078053
vt 0.759849 0.431391
vt 0.761222 0.380382
vt 0.742435 0.379814
vt 0.740804 0.430861
vt 0.625776 0.199515
vt 0.650386 0.191171
vt 0.646739 0.188598
vt 0.337539 0.203147
vt 0.316114 0.215015
vt 0.318185 0.218385
vt 0.340025 0.205838
vt 0.194283 0.022490
vt 0.480114 0.082425
vt 0.410470 0.983072
vt 0.385173 0.982709
vt 0.384770 0.986590
vt 0.492574 0.253934
vt 0.492085 0.256705
vt 0.638339 0.182760
vt 0.648289 0.589529
vt 0.135578 0.446750
vt 0.136052 0.498040
vt 0.897950 0.294363
vt 0.904059 0.290350
vt 0.599559 0.434916
vt 0.573671 0.434635
vt 0.514887 0.529232
vt 0.487758 0.528636
vt 0.486750 0.551130
vt 0.564308 0.258281
vt 0.025790 0.395046
vt 0.052203 0.394943
vt 0.547583 0.433700
vt 0.499686 0.111650
vt 0.498621 0.126932
vt 0.514759 0.126755
vt 0.515489 0.110035
vt 0.603033 0.096954
vt 0.617813 0.098278
vt 0.594132 0.182321
vt 0.147329 0.061207
vt 0.143978 0.059720
vt 0.485691 0.588317
vt 0.648579 0.569257
vt 0.484534 0.142065
vt 0.875709 0.326322
vt 0.850255 0.375339
vt 0.876888 0.375649
vt 0.625665 0.434668
vt 0.488441 0.098411
vt 0.671405 0.569362
vt 0.671042 0.589476
vt 0.099428 0.543346
vt 0.078443 0.543288
vt 0.521347 0.432779
vt 0.517627 0.483697
vt 0.778907 0.380089
vt 0.797902 0.378407
vt 0.486177 0.567945
vt 0.490563 0.483000
vt 0.494650 0.431897
vt 0.889050 0.844881
vt 0.882202 0.845589
vt 0.777404 0.431554
vt 0.797762 0.430948
vt 0.460928 0.567285
vt 0.460529 0.587477
vt 0.461102 0.528131
vt 0.460880 0.550908
vt 0.463553 0.482329
vt 0.467733 0.430956
vt 0.882027 0.580058
vt 0.891780 0.556619
vt 0.881998 0.557271
vt 0.777722 0.483140
vt 0.797574 0.482050
vt 0.876142 0.564824
vt 0.854829 0.564282
vt 0.875089 0.525829
vt 0.875848 0.480266
vt 0.876609 0.429050
vt 0.850185 0.429984
vt 0.777897 0.528181
vt 0.795754 0.527108
vt 0.848427 0.551786
vt 0.854441 0.550352
vt 0.824093 0.430558
vt 0.840433 0.549469
vt 0.844094 0.554891
vt 0.824493 0.375564
vt 0.760168 0.331369
vt 0.777858 0.550565
vt 0.795102 0.549118
vt 0.955207 0.513956
vt 0.948088 0.515244
vt 0.819666 0.565660
vt 0.901555 0.654230
vt 0.903206 0.617964
vt 0.875661 0.548480
vt 0.730436 0.564951
vt 0.738689 0.565586
vt 0.561942 0.058343
vt 0.559970 0.066735
vt 0.272382 0.862355
vt 0.245273 0.864024
vt 0.201265 0.208085
vt 0.758631 0.528478
vt 0.759392 0.482849
vt 0.739137 0.482265
vt 0.736606 0.529714
vt 0.831840 0.695424
vt 0.843586 0.705329
vt 0.839228 0.695886
vt 0.846483 0.258387
vt 0.870860 0.257280
vt 0.870181 0.254183
vt 0.689347 0.378392
vt 0.716081 0.379189
vt 0.710331 0.529234
vt 0.299167 0.861015
vt 0.234673 0.136364
vt 0.713162 0.481757
vt 0.714599 0.430329
vt 0.241019 0.691280
vt 0.240404 0.713625
vt 0.706309 0.563686
vt 0.700915 0.565070
vt 0.703303 0.549413
vt 0.683845 0.526619
vt 0.681867 0.548682
vt 0.558975 0.077745
vt 0.686225 0.481092
vt 0.687778 0.429713
vt 0.325797 0.860274
vt 0.352423 0.860028
vt 0.242371 0.674754
vt 0.266013 0.674336
vt 0.268480 0.757400
vt 0.241469 0.759823
vt 0.243190 0.811919
vt 0.270257 0.810285
vt 0.379175 0.860108
vt 0.292539 0.673822
vt 0.295751 0.753856
vt 0.297398 0.807868
vt 0.405920 0.860422
vt 0.319677 0.673679
vt 0.322619 0.756322
vt 0.324137 0.808477
vt 0.346997 0.673752
vt 0.349341 0.758309
vt 0.350799 0.809248
vt 0.455260 0.860928
vt 0.431984 0.860744
vt 0.374458 0.673628
vt 0.376331 0.758278
vt 0.377596 0.809335
vt 0.115084 0.543468
vt 0.401763 0.673360
vt 0.403483 0.758100
vt 0.404533 0.809418
vt 0.428452 0.672944
vt 0.430118 0.757777
vt 0.430976 0.809383
vt 0.675206 0.985152
vt 0.450889 0.672514
vt 0.452803 0.757057
vt 0.451480 0.711159
vt 0.454147 0.808995
vt 0.236263 0.580342
vt 0.214306 0.580529
vt 0.215319 0.496915
vt 0.237753 0.496634
vt 0.238178 0.445215
vt 0.214953 0.445680
vt 0.188234 0.580941
vt 0.189002 0.497289
vt 0.188450 0.446047
vt 0.896421 0.352068
vt 0.896635 0.310790
vt 0.892360 0.351965
vt 0.136039 0.543416
vt 0.731767 0.551366
vt 0.739890 0.549816
vt 0.161972 0.497675
vt 0.161887 0.543081
vt 0.161446 0.446398
vt 0.161631 0.565138
vt 0.114875 0.565544
vt 0.135806 0.565456
vt 0.376918 0.171912
vt 0.358159 0.188559
vt 0.361282 0.191645
vt 0.379479 0.174572
vt 0.557346 0.178447
vt 0.548009 0.195473
vt 0.078374 0.497823
vt 0.078037 0.446474
vt 0.708507 0.551905
vt 0.896767 0.403503
vt 0.892147 0.403650
vt 0.052319 0.565424
vt 0.052485 0.543309
vt 0.052434 0.497799
vt 0.219201 0.270270
vt 0.197694 0.270923
vt 0.052161 0.446394
vt 0.878770 0.654845
vt 0.025642 0.581874
vt 0.025841 0.497911
vt 0.025643 0.446465
vt 0.003169 0.582132
vt 0.002824 0.498194
vt 0.002775 0.446756
vt 0.002706 0.395344
vt 0.567436 0.568932
vt 0.581389 0.188796
vt 0.563451 0.053940
vt 0.776092 0.622057
vt 0.500149 0.179943
vt 0.508294 0.170823
vt 0.974880 0.924844
vt 0.977618 0.934964
vt 0.983681 0.936255
vt 0.979262 0.926074
vt 0.232488 0.078027
vt 0.635078 0.095052
vt 0.438217 0.087079
vt 0.639540 0.110057
vt 0.588079 0.094446
vt 0.712241 0.989233
vt 0.521931 0.175055
vt 0.518295 0.159910
vt 0.503331 0.157124
vt 0.621385 0.111751
vt 0.558378 0.125800
vt 0.532293 0.108814
vt 0.531925 0.126544
vt 0.546687 0.126179
vt 0.546798 0.108051
vt 0.605888 0.110883
vt 0.569265 0.176873
vt 0.583155 0.173425
vt 0.305083 0.090392
vt 0.757506 0.566930
vt 0.758075 0.550623
vt 0.596455 0.168711
vt 0.904366 0.310867
vt 0.415985 0.259002
vt 0.391643 0.253498
vt 0.261568 0.090215
vt 0.261972 0.104766
vt 0.246941 0.090439
vt 0.230522 0.091062
vt 0.303836 0.134781
vt 0.547360 0.090603
vt 0.104974 0.993914
vt 0.533753 0.091356
vt 0.891066 0.509880
vt 0.882920 0.510268
vt 0.515727 0.143668
vt 0.499864 0.142339
vt 0.532586 0.144510
vt 0.557978 0.161872
vt 0.558379 0.144186
vt 0.547013 0.144590
vt 0.893465 0.844939
vt 0.893964 0.894200
vt 0.901287 0.894519
vt 0.901143 0.845184
vt 0.291192 0.259930
vt 0.265770 0.256171
vt 0.886713 0.351570
vt 0.891728 0.456652
vt 0.885000 0.457174
vt 0.480441 0.994407
vt 0.481626 0.999059
vt 0.506734 0.994016
vt 0.879838 0.749505
vt 0.880746 0.794508
vt 0.887562 0.794006
vt 0.887549 0.748605
vt 0.904320 0.403688
vt 0.904567 0.352747
vt 0.896669 0.456338
vt 0.905342 0.557265
vt 0.904085 0.510211
vt 0.895771 0.509734
vt 0.896092 0.556468
vt 0.886357 0.403710
vt 0.819580 0.549298
vt 0.316890 0.260518
vt 0.218270 0.020646
vt 0.241294 0.017221
vt 0.904592 0.597230
vt 0.896483 0.940971
vt 0.904163 0.941636
vt 0.887516 0.726076
vt 0.903887 0.456542
vt 0.366169 0.254000
vt 0.350493 0.043173
vt 0.532230 0.991588
vt 0.557984 0.990533
vt 0.260531 0.992369
vt 0.198538 0.996361
vt 0.219977 0.993109
vt 0.176911 0.996894
vt 0.764220 0.249886
vt 0.149765 0.154769
vt 0.335651 0.984586
vt 0.359929 0.983247
vt 0.384715 0.989588
vt 0.360433 0.987301
vt 0.360950 0.990566
vt 0.330110 0.035025
vt 0.156050 0.993723
vt 0.583239 0.991999
vt 0.311244 0.025533
vt 0.840316 0.997226
vt 0.865975 0.999059
vt 0.435019 0.983424
vt 0.312271 0.994592
vt 0.337098 0.992636
vt 0.336527 0.988911
vt 0.311659 0.990636
vt 0.199489 0.210373
vt 0.118382 0.993028
vt 0.457497 0.988120
vt 0.221879 0.221324
vt 0.587391 0.261694
vt 0.297005 0.228624
vt 0.220085 0.224392
vt 0.588156 0.258209
vt 0.175775 0.272148
vt 0.676355 0.988924
vt 0.653888 0.988269
vt 0.151172 0.266806
vt 0.830264 0.669182
vt 0.833890 0.679180
vt 0.841605 0.679553
vt 0.845102 0.669740
vt 0.172859 0.264696
vt 0.174439 0.268227
vt 0.515276 0.264283
vt 0.687196 0.991046
vt 0.491636 0.259813
vt 0.332291 0.031779
vt 0.312609 0.022245
vt 0.353064 0.040089
vt 0.373814 0.048105
vt 0.388577 0.149996
vt 0.390882 0.058740
vt 0.397578 0.077266
vt 0.395506 0.102186
vt 0.342221 0.257624
vt 0.395255 0.128626
vt 0.391324 0.152806
vt 0.594744 0.680840
vt 0.197627 0.212449
vt 0.451077 0.688891
vt 0.140537 0.131288
vt 0.016318 0.269011
vt 0.036367 0.268720
vt 0.673850 0.253361
vt 0.744630 0.254666
vt 0.743953 0.258479
vt 0.680253 0.565167
vt 0.720582 0.256031
vt 0.696355 0.250965
vt 0.286709 0.994382
vt 0.287162 0.997125
vt 0.261246 0.995807
vt 0.262033 0.999059
vt 0.697624 0.244204
vt 0.697042 0.247512
vt 0.721558 0.252503
vt 0.722565 0.248136
vt 0.745425 0.249827
vt 0.820989 0.259380
vt 0.259590 0.017703
vt 0.278057 0.232827
vt 0.135733 0.990952
vt 0.775136 0.658066
vt 0.834276 0.549947
vt 0.050698 0.692234
vt 0.076520 0.692119
vt 0.712079 0.555654
vt 0.844759 0.575378
vt 0.829456 0.576019
vt 0.006803 0.928600
vt 0.848440 0.681799
vt 0.855377 0.679875
vt 0.848280 0.693410
vt 0.945251 0.552404
vt 0.950650 0.550039
vt 0.944920 0.538832
vt 0.826035 0.564624
vt 0.936392 0.553172
vt 0.939913 0.553624
vt 0.939803 0.539832
vt 0.936172 0.539664
vt 0.968287 0.528033
vt 0.972002 0.521192
vt 0.966580 0.517839
vt 0.963215 0.526104
vt 0.843544 0.690496
vt 0.828995 0.690870
vt 0.826161 0.680422
vt 0.830092 0.684438
vt 0.833164 0.566888
vt 0.829853 0.561365
vt 0.971291 0.529535
vt 0.976477 0.527128
vt 0.826182 0.550601
vt 0.830885 0.554684
vt 0.938640 0.527953
vt 0.937484 0.522198
vt 0.933562 0.524512
vt 0.935013 0.529003
vt 0.942326 0.518596
vt 0.944283 0.526312
vt 0.967337 0.539345
vt 0.970291 0.540601
vt 0.959966 0.575300
vt 0.958250 0.560299
vt 0.954420 0.560647
vt 0.955529 0.575434
vt 0.958781 0.524762
vt 0.960626 0.515160
vt 0.848434 0.563124
vt 0.843142 0.561394
vt 0.839643 0.566492
vt 0.968334 0.552442
vt 0.971232 0.554009
vt 0.957021 0.547909
vt 0.957397 0.536105
vt 0.954073 0.548399
vt 0.950719 0.562981
vt 0.953799 0.628632
vt 0.953326 0.612252
vt 0.949148 0.612526
vt 0.949688 0.628541
vt 0.933181 0.598073
vt 0.938359 0.598062
vt 0.939905 0.583052
vt 0.935484 0.582986
vt 0.972261 0.581394
vt 0.976004 0.582414
vt 0.974034 0.568397
vt 0.970905 0.566831
vt 0.944297 0.596876
vt 0.950168 0.594825
vt 0.951169 0.577589
vt 0.945578 0.581120
vt 0.945375 0.566565
vt 0.971836 0.596681
vt 0.976413 0.597061
vt 0.933996 0.642969
vt 0.938724 0.642336
vt 0.936794 0.628500
vt 0.931771 0.628929
vt 0.959411 0.593520
vt 0.954459 0.593703
vt 0.942808 0.613091
vt 0.955368 0.667777
vt 0.954515 0.654124
vt 0.950906 0.654132
vt 0.951236 0.667935
vt 0.972053 0.627601
vt 0.976594 0.627357
vt 0.976693 0.612350
vt 0.972019 0.612442
vt 0.944583 0.642159
vt 0.950724 0.642221
vt 0.943020 0.628418
vt 0.970733 0.641500
vt 0.975094 0.641236
vt 0.958250 0.642457
vt 0.958449 0.628579
vt 0.954309 0.642340
vt 0.945355 0.654286
vt 0.970827 0.666112
vt 0.975129 0.665273
vt 0.974112 0.652952
vt 0.969874 0.653479
vt 0.945208 0.667972
vt 0.945155 0.682525
vt 0.952363 0.683138
vt 0.972859 0.679012
vt 0.977277 0.677415
vt 0.959602 0.667543
vt 0.958356 0.654225
vt 0.957201 0.682555
vt 0.961758 0.681574
vt 0.977694 0.687190
vt 0.966834 0.680547
vt 0.971486 0.691027
vt 0.964332 0.694109
vt 0.943697 0.692173
vt 0.950535 0.695430
vt 0.938445 0.681111
vt 0.937214 0.688882
vt 0.939692 0.667741
vt 0.964768 0.667140
vt 0.963603 0.654167
vt 0.931410 0.686427
vt 0.933443 0.679775
vt 0.940057 0.654526
vt 0.964078 0.642258
vt 0.965088 0.628290
vt 0.935057 0.667626
vt 0.965099 0.612285
vt 0.958310 0.612137
vt 0.935540 0.655008
vt 0.936663 0.613505
vt 0.965366 0.594944
vt 0.966081 0.578189
vt 0.964697 0.563086
vt 0.931410 0.613653
vt 0.939892 0.568427
vt 0.962386 0.549593
vt 0.962074 0.537350
vt 0.936066 0.568137
vt 0.957705 0.696043
vt 0.844307 0.684102
vt 0.982953 0.682627
vt 0.773282 0.814780
vt 0.486019 0.680699
vt 0.774735 0.678725
vt 0.670700 0.624936
vt 0.879632 0.727150
vt 0.713028 0.679888
vt 0.710938 0.684314
vt 0.733719 0.694755
vt 0.726845 0.691465
vt 0.905414 0.580334
vt 0.670773 0.680791
vt 0.670772 0.660470
vt 0.772940 0.866705
vt 0.671787 0.553075
vt 0.718818 0.679658
vt 0.680418 0.678076
vt 0.869754 0.251374
vt 0.001341 0.692845
vt 0.024252 0.692506
vt 0.160041 0.691388
vt 0.187278 0.691188
vt 0.213908 0.691090
vt 0.236552 0.691098
vt 0.449873 0.560846
vt 0.426937 0.560960
vt 0.400239 0.561281
vt 0.373148 0.561737
vt 0.346176 0.562284
vt 0.319489 0.562767
vt 0.292688 0.562996
vt 0.265968 0.562935
vt 0.240995 0.562877
vt 0.756447 0.678954
vt 0.876888 0.679011
vt 0.460299 0.681161
vt 0.460431 0.660346
vt 0.955986 0.845151
vt 0.959966 0.846464
vt 0.960433 0.830529
vt 0.955976 0.828382
vt 0.958209 0.928888
vt 0.954494 0.930266
vt 0.953969 0.945158
vt 0.959777 0.942890
vt 0.459778 0.623744
vt 0.979078 0.794334
vt 0.981980 0.781851
vt 0.977129 0.781782
vt 0.974754 0.794523
vt 0.939641 0.779175
vt 0.946163 0.773793
vt 0.943229 0.761462
vt 0.936268 0.768010
vt 0.711755 0.690380
vt 0.957760 0.771078
vt 0.963889 0.774348
vt 0.966002 0.761302
vt 0.957991 0.756162
vt 0.724095 0.684780
vt 0.953076 0.770382
vt 0.953654 0.784210
vt 0.957917 0.785107
vt 0.724065 0.561634
vt 0.718923 0.566816
vt 0.986489 0.781083
vt 0.993471 0.772809
vt 0.986523 0.773020
vt 0.963246 0.788096
vt 0.724724 0.555170
vt 0.983008 0.792471
vt 0.980469 0.771854
vt 0.971061 0.779332
vt 0.973661 0.768035
vt 0.951362 0.756505
vt 0.969346 0.792385
vt 0.977473 0.807284
vt 0.973237 0.807453
vt 0.961906 0.801284
vt 0.967788 0.805359
vt 0.960876 0.815247
vt 0.956358 0.812473
vt 0.953093 0.797548
vt 0.957113 0.798424
vt 0.966662 0.819123
vt 0.979026 0.833489
vt 0.979768 0.819210
vt 0.976310 0.820964
vt 0.975543 0.834693
vt 0.952162 0.811778
vt 0.951317 0.844411
vt 0.951290 0.860277
vt 0.955840 0.861232
vt 0.972133 0.821059
vt 0.971269 0.834795
vt 0.965815 0.833439
vt 0.965266 0.848035
vt 0.955626 0.888200
vt 0.959211 0.887610
vt 0.959105 0.875427
vt 0.955663 0.875342
vt 0.951363 0.887972
vt 0.951505 0.902408
vt 0.955485 0.902102
vt 0.951405 0.827846
vt 0.959541 0.861922
vt 0.964863 0.862221
vt 0.958646 0.914766
vt 0.955103 0.916502
vt 0.974161 0.873632
vt 0.974807 0.861188
vt 0.970183 0.861748
vt 0.969650 0.874069
vt 0.964479 0.874871
vt 0.973664 0.885279
vt 0.969481 0.885353
vt 0.964619 0.886274
vt 0.964658 0.925992
vt 0.964585 0.911619
vt 0.951424 0.874593
vt 0.977666 0.913111
vt 0.973756 0.910815
vt 0.959235 0.900623
vt 0.964814 0.898097
vt 0.973581 0.897345
vt 0.969599 0.896929
vt 0.969731 0.910149
vt 0.951547 0.916974
vt 0.950868 0.930561
vt 0.942047 0.941506
vt 0.945725 0.929123
vt 0.939690 0.925087
vt 0.936268 0.936338
vt 0.948488 0.944461
vt 0.966240 0.938569
vt 0.972257 0.935614
vt 0.970409 0.924392
vt 0.946348 0.915496
vt 0.940190 0.911481
vt 0.945844 0.900893
vt 0.939641 0.897493
vt 0.945424 0.886670
vt 0.939515 0.884668
vt 0.945535 0.873431
vt 0.939819 0.872544
vt 0.977443 0.899136
vt 0.945483 0.859581
vt 0.939845 0.859720
vt 0.945611 0.844937
vt 0.940107 0.846305
vt 0.977625 0.886110
vt 0.978238 0.873764
vt 0.970681 0.848454
vt 0.945346 0.829965
vt 0.940043 0.832719
vt 0.978955 0.860771
vt 0.945600 0.814590
vt 0.940024 0.818646
vt 0.975325 0.848093
vt 0.979390 0.847232
vt 0.946313 0.800275
vt 0.940288 0.804760
vt 0.946879 0.787014
vt 0.940367 0.791689
vt 0.981086 0.805286
vt 0.710762 0.561719
vt 0.712587 0.566617
s 1
usemtl T_duffel_bag
f 4/1/1 1/2/2 2/3/3
f 2/3/3 3/4/4 4/1/1
f 7/5/5 5/6/6 6/7/7
f 6/7/7 3/4/4 7/5/5
f 11/8/8 8/9/9 9/10/10
f 9/10/10 10/11/11 11/8/8
f 5/6/6 12/12/12 13/13/13
f 13/13/13 6/7/7 5/6/6
f 17/14/14 14/15/15 15/16/16
f 15/16/16 16/17/17 17/14/14
f 21/18/18 18/19/19 19/20/20
f 19/20/20 20/21/21 21/18/18
f 25/22/22 22/23/23 23/24/24
f 23/24/24 24/25/25 25/22/22
f 29/26/12 26/27/26 27/28/27
f 27/28/27 28/29/28 29/26/12
f 33/30/29 30/31/30 31/32/31
f 31/32/31 32/33/32 33/30/29
f 26/27/26 34/34/33 35/35/34
f 35/35/34 27/28/27 26/27/26
f 39/36/35 36/37/36 37/38/37
f 37/38/37 38/39/38 39/36/35
f 43/40/39 40/41/40 41/42/41
f 41/42/41 42/43/42 43/40/39
f 47/44/43 44/45/44 45/46/45
f 45/46/45 46/47/46 47/44/43
f 51/48/47 48/49/48 49/50/49
f 49/50/49 50/51/50 51/48/47
f 55/52/51 52/53/52 53/54/53
f 53/54/53 54/55/54 55/52/51
f 57/56/55 56/57/56 54/55/54
f 54/55/54 53/54/53 57/56/55
f 61/58/57 58/59/58 59/60/59
f 59/60/59 60/61/60 61/58/57
f 64/62/56 62/63/61 59/60/59
f 59/60/59 63/64/54 64/62/56
f 68/65/62 65/66/63 66/67/64
f 66/67/64 67/68/65 68/65/62
f 62/63/61 69/69/66 60/61/60
f 60/61/60 59/60/59 62/63/61
f 73/70/67 70/71/68 71/72/69
f 71/72/69 72/73/70 73/70/67
f 77/74/71 74/75/72 75/76/73
f 75/76/73 76/77/74 77/74/71
f 69/69/66 78/78/75 79/79/76
f 79/79/76 60/61/60 69/69/66
f 83/80/77 80/81/78 81/82/79
f 81/82/79 82/83/80 83/80/77
f 87/84/81 84/85/82 85/86/83
f 85/86/83 86/87/84 87/84/81
f 78/78/75 88/88/85 89/89/86
f 89/89/86 79/79/76 78/78/75
f 93/90/87 90/91/88 91/92/89
f 91/92/89 92/93/90 93/90/87
f 97/94/91 94/95/92 95/96/93
f 95/96/93 96/97/94 97/94/91
f 88/88/85 98/98/95 99/99/96
f 99/99/96 89/89/86 88/88/85
f 103/100/97 100/101/98 101/102/99
f 101/102/99 102/103/100 103/100/97
f 107/104/101 104/105/102 105/106/103
f 105/106/103 106/107/104 107/104/101
f 98/98/95 108/108/105 109/109/106
f 109/109/106 99/99/96 98/98/95
f 113/110/107 110/111/108 111/112/109
f 111/112/109 112/113/110 113/110/107
f 108/108/105 114/114/111 115/115/112
f 115/115/112 109/109/106 108/108/105
f 119/116/113 116/117/114 117/118/115
f 117/118/115 118/119/116 119/116/113
f 121/120/117 120/121/118 78/78/75
f 78/78/75 69/69/66 121/120/117
f 125/122/119 122/123/120 123/124/121
f 123/124/121 124/125/122 125/122/119
f 128/126/123 126/127/124 127/128/125
f 127/128/125 115/115/112 128/126/123
f 114/114/111 129/129/126 128/126/123
f 128/126/123 115/115/112 114/114/111
f 133/130/127 130/131/128 131/132/129
f 131/132/129 132/133/130 133/130/127
f 137/134/131 134/135/132 135/136/133
f 135/136/133 136/137/134 137/134/131
f 141/138/135 138/139/136 139/140/137
f 139/140/137 140/141/138 141/138/135
f 143/142/139 142/143/140 133/130/127
f 133/130/127 132/133/130 143/142/139
f 147/144/141 144/145/142 145/146/143
f 145/146/143 146/147/144 147/144/141
f 148/148/145 137/134/131 136/137/134
f 136/137/134 87/84/81 148/148/145
f 150/149/146 149/150/147 130/131/128
f 130/131/128 133/130/127 150/149/146
f 142/143/140 151/151/148 150/149/146
f 150/149/146 133/130/127 142/143/140
f 153/152/149 152/153/150 108/108/105
f 108/108/105 98/98/95 153/152/149
f 86/87/84 85/86/83 149/150/147
f 149/150/147 150/149/146 86/87/84
f 157/154/151 154/155/152 155/156/153
f 155/156/153 156/157/154 157/154/151
f 160/158/155 158/159/156 159/160/157
f 159/160/157 151/151/148 160/158/155
f 151/151/148 159/160/157 86/87/84
f 86/87/84 150/149/146 151/151/148
f 164/161/158 161/162/159 162/163/160
f 162/163/160 163/164/161 164/161/158
f 168/165/162 165/166/163 166/167/164
f 166/167/164 167/168/165 168/165/162
f 170/169/166 169/170/167 26/27/26
f 26/27/26 29/26/12 170/169/166
f 174/171/168 171/172/169 172/173/170
f 172/173/170 173/174/171 174/171/168
f 138/139/136 141/138/135 135/136/133
f 135/136/133 175/175/172 138/139/136
f 179/176/173 176/177/174 177/178/175
f 177/178/175 178/179/176 179/176/173
f 2/3/3 1/2/2 180/180/177
f 180/180/177 181/181/178 2/3/3
f 185/182/179 182/183/180 183/184/181
f 183/184/181 184/185/182 185/182/179
f 189/186/183 186/187/184 187/188/185
f 187/188/185 188/189/186 189/186/183
f 193/190/187 190/191/188 191/192/189
f 191/192/189 192/193/190 193/190/187
f 175/175/172 194/194/191 195/195/192
f 195/195/192 196/196/193 175/175/172
f 199/197/194 197/198/195 198/199/196
f 198/199/196 139/140/137 199/197/194
f 195/195/192 200/200/197 201/201/198
f 201/201/198 196/196/193 195/195/192
f 205/202/199 202/203/200 203/204/201
f 203/204/201 204/205/202 205/202/199
f 209/206/203 206/207/204 207/208/205
f 207/208/205 208/209/206 209/206/203
f 184/185/182 183/184/181 210/210/207
f 210/210/207 211/211/208 184/185/182
f 201/201/198 212/212/209 213/213/210
f 213/213/210 196/196/193 201/201/198
f 217/214/211 214/215/212 215/216/213
f 215/216/213 216/217/214 217/214/211
f 144/145/142 218/218/215 219/219/216
f 219/219/216 145/146/143 144/145/142
f 220/220/217 2/3/3 181/181/178
f 181/181/178 219/219/216 220/220/217
f 223/221/218 221/222/219 187/188/185
f 187/188/185 222/223/220 223/221/218
f 219/219/216 181/181/178 224/224/221
f 224/224/221 145/146/143 219/219/216
f 186/187/184 225/225/222 222/223/220
f 222/223/220 187/188/185 186/187/184
f 227/226/223 226/227/224 142/143/140
f 142/143/140 143/142/139 227/226/223
f 231/228/225 228/229/226 229/230/227
f 229/230/227 230/231/228 231/228/225
f 235/232/229 232/233/230 233/234/231
f 233/234/231 234/235/232 235/232/229
f 224/224/221 216/217/214 215/216/213
f 215/216/213 236/236/233 224/224/221
f 240/237/234 237/238/235 238/239/236
f 238/239/236 239/240/237 240/237/234
f 244/241/238 241/242/239 242/243/240
f 242/243/240 243/244/241 244/241/238
f 248/245/242 245/246/243 246/247/244
f 246/247/244 247/248/245 248/245/242
f 2/3/3 220/220/217 7/5/5
f 7/5/5 3/4/4 2/3/3
f 177/178/175 249/249/246 250/250/247
f 250/250/247 251/251/248 177/178/175
f 252/252/249 217/214/211 216/217/214
f 216/217/214 180/180/177 252/252/249
f 256/253/250 253/254/251 254/255/252
f 254/255/252 255/256/253 256/253/250
f 181/181/178 180/180/177 216/217/214
f 216/217/214 224/224/221 181/181/178
f 260/257/254 257/258/255 258/259/256
f 258/259/256 259/260/257 260/257/254
f 264/261/258 261/262/259 262/263/260
f 262/263/260 263/264/261 264/261/258
f 266/265/262 265/266/263 212/212/209
f 212/212/209 201/201/198 266/265/262
f 270/267/264 267/268/265 268/269/266
f 268/269/266 269/270/267 270/267/264
f 274/271/268 271/272/269 272/273/270
f 272/273/270 273/274/271 274/271/268
f 268/269/266 275/275/272 276/276/273
f 276/276/273 269/270/267 268/269/266
f 267/268/265 277/277/274 278/278/275
f 278/278/275 268/269/266 267/268/265
f 269/270/267 279/279/276 280/280/277
f 280/280/277 270/267/264 269/270/267
f 269/270/267 276/276/273 281/281/278
f 281/281/278 279/279/276 269/270/267
f 285/282/279 282/283/280 283/284/281
f 283/284/281 284/285/282 285/282/279
f 236/236/233 215/216/213 286/286/283
f 286/286/283 287/287/284 236/236/233
f 211/211/208 210/210/207 288/288/285
f 288/288/285 289/289/286 211/211/208
f 265/266/263 290/290/287 291/291/288
f 291/291/288 212/212/209 265/266/263
f 295/292/289 292/293/290 293/294/291
f 293/294/291 294/295/292 295/292/289
f 293/294/291 259/260/257 258/259/256
f 258/259/256 294/295/292 293/294/291
f 146/147/144 145/146/143 224/224/221
f 224/224/221 236/236/233 146/147/144
f 299/296/293 296/297/294 297/298/295
f 297/298/295 298/299/296 299/296/293
f 287/287/284 286/286/283 300/300/297
f 300/300/297 301/301/298 287/287/284
f 212/212/209 291/291/288 199/197/194
f 199/197/194 213/213/210 212/212/209
f 295/292/289 294/295/292 179/176/173
f 179/176/173 289/289/286 295/292/289
f 178/179/176 177/178/175 251/251/248
f 251/251/248 302/302/299 178/179/176
f 304/303/300 287/287/284 301/301/298
f 301/301/298 303/304/301 304/303/300
f 307/305/302 190/191/188 305/306/303
f 305/306/303 306/307/304 307/305/302
f 292/293/290 295/292/289 308/308/305
f 308/308/305 309/309/306 292/293/290
f 312/310/307 310/311/308 311/312/309
f 311/312/309 188/189/186 312/310/307
f 196/196/193 213/213/210 138/139/136
f 138/139/136 175/175/172 196/196/193
f 139/140/137 138/139/136 213/213/210
f 213/213/210 199/197/194 139/140/137
f 173/174/171 172/173/170 313/313/310
f 313/313/310 314/314/311 173/174/171
f 302/302/299 251/251/248 97/94/91
f 97/94/91 315/315/312 302/302/299
f 319/316/313 316/317/314 317/318/315
f 317/318/315 318/319/316 319/316/313
f 323/320/317 320/321/318 321/322/319
f 321/322/319 322/323/320 323/320/317
f 324/324/321 252/252/249 180/180/177
f 180/180/177 1/2/2 324/324/321
f 184/185/182 302/302/299 315/315/312
f 315/315/312 185/182/179 184/185/182
f 97/94/91 96/97/94 325/325/322
f 325/325/322 315/315/312 97/94/91
f 124/125/122 326/326/323 327/327/324
f 327/327/324 328/328/325 124/125/122
f 330/329/326 329/330/327 328/328/325
f 328/328/325 327/327/324 330/329/326
f 334/331/328 331/332/329 332/333/330
f 332/333/330 333/334/331 334/331/328
f 338/335/332 335/336/333 336/337/334
f 336/337/334 337/338/335 338/335/332
f 342/339/336 339/340/337 340/341/338
f 340/341/338 341/342/339 342/339/336
f 291/291/288 343/343/340 197/198/195
f 197/198/195 199/197/194 291/291/288
f 347/344/341 344/345/342 345/346/343
f 345/346/343 346/347/344 347/344/341
f 350/348/345 348/349/346 349/350/347
f 349/350/347 84/85/82 350/348/345
f 202/203/200 351/351/348 352/352/349
f 352/352/349 203/204/201 202/203/200
f 355/353/350 353/354/351 316/317/314
f 316/317/314 354/355/352 355/353/350
f 353/354/351 356/356/353 317/318/315
f 317/318/315 316/317/314 353/354/351
f 360/357/354 357/358/355 358/359/356
f 358/359/356 359/360/357 360/357/354
f 223/221/218 96/97/94 95/96/93
f 95/96/93 221/222/219 223/221/218
f 359/360/357 361/361/358 362/362/359
f 362/362/359 360/357/354 359/360/357
f 364/363/360 363/364/361 361/361/358
f 361/361/358 359/360/357 364/363/360
f 368/365/362 365/366/363 366/367/364
f 366/367/364 367/368/365 368/365/362
f 349/350/347 369/369/366 85/86/83
f 85/86/83 84/85/82 349/350/347
f 372/370/367 370/371/368 371/372/369
f 371/372/369 337/338/335 372/370/367
f 337/338/335 336/337/334 373/373/370
f 373/373/370 372/370/367 337/338/335
f 375/374/371 374/375/372 372/370/367
f 372/370/367 373/373/370 375/374/371
f 261/262/259 264/261/258 376/376/373
f 376/376/373 377/377/374 261/262/259
f 325/325/322 96/97/94 223/221/218
f 223/221/218 341/342/339 325/325/322
f 340/341/338 378/378/375 325/325/322
f 325/325/322 341/342/339 340/341/338
f 106/107/104 379/379/376 380/380/377
f 380/380/377 381/381/378 106/107/104
f 311/312/309 382/382/379 243/244/241
f 243/244/241 383/383/380 311/312/309
f 304/303/300 30/31/30 147/144/141
f 147/144/141 146/147/144 304/303/300
f 387/384/381 384/385/382 385/386/383
f 385/386/383 386/387/384 387/384/381
f 222/223/220 342/339/336 341/342/339
f 341/342/339 223/221/218 222/223/220
f 388/388/385 107/104/101 106/107/104
f 106/107/104 381/381/378 388/388/385
f 392/389/386 389/390/387 390/391/388
f 390/391/388 391/392/389 392/389/386
f 381/381/378 380/380/377 393/393/390
f 393/393/390 394/394/391 381/381/378
f 396/395/392 395/396/393 336/337/334
f 336/337/334 335/336/333 396/395/392
f 393/393/390 339/340/337 342/339/336
f 342/339/336 394/394/391 393/393/390
f 397/397/394 155/156/153 154/155/152
f 154/155/152 158/159/156 397/397/394
f 399/398/395 398/399/396 130/131/128
f 130/131/128 149/150/147 399/398/395
f 225/225/222 388/388/385 381/381/378
f 381/381/378 394/394/391 225/225/222
f 156/157/154 155/156/153 400/400/397
f 400/400/397 401/401/398 156/157/154
f 403/402/399 127/128/125 126/127/124
f 126/127/124 402/403/400 403/402/399
f 107/104/101 388/388/385 404/404/401
f 404/404/401 405/405/402 107/104/101
f 407/406/403 406/407/404 7/5/5
f 7/5/5 220/220/217 407/406/403
f 411/408/405 408/409/406 409/410/407
f 409/410/407 410/411/408 411/408/405
f 186/187/184 404/404/401 388/388/385
f 388/388/385 225/225/222 186/187/184
f 415/412/409 412/413/410 413/414/411
f 413/414/411 414/415/412 415/412/409
f 419/416/413 416/417/414 417/418/415
f 417/418/415 418/419/416 419/416/413
f 115/115/112 127/128/125 420/420/417
f 420/420/417 109/109/106 115/115/112
f 419/416/413 418/419/416 421/421/418
f 421/421/418 422/422/419 419/416/413
f 424/423/420 65/66/63 68/65/62
f 68/65/62 423/424/421 424/423/420
f 244/241/238 230/231/228 208/209/206
f 208/209/206 241/242/239 244/241/238
f 425/425/422 241/242/239 208/209/206
f 208/209/206 207/208/205 425/425/422
f 427/426/423 77/74/71 76/77/74
f 76/77/74 426/427/424 427/426/423
f 430/428/425 428/429/426 429/430/427
f 429/430/427 420/420/417 430/428/425
f 148/148/145 154/155/152 157/154/151
f 157/154/151 137/134/131 148/148/145
f 140/141/138 348/349/346 350/348/345
f 350/348/345 141/138/135 140/141/138
f 104/105/102 427/426/423 426/427/424
f 426/427/424 105/106/103 104/105/102
f 159/160/157 148/148/145 87/84/81
f 87/84/81 86/87/84 159/160/157
f 432/431/428 431/432/429 429/430/427
f 429/430/427 428/429/426 432/431/428
f 176/177/174 433/433/430 249/249/246
f 249/249/246 177/178/175 176/177/174
f 77/74/71 427/426/423 425/425/422
f 425/425/422 207/208/205 77/74/71
f 437/434/431 434/435/432 435/436/433
f 435/436/433 436/437/434 437/434/431
f 438/438/435 61/58/57 60/61/60
f 60/61/60 79/79/76 438/438/435
f 104/105/102 439/439/436 425/425/422
f 425/425/422 427/426/423 104/105/102
f 186/187/184 189/186/183 440/440/437
f 440/440/437 404/404/401 186/187/184
f 75/76/73 101/102/99 100/101/98
f 100/101/98 76/77/74 75/76/73
f 89/89/86 431/432/429 438/438/435
f 438/438/435 79/79/76 89/89/86
f 418/419/416 441/441/438 442/442/439
f 442/442/439 421/421/418 418/419/416
f 436/437/434 435/436/433 443/443/440
f 443/443/440 444/444/441 436/437/434
f 448/445/442 445/446/443 446/447/444
f 446/447/444 447/448/445 448/445/442
f 290/290/287 449/449/446 343/343/340
f 343/343/340 291/291/288 290/290/287
f 451/450/447 450/451/448 436/437/434
f 436/437/434 444/444/441 451/450/447
f 453/452/449 452/453/450 61/58/57
f 61/58/57 438/438/435 453/452/449
f 152/153/150 454/454/451 114/114/111
f 114/114/111 108/108/105 152/153/150
f 335/336/333 174/171/168 455/455/452
f 455/455/452 396/395/392 335/336/333
f 74/75/72 451/450/447 444/444/441
f 444/444/441 75/76/73 74/75/72
f 273/274/271 272/273/270 456/456/453
f 456/456/453 457/457/454 273/274/271
f 460/458/455 458/459/456 459/460/457
f 459/460/457 414/415/412 460/458/455
f 450/451/448 461/461/458 437/434/431
f 437/434/431 436/437/434 450/451/448
f 452/453/450 462/462/459 58/59/58
f 58/59/58 61/58/57 452/453/450
f 107/104/101 405/405/402 439/439/436
f 439/439/436 104/105/102 107/104/101
f 112/113/110 111/112/109 434/435/432
f 434/435/432 437/434/431 112/113/110
f 74/75/72 206/207/204 422/422/419
f 422/422/419 451/450/447 74/75/72
f 466/463/460 463/464/461 464/465/462
f 464/465/462 465/466/463 466/463/460
f 53/54/53 52/53/52 467/467/464
f 467/467/464 47/44/43 53/54/53
f 461/461/458 468/468/465 112/113/110
f 112/113/110 437/434/431 461/461/458
f 462/462/459 469/469/466 470/470/51
f 470/470/51 58/59/58 462/462/459
f 474/471/467 471/472/468 472/473/469
f 472/473/469 473/474/470 474/471/467
f 478/475/471 475/476/472 476/477/473
f 476/477/473 477/478/474 478/475/471
f 468/468/465 479/479/475 113/110/107
f 113/110/107 112/113/110 468/468/465
f 447/448/445 446/447/444 480/480/476
f 480/480/476 481/481/477 447/448/445
f 483/482/466 482/483/478 52/53/52
f 52/53/52 55/52/51 483/482/466
f 120/121/118 484/484/479 88/88/85
f 88/88/85 78/78/75 120/121/118
f 442/442/439 423/424/421 468/468/465
f 468/468/465 461/461/458 442/442/439
f 421/421/418 442/442/439 461/461/458
f 461/461/458 450/451/448 421/421/418
f 488/485/480 485/486/481 486/487/482
f 486/487/482 487/488/483 488/485/480
f 492/489/484 489/490/485 490/491/486
f 490/491/486 491/492/487 492/489/484
f 479/479/475 493/493/488 494/494/489
f 494/494/489 113/110/107 479/479/475
f 496/495/490 495/496/166 12/12/12
f 12/12/12 5/6/6 496/495/490
f 482/483/478 298/299/296 467/467/464
f 467/467/464 52/53/52 482/483/478
f 77/74/71 207/208/205 206/207/204
f 206/207/204 74/75/72 77/74/71
f 217/214/211 497/497/491 498/498/492
f 498/498/492 214/215/212 217/214/211
f 157/154/151 499/499/493 134/135/132
f 134/135/132 137/134/131 157/154/151
f 491/492/487 490/491/486 465/466/463
f 465/466/463 500/500/494 491/492/487
f 504/501/495 501/502/496 502/503/497
f 502/503/497 503/504/498 504/501/495
f 505/505/499 358/359/356 494/494/489
f 494/494/489 493/493/488 505/505/499
f 507/506/500 492/489/484 491/492/487
f 491/492/487 506/507/501 507/506/500
f 297/298/295 508/508/502 467/467/464
f 467/467/464 298/299/296 297/298/295
f 509/509/503 121/120/117 69/69/66
f 69/69/66 62/63/61 509/509/503
f 511/510/504 72/73/70 71/72/69
f 71/72/69 510/511/505 511/510/504
f 358/359/356 357/358/355 512/512/506
f 512/512/506 494/494/489 358/359/356
f 27/28/27 35/35/34 513/513/507
f 513/513/507 514/514/508 27/28/27
f 58/59/58 470/470/51 63/64/54
f 63/64/54 59/60/59 58/59/58
f 515/515/509 505/505/499 493/493/488
f 493/493/488 67/68/65 515/515/509
f 297/298/295 51/48/47 50/51/50
f 50/51/50 508/508/502 297/298/295
f 479/479/475 68/65/62 67/68/65
f 67/68/65 493/493/488 479/479/475
f 215/216/213 214/215/212 516/516/510
f 516/516/510 286/286/283 215/216/213
f 134/135/132 499/499/493 517/517/511
f 517/517/511 194/194/191 134/135/132
f 518/518/512 362/362/359 361/361/358
f 361/361/358 9/10/10 518/518/512
f 48/49/48 519/519/513 513/513/507
f 513/513/507 49/50/49 48/49/48
f 270/267/264 520/520/514 521/521/515
f 521/521/515 267/268/265 270/267/264
f 525/522/516 522/523/517 523/524/518
f 523/524/518 524/525/519 525/522/516
f 520/520/514 526/526/520 527/527/521
f 527/527/521 521/521/515 520/520/514
f 531/528/522 528/529/523 529/530/524
f 529/530/524 530/531/525 531/528/522
f 533/532/526 532/533/527 39/36/35
f 39/36/35 38/39/38 533/532/526
f 537/534/528 534/535/529 535/536/530
f 535/536/530 536/537/531 537/534/528
f 541/538/532 538/539/533 539/540/534
f 539/540/534 540/541/535 541/538/532
f 502/503/497 363/364/361 364/363/360
f 364/363/360 542/542/536 502/503/497
f 494/494/489 512/512/506 110/111/108
f 110/111/108 113/110/107 494/494/489
f 41/42/41 543/543/537 544/544/538
f 544/544/538 42/43/42 41/42/41
f 519/519/513 545/545/539 514/514/508
f 514/514/508 513/513/507 519/519/513
f 547/546/540 546/547/541 56/57/56
f 56/57/56 57/56/55 547/546/540
f 550/548/542 548/549/543 549/550/544
f 549/550/544 379/379/376 550/548/542
f 361/361/358 363/364/361 10/11/11
f 10/11/11 9/10/10 361/361/358
f 545/545/539 551/551/545 552/552/546
f 552/552/546 514/514/508 545/545/539
f 554/553/547 553/554/548 237/238/235
f 237/238/235 306/307/304 554/553/547
f 11/8/8 555/555/549 457/457/454
f 457/457/454 8/9/9 11/8/8
f 6/7/7 556/556/550 4/1/1
f 4/1/1 3/4/4 6/7/7
f 6/7/7 13/13/13 557/557/551
f 557/557/551 556/556/550 6/7/7
f 558/558/552 324/324/321 1/2/2
f 1/2/2 4/1/1 558/558/552
f 543/543/537 33/30/29 32/33/32
f 32/33/32 544/544/538 543/543/537
f 559/559/553 558/558/552 4/1/1
f 4/1/1 556/556/550 559/559/553
f 46/47/46 57/56/55 53/54/53
f 53/54/53 47/44/43 46/47/46
f 563/560/554 560/561/555 561/562/556
f 561/562/556 562/563/557 563/560/554
f 506/507/501 564/564/558 278/278/275
f 278/278/275 274/271/268 506/507/501
f 507/506/500 506/507/501 274/271/268
f 274/271/268 273/274/271 507/506/500
f 34/34/33 17/14/14 16/17/17
f 16/17/17 35/35/34 34/34/33
f 568/565/559 565/566/560 566/567/561
f 566/567/561 567/568/562 568/565/559
f 572/569/563 569/570/564 570/571/565
f 570/571/565 571/572/566 572/569/563
f 203/204/201 352/352/349 249/249/246
f 249/249/246 433/433/430 203/204/201
f 352/352/349 573/573/567 250/250/247
f 250/250/247 249/249/246 352/352/349
f 577/574/568 574/575/569 575/576/570
f 575/576/570 576/577/571 577/574/568
f 579/578/572 569/570/564 572/569/563
f 572/569/563 578/579/573 579/578/572
f 277/277/274 580/580/574 581/581/575
f 581/581/575 271/272/269 277/277/274
f 583/582/576 582/583/577 205/202/199
f 205/202/199 260/257/254 583/582/576
f 569/570/564 584/584/578 585/585/579
f 585/585/579 570/571/565 569/570/564
f 465/466/463 464/465/462 586/586/580
f 586/586/580 500/500/494 465/466/463
f 259/260/257 281/281/278 583/582/576
f 583/582/576 260/257/254 259/260/257
f 540/541/535 587/587/581 576/577/571
f 576/577/571 588/588/582 540/541/535
f 592/589/583 589/590/584 590/591/585
f 590/591/585 591/592/586 592/589/583
f 451/450/447 422/422/419 421/421/418
f 421/421/418 450/451/448 451/450/447
f 596/593/587 593/594/588 594/595/589
f 594/595/589 595/596/590 596/593/587
f 275/275/272 564/564/558 500/500/494
f 500/500/494 586/586/580 275/275/272
f 600/597/591 597/598/592 598/599/593
f 598/599/593 599/600/594 600/597/591
f 603/601/595 590/591/585 601/602/596
f 601/602/596 602/603/597 603/601/595
f 40/41/40 604/604/598 605/605/599
f 605/605/599 41/42/41 40/41/40
f 303/304/301 31/32/31 30/31/30
f 30/31/30 304/303/300 303/304/301
f 41/42/41 605/605/599 323/320/317
f 323/320/317 543/543/537 41/42/41
f 543/543/537 323/320/317 322/323/320
f 322/323/320 33/30/29 543/543/537
f 606/606/600 24/25/25 200/200/197
f 200/200/197 195/195/192 606/606/600
f 33/30/29 322/323/320 147/144/141
f 147/144/141 30/31/30 33/30/29
f 225/225/222 394/394/391 342/339/336
f 342/339/336 222/223/220 225/225/222
f 555/555/549 507/506/500 273/274/271
f 273/274/271 457/457/454 555/555/549
f 608/607/601 321/322/319 320/321/318
f 320/321/318 607/608/602 608/607/601
f 610/609/603 609/610/604 92/93/90
f 92/93/90 91/92/89 610/609/603
f 320/321/318 611/611/605 612/612/606
f 612/612/606 607/608/602 320/321/318
f 488/485/480 487/488/483 93/90/87
f 93/90/87 92/93/90 488/485/480
f 609/610/604 613/613/607 488/485/480
f 488/485/480 92/93/90 609/610/604
f 21/18/18 614/614/608 615/615/609
f 615/615/609 616/616/610 21/18/18
f 618/617/611 617/618/612 604/604/598
f 604/604/598 40/41/40 618/617/611
f 488/485/480 613/613/607 619/619/613
f 619/619/613 485/486/481 488/485/480
f 621/620/614 385/386/383 384/385/382
f 384/385/382 620/621/615 621/620/614
f 625/622/616 622/623/617 623/624/618
f 623/624/618 624/625/619 625/622/616
f 406/407/404 496/495/490 5/6/6
f 5/6/6 7/5/5 406/407/404
f 609/610/604 626/626/620 627/627/621
f 627/627/621 613/613/607 609/610/604
f 173/174/171 314/314/311 628/628/622
f 628/628/622 629/629/623 173/174/171
f 630/630/624 383/383/380 243/244/241
f 243/244/241 242/243/240 630/630/624
f 387/384/381 631/631/625 632/632/626
f 632/632/626 384/385/382 387/384/381
f 242/243/240 439/439/436 405/405/402
f 405/405/402 630/630/624 242/243/240
f 406/407/404 407/406/403 633/633/627
f 633/633/627 634/634/628 406/407/404
f 384/385/382 632/632/626 635/635/629
f 635/635/629 620/621/615 384/385/382
f 620/621/615 635/635/629 636/636/630
f 636/636/630 634/634/628 620/621/615
f 634/634/628 636/636/630 496/495/490
f 496/495/490 406/407/404 634/634/628
f 631/631/625 637/637/631 638/638/632
f 638/638/632 632/632/626 631/631/625
f 632/632/626 638/638/632 639/639/633
f 639/639/633 635/635/629 632/632/626
f 643/640/634 640/641/635 641/642/636
f 641/642/636 642/643/637 643/640/634
f 647/644/638 644/645/639 645/646/640
f 645/646/640 646/647/641 647/644/638
f 635/635/629 639/639/633 648/648/642
f 648/648/642 636/636/630 635/635/629
f 636/636/630 648/648/642 495/496/166
f 495/496/166 496/495/490 636/636/630
f 652/649/643 649/650/644 650/651/645
f 650/651/645 651/652/646 652/649/643
f 656/653/631 653/654/647 654/655/648
f 654/655/648 655/656/632 656/653/631
f 655/656/632 654/655/648 657/657/649
f 657/657/649 658/658/633 655/656/632
f 658/658/633 657/657/649 659/659/650
f 659/659/650 660/660/651 658/658/633
f 660/660/651 659/659/650 169/170/167
f 169/170/167 170/169/166 660/660/651
f 649/650/644 661/661/652 662/662/653
f 662/662/653 650/651/645 649/650/644
f 666/663/654 663/664/655 664/665/656
f 664/665/656 665/666/657 666/663/654
f 668/667/658 642/643/637 641/642/636
f 641/642/636 667/668/659 668/667/658
f 654/655/648 669/669/660 670/670/661
f 670/670/661 657/657/649 654/655/648
f 657/657/649 670/670/661 671/671/662
f 671/671/662 659/659/650 657/657/649
f 659/659/650 671/671/662 672/672/663
f 672/672/663 169/170/167 659/659/650
f 652/649/643 673/673/664 674/674/665
f 674/674/665 649/650/644 652/649/643
f 661/661/652 675/675/666 676/676/667
f 676/676/667 662/662/653 661/661/652
f 680/677/668 677/678/669 678/679/670
f 678/679/670 679/680/671 680/677/668
f 665/666/657 664/665/656 680/677/668
f 680/677/668 669/669/660 665/666/657
f 669/669/660 680/677/668 679/680/671
f 679/680/671 670/670/661 669/669/660
f 670/670/661 679/680/671 681/681/672
f 681/681/672 671/671/662 670/670/661
f 671/671/662 681/681/672 682/682/673
f 682/682/673 672/672/663 671/671/662
f 649/650/644 674/674/665 683/683/674
f 683/683/674 661/661/652 649/650/644
f 685/684/675 511/510/504 82/83/80
f 82/83/80 684/685/676 685/684/675
f 688/686/677 686/687/678 614/614/608
f 614/614/608 687/688/679 688/686/677
f 661/661/652 683/683/674 689/689/680
f 689/689/680 675/675/666 661/661/652
f 693/690/681 690/691/682 691/692/683
f 691/692/683 692/693/684 693/690/681
f 697/694/685 694/695/686 695/696/687
f 695/696/687 696/697/688 697/694/685
f 699/698/689 38/39/38 37/38/37
f 37/38/37 698/699/690 699/698/689
f 45/46/45 700/700/691 701/701/692
f 701/701/692 46/47/46 45/46/45
f 697/694/685 702/702/693 703/703/694
f 703/703/694 694/695/686 697/694/685
f 705/704/695 703/703/694 702/702/693
f 702/702/693 704/705/696 705/704/695
f 705/704/695 704/705/696 701/701/692
f 701/701/692 700/700/691 705/704/695
f 685/684/675 706/706/697 72/73/70
f 72/73/70 511/510/504 685/684/675
f 664/665/656 707/707/698 677/678/669
f 677/678/669 680/677/668 664/665/656
f 499/499/493 157/154/151 156/157/154
f 156/157/154 708/708/699 499/499/493
f 697/694/685 459/460/457 709/709/700
f 709/709/700 702/702/693 697/694/685
f 702/702/693 709/709/700 710/710/701
f 710/710/701 704/705/696 702/702/693
f 704/705/696 710/710/701 547/546/540
f 547/546/540 701/701/692 704/705/696
f 547/546/540 57/56/55 46/47/46
f 46/47/46 701/701/692 547/546/540
f 510/511/505 711/711/702 712/712/703
f 712/712/703 713/713/704 510/511/505
f 458/459/456 714/714/705 715/715/706
f 715/715/706 459/460/457 458/459/456
f 459/460/457 715/715/706 716/716/707
f 716/716/707 709/709/700 459/460/457
f 709/709/700 716/716/707 717/717/708
f 717/717/708 710/710/701 709/709/700
f 710/710/701 717/717/708 546/547/541
f 546/547/541 547/546/540 710/710/701
f 721/718/709 718/719/710 719/720/711
f 719/720/711 720/721/712 721/718/709
f 721/718/709 720/721/712 722/722/713
f 722/722/713 723/723/703 721/718/709
f 727/724/705 724/725/714 725/726/715
f 725/726/715 726/727/706 727/724/705
f 726/727/706 725/726/715 728/728/716
f 728/728/716 729/729/717 726/727/706
f 729/729/717 728/728/716 730/730/718
f 730/730/718 731/731/708 729/729/717
f 731/731/708 730/730/718 509/509/503
f 509/509/503 732/732/719 731/731/708
f 720/721/712 733/733/720 734/734/721
f 734/734/721 722/722/713 720/721/712
f 724/725/714 735/735/722 736/736/723
f 736/736/723 725/726/715 724/725/714
f 725/726/715 736/736/723 737/737/724
f 737/737/724 728/728/716 725/726/715
f 728/728/716 737/737/724 738/738/725
f 738/738/725 730/730/718 728/728/716
f 730/730/718 738/738/725 121/120/117
f 121/120/117 509/509/503 730/730/718
f 733/733/720 739/739/726 740/740/727
f 740/740/727 734/734/721 733/733/720
f 735/735/722 741/741/728 742/742/729
f 742/742/729 736/736/723 735/735/722
f 744/743/730 665/666/657 669/669/660
f 669/669/660 743/744/731 744/743/730
f 736/736/723 742/742/729 745/745/732
f 745/745/732 737/737/724 736/736/723
f 737/737/724 745/745/732 746/746/733
f 746/746/733 738/738/725 737/737/724
f 738/738/725 746/746/733 120/121/118
f 120/121/118 121/120/117 738/738/725
f 720/721/712 719/720/711 747/747/734
f 747/747/734 733/733/720 720/721/712
f 739/739/726 748/748/735 749/749/736
f 749/749/736 740/740/727 739/739/726
f 741/741/728 750/750/737 751/751/738
f 751/751/738 742/742/729 741/741/728
f 742/742/729 751/751/738 752/752/739
f 752/752/739 745/745/732 742/742/729
f 745/745/732 752/752/739 753/753/740
f 753/753/740 746/746/733 745/745/732
f 746/746/733 753/753/740 484/484/479
f 484/484/479 120/121/118 746/746/733
f 733/733/720 747/747/734 754/754/741
f 754/754/741 739/739/726 733/733/720
f 748/748/735 755/755/742 756/756/743
f 756/756/743 749/749/736 748/748/735
f 750/750/737 757/757/744 758/758/745
f 758/758/745 751/751/738 750/750/737
f 751/751/738 758/758/745 759/759/746
f 759/759/746 752/752/739 751/751/738
f 763/760/747 760/761/748 761/762/749
f 761/762/749 762/763/750 763/760/747
f 752/752/739 759/759/746 764/764/751
f 764/764/751 753/753/740 752/752/739
f 753/753/740 764/764/751 153/152/149
f 153/152/149 484/484/479 753/753/740
f 739/739/726 754/754/741 765/765/752
f 765/765/752 748/748/735 739/739/726
f 755/755/742 766/766/753 767/767/754
f 767/767/754 756/756/743 755/755/742
f 757/757/744 768/768/755 769/769/756
f 769/769/756 758/758/745 757/757/744
f 758/758/745 769/769/756 770/770/757
f 770/770/757 759/759/746 758/758/745
f 759/759/746 770/770/757 771/771/758
f 771/771/758 764/764/751 759/759/746
f 764/764/751 771/771/758 152/153/150
f 152/153/150 153/152/149 764/764/751
f 748/748/735 765/765/752 772/772/759
f 772/772/759 755/755/742 748/748/735
f 766/766/753 773/773/760 774/774/761
f 774/774/761 767/767/754 766/766/753
f 768/768/755 775/775/762 776/776/763
f 776/776/763 769/769/756 768/768/755
f 769/769/756 776/776/763 777/777/764
f 777/777/764 770/770/757 769/769/756
f 770/770/757 777/777/764 778/778/765
f 778/778/765 771/771/758 770/770/757
f 771/771/758 778/778/765 454/454/451
f 454/454/451 152/153/150 771/771/758
f 755/755/742 772/772/759 779/779/766
f 779/779/766 766/766/753 755/755/742
f 773/773/760 780/780/767 781/781/768
f 781/781/768 774/774/761 773/773/760
f 775/775/762 782/782/769 783/783/770
f 783/783/770 776/776/763 775/775/762
f 776/776/763 783/783/770 784/784/771
f 784/784/771 777/777/764 776/776/763
f 777/777/764 784/784/771 785/785/772
f 785/785/772 778/778/765 777/777/764
f 778/778/765 785/785/772 786/786/773
f 786/786/773 454/454/451 778/778/765
f 766/766/753 779/779/766 787/787/774
f 787/787/774 773/773/760 766/766/753
f 791/788/775 788/789/776 789/790/777
f 789/790/777 790/791/778 791/788/775
f 795/792/769 792/793/779 793/794/780
f 793/794/780 794/795/770 795/792/769
f 794/795/770 793/794/780 796/796/781
f 796/796/781 797/797/782 794/795/770
f 797/797/782 796/796/781 798/798/783
f 798/798/783 799/799/784 797/797/782
f 799/799/784 798/798/783 226/227/224
f 226/227/224 227/226/223 799/799/784
f 773/773/760 787/787/774 800/800/785
f 800/800/785 780/780/767 773/773/760
f 788/789/776 375/374/371 801/801/786
f 801/801/786 789/790/777 788/789/776
f 792/793/779 802/802/787 803/803/788
f 803/803/788 793/794/780 792/793/779
f 793/794/780 803/803/788 804/804/789
f 804/804/789 796/796/781 793/794/780
f 796/796/781 804/804/789 805/805/790
f 805/805/790 798/798/783 796/796/781
f 798/798/783 805/805/790 160/158/155
f 160/158/155 226/227/224 798/798/783
f 791/788/775 806/806/791 807/807/792
f 807/807/792 788/789/776 791/788/775
f 375/374/371 373/373/370 808/808/793
f 808/808/793 801/801/786 375/374/371
f 802/802/787 809/809/794 810/810/795
f 810/810/795 803/803/788 802/802/787
f 803/803/788 810/810/795 811/811/796
f 811/811/796 804/804/789 803/803/788
f 814/812/797 812/813/798 713/713/704
f 713/713/704 813/814/799 814/812/797
f 804/804/789 811/811/796 397/397/394
f 397/397/394 805/805/790 804/804/789
f 805/805/790 397/397/394 158/159/156
f 158/159/156 160/158/155 805/805/790
f 788/789/776 807/807/792 374/375/372
f 374/375/372 375/374/371 788/789/776
f 818/815/800 815/816/801 816/817/802
f 816/817/802 817/818/803 818/815/800
f 378/378/375 185/182/179 315/315/312
f 315/315/312 325/325/322 378/378/375
f 809/809/794 819/819/804 820/820/805
f 820/820/805 810/810/795 809/809/794
f 810/810/795 820/820/805 400/400/397
f 400/400/397 811/811/796 810/810/795
f 399/398/395 149/150/147 85/86/83
f 85/86/83 369/369/366 399/398/395
f 174/171/168 173/174/171 629/629/623
f 629/629/623 455/455/452 174/171/168
f 824/821/806 821/822/807 822/823/808
f 822/823/808 823/824/809 824/821/806
f 821/822/807 824/821/806 825/825/810
f 825/825/810 826/826/811 821/822/807
f 826/826/811 825/825/810 827/827/812
f 827/827/812 708/708/699 826/826/811
f 395/396/393 396/395/392 828/828/813
f 828/828/813 829/829/814 395/396/393
f 455/455/452 830/830/815 828/828/813
f 828/828/813 396/395/392 455/455/452
f 832/831/816 831/832/817 563/560/554
f 563/560/554 562/563/557 832/831/816
f 517/517/511 499/499/493 708/708/699
f 708/708/699 827/827/812 517/517/511
f 687/688/679 614/614/608 21/18/18
f 21/18/18 20/21/21 687/688/679
f 821/822/807 826/826/811 401/401/398
f 401/401/398 833/833/818 821/822/807
f 819/819/804 834/834/819 833/833/818
f 833/833/818 820/820/805 819/819/804
f 454/454/451 786/786/773 129/129/126
f 129/129/126 114/114/111 454/454/451
f 289/289/286 179/176/173 178/179/176
f 178/179/176 211/211/208 289/289/286
f 823/824/809 835/835/820 836/836/821
f 836/836/821 824/821/806 823/824/809
f 824/821/806 836/836/821 837/837/822
f 837/837/822 825/825/810 824/821/806
f 825/825/810 837/837/822 838/838/823
f 838/838/823 827/827/812 825/825/810
f 827/827/812 838/838/823 606/606/600
f 606/606/600 517/517/511 827/827/812
f 313/313/310 839/839/824 840/840/825
f 840/840/825 314/314/311 313/313/310
f 842/841/826 841/842/827 161/162/159
f 161/162/159 164/161/158 842/841/826
f 314/314/311 840/840/825 843/843/828
f 843/843/828 628/628/622 314/314/311
f 835/835/820 844/844/829 537/534/528
f 537/534/528 836/836/821 835/835/820
f 836/836/821 537/534/528 536/537/531
f 536/537/531 837/837/822 836/836/821
f 837/837/822 536/537/531 25/22/22
f 25/22/22 838/838/823 837/837/822
f 845/845/830 131/132/129 130/131/128
f 130/131/128 398/399/396 845/845/830
f 838/838/823 25/22/22 24/25/25
f 24/25/25 606/606/600 838/838/823
f 820/820/805 833/833/818 401/401/398
f 401/401/398 400/400/397 820/820/805
f 840/840/825 846/846/831 847/847/832
f 847/847/832 843/843/828 840/840/825
f 839/839/824 848/848/833 846/846/831
f 846/846/831 840/840/825 839/839/824
f 844/844/829 849/849/39 534/535/529
f 534/535/529 537/534/528 844/844/829
f 853/850/834 850/851/835 851/852/836
f 851/852/836 852/853/837 853/850/834
f 169/170/167 672/672/663 34/34/33
f 34/34/33 26/27/26 169/170/167
f 386/387/384 385/386/383 612/612/606
f 612/612/606 854/854/838 386/387/384
f 633/633/627 407/406/403 218/218/215
f 218/218/215 608/607/601 633/633/627
f 607/608/602 612/612/606 385/386/383
f 385/386/383 621/620/614 607/608/602
f 604/604/598 855/855/839 611/611/605
f 611/611/605 605/605/599 604/604/598
f 387/384/381 386/387/384 485/486/481
f 485/486/481 619/619/613 387/384/381
f 634/634/628 633/633/627 621/620/614
f 621/620/614 620/621/615 634/634/628
f 859/856/840 856/857/841 857/858/842
f 857/858/842 858/859/843 859/856/840
f 97/94/91 251/251/248 250/250/247
f 250/250/247 94/95/92 97/94/91
f 863/860/844 860/861/845 861/862/846
f 861/862/846 862/863/847 863/860/844
f 510/511/505 71/72/69 864/864/710
f 864/864/710 711/711/702 510/511/505
f 555/555/549 168/165/162 492/489/484
f 492/489/484 507/506/500 555/555/549
f 95/96/93 94/95/92 699/698/689
f 699/698/689 698/699/690 95/96/93
f 276/276/273 275/275/272 586/586/580
f 586/586/580 865/865/848 276/276/273
f 869/866/849 866/867/850 867/868/851
f 867/868/851 868/869/852 869/866/849
f 36/37/36 411/408/405 410/411/408
f 410/411/408 870/870/853 36/37/36
f 221/222/219 312/310/307 188/189/186
f 188/189/186 187/188/185 221/222/219
f 873/871/854 645/646/640 871/872/855
f 871/872/855 872/873/856 873/871/854
f 188/189/186 311/312/309 383/383/380
f 383/383/380 189/186/183 188/189/186
f 855/855/839 854/854/838 612/612/606
f 612/612/606 611/611/605 855/855/839
f 630/630/624 405/405/402 404/404/401
f 404/404/401 440/440/437 630/630/624
f 489/490/485 167/168/165 166/167/164
f 166/167/164 874/874/857 489/490/485
f 875/875/858 515/515/509 67/68/65
f 67/68/65 66/67/64 875/875/858
f 601/602/596 590/591/585 589/590/584
f 589/590/584 876/876/859 601/602/596
f 403/402/399 430/428/425 420/420/417
f 420/420/417 127/128/125 403/402/399
f 11/8/8 10/11/11 501/502/496
f 501/502/496 165/166/163 11/8/8
f 880/877/860 877/878/861 878/879/862
f 878/879/862 879/880/863 880/877/860
f 555/555/549 11/8/8 165/166/163
f 165/166/163 168/165/162 555/555/549
f 506/507/501 491/492/487 500/500/494
f 500/500/494 564/564/558 506/507/501
f 575/576/570 162/163/160 588/588/582
f 588/588/582 576/577/571 575/576/570
f 478/475/471 881/881/864 625/622/616
f 625/622/616 475/476/472 478/475/471
f 346/347/344 463/464/461 466/463/460
f 466/463/460 347/344/341 346/347/344
f 885/882/865 882/883/866 883/884/867
f 883/884/867 884/885/868 885/882/865
f 888/886/579 285/282/279 886/887/869
f 886/887/869 887/888/250 888/886/579
f 892/889/870 889/890/871 890/891/872
f 890/891/872 891/892/873 892/889/870
f 229/230/227 416/417/414 419/416/413
f 419/416/413 209/206/203 229/230/227
f 467/467/464 508/508/502 44/45/44
f 44/45/44 47/44/43 467/467/464
f 896/893/874 893/894/875 894/895/876
f 894/895/876 895/896/877 896/893/874
f 165/166/163 501/502/496 504/501/495
f 504/501/495 166/167/164 165/166/163
f 898/897/878 863/860/844 862/863/847
f 862/863/847 897/898/879 898/897/878
f 364/363/360 505/505/499 515/515/509
f 515/515/509 542/542/536 364/363/360
f 900/899/880 899/900/881 317/318/315
f 317/318/315 356/356/353 900/899/880
f 464/465/462 901/901/882 865/865/848
f 865/865/848 586/586/580 464/465/462
f 569/570/564 579/578/572 902/902/883
f 902/902/883 584/584/578 569/570/564
f 351/351/348 533/532/526 573/573/567
f 573/573/567 352/352/349 351/351/348
f 646/647/641 903/903/884 851/852/836
f 851/852/836 647/644/638 646/647/641
f 95/96/93 698/699/690 312/310/307
f 312/310/307 221/222/219 95/96/93
f 905/904/885 904/905/886 66/67/64
f 66/67/64 65/66/63 905/904/885
f 908/906/887 906/907/888 907/908/889
f 907/908/889 841/842/827 908/906/887
f 304/303/300 146/147/144 236/236/233
f 236/236/233 287/287/284 304/303/300
f 909/909/890 624/625/619 623/624/618
f 623/624/618 503/504/498 909/909/890
f 542/542/536 909/909/890 503/504/498
f 503/504/498 502/503/497 542/542/536
f 912/910/891 910/911/892 911/912/893
f 911/912/893 560/561/555 912/910/891
f 192/193/190 191/192/189 913/913/894
f 913/913/894 914/914/895 192/193/190
f 916/915/896 915/916/897 582/583/577
f 582/583/577 901/901/882 916/915/896
f 464/465/462 463/464/461 916/915/896
f 916/915/896 901/901/882 464/465/462
f 918/917/898 900/899/880 356/356/353
f 356/356/353 917/918/899 918/917/898
f 919/919/895 917/918/899 356/356/353
f 356/356/353 353/354/351 919/919/895
f 623/624/618 920/920/900 504/501/495
f 504/501/495 503/504/498 623/624/618
f 886/887/869 285/282/279 284/285/282
f 284/285/282 921/921/901 886/887/869
f 925/922/902 922/923/903 923/924/904
f 923/924/904 924/925/905 925/922/902
f 466/463/460 465/466/463 490/491/486
f 490/491/486 926/926/906 466/463/460
f 579/578/572 578/579/573 332/333/330
f 332/333/330 331/332/329 579/578/572
f 122/123/120 125/122/119 927/927/907
f 927/927/907 928/928/908 122/123/120
f 172/173/170 929/929/909 930/930/910
f 930/930/910 313/313/310 172/173/170
f 934/931/911 931/932/912 932/933/913
f 932/933/913 933/934/914 934/931/911
f 937/935/915 935/936/916 936/937/917
f 936/937/917 924/925/905 937/935/915
f 941/938/918 938/939/919 939/940/920
f 939/940/920 940/941/921 941/938/918
f 66/67/64 904/905/886 942/942/922
f 942/942/922 875/875/858 66/67/64
f 192/193/190 914/914/895 943/943/923
f 943/943/923 944/944/924 192/193/190
f 945/945/925 193/190/187 192/193/190
f 192/193/190 944/944/924 945/945/925
f 949/946/926 946/947/927 947/948/928
f 947/948/928 948/949/929 949/946/926
f 951/950/930 950/951/931 329/330/327
f 329/330/327 330/329/326 951/950/930
f 954/952/918 952/953/932 319/316/313
f 319/316/313 953/954/933 954/952/918
f 956/955/934 955/956/898 913/913/894
f 913/913/894 191/192/189 956/955/934
f 959/957/935 957/958/936 958/959/937
f 958/959/937 935/936/916 959/957/935
f 961/960/938 886/887/869 921/921/901
f 921/921/901 960/961/939 961/960/938
f 965/962/940 962/963/941 963/964/942
f 963/964/942 964/965/943 965/962/940
f 967/966/944 966/967/945 471/472/468
f 471/472/468 474/471/467 967/966/944
f 354/355/352 316/317/314 319/316/313
f 319/316/313 952/953/932 354/355/352
f 969/968/946 968/969/944 122/123/120
f 122/123/120 928/928/908 969/968/946
f 923/924/904 970/970/947 937/935/915
f 937/935/915 924/925/905 923/924/904
f 974/971/948 971/972/949 972/973/950
f 972/973/950 973/974/951 974/971/948
f 977/975/952 969/968/946 975/976/953
f 975/976/953 976/977/954 977/975/952
f 981/978/955 978/979/956 979/980/957
f 979/980/957 980/981/958 981/978/955
f 976/977/954 975/976/953 982/982/959
f 982/982/959 983/983/960 976/977/954
f 987/984/961 984/985/959 985/986/962
f 985/986/962 986/987/963 987/984/961
f 986/987/963 985/986/962 988/988/964
f 988/988/964 989/989/965 986/987/963
f 989/989/965 988/988/964 990/990/966
f 990/990/966 991/991/967 989/989/965
f 991/991/967 990/990/966 992/992/968
f 992/992/968 993/993/969 991/991/967
f 993/993/969 992/992/968 994/994/970
f 994/994/970 995/995/971 993/993/969
f 998/996/972 996/997/973 997/998/974
f 997/998/974 908/906/887 998/996/972
f 995/995/971 994/994/970 999/999/975
f 999/999/975 1000/1000/976 995/995/971
f 1002/1001/977 1001/1002/978 868/869/852
f 868/869/852 867/868/851 1002/1001/977
f 1000/1000/976 999/999/975 1003/1003/979
f 1003/1003/979 1004/1004/980 1000/1000/976
f 1008/1005/981 1005/1006/982 1006/1007/983
f 1006/1007/983 1007/1008/984 1008/1005/981
f 1004/1004/980 1003/1003/979 1009/1009/985
f 1009/1009/985 1010/1010/986 1004/1004/980
f 1014/1011/987 1011/1012/988 1012/1013/989
f 1012/1013/989 1013/1014/990 1014/1011/987
f 1015/1015/991 906/907/888 908/906/887
f 908/906/887 997/998/974 1015/1015/991
f 1019/1016/992 1016/1017/993 1017/1018/994
f 1017/1018/994 1018/1019/995 1019/1016/992
f 907/908/889 1020/1020/996 541/538/532
f 541/538/532 1021/1021/997 907/908/889
f 1018/1019/995 1017/1018/994 1022/1022/998
f 1022/1022/998 1023/1023/999 1018/1019/995
f 1025/1024/1000 1002/1001/977 867/868/851
f 867/868/851 1024/1025/1001 1025/1024/1000
f 171/172/169 1026/1026/1002 929/929/909
f 929/929/909 172/173/170 171/172/169
f 998/996/972 842/841/826 1027/1027/1003
f 1027/1027/1003 1028/1028/1004 998/996/972
f 1023/1023/999 1022/1022/998 1029/1029/1005
f 1029/1029/1005 866/867/850 1023/1023/999
f 1031/1030/1006 512/512/506 357/358/355
f 357/358/355 1030/1031/1007 1031/1030/1006
f 866/867/850 1029/1029/1005 1024/1025/1001
f 1024/1025/1001 867/868/851 866/867/850
f 1033/1032/1008 1032/1033/1009 922/923/903
f 922/923/903 925/922/902 1033/1032/1008
f 907/908/889 1021/1021/997 161/162/159
f 161/162/159 841/842/827 907/908/889
f 908/906/887 841/842/827 842/841/826
f 842/841/826 998/996/972 908/906/887
f 1035/1034/1010 255/256/253 254/255/252
f 254/255/252 1034/1035/1011 1035/1034/1010
f 254/255/252 898/897/878 897/898/879
f 897/898/879 1034/1035/1011 254/255/252
f 690/691/682 693/690/681 1036/1036/1012
f 1036/1036/1012 1037/1037/1013 690/691/682
f 1041/1038/1014 1038/1039/1015 1039/1040/1016
f 1039/1040/1016 1040/1041/1017 1041/1038/1014
f 1044/1042/1018 1042/1043/1019 1043/1044/1020
f 1043/1044/1020 1005/1006/982 1044/1042/1018
f 1048/1045/1021 1045/1046/1022 1046/1047/1023
f 1046/1047/1023 1047/1048/1024 1048/1045/1021
f 446/447/444 445/446/443 1049/1049/1025
f 1049/1049/1025 1050/1050/1026 446/447/444
f 591/592/586 1051/1051/1027 1052/1052/1028
f 1052/1052/1028 592/589/583 591/592/586
f 879/880/863 1053/1053/1029 1054/1054/1030
f 1054/1054/1030 880/877/860 879/880/863
f 996/997/973 998/996/972 1028/1028/1004
f 1028/1028/1004 1055/1055/1031 996/997/973
f 1052/1052/1028 1051/1051/1027 262/263/260
f 262/263/260 261/262/259 1052/1052/1028
f 1054/1054/1030 1056/1056/1032 1057/1057/1033
f 1057/1057/1033 880/877/860 1054/1054/1030
f 1061/1058/1034 1058/1059/1035 1059/1060/1036
f 1059/1060/1036 1060/1061/1037 1061/1058/1034
f 1055/1055/1031 1028/1028/1004 1062/1062/1038
f 1062/1062/1038 1063/1063/1039 1055/1055/1031
f 691/692/683 1064/1064/1040 1065/1065/1041
f 1065/1065/1041 692/693/684 691/692/683
f 884/885/868 883/884/867 1037/1037/1013
f 1037/1037/1013 1036/1036/1012 884/885/868
f 1054/1054/1030 1053/1053/1029 554/553/547
f 554/553/547 1066/1066/1042 1054/1054/1030
f 1068/1067/1043 245/246/243 248/245/242
f 248/245/242 1067/1068/1044 1068/1067/1043
f 1071/1069/1045 763/760/747 1069/1070/1046
f 1069/1070/1046 1070/1071/1047 1071/1069/1045
f 264/261/258 263/264/261 1072/1072/1048
f 1072/1072/1048 1073/1073/1049 264/261/258
f 248/245/242 1074/1074/1050 1075/1075/1051
f 1075/1075/1051 1067/1068/1044 248/245/242
f 1069/1070/1046 763/760/747 762/763/750
f 762/763/750 1056/1056/1032 1069/1070/1046
f 1077/1076/1052 1076/1077/1053 1068/1067/1043
f 1068/1067/1043 1067/1068/1044 1077/1076/1052
f 1079/1078/1054 1078/1079/1055 1046/1047/1023
f 1046/1047/1023 1045/1046/1022 1079/1078/1054
f 1075/1075/1051 1080/1080/1056 1077/1076/1052
f 1077/1076/1052 1067/1068/1044 1075/1075/1051
f 1081/1081/1057 885/882/865 263/264/261
f 263/264/261 262/263/260 1081/1081/1057
f 1056/1056/1032 762/763/750 1082/1082/1058
f 1082/1082/1058 1057/1057/1033 1056/1056/1032
f 1073/1073/1049 1083/1083/1059 376/376/373
f 376/376/373 264/261/258 1073/1073/1049
f 945/945/925 1084/1084/1060 1085/1085/1061
f 1085/1085/1061 1071/1069/1045 945/945/925
f 193/190/187 945/945/925 1071/1069/1045
f 1071/1069/1045 1070/1071/1047 193/190/187
f 1082/1082/1058 1086/1086/1062 693/690/681
f 693/690/681 692/693/684 1082/1082/1058
f 944/944/924 943/943/923 1087/1087/1063
f 1087/1087/1063 1088/1088/1064 944/944/924
f 1069/1070/1046 1066/1066/1042 305/306/303
f 305/306/303 1070/1071/1047 1069/1070/1046
f 1057/1057/1033 1082/1082/1058 692/693/684
f 692/693/684 1065/1065/1041 1057/1057/1033
f 1091/1089/1065 1089/1090/1066 587/587/581
f 587/587/581 1090/1091/1067 1091/1089/1065
f 1094/1092/1068 1092/1093/1069 239/240/237
f 239/240/237 1093/1094/1070 1094/1092/1068
f 1056/1056/1032 1054/1054/1030 1066/1066/1042
f 1066/1066/1042 1069/1070/1046 1056/1056/1032
f 1097/1095/1071 1095/1096/1072 689/689/680
f 689/689/680 1096/1097/1073 1097/1095/1071
f 519/519/513 48/49/48 1098/1098/1035
f 1098/1098/1035 1099/1099/1074 519/519/513
f 1102/1100/1075 1100/1101/1076 1101/1102/1077
f 1101/1102/1077 978/979/956 1102/1100/1075
f 51/48/47 1103/1103/1078 1098/1098/1035
f 1098/1098/1035 48/49/48 51/48/47
f 1105/1104/1079 1104/1105/1080 575/576/570
f 575/576/570 574/575/569 1105/1104/1079
f 334/331/328 1106/1106/1070 1107/1107/1081
f 1107/1107/1081 331/332/329 334/331/328
f 1107/1107/1081 902/902/883 579/578/572
f 579/578/572 331/332/329 1107/1107/1081
f 947/948/928 1108/1108/1082 1109/1109/1083
f 1109/1109/1083 948/949/929 947/948/928
f 1057/1057/1033 1065/1065/1041 877/878/861
f 877/878/861 880/877/860 1057/1057/1033
f 571/572/566 570/571/565 255/256/253
f 255/256/253 1035/1034/1010 571/572/566
f 877/878/861 1110/1110/1084 1111/1111/1085
f 1111/1111/1085 878/879/862 877/878/861
f 253/254/251 1112/1112/1086 898/897/878
f 898/897/878 254/255/252 253/254/251
f 1114/1113/1087 1113/1114/1088 1035/1034/1010
f 1035/1034/1010 1034/1035/1011 1114/1113/1087
f 1117/1115/1089 1115/1116/1090 1013/1014/990
f 1013/1014/990 1116/1117/1091 1117/1115/1089
f 1118/1118/1092 1027/1027/1003 1048/1045/1021
f 1048/1045/1021 1047/1048/1024 1118/1118/1092
f 376/376/373 1083/1083/1059 1119/1119/1093
f 1119/1119/1093 1120/1120/1094 376/376/373
f 1112/1112/1086 1121/1121/1079 863/860/844
f 863/860/844 898/897/878 1112/1112/1086
f 37/38/37 36/37/36 870/870/853
f 870/870/853 310/311/308 37/38/37
f 1034/1035/1011 897/898/879 481/481/477
f 481/481/477 1114/1113/1087 1034/1035/1011
f 1027/1027/1003 842/841/826 164/161/158
f 164/161/158 1048/1045/1021 1027/1027/1003
f 554/553/547 1053/1053/1029 283/284/281
f 283/284/281 553/554/548 554/553/547
f 1125/1122/1095 1122/1123/1096 1123/1124/1097
f 1123/1124/1097 1124/1125/1098 1125/1122/1095
f 1121/1121/1079 1126/1126/1099 860/861/845
f 860/861/845 863/860/844 1121/1121/1079
f 994/994/970 992/992/968 1127/1127/1100
f 1127/1127/1100 1128/1128/1101 994/994/970
f 862/863/847 447/448/445 481/481/477
f 481/481/477 897/898/879 862/863/847
f 1019/1016/992 1018/1019/995 1129/1129/1102
f 1129/1129/1102 1130/1130/1103 1019/1016/992
f 1131/1131/1104 1080/1080/1056 1011/1012/988
f 1011/1012/988 1014/1011/987 1131/1131/1104
f 1126/1126/1099 1117/1115/1089 1116/1117/1091
f 1116/1117/1091 860/861/845 1126/1126/1099
f 861/862/846 448/445/442 447/448/445
f 447/448/445 862/863/847 861/862/846
f 1135/1132/1105 1132/1133/1106 1133/1134/1107
f 1133/1134/1107 1134/1135/1108 1135/1132/1105
f 644/645/639 1136/1136/1109 871/872/855
f 871/872/855 645/646/640 644/645/639
f 1014/1011/987 1137/1137/1065 1138/1138/1110
f 1138/1138/1110 1131/1131/1104 1014/1011/987
f 1140/1139/1111 1012/1013/989 1011/1012/988
f 1011/1012/988 1139/1140/1112 1140/1139/1111
f 1142/1141/1113 1090/1091/1067 539/540/534
f 539/540/534 1141/1142/1114 1142/1141/1113
f 1007/1008/984 1033/1032/1008 925/922/902
f 925/922/902 1008/1005/981 1007/1008/984
f 1001/1002/978 1143/1143/1115 965/962/940
f 965/962/940 964/965/943 1001/1002/978
f 936/937/917 1008/1005/981 925/922/902
f 925/922/902 924/925/905 936/937/917
f 1132/1133/1106 538/539/533 1144/1144/1116
f 1144/1144/1116 1133/1134/1107 1132/1133/1106
f 1024/1025/1001 1029/1029/1005 1133/1134/1107
f 1133/1134/1107 1144/1144/1116 1024/1025/1001
f 1025/1024/1000 1024/1025/1001 1144/1144/1116
f 1144/1144/1116 1020/1020/996 1025/1024/1000
f 1133/1134/1107 1029/1029/1005 1022/1022/998
f 1022/1022/998 1134/1135/1108 1133/1134/1107
f 309/309/306 308/308/305 1145/1145/1117
f 1145/1145/1117 1146/1146/1118 309/309/306
f 1147/1147/1119 282/283/280 285/282/279
f 285/282/279 888/886/579 1147/1147/1119
f 1137/1137/1065 1014/1011/987 1013/1014/990
f 1013/1014/990 1115/1116/1090 1137/1137/1065
f 561/562/556 560/561/555 911/912/893
f 911/912/893 1148/1148/1120 561/562/556
f 1150/1149/1121 1149/1150/1122 328/328/325
f 328/328/325 329/330/327 1150/1149/1121
f 1138/1138/1110 1041/1038/1014 1040/1041/1017
f 1040/1041/1017 1131/1131/1104 1138/1138/1110
f 1039/1040/1016 1151/1151/1123 1152/1152/1124
f 1152/1152/1124 1076/1077/1053 1039/1040/1016
f 1080/1080/1056 1075/1075/1051 1139/1140/1112
f 1139/1140/1112 1011/1012/988 1080/1080/1056
f 1154/1153/1125 1135/1132/1105 1134/1135/1108
f 1134/1135/1108 1153/1154/1126 1154/1153/1125
f 1040/1041/1017 1039/1040/1016 1076/1077/1053
f 1076/1077/1053 1077/1076/1052 1040/1041/1017
f 1038/1039/1015 1155/1155/1127 1151/1151/1123
f 1151/1151/1123 1039/1040/1016 1038/1039/1015
f 1157/1156/1128 1156/1157/1129 815/816/801
f 815/816/801 818/815/800 1157/1156/1128
f 929/929/909 1026/1026/1002 1158/1158/1130
f 1158/1158/1130 1159/1159/1131 929/929/909
f 1161/1160/1132 1154/1153/1125 1153/1154/1126
f 1153/1154/1126 1160/1161/1133 1161/1160/1132
f 307/305/302 956/955/934 191/192/189
f 191/192/189 190/191/188 307/305/302
f 1165/1162/1134 1162/1163/1135 1163/1164/1136
f 1163/1164/1136 1164/1165/1137 1165/1162/1134
f 1169/1166/1138 1166/1167/1139 1167/1168/1140
f 1167/1168/1140 1168/1169/1141 1169/1166/1138
f 1173/1170/1142 1170/1171/1143 1171/1172/1144
f 1171/1172/1144 1172/1173/1145 1173/1170/1142
f 1176/1174/1146 1174/1175/1147 979/980/957
f 979/980/957 1175/1176/1148 1176/1174/1146
f 1172/1173/1145 1171/1172/1144 1177/1177/1149
f 1177/1177/1149 1178/1178/1150 1172/1173/1145
f 1180/1179/1151 391/392/389 390/391/388
f 390/391/388 1179/1180/1152 1180/1179/1151
f 1128/1128/1101 1177/1177/1149 999/999/975
f 999/999/975 994/994/970 1128/1128/1101
f 1182/1181/1153 1181/1182/1154 1174/1175/1147
f 1174/1175/1147 1176/1174/1146 1182/1181/1153
f 1177/1177/1149 1171/1172/1144 1003/1003/979
f 1003/1003/979 999/999/975 1177/1177/1149
f 1184/1183/1155 1152/1152/1124 1151/1151/1123
f 1151/1151/1123 1183/1184/1156 1184/1183/1155
f 1181/1182/1154 1185/1185/1157 1186/1186/1158
f 1186/1186/1158 1174/1175/1147 1181/1182/1154
f 1183/1184/1156 1176/1174/1146 1175/1176/1148
f 1175/1176/1148 1184/1183/1155 1183/1184/1156
f 646/647/641 645/646/640 873/871/854
f 873/871/854 1187/1187/1159 646/647/641
f 1025/1024/1000 906/907/888 1015/1015/991
f 1015/1015/991 1002/1001/977 1025/1024/1000
f 1101/1102/1077 1188/1188/1160 1184/1183/1155
f 1184/1183/1155 1175/1176/1148 1101/1102/1077
f 1190/1189/1161 1189/1190/1162 1128/1128/1101
f 1128/1128/1101 1127/1127/1100 1190/1189/1161
f 1192/1191/1163 1191/1192/1164 232/233/230
f 232/233/230 235/232/229 1192/1191/1163
f 1196/1193/1165 1193/1194/1166 1194/1195/1167
f 1194/1195/1167 1195/1196/1168 1196/1193/1165
f 1200/1197/1169 1197/1198/1170 1198/1199/1171
f 1198/1199/1171 1199/1200/1172 1200/1197/1169
f 1202/1201/1173 1201/1202/1174 389/390/387
f 389/390/387 392/389/386 1202/1201/1173
f 1204/1203/1175 1203/1204/1176 1201/1202/1174
f 1201/1202/1174 1202/1201/1173 1204/1203/1175
f 1205/1205/1177 1127/1127/1100 992/992/968
f 992/992/968 990/990/966 1205/1205/1177
f 980/981/958 979/980/957 1174/1175/1147
f 1174/1175/1147 1186/1186/1158 980/981/958
f 1203/1204/1176 1206/1206/1178 1207/1207/1179
f 1207/1207/1179 1201/1202/1174 1203/1204/1176
f 1199/1200/1172 1198/1199/1171 1208/1208/1180
f 1208/1208/1180 1209/1209/1181 1199/1200/1172
f 1186/1186/1158 1202/1201/1173 392/389/386
f 392/389/386 980/981/958 1186/1186/1158
f 1213/1210/1182 1210/1211/1183 1211/1212/1184
f 1211/1212/1184 1212/1213/1185 1213/1210/1182
f 1023/1023/999 866/867/850 869/866/849
f 869/866/849 1214/1214/1186 1023/1023/999
f 1216/1215/1127 1215/1216/1187 856/857/841
f 856/857/841 859/856/840 1216/1215/1127
f 565/566/560 1217/1217/1188 1205/1205/1177
f 1205/1205/1177 1218/1218/1189 565/566/560
f 391/392/389 981/978/955 980/981/958
f 980/981/958 392/389/386 391/392/389
f 1221/1219/1190 1219/1220/1191 1220/1221/1192
f 1220/1221/1192 247/248/245 1221/1219/1190
f 566/567/561 565/566/560 1218/1218/1189
f 1218/1218/1189 1222/1222/1193 566/567/561
f 1210/1211/1183 1223/1223/1194 1224/1224/1195
f 1224/1224/1195 1211/1212/1184 1210/1211/1183
f 1226/1225/1196 566/567/561 1222/1222/1193
f 1222/1222/1193 1225/1226/1197 1226/1225/1196
f 389/390/387 1227/1227/1198 1228/1228/1199
f 1228/1228/1199 390/391/388 389/390/387
f 1007/1008/984 1229/1229/1200 1224/1224/1195
f 1224/1224/1195 1033/1032/1008 1007/1008/984
f 1230/1230/1201 338/335/332 337/338/335
f 337/338/335 371/372/369 1230/1230/1201
f 1234/1231/1202 1231/1232/1203 1232/1233/1204
f 1232/1233/1204 1233/1234/1205 1234/1231/1202
f 927/927/907 1234/1231/1202 1233/1234/1205
f 1233/1234/1205 928/928/908 927/927/907
f 1236/1235/1206 1235/1236/1207 1196/1193/1165
f 1196/1193/1165 1195/1196/1168 1236/1235/1206
f 1238/1237/1208 403/402/399 402/403/400
f 402/403/400 1237/1238/1209 1238/1237/1208
f 1229/1229/1200 1236/1235/1206 1195/1196/1168
f 1195/1196/1168 1239/1239/1210 1229/1229/1200
f 1241/1240/1211 1240/1241/1212 1197/1198/1170
f 1197/1198/1170 1200/1197/1169 1241/1240/1211
f 1015/1015/991 997/998/974 1242/1242/1213
f 1242/1242/1213 1143/1143/1115 1015/1015/991
f 1229/1229/1200 1007/1008/984 1006/1007/983
f 1006/1007/983 1236/1235/1206 1229/1229/1200
f 899/900/881 326/326/323 318/319/316
f 318/319/316 317/318/315 899/900/881
f 953/954/933 319/316/313 318/319/316
f 318/319/316 123/124/121 953/954/933
f 550/548/542 1243/1243/1214 1244/1244/1215
f 1244/1244/1215 548/549/543 550/548/542
f 441/441/438 424/423/420 423/424/421
f 423/424/421 442/442/439 441/441/438
f 1207/1207/1179 1212/1213/1185 1245/1245/1216
f 1245/1245/1216 1227/1227/1198 1207/1207/1179
f 594/595/589 1109/1109/1083 1108/1108/1082
f 1108/1108/1082 595/596/590 594/595/589
f 1247/1246/1217 941/938/918 940/941/921
f 940/941/921 1246/1247/1218 1247/1246/1217
f 1250/1248/1219 480/480/476 1248/1249/1220
f 1248/1249/1220 1249/1250/1221 1250/1248/1219
f 935/936/916 958/959/937 1044/1042/1018
f 1044/1042/1018 936/937/917 935/936/916
f 1254/1251/1222 1251/1252/1223 1252/1253/1224
f 1252/1253/1224 1253/1254/1225 1254/1251/1222
f 937/935/915 973/974/951 959/957/935
f 959/957/935 935/936/916 937/935/915
f 970/970/947 974/971/948 973/974/951
f 973/974/951 937/935/915 970/970/947
f 1258/1255/1226 1255/1256/1227 1256/1257/1228
f 1256/1257/1228 1257/1258/1229 1258/1255/1226
f 475/476/472 942/942/922 904/905/886
f 904/905/886 476/477/473 475/476/472
f 973/974/951 972/973/950 1259/1259/1230
f 1259/1259/1230 959/957/935 973/974/951
f 971/972/949 1260/1260/1068 1261/1261/1231
f 1261/1261/1231 972/973/950 971/972/949
f 1265/1262/1232 1262/1263/1233 1263/1264/1234
f 1263/1264/1234 1264/1265/1235 1265/1262/1232
f 1145/1145/1117 308/308/305 288/288/285
f 288/288/285 1266/1266/1236 1145/1145/1117
f 305/306/303 190/191/188 193/190/187
f 193/190/187 1070/1071/1047 305/306/303
f 1188/1188/1160 1267/1267/1237 1152/1152/1124
f 1152/1152/1124 1184/1183/1155 1188/1188/1160
f 204/205/202 203/204/201 433/433/430
f 433/433/430 257/258/255 204/205/202
f 1270/1268/1238 1268/1269/1239 1269/1270/1240
f 1269/1270/1240 857/858/842 1270/1268/1238
f 1272/1271/1241 1271/1272/1242 1092/1093/1069
f 1092/1093/1069 1094/1092/1068 1272/1271/1241
f 433/433/430 176/177/174 258/259/256
f 258/259/256 257/258/255 433/433/430
f 1260/1260/1068 1106/1106/1070 334/331/328
f 334/331/328 1261/1261/1231 1260/1260/1068
f 1261/1261/1231 334/331/328 333/334/331
f 333/334/331 1273/1273/1243 1261/1261/1231
f 267/268/265 521/521/515 580/580/574
f 580/580/574 277/277/274 267/268/265
f 141/138/135 350/348/345 136/137/134
f 136/137/134 135/136/133 141/138/135
f 603/601/595 1274/1274/1244 591/592/586
f 591/592/586 590/591/585 603/601/595
f 1276/1275/1245 964/965/943 963/964/942
f 963/964/942 1275/1276/1246 1276/1275/1245
f 110/111/108 1262/1263/1233 1265/1262/1232
f 1265/1262/1232 111/112/109 110/111/108
f 333/334/331 1108/1108/1082 947/948/928
f 947/948/928 1273/1273/1243 333/334/331
f 523/524/518 1277/1277/1247 1278/1278/1248
f 1278/1278/1248 524/525/519 523/524/518
f 1280/1279/1249 1279/1280/1250 1083/1083/1059
f 1083/1083/1059 1073/1073/1049 1280/1279/1249
f 99/99/96 429/430/427 431/432/429
f 431/432/429 89/89/86 99/99/96
f 933/934/914 1281/1281/1251 1282/1282/1252
f 1282/1282/1252 1283/1283/1253 933/934/914
f 1093/1094/1070 239/240/237 238/239/236
f 238/239/236 1284/1284/1254 1093/1094/1070
f 996/997/973 1055/1055/1031 1285/1285/1255
f 1285/1285/1255 1286/1286/1256 996/997/973
f 1287/1287/1257 1279/1280/1250 760/761/748
f 760/761/748 1085/1085/1061 1287/1287/1257
f 761/762/749 760/761/748 1279/1280/1250
f 1279/1280/1250 1280/1279/1249 761/762/749
f 1075/1075/1051 1074/1074/1050 1251/1252/1223
f 1251/1252/1223 1139/1140/1112 1075/1075/1051
f 1291/1288/1258 1288/1289/1259 1289/1290/1260
f 1289/1290/1260 1290/1291/1261 1291/1288/1258
f 1249/1250/1221 1248/1249/1220 1292/1292/1262
f 1292/1292/1262 1293/1293/1263 1249/1250/1221
f 949/946/926 1294/1294/1264 957/958/936
f 957/958/936 946/947/927 949/946/926
f 1296/1295/1265 309/309/306 1146/1146/1118
f 1146/1146/1118 1295/1296/492 1296/1295/1265
f 1267/1267/1237 246/247/244 245/246/243
f 245/246/243 1068/1067/1043 1267/1267/1237
f 332/333/330 578/579/573 596/593/587
f 596/593/587 595/596/590 332/333/330
f 609/610/604 610/609/603 1297/1297/1266
f 1297/1297/1266 626/626/620 609/610/604
f 1298/1298/1267 1051/1051/1027 591/592/586
f 591/592/586 1274/1274/1244 1298/1298/1267
f 391/392/389 1180/1179/1151 1299/1299/1268
f 1299/1299/1268 981/978/955 391/392/389
f 1072/1072/1048 263/264/261 885/882/865
f 885/882/865 884/885/868 1072/1072/1048
f 1302/1300/1269 355/353/350 1300/1301/1270
f 1300/1301/1270 1301/1302/1063 1302/1300/1269
f 1299/1299/1268 1102/1100/1075 978/979/956
f 978/979/956 981/978/955 1299/1299/1268
f 884/885/868 1036/1036/1012 1303/1303/1271
f 1303/1303/1271 1072/1072/1048 884/885/868
f 1242/1242/1213 997/998/974 996/997/973
f 996/997/973 1286/1286/1256 1242/1242/1213
f 1304/1304/1272 246/247/244 1267/1267/1237
f 1267/1267/1237 1188/1188/1160 1304/1304/1272
f 1036/1036/1012 693/690/681 1086/1086/1062
f 1086/1086/1062 1303/1303/1271 1036/1036/1012
f 1306/1305/1273 1298/1298/1267 1274/1274/1244
f 1274/1274/1244 1305/1306/833 1306/1305/1273
f 933/934/914 932/933/913 1120/1120/1094
f 1120/1120/1094 1281/1281/1251 933/934/914
f 1158/1158/1130 1307/1307/1274 1308/1308/1275
f 1308/1308/1275 1159/1159/1131 1158/1158/1130
f 1310/1309/1276 1309/1310/1277 1119/1119/1093
f 1119/1119/1093 1287/1287/1257 1310/1309/1276
f 1084/1084/1060 1310/1309/1276 1287/1287/1257
f 1287/1287/1257 1085/1085/1061 1084/1084/1060
f 954/952/918 1311/1311/1278 1312/1312/1279
f 1312/1312/1279 952/953/932 954/952/918
f 934/931/911 1313/1313/1280 1297/1297/1266
f 1297/1297/1266 610/609/603 934/931/911
f 1314/1314/1281 1282/1282/1252 1281/1281/1251
f 1281/1281/1251 1309/1310/1277 1314/1314/1281
f 1309/1310/1277 1310/1309/1276 1315/1315/1282
f 1315/1315/1282 1314/1314/1281 1309/1310/1277
f 1310/1309/1276 1084/1084/1060 1088/1088/1064
f 1088/1088/1064 1315/1315/1282 1310/1309/1276
f 1246/1247/1218 1316/1316/1283 1317/1317/1284
f 1317/1317/1284 1247/1246/1217 1246/1247/1218
f 1312/1312/1279 1311/1311/1278 1318/1318/1285
f 1318/1318/1285 1319/1319/1286 1312/1312/1279
f 1313/1313/1280 1320/1320/1287 1321/1321/1288
f 1321/1321/1288 1297/1297/1266 1313/1313/1280
f 1283/1283/1253 1282/1282/1252 1322/1322/1289
f 1322/1322/1289 1323/1323/1290 1283/1283/1253
f 1119/1119/1093 1309/1310/1277 1281/1281/1251
f 1281/1281/1251 1120/1120/1094 1119/1119/1093
f 1324/1324/1291 1322/1322/1289 1282/1282/1252
f 1282/1282/1252 1314/1314/1281 1324/1324/1291
f 1314/1314/1281 1315/1315/1282 1325/1325/1292
f 1325/1325/1292 1324/1324/1291 1314/1314/1281
f 1315/1315/1282 1088/1088/1064 1087/1087/1063
f 1087/1087/1063 1325/1325/1292 1315/1315/1282
f 1328/1326/1293 686/687/678 1326/1327/1294
f 1326/1327/1294 1327/1328/1295 1328/1326/1293
f 1319/1319/1286 1318/1318/1285 1329/1329/1296
f 1329/1329/1296 1330/1330/1297 1319/1319/1286
f 1332/1331/1287 1331/1332/1298 674/674/665
f 674/674/665 673/673/664 1332/1331/1287
f 643/640/634 642/643/637 1333/1333/1289
f 1333/1333/1289 1334/1334/1291 643/640/634
f 1334/1334/1291 1335/1335/1292 1336/1336/1299
f 1336/1336/1299 643/640/634 1334/1334/1291
f 1335/1335/1292 1301/1302/1063 1300/1301/1270
f 1300/1301/1270 1336/1336/1299 1335/1335/1292
f 1330/1330/1297 1329/1329/1296 1337/1337/1300
f 1337/1337/1300 1338/1338/1301 1330/1330/1297
f 1340/1339/1302 1339/1340/1303 642/643/637
f 642/643/637 668/667/658 1340/1339/1302
f 643/640/634 1336/1336/1299 1341/1341/1304
f 1341/1341/1304 640/641/635 643/640/634
f 668/667/658 1342/1342/1305 1343/1343/1306
f 1343/1343/1306 1340/1339/1302 668/667/658
f 1336/1336/1299 1300/1301/1270 1344/1344/1307
f 1344/1344/1307 1341/1341/1304 1336/1336/1299
f 355/353/350 354/355/352 1344/1344/1307
f 1344/1344/1307 1300/1301/1270 355/353/350
f 875/875/858 909/909/890 542/542/536
f 542/542/536 515/515/509 875/875/858
f 1255/1256/1227 1345/1345/1308 977/975/952
f 977/975/952 1256/1257/1228 1255/1256/1227
f 1347/1346/1309 1346/1347/1310 1338/1338/1301
f 1338/1338/1301 1337/1337/1300 1347/1346/1309
f 116/117/114 1348/1348/1311 1349/1349/1312
f 1349/1349/1312 117/118/115 116/117/114
f 1350/1350/1313 1096/1097/1073 689/689/680
f 689/689/680 683/683/674 1350/1350/1313
f 19/20/20 1351/1351/1314 1352/1352/1315
f 1352/1352/1315 20/21/21 19/20/20
f 1330/1330/1297 1338/1338/1301 641/642/636
f 641/642/636 640/641/635 1330/1330/1297
f 640/641/635 1341/1341/1304 1319/1319/1286
f 1319/1319/1286 1330/1330/1297 640/641/635
f 294/295/292 258/259/256 176/177/174
f 176/177/174 179/176/173 294/295/292
f 1341/1341/1304 1344/1344/1307 1312/1312/1279
f 1312/1312/1279 1319/1319/1286 1341/1341/1304
f 1304/1304/1272 1221/1219/1190 247/248/245
f 247/248/245 246/247/244 1304/1304/1272
f 1353/1353/1316 1333/1333/1289 642/643/637
f 642/643/637 1339/1340/1303 1353/1353/1316
f 1355/1354/1317 73/70/67 72/73/70
f 72/73/70 1354/1355/1318 1355/1354/1317
f 448/445/442 1356/1356/1319 1357/1357/1320
f 1357/1357/1320 445/446/443 448/445/442
f 987/984/961 986/987/963 1358/1358/1321
f 1358/1358/1321 1359/1359/1322 987/984/961
f 1360/1360/1323 518/518/512 9/10/10
f 9/10/10 8/9/9 1360/1360/1323
f 1364/1361/1324 1361/1362/1325 1362/1363/1326
f 1362/1363/1326 1363/1364/1327 1364/1361/1324
f 552/552/546 28/29/28 27/28/27
f 27/28/27 514/514/508 552/552/546
f 1361/1362/1325 1258/1255/1226 1257/1258/1229
f 1257/1258/1229 1362/1363/1326 1361/1362/1325
f 1367/1365/1328 743/744/731 1365/1366/1329
f 1365/1366/1329 1366/1367/1312 1367/1365/1328
f 890/891/872 1368/1368/1330 1369/1369/1331
f 1369/1369/1331 1370/1370/1242 890/891/872
f 976/977/954 983/983/960 1371/1371/1332
f 1371/1371/1332 1372/1372/1333 976/977/954
f 598/599/593 1363/1364/1327 1373/1373/1334
f 1373/1373/1334 599/600/594 598/599/593
f 986/987/963 989/989/965 1374/1374/1335
f 1374/1374/1335 1358/1358/1321 986/987/963
f 622/623/617 1375/1375/1336 920/920/900
f 920/920/900 623/624/618 622/623/617
f 1376/1376/1337 1373/1373/1334 1363/1364/1327
f 1363/1364/1327 1362/1363/1326 1376/1376/1337
f 1362/1363/1326 1257/1258/1229 1377/1377/1338
f 1377/1377/1338 1376/1376/1337 1362/1363/1326
f 1257/1258/1229 1256/1257/1228 1372/1372/1333
f 1372/1372/1333 1377/1377/1338 1257/1258/1229
f 1379/1378/1339 1378/1379/1340 1240/1241/1212
f 1240/1241/1212 1241/1240/1211 1379/1378/1339
f 1381/1380/1341 1380/1381/1342 71/72/69
f 71/72/69 70/71/68 1381/1380/1341
f 1384/1382/1343 1373/1373/1334 1382/1383/1344
f 1382/1383/1344 1383/1384/1345 1384/1382/1343
f 1357/1357/1320 1254/1251/1222 1253/1254/1225
f 1253/1254/1225 1385/1385/1346 1357/1357/1320
f 1386/1386/1347 1382/1383/1344 1373/1373/1334
f 1373/1373/1334 1376/1376/1337 1386/1386/1347
f 1376/1376/1337 1377/1377/1338 1387/1387/1348
f 1387/1387/1348 1386/1386/1347 1376/1376/1337
f 167/168/165 489/490/485 492/489/484
f 492/489/484 168/165/162 167/168/165
f 1377/1377/1338 1372/1372/1333 1371/1371/1332
f 1371/1371/1332 1387/1387/1348 1377/1377/1338
f 989/989/965 991/991/967 1388/1388/1349
f 1388/1388/1349 1374/1374/1335 989/989/965
f 991/991/967 993/993/969 1389/1389/1350
f 1389/1389/1350 1388/1388/1349 991/991/967
f 1391/1390/1351 1390/1391/1352 719/720/711
f 719/720/711 718/719/710 1391/1390/1351
f 1393/1392/1353 1240/1241/1212 1378/1379/1340
f 1378/1379/1340 1392/1393/1354 1393/1392/1353
f 1392/1393/1354 1394/1394/1348 1395/1395/1355
f 1395/1395/1355 1393/1392/1353 1392/1393/1354
f 1394/1394/1348 1359/1359/1322 1358/1358/1321
f 1358/1358/1321 1395/1395/1355 1394/1394/1348
f 993/993/969 995/995/971 1396/1396/1356
f 1396/1396/1356 1389/1389/1350 993/993/969
f 1390/1391/1352 1397/1397/1357 747/747/734
f 747/747/734 719/720/711 1390/1391/1352
f 1398/1398/1358 1197/1198/1170 1240/1241/1212
f 1240/1241/1212 1393/1392/1353 1398/1398/1358
f 1393/1392/1353 1395/1395/1355 1399/1399/1359
f 1399/1399/1359 1398/1398/1358 1393/1392/1353
f 1395/1395/1355 1358/1358/1321 1374/1374/1335
f 1374/1374/1335 1399/1399/1359 1395/1395/1355
f 995/995/971 1000/1000/976 1400/1400/1360
f 1400/1400/1360 1396/1396/1356 995/995/971
f 1397/1397/1357 1401/1401/1361 754/754/741
f 754/754/741 747/747/734 1397/1397/1357
f 1402/1402/1362 1198/1199/1171 1197/1198/1170
f 1197/1198/1170 1398/1398/1358 1402/1402/1362
f 1398/1398/1358 1399/1399/1359 1403/1403/1363
f 1403/1403/1363 1402/1402/1362 1398/1398/1358
f 1399/1399/1359 1374/1374/1335 1388/1388/1349
f 1388/1388/1349 1403/1403/1363 1399/1399/1359
f 1401/1401/1361 1404/1404/1364 765/765/752
f 765/765/752 754/754/741 1401/1401/1361
f 1405/1405/1365 1208/1208/1180 1198/1199/1171
f 1198/1199/1171 1402/1402/1362 1405/1405/1365
f 1402/1402/1362 1403/1403/1363 1406/1406/1366
f 1406/1406/1366 1405/1405/1365 1402/1402/1362
f 1403/1403/1363 1388/1388/1349 1389/1389/1350
f 1389/1389/1350 1406/1406/1366 1403/1403/1363
f 1004/1004/980 1010/1010/986 1407/1407/1367
f 1407/1407/1367 1408/1408/1368 1004/1004/980
f 1404/1404/1364 1409/1409/1369 772/772/759
f 772/772/759 765/765/752 1404/1404/1364
f 1410/1410/1370 1191/1192/1164 1208/1208/1180
f 1208/1208/1180 1405/1405/1365 1410/1410/1370
f 1405/1405/1365 1406/1406/1366 1411/1411/1371
f 1411/1411/1371 1410/1410/1370 1405/1405/1365
f 1406/1406/1366 1389/1389/1350 1396/1396/1356
f 1396/1396/1356 1411/1411/1371 1406/1406/1366
f 338/335/332 171/172/169 174/171/168
f 174/171/168 335/336/333 338/335/332
f 963/964/942 962/963/941 1307/1307/1274
f 1307/1307/1274 1412/1412/1372 963/964/942
f 1409/1409/1369 1413/1413/1373 779/779/766
f 779/779/766 772/772/759 1409/1409/1369
f 1414/1414/1374 232/233/230 1191/1192/1164
f 1191/1192/1164 1410/1410/1370 1414/1414/1374
f 1410/1410/1370 1411/1411/1371 1415/1415/1375
f 1415/1415/1375 1414/1414/1374 1410/1410/1370
f 1411/1411/1371 1396/1396/1356 1400/1400/1360
f 1400/1400/1360 1415/1415/1375 1411/1411/1371
f 1413/1413/1373 1416/1416/1376 787/787/774
f 787/787/774 779/779/766 1413/1413/1373
f 1417/1417/1377 233/234/231 232/233/230
f 232/233/230 1414/1414/1374 1417/1417/1377
f 1414/1414/1374 1415/1415/1375 1418/1418/1378
f 1418/1418/1378 1417/1417/1377 1414/1414/1374
f 1415/1415/1375 1400/1400/1360 1408/1408/1368
f 1408/1408/1368 1418/1418/1378 1415/1415/1375
f 1018/1019/995 1023/1023/999 1214/1214/1186
f 1214/1214/1186 1129/1129/1102 1018/1019/995
f 286/286/283 516/516/510 1419/1419/1379
f 1419/1419/1379 300/300/297 286/286/283
f 1416/1416/1376 1420/1420/1380 800/800/785
f 800/800/785 787/787/774 1416/1416/1376
f 1422/1421/1381 1421/1422/1382 233/234/231
f 233/234/231 1417/1417/1377 1422/1421/1381
f 1417/1417/1377 1418/1418/1378 1423/1423/1383
f 1423/1423/1383 1422/1421/1381 1417/1417/1377
f 1418/1418/1378 1408/1408/1368 1407/1407/1367
f 1407/1407/1367 1423/1423/1383 1418/1418/1378
f 1425/1424/1384 1424/1425/1385 807/807/792
f 807/807/792 806/806/791 1425/1424/1384
f 1427/1426/1386 815/816/801 1156/1157/1129
f 1156/1157/1129 1426/1427/1381 1427/1426/1386
f 1426/1427/1381 1428/1428/1387 1429/1429/1388
f 1429/1429/1388 1427/1426/1386 1426/1427/1381
f 1428/1428/1387 1130/1130/1103 1129/1129/1102
f 1129/1129/1102 1429/1429/1388 1428/1428/1387
f 1424/1425/1385 1430/1430/1389 374/375/372
f 374/375/372 807/807/792 1424/1425/1385
f 1431/1431/1390 816/817/802 815/816/801
f 815/816/801 1427/1426/1386 1431/1431/1390
f 1427/1426/1386 1429/1429/1388 1432/1432/1391
f 1432/1432/1391 1431/1431/1390 1427/1426/1386
f 1429/1429/1388 1129/1129/1102 1214/1214/1186
f 1214/1214/1186 1432/1432/1391 1429/1429/1388
f 1435/1433/1392 1433/1434/1393 522/523/517
f 522/523/517 1434/1435/1394 1435/1433/1392
f 1000/1000/976 1004/1004/980 1408/1408/1368
f 1408/1408/1368 1400/1400/1360 1000/1000/976
f 1275/1276/1246 963/964/942 1412/1412/1372
f 1412/1412/1372 1436/1436/1395 1275/1276/1246
f 598/599/593 1437/1437/1396 1438/1438/1397
f 1438/1438/1397 1363/1364/1327 598/599/593
f 1430/1430/1389 370/371/368 372/370/367
f 372/370/367 374/375/372 1430/1430/1389
f 1440/1439/1398 1439/1440/1399 816/817/802
f 816/817/802 1431/1431/1390 1440/1439/1398
f 1431/1431/1390 1432/1432/1391 1441/1441/1400
f 1441/1441/1400 1440/1439/1398 1431/1431/1390
f 1432/1432/1391 1214/1214/1186 869/866/849
f 869/866/849 1441/1441/1400 1432/1432/1391
f 817/818/803 816/817/802 1439/1440/1399
f 1439/1440/1399 1442/1442/1401 817/818/803
f 1444/1443/1402 1443/1444/1403 1436/1436/1395
f 1436/1436/1395 1412/1412/1372 1444/1443/1402
f 1442/1442/1401 1439/1440/1399 1436/1436/1395
f 1436/1436/1395 1443/1444/1403 1442/1442/1401
f 1448/1445/1404 1445/1446/1405 1446/1447/1406
f 1446/1447/1406 1447/1448/1407 1448/1445/1404
f 1275/1276/1246 1436/1436/1395 1439/1440/1399
f 1439/1440/1399 1440/1439/1398 1275/1276/1246
f 1440/1439/1398 1441/1441/1400 1276/1275/1245
f 1276/1275/1245 1275/1276/1246 1440/1439/1398
f 1441/1441/1400 869/866/849 868/869/852
f 868/869/852 1276/1275/1245 1441/1441/1400
f 1450/1449/1408 896/893/874 1449/1450/1409
f 1449/1450/1409 1043/1044/1020 1450/1449/1408
f 1006/1007/983 1005/1006/982 1043/1044/1020
f 1043/1044/1020 1449/1450/1409 1006/1007/983
f 1307/1307/1274 962/963/941 1451/1451/1410
f 1451/1451/1410 1308/1308/1275 1307/1307/1274
f 962/963/941 965/962/940 1452/1452/1411
f 1452/1452/1411 1451/1451/1410 962/963/941
f 538/539/533 541/538/532 1020/1020/996
f 1020/1020/996 1144/1144/1116 538/539/533
f 1453/1453/1412 1384/1382/1343 1380/1381/1342
f 1380/1381/1342 1381/1380/1341 1453/1453/1412
f 281/281/278 259/260/257 293/294/291
f 293/294/291 279/279/276 281/281/278
f 1230/1230/1201 1026/1026/1002 171/172/169
f 171/172/169 338/335/332 1230/1230/1201
f 1455/1454/1413 1435/1433/1392 1434/1435/1394
f 1434/1435/1394 1454/1455/1414 1455/1454/1413
f 1457/1456/1415 1456/1457/1416 1122/1123/1096
f 1122/1123/1096 1125/1122/1095 1457/1456/1415
f 1159/1159/1131 1308/1308/1275 1456/1457/1416
f 1456/1457/1416 1457/1456/1415 1159/1159/1131
f 1458/1458/1417 1456/1457/1416 1308/1308/1275
f 1308/1308/1275 1451/1451/1410 1458/1458/1417
f 1460/1459/1418 1167/1168/1140 1166/1167/1139
f 1166/1167/1139 1459/1460/1419 1460/1459/1418
f 1451/1451/1410 1452/1452/1411 1461/1461/1420
f 1461/1461/1420 1458/1458/1417 1451/1451/1410
f 1452/1452/1411 1242/1242/1213 1286/1286/1256
f 1286/1286/1256 1461/1461/1420 1452/1452/1411
f 832/831/816 562/563/557 18/19/19
f 18/19/19 1462/1462/1421 832/831/816
f 930/930/910 1463/1463/1422 839/839/824
f 839/839/824 313/313/310 930/930/910
f 1464/1464/1423 1122/1123/1096 1456/1457/1416
f 1456/1457/1416 1458/1458/1417 1464/1464/1423
f 1458/1458/1417 1461/1461/1420 1465/1465/1424
f 1465/1465/1424 1464/1464/1423 1458/1458/1417
f 1461/1461/1420 1286/1286/1256 1285/1285/1255
f 1285/1285/1255 1465/1465/1424 1461/1461/1420
f 762/763/750 761/762/749 1086/1086/1062
f 1086/1086/1062 1082/1082/1058 762/763/750
f 1463/1463/1422 1466/1466/1425 848/848/833
f 848/848/833 839/839/824 1463/1463/1422
f 1467/1467/1426 1123/1124/1097 1122/1123/1096
f 1122/1123/1096 1464/1464/1423 1467/1467/1426
f 1464/1464/1423 1465/1465/1424 1468/1468/1427
f 1468/1468/1427 1467/1467/1426 1464/1464/1423
f 1465/1465/1424 1285/1285/1255 1469/1469/1428
f 1469/1469/1428 1468/1468/1427 1465/1465/1424
f 1052/1052/1028 1470/1470/1429 90/91/88
f 90/91/88 592/589/583 1052/1052/1028
f 164/161/158 163/164/161 1045/1046/1022
f 1045/1046/1022 1048/1045/1021 164/161/158
f 932/933/913 377/377/374 376/376/373
f 376/376/373 1120/1120/1094 932/933/913
f 481/481/477 480/480/476 1250/1248/1219
f 1250/1248/1219 1114/1113/1087 481/481/477
f 957/958/936 1294/1294/1264 1471/1471/1430
f 1471/1471/1430 958/959/937 957/958/936
f 1471/1471/1430 1042/1043/1019 1044/1042/1018
f 1044/1042/1018 958/959/937 1471/1471/1430
f 945/945/925 944/944/924 1088/1088/1064
f 1088/1088/1064 1084/1084/1060 945/945/925
f 760/761/748 763/760/747 1071/1069/1045
f 1071/1069/1045 1085/1085/1061 760/761/748
f 936/937/917 1044/1042/1018 1005/1006/982
f 1005/1006/982 1008/1005/981 936/937/917
f 1472/1472/1431 1356/1356/1319 448/445/442
f 448/445/442 861/862/846 1472/1472/1431
f 972/973/950 1261/1261/1231 1273/1273/1243
f 1273/1273/1243 1259/1259/1230 972/973/950
f 915/916/897 202/203/200 205/202/199
f 205/202/199 582/583/577 915/916/897
f 1095/1096/1072 1473/1473/1432 675/675/666
f 675/675/666 689/689/680 1095/1096/1072
f 1475/1474/1433 1193/1194/1166 1474/1475/1434
f 1474/1475/1434 1179/1180/1152 1475/1474/1433
f 1479/1476/1435 1476/1477/1436 1477/1478/1437
f 1477/1478/1437 1478/1479/1438 1479/1476/1435
f 621/620/614 633/633/627 608/607/601
f 608/607/601 607/608/602 621/620/614
f 1228/1228/1199 1475/1474/1433 1179/1180/1152
f 1179/1180/1152 390/391/388 1228/1228/1199
f 915/916/897 1480/1480/1439 351/351/348
f 351/351/348 202/203/200 915/916/897
f 1250/1248/1219 1249/1250/1221 1113/1114/1088
f 1113/1114/1088 1114/1113/1087 1250/1248/1219
f 1249/1250/1221 1293/1293/1263 1481/1481/1440
f 1481/1481/1440 1113/1114/1088 1249/1250/1221
f 1254/1251/1222 1357/1357/1320 1356/1356/1319
f 1356/1356/1319 1140/1139/1111 1254/1251/1222
f 533/532/526 351/351/348 1480/1480/1439
f 1480/1480/1439 532/533/527 533/532/526
f 1155/1155/1127 1482/1482/1441 1183/1184/1156
f 1183/1184/1156 1151/1151/1123 1155/1155/1127
f 572/569/563 1483/1483/1442 596/593/587
f 596/593/587 578/579/573 572/569/563
f 1050/1050/1026 1484/1484/1443 1292/1292/1262
f 1292/1292/1262 1248/1249/1220 1050/1050/1026
f 1140/1139/1111 1139/1140/1112 1251/1252/1223
f 1251/1252/1223 1254/1251/1222 1140/1139/1111
f 1113/1114/1088 1481/1481/1440 571/572/566
f 571/572/566 1035/1034/1010 1113/1114/1088
f 482/483/478 1485/1485/1234 299/296/293
f 299/296/293 298/299/296 482/483/478
f 1152/1152/1124 1267/1267/1237 1068/1067/1043
f 1068/1067/1043 1076/1077/1053 1152/1152/1124
f 575/576/570 1104/1105/1080 163/164/161
f 163/164/161 162/163/160 575/576/570
f 1474/1475/1434 1486/1486/1444 1487/1487/1445
f 1487/1487/1445 1488/1488/1446 1474/1475/1434
f 1072/1072/1048 1303/1303/1271 1280/1279/1249
f 1280/1279/1249 1073/1073/1049 1072/1072/1048
f 1022/1022/998 1017/1018/994 1153/1154/1126
f 1153/1154/1126 1134/1135/1108 1022/1022/998
f 87/84/81 136/137/134 350/348/345
f 350/348/345 84/85/82 87/84/81
f 1100/1101/1076 1291/1288/1258 1221/1219/1190
f 1221/1219/1190 1304/1304/1272 1100/1101/1076
f 1483/1483/1442 1481/1481/1440 1293/1293/1263
f 1293/1293/1263 1489/1489/1447 1483/1483/1442
f 163/164/161 1104/1105/1080 1079/1078/1054
f 1079/1078/1054 1045/1046/1022 163/164/161
f 1132/1133/1106 1141/1142/1114 539/540/534
f 539/540/534 538/539/533 1132/1133/1106
f 572/569/563 571/572/566 1481/1481/1440
f 1481/1481/1440 1483/1483/1442 572/569/563
f 446/447/444 1050/1050/1026 1248/1249/1220
f 1248/1249/1220 480/480/476 446/447/444
f 1344/1344/1307 354/355/352 952/953/932
f 952/953/932 1312/1312/1279 1344/1344/1307
f 850/851/835 1490/1490/1448 647/644/638
f 647/644/638 851/852/836 850/851/835
f 1494/1491/1449 1491/1492/1450 1492/1493/1451
f 1492/1493/1451 1493/1494/1452 1494/1491/1449
f 1484/1484/1443 903/903/884 1495/1495/1453
f 1495/1495/1453 1292/1292/1262 1484/1484/1443
f 1196/1193/1165 1486/1486/1444 1474/1475/1434
f 1474/1475/1434 1193/1194/1166 1196/1193/1165
f 1235/1236/1207 895/896/877 1486/1486/1444
f 1486/1486/1444 1196/1193/1165 1235/1236/1207
f 1006/1007/983 1449/1450/1409 1235/1236/1207
f 1235/1236/1207 1236/1235/1206 1006/1007/983
f 1220/1221/1192 1252/1253/1224 1251/1252/1223
f 1251/1252/1223 1074/1074/1050 1220/1221/1192
f 853/850/834 852/853/837 1049/1049/1025
f 1049/1049/1025 1385/1385/1346 853/850/834
f 1074/1074/1050 248/245/242 247/248/245
f 247/248/245 1220/1221/1192 1074/1074/1050
f 1357/1357/1320 1385/1385/1346 1049/1049/1025
f 1049/1049/1025 445/446/443 1357/1357/1320
f 1497/1496/1454 1042/1043/1019 1471/1471/1430
f 1471/1471/1430 1496/1497/1455 1497/1496/1454
f 382/382/379 1498/1498/1456 244/241/238
f 244/241/238 243/244/241 382/382/379
f 1354/1355/1318 1499/1499/1457 1500/1500/892
f 1500/1500/892 1438/1438/1397 1354/1355/1318
f 1102/1100/1075 1288/1289/1259 1291/1288/1258
f 1291/1288/1258 1100/1101/1076 1102/1100/1075
f 833/833/818 834/834/819 822/823/808
f 822/823/808 821/822/807 833/833/818
f 949/946/926 948/949/929 1501/1501/1458
f 1501/1501/1458 1294/1294/1264 949/946/926
f 872/873/856 871/872/855 1496/1497/1455
f 1496/1497/1455 1501/1501/1458 872/873/856
f 1495/1495/1453 1489/1489/1447 1293/1293/1263
f 1293/1293/1263 1292/1292/1262 1495/1495/1453
f 1179/1180/1152 1474/1475/1434 1488/1488/1446
f 1488/1488/1446 1180/1179/1151 1179/1180/1152
f 948/949/929 1109/1109/1083 872/873/856
f 872/873/856 1501/1501/1458 948/949/929
f 920/920/900 874/874/857 166/167/164
f 166/167/164 504/501/495 920/920/900
f 594/595/589 873/871/854 872/873/856
f 872/873/856 1109/1109/1083 594/595/589
f 593/594/588 1187/1187/1159 873/871/854
f 873/871/854 594/595/589 593/594/588
f 1502/1502/1459 1278/1278/1248 1277/1277/1247
f 1277/1277/1247 1433/1434/1393 1502/1502/1459
f 811/811/796 400/400/397 155/156/153
f 155/156/153 397/397/394 811/811/796
f 311/312/309 310/311/308 870/870/853
f 870/870/853 382/382/379 311/312/309
f 430/428/425 1503/1503/1460 1504/1504/1461
f 1504/1504/1461 428/429/426 430/428/425
f 582/583/577 583/582/576 865/865/848
f 865/865/848 901/901/882 582/583/577
f 1302/1300/1269 919/919/895 353/354/351
f 353/354/351 355/353/350 1302/1300/1269
f 411/408/405 1505/1505/1462 1506/1506/1463
f 1506/1506/1463 408/409/406 411/408/405
f 1505/1505/1462 39/36/35 532/533/527
f 532/533/527 1507/1507/1464 1505/1505/1462
f 1498/1498/1456 231/228/225 230/231/228
f 230/231/228 244/241/238 1498/1498/1456
f 382/382/379 870/870/853 410/411/408
f 410/411/408 1498/1498/1456 382/382/379
f 36/37/36 39/36/35 1505/1505/1462
f 1505/1505/1462 411/408/405 36/37/36
f 916/915/896 1508/1508/1465 1480/1480/1439
f 1480/1480/1439 915/916/897 916/915/896
f 408/409/406 1506/1506/1463 881/881/864
f 881/881/864 478/475/471 408/409/406
f 1505/1505/1462 1507/1507/1464 345/346/343
f 345/346/343 1506/1506/1463 1505/1505/1462
f 346/347/344 345/346/343 1507/1507/1464
f 1507/1507/1464 1508/1508/1465 346/347/344
f 1498/1498/1456 410/411/408 409/410/407
f 409/410/407 231/228/225 1498/1498/1456
f 463/464/461 346/347/344 1508/1508/1465
f 1508/1508/1465 916/915/896 463/464/461
f 1273/1273/1243 947/948/928 946/947/927
f 946/947/927 1259/1259/1230 1273/1273/1243
f 1506/1506/1463 345/346/343 344/345/342
f 344/345/342 881/881/864 1506/1506/1463
f 228/229/226 1509/1509/1466 416/417/414
f 416/417/414 229/230/227 228/229/226
f 231/228/225 409/410/407 477/478/474
f 477/478/474 228/229/226 231/228/225
f 881/881/864 344/345/342 622/623/617
f 622/623/617 625/622/616 881/881/864
f 1375/1375/1336 622/623/617 344/345/342
f 344/345/342 347/344/341 1375/1375/1336
f 228/229/226 477/478/474 476/477/473
f 476/477/473 1509/1509/1466 228/229/226
f 1025/1024/1000 1020/1020/996 907/908/889
f 907/908/889 906/907/888 1025/1024/1000
f 1509/1509/1466 905/904/885 417/418/415
f 417/418/415 416/417/414 1509/1509/1466
f 1510/1510/1467 853/850/834 1385/1385/1346
f 1385/1385/1346 1253/1254/1225 1510/1510/1467
f 139/140/137 198/199/196 1511/1511/1468
f 1511/1511/1468 140/141/138 139/140/137
f 1509/1509/1466 476/477/473 904/905/886
f 904/905/886 905/904/885 1509/1509/1466
f 417/418/415 905/904/885 65/66/63
f 65/66/63 424/423/420 417/418/415
f 706/706/697 1499/1499/1457 1354/1355/1318
f 1354/1355/1318 72/73/70 706/706/697
f 1290/1291/1261 1289/1290/1260 1491/1492/1450
f 1491/1492/1450 1494/1491/1449 1290/1291/1261
f 1219/1220/1191 1290/1291/1261 1494/1491/1449
f 1494/1491/1449 1512/1512/1469 1219/1220/1191
f 1327/1328/1295 1326/1327/1294 1513/1513/1470
f 1513/1513/1470 1514/1514/1471 1327/1328/1295
f 852/853/837 851/852/836 903/903/884
f 903/903/884 1484/1484/1443 852/853/837
f 1290/1291/1261 1219/1220/1191 1221/1219/1190
f 1221/1219/1190 1291/1288/1258 1290/1291/1261
f 475/476/472 625/622/616 624/625/619
f 624/625/619 942/942/922 475/476/472
f 698/699/690 37/38/37 310/311/308
f 310/311/308 312/310/307 698/699/690
f 850/851/835 853/850/834 1510/1510/1467
f 1510/1510/1467 1493/1494/1452 850/851/835
f 1219/1220/1191 1512/1512/1469 1252/1253/1224
f 1252/1253/1224 1220/1221/1192 1219/1220/1191
f 903/903/884 646/647/641 1187/1187/1159
f 1187/1187/1159 1495/1495/1453 903/903/884
f 1488/1488/1446 1487/1487/1445 1515/1515/1472
f 1515/1515/1472 1516/1516/1473 1488/1488/1446
f 1515/1515/1472 1289/1290/1260 1288/1289/1259
f 1288/1289/1259 1516/1516/1473 1515/1515/1472
f 1490/1490/1448 850/851/835 1493/1494/1452
f 1493/1494/1452 1492/1493/1451 1490/1490/1448
f 1515/1515/1472 1517/1517/1474 1491/1492/1450
f 1491/1492/1450 1289/1290/1260 1515/1515/1472
f 1518/1518/1475 1450/1449/1408 1497/1496/1454
f 1497/1496/1454 1136/1136/1109 1518/1518/1475
f 1520/1519/1476 1490/1490/1448 1492/1493/1451
f 1492/1493/1451 1519/1520/1477 1520/1519/1476
f 1487/1487/1445 894/895/876 1517/1517/1474
f 1517/1517/1474 1515/1515/1472 1487/1487/1445
f 1524/1521/1478 1521/1522/1479 1522/1523/1480
f 1522/1523/1480 1523/1524/1481 1524/1521/1478
f 1512/1512/1469 1494/1491/1449 1493/1494/1452
f 1493/1494/1452 1510/1510/1467 1512/1512/1469
f 49/50/49 16/17/17 15/16/16
f 15/16/16 50/51/50 49/50/49
f 1180/1179/1151 1488/1488/1446 1516/1516/1473
f 1516/1516/1473 1299/1299/1268 1180/1179/1151
f 1518/1518/1475 1520/1519/1476 1519/1520/1477
f 1519/1520/1477 893/894/875 1518/1518/1475
f 1487/1487/1445 1486/1486/1444 895/896/877
f 895/896/877 894/895/876 1487/1487/1445
f 1512/1512/1469 1510/1510/1467 1253/1254/1225
f 1253/1254/1225 1252/1253/1224 1512/1512/1469
f 1299/1299/1268 1516/1516/1473 1288/1289/1259
f 1288/1289/1259 1102/1100/1075 1299/1299/1268
f 469/469/466 462/462/459 1525/1525/1482
f 1525/1525/1482 1526/1526/1483 469/469/466
f 1450/1449/1408 1518/1518/1475 893/894/875
f 893/894/875 896/893/874 1450/1449/1408
f 1043/1044/1020 1042/1043/1019 1497/1496/1454
f 1497/1496/1454 1450/1449/1408 1043/1044/1020
f 1491/1492/1450 1517/1517/1474 1519/1520/1477
f 1519/1520/1477 1492/1493/1451 1491/1492/1450
f 1277/1277/1247 523/524/518 522/523/517
f 522/523/517 1433/1434/1393 1277/1277/1247
f 1351/1351/1314 19/20/20 561/562/556
f 561/562/556 1148/1148/1120 1351/1351/1314
f 1434/1435/1394 522/523/517 525/522/516
f 525/522/516 1527/1527/15 1434/1435/1394
f 426/427/424 1243/1243/1214 550/548/542
f 550/548/542 105/106/103 426/427/424
f 1513/1513/1470 1528/1528/1484 1529/1529/1485
f 1529/1529/1485 1514/1514/1471 1513/1513/1470
f 441/441/438 418/419/416 417/418/415
f 417/418/415 424/423/420 441/441/438
f 1532/1530/545 1530/1531/1486 1531/1532/1135
f 1531/1532/1135 559/559/553 1532/1530/545
f 19/20/20 18/19/19 562/563/557
f 562/563/557 561/562/556 19/20/20
f 1536/1533/1487 1533/1534/1296 1534/1535/1488
f 1534/1535/1488 1535/1536/1489 1536/1533/1487
f 1538/1537/1490 1537/1538/45 1435/1433/1392
f 1435/1433/1392 1455/1454/1413 1538/1537/1490
f 1454/1455/1414 1528/1528/1484 1539/1539/1491
f 1539/1539/1491 1455/1454/1413 1454/1455/1414
f 1490/1490/1448 1520/1519/1476 644/645/639
f 644/645/639 647/644/638 1490/1490/1448
f 1523/1524/1481 368/365/362 367/368/365
f 367/368/365 1524/1521/1478 1523/1524/1481
f 1246/1247/1218 1521/1522/1479 1524/1521/1478
f 1524/1521/1478 1316/1316/1283 1246/1247/1218
f 1159/1159/1131 1457/1456/1415 930/930/910
f 930/930/910 929/929/909 1159/1159/1131
f 1543/1540/1492 1540/1541/1493 1541/1542/1494
f 1541/1542/1494 1542/1543/1495 1543/1540/1492
f 1080/1080/1056 1131/1131/1104 1040/1041/1017
f 1040/1041/1017 1077/1076/1052 1080/1080/1056
f 875/875/858 942/942/922 624/625/619
f 624/625/619 909/909/890 875/875/858
f 1264/1265/1235 1446/1447/1406 1445/1446/1405
f 1445/1446/1405 1265/1262/1232 1264/1265/1235
f 1227/1227/1198 1245/1245/1216 1194/1195/1167
f 1194/1195/1167 1228/1228/1199 1227/1227/1198
f 230/231/228 229/230/227 209/206/203
f 209/206/203 208/209/206 230/231/228
f 1454/1455/1414 1544/1544/1496 1529/1529/1485
f 1529/1529/1485 1528/1528/1484 1454/1455/1414
f 1201/1202/1174 1207/1207/1179 1227/1227/1198
f 1227/1227/1198 389/390/387 1201/1202/1174
f 1545/1545/1497 641/642/636 1338/1338/1301
f 1338/1338/1301 1346/1347/1310 1545/1545/1497
f 1500/1500/892 1364/1361/1324 1363/1364/1327
f 1363/1364/1327 1438/1438/1397 1500/1500/892
f 462/462/459 452/453/450 1546/1546/1498
f 1546/1546/1498 1525/1525/1482 462/462/459
f 1548/1547/1499 210/210/207 183/184/181
f 183/184/181 1547/1548/1500 1548/1547/1499
f 1532/1530/545 559/559/553 556/556/550
f 556/556/550 557/557/551 1532/1530/545
f 1549/1549/1501 687/688/679 20/21/21
f 20/21/21 1352/1352/1315 1549/1549/1501
f 1522/1523/1480 1521/1522/1479 1550/1550/1502
f 1550/1550/1502 1551/1551/1503 1522/1523/1480
f 1528/1528/1484 1513/1513/1470 1541/1542/1494
f 1541/1542/1494 1539/1539/1491 1528/1528/1484
f 1513/1513/1470 1326/1327/1294 1542/1543/1495
f 1542/1543/1495 1541/1542/1494 1513/1513/1470
f 472/473/469 471/472/468 966/967/945
f 966/967/945 939/940/920 472/473/469
f 939/940/920 966/967/945 1550/1550/1502
f 1550/1550/1502 940/941/921 939/940/920
f 1550/1550/1502 1521/1522/1479 1246/1247/1218
f 1246/1247/1218 940/941/921 1550/1550/1502
f 365/366/363 910/911/892 912/910/891
f 912/910/891 366/367/364 365/366/363
f 1502/1502/1459 1433/1434/1393 1435/1433/1392
f 1435/1433/1392 1537/1538/45 1502/1502/1459
f 1524/1521/1478 367/368/365 1534/1535/1488
f 1534/1535/1488 1316/1316/1283 1524/1521/1478
f 367/368/365 366/367/364 1535/1536/1489
f 1535/1536/1489 1534/1535/1488 367/368/365
f 1535/1536/1489 366/367/364 912/910/891
f 912/910/891 1552/1552/1504 1535/1536/1489
f 1489/1489/1447 1495/1495/1453 1187/1187/1159
f 1187/1187/1159 593/594/588 1489/1489/1447
f 1483/1483/1442 1489/1489/1447 593/594/588
f 593/594/588 596/593/587 1483/1483/1442
f 1449/1450/1409 896/893/874 895/896/877
f 895/896/877 1235/1236/1207 1449/1450/1409
f 18/19/19 21/18/18 616/616/610
f 616/616/610 1462/1462/1421 18/19/19
f 966/967/945 967/966/944 1551/1551/1503
f 1551/1551/1503 1550/1550/1502 966/967/945
f 1539/1539/1491 1541/1542/1494 1540/1541/1493
f 1540/1541/1493 1553/1553/695 1539/1539/1491
f 161/162/159 1021/1021/997 588/588/582
f 588/588/582 162/163/160 161/162/159
f 874/874/857 920/920/900 1375/1375/1336
f 1375/1375/1336 926/926/906 874/874/857
f 1316/1316/1283 1534/1535/1488 1533/1534/1296
f 1533/1534/1296 1317/1317/1284 1316/1316/1283
f 1538/1537/1490 1455/1454/1413 1539/1539/1491
f 1539/1539/1491 1553/1553/695 1538/1537/1490
f 1066/1066/1042 554/553/547 306/307/304
f 306/307/304 305/306/303 1066/1066/1042
f 1307/1307/1274 1158/1158/1130 1444/1443/1402
f 1444/1443/1402 1412/1412/1372 1307/1307/1274
f 428/429/426 1504/1504/1461 1554/1554/1505
f 1554/1554/1505 432/431/428 428/429/426
f 520/520/514 1296/1295/1265 1295/1296/492
f 1295/1296/492 526/526/520 520/520/514
f 1239/1239/1210 1195/1196/1168 1194/1195/1167
f 1194/1195/1167 1245/1245/1216 1239/1239/1210
f 379/379/376 549/550/544 1555/1555/1506
f 1555/1555/1506 380/380/377 379/379/376
f 558/558/552 1556/1556/1507 1557/1557/1508
f 1557/1557/1508 324/324/321 558/558/552
f 1226/1225/1196 1558/1558/1509 567/568/562
f 567/568/562 566/567/561 1226/1225/1196
f 398/399/396 1559/1559/1510 1560/1560/1511
f 1560/1560/1511 845/845/830 398/399/396
f 399/398/395 1561/1561/1512 1559/1559/1510
f 1559/1559/1510 398/399/396 399/398/395
f 1562/1562/1009 1150/1149/1121 329/330/327
f 329/330/327 950/951/931 1562/1562/1009
f 581/581/575 1563/1563/1513 1162/1163/1135
f 1162/1163/1135 1165/1162/1134 581/581/575
f 1217/1217/1188 1564/1564/1514 1565/1565/1515
f 1565/1565/1515 1190/1189/1161 1217/1217/1188
f 1568/1566/1516 1269/1270/1240 1566/1567/1517
f 1566/1567/1517 1567/1568/1157 1568/1566/1516
f 1268/1269/1239 1565/1565/1515 1566/1567/1517
f 1566/1567/1517 1269/1270/1240 1268/1269/1239
f 1012/1013/989 1140/1139/1111 1356/1356/1319
f 1356/1356/1319 1472/1472/1431 1012/1013/989
f 380/380/377 1555/1555/1506 1569/1569/1518
f 1569/1569/1518 393/393/390 380/380/377
f 1244/1244/1215 1243/1243/1214 100/101/98
f 100/101/98 103/100/97 1244/1244/1215
f 577/574/568 576/577/571 587/587/581
f 587/587/581 1089/1090/1066 577/574/568
f 558/558/552 559/559/553 1531/1532/1135
f 1531/1532/1135 1556/1556/1507 558/558/552
f 1160/1161/1133 1153/1154/1126 1017/1018/994
f 1017/1018/994 1016/1017/993 1160/1161/1133
f 399/398/395 369/369/366 1570/1570/1519
f 1570/1570/1519 1561/1561/1512 399/398/395
f 541/538/532 540/541/535 588/588/582
f 588/588/582 1021/1021/997 541/538/532
f 93/90/87 487/488/483 876/876/859
f 876/876/859 589/590/584 93/90/87
f 271/272/269 581/581/575 1165/1162/1134
f 1165/1162/1134 272/273/270 271/272/269
f 1568/1566/1516 858/859/843 857/858/842
f 857/858/842 1269/1270/1240 1568/1566/1516
f 324/324/321 1557/1557/1508 1571/1571/521
f 1571/1571/521 252/252/249 324/324/321
f 393/393/390 1569/1569/1518 1572/1572/1520
f 1572/1572/1520 339/340/337 393/393/390
f 205/202/199 204/205/202 257/258/255
f 257/258/255 260/257/254 205/202/199
f 539/540/534 1090/1091/1067 587/587/581
f 587/587/581 540/541/535 539/540/534
f 297/298/295 296/297/294 1103/1103/1078
f 1103/1103/1078 51/48/47 297/298/295
f 1189/1190/1162 1268/1269/1239 1270/1268/1238
f 1270/1268/1238 1178/1178/1150 1189/1190/1162
f 272/273/270 1165/1162/1134 1164/1165/1137
f 1164/1165/1137 456/456/453 272/273/270
f 339/340/337 1572/1572/1520 529/530/524
f 529/530/524 340/341/338 339/340/337
f 360/357/354 1060/1061/1037 1030/1031/1007
f 1030/1031/1007 357/358/355 360/357/354
f 959/957/935 1259/1259/1230 946/947/927
f 946/947/927 957/958/936 959/957/935
f 551/551/545 545/545/539 1573/1573/1521
f 1573/1573/1521 1574/1574/1486 551/551/545
f 1178/1178/1150 1270/1268/1238 1575/1575/1522
f 1575/1575/1522 1172/1173/1145 1178/1178/1150
f 497/497/491 217/214/211 252/252/249
f 252/252/249 1571/1571/521 497/497/491
f 276/276/273 865/865/848 583/582/576
f 583/582/576 281/281/278 276/276/273
f 378/378/375 528/529/523 182/183/180
f 182/183/180 185/182/179 378/378/375
f 1579/1576/1176 1576/1577/1523 1577/1578/1524
f 1577/1578/1524 1578/1579/1525 1579/1576/1176
f 456/456/453 1164/1165/1137 1580/1580/1526
f 1580/1580/1526 1360/1360/1323 456/456/453
f 340/341/338 529/530/524 528/529/523
f 528/529/523 378/378/375 340/341/338
f 140/141/138 1511/1511/1468 1581/1581/522
f 1581/1581/522 348/349/346 140/141/138
f 1172/1173/1145 1575/1575/1522 1582/1582/1527
f 1582/1582/1527 1173/1170/1142 1172/1173/1145
f 926/926/906 1375/1375/1336 347/344/341
f 347/344/341 466/463/460 926/926/906
f 1360/1360/1323 1580/1580/1526 1583/1583/1528
f 1583/1583/1528 518/518/512 1360/1360/1323
f 1584/1584/1529 238/239/236 237/238/235
f 237/238/235 553/554/548 1584/1584/1529
f 1217/1217/1188 1190/1189/1161 1127/1127/1100
f 1127/1127/1100 1205/1205/1177 1217/1217/1188
f 270/267/264 280/280/277 1296/1295/1265
f 1296/1295/1265 520/520/514 270/267/264
f 1262/1263/1233 1031/1030/1006 1585/1585/293
f 1585/1585/293 1263/1264/1234 1262/1263/1233
f 401/401/398 826/826/811 708/708/699
f 708/708/699 156/157/154 401/401/398
f 1190/1189/1161 1565/1565/1515 1268/1269/1239
f 1268/1269/1239 1189/1190/1162 1190/1189/1161
f 1161/1160/1132 1460/1459/1418 1459/1460/1419
f 1459/1460/1419 1154/1153/1125 1161/1160/1132
f 1508/1508/1465 1507/1507/1464 532/533/527
f 532/533/527 1480/1480/1439 1508/1508/1465
f 280/280/277 279/279/276 293/294/291
f 293/294/291 292/293/290 280/280/277
f 518/518/512 1583/1583/1528 1061/1058/1034
f 1061/1058/1034 362/362/359 518/518/512
f 1583/1583/1528 1586/1586/1074 1058/1059/1035
f 1058/1059/1035 1061/1058/1034 1583/1583/1528
f 306/307/304 237/238/235 240/237/234
f 240/237/234 307/305/302 306/307/304
f 1284/1284/1254 238/239/236 1584/1584/1529
f 1584/1584/1529 1587/1587/883 1284/1284/1254
f 444/444/441 443/443/440 101/102/99
f 101/102/99 75/76/73 444/444/441
f 1154/1153/1125 1459/1460/1419 1588/1588/1530
f 1588/1588/1530 1135/1132/1105 1154/1153/1125
f 274/271/268 278/278/275 277/277/274
f 277/277/274 271/272/269 274/271/268
f 1590/1589/1531 1419/1419/1379 516/516/510
f 516/516/510 1589/1590/1532 1590/1589/1531
f 1591/1591/1533 1091/1089/1065 1090/1091/1067
f 1090/1091/1067 1142/1141/1113 1591/1591/1533
f 1595/1592/1534 1592/1593/1535 1593/1594/1536
f 1593/1594/1536 1594/1595/1537 1595/1592/1534
f 1597/1596/1538 1591/1591/1533 1142/1141/1113
f 1142/1141/1113 1596/1597/1539 1597/1596/1538
f 307/305/302 240/237/234 1598/1598/1540
f 1598/1598/1540 956/955/934 307/305/302
f 1212/1213/1185 1211/1212/1184 1239/1239/1210
f 1239/1239/1210 1245/1245/1216 1212/1213/1185
f 482/483/478 483/482/466 1599/1599/1483
f 1599/1599/1483 1485/1485/1234 482/483/478
f 1135/1132/1105 1588/1588/1530 1141/1142/1114
f 1141/1142/1114 1132/1133/1106 1135/1132/1105
f 1228/1228/1199 1194/1195/1167 1193/1194/1166
f 1193/1194/1166 1475/1474/1433 1228/1228/1199
f 956/955/934 1598/1598/1540 1600/1600/1541
f 1600/1600/1541 955/956/898 956/955/934
f 1222/1222/1193 1218/1218/1189 988/988/964
f 988/988/964 985/986/962 1222/1222/1193
f 1206/1206/1178 1213/1210/1182 1212/1213/1185
f 1212/1213/1185 1207/1207/1179 1206/1206/1178
f 985/986/962 984/985/959 1225/1226/1197
f 1225/1226/1197 1222/1222/1193 985/986/962
f 403/402/399 1238/1237/1208 1503/1503/1460
f 1503/1503/1460 430/428/425 403/402/399
f 1567/1568/1157 1566/1567/1517 1577/1578/1524
f 1577/1578/1524 1576/1577/1523 1567/1568/1157
f 1572/1572/1520 1569/1569/1518 1601/1601/1512
f 1601/1601/1512 1602/1602/1519 1572/1572/1520
f 1064/1064/1040 1110/1110/1084 877/878/861
f 877/878/861 1065/1065/1041 1064/1064/1040
f 1119/1119/1093 1083/1083/1059 1279/1280/1250
f 1279/1280/1250 1287/1287/1257 1119/1119/1093
f 1604/1603/1510 1555/1555/1506 549/550/544
f 549/550/544 1603/1604/1542 1604/1603/1510
f 443/443/440 1605/1605/1543 102/103/100
f 102/103/100 101/102/99 443/443/440
f 549/550/544 548/549/543 1606/1606/1208
f 1606/1606/1208 1603/1604/1542 549/550/544
f 435/436/433 1448/1445/1404 1605/1605/1543
f 1605/1605/1543 443/443/440 435/436/433
f 1143/1143/1115 1001/1002/978 1002/1001/977
f 1002/1001/977 1015/1015/991 1143/1143/1115
f 548/549/543 1244/1244/1215 1607/1607/1544
f 1607/1607/1544 1606/1606/1208 548/549/543
f 1009/1009/985 1003/1003/979 1171/1172/1144
f 1171/1172/1144 1170/1171/1143 1009/1009/985
f 434/435/432 1445/1446/1405 1448/1445/1404
f 1448/1445/1404 435/436/433 434/435/432
f 1244/1244/1215 103/100/97 1608/1608/1545
f 1608/1608/1545 1607/1607/1544 1244/1244/1215
f 432/431/428 1554/1554/1505 1609/1609/1546
f 1609/1609/1546 453/452/449 432/431/428
f 1347/1346/1309 1097/1095/1071 1096/1097/1073
f 1096/1097/1073 1346/1347/1310 1347/1346/1309
f 103/100/97 102/103/100 1610/1610/1547
f 1610/1610/1547 1608/1608/1545 103/100/97
f 453/452/449 1609/1609/1546 1546/1546/1498
f 1546/1546/1498 452/453/450 453/452/449
f 102/103/100 1605/1605/1543 1611/1611/1546
f 1611/1611/1546 1610/1610/1547 102/103/100
f 928/928/908 1233/1234/1205 975/976/953
f 975/976/953 969/968/946 928/928/908
f 1548/1547/1499 1266/1266/1236 288/288/285
f 288/288/285 210/210/207 1548/1547/1499
f 1605/1605/1543 1448/1445/1404 1447/1448/1407
f 1447/1448/1407 1611/1611/1546 1605/1605/1543
f 1233/1234/1205 1232/1233/1204 982/982/959
f 982/982/959 975/976/953 1233/1234/1205
f 487/488/483 486/487/482 1612/1612/1548
f 1612/1612/1548 876/876/859 487/488/483
f 1178/1178/1150 1177/1177/1149 1128/1128/1101
f 1128/1128/1101 1189/1190/1162 1178/1178/1150
f 1520/1519/1476 1518/1518/1475 1136/1136/1109
f 1136/1136/1109 644/645/639 1520/1519/1476
f 868/869/852 1001/1002/978 964/965/943
f 964/965/943 1276/1275/1245 868/869/852
f 1583/1583/1528 1580/1580/1526 1613/1613/1521
f 1613/1613/1521 1586/1586/1074 1583/1583/1528
f 1580/1580/1526 1164/1165/1137 1163/1164/1136
f 1163/1164/1136 1613/1613/1521 1580/1580/1526
f 1185/1185/1157 1204/1203/1175 1202/1201/1173
f 1202/1201/1173 1186/1186/1158 1185/1185/1157
f 124/125/122 328/328/325 1149/1150/1122
f 1149/1150/1122 125/122/119 124/125/122
f 468/468/465 423/424/421 68/65/62
f 68/65/62 479/479/475 468/468/465
f 1452/1452/1411 965/962/940 1143/1143/1115
f 1143/1143/1115 1242/1242/1213 1452/1452/1411
f 1555/1555/1506 1604/1603/1510 1601/1601/1512
f 1601/1601/1512 1569/1569/1518 1555/1555/1506
f 234/235/232 233/234/231 1421/1422/1382
f 1421/1422/1382 1614/1614/1128 234/235/232
f 581/581/575 580/580/574 1615/1615/1549
f 1615/1615/1549 1563/1563/1513 581/581/575
f 1482/1482/1441 1182/1181/1153 1176/1174/1146
f 1176/1174/1146 1183/1184/1156 1482/1482/1441
f 512/512/506 1031/1030/1006 1262/1263/1233
f 1262/1263/1233 110/111/108 512/512/506
f 1617/1616/251 1078/1079/1055 1079/1078/1054
f 1079/1078/1054 1616/1617/1550 1617/1616/251
f 887/888/250 886/887/869 961/960/938
f 961/960/938 1618/1618/251 887/888/250
f 1620/1619/1551 1619/1620/1552 1149/1150/1122
f 1149/1150/1122 1150/1149/1121 1620/1619/1551
f 1597/1596/1538 1596/1597/1539 1166/1167/1139
f 1166/1167/1139 1169/1166/1138 1597/1596/1538
f 1111/1111/1085 960/961/939 921/921/901
f 921/921/901 878/879/862 1111/1111/1085
f 125/122/119 1149/1150/1122 1619/1620/1552
f 1619/1620/1552 927/927/907 125/122/119
f 71/72/69 1380/1381/1342 1621/1621/1553
f 1621/1621/1553 864/864/710 71/72/69
f 878/879/862 921/921/901 284/285/282
f 284/285/282 879/880/863 878/879/862
f 282/283/280 1147/1147/1119 1587/1587/883
f 1587/1587/883 1584/1584/1529 282/283/280
f 553/554/548 283/284/281 282/283/280
f 282/283/280 1584/1584/1529 553/554/548
f 1028/1028/1004 1027/1027/1003 1118/1118/1092
f 1118/1118/1092 1062/1062/1038 1028/1028/1004
f 879/880/863 284/285/282 283/284/281
f 283/284/281 1053/1053/1029 879/880/863
f 570/571/565 585/585/579 256/253/250
f 256/253/250 255/256/253 570/571/565
f 373/373/370 336/337/334 395/396/393
f 395/396/393 808/808/793 373/373/370
f 1223/1223/1194 1032/1033/1009 1033/1032/1008
f 1033/1032/1008 1224/1224/1195 1223/1223/1194
f 1050/1050/1026 1049/1049/1025 852/853/837
f 852/853/837 1484/1484/1443 1050/1050/1026
f 1141/1142/1114 1588/1588/1530 1596/1597/1539
f 1596/1597/1539 1142/1141/1113 1141/1142/1114
f 1175/1176/1148 979/980/957 978/979/956
f 978/979/956 1101/1102/1077 1175/1176/1148
f 1588/1588/1530 1459/1460/1419 1166/1167/1139
f 1166/1167/1139 1596/1597/1539 1588/1588/1530
f 1575/1575/1522 1270/1268/1238 857/858/842
f 857/858/842 856/857/841 1575/1575/1522
f 699/698/689 573/573/567 533/532/526
f 533/532/526 38/39/38 699/698/689
f 1234/1231/1202 1622/1622/1554 1623/1623/1509
f 1623/1623/1509 1231/1232/1203 1234/1231/1202
f 1579/1576/1176 1578/1579/1525 1624/1624/1555
f 1624/1624/1555 1625/1625/1556 1579/1576/1176
f 927/927/907 1619/1620/1552 1622/1622/1554
f 1622/1622/1554 1234/1231/1202 927/927/907
f 1564/1564/1514 568/565/559 1578/1579/1525
f 1578/1579/1525 1577/1578/1524 1564/1564/1514
f 505/505/499 364/363/360 359/360/357
f 359/360/357 358/359/356 505/505/499
f 1625/1625/1556 1624/1624/1555 1626/1626/1557
f 1626/1626/1557 1627/1627/1558 1625/1625/1556
f 568/565/559 567/568/562 1624/1624/1555
f 1624/1624/1555 1578/1579/1525 568/565/559
f 1631/1628/1559 1628/1629/1560 1629/1630/1561
f 1629/1630/1561 1630/1631/1562 1631/1628/1559
f 333/334/331 332/333/330 595/596/590
f 595/596/590 1108/1108/1082 333/334/331
f 567/568/562 1558/1558/1509 1626/1626/1557
f 1626/1626/1557 1624/1624/1555 567/568/562
f 1630/1631/1562 1629/1630/1561 1620/1619/1551
f 1620/1619/1551 1632/1632/1194 1630/1631/1562
f 1623/1623/1509 1622/1622/1554 1629/1630/1561
f 1629/1630/1561 1628/1629/1560 1623/1623/1509
f 322/323/320 321/322/319 144/145/142
f 144/145/142 147/144/141 322/323/320
f 951/950/930 330/329/326 889/890/871
f 889/890/871 892/889/870 951/950/930
f 899/900/881 1633/1633/1563 327/327/324
f 327/327/324 326/326/323 899/900/881
f 1622/1622/1554 1619/1620/1552 1620/1619/1551
f 1620/1619/1551 1629/1630/1561 1622/1622/1554
f 874/874/857 926/926/906 490/491/486
f 490/491/486 489/490/485 874/874/857
f 918/917/898 1369/1369/1331 1368/1368/1330
f 1368/1368/1330 900/899/880 918/917/898
f 330/329/326 327/327/324 1633/1633/1563
f 1633/1633/1563 889/890/871 330/329/326
f 900/899/880 1368/1368/1330 1633/1633/1563
f 1633/1633/1563 899/900/881 900/899/880
f 889/890/871 1633/1633/1563 1368/1368/1330
f 1368/1368/1330 890/891/872 889/890/871
f 49/50/49 513/513/507 35/35/34
f 35/35/34 16/17/17 49/50/49
f 1600/1600/1541 1598/1598/1540 1092/1093/1069
f 1092/1093/1069 1271/1272/1242 1600/1600/1541
f 1598/1598/1540 240/237/234 239/240/237
f 239/240/237 1092/1093/1069 1598/1598/1540
f 182/183/180 528/529/523 531/528/522
f 531/528/522 1634/1634/1564 182/183/180
f 1059/1060/1036 1635/1635/294 1030/1031/1007
f 1030/1031/1007 1060/1061/1037 1059/1060/1036
f 1632/1632/1194 1620/1619/1551 1150/1149/1121
f 1150/1149/1121 1562/1562/1009 1632/1632/1194
f 348/349/346 1581/1581/522 1636/1636/1565
f 1636/1636/1565 349/350/347 348/349/346
f 1013/1014/990 1012/1013/989 1472/1472/1431
f 1472/1472/1431 1116/1117/1091 1013/1014/990
f 362/362/359 1061/1058/1034 1060/1061/1037
f 1060/1061/1037 360/357/354 362/362/359
f 292/293/290 309/309/306 1296/1295/1265
f 1296/1295/1265 280/280/277 292/293/290
f 182/183/180 1634/1634/1564 1547/1548/1500
f 1547/1548/1500 183/184/181 182/183/180
f 289/289/286 288/288/285 308/308/305
f 308/308/305 295/292/289 289/289/286
f 1585/1585/293 1031/1030/1006 1030/1031/1007
f 1030/1031/1007 1635/1635/294 1585/1585/293
f 675/675/666 1473/1473/1432 1637/1637/1566
f 1637/1637/1566 676/676/667 675/675/666
f 1342/1342/1305 668/667/658 667/668/659
f 667/668/659 1638/1638/1567 1342/1342/1305
f 519/519/513 1099/1099/1074 1573/1573/1521
f 1573/1573/1521 545/545/539 519/519/513
f 629/629/623 628/628/622 1639/1639/1568
f 1639/1639/1568 1640/1640/1569 629/629/623
f 1211/1212/1184 1224/1224/1195 1229/1229/1200
f 1229/1229/1200 1239/1239/1210 1211/1212/1184
f 278/278/275 564/564/558 275/275/272
f 275/275/272 268/269/266 278/278/275
f 600/597/591 599/600/594 1453/1453/1412
f 1453/1453/1412 1641/1641/1570 600/597/591
f 1643/1642/1571 1642/1643/1572 683/683/674
f 683/683/674 674/674/665 1643/1642/1571
f 214/215/212 498/498/492 1589/1590/1532
f 1589/1590/1532 516/516/510 214/215/212
f 1575/1575/1522 856/857/841 1215/1216/1187
f 1215/1216/1187 1582/1582/1527 1575/1575/1522
f 1280/1279/1249 1303/1303/1271 1086/1086/1062
f 1086/1086/1062 761/762/749 1280/1279/1249
f 1372/1372/1333 1256/1257/1228 977/975/952
f 977/975/952 976/977/954 1372/1372/1333
f 1564/1564/1514 1577/1578/1524 1566/1567/1517
f 1566/1567/1517 1565/1565/1515 1564/1564/1514
f 1209/1209/1181 1208/1208/1180 1191/1192/1164
f 1191/1192/1164 1192/1191/1163 1209/1209/1181
f 969/968/946 977/975/952 1345/1345/1308
f 1345/1345/1308 968/969/944 969/968/946
f 1644/1644/301 266/265/262 201/201/198
f 201/201/198 200/200/197 1644/1644/301
f 484/484/479 153/152/149 98/98/95
f 98/98/95 88/88/85 484/484/479
f 1646/1645/1573 1645/1646/1574 650/651/645
f 650/651/645 1594/1595/1537 1646/1645/1573
f 654/655/648 653/654/647 1647/1647/1575
f 1647/1647/1575 1365/1366/1329 654/655/648
f 1650/1648/1576 1648/1649/1577 118/119/116
f 118/119/116 1649/1650/1578 1650/1648/1576
f 1651/1651/1579 1350/1350/1313 683/683/674
f 683/683/674 1642/1643/1572 1651/1651/1579
f 1655/1652/1580 1652/1653/1581 1653/1654/1582
f 1653/1654/1582 1654/1655/1583 1655/1652/1580
f 1052/1052/1028 261/262/259 377/377/374
f 377/377/374 1470/1470/1429 1052/1052/1028
f 1659/1656/1584 1656/1657/1585 1657/1658/1586
f 1657/1658/1586 1658/1659/1587 1659/1656/1584
f 1647/1647/1575 1660/1660/1588 1366/1367/1312
f 1366/1367/1312 1365/1366/1329 1647/1647/1575
f 1367/1365/1328 1661/1661/1589 744/743/730
f 744/743/730 743/744/731 1367/1365/1328
f 1592/1593/1535 1595/1592/1534 1662/1662/1590
f 1662/1662/1590 1663/1663/1586 1592/1593/1535
f 1651/1651/1579 1642/1643/1572 1664/1664/1591
f 1664/1664/1591 1665/1665/1592 1651/1651/1579
f 1545/1545/1497 1346/1347/1310 1096/1097/1073
f 1096/1097/1073 1350/1350/1313 1545/1545/1497
f 1659/1656/1584 1666/1666/1593 1667/1667/1536
f 1667/1667/1536 1656/1657/1585 1659/1656/1584
f 1638/1638/1567 667/668/659 1668/1668/1594
f 1668/1668/1594 1669/1669/1595 1638/1638/1567
f 1673/1670/1596 1670/1671/1597 1671/1672/1536
f 1671/1672/1536 1672/1673/1593 1673/1670/1596
f 1349/1349/1312 1674/1674/1588 1675/1675/1598
f 1675/1675/1598 117/118/115 1349/1349/1312
f 1677/1676/1599 1676/1677/1583 1666/1666/1593
f 1666/1666/1593 1659/1656/1584 1677/1676/1599
f 1681/1678/1600 1678/1679/1601 1679/1680/1602
f 1679/1680/1602 1680/1681/1603 1681/1678/1600
f 1683/1682/1604 1682/1683/1605 1348/1348/1311
f 1348/1348/1311 116/117/114 1683/1682/1604
f 1686/1684/1606 1684/1685/1607 1685/1686/1608
f 1685/1686/1608 1643/1642/1571 1686/1684/1606
f 1649/1650/1578 118/119/116 117/118/115
f 117/118/115 1675/1675/1598 1649/1650/1578
f 1688/1687/1609 1687/1688/1580 1676/1677/1583
f 1676/1677/1583 1677/1676/1599 1688/1687/1609
f 1691/1689/1610 1689/1690/1611 119/116/113
f 119/116/113 1690/1691/1612 1691/1689/1610
f 1679/1680/1602 1690/1691/1612 1648/1649/1577
f 1648/1649/1577 1692/1692/1613 1679/1680/1602
f 1678/1679/1601 1691/1689/1610 1690/1691/1612
f 1690/1691/1612 1679/1680/1602 1678/1679/1601
f 1696/1693/1614 1693/1694/1615 1694/1695/1616
f 1694/1695/1616 1695/1696/1617 1696/1693/1614
f 1700/1697/1618 1697/1698/1619 1698/1699/1620
f 1698/1699/1620 1699/1700/1621 1700/1697/1618
f 1704/1701/1622 1701/1702/1623 1702/1703/1624
f 1702/1703/1624 1703/1704/1625 1704/1701/1622
f 1708/1705/1626 1705/1706/1627 1706/1707/1628
f 1706/1707/1628 1707/1708/1629 1708/1705/1626
f 1707/1708/1629 1706/1707/1628 1692/1692/1613
f 1692/1692/1613 1709/1709/1630 1707/1708/1629
f 1711/1710/1631 1710/1711/1618 1701/1702/1623
f 1701/1702/1623 1704/1701/1622 1711/1710/1631
f 1709/1709/1630 1692/1692/1613 1648/1649/1577
f 1648/1649/1577 1650/1648/1576 1709/1709/1630
f 1715/1712/1632 1712/1713/1633 1713/1714/1634
f 1713/1714/1634 1714/1715/1635 1715/1712/1632
f 1717/1716/1636 1681/1678/1600 1680/1681/1603
f 1680/1681/1603 1716/1717/1637 1717/1716/1636
f 1693/1694/1615 1716/1717/1637 1705/1706/1627
f 1705/1706/1627 1694/1695/1616 1693/1694/1615
f 1718/1718/1638 1694/1695/1616 1705/1706/1627
f 1705/1706/1627 1708/1705/1626 1718/1718/1638
f 1722/1719/1639 1719/1720/1640 1720/1721/1641
f 1720/1721/1641 1721/1722/1642 1722/1719/1639
f 1726/1723/1643 1723/1724/1644 1724/1725/1645
f 1724/1725/1645 1725/1726/1646 1726/1723/1643
f 1729/1727/1647 1727/1728/1648 1695/1696/1617
f 1695/1696/1617 1728/1729/1649 1729/1727/1647
f 1731/1730/1650 1730/1731/1651 1723/1724/1644
f 1723/1724/1644 1726/1723/1643 1731/1730/1650
f 1734/1732/1652 1732/1733/1653 1696/1693/1614
f 1696/1693/1614 1733/1734/1654 1734/1732/1652
f 1719/1720/1640 1733/1734/1654 1727/1728/1648
f 1727/1728/1648 1720/1721/1641 1719/1720/1640
f 1735/1735/1655 1720/1721/1641 1727/1728/1648
f 1727/1728/1648 1729/1727/1647 1735/1735/1655
f 1739/1736/1656 1736/1737/1657 1737/1738/1658
f 1737/1738/1658 1738/1739/1659 1739/1736/1656
f 1720/1721/1641 1735/1735/1655 1740/1740/1660
f 1740/1740/1660 1721/1722/1642 1720/1721/1641
f 1742/1741/1661 1741/1742/1662 1721/1722/1642
f 1721/1722/1642 1740/1740/1660 1742/1741/1661
f 1744/1743/1663 1743/1744/1664 1736/1737/1657
f 1736/1737/1657 1739/1736/1656 1744/1743/1663
f 1746/1745/1665 1745/1746/1666 1719/1720/1640
f 1719/1720/1640 1722/1719/1639 1746/1745/1665
f 1747/1747/1667 1722/1719/1639 1721/1722/1642
f 1721/1722/1642 1741/1742/1662 1747/1747/1667
f 1748/1748/1668 1746/1745/1665 1722/1719/1639
f 1722/1719/1639 1747/1747/1667 1748/1748/1668
f 605/605/599 611/611/605 320/321/318
f 320/321/318 323/320/317 605/605/599
f 1751/1749/1669 1744/1743/1663 1749/1750/1670
f 1749/1750/1670 1750/1751/1671 1751/1749/1669
f 1748/1748/1668 1752/1752/1672 1750/1751/1671
f 1750/1751/1671 1749/1750/1670 1748/1748/1668
f 1741/1742/1662 1742/1741/1661 1753/1753/1306
f 1753/1753/1306 1754/1754/1673 1741/1742/1662
f 1756/1755/1674 1755/1756/1675 1753/1753/1306
f 1753/1753/1306 1742/1741/1661 1756/1755/1674
f 1742/1741/1661 1740/1740/1660 1757/1757/1676
f 1757/1757/1676 1756/1755/1674 1742/1741/1661
f 1744/1743/1663 1739/1736/1656 1758/1758/1677
f 1758/1758/1677 1749/1750/1670 1744/1743/1663
f 1749/1750/1670 1758/1758/1677 1746/1745/1665
f 1746/1745/1665 1748/1748/1668 1749/1750/1670
f 615/615/609 614/614/608 686/687/678
f 686/687/678 1328/1326/1293 615/615/609
f 1739/1736/1656 1738/1739/1659 1759/1759/1678
f 1759/1759/1678 1758/1758/1677 1739/1736/1656
f 1758/1758/1677 1759/1759/1678 1745/1746/1666
f 1745/1746/1666 1746/1745/1665 1758/1758/1677
f 1761/1760/1679 1755/1756/1675 1756/1755/1674
f 1756/1755/1674 1760/1761/1680 1761/1760/1679
f 1740/1740/1660 1735/1735/1655 1762/1762/1681
f 1762/1762/1681 1757/1757/1676 1740/1740/1660
f 1738/1739/1659 1731/1730/1650 1763/1763/1682
f 1763/1763/1682 1759/1759/1678 1738/1739/1659
f 1759/1759/1678 1763/1763/1682 1734/1732/1652
f 1734/1732/1652 1745/1746/1666 1759/1759/1678
f 1735/1735/1655 1729/1727/1647 1712/1713/1633
f 1712/1713/1633 1762/1762/1681 1735/1735/1655
f 1729/1727/1647 1728/1729/1649 1713/1714/1634
f 1713/1714/1634 1712/1713/1633 1729/1727/1647
f 1731/1730/1650 1726/1723/1643 1764/1764/1683
f 1764/1764/1683 1763/1763/1682 1731/1730/1650
f 1760/1761/1680 1756/1755/1674 1757/1757/1676
f 1757/1757/1676 1765/1765/1684 1760/1761/1680
f 1763/1763/1682 1764/1764/1683 1732/1733/1653
f 1732/1733/1653 1734/1732/1652 1763/1763/1682
f 1726/1723/1643 1725/1726/1646 1766/1766/1685
f 1766/1766/1685 1764/1764/1683 1726/1723/1643
f 1745/1746/1666 1734/1732/1652 1733/1734/1654
f 1733/1734/1654 1719/1720/1640 1745/1746/1666
f 1764/1764/1683 1766/1766/1685 1767/1767/1686
f 1767/1767/1686 1732/1733/1653 1764/1764/1683
f 1768/1768/1687 1762/1762/1681 1712/1713/1633
f 1712/1713/1633 1715/1712/1632 1768/1768/1687
f 1765/1765/1684 1757/1757/1676 1762/1762/1681
f 1762/1762/1681 1768/1768/1687 1765/1765/1684
f 1728/1729/1649 1718/1718/1638 1769/1769/1688
f 1769/1769/1688 1713/1714/1634 1728/1729/1649
f 1725/1726/1646 1711/1710/1631 1770/1770/1689
f 1770/1770/1689 1766/1766/1685 1725/1726/1646
f 1738/1739/1659 1737/1738/1658 1730/1731/1651
f 1730/1731/1651 1731/1730/1650 1738/1739/1659
f 1766/1766/1685 1770/1770/1689 1717/1716/1636
f 1717/1716/1636 1767/1767/1686 1766/1766/1685
f 1728/1729/1649 1695/1696/1617 1694/1695/1616
f 1694/1695/1616 1718/1718/1638 1728/1729/1649
f 1718/1718/1638 1708/1705/1626 1697/1698/1619
f 1697/1698/1619 1769/1769/1688 1718/1718/1638
f 1708/1705/1626 1707/1708/1629 1698/1699/1620
f 1698/1699/1620 1697/1698/1619 1708/1705/1626
f 1711/1710/1631 1704/1701/1622 1771/1771/1690
f 1771/1771/1690 1770/1770/1689 1711/1710/1631
f 1732/1733/1653 1767/1767/1686 1693/1694/1615
f 1693/1694/1615 1696/1693/1614 1732/1733/1653
f 1770/1770/1689 1771/1771/1690 1681/1678/1600
f 1681/1678/1600 1717/1716/1636 1770/1770/1689
f 1733/1734/1654 1696/1693/1614 1695/1696/1617
f 1695/1696/1617 1727/1728/1648 1733/1734/1654
f 1704/1701/1622 1703/1704/1625 1772/1772/1691
f 1772/1772/1691 1771/1771/1690 1704/1701/1622
f 1767/1767/1686 1717/1716/1636 1716/1717/1637
f 1716/1717/1637 1693/1694/1615 1767/1767/1686
f 1771/1771/1690 1772/1772/1691 1678/1679/1601
f 1678/1679/1601 1681/1678/1600 1771/1771/1690
f 1773/1773/1645 1769/1769/1688 1697/1698/1619
f 1697/1698/1619 1700/1697/1618 1773/1773/1645
f 1714/1715/1635 1713/1714/1634 1769/1769/1688
f 1769/1769/1688 1773/1773/1645 1714/1715/1635
f 1707/1708/1629 1709/1709/1630 1774/1774/1692
f 1774/1774/1692 1698/1699/1620 1707/1708/1629
f 1709/1709/1630 1650/1648/1576 1652/1653/1581
f 1652/1653/1581 1774/1774/1692 1709/1709/1630
f 1703/1704/1625 1688/1687/1609 1775/1775/1693
f 1775/1775/1693 1772/1772/1691 1703/1704/1625
f 1725/1726/1646 1724/1725/1645 1710/1711/1618
f 1710/1711/1618 1711/1710/1631 1725/1726/1646
f 1772/1772/1691 1775/1775/1693 1691/1689/1610
f 1691/1689/1610 1678/1679/1601 1772/1772/1691
f 1650/1648/1576 1649/1650/1578 1653/1654/1582
f 1653/1654/1582 1652/1653/1581 1650/1648/1576
f 1688/1687/1609 1677/1676/1599 1776/1776/1694
f 1776/1776/1694 1775/1775/1693 1688/1687/1609
f 1716/1717/1637 1680/1681/1603 1706/1707/1628
f 1706/1707/1628 1705/1706/1627 1716/1717/1637
f 1775/1775/1693 1776/1776/1694 1689/1690/1611
f 1689/1690/1611 1691/1689/1610 1775/1775/1693
f 1699/1700/1621 1698/1699/1620 1774/1774/1692
f 1774/1774/1692 1777/1777/1695 1699/1700/1621
f 1677/1676/1599 1659/1656/1584 1658/1659/1587
f 1658/1659/1587 1776/1776/1694 1677/1676/1599
f 1776/1776/1694 1658/1659/1587 1683/1682/1604
f 1683/1682/1604 1689/1690/1611 1776/1776/1694
f 1777/1777/1695 1774/1774/1692 1652/1653/1581
f 1652/1653/1581 1655/1652/1580 1777/1777/1695
f 1680/1681/1603 1679/1680/1602 1692/1692/1613
f 1692/1692/1613 1706/1707/1628 1680/1681/1603
f 1649/1650/1578 1675/1675/1598 1673/1670/1596
f 1673/1670/1596 1653/1654/1582 1649/1650/1578
f 1690/1691/1612 119/116/113 118/119/116
f 118/119/116 1648/1649/1577 1690/1691/1612
f 1703/1704/1625 1702/1703/1624 1687/1688/1580
f 1687/1688/1580 1688/1687/1609 1703/1704/1625
f 1658/1659/1587 1657/1658/1586 1682/1683/1605
f 1682/1683/1605 1683/1682/1604 1658/1659/1587
f 1675/1675/1598 1674/1674/1588 1670/1671/1597
f 1670/1671/1597 1673/1670/1596 1675/1675/1598
f 1747/1747/1667 1778/1778/1696 1752/1752/1672
f 1752/1752/1672 1748/1748/1668 1747/1747/1667
f 662/662/653 676/676/667 663/664/655
f 663/664/655 666/663/654 662/662/653
f 1669/1669/1595 1668/1668/1594 1651/1651/1579
f 1651/1651/1579 1665/1665/1592 1669/1669/1595
f 1689/1690/1611 1683/1682/1604 116/117/114
f 116/117/114 119/116/113 1689/1690/1611
f 1684/1685/1607 1686/1684/1606 1340/1339/1302
f 1340/1339/1302 1343/1343/1306 1684/1685/1607
f 1654/1655/1583 1653/1654/1582 1673/1670/1596
f 1673/1670/1596 1672/1673/1593 1654/1655/1583
f 1663/1663/1586 1662/1662/1590 744/743/730
f 744/743/730 1661/1661/1589 1663/1663/1586
f 1660/1660/1588 1647/1647/1575 1646/1645/1573
f 1646/1645/1573 1779/1779/1597 1660/1660/1588
f 1595/1592/1534 662/662/653 666/663/654
f 666/663/654 1662/1662/1590 1595/1592/1534
f 1780/1780/1697 1743/1744/1664 1744/1743/1663
f 1744/1743/1663 1751/1749/1669 1780/1780/1697
f 1662/1662/1590 666/663/654 665/666/657
f 665/666/657 744/743/730 1662/1662/1590
f 667/668/659 641/642/636 1545/1545/1497
f 1545/1545/1497 1668/1668/1594 667/668/659
f 1668/1668/1594 1545/1545/1497 1350/1350/1313
f 1350/1350/1313 1651/1651/1579 1668/1668/1594
f 1643/1642/1571 1685/1686/1608 1664/1664/1591
f 1664/1664/1591 1642/1643/1572 1643/1642/1571
f 1647/1647/1575 653/654/647 1645/1646/1574
f 1645/1646/1574 1646/1645/1573 1647/1647/1575
f 679/680/671 678/679/670 1781/1781/1698
f 1781/1781/1698 681/681/672 679/680/671
f 619/619/613 1782/1782/1699 631/631/625
f 631/631/625 387/384/381 619/619/613
f 189/186/183 383/383/380 630/630/624
f 630/630/624 440/440/437 189/186/183
f 1783/1783/1700 663/664/655 676/676/667
f 676/676/667 1637/1637/1566 1783/1783/1700
f 707/707/698 664/665/656 663/664/655
f 663/664/655 1783/1783/1700 707/707/698
f 812/813/798 83/80/77 82/83/80
f 82/83/80 713/713/704 812/813/798
f 828/828/813 830/830/815 822/823/808
f 822/823/808 834/834/819 828/828/813
f 829/829/814 828/828/813 834/834/819
f 834/834/819 819/819/804 829/829/814
f 1784/1784/1701 1305/1306/833 1274/1274/1244
f 1274/1274/1244 603/601/595 1784/1784/1701
f 1552/1552/1504 912/910/891 560/561/555
f 560/561/555 563/560/554 1552/1552/1504
f 1785/1785/1702 1536/1533/1487 1535/1536/1489
f 1535/1536/1489 1552/1552/1504 1785/1785/1702
f 1787/1786/1703 812/813/798 814/812/797
f 814/812/797 1786/1787/1704 1787/1786/1703
f 1789/1788/1705 1788/1789/1706 412/413/410
f 412/413/410 415/412/409 1789/1788/1705
f 1543/1540/1492 1542/1543/1495 688/686/677
f 688/686/677 1790/1790/1707 1543/1540/1492
f 1790/1790/1707 688/686/677 687/688/679
f 687/688/679 1549/1549/1501 1790/1790/1707
f 602/603/597 618/617/611 1791/1791/1708
f 1791/1791/1708 1792/1792/832 602/603/597
f 17/14/14 682/682/673 1793/1793/1709
f 1793/1793/1709 14/15/15 17/14/14
f 40/41/40 43/40/39 1791/1791/1708
f 1791/1791/1708 618/617/611 40/41/40
f 610/609/603 91/92/89 931/932/912
f 931/932/912 934/931/911 610/609/603
f 1470/1470/1429 931/932/912 91/92/89
f 91/92/89 90/91/88 1470/1470/1429
f 1101/1102/1077 1100/1101/1076 1304/1304/1272
f 1304/1304/1272 1188/1188/1160 1101/1102/1077
f 377/377/374 932/933/913 931/932/912
f 931/932/912 1470/1470/1429 377/377/374
f 885/882/865 1081/1081/1057 1794/1794/1710
f 1794/1794/1710 882/883/866 885/882/865
f 599/600/594 1373/1373/1334 1384/1382/1343
f 1384/1382/1343 1453/1453/1412 599/600/594
f 1466/1466/1425 1463/1463/1422 1125/1122/1095
f 1125/1122/1095 1124/1125/1098 1466/1466/1425
f 1463/1463/1422 930/930/910 1457/1456/1415
f 1457/1456/1415 1125/1122/1095 1463/1463/1422
f 1055/1055/1031 1063/1063/1039 1469/1469/1428
f 1469/1469/1428 1285/1285/1255 1055/1055/1031
f 1444/1443/1402 1230/1230/1201 371/372/369
f 371/372/369 1443/1444/1403 1444/1443/1402
f 1444/1443/1402 1158/1158/1130 1026/1026/1002
f 1026/1026/1002 1230/1230/1201 1444/1443/1402
f 371/372/369 370/371/368 1442/1442/1401
f 1442/1442/1401 1443/1444/1403 371/372/369
f 455/455/452 629/629/623 1640/1640/1569
f 1640/1640/1569 830/830/815 455/455/452
f 370/371/368 1430/1430/1389 817/818/803
f 817/818/803 1442/1442/1401 370/371/368
f 1527/1527/15 1544/1544/1496 1454/1455/1414
f 1454/1455/1414 1434/1435/1394 1527/1527/15
f 1430/1430/1389 1424/1425/1385 818/815/800
f 818/815/800 817/818/803 1430/1430/1389
f 1424/1425/1385 1425/1424/1384 1157/1156/1128
f 1157/1156/1128 818/815/800 1424/1425/1385
f 1420/1420/1380 1416/1416/1376 234/235/232
f 234/235/232 1614/1614/1128 1420/1420/1380
f 1416/1416/1376 1413/1413/1373 235/232/229
f 235/232/229 234/235/232 1416/1416/1376
f 1413/1413/1373 1409/1409/1369 1192/1191/1163
f 1192/1191/1163 235/232/229 1413/1413/1373
f 1409/1409/1369 1404/1404/1364 1209/1209/1181
f 1209/1209/1181 1192/1191/1163 1409/1409/1369
f 1404/1404/1364 1401/1401/1361 1199/1200/1172
f 1199/1200/1172 1209/1209/1181 1404/1404/1364
f 1401/1401/1361 1397/1397/1357 1200/1197/1169
f 1200/1197/1169 1199/1200/1172 1401/1401/1361
f 1397/1397/1357 1390/1391/1352 1241/1240/1211
f 1241/1240/1211 1200/1197/1169 1397/1397/1357
f 1390/1391/1352 1391/1390/1351 1379/1378/1339
f 1379/1378/1339 1241/1240/1211 1390/1391/1352
f 1621/1621/1553 1380/1381/1342 1384/1382/1343
f 1384/1382/1343 1383/1384/1345 1621/1621/1553
f 732/732/719 509/509/503 62/63/61
f 62/63/61 64/62/56 732/732/719
f 1795/1795/1711 83/80/77 812/813/798
f 812/813/798 1787/1786/1703 1795/1795/1711
f 1438/1438/1397 1437/1437/1396 1355/1354/1317
f 1355/1354/1317 1354/1355/1318 1438/1438/1397
f 1517/1517/1474 894/895/876 893/894/875
f 893/894/875 1519/1520/1477 1517/1517/1474
f 712/712/703 1796/1796/1712 813/814/799
f 813/814/799 713/713/704 712/712/703
f 1686/1684/1606 1331/1332/1298 1339/1340/1303
f 1339/1340/1303 1340/1339/1302 1686/1684/1606
f 1105/1104/1079 1616/1617/1550 1079/1078/1054
f 1079/1078/1054 1104/1105/1080 1105/1104/1079
f 1331/1332/1298 1332/1331/1287 1353/1353/1316
f 1353/1353/1316 1339/1340/1303 1331/1332/1298
f 674/674/665 1331/1332/1298 1686/1684/1606
f 1686/1684/1606 1643/1642/1571 674/674/665
f 1320/1320/1287 1313/1313/1280 1283/1283/1253
f 1283/1283/1253 1323/1323/1290 1320/1320/1287
f 1313/1313/1280 934/931/911 933/934/914
f 933/934/914 1283/1283/1253 1313/1313/1280
f 1640/1640/1569 1639/1639/1568 835/835/820
f 835/835/820 823/824/809 1640/1640/1569
f 1501/1501/1458 1496/1497/1455 1471/1471/1430
f 1471/1471/1430 1294/1294/1264 1501/1501/1458
f 1794/1794/1710 1081/1081/1057 1298/1298/1267
f 1298/1298/1267 1306/1305/1273 1794/1794/1710
f 1081/1081/1057 262/263/260 1051/1051/1027
f 1051/1051/1027 1298/1298/1267 1081/1081/1057
f 408/409/406 478/475/471 477/478/474
f 477/478/474 409/410/407 408/409/406
f 854/854/838 855/855/839 1612/1612/1548
f 1612/1612/1548 486/487/482 854/854/838
f 1612/1612/1548 617/618/612 601/602/596
f 601/602/596 876/876/859 1612/1612/1548
f 855/855/839 604/604/598 617/618/612
f 617/618/612 1612/1612/1548 855/855/839
f 891/892/873 890/891/872 1370/1370/1242
f 1370/1370/1242 1797/1797/1241 891/892/873
f 218/218/215 144/145/142 321/322/319
f 321/322/319 608/607/601 218/218/215
f 486/487/482 485/486/481 386/387/384
f 386/387/384 854/854/838 486/487/482
f 1595/1592/1534 1594/1595/1537 650/651/645
f 650/651/645 662/662/653 1595/1592/1534
f 1799/1798/1708 1798/1799/1713 843/843/828
f 843/843/828 847/847/832 1799/1798/1708
f 849/849/39 844/844/829 1798/1799/1713
f 1798/1799/1713 1799/1798/1708 849/849/39
f 1798/1799/1713 1639/1639/1568 628/628/622
f 628/628/622 843/843/828 1798/1799/1713
f 844/844/829 835/835/820 1639/1639/1568
f 1639/1639/1568 1798/1799/1713 844/844/829
f 830/830/815 1640/1640/1569 823/824/809
f 823/824/809 822/823/808 830/830/815
f 990/990/966 988/988/964 1218/1218/1189
f 1218/1218/1189 1205/1205/1177 990/990/966
f 1542/1543/1495 1326/1327/1294 686/687/678
f 686/687/678 688/686/677 1542/1543/1495
f 829/829/814 1800/1800/1714 808/808/793
f 808/808/793 395/396/393 829/829/814
f 819/819/804 809/809/794 1800/1800/1714
f 1800/1800/1714 829/829/814 819/819/804
f 1800/1800/1714 1801/1801/1715 801/801/786
f 801/801/786 808/808/793 1800/1800/1714
f 809/809/794 802/802/787 1801/1801/1715
f 1801/1801/1715 1800/1800/1714 809/809/794
f 1801/1801/1715 1802/1802/1716 789/790/777
f 789/790/777 801/801/786 1801/1801/1715
f 802/802/787 792/793/779 1802/1802/1716
f 1802/1802/1716 1801/1801/1715 802/802/787
f 1802/1802/1716 1803/1803/1717 790/791/778
f 790/791/778 789/790/777 1802/1802/1716
f 792/793/779 795/792/769 1803/1803/1717
f 1803/1803/1717 1802/1802/1716 792/793/779
f 1805/1804/1718 1804/1805/1719 774/774/761
f 774/774/761 781/781/768 1805/1804/1718
f 782/782/769 775/775/762 1804/1805/1719
f 1804/1805/1719 1805/1804/1718 782/782/769
f 1804/1805/1719 1806/1806/1720 767/767/754
f 767/767/754 774/774/761 1804/1805/1719
f 775/775/762 768/768/755 1806/1806/1720
f 1806/1806/1720 1804/1805/1719 775/775/762
f 1806/1806/1720 1807/1807/1721 756/756/743
f 756/756/743 767/767/754 1806/1806/1720
f 768/768/755 757/757/744 1807/1807/1721
f 1807/1807/1721 1806/1806/1720 768/768/755
f 1807/1807/1721 1808/1808/1722 749/749/736
f 749/749/736 756/756/743 1807/1807/1721
f 757/757/744 750/750/737 1808/1808/1722
f 1808/1808/1722 1807/1807/1721 757/757/744
f 1808/1808/1722 1809/1809/1723 740/740/727
f 740/740/727 749/749/736 1808/1808/1722
f 750/750/737 741/741/728 1809/1809/1723
f 1809/1809/1723 1808/1808/1722 750/750/737
f 1809/1809/1723 1810/1810/1724 734/734/721
f 734/734/721 740/740/727 1809/1809/1723
f 741/741/728 735/735/722 1810/1810/1724
f 1810/1810/1724 1809/1809/1723 741/741/728
f 1810/1810/1724 1811/1811/1725 722/722/713
f 722/722/713 734/734/721 1810/1810/1724
f 735/735/722 724/725/714 1811/1811/1725
f 1811/1811/1725 1810/1810/1724 735/735/722
f 1811/1811/1725 1812/1812/1726 723/723/703
f 723/723/703 722/722/713 1811/1811/1725
f 724/725/714 727/724/705 1812/1812/1726
f 1812/1812/1726 1811/1811/1725 724/725/714
f 1785/1785/1702 1552/1552/1504 563/560/554
f 563/560/554 831/832/817 1785/1785/1702
f 814/812/797 813/814/799 458/459/456
f 458/459/456 460/458/455 814/812/797
f 714/714/705 458/459/456 813/814/799
f 813/814/799 1796/1796/1712 714/714/705
f 684/685/676 82/83/80 81/82/79
f 81/82/79 1813/1813/1501 684/685/676
f 743/744/731 669/669/660 654/655/648
f 654/655/648 1365/1366/1329 743/744/731
f 1813/1813/1501 81/82/79 696/697/688
f 696/697/688 695/696/687 1813/1813/1501
f 134/135/132 194/194/191 175/175/172
f 175/175/172 135/136/133 134/135/132
f 1645/1646/1574 1814/1814/1727 651/652/646
f 651/652/646 650/651/645 1645/1646/1574
f 1594/1595/1537 1593/1594/1536 1779/1779/1597
f 1779/1779/1597 1646/1645/1573 1594/1595/1537
f 653/654/647 656/653/631 1814/1814/1727
f 1814/1814/1727 1645/1646/1574 653/654/647
f 1741/1742/1662 1754/1754/1673 1778/1778/1696
f 1778/1778/1696 1747/1747/1667 1741/1742/1662
f 1816/1815/1728 1782/1782/1699 627/627/621
f 627/627/621 1815/1816/646 1816/1815/1728
f 637/637/631 631/631/625 1782/1782/1699
f 1782/1782/1699 1816/1815/1728 637/637/631
f 1820/1817/1729 1817/1818/1730 1818/1819/1731
f 1818/1819/1731 1819/1820/1732 1820/1817/1729
f 1824/1821/1733 1821/1822/1734 1822/1823/1735
f 1822/1823/1735 1823/1824/1736 1824/1821/1733
f 80/81/78 1789/1788/1705 696/697/688
f 696/697/688 81/82/79 80/81/78
f 697/694/685 415/412/409 414/415/412
f 414/415/412 459/460/457 697/694/685
f 105/106/103 550/548/542 379/379/376
f 379/379/376 106/107/104 105/106/103
f 1297/1297/1266 1321/1321/1288 1825/1825/1737
f 1825/1825/1737 626/626/620 1297/1297/1266
f 697/694/685 696/697/688 1789/1788/1705
f 1789/1788/1705 415/412/409 697/694/685
f 326/326/323 124/125/122 123/124/121
f 123/124/121 318/319/316 326/326/323
f 1572/1572/1520 1602/1602/1519 530/531/525
f 530/531/525 529/530/524 1572/1572/1520
f 1829/1826/1738 1826/1827/1739 1827/1828/1740
f 1827/1828/1740 1828/1829/1741 1829/1826/1738
f 1833/1830/1742 1830/1831/1743 1831/1832/1744
f 1831/1832/1744 1832/1833/1745 1833/1830/1742
f 1834/1834/1746 460/458/455 414/415/412
f 414/415/412 413/414/411 1834/1834/1746
f 1838/1835/1747 1835/1836/1748 1836/1837/411
f 1836/1837/411 1837/1838/1749 1838/1835/1747
f 1839/1839/1750 80/81/78 83/80/77
f 83/80/77 1795/1795/1711 1839/1839/1750
f 1838/1835/1747 1840/1840/1751 1841/1841/1752
f 1841/1841/1752 1842/1842/1753 1838/1835/1747
f 73/70/67 1355/1354/1317 1843/1843/1754
f 1843/1843/1754 1844/1844/1437 73/70/67
f 672/672/663 682/682/673 17/14/14
f 17/14/14 34/34/33 672/672/663
f 1847/1845/1755 1845/1846/1711 1846/1847/1756
f 1846/1847/1756 1826/1827/1739 1847/1845/1755
f 1842/1842/1753 1848/1848/1757 1835/1836/1748
f 1835/1836/1748 1838/1835/1747 1842/1842/1753
f 1849/1849/1758 1437/1437/1396 598/599/593
f 598/599/593 597/598/592 1849/1849/1758
f 1850/1850/1759 1847/1845/1755 1826/1827/1739
f 1826/1827/1739 1829/1826/1738 1850/1850/1759
f 1826/1827/1739 1846/1847/1756 1851/1851/1760
f 1851/1851/1760 1827/1828/1740 1826/1827/1739
f 1853/1852/1761 1852/1853/1762 1836/1837/411
f 1836/1837/411 1835/1836/1748 1853/1852/1761
f 1854/1854/1763 1840/1840/1751 1838/1835/1747
f 1838/1835/1747 1837/1838/1749 1854/1854/1763
f 1848/1848/1757 1855/1855/1764 1853/1852/1761
f 1853/1852/1761 1835/1836/1748 1848/1848/1757
f 1857/1856/1765 1829/1826/1738 1828/1829/1741
f 1828/1829/1741 1856/1857/1766 1857/1856/1765
f 1859/1858/1767 1858/1859/1768 1855/1855/1764
f 1855/1855/1764 1848/1848/1757 1859/1858/1767
f 1819/1820/1732 1818/1819/1731 1860/1860/1769
f 1860/1860/1769 1861/1861/1770 1819/1820/1732
f 1841/1841/1752 1862/1862/1771 1863/1863/1772
f 1863/1863/1772 1842/1842/1753 1841/1841/1752
f 1860/1860/1769 1864/1864/1773 1858/1859/1768
f 1858/1859/1768 1859/1858/1767 1860/1860/1769
f 1868/1865/1774 1865/1866/1775 1866/1867/1776
f 1866/1867/1776 1867/1868/1777 1868/1865/1774
f 1862/1862/1771 1869/1869/1778 1861/1861/1770
f 1861/1861/1770 1863/1863/1772 1862/1862/1771
f 1820/1817/1729 1870/1870/1779 1871/1871/1780
f 1871/1871/1780 1872/1872/1781 1820/1817/1729
f 1867/1868/1777 1866/1867/1776 1873/1873/1782
f 1873/1873/1782 1874/1874/1783 1867/1868/1777
f 1818/1819/1731 1875/1875/1784 1864/1864/1773
f 1864/1864/1773 1860/1860/1769 1818/1819/1731
f 1817/1818/1730 1876/1876/1785 1875/1875/1784
f 1875/1875/1784 1818/1819/1731 1817/1818/1730
f 1880/1877/1786 1877/1878/1787 1878/1879/1788
f 1878/1879/1788 1879/1880/1789 1880/1877/1786
f 1880/1877/1786 1881/1881/1790 1882/1882/1791
f 1882/1882/1791 1883/1883/1792 1880/1877/1786
f 1884/1884/1793 1870/1870/1779 1820/1817/1729
f 1820/1817/1729 1819/1820/1732 1884/1884/1793
f 1879/1880/1789 1878/1879/1788 1885/1885/1794
f 1885/1885/1794 1872/1872/1781 1879/1880/1789
f 1885/1885/1794 1886/1886/1795 1876/1876/1785
f 1876/1876/1785 1817/1818/1730 1885/1885/1794
f 1821/1822/1734 1824/1821/1733 1887/1887/1796
f 1887/1887/1796 1888/1888/1797 1821/1822/1734
f 1892/1889/1798 1889/1890/1799 1890/1891/1800
f 1890/1891/1800 1891/1892/1801 1892/1889/1798
f 1878/1879/1788 1893/1893/1802 1886/1886/1795
f 1886/1886/1795 1885/1885/1794 1878/1879/1788
f 1895/1894/1803 1892/1889/1798 1891/1892/1801
f 1891/1892/1801 1894/1895/1804 1895/1894/1803
f 1877/1878/1787 1896/1896/1805 1893/1893/1802
f 1893/1893/1802 1878/1879/1788 1877/1878/1787
f 1824/1821/1733 1897/1897/1806 1898/1898/1807
f 1898/1898/1807 1887/1887/1796 1824/1821/1733
f 1899/1899/1808 1881/1881/1790 1880/1877/1786
f 1880/1877/1786 1879/1880/1789 1899/1899/1808
f 1478/1479/1438 1900/1900/1809 1901/1901/1810
f 1901/1901/1810 1479/1476/1435 1478/1479/1438
f 1888/1888/1797 1887/1887/1796 1902/1902/1811
f 1902/1902/1811 1883/1883/1792 1888/1888/1797
f 1902/1902/1811 1903/1903/1812 1896/1896/1805
f 1896/1896/1805 1877/1878/1787 1902/1902/1811
f 1901/1901/1810 1904/1904/1813 1905/1905/1814
f 1905/1905/1814 1906/1906/1815 1901/1901/1810
f 1898/1898/1807 1903/1903/1812 1902/1902/1811
f 1902/1902/1811 1887/1887/1796 1898/1898/1807
f 1882/1882/1791 1907/1907/1816 1888/1888/1797
f 1888/1888/1797 1883/1883/1792 1882/1882/1791
f 1907/1907/1816 1908/1908/1817 1821/1822/1734
f 1821/1822/1734 1888/1888/1797 1907/1907/1816
f 1116/1117/1091 1472/1472/1431 861/862/846
f 861/862/846 860/861/845 1116/1117/1091
f 1861/1861/1770 1860/1860/1769 1859/1858/1767
f 1859/1858/1767 1863/1863/1772 1861/1861/1770
f 1912/1909/1818 1909/1910/1819 1910/1911/1438
f 1910/1911/1438 1911/1912/1820 1912/1909/1818
f 1909/1910/1819 1912/1909/1818 1913/1913/1821
f 1913/1913/1821 1908/1908/1817 1909/1910/1819
f 1824/1821/1733 1823/1824/1736 1914/1914/1570
f 1914/1914/1570 1897/1897/1806 1824/1821/1733
f 1897/1897/1806 1914/1914/1570 1915/1915/1822
f 1915/1915/1822 1916/1916/1823 1897/1897/1806
f 1916/1916/1823 1906/1906/1815 1898/1898/1807
f 1898/1898/1807 1897/1897/1806 1916/1916/1823
f 1909/1910/1819 1917/1917/1824 1918/1918/1825
f 1918/1918/1825 1910/1911/1438 1909/1910/1819
f 1908/1908/1817 1907/1907/1816 1917/1917/1824
f 1917/1917/1824 1909/1910/1819 1908/1908/1817
f 1917/1917/1824 1919/1919/1826 1920/1920/1827
f 1920/1920/1827 1918/1918/1825 1917/1917/1824
f 1907/1907/1816 1882/1882/1791 1919/1919/1826
f 1919/1919/1826 1917/1917/1824 1907/1907/1816
f 1906/1906/1815 1905/1905/1814 1903/1903/1812
f 1903/1903/1812 1898/1898/1807 1906/1906/1815
f 1476/1477/1436 1479/1476/1435 1916/1916/1823
f 1916/1916/1823 1915/1915/1822 1476/1477/1436
f 1919/1919/1826 1921/1921/1828 1922/1922/1829
f 1922/1922/1829 1920/1920/1827 1919/1919/1826
f 1882/1882/1791 1881/1881/1790 1921/1921/1828
f 1921/1921/1828 1919/1919/1826 1882/1882/1791
f 1905/1905/1814 1894/1895/1804 1896/1896/1805
f 1896/1896/1805 1903/1903/1812 1905/1905/1814
f 1894/1895/1804 1891/1892/1801 1893/1893/1802
f 1893/1893/1802 1896/1896/1805 1894/1895/1804
f 1479/1476/1435 1901/1901/1810 1906/1906/1815
f 1906/1906/1815 1916/1916/1823 1479/1476/1435
f 1921/1921/1828 1923/1923/1830 1924/1924/1831
f 1924/1924/1831 1922/1922/1829 1921/1921/1828
f 1900/1900/1809 1925/1925/1832 1904/1904/1813
f 1904/1904/1813 1901/1901/1810 1900/1900/1809
f 1881/1881/1790 1899/1899/1808 1923/1923/1830
f 1923/1923/1830 1921/1921/1828 1881/1881/1790
f 1923/1923/1830 1926/1926/1833 1927/1927/1834
f 1927/1927/1834 1924/1924/1831 1923/1923/1830
f 1899/1899/1808 1871/1871/1780 1926/1926/1833
f 1926/1926/1833 1923/1923/1830 1899/1899/1808
f 1891/1892/1801 1890/1891/1800 1886/1886/1795
f 1886/1886/1795 1893/1893/1802 1891/1892/1801
f 1904/1904/1813 1895/1894/1803 1894/1895/1804
f 1894/1895/1804 1905/1905/1814 1904/1904/1813
f 1926/1926/1833 1928/1928/1835 1929/1929/1836
f 1929/1929/1836 1927/1927/1834 1926/1926/1833
f 1931/1930/1829 1930/1931/1831 1892/1889/1798
f 1892/1889/1798 1895/1894/1803 1931/1930/1829
f 1871/1871/1780 1870/1870/1779 1928/1928/1835
f 1928/1928/1835 1926/1926/1833 1871/1871/1780
f 1890/1891/1800 1932/1932/1837 1876/1876/1785
f 1876/1876/1785 1886/1886/1795 1890/1891/1800
f 1925/1925/1832 1931/1930/1829 1895/1894/1803
f 1895/1894/1803 1904/1904/1813 1925/1925/1832
f 1932/1932/1837 1874/1874/1783 1875/1875/1784
f 1875/1875/1784 1876/1876/1785 1932/1932/1837
f 1872/1872/1781 1871/1871/1780 1899/1899/1808
f 1899/1899/1808 1879/1880/1789 1872/1872/1781
f 1928/1928/1835 1933/1933/1838 1934/1934/1774
f 1934/1934/1774 1929/1929/1836 1928/1928/1835
f 1930/1931/1831 1935/1935/1839 1889/1890/1799
f 1889/1890/1799 1892/1889/1798 1930/1931/1831
f 1870/1870/1779 1884/1884/1793 1933/1933/1838
f 1933/1933/1838 1928/1928/1835 1870/1870/1779
f 1933/1933/1838 1936/1936/1840 1937/1937/1841
f 1937/1937/1841 1934/1934/1774 1933/1933/1838
f 1883/1883/1792 1902/1902/1811 1877/1878/1787
f 1877/1878/1787 1880/1877/1786 1883/1883/1792
f 1884/1884/1793 1869/1869/1778 1936/1936/1840
f 1936/1936/1840 1933/1933/1838 1884/1884/1793
f 1874/1874/1783 1873/1873/1782 1864/1864/1773
f 1864/1864/1773 1875/1875/1784 1874/1874/1783
f 1889/1890/1799 1938/1938/1842 1932/1932/1837
f 1932/1932/1837 1890/1891/1800 1889/1890/1799
f 1938/1938/1842 1867/1868/1777 1874/1874/1783
f 1874/1874/1783 1932/1932/1837 1938/1938/1842
f 1873/1873/1782 1856/1857/1766 1858/1859/1768
f 1858/1859/1768 1864/1864/1773 1873/1873/1782
f 1935/1935/1839 1939/1939/1843 1938/1938/1842
f 1938/1938/1842 1889/1890/1799 1935/1935/1839
f 1936/1936/1840 1940/1940/1844 1941/1941/1845
f 1941/1941/1845 1937/1937/1841 1936/1936/1840
f 1939/1939/1843 1868/1865/1774 1867/1868/1777
f 1867/1868/1777 1938/1938/1842 1939/1939/1843
f 1869/1869/1778 1862/1862/1771 1940/1940/1844
f 1940/1940/1844 1936/1936/1840 1869/1869/1778
f 1856/1857/1766 1828/1829/1741 1855/1855/1764
f 1855/1855/1764 1858/1859/1768 1856/1857/1766
f 1861/1861/1770 1869/1869/1778 1884/1884/1793
f 1884/1884/1793 1819/1820/1732 1861/1861/1770
f 1940/1940/1844 1942/1942/1846 1943/1943/1847
f 1943/1943/1847 1941/1941/1845 1940/1940/1844
f 1862/1862/1771 1841/1841/1752 1942/1942/1846
f 1942/1942/1846 1940/1940/1844 1862/1862/1771
f 1942/1942/1846 1830/1831/1743 1833/1830/1742
f 1833/1830/1742 1943/1943/1847 1942/1942/1846
f 1872/1872/1781 1885/1885/1794 1817/1818/1730
f 1817/1818/1730 1820/1817/1729 1872/1872/1781
f 1841/1841/1752 1840/1840/1751 1830/1831/1743
f 1830/1831/1743 1942/1942/1846 1841/1841/1752
f 1828/1829/1741 1827/1828/1740 1853/1852/1761
f 1853/1852/1761 1855/1855/1764 1828/1829/1741
f 1866/1867/1776 1857/1856/1765 1856/1857/1766
f 1856/1857/1766 1873/1873/1782 1866/1867/1776
f 1944/1944/1845 1850/1850/1759 1829/1826/1738
f 1829/1826/1738 1857/1856/1765 1944/1944/1845
f 1840/1840/1751 1854/1854/1763 1831/1832/1744
f 1831/1832/1744 1830/1831/1743 1840/1840/1751
f 1827/1828/1740 1851/1851/1760 1852/1853/1762
f 1852/1853/1762 1853/1852/1761 1827/1828/1740
f 1865/1866/1775 1944/1944/1845 1857/1856/1765
f 1857/1856/1765 1866/1867/1776 1865/1866/1775
f 1843/1843/1754 1355/1354/1317 1437/1437/1396
f 1437/1437/1396 1849/1849/1758 1843/1843/1754
f 1641/1641/1570 1453/1453/1412 1381/1380/1341
f 1381/1380/1341 1945/1945/1848 1641/1641/1570
f 1821/1822/1734 1908/1908/1817 1913/1913/1821
f 1913/1913/1821 1822/1823/1735 1821/1822/1734
f 1788/1789/1706 1789/1788/1705 80/81/78
f 80/81/78 1839/1839/1750 1788/1789/1706
f 1863/1863/1772 1859/1858/1767 1848/1848/1757
f 1848/1848/1757 1842/1842/1753 1863/1863/1772
f 1786/1787/1704 814/812/797 460/458/455
f 460/458/455 1834/1834/1746 1786/1787/1704
f 1946/1946/1849 1945/1945/1848 1381/1380/1341
f 1381/1380/1341 70/71/68 1946/1946/1849
f 159/160/157 158/159/156 154/155/152
f 154/155/152 148/148/145 159/160/157
f 517/517/511 606/606/600 195/195/192
f 195/195/192 194/194/191 517/517/511
f 1946/1946/1849 70/71/68 73/70/67
f 73/70/67 1844/1844/1437 1946/1946/1849
f 226/227/224 160/158/155 151/151/148
f 151/151/148 142/143/140 226/227/224
f 349/350/347 1636/1636/1565 1570/1570/1519
f 1570/1570/1519 369/369/366 349/350/347
f 472/473/469 939/940/920 938/939/919
f 938/939/919 473/474/470 472/473/469
f 1217/1217/1188 565/566/560 568/565/559
f 568/565/559 1564/1564/1514 1217/1217/1188
f 457/457/454 456/456/453 1360/1360/1323
f 1360/1360/1323 8/9/9 457/457/454
f 211/211/208 178/179/176 302/302/299
f 302/302/299 184/185/182 211/211/208
f 1615/1615/1549 580/580/574 521/521/515
f 521/521/515 527/527/521 1615/1615/1549
f 363/364/361 502/503/497 501/502/496
f 501/502/496 10/11/11 363/364/361
f 242/243/240 241/242/239 425/425/422
f 425/425/422 439/439/436 242/243/240
f 76/77/74 100/101/98 1243/1243/1214
f 1243/1243/1214 426/427/424 76/77/74
f 432/431/428 453/452/449 438/438/435
f 438/438/435 431/432/429 432/431/428
f 209/206/203 419/416/413 422/422/419
f 422/422/419 206/207/204 209/206/203
f 536/537/531 535/536/530 22/23/23
f 22/23/23 25/22/22 536/537/531
f 93/90/87 589/590/584 592/589/583
f 592/589/583 90/91/88 93/90/87
f 699/698/689 94/95/92 250/250/247
f 250/250/247 573/573/567 699/698/689
f 1136/1136/1109 1497/1496/1454 1496/1497/1455
f 1496/1497/1455 871/872/855 1136/1136/1109
f 420/420/417 429/430/427 99/99/96
f 99/99/96 109/109/106 420/420/417
f 602/603/597 1792/1792/832 1784/1784/1701
f 1784/1784/1701 603/601/595 602/603/597
f 627/627/621 1782/1782/1699 619/619/613
f 619/619/613 613/613/607 627/627/621
f 626/626/620 1825/1825/1737 1815/1816/646
f 1815/1816/646 627/627/621 626/626/620
f 511/510/504 510/511/505 713/713/704
f 713/713/704 82/83/80 511/510/504
f 681/681/672 1781/1781/1698 1793/1793/1709
f 1793/1793/1709 682/682/673 681/681/672
f 434/435/432 111/112/109 1265/1262/1232
f 1265/1262/1232 1445/1446/1405 434/435/432
f 407/406/403 220/220/217 219/219/216
f 219/219/216 218/218/215 407/406/403
f 200/200/197 24/25/25 23/24/24
f 23/24/24 1644/1644/301 200/200/197
f 601/602/596 617/618/612 618/617/611
f 618/617/611 602/603/597 601/602/596
