# Blender 5.1.2
# www.blender.org
mtllib Crate.mtl
o pCylinder1
v 0.027317 0.010958 -0.001375
v 0.027025 0.010844 -0.001375
v 0.026782 0.010646 -0.001375
v 0.026612 0.010382 -0.001375
v 0.026532 0.010079 -0.001375
v 0.026550 0.009765 -0.001375
v 0.026663 0.009473 -0.001375
v 0.026861 0.009230 -0.001375
v 0.027125 0.009060 -0.001375
v 0.027429 0.008980 -0.001375
v 0.027742 0.008998 -0.001375
v 0.028034 0.009111 -0.001375
v 0.028277 0.009310 -0.001375
v 0.028447 0.009573 -0.001375
v 0.028527 0.009877 -0.001375
v 0.028510 0.010190 -0.001375
v 0.028396 0.010482 -0.001375
v 0.028198 0.010725 -0.001375
v 0.027934 0.010895 -0.001375
v 0.027631 0.010975 -0.001375
v 0.027317 0.010958 0.007888
v 0.027025 0.010844 0.007888
v 0.026782 0.010646 0.007888
v 0.026612 0.010382 0.007888
v 0.026532 0.010079 0.007888
v 0.026550 0.009765 0.007888
v 0.026663 0.009473 0.007888
v 0.026861 0.009230 0.007888
v 0.027125 0.009060 0.007888
v 0.027429 0.008980 0.007888
v 0.027742 0.008998 0.007888
v 0.028034 0.009111 0.007888
v 0.028277 0.009310 0.007888
v 0.028447 0.009573 0.007888
v 0.028527 0.009877 0.007888
v 0.028510 0.010190 0.007888
v 0.028396 0.010482 0.007888
v 0.028198 0.010725 0.007888
v 0.027934 0.010895 0.007888
v 0.027631 0.010975 0.007888
vn -0.2115 0.9774 -0.0000
vn -0.5032 0.8641 -0.0000
vn -0.7458 0.6662 -0.0000
vn -0.9151 0.4033 -0.0000
vn -0.9950 0.1003 -0.0000
vn -0.9773 -0.2116 -0.0000
vn -0.8641 -0.5033 -0.0000
vn -0.6662 -0.7458 -0.0000
vn -0.4029 -0.9152 -0.0000
vn -0.1006 -0.9949 -0.0000
vn 0.2117 -0.9773 -0.0000
vn 0.5032 -0.8641 -0.0000
vn 0.7457 -0.6663 -0.0000
vn 0.9150 -0.4034 -0.0000
vn 0.9949 -0.1008 -0.0000
vn 0.9774 0.2116 -0.0000
vn 0.8641 0.5033 -0.0000
vn 0.6666 0.7454 -0.0000
vn 0.4033 0.9151 -0.0000
vn 0.1008 0.9949 -0.0000
vn -0.0000 -0.0000 -1.0000
vn -0.0000 -0.0000 1.0000
vt 0.681705 0.772567
vt 0.679739 0.772566
vt 0.679745 0.714495
vt 0.681712 0.714495
vt 0.677772 0.772566
vt 0.677778 0.714494
vt 0.717109 0.772570
vt 0.715143 0.772570
vt 0.715149 0.714498
vt 0.717116 0.714498
vt 0.713176 0.772570
vt 0.713182 0.714498
vt 0.711209 0.772570
vt 0.711215 0.714498
vt 0.709242 0.772570
vt 0.709248 0.714498
vt 0.707275 0.772569
vt 0.707281 0.714498
vt 0.705308 0.772569
vt 0.705314 0.714497
vt 0.703341 0.772569
vt 0.703347 0.714497
vt 0.701374 0.772569
vt 0.701380 0.714497
vt 0.699407 0.772568
vt 0.699413 0.714497
vt 0.697441 0.772568
vt 0.697447 0.714496
vt 0.695474 0.772568
vt 0.695480 0.714496
vt 0.693507 0.772568
vt 0.693513 0.714496
vt 0.691540 0.772568
vt 0.691546 0.714496
vt 0.689573 0.772567
vt 0.689579 0.714496
vt 0.687606 0.772567
vt 0.687612 0.714495
vt 0.685639 0.772567
vt 0.685645 0.714495
vt 0.683672 0.772567
vt 0.683678 0.714495
vt 0.199501 0.841302
vt 0.198345 0.842893
vt 0.196754 0.844049
vt 0.194883 0.844657
vt 0.192916 0.844657
vt 0.191046 0.844049
vt 0.189455 0.842893
vt 0.188298 0.841302
vt 0.187691 0.839431
vt 0.187691 0.837464
vt 0.188298 0.835594
vt 0.189455 0.834002
vt 0.191046 0.832846
vt 0.192916 0.832238
vt 0.194883 0.832238
vt 0.196754 0.832846
vt 0.198345 0.834002
vt 0.199501 0.835593
vt 0.200109 0.837464
vt 0.200109 0.839431
vt 0.358376 0.845088
vt 0.356506 0.845696
vt 0.354539 0.845696
vt 0.352668 0.845088
vt 0.351077 0.843932
vt 0.349921 0.842341
vt 0.349313 0.840470
vt 0.349313 0.838503
vt 0.349921 0.836633
vt 0.351077 0.835041
vt 0.352668 0.833885
vt 0.354539 0.833277
vt 0.356506 0.833277
vt 0.358376 0.833885
vt 0.359968 0.835041
vt 0.361124 0.836633
vt 0.361732 0.838503
vt 0.361732 0.840470
vt 0.361124 0.842341
vt 0.359968 0.843932
s 1
usemtl PDC_tex
f 1/1/1 2/2/2 22/3/2 21/4/1
f 2/2/2 3/5/3 23/6/3 22/3/2
f 3/7/3 4/8/4 24/9/4 23/10/3
f 4/8/4 5/11/5 25/12/5 24/9/4
f 5/11/5 6/13/6 26/14/6 25/12/5
f 6/13/6 7/15/7 27/16/7 26/14/6
f 7/15/7 8/17/8 28/18/8 27/16/7
f 8/17/8 9/19/9 29/20/9 28/18/8
f 9/19/9 10/21/10 30/22/10 29/20/9
f 10/21/10 11/23/11 31/24/11 30/22/10
f 11/23/11 12/25/12 32/26/12 31/24/11
f 12/25/12 13/27/13 33/28/13 32/26/12
f 13/27/13 14/29/14 34/30/14 33/28/13
f 14/29/14 15/31/15 35/32/15 34/30/14
f 15/31/15 16/33/16 36/34/16 35/32/15
f 16/33/16 17/35/17 37/36/17 36/34/16
f 17/35/17 18/37/18 38/38/18 37/36/17
f 18/37/18 19/39/19 39/40/19 38/38/18
f 19/39/19 20/41/20 40/42/20 39/40/19
f 20/41/20 1/1/1 21/4/1 40/42/20
f 1/43/21 20/44/21 19/45/21 18/46/21 17/47/21 16/48/21 15/49/21 14/50/21 13/51/21 12/52/21 11/53/21 10/54/21 9/55/21 8/56/21 7/57/21 6/58/21 5/59/21 4/60/21 3/61/21 2/62/21
f 21/63/22 22/64/22 23/65/22 24/66/22 25/67/22 26/68/22 27/69/22 28/70/22 29/71/22 30/72/22 31/73/22 32/74/22 33/75/22 34/76/22 35/77/22 36/78/22 37/79/22 38/80/22 39/81/22 40/82/22
o pCylinder2
v -0.027317 0.010958 -0.001375
v -0.027025 0.010844 -0.001375
v -0.026782 0.010646 -0.001375
v -0.026612 0.010382 -0.001375
v -0.026532 0.010079 -0.001375
v -0.026550 0.009765 -0.001375
v -0.026663 0.009473 -0.001375
v -0.026861 0.009230 -0.001375
v -0.027125 0.009060 -0.001375
v -0.027429 0.008980 -0.001375
v -0.027742 0.008998 -0.001375
v -0.028034 0.009111 -0.001375
v -0.028277 0.009310 -0.001375
v -0.028447 0.009573 -0.001375
v -0.028527 0.009877 -0.001375
v -0.028510 0.010190 -0.001375
v -0.028396 0.010482 -0.001375
v -0.028198 0.010725 -0.001375
v -0.027934 0.010895 -0.001375
v -0.027631 0.010975 -0.001375
v -0.027317 0.010958 0.007888
v -0.027025 0.010844 0.007888
v -0.026782 0.010646 0.007888
v -0.026612 0.010382 0.007888
v -0.026532 0.010079 0.007888
v -0.026550 0.009765 0.007888
v -0.026663 0.009473 0.007888
v -0.026861 0.009230 0.007888
v -0.027125 0.009060 0.007888
v -0.027429 0.008980 0.007888
v -0.027742 0.008998 0.007888
v -0.028034 0.009111 0.007888
v -0.028277 0.009310 0.007888
v -0.028447 0.009573 0.007888
v -0.028527 0.009877 0.007888
v -0.028510 0.010190 0.007888
v -0.028396 0.010482 0.007888
v -0.028198 0.010725 0.007888
v -0.027934 0.010895 0.007888
v -0.027631 0.010975 0.007888
vn 0.2115 0.9774 -0.0000
vn 0.5032 0.8641 -0.0000
vn 0.7458 0.6662 -0.0000
vn 0.9151 0.4033 -0.0000
vn 0.9950 0.1003 -0.0000
vn 0.9773 -0.2116 -0.0000
vn 0.8641 -0.5033 -0.0000
vn 0.6662 -0.7458 -0.0000
vn 0.4029 -0.9152 -0.0000
vn 0.1006 -0.9949 -0.0000
vn -0.2117 -0.9773 -0.0000
vn -0.5032 -0.8641 -0.0000
vn -0.7457 -0.6663 -0.0000
vn -0.9150 -0.4034 -0.0000
vn -0.9949 -0.1008 -0.0000
vn -0.9774 0.2116 -0.0000
vn -0.8641 0.5033 -0.0000
vn -0.6666 0.7454 -0.0000
vn -0.4033 0.9151 -0.0000
vn -0.1008 0.9949 -0.0000
vn -0.0000 -0.0000 -1.0000
vn -0.0000 -0.0000 1.0000
vt 0.149915 0.822775
vt 0.149921 0.764703
vt 0.147955 0.764703
vt 0.147948 0.822775
vt 0.145988 0.764703
vt 0.145982 0.822775
vt 0.185319 0.822779
vt 0.185325 0.764707
vt 0.183358 0.764707
vt 0.183352 0.822779
vt 0.181392 0.764707
vt 0.181386 0.822779
vt 0.179425 0.764707
vt 0.179419 0.822778
vt 0.177458 0.764706
vt 0.177452 0.822778
vt 0.175491 0.764706
vt 0.175485 0.822778
vt 0.173524 0.764706
vt 0.173518 0.822778
vt 0.171557 0.764706
vt 0.171551 0.822778
vt 0.169590 0.764705
vt 0.169584 0.822777
vt 0.167623 0.764705
vt 0.167617 0.822777
vt 0.165657 0.764705
vt 0.165650 0.822777
vt 0.163690 0.764705
vt 0.163684 0.822777
vt 0.161723 0.764705
vt 0.161717 0.822776
vt 0.159756 0.764704
vt 0.159750 0.822776
vt 0.157789 0.764704
vt 0.157783 0.822776
vt 0.155822 0.764704
vt 0.155816 0.822776
vt 0.153855 0.764704
vt 0.153849 0.822776
vt 0.151888 0.764704
vt 0.151882 0.822775
vt 0.345483 0.842341
vt 0.346091 0.840470
vt 0.346091 0.838503
vt 0.345483 0.836632
vt 0.344327 0.835041
vt 0.342736 0.833885
vt 0.340865 0.833277
vt 0.338898 0.833277
vt 0.337027 0.833885
vt 0.335436 0.835041
vt 0.334280 0.836633
vt 0.333672 0.838503
vt 0.333672 0.840470
vt 0.334280 0.842341
vt 0.335436 0.843932
vt 0.337027 0.845088
vt 0.338898 0.845696
vt 0.340865 0.845696
vt 0.342735 0.845088
vt 0.344327 0.843932
vt 0.374017 0.846114
vt 0.375609 0.844958
vt 0.376765 0.843367
vt 0.377372 0.841496
vt 0.377372 0.839529
vt 0.376765 0.837659
vt 0.375609 0.836068
vt 0.374017 0.834912
vt 0.372147 0.834304
vt 0.370180 0.834304
vt 0.368309 0.834912
vt 0.366718 0.836068
vt 0.365562 0.837659
vt 0.364954 0.839529
vt 0.364954 0.841496
vt 0.365562 0.843367
vt 0.366718 0.844958
vt 0.368309 0.846114
vt 0.370180 0.846722
vt 0.372147 0.846722
s 1
usemtl PDC_tex
f 41/83/23 61/84/23 62/85/24 42/86/24
f 42/86/24 62/85/24 63/87/25 43/88/25
f 43/89/25 63/90/25 64/91/26 44/92/26
f 44/92/26 64/91/26 65/93/27 45/94/27
f 45/94/27 65/93/27 66/95/28 46/96/28
f 46/96/28 66/95/28 67/97/29 47/98/29
f 47/98/29 67/97/29 68/99/30 48/100/30
f 48/100/30 68/99/30 69/101/31 49/102/31
f 49/102/31 69/101/31 70/103/32 50/104/32
f 50/104/32 70/103/32 71/105/33 51/106/33
f 51/106/33 71/105/33 72/107/34 52/108/34
f 52/108/34 72/107/34 73/109/35 53/110/35
f 53/110/35 73/109/35 74/111/36 54/112/36
f 54/112/36 74/111/36 75/113/37 55/114/37
f 55/114/37 75/113/37 76/115/38 56/116/38
f 56/116/38 76/115/38 77/117/39 57/118/39
f 57/118/39 77/117/39 78/119/40 58/120/40
f 58/120/40 78/119/40 79/121/41 59/122/41
f 59/122/41 79/121/41 80/123/42 60/124/42
f 60/124/42 80/123/42 61/84/23 41/83/23
f 41/125/43 42/126/43 43/127/43 44/128/43 45/129/43 46/130/43 47/131/43 48/132/43 49/133/43 50/134/43 51/135/43 52/136/43 53/137/43 54/138/43 55/139/43 56/140/43 57/141/43 58/142/43 59/143/43 60/144/43
f 61/145/44 80/146/44 79/147/44 78/148/44 77/149/44 76/150/44 75/151/44 74/152/44 73/153/44 72/154/44 71/155/44 70/156/44 69/157/44 68/158/44 67/159/44 66/160/44 65/161/44 64/162/44 63/163/44 62/164/44
o polySurface12
v -0.026200 0.017700 0.020771
v -0.026000 0.017501 0.020771
v -0.026000 0.017700 0.020970
v 0.026000 0.017700 0.020970
v 0.026000 0.017501 0.020771
v 0.026200 0.017700 0.020771
v 0.026200 0.017700 -0.014163
v 0.026000 0.017501 -0.014163
v 0.026000 0.017700 -0.014363
v -0.026000 0.017700 -0.014363
v -0.026000 0.017501 -0.014163
v -0.026200 0.017700 -0.014163
v -0.026200 0.019201 0.020771
v -0.026000 0.019201 0.020970
v -0.026000 0.019401 0.020771
v 0.026000 0.019401 0.020771
v 0.026000 0.019201 0.020970
v 0.026200 0.019201 0.020771
v 0.026000 0.019401 -0.014163
v 0.026200 0.019201 -0.014163
v 0.026000 0.019201 -0.014363
v -0.026000 0.019401 -0.014163
v -0.026000 0.019201 -0.014363
v -0.026200 0.019201 -0.014163
v -0.026200 0.017700 0.003000
v -0.026200 0.017700 0.003608
v -0.026000 0.017501 0.003608
v -0.026000 0.017501 0.003000
v 0.026000 0.017501 0.003608
v 0.026000 0.017501 0.003000
v 0.026200 0.017700 0.003608
v 0.026200 0.017700 0.003000
v 0.026200 0.019201 0.003608
v 0.026200 0.019201 0.003000
v 0.026000 0.019401 0.003608
v 0.026000 0.019401 0.003000
v -0.026000 0.019401 0.003608
v -0.026000 0.019401 0.003000
v -0.026200 0.019201 0.003608
v -0.026200 0.019201 0.003000
v -0.026100 0.017742 0.003200
v -0.026100 0.017742 0.003408
v -0.026100 0.019160 0.003408
v -0.026100 0.019160 0.003200
v -0.025959 0.017601 0.003200
v -0.025959 0.017601 0.003408
v 0.025959 0.017601 0.003200
v 0.025959 0.017601 0.003408
v 0.026100 0.017742 0.003200
v 0.026100 0.017742 0.003408
v 0.026100 0.019160 0.003200
v 0.026100 0.019160 0.003408
v 0.025959 0.019301 0.003200
v 0.025959 0.019301 0.003408
v -0.025959 0.019301 0.003200
v -0.025959 0.019301 0.003408
vn -0.7071 -0.0000 0.7072
vn -0.0000 -0.7071 0.7071
vn 0.7071 -0.0000 0.7072
vn 0.7071 -0.0000 -0.7071
vn -0.0000 -0.7072 -0.7071
vn -0.7071 -0.0000 -0.7071
vn -0.0000 0.7071 0.7071
vn -0.0000 0.7071 -0.7071
vn -0.0000 -0.0000 1.0000
vn -0.0000 -0.0000 -1.0000
vn -0.5774 -0.5774 0.5773
vn 0.5774 -0.5774 0.5773
vn 0.5774 -0.5774 -0.5773
vn -0.5774 -0.5774 -0.5773
vn -0.5774 0.5774 0.5773
vn 0.5774 0.5774 0.5773
vn 0.5773 0.5773 -0.5774
vn -0.5773 0.5773 -0.5774
vn -0.9672 -0.0000 0.2542
vn -0.9672 -0.0000 -0.2542
vn -0.9671 -0.0000 -0.2542
vn -0.9671 -0.0000 0.2542
vn -0.6804 -0.6804 -0.2721
vn -0.6804 -0.6804 0.2721
vn -0.0000 -0.9680 -0.2511
vn -0.0000 -0.9680 0.2511
vn 0.6804 -0.6804 -0.2721
vn 0.6804 -0.6804 0.2721
vn 0.9672 -0.0000 -0.2542
vn 0.9672 -0.0000 0.2542
vn 0.9671 -0.0000 0.2542
vn 0.9671 -0.0000 -0.2542
vn 0.6804 0.6804 -0.2721
vn 0.6804 0.6804 0.2721
vn -0.0000 0.9680 -0.2511
vn -0.0000 0.9680 0.2511
vn -0.6804 0.6804 -0.2721
vn -0.6804 0.6804 0.2721
vn -0.7071 -0.7071 -0.0000
vn -0.7071 -0.7071 -0.0045
vn -0.7057 -0.7085 -0.0044
vn 0.7071 -0.7071 -0.0000
vn 0.7071 -0.7071 -0.0044
vn 0.7057 -0.7085 -0.0044
vn -0.7071 0.7071 -0.0000
vn -0.7071 0.7071 -0.0045
vn 0.7071 0.7071 -0.0000
vn 0.7071 0.7071 -0.0045
vn -0.0000 1.0000 -0.0000
vn -0.0000 1.0000 -0.0051
vn -0.0000 -1.0000 -0.0000
vn -0.0000 -1.0000 -0.0051
vn 1.0000 -0.0000 -0.0000
vn 1.0000 -0.0000 -0.0050
vn -1.0000 -0.0000 -0.0050
vn -1.0000 -0.0000 -0.0000
vn -0.7071 -0.7071 0.0044
vn -0.7056 -0.7085 0.0044
vn -0.7071 -0.7072 -0.0000
vn -0.0000 -1.0000 0.0051
vn 0.7071 -0.7071 0.0045
vn 0.7056 -0.7085 0.0044
vn 0.7071 -0.7072 -0.0000
vn 1.0000 -0.0000 0.0050
vn 0.7071 0.7071 0.0045
vn -0.0000 1.0000 0.0051
vn -0.7071 0.7071 0.0045
vn -1.0000 -0.0000 0.0050
vt 0.741642 0.715224
vt 0.741642 0.713918
vt 0.751475 0.713918
vt 0.751475 0.715224
vt 0.222180 0.326991
vt 0.220926 0.326991
vt 0.220926 0.000000
vt 0.222180 0.000000
vt 0.757283 0.945382
vt 0.757283 0.944076
vt 0.767116 0.944076
vt 0.767116 0.945382
vt 0.757283 0.715224
vt 0.757283 0.713918
vt 0.767116 0.713918
vt 0.767116 0.715224
vt 0.000000 0.000000
vt 0.001254 0.000000
vt 0.001254 0.326991
vt 0.000000 0.326991
vt 0.741642 0.945382
vt 0.741642 0.944076
vt 0.751475 0.944076
vt 0.751475 0.945382
vt 0.225440 0.326991
vt 0.224186 0.326991
vt 0.224186 0.000000
vt 0.225440 0.000000
vt 0.445112 0.000000
vt 0.446366 0.000000
vt 0.446366 0.326991
vt 0.445112 0.326991
vt 0.980162 0.651867
vt 0.980162 0.325856
vt 0.989573 0.325856
vt 0.989573 0.651867
vt 1.000000 0.325856
vt 1.000000 0.651869
vt 0.990589 0.651869
vt 0.990589 0.325856
vt 0.740335 0.715224
vt 0.755976 0.944076
vt 0.755976 0.715224
vt 0.740335 0.944076
vt 0.752782 0.715224
vt 0.768423 0.944076
vt 0.768423 0.715224
vt 0.752782 0.944076
vt 0.741913 0.830329
vt 0.741913 0.828971
vt 0.751204 0.828971
vt 0.751204 0.830329
vt 0.740990 0.830329
vt 0.740990 0.828971
vt 0.111742 0.326730
vt 0.110438 0.326730
vt 0.110438 0.000260
vt 0.111742 0.000260
vt 0.756631 0.830329
vt 0.756631 0.828971
vt 0.757554 0.828971
vt 0.757554 0.830329
vt 0.766845 0.828971
vt 0.766845 0.830329
vt 0.767768 0.828971
vt 0.767768 0.830329
vt 0.334624 0.000260
vt 0.335928 0.000260
vt 0.335928 0.326730
vt 0.334624 0.326730
vt 0.752127 0.828971
vt 0.752127 0.830329
vt 0.741642 0.827661
vt 0.740335 0.827661
vt 0.755976 0.831639
vt 0.757283 0.831639
vt 0.752782 0.827661
vt 0.751475 0.827661
vt 0.767116 0.831639
vt 0.768423 0.831639
vt 0.333367 0.000000
vt 0.333367 0.326991
vt 0.112999 0.326991
vt 0.112999 0.000000
vt 0.740335 0.831639
vt 0.741642 0.831639
vt 0.109181 0.000000
vt 0.109181 0.326991
vt 0.757283 0.827661
vt 0.755976 0.827661
vt 0.767116 0.827661
vt 0.768423 0.827661
vt 0.337185 0.326991
vt 0.337185 0.000000
vt 0.751475 0.831639
vt 0.752782 0.831639
s 1
usemtl PDC_tex
f 81/165/45 83/166/45 94/167/45 93/168/45
f 83/169/46 82/170/46 85/171/46 84/172/46
f 84/173/47 86/174/47 98/175/47 97/176/47
f 87/177/48 89/178/48 101/179/48 100/180/48
f 89/181/49 88/182/49 91/183/49 90/184/49
f 90/185/50 92/186/50 104/187/50 103/188/50
f 95/189/51 94/190/51 97/191/51 96/192/51
f 99/193/52 101/194/52 103/195/52 102/196/52
f 83/197/53 84/198/53 97/199/53 94/200/53
f 89/201/54 90/202/54 103/203/54 101/204/54
f 81/165/55 82/205/55 83/166/55
f 84/173/56 85/206/56 86/174/56
f 87/177/57 88/207/57 89/178/57
f 90/185/58 91/208/58 92/186/58
f 93/168/59 94/167/59 95/209/59
f 96/210/60 97/176/60 98/175/60
f 99/211/61 100/180/61 101/179/61
f 102/212/62 103/188/62 104/187/62
f 121/213/63 122/214/64 123/215/65 124/216/66
f 122/214/67 121/213/68 125/217/68 126/218/67
f 126/219/69 125/220/70 127/221/70 128/222/69
f 128/223/71 127/224/72 129/225/72 130/226/71
f 130/226/73 129/225/74 131/227/75 132/228/76
f 132/228/77 131/227/78 133/229/78 134/230/77
f 134/231/79 133/232/80 135/233/80 136/234/79
f 136/235/81 135/236/82 124/216/82 123/215/81
f 82/205/83 81/165/83 106/237/84 107/238/85
f 86/174/86 85/206/86 109/239/87 111/240/88
f 93/168/89 95/209/89 117/241/90 119/242/90
f 96/210/91 98/175/91 113/243/92 115/244/92
f 95/189/93 96/192/93 115/245/94 117/246/94
f 82/170/95 107/247/96 109/248/96 85/171/95
f 86/174/97 111/240/98 113/243/98 98/175/97
f 119/242/99 106/237/99 81/165/100 93/168/100
f 108/249/101 105/250/102 92/186/103 91/208/103
f 110/251/104 108/252/104 91/183/95 88/182/95
f 112/253/105 110/254/106 88/207/107 87/177/107
f 114/255/108 112/253/108 87/177/97 100/180/97
f 116/256/109 114/255/109 100/180/91 99/211/91
f 118/257/110 116/258/110 99/193/93 102/196/93
f 120/259/111 118/260/111 102/212/89 104/187/89
f 92/186/100 105/250/112 120/259/112 104/187/100
f 106/237/99 119/242/99 123/215/65 122/214/64
f 120/259/112 105/250/112 121/213/63 124/216/66
f 105/250/102 108/249/101 125/217/68 121/213/68
f 107/238/85 106/237/84 122/214/67 126/218/67
f 108/252/104 110/251/104 127/221/70 125/220/70
f 109/248/96 107/247/96 126/219/69 128/222/69
f 110/254/106 112/253/105 129/225/72 127/224/72
f 111/240/88 109/239/87 128/223/71 130/226/71
f 112/253/108 114/255/108 131/227/75 129/225/74
f 113/243/98 111/240/98 130/226/73 132/228/76
f 114/255/109 116/256/109 133/229/78 131/227/78
f 115/244/92 113/243/92 132/228/77 134/230/77
f 116/258/110 118/257/110 135/233/80 133/232/80
f 117/246/94 115/245/94 134/231/79 136/234/79
f 118/260/111 120/259/111 124/216/82 135/236/82
f 119/242/90 117/241/90 136/235/81 123/215/81
o polySurface14
v -0.028664 0.002334 0.018883
v -0.028468 0.002334 0.018687
v -0.028468 0.002138 0.018883
v 0.028468 0.002138 0.018883
v 0.028468 0.002334 0.018687
v 0.028664 0.002334 0.018883
v 0.028664 0.017260 0.018883
v 0.028468 0.017260 0.018687
v 0.028468 0.017456 0.018883
v -0.028468 0.017456 0.018883
v -0.028468 0.017260 0.018687
v -0.028664 0.017260 0.018883
v -0.028664 0.002334 0.020792
v -0.028468 0.002138 0.020792
v -0.028468 0.002334 0.020987
v 0.028468 0.002334 0.020987
v 0.028468 0.002138 0.020792
v 0.028664 0.002334 0.020792
v 0.028468 0.017260 0.020987
v 0.028664 0.017260 0.020792
v 0.028468 0.017456 0.020792
v -0.028468 0.017260 0.020987
v -0.028468 0.017456 0.020792
v -0.028664 0.017260 0.020792
vn -0.7071 -0.7071 -0.0000
vn -0.7071 -0.0000 -0.7071
vn -0.0000 -0.7071 -0.7071
vn 0.7071 -0.7071 -0.0000
vn 0.7071 -0.0000 -0.7071
vn 0.7071 0.7071 -0.0000
vn -0.0000 0.7071 -0.7071
vn -0.7071 0.7071 -0.0000
vn -0.7071 -0.0000 0.7071
vn -0.0000 -0.7071 0.7071
vn 0.7071 -0.0000 0.7071
vn -0.0000 0.7071 0.7071
vn -0.0000 -0.0000 1.0000
vn -0.0000 -0.0000 -1.0000
vn -0.0000 -1.0000 -0.0000
vn 1.0000 -0.0000 -0.0000
vn -0.0000 1.0000 -0.0000
vn -1.0000 -0.0000 -0.0000
vn -0.5774 -0.5773 -0.5774
vn 0.5774 -0.5773 -0.5774
vn 0.5773 0.5773 -0.5774
vn -0.5773 0.5773 -0.5774
vn -0.5774 -0.5773 0.5774
vn 0.5774 -0.5773 0.5774
vn 0.5774 0.5773 0.5774
vn -0.5774 0.5773 0.5774
vt 0.720754 0.715767
vt 0.720754 0.714494
vt 0.733187 0.714494
vt 0.733187 0.715767
vt 0.719481 0.715767
vt 0.720754 0.812981
vt 0.719481 0.812981
vt 0.934507 0.369311
vt 0.933240 0.369311
vt 0.933240 0.000000
vt 0.934507 0.000000
vt 0.962587 0.714498
vt 0.962587 0.715771
vt 0.950154 0.715771
vt 0.950154 0.714498
vt 0.963860 0.715771
vt 0.963860 0.812984
vt 0.962587 0.812984
vt 0.962587 0.814258
vt 0.950154 0.814258
vt 0.950154 0.812984
vt 0.946890 0.369311
vt 0.948158 0.369311
vt 0.948158 0.738622
vt 0.946890 0.738622
vt 0.720754 0.814254
vt 0.733187 0.812981
vt 0.733187 0.814254
vt 0.734460 0.715767
vt 0.734460 0.812981
vt 0.946890 0.000000
vt 0.948158 0.000000
vt 0.948880 0.715771
vt 0.948880 0.812984
vt 0.934507 0.738622
vt 0.933240 0.738622
vt 0.740335 0.713918
vt 0.740335 0.356959
vt 0.833916 0.356959
vt 0.833916 0.713918
vt 0.740335 0.000000
vt 0.833916 0.000000
s 1
usemtl PDC_tex
f 137/261/113 139/262/113 150/263/113 149/264/113
f 138/265/114 137/261/114 148/266/114 147/267/114
f 139/268/115 138/269/115 141/270/115 140/271/115
f 140/272/116 142/273/116 154/274/116 153/275/116
f 142/273/117 141/276/117 144/277/117 143/278/117
f 143/278/118 145/279/118 157/280/118 156/281/118
f 145/282/119 144/283/119 147/284/119 146/285/119
f 146/286/120 148/266/120 160/287/120 159/288/120
f 149/264/121 151/289/121 158/290/121 160/287/121
f 151/283/122 150/282/122 153/291/122 152/292/122
f 152/293/123 154/274/123 156/281/123 155/294/123
f 155/269/124 157/268/124 159/295/124 158/296/124
f 151/297/125 152/298/125 155/299/125 158/300/125
f 138/299/126 147/298/126 144/301/126 141/302/126
f 139/268/127 140/271/127 153/291/127 150/282/127
f 142/273/128 143/278/128 156/281/128 154/274/128
f 145/282/129 146/285/129 159/295/129 157/268/129
f 148/266/130 137/261/130 149/264/130 160/287/130
f 137/261/131 138/265/131 139/262/131
f 140/272/132 141/276/132 142/273/132
f 143/278/133 144/277/133 145/279/133
f 146/286/134 147/267/134 148/266/134
f 149/264/135 150/263/135 151/289/135
f 152/293/136 153/275/136 154/274/136
f 155/294/137 156/281/137 157/280/137
f 158/290/138 159/288/138 160/287/138
o polySurface18
v 0.025969 0.000848 -0.007161
v 0.026211 0.000607 -0.007161
v 0.026211 0.000848 -0.006919
v 0.028416 0.000848 -0.006919
v 0.028416 0.000607 -0.007161
v 0.028658 0.000848 -0.007161
v 0.028658 0.000848 -0.011779
v 0.028416 0.000607 -0.011779
v 0.028416 0.000848 -0.012021
v 0.026211 0.000848 -0.012021
v 0.026211 0.000607 -0.011779
v 0.025969 0.000848 -0.011779
v 0.025969 0.017209 -0.007161
v 0.026211 0.017209 -0.006919
v 0.026211 0.017451 -0.007161
v 0.028416 0.017451 -0.007161
v 0.028416 0.017209 -0.006919
v 0.028658 0.017209 -0.007161
v 0.028416 0.017451 -0.011779
v 0.028658 0.017209 -0.011779
v 0.028416 0.017209 -0.012021
v 0.026211 0.017451 -0.011779
v 0.026211 0.017209 -0.012021
v 0.025969 0.017209 -0.011779
vn -0.7071 -0.0000 0.7071
vn -0.7071 -0.7071 -0.0000
vn -0.0000 -0.7071 0.7071
vn 0.7071 -0.0000 0.7071
vn 0.7071 -0.7071 -0.0000
vn 0.7071 -0.0000 -0.7071
vn -0.0000 -0.7071 -0.7071
vn -0.7071 -0.0000 -0.7071
vn -0.7071 0.7071 -0.0000
vn -0.0000 0.7071 0.7071
vn 0.7071 0.7071 -0.0000
vn -0.0000 0.7071 -0.7071
vn -0.0000 1.0000 -0.0000
vn -0.0000 -1.0000 -0.0000
vn -0.0000 -0.0000 1.0000
vn 1.0000 -0.0000 -0.0000
vn -0.0000 -0.0000 -1.0000
vn -1.0000 -0.0000 -0.0000
vn -0.5774 -0.5773 0.5774
vn 0.5774 -0.5773 0.5774
vn 0.5774 -0.5774 -0.5773
vn -0.5774 -0.5774 -0.5773
vn -0.5774 0.5773 0.5773
vn 0.5773 0.5774 0.5774
vn 0.5773 0.5774 -0.5773
vn -0.5774 0.5773 -0.5773
vt 0.104207 0.658047
vt 0.105762 0.658047
vt 0.105762 0.763150
vt 0.104207 0.763150
vt 0.104207 0.656493
vt 0.074545 0.658047
vt 0.074545 0.656493
vt 0.396236 0.848015
vt 0.396236 0.846469
vt 0.410325 0.846469
vt 0.410325 0.848015
vt 0.114700 0.658047
vt 0.116254 0.658047
vt 0.116254 0.763149
vt 0.114700 0.763149
vt 0.116254 0.656493
vt 0.145917 0.656493
vt 0.145917 0.658047
vt 0.147471 0.658047
vt 0.147471 0.763149
vt 0.145917 0.763149
vt 0.410325 0.815412
vt 0.410325 0.816958
vt 0.396236 0.816958
vt 0.396236 0.815412
vt 0.072991 0.658047
vt 0.074545 0.763150
vt 0.072991 0.763150
vt 0.104207 0.764704
vt 0.074545 0.764704
vt 0.599567 0.850146
vt 0.599567 0.848600
vt 0.613657 0.848600
vt 0.613657 0.850146
vt 0.116254 0.764704
vt 0.145917 0.764704
vt 0.613657 0.879657
vt 0.613657 0.881203
vt 0.599567 0.881203
vt 0.599567 0.879657
vt 0.114700 0.764704
vt 0.128520 0.764704
vt 0.128520 0.867273
vt 0.114700 0.867273
vt 0.253647 0.867274
vt 0.239827 0.867274
vt 0.239827 0.764704
vt 0.253647 0.764704
s 1
usemtl PDC_tex
f 161/303/139 163/304/139 174/305/139 173/306/139
f 162/307/140 161/303/140 172/308/140 171/309/140
f 163/310/141 162/311/141 165/312/141 164/313/141
f 164/314/142 166/315/142 178/316/142 177/317/142
f 166/315/143 165/318/143 168/319/143 167/320/143
f 167/320/144 169/321/144 181/322/144 180/323/144
f 169/324/145 168/325/145 171/326/145 170/327/145
f 170/328/146 172/308/146 184/329/146 183/330/146
f 173/306/147 175/331/147 182/332/147 184/329/147
f 175/333/148 174/334/148 177/335/148 176/336/148
f 176/337/149 178/316/149 180/323/149 179/338/149
f 179/339/150 181/340/150 183/341/150 182/342/150
f 175/333/151 176/336/151 179/339/151 182/342/151
f 162/311/152 171/326/152 168/325/152 165/312/152
f 163/343/153 164/344/153 177/345/153 174/346/153
f 166/315/154 167/320/154 180/323/154 178/316/154
f 169/347/155 170/348/155 183/349/155 181/350/155
f 172/308/156 161/303/156 173/306/156 184/329/156
f 161/303/157 162/307/157 163/304/157
f 164/314/158 165/318/158 166/315/158
f 167/320/159 168/319/159 169/321/159
f 170/328/160 171/309/160 172/308/160
f 173/306/161 174/305/161 175/331/161
f 176/337/162 177/317/162 178/316/162
f 179/338/163 180/323/163 181/322/163
f 182/332/164 183/330/164 184/329/164
o polySurface19
v 0.017979 0.019239 -0.013321
v 0.017979 0.019481 -0.013563
v 0.018221 0.019481 -0.013321
v 0.018221 0.020865 -0.013321
v 0.017979 0.020865 -0.013563
v 0.017979 0.021107 -0.013321
v 0.013362 0.021107 -0.013321
v 0.013362 0.020865 -0.013563
v 0.013120 0.020865 -0.013321
v 0.013120 0.019481 -0.013321
v 0.013362 0.019481 -0.013563
v 0.013362 0.019239 -0.013321
v 0.017979 0.019239 0.020045
v 0.018221 0.019481 0.020045
v 0.017979 0.019481 0.020287
v 0.017979 0.020865 0.020287
v 0.018221 0.020865 0.020045
v 0.017979 0.021107 0.020045
v 0.013362 0.020865 0.020287
v 0.013362 0.021107 0.020045
v 0.013120 0.020865 0.020045
v 0.013362 0.019481 0.020287
v 0.013120 0.019481 0.020045
v 0.013362 0.019239 0.020045
vn 0.7071 -0.7071 -0.0000
vn -0.0000 -0.7071 -0.7071
vn 0.7071 -0.0000 -0.7071
vn 0.7071 0.7071 -0.0000
vn -0.0000 0.7071 -0.7071
vn -0.7071 0.7071 -0.0000
vn -0.7071 -0.0000 -0.7071
vn -0.7071 -0.7071 -0.0000
vn -0.0000 -0.7071 0.7071
vn 0.7071 -0.0000 0.7071
vn -0.0000 0.7071 0.7071
vn -0.7071 -0.0000 0.7071
vn -0.0000 -0.0000 1.0000
vn -0.0000 -0.0000 -1.0000
vn 1.0000 -0.0000 -0.0000
vn -0.0000 1.0000 -0.0000
vn -1.0000 -0.0000 -0.0000
vn -0.0000 -1.0000 -0.0000
vn 0.5774 -0.5774 -0.5774
vn 0.5773 0.5774 -0.5774
vn -0.5773 0.5773 -0.5774
vn -0.5773 -0.5773 -0.5774
vn 0.5773 -0.5774 0.5773
vn 0.5773 0.5774 0.5774
vn -0.5773 0.5774 0.5774
vn -0.5773 -0.5773 0.5774
vt 0.802899 0.715517
vt 0.804498 0.715517
vt 0.804498 0.936072
vt 0.802899 0.936072
vt 0.925777 0.653186
vt 0.925777 0.654707
vt 0.896744 0.654707
vt 0.896744 0.653186
vt 0.804498 0.713918
vt 0.813648 0.713918
vt 0.813648 0.715517
vt 0.815247 0.715517
vt 0.815247 0.936072
vt 0.813648 0.936072
vt 0.863214 0.864507
vt 0.863214 0.866028
vt 0.834181 0.866028
vt 0.834181 0.864507
vt 0.674479 0.936649
vt 0.672880 0.936649
vt 0.672880 0.716093
vt 0.674479 0.716093
vt 0.672880 0.938248
vt 0.663730 0.938248
vt 0.663730 0.936649
vt 0.662131 0.936649
vt 0.662131 0.716093
vt 0.663730 0.716093
vt 0.925777 0.864507
vt 0.925777 0.866028
vt 0.896744 0.866028
vt 0.896744 0.864507
vt 0.804498 0.937671
vt 0.813648 0.937671
vt 0.863214 0.653186
vt 0.863214 0.654707
vt 0.834181 0.654707
vt 0.834181 0.653186
vt 0.672880 0.714494
vt 0.663730 0.714494
vt 0.990589 0.709764
vt 0.999267 0.709764
vt 0.999267 0.738712
vt 0.990589 0.738712
vt 0.999268 0.651869
vt 0.999268 0.680817
vt 0.990589 0.680817
vt 0.990589 0.651869
s 1
usemtl PDC_tex
f 185/351/165 187/352/165 198/353/165 197/354/165
f 186/355/166 185/356/166 196/357/166 195/358/166
f 187/352/167 186/359/167 189/360/167 188/361/167
f 188/361/168 190/362/168 202/363/168 201/364/168
f 190/365/169 189/366/169 192/367/169 191/368/169
f 191/369/170 193/370/170 205/371/170 204/372/170
f 193/370/171 192/373/171 195/374/171 194/375/171
f 194/375/172 196/376/172 208/377/172 207/378/172
f 197/379/173 199/380/173 206/381/173 208/382/173
f 199/383/174 198/353/174 201/364/174 200/384/174
f 200/385/175 202/386/175 204/387/175 203/388/175
f 203/389/176 205/371/176 207/378/176 206/390/176
f 199/391/177 200/392/177 203/393/177 206/394/177
f 186/395/178 195/396/178 192/397/178 189/398/178
f 187/352/179 188/361/179 201/364/179 198/353/179
f 190/365/180 191/368/180 204/387/180 202/386/180
f 193/370/181 194/375/181 207/378/181 205/371/181
f 196/357/182 185/356/182 197/379/182 208/382/182
f 185/351/183 186/359/183 187/352/183
f 188/361/184 189/360/184 190/362/184
f 191/369/185 192/373/185 193/370/185
f 194/375/186 195/374/186 196/376/186
f 197/354/187 198/353/187 199/383/187
f 200/384/188 201/364/188 202/363/188
f 203/389/189 204/372/189 205/371/189
f 206/390/190 207/378/190 208/377/190
o polySurface22
v 0.007690 0.019401 0.012660
v 0.009988 0.019401 0.012660
v 0.007690 0.017316 0.021023
v 0.009988 0.017316 0.021023
v 0.007690 0.017316 0.022010
v 0.009988 0.017316 0.022010
v 0.007690 0.017963 0.022372
v 0.009988 0.017963 0.022372
v 0.008334 0.019401 0.012660
v 0.009345 0.019401 0.012660
v 0.009345 0.017316 0.021023
v 0.008334 0.017316 0.021023
v 0.009345 0.017316 0.022010
v 0.008334 0.017316 0.022010
v 0.009345 0.018413 0.022672
v 0.008334 0.018413 0.022672
v 0.009345 0.019601 0.012660
v 0.008334 0.019601 0.012660
v 0.008334 0.017516 0.021223
v 0.009345 0.017516 0.021223
v 0.008334 0.017516 0.021810
v 0.009345 0.017516 0.021810
v 0.008334 0.018467 0.022479
v 0.009345 0.018467 0.022479
v 0.009988 0.019601 0.012660
v 0.009988 0.017516 0.021223
v 0.009988 0.017516 0.021810
v 0.009988 0.018017 0.022180
v 0.007690 0.019601 0.012660
v 0.007690 0.017516 0.021223
v 0.007690 0.017516 0.021810
v 0.007690 0.018017 0.022180
v 0.009345 0.019026 0.021023
v 0.009345 0.019401 0.020647
v 0.008334 0.019401 0.020647
v 0.008334 0.019026 0.021023
v 0.009988 0.019026 0.021023
v 0.009988 0.019401 0.020647
v 0.007690 0.019401 0.020647
v 0.007690 0.019026 0.021023
v 0.008334 0.019226 0.021223
v 0.008334 0.019601 0.020847
v 0.009345 0.019601 0.020847
v 0.009345 0.019226 0.021223
v 0.009988 0.019601 0.020847
v 0.009988 0.019226 0.021223
v 0.007690 0.019601 0.020847
v 0.007690 0.019226 0.021223
vn -0.0000 1.0000 -0.0000
vn 0.0046 0.5777 -0.8162
vn -0.0046 0.5777 -0.8163
vn -0.0030 0.5770 -0.8168
vn 0.0029 0.5769 -0.8168
vn 0.0142 0.5819 -0.8131
vn -0.0140 0.5819 -0.8131
vn -0.0141 0.5819 -0.8131
vn -0.0000 -1.0000 -0.0000
vn 0.0079 -0.5132 0.8582
vn 0.0052 -0.5144 0.8575
vn -0.0052 -0.5144 0.8575
vn -0.0079 -0.5132 0.8582
vn 0.0240 -0.5062 0.8621
vn -0.0240 -0.5062 0.8621
vn -0.0000 -0.0000 -1.0000
vn -0.0000 0.9630 0.2694
vn 1.0000 -0.0000 -0.0000
vn 0.6241 0.7524 0.2108
vn -1.0000 -0.0000 -0.0000
vn -0.6239 0.7524 0.2111
vn -0.0000 -0.7072 -0.7070
vn -0.0000 0.7072 0.7070
vn -0.0000 -0.0000 1.0000
vt 0.375478 0.822289
vt 0.375478 0.829631
vt 0.371214 0.829631
vt 0.371214 0.822289
vt 0.366353 0.829631
vt 0.366353 0.822289
vt 0.375478 0.817617
vt 0.371214 0.817617
vt 0.368528 0.817617
vt 0.375478 0.834304
vt 0.371214 0.834304
vt 0.368528 0.834304
vt 0.682985 0.779774
vt 0.690184 0.779774
vt 0.690184 0.787146
vt 0.682985 0.787146
vt 0.695012 0.779774
vt 0.695012 0.787146
vt 0.682985 0.775081
vt 0.690184 0.775081
vt 0.692828 0.775081
vt 0.690184 0.791838
vt 0.682985 0.791838
vt 0.692828 0.791838
vt 0.288003 0.784268
vt 0.288003 0.790606
vt 0.286750 0.790606
vt 0.286750 0.784268
vt 0.364954 0.829631
vt 0.364954 0.822289
vt 0.288003 0.780234
vt 0.286750 0.780234
vt 0.203332 0.819916
vt 0.203332 0.813652
vt 0.204601 0.814921
vt 0.204601 0.818647
vt 0.210293 0.824117
vt 0.207440 0.822216
vt 0.207782 0.820994
vt 0.210635 0.822895
vt 0.288003 0.794641
vt 0.286750 0.794641
vt 0.203332 0.666946
vt 0.203332 0.660682
vt 0.204601 0.661951
vt 0.204601 0.665677
vt 0.207440 0.658382
vt 0.207782 0.659604
vt 0.210293 0.656481
vt 0.210635 0.657703
vt 0.375423 0.817617
vt 0.375423 0.815242
vt 0.379494 0.815242
vt 0.379494 0.817617
vt 0.369026 0.817617
vt 0.369026 0.815242
vt 0.364954 0.817617
vt 0.364954 0.815242
vt 0.214181 0.813652
vt 0.216563 0.811270
vt 0.217832 0.812539
vt 0.215450 0.814921
vt 0.216563 0.669328
vt 0.214182 0.666946
vt 0.215451 0.665677
vt 0.217832 0.668059
vt 0.353384 0.764704
vt 0.353384 0.767078
vt 0.349313 0.767078
vt 0.349313 0.764704
vt 0.359779 0.764704
vt 0.359779 0.767078
vt 0.363850 0.764704
vt 0.363850 0.767078
vt 0.359779 0.818870
vt 0.353384 0.818870
vt 0.698919 0.834523
vt 0.698919 0.840862
vt 0.688199 0.840862
vt 0.688199 0.834523
vt 0.363850 0.818870
vt 0.698919 0.830489
vt 0.688199 0.830489
vt 0.349313 0.818870
vt 0.698919 0.844896
vt 0.688199 0.844896
vt 0.375423 0.764704
vt 0.369026 0.764704
vt 0.333672 0.822905
vt 0.344392 0.822905
vt 0.344392 0.829243
vt 0.333672 0.829243
vt 0.379494 0.764704
vt 0.333672 0.818870
vt 0.344392 0.818870
vt 0.364954 0.764704
vt 0.344392 0.833277
vt 0.333672 0.833277
vt 0.216563 0.760588
vt 0.217832 0.760588
vt 0.216563 0.720012
vt 0.217832 0.720012
s 1
usemtl PDC_tex
f 228/399/191 227/400/191 229/401/191 230/402/191
f 230/402/192 229/401/193 231/403/194 232/404/195
f 234/405/191 228/399/191 230/402/191 235/406/191
f 235/406/196 230/402/192 232/404/195 236/407/196
f 229/401/191 227/400/191 238/408/191 239/409/191
f 231/403/194 229/401/193 239/409/197 240/410/198
f 219/411/199 221/412/199 222/413/199 220/414/199
f 221/412/200 223/415/201 224/416/202 222/413/203
f 212/417/199 214/418/199 221/412/199 219/411/199
f 214/418/204 216/419/204 223/415/201 221/412/200
f 222/413/199 213/420/199 211/421/199 220/414/199
f 224/416/202 215/422/205 213/420/205 222/413/203
f 218/423/206 217/424/206 226/425/206 225/426/206
f 224/427/207 223/428/207 232/404/207 231/403/207
f 210/429/206 218/423/206 225/426/206 233/430/206
f 214/431/208 212/432/208 234/433/208 235/434/208
f 223/435/209 216/436/209 236/437/209 232/438/209
f 216/436/208 214/431/208 235/434/208 236/437/208
f 217/424/206 209/439/206 237/440/206 226/425/206
f 211/441/210 213/442/210 239/443/210 238/444/210
f 213/442/210 215/445/210 240/446/210 239/443/210
f 215/445/211 224/447/211 231/448/211 240/446/211
f 241/449/212 242/450/212 246/451/212 245/452/212
f 242/450/212 241/449/212 244/453/212 243/454/212
f 243/454/212 244/453/212 248/455/212 247/456/212
f 245/457/208 246/458/208 253/459/208 254/460/208
f 247/461/210 248/462/210 256/463/210 255/464/210
f 249/465/213 250/466/213 255/467/213 256/468/213
f 250/466/213 249/465/213 252/469/213 251/470/213
f 251/470/213 252/469/213 254/471/213 253/472/213
f 225/473/191 226/474/191 250/466/191 251/470/191
f 252/475/214 249/476/214 227/477/214 228/478/214
f 225/473/191 251/470/191 253/472/191 233/479/191
f 254/480/214 252/475/214 228/478/214 234/481/214
f 255/467/191 250/466/191 226/474/191 237/482/191
f 227/477/214 249/476/214 256/483/214 238/484/214
f 218/485/199 242/450/199 243/454/199 217/486/199
f 241/487/206 219/488/206 220/489/206 244/490/206
f 218/485/199 210/491/199 246/451/199 242/450/199
f 245/492/206 212/493/206 219/488/206 241/487/206
f 247/456/199 209/494/199 217/486/199 243/454/199
f 220/489/206 211/495/206 248/496/206 244/490/206
f 246/458/208 210/497/208 233/498/208 253/459/208
f 212/432/208 245/457/208 254/460/208 234/433/208
f 209/499/210 247/461/210 255/464/210 237/500/210
f 248/462/210 211/441/210 238/444/210 256/463/210
o polySurface24
v 0.009883 0.009068 0.021529
v 0.007766 0.009068 0.021529
v 0.007766 0.015529 0.021230
v 0.009883 0.015529 0.021230
v 0.007766 0.013539 0.023135
v 0.009883 0.013539 0.023135
v 0.007766 0.008749 0.021529
v 0.009883 0.008749 0.021529
v 0.007766 0.008080 0.022183
v 0.009883 0.008080 0.022183
v 0.007766 0.009068 0.020985
v 0.007766 0.014772 0.020985
v 0.009883 0.014772 0.020985
v 0.009883 0.009068 0.020985
v 0.007766 0.008749 0.020985
v 0.009883 0.008749 0.020985
v 0.007766 0.008080 0.020985
v 0.009883 0.008080 0.020985
v 0.007966 0.013490 0.022905
v 0.009683 0.013490 0.022905
v 0.009883 0.015390 0.021085
v 0.007766 0.015390 0.021085
v 0.007966 0.009103 0.021329
v 0.009683 0.009103 0.021329
v 0.007966 0.008668 0.021329
v 0.009683 0.008668 0.021329
v 0.007966 0.007940 0.022040
v 0.009683 0.007940 0.022040
v 0.007966 0.014772 0.020985
v 0.007966 0.009068 0.020985
v 0.009683 0.009068 0.020985
v 0.009683 0.014772 0.020985
v 0.007966 0.008749 0.020985
v 0.009683 0.008749 0.020985
v 0.007966 0.008080 0.020985
v 0.009683 0.008080 0.020985
vn -0.0000 -0.0834 -0.9965
vn -0.0000 -0.6917 -0.7221
vn -0.0000 0.3381 -0.9411
vn -0.0000 -0.0000 -1.0000
vn -0.0000 -0.6987 -0.7154
vn 1.0000 -0.0000 -0.0000
vn -1.0000 -0.0000 -0.0000
vn -0.0000 0.0463 0.9989
vn -0.0001 0.0463 0.9989
vn -0.0000 0.6915 0.7224
vn -0.0000 -0.3381 0.9411
vn -0.0000 -0.0000 1.0000
vn -0.0000 0.6990 0.7151
vn 0.8898 -0.3386 -0.3059
vn 0.8898 -0.3387 -0.3060
vn 0.8898 -0.3386 -0.3060
vn -0.0000 0.7223 -0.6915
vn -0.8898 -0.3386 -0.3059
vn -0.0000 -0.7151 0.6990
vn 0.3764 0.7879 0.4874
vn -0.3766 0.7881 0.4870
vn -0.3477 -0.9358 -0.0580
vn 0.3479 -0.9357 -0.0580
vn 0.3480 -0.9357 -0.0580
vt 0.162975 0.836569
vt 0.161622 0.823714
vt 0.175945 0.823714
vt 0.174593 0.836569
vt 0.162975 0.866243
vt 0.174593 0.866243
vt 0.174593 0.869185
vt 0.162975 0.869185
vt 0.320541 0.736922
vt 0.325732 0.736922
vt 0.325732 0.749455
vt 0.320541 0.749455
vt 0.698079 0.853448
vt 0.700235 0.853229
vt 0.700235 0.888994
vt 0.688199 0.880953
vt 0.715876 0.860305
vt 0.703840 0.868346
vt 0.703840 0.832581
vt 0.705996 0.832800
vt 0.698079 0.850721
vt 0.700235 0.851232
vt 0.703840 0.830584
vt 0.705996 0.830073
vt 0.693619 0.846157
vt 0.700235 0.847034
vt 0.703840 0.826386
vt 0.710457 0.825510
vt 0.396236 0.801882
vt 0.410633 0.801882
vt 0.410633 0.815412
vt 0.396236 0.815412
vt 0.396236 0.771484
vt 0.410633 0.771484
vt 0.396236 0.769318
vt 0.410633 0.769318
vt 0.396236 0.764766
vt 0.410633 0.764766
vt 0.290160 0.812565
vt 0.300228 0.840596
vt 0.286750 0.848330
vt 0.286750 0.812565
vt 0.307604 0.858330
vt 0.317673 0.830299
vt 0.321083 0.830299
vt 0.321083 0.866064
vt 0.290160 0.810568
vt 0.286750 0.810568
vt 0.317673 0.828302
vt 0.321083 0.828302
vt 0.294263 0.806370
vt 0.286750 0.806370
vt 0.313569 0.824104
vt 0.321083 0.824104
vt 0.417428 0.810532
vt 0.417090 0.808943
vt 0.430215 0.796378
vt 0.431170 0.797376
vt 0.175945 0.822778
vt 0.161622 0.822778
vt 0.697065 0.817342
vt 0.696110 0.818340
vt 0.682985 0.805775
vt 0.683323 0.804187
vt 0.326776 0.750914
vt 0.326776 0.735463
vt 0.735122 0.779642
vt 0.736574 0.781313
vt 0.736574 0.795254
vt 0.735122 0.795254
vt 0.943667 0.738622
vt 0.944921 0.738622
vt 0.944921 0.774387
vt 0.943667 0.774387
vt 0.991843 0.774477
vt 0.990589 0.774477
vt 0.990589 0.738712
vt 0.991843 0.738712
vt 0.209997 0.783655
vt 0.208545 0.783655
vt 0.208545 0.769715
vt 0.209997 0.768044
vt 0.944921 0.776385
vt 0.943667 0.776385
vt 0.991843 0.776475
vt 0.990589 0.776475
vt 0.944921 0.780582
vt 0.943667 0.780582
vt 0.318031 0.750914
vt 0.318031 0.749455
vt 0.318031 0.736922
vt 0.318031 0.735463
vt 0.991843 0.780672
vt 0.990589 0.780672
s 1
usemtl PDC_tex
f 275/501/215 278/502/216 277/503/216 276/504/215
f 279/505/217 275/501/215 276/504/215 280/506/217
f 280/506/218 282/507/218 281/508/218 279/505/218
f 282/509/219 284/510/219 283/511/219 281/512/219
f 279/513/220 286/514/220 285/515/220 275/516/220
f 276/517/221 288/518/221 287/519/221 280/520/221
f 281/521/220 289/522/220 286/514/220 279/513/220
f 280/520/221 287/519/221 290/523/221 282/524/221
f 283/525/220 291/526/220 289/522/220 281/521/220
f 282/524/221 290/523/221 292/527/221 284/528/221
f 261/529/222 262/530/223 260/531/224 259/532/224
f 258/533/225 257/534/225 262/530/223 261/529/222
f 257/534/226 258/533/226 263/535/226 264/536/226
f 264/536/227 263/535/227 265/537/227 266/538/227
f 258/539/221 261/540/221 268/541/221 267/542/221
f 262/543/220 257/544/220 270/545/220 269/546/220
f 263/547/221 258/539/221 267/542/221 271/548/221
f 257/544/220 264/549/220 272/550/220 270/545/220
f 265/551/221 263/547/221 271/548/221 273/552/221
f 264/549/220 266/553/220 274/554/220 272/550/220
f 262/555/228 276/556/229 277/557/229 260/558/230
f 260/559/231 277/503/231 278/502/231 259/560/231
f 259/561/232 278/562/232 275/563/232 261/564/232
f 265/565/233 283/511/233 284/510/233 266/566/233
f 261/567/234 275/568/234 285/569/234 268/570/234
f 268/571/218 285/572/218 286/573/218 267/574/218
f 270/575/218 287/576/218 288/577/218 269/578/218
f 269/579/235 288/580/235 276/581/235 262/582/235
f 267/574/218 286/573/218 289/583/218 271/584/218
f 272/585/218 290/586/218 287/576/218 270/575/218
f 271/584/218 289/583/218 291/587/218 273/588/218
f 273/589/236 291/590/236 283/511/236 265/565/236
f 266/566/237 284/510/237 292/591/237 274/592/238
f 274/593/218 292/594/218 290/586/218 272/585/218
o polySurface26
v 0.009883 0.008173 0.020987
v 0.007766 0.008173 0.020987
v 0.007766 0.016618 0.020987
v 0.009883 0.016618 0.020987
v 0.007766 0.008173 0.021187
v 0.009883 0.008173 0.021187
v 0.009883 0.016618 0.021187
v 0.007766 0.016618 0.021187
vn -0.0000 -0.0000 1.0000
vn -0.0000 -0.0000 -1.0000
vn -0.0000 -1.0000 -0.0000
vn 1.0000 -0.0000 -0.0000
vn -0.0000 1.0000 -0.0000
vn -1.0000 -0.0000 -0.0000
vt 0.703840 0.772570
vt 0.717116 0.772570
vt 0.717116 0.825517
vt 0.703840 0.825517
vt 0.943667 0.867205
vt 0.943667 0.814258
vt 0.956943 0.814258
vt 0.956943 0.867205
vt 0.104273 0.796989
vt 0.104273 0.783713
vt 0.105526 0.783713
vt 0.105526 0.796989
vt 0.997057 0.223036
vt 0.997057 0.275983
vt 0.995803 0.275983
vt 0.995803 0.223036
vt 0.209799 0.783655
vt 0.209799 0.796932
vt 0.208545 0.796932
vt 0.208545 0.783655
vt 0.995803 0.170089
vt 0.997057 0.170089
s 1
usemtl PDC_tex
f 297/595/239 298/596/239 299/597/239 300/598/239
f 294/599/240 295/600/240 296/601/240 293/602/240
f 294/603/241 293/604/241 298/605/241 297/606/241
f 293/607/242 296/608/242 299/609/242 298/610/242
f 296/611/243 295/612/243 300/613/243 299/614/243
f 295/610/244 294/615/244 297/616/244 300/607/244
o polySurface27
v 0.018972 0.000413 0.020987
v 0.021449 0.000413 0.020987
v 0.018972 0.017181 0.020987
v 0.021449 0.017181 0.020987
v 0.021449 0.000413 -0.014221
v 0.018972 0.000413 -0.014221
v 0.021449 0.017283 -0.014221
v 0.018972 0.017283 -0.014221
v 0.021449 0.000013 0.021387
v 0.018972 0.000013 0.021387
v 0.021449 0.017181 0.021387
v 0.018972 0.017181 0.021387
v 0.018972 0.000013 -0.014621
v 0.021449 0.000013 -0.014621
v 0.018972 0.017283 -0.014621
v 0.021449 0.017283 -0.014621
vn -0.0000 -0.0000 1.0000
vn -0.0000 -1.0000 -0.0000
vn -0.0000 -0.0000 -1.0000
vn -0.0000 1.0000 -0.0000
vn 1.0000 -0.0000 -0.0000
vn -1.0000 -0.0000 -0.0000
vt 0.964525 0.559127
vt 0.980055 0.559126
vt 0.980055 0.666758
vt 0.964525 0.666758
vt 0.964521 0.333380
vt 0.980051 0.333379
vt 0.422193 0.764766
vt 0.406663 0.764766
vt 0.406663 0.656493
vt 0.422193 0.656493
vt 0.980165 0.105124
vt 0.980162 0.000000
vt 0.995692 0.000000
vt 0.995695 0.105124
vt 0.995695 0.325856
vt 0.980165 0.325856
vt 0.333673 0.848596
vt 0.439438 0.848600
vt 0.439437 0.864130
vt 0.333672 0.864126
vt 0.330966 0.877224
vt 0.436090 0.877224
vt 0.436090 0.879732
vt 0.328459 0.879732
vt 0.289257 0.764704
vt 0.289257 0.780234
vt 0.286750 0.780234
vt 0.286750 0.764704
vt 0.217118 0.656493
vt 0.111994 0.656493
vt 0.109486 0.653985
vt 0.217118 0.653985
vt 0.111994 0.877225
vt 0.109486 0.879732
vt 0.330966 0.656493
vt 0.328459 0.653985
vt 0.217759 0.877225
vt 0.217759 0.879732
vt 0.441945 0.848600
vt 0.441945 0.864130
vt 0.436731 0.656493
vt 0.436731 0.653985
s 1
usemtl PDC_tex
f 310/617/245 309/618/245 311/619/245 312/620/245
f 309/618/246 310/617/246 313/621/246 314/622/246
f 314/623/247 313/624/247 315/625/247 316/626/247
f 301/627/247 303/628/247 304/629/247 302/630/247
f 302/630/248 305/631/248 306/632/248 301/627/248
f 305/633/245 307/634/245 308/635/245 306/636/245
f 302/637/249 304/638/249 311/639/249 309/640/249
f 304/641/248 303/642/248 312/643/248 311/644/248
f 303/645/250 301/646/250 310/647/250 312/648/250
f 301/646/250 306/649/250 313/650/250 310/647/250
f 305/651/249 302/637/249 309/640/249 314/652/249
f 306/649/250 308/653/250 315/654/250 313/650/250
f 308/635/248 307/634/248 316/655/248 315/656/248
f 307/657/249 305/651/249 314/652/249 316/658/249
o polySurface28
v -0.009883 0.009068 0.021529
v -0.007766 0.009068 0.021529
v -0.007766 0.015529 0.021230
v -0.009883 0.015529 0.021230
v -0.007766 0.013539 0.023135
v -0.009883 0.013539 0.023135
v -0.007766 0.008749 0.021529
v -0.009883 0.008749 0.021529
v -0.007766 0.008080 0.022183
v -0.009883 0.008080 0.022183
v -0.007766 0.009068 0.020985
v -0.007766 0.014772 0.020985
v -0.009883 0.014772 0.020985
v -0.009883 0.009068 0.020985
v -0.007766 0.008749 0.020985
v -0.009883 0.008749 0.020985
v -0.007766 0.008080 0.020985
v -0.009883 0.008080 0.020985
v -0.007966 0.013490 0.022905
v -0.009683 0.013490 0.022905
v -0.009883 0.015390 0.021085
v -0.007766 0.015390 0.021085
v -0.007966 0.009103 0.021329
v -0.009683 0.009103 0.021329
v -0.007966 0.008668 0.021329
v -0.009683 0.008668 0.021329
v -0.007966 0.007940 0.022040
v -0.009683 0.007940 0.022040
v -0.007966 0.014772 0.020985
v -0.007966 0.009068 0.020985
v -0.009683 0.009068 0.020985
v -0.009683 0.014772 0.020985
v -0.007966 0.008749 0.020985
v -0.009683 0.008749 0.020985
v -0.007966 0.008080 0.020985
v -0.009683 0.008080 0.020985
vn -0.0000 -0.0834 -0.9965
vn -0.0000 -0.6917 -0.7221
vn -0.0000 0.3381 -0.9411
vn -0.0000 -0.0000 -1.0000
vn -0.0000 -0.6987 -0.7154
vn -1.0000 -0.0000 -0.0000
vn 1.0000 -0.0000 -0.0000
vn -0.0001 0.0463 0.9989
vn -0.0000 0.6915 0.7224
vn -0.0000 0.0463 0.9989
vn -0.0000 -0.3381 0.9411
vn -0.0000 -0.0000 1.0000
vn -0.0000 0.6990 0.7151
vn -0.8898 -0.3386 -0.3059
vn -0.0000 0.7223 -0.6915
vn 0.8898 -0.3386 -0.3059
vn -0.0000 -0.7151 0.6990
vn -0.3764 0.7879 0.4874
vn 0.3764 0.7879 0.4874
vn 0.3480 -0.9357 -0.0580
vn 0.3479 -0.9357 -0.0580
vn -0.3479 -0.9357 -0.0580
vn -0.3480 -0.9357 -0.0580
vt 0.147334 0.836567
vt 0.158952 0.836567
vt 0.160304 0.823712
vt 0.145982 0.823712
vt 0.147334 0.866241
vt 0.158952 0.866241
vt 0.147334 0.869183
vt 0.158952 0.869183
vt 0.320541 0.721472
vt 0.320541 0.734004
vt 0.325732 0.734004
vt 0.325732 0.721472
vt 0.937906 0.842782
vt 0.928026 0.870288
vt 0.940062 0.878329
vt 0.940062 0.842564
vt 0.689808 0.865277
vt 0.679928 0.837772
vt 0.677772 0.837553
vt 0.677772 0.873318
vt 0.937906 0.840055
vt 0.940062 0.840566
vt 0.679928 0.835045
vt 0.677772 0.835556
vt 0.933446 0.835492
vt 0.940062 0.836369
vt 0.684389 0.830482
vt 0.677772 0.831358
vt 0.271109 0.801820
vt 0.271109 0.815350
vt 0.285506 0.815350
vt 0.285506 0.801820
vt 0.271109 0.771422
vt 0.285506 0.771422
vt 0.285506 0.769256
vt 0.271109 0.769256
vt 0.285506 0.764704
vt 0.271109 0.764704
vt 0.180674 0.828974
vt 0.177263 0.828974
vt 0.177263 0.864739
vt 0.190742 0.857005
vt 0.198118 0.858330
vt 0.211597 0.866064
vt 0.211597 0.830299
vt 0.208186 0.830299
vt 0.180674 0.826977
vt 0.177263 0.826977
vt 0.211597 0.828301
vt 0.208186 0.828301
vt 0.184777 0.822779
vt 0.177263 0.822779
vt 0.211597 0.824104
vt 0.204083 0.824104
vt 0.417428 0.817435
vt 0.431170 0.804279
vt 0.430215 0.803281
vt 0.417090 0.815846
vt 0.160304 0.822776
vt 0.145982 0.822776
vt 0.697065 0.824245
vt 0.683323 0.811090
vt 0.682985 0.812678
vt 0.696110 0.825243
vt 0.326776 0.735463
vt 0.326776 0.720012
vt 0.099059 0.780187
vt 0.099059 0.795798
vt 0.100511 0.795798
vt 0.100511 0.781858
vt 0.735122 0.737729
vt 0.735122 0.773494
vt 0.736376 0.773494
vt 0.736376 0.737729
vt 0.997057 0.774477
vt 0.997057 0.738712
vt 0.995803 0.738712
vt 0.995803 0.774477
vt 0.319484 0.785609
vt 0.319484 0.769998
vt 0.318031 0.771669
vt 0.318031 0.785609
vt 0.735122 0.775491
vt 0.736376 0.775491
vt 0.997057 0.776475
vt 0.995803 0.776475
vt 0.735122 0.779689
vt 0.736376 0.779689
vt 0.318031 0.735463
vt 0.318031 0.734004
vt 0.318031 0.720012
vt 0.318031 0.721472
vt 0.997057 0.780672
vt 0.995803 0.780672
s 1
usemtl PDC_tex
f 335/659/251 336/660/251 337/661/252 338/662/252
f 339/663/253 340/664/253 336/660/251 335/659/251
f 340/664/254 339/663/254 341/665/254 342/666/254
f 342/667/255 341/668/255 343/669/255 344/670/255
f 339/671/256 335/672/256 345/673/256 346/674/256
f 336/675/257 340/676/257 347/677/257 348/678/257
f 341/679/256 339/671/256 346/674/256 349/680/256
f 340/676/257 342/681/257 350/682/257 347/677/257
f 343/683/256 341/679/256 349/680/256 351/684/256
f 342/681/257 344/685/257 352/686/257 350/682/257
f 321/687/258 319/688/259 320/689/259 322/690/260
f 318/691/261 321/687/258 322/690/260 317/692/261
f 317/692/262 324/693/262 323/694/262 318/691/262
f 324/693/263 326/695/263 325/696/263 323/694/263
f 318/697/257 327/698/257 328/699/257 321/700/257
f 322/701/256 329/702/256 330/703/256 317/704/256
f 323/705/257 331/706/257 327/698/257 318/697/257
f 317/704/256 330/703/256 332/707/256 324/708/256
f 325/709/257 333/710/257 331/706/257 323/705/257
f 324/708/256 332/707/256 334/711/256 326/712/256
f 322/713/264 320/714/264 337/715/264 336/716/264
f 320/717/265 319/718/265 338/662/265 337/661/265
f 319/719/266 321/720/266 335/721/266 338/722/266
f 325/723/267 326/724/267 344/670/267 343/669/267
f 321/725/268 328/726/268 345/727/268 335/728/268
f 328/729/254 327/730/254 346/731/254 345/732/254
f 330/733/254 329/734/254 348/735/254 347/736/254
f 329/737/269 322/738/269 336/739/269 348/740/269
f 327/730/254 331/741/254 349/742/254 346/731/254
f 332/743/254 330/733/254 347/736/254 350/744/254
f 331/741/254 333/745/254 351/746/254 349/742/254
f 333/747/270 325/723/271 343/669/271 351/748/271
f 326/724/272 334/749/273 352/750/272 344/670/272
f 334/751/254 332/743/254 350/744/254 352/752/254
o polySurface29
v -0.018972 0.000413 0.020987
v -0.021449 0.000413 0.020987
v -0.018972 0.017181 0.020987
v -0.021449 0.017181 0.020987
v -0.021449 0.000413 -0.014221
v -0.018972 0.000413 -0.014221
v -0.021449 0.017283 -0.014221
v -0.018972 0.017283 -0.014221
v -0.021449 0.000013 0.021387
v -0.018972 0.000013 0.021387
v -0.021449 0.017181 0.021387
v -0.018972 0.017181 0.021387
v -0.018972 0.000013 -0.014621
v -0.021449 0.000013 -0.014621
v -0.018972 0.017283 -0.014621
v -0.021449 0.017283 -0.014621
vn -0.0000 -0.0000 1.0000
vn -0.0000 -1.0000 -0.0000
vn -0.0000 -0.0000 -1.0000
vn -0.0000 1.0000 -0.0000
vn -1.0000 -0.0000 -0.0000
vn 1.0000 -0.0000 -0.0000
vt 0.964525 0.225747
vt 0.964525 0.333379
vt 0.980055 0.333379
vt 0.980055 0.225747
vt 0.980051 0.000000
vt 0.964521 0.000000
vt 0.437834 0.764766
vt 0.437834 0.656493
vt 0.422304 0.656493
vt 0.422304 0.764766
vt 0.964524 0.771883
vt 0.980054 0.771883
vt 0.980051 0.666758
vt 0.964521 0.666759
vt 0.964524 0.992615
vt 0.980054 0.992615
vt 0.443159 0.848600
vt 0.443158 0.864130
vt 0.548923 0.864134
vt 0.548924 0.848604
vt 0.221480 0.877224
vt 0.218972 0.879732
vt 0.326604 0.879732
vt 0.326604 0.877224
vt 0.101567 0.764704
vt 0.099059 0.764704
vt 0.099059 0.780234
vt 0.101567 0.780234
vt 0.107632 0.656493
vt 0.107632 0.653985
vt 0.000000 0.653985
vt 0.002508 0.656493
vt 0.000000 0.879732
vt 0.002508 0.877225
vt 0.221480 0.656493
vt 0.218972 0.653985
vt 0.108273 0.879732
vt 0.108273 0.877225
vt 0.551431 0.864134
vt 0.551431 0.848604
vt 0.327245 0.656493
vt 0.327245 0.653985
s 1
usemtl PDC_tex
f 362/753/274 364/754/274 363/755/274 361/756/274
f 361/756/275 366/757/275 365/758/275 362/753/275
f 366/759/276 368/760/276 367/761/276 365/762/276
f 353/763/276 354/764/276 356/765/276 355/766/276
f 354/764/277 353/763/277 358/767/277 357/768/277
f 357/769/274 358/770/274 360/771/274 359/772/274
f 354/773/278 361/774/278 363/775/278 356/776/278
f 356/777/277 363/778/277 364/779/277 355/780/277
f 355/781/279 364/782/279 362/783/279 353/784/279
f 353/784/279 362/783/279 365/785/279 358/786/279
f 357/787/278 366/788/278 361/774/278 354/773/278
f 358/786/279 365/785/279 367/789/279 360/790/279
f 360/771/277 367/791/277 368/792/277 359/772/277
f 359/793/278 368/794/278 366/788/278 357/787/278
o polySurface3
v -0.028664 0.002311 -0.014053
v -0.028491 0.002311 -0.014226
v -0.028491 0.002138 -0.014053
v 0.028491 0.002138 -0.014053
v 0.028491 0.002311 -0.014226
v 0.028664 0.002311 -0.014053
v 0.028664 0.017283 -0.014053
v 0.028491 0.017283 -0.014226
v 0.028491 0.017456 -0.014053
v -0.028491 0.017456 -0.014053
v -0.028491 0.017283 -0.014226
v -0.028664 0.017283 -0.014053
v -0.028664 0.002311 -0.012098
v -0.028491 0.002138 -0.012098
v -0.028491 0.002311 -0.011926
v 0.028491 0.002311 -0.011926
v 0.028491 0.002138 -0.012098
v 0.028664 0.002311 -0.012098
v 0.028491 0.017283 -0.011926
v 0.028664 0.017283 -0.012098
v 0.028491 0.017456 -0.012098
v -0.028491 0.017283 -0.011926
v -0.028491 0.017456 -0.012098
v -0.028664 0.017283 -0.012098
vn -0.7071 -0.7071 -0.0000
vn -0.7071 -0.0000 -0.7071
vn -0.0000 -0.7071 -0.7071
vn 0.7071 -0.7071 -0.0000
vn 0.7071 -0.0000 -0.7071
vn 0.7071 0.7071 -0.0000
vn -0.0000 0.7071 -0.7071
vn -0.7071 0.7071 -0.0000
vn -0.7071 -0.0000 0.7072
vn -0.0000 -0.7071 0.7071
vn 0.7071 -0.0000 0.7072
vn -0.0000 0.7071 0.7071
vn -0.0000 -0.0000 1.0000
vn -0.0000 -0.0000 -1.0000
vn -0.0000 -1.0000 -0.0000
vn 1.0000 -0.0000 -0.0000
vn -0.0000 1.0000 -0.0000
vn -1.0000 -0.0000 -0.0000
vn -0.5773 -0.5773 -0.5774
vn 0.5773 -0.5773 -0.5774
vn 0.5773 0.5773 -0.5774
vn -0.5773 0.5773 -0.5774
vn -0.5773 -0.5773 0.5774
vn 0.5773 -0.5773 0.5774
vn 0.5773 0.5773 0.5774
vn -0.5773 0.5773 0.5774
vt 0.929543 0.740134
vt 0.929366 0.738615
vt 0.941983 0.738639
vt 0.941810 0.740127
vt 0.928026 0.739968
vt 0.929562 0.833998
vt 0.928039 0.834160
vt 0.950472 0.357249
vt 0.948943 0.357249
vt 0.948880 0.000003
vt 0.950410 0.000002
vt 0.081743 0.764722
vt 0.081569 0.766210
vt 0.069303 0.766215
vt 0.069126 0.764696
vt 0.083092 0.766048
vt 0.083084 0.860240
vt 0.081567 0.860074
vt 0.081743 0.861593
vt 0.069126 0.861566
vt 0.069300 0.860078
vt 0.962667 0.357248
vt 0.964196 0.357248
vt 0.964258 0.714495
vt 0.962729 0.714495
vt 0.929389 0.835486
vt 0.941828 0.833990
vt 0.942005 0.835509
vt 0.943333 0.739964
vt 0.943346 0.834156
vt 0.964258 0.357247
vt 0.962729 0.357247
vt 0.962667 0.000000
vt 0.964196 0.000000
vt 0.067785 0.766048
vt 0.067777 0.860240
vt 0.948880 0.357250
vt 0.950410 0.357250
vt 0.950472 0.714497
vt 0.948943 0.714498
vt 0.646490 0.357247
vt 0.646490 0.000000
vt 0.740359 0.000000
vt 0.740359 0.357247
vt 0.740359 0.714494
vt 0.646490 0.714494
s 1
usemtl PDC_tex
f 369/795/280 371/796/280 382/797/280 381/798/280
f 370/799/281 369/795/281 380/800/281 379/801/281
f 371/802/282 370/803/282 373/804/282 372/805/282
f 372/806/283 374/807/283 386/808/283 385/809/283
f 374/807/284 373/810/284 376/811/284 375/812/284
f 375/812/285 377/813/285 389/814/285 388/815/285
f 377/816/286 376/817/286 379/818/286 378/819/286
f 378/820/287 380/800/287 392/821/287 391/822/287
f 381/798/288 383/823/288 390/824/288 392/821/288
f 383/825/289 382/826/289 385/827/289 384/828/289
f 384/829/290 386/808/290 388/815/290 387/830/290
f 387/831/291 389/832/291 391/833/291 390/834/291
f 383/835/292 384/836/292 387/837/292 390/838/292
f 370/839/293 379/840/293 376/835/293 373/838/293
f 371/802/294 372/805/294 385/827/294 382/826/294
f 374/807/295 375/812/295 388/815/295 386/808/295
f 377/816/296 378/819/296 391/833/296 389/832/296
f 380/800/297 369/795/297 381/798/297 392/821/297
f 369/795/298 370/799/298 371/796/298
f 372/806/299 373/810/299 374/807/299
f 375/812/300 376/811/300 377/813/300
f 378/820/301 379/801/301 380/800/301
f 381/798/302 382/797/302 383/823/302
f 384/829/303 385/809/303 386/808/303
f 387/830/304 388/815/304 389/814/304
f 390/824/305 391/822/305 392/821/305
o polySurface30
v -0.017979 0.019239 -0.013321
v -0.017979 0.019481 -0.013563
v -0.018221 0.019481 -0.013321
v -0.018221 0.020865 -0.013321
v -0.017979 0.020865 -0.013563
v -0.017979 0.021107 -0.013321
v -0.013362 0.021107 -0.013321
v -0.013362 0.020865 -0.013563
v -0.013120 0.020865 -0.013321
v -0.013120 0.019481 -0.013321
v -0.013362 0.019481 -0.013563
v -0.013362 0.019239 -0.013321
v -0.017979 0.019239 0.020045
v -0.018221 0.019481 0.020045
v -0.017979 0.019481 0.020287
v -0.017979 0.020865 0.020287
v -0.018221 0.020865 0.020045
v -0.017979 0.021107 0.020045
v -0.013362 0.020865 0.020287
v -0.013362 0.021107 0.020045
v -0.013120 0.020865 0.020045
v -0.013362 0.019481 0.020287
v -0.013120 0.019481 0.020045
v -0.013362 0.019239 0.020045
vn -0.7071 -0.7071 -0.0000
vn -0.0000 -0.7071 -0.7071
vn -0.7071 -0.0000 -0.7071
vn -0.7071 0.7071 -0.0000
vn -0.0000 0.7071 -0.7071
vn 0.7071 0.7071 -0.0000
vn 0.7071 -0.0000 -0.7071
vn 0.7071 -0.7071 -0.0000
vn -0.0000 -0.7071 0.7071
vn -0.7071 -0.0000 0.7071
vn -0.0000 0.7071 0.7071
vn 0.7071 -0.0000 0.7071
vn -0.0000 -0.0000 1.0000
vn -0.0000 -0.0000 -1.0000
vn -1.0000 -0.0000 -0.0000
vn -0.0000 1.0000 -0.0000
vn 1.0000 -0.0000 -0.0000
vn -0.0000 -1.0000 -0.0000
vn -0.5774 -0.5774 -0.5774
vn -0.5773 0.5774 -0.5774
vn 0.5773 0.5773 -0.5774
vn 0.5773 -0.5773 -0.5774
vn -0.5773 -0.5774 0.5773
vn -0.5773 0.5774 0.5774
vn 0.5773 0.5774 0.5774
vn 0.5773 -0.5773 0.5774
vt 0.818540 0.715517
vt 0.818540 0.936072
vt 0.820139 0.936072
vt 0.820139 0.715517
vt 0.034247 0.656493
vt 0.005214 0.656493
vt 0.005214 0.658014
vt 0.034247 0.658014
vt 0.829289 0.715517
vt 0.829289 0.713918
vt 0.820139 0.713918
vt 0.829289 0.936072
vt 0.830888 0.936072
vt 0.830888 0.715517
vt 0.894496 0.864507
vt 0.865462 0.864507
vt 0.865462 0.866028
vt 0.894496 0.866028
vt 0.658838 0.936649
vt 0.658838 0.716093
vt 0.657239 0.716093
vt 0.657239 0.936649
vt 0.648089 0.936649
vt 0.648089 0.938248
vt 0.657239 0.938248
vt 0.648089 0.716093
vt 0.646490 0.716093
vt 0.646490 0.936649
vt 0.034247 0.867814
vt 0.005214 0.867814
vt 0.005214 0.869335
vt 0.034247 0.869335
vt 0.820139 0.937671
vt 0.829289 0.937671
vt 0.894496 0.653186
vt 0.865462 0.653186
vt 0.865462 0.654707
vt 0.894496 0.654707
vt 0.657239 0.714494
vt 0.648089 0.714494
vt 0.208545 0.720012
vt 0.208545 0.748960
vt 0.217223 0.748960
vt 0.217223 0.720012
vt 0.999268 0.680817
vt 0.990589 0.680817
vt 0.990589 0.709764
vt 0.999268 0.709764
s 1
usemtl PDC_tex
f 393/841/306 405/842/306 406/843/306 395/844/306
f 394/845/307 403/846/307 404/847/307 393/848/307
f 395/844/308 396/849/308 397/850/308 394/851/308
f 396/849/309 409/852/309 410/853/309 398/854/309
f 398/855/310 399/856/310 400/857/310 397/858/310
f 399/859/311 412/860/311 413/861/311 401/862/311
f 401/862/312 402/863/312 403/864/312 400/865/312
f 402/863/313 415/866/313 416/867/313 404/868/313
f 405/869/314 416/870/314 414/871/314 407/872/314
f 407/873/315 408/874/315 409/852/315 406/843/315
f 408/875/316 411/876/316 412/877/316 410/878/316
f 411/879/317 414/880/317 415/866/317 413/861/317
f 407/881/318 414/882/318 411/883/318 408/884/318
f 394/885/319 397/886/319 400/887/319 403/888/319
f 395/844/320 406/843/320 409/852/320 396/849/320
f 398/855/321 410/878/321 412/877/321 399/856/321
f 401/862/322 413/861/322 415/866/322 402/863/322
f 404/847/323 416/870/323 405/869/323 393/848/323
f 393/841/324 395/844/324 394/851/324
f 396/849/325 398/854/325 397/850/325
f 399/859/326 401/862/326 400/865/326
f 402/863/327 404/868/327 403/864/327
f 405/842/328 407/873/328 406/843/328
f 408/874/329 410/853/329 409/852/329
f 411/879/330 413/861/330 412/860/330
f 414/880/331 416/867/331 415/866/331
o polySurface31
v -0.009883 0.008173 0.020987
v -0.007766 0.008173 0.020987
v -0.007766 0.016618 0.020987
v -0.009883 0.016618 0.020987
v -0.007766 0.008173 0.021187
v -0.009883 0.008173 0.021187
v -0.009883 0.016618 0.021187
v -0.007766 0.016618 0.021187
vn -0.0000 -0.0000 1.0000
vn -0.0000 -0.0000 -1.0000
vn -0.0000 -1.0000 -0.0000
vn -1.0000 -0.0000 -0.0000
vn -0.0000 1.0000 -0.0000
vn 1.0000 -0.0000 -0.0000
vt 0.719481 0.814254
vt 0.719481 0.867201
vt 0.732757 0.867201
vt 0.732757 0.814254
vt 0.271109 0.868297
vt 0.284385 0.868297
vt 0.284385 0.815350
vt 0.271109 0.815350
vt 0.990589 0.793949
vt 0.991843 0.793949
vt 0.991843 0.780672
vt 0.990589 0.780672
vt 0.929280 0.653186
vt 0.928026 0.653186
vt 0.928026 0.706132
vt 0.929280 0.706132
vt 0.997057 0.780672
vt 0.995803 0.780672
vt 0.995803 0.793949
vt 0.997057 0.793949
vt 0.995803 0.170089
vt 0.997057 0.170089
vt 0.997057 0.117142
vt 0.995803 0.117142
s 1
usemtl PDC_tex
f 421/889/332 424/890/332 423/891/332 422/892/332
f 418/893/333 417/894/333 420/895/333 419/896/333
f 418/897/334 421/898/334 422/899/334 417/900/334
f 417/901/335 422/902/335 423/903/335 420/904/335
f 420/905/336 423/906/336 424/907/336 419/908/336
f 419/909/337 424/910/337 421/911/337 418/912/337
o polySurface32
v -0.025969 0.000848 -0.007161
v -0.026211 0.000607 -0.007161
v -0.026211 0.000848 -0.006919
v -0.028416 0.000848 -0.006919
v -0.028416 0.000607 -0.007161
v -0.028658 0.000848 -0.007161
v -0.028658 0.000848 -0.011779
v -0.028416 0.000607 -0.011779
v -0.028416 0.000848 -0.012021
v -0.026211 0.000848 -0.012021
v -0.026211 0.000607 -0.011779
v -0.025969 0.000848 -0.011779
v -0.025969 0.017209 -0.007161
v -0.026211 0.017209 -0.006919
v -0.026211 0.017451 -0.007161
v -0.028416 0.017451 -0.007161
v -0.028416 0.017209 -0.006919
v -0.028658 0.017209 -0.007161
v -0.028416 0.017451 -0.011779
v -0.028658 0.017209 -0.011779
v -0.028416 0.017209 -0.012021
v -0.026211 0.017451 -0.011779
v -0.026211 0.017209 -0.012021
v -0.025969 0.017209 -0.011779
vn 0.7071 -0.0000 0.7071
vn 0.7071 -0.7071 -0.0000
vn -0.0000 -0.7071 0.7071
vn -0.7071 -0.0000 0.7071
vn -0.7071 -0.7071 -0.0000
vn -0.7071 -0.0000 -0.7071
vn -0.0000 -0.7071 -0.7071
vn 0.7071 -0.0000 -0.7071
vn 0.7071 0.7071 -0.0000
vn -0.0000 0.7071 0.7071
vn -0.7071 0.7071 -0.0000
vn -0.0000 0.7071 -0.7071
vn -0.0000 1.0000 -0.0000
vn -0.0000 -1.0000 -0.0000
vn -0.0000 -0.0000 1.0000
vn -1.0000 -0.0000 -0.0000
vn -0.0000 -0.0000 -1.0000
vn 1.0000 -0.0000 -0.0000
vn 0.5774 -0.5773 0.5774
vn -0.5774 -0.5773 0.5774
vn -0.5774 -0.5774 -0.5773
vn 0.5774 -0.5774 -0.5773
vn 0.5774 0.5773 0.5773
vn -0.5773 0.5774 0.5774
vn -0.5773 0.5774 -0.5773
vn 0.5774 0.5773 -0.5773
vt 0.067712 0.658047
vt 0.067712 0.763150
vt 0.069266 0.763150
vt 0.069266 0.658047
vt 0.067712 0.656493
vt 0.038050 0.656493
vt 0.038050 0.658047
vt 0.552645 0.881203
vt 0.566734 0.881203
vt 0.566734 0.879657
vt 0.552645 0.879657
vt 0.151195 0.658047
vt 0.151195 0.763149
vt 0.152749 0.763149
vt 0.152749 0.658047
vt 0.182412 0.658047
vt 0.182412 0.656493
vt 0.152749 0.656493
vt 0.182412 0.763149
vt 0.183966 0.763149
vt 0.183966 0.658047
vt 0.566734 0.848600
vt 0.552645 0.848600
vt 0.552645 0.850146
vt 0.566734 0.850146
vt 0.036495 0.658047
vt 0.036495 0.763150
vt 0.038050 0.763150
vt 0.038050 0.764704
vt 0.067712 0.764704
vt 0.615208 0.850146
vt 0.629297 0.850146
vt 0.629297 0.848600
vt 0.615208 0.848600
vt 0.152749 0.764704
vt 0.182412 0.764704
vt 0.629297 0.879657
vt 0.615208 0.879657
vt 0.615208 0.881203
vt 0.629297 0.881203
vt 0.130341 0.764704
vt 0.130341 0.867273
vt 0.144161 0.867273
vt 0.144161 0.764704
vt 0.269288 0.867274
vt 0.269288 0.764704
vt 0.255468 0.764704
vt 0.255468 0.867274
s 1
usemtl PDC_tex
f 425/913/338 437/914/338 438/915/338 427/916/338
f 426/917/339 435/918/339 436/919/339 425/913/339
f 427/920/340 428/921/340 429/922/340 426/923/340
f 428/924/341 441/925/341 442/926/341 430/927/341
f 430/927/342 431/928/342 432/929/342 429/930/342
f 431/928/343 444/931/343 445/932/343 433/933/343
f 433/934/344 434/935/344 435/936/344 432/937/344
f 434/938/345 447/939/345 448/940/345 436/919/345
f 437/914/346 448/940/346 446/941/346 439/942/346
f 439/943/347 440/944/347 441/945/347 438/946/347
f 440/947/348 443/948/348 444/931/348 442/926/348
f 443/949/349 446/950/349 447/951/349 445/952/349
f 439/943/350 446/950/350 443/949/350 440/944/350
f 426/923/351 429/922/351 432/937/351 435/936/351
f 427/953/352 438/954/352 441/955/352 428/956/352
f 430/927/353 442/926/353 444/931/353 431/928/353
f 433/957/354 445/958/354 447/959/354 434/960/354
f 436/919/355 448/940/355 437/914/355 425/913/355
f 425/913/356 427/916/356 426/917/356
f 428/924/357 430/927/357 429/930/357
f 431/928/358 433/933/358 432/929/358
f 434/938/359 436/919/359 435/918/359
f 437/914/360 439/942/360 438/915/360
f 440/947/361 442/926/361 441/925/361
f 443/948/362 445/932/362 444/931/362
f 446/941/363 448/940/363 447/939/363
o polySurface33
v -0.007690 0.019401 0.012660
v -0.009988 0.019401 0.012660
v -0.007690 0.017316 0.021023
v -0.009988 0.017316 0.021023
v -0.007690 0.017316 0.022010
v -0.009988 0.017316 0.022010
v -0.007690 0.017963 0.022372
v -0.009988 0.017963 0.022372
v -0.008334 0.019401 0.012660
v -0.009345 0.019401 0.012660
v -0.009345 0.017316 0.021023
v -0.008334 0.017316 0.021023
v -0.009345 0.017316 0.022010
v -0.008334 0.017316 0.022010
v -0.009345 0.018413 0.022672
v -0.008334 0.018413 0.022672
v -0.009345 0.019601 0.012660
v -0.008334 0.019601 0.012660
v -0.008334 0.017516 0.021223
v -0.009345 0.017516 0.021223
v -0.008334 0.017516 0.021810
v -0.009345 0.017516 0.021810
v -0.008334 0.018467 0.022479
v -0.009345 0.018467 0.022479
v -0.009988 0.019601 0.012660
v -0.009988 0.017516 0.021223
v -0.009988 0.017516 0.021810
v -0.009988 0.018017 0.022180
v -0.007690 0.019601 0.012660
v -0.007690 0.017516 0.021223
v -0.007690 0.017516 0.021810
v -0.007690 0.018017 0.022180
v -0.009345 0.019026 0.021023
v -0.009345 0.019401 0.020647
v -0.008334 0.019401 0.020647
v -0.008334 0.019026 0.021023
v -0.009988 0.019026 0.021023
v -0.009988 0.019401 0.020647
v -0.007690 0.019401 0.020647
v -0.007690 0.019026 0.021023
v -0.008334 0.019226 0.021223
v -0.008334 0.019601 0.020847
v -0.009345 0.019601 0.020847
v -0.009345 0.019226 0.021223
v -0.009988 0.019601 0.020847
v -0.009988 0.019226 0.021223
v -0.007690 0.019601 0.020847
v -0.007690 0.019226 0.021223
vn -0.0000 1.0000 -0.0000
vn -0.0047 0.5777 -0.8162
vn -0.0030 0.5769 -0.8168
vn 0.0030 0.5770 -0.8168
vn 0.0046 0.5777 -0.8163
vn -0.0140 0.5819 -0.8131
vn -0.0139 0.5819 -0.8131
vn 0.0141 0.5819 -0.8131
vn 0.0140 0.5819 -0.8131
vn -0.0000 -1.0000 -0.0000
vn -0.0079 -0.5132 0.8582
vn 0.0079 -0.5132 0.8582
vn 0.0052 -0.5144 0.8575
vn -0.0052 -0.5144 0.8575
vn -0.0240 -0.5062 0.8621
vn 0.0240 -0.5062 0.8621
vn -0.0000 -0.0000 -1.0000
vn -0.0000 0.9630 0.2694
vn -1.0000 -0.0000 -0.0000
vn -0.6241 0.7524 0.2108
vn 1.0000 -0.0000 -0.0000
vn 0.6239 0.7524 0.2111
vn -0.0000 -0.7072 -0.7070
vn -0.0000 0.7072 0.7070
vn -0.0000 -0.0000 1.0000
vt 0.391119 0.822289
vt 0.386855 0.822289
vt 0.386855 0.829631
vt 0.391119 0.829631
vt 0.381993 0.822289
vt 0.381993 0.829631
vt 0.391119 0.817617
vt 0.386855 0.817617
vt 0.384169 0.817617
vt 0.386855 0.834304
vt 0.391119 0.834304
vt 0.384169 0.834304
vt 0.417090 0.771970
vt 0.417090 0.779343
vt 0.424289 0.779343
vt 0.424289 0.771970
vt 0.429117 0.779343
vt 0.429117 0.771970
vt 0.417090 0.767278
vt 0.424289 0.767278
vt 0.426933 0.767278
vt 0.417090 0.784035
vt 0.424289 0.784035
vt 0.426933 0.784035
vt 0.944921 0.784617
vt 0.943667 0.784617
vt 0.943667 0.790955
vt 0.944921 0.790955
vt 0.380595 0.829631
vt 0.380595 0.822289
vt 0.944921 0.780582
vt 0.943667 0.780582
vt 0.312818 0.819916
vt 0.314087 0.818647
vt 0.314087 0.814921
vt 0.312818 0.813652
vt 0.319779 0.824117
vt 0.320121 0.822895
vt 0.317268 0.820994
vt 0.316926 0.822216
vt 0.943667 0.794989
vt 0.944921 0.794989
vt 0.312818 0.666946
vt 0.314087 0.665677
vt 0.314087 0.661951
vt 0.312818 0.660682
vt 0.317268 0.659604
vt 0.316926 0.658382
vt 0.320122 0.657703
vt 0.319779 0.656481
vt 0.391064 0.817617
vt 0.395135 0.817617
vt 0.395135 0.815242
vt 0.391064 0.815242
vt 0.384666 0.815242
vt 0.384666 0.817617
vt 0.380595 0.815242
vt 0.380595 0.817617
vt 0.323667 0.813652
vt 0.324937 0.814921
vt 0.327318 0.812539
vt 0.326049 0.811270
vt 0.326049 0.669328
vt 0.327318 0.668059
vt 0.324937 0.665677
vt 0.323668 0.666946
vt 0.337743 0.764704
vt 0.333672 0.764704
vt 0.333672 0.767078
vt 0.337743 0.767078
vt 0.344139 0.767078
vt 0.344139 0.764704
vt 0.348209 0.767078
vt 0.348209 0.764704
vt 0.344139 0.818870
vt 0.337743 0.818870
vt 0.422596 0.826720
vt 0.411877 0.826720
vt 0.411877 0.833059
vt 0.422596 0.833059
vt 0.348209 0.818870
vt 0.422596 0.822686
vt 0.411877 0.822686
vt 0.333672 0.818870
vt 0.411877 0.837093
vt 0.422596 0.837093
vt 0.391064 0.764704
vt 0.384666 0.764704
vt 0.349313 0.822905
vt 0.349313 0.829243
vt 0.360033 0.829243
vt 0.360033 0.822905
vt 0.395135 0.764704
vt 0.349313 0.818870
vt 0.360033 0.818870
vt 0.380595 0.764704
vt 0.349313 0.833277
vt 0.360033 0.833277
vt 0.327318 0.760588
vt 0.326049 0.760588
vt 0.326049 0.720012
vt 0.327318 0.720012
s 1
usemtl PDC_tex
f 468/961/364 470/962/364 469/963/364 467/964/364
f 470/962/365 472/965/366 471/966/367 469/963/368
f 474/967/364 475/968/364 470/962/364 468/961/364
f 475/968/369 476/969/370 472/965/366 470/962/365
f 469/963/364 479/970/364 478/971/364 467/964/364
f 471/966/367 480/972/371 479/970/372 469/963/368
f 459/973/373 460/974/373 462/975/373 461/976/373
f 461/976/374 462/975/375 464/977/376 463/978/377
f 452/979/373 459/973/373 461/976/373 454/980/373
f 454/980/378 461/976/374 463/978/377 456/981/378
f 462/975/373 460/974/373 451/982/373 453/983/373
f 464/977/376 462/975/375 453/983/379 455/984/379
f 458/985/380 465/986/380 466/987/380 457/988/380
f 464/989/381 471/966/381 472/965/381 463/990/381
f 450/991/380 473/992/380 465/986/380 458/985/380
f 454/993/382 475/994/382 474/995/382 452/996/382
f 463/997/383 472/998/383 476/999/383 456/1000/383
f 456/1000/382 476/999/382 475/994/382 454/993/382
f 457/988/380 466/987/380 477/1001/380 449/1002/380
f 451/1003/384 478/1004/384 479/1005/384 453/1006/384
f 453/1006/384 479/1005/384 480/1007/384 455/1008/384
f 455/1008/385 480/1007/385 471/1009/385 464/1010/385
f 481/1011/386 485/1012/386 486/1013/386 482/1014/386
f 482/1014/386 483/1015/386 484/1016/386 481/1011/386
f 483/1015/386 487/1017/386 488/1018/386 484/1016/386
f 485/1019/382 494/1020/382 493/1021/382 486/1022/382
f 487/1023/384 495/1024/384 496/1025/384 488/1026/384
f 489/1027/387 496/1028/387 495/1029/387 490/1030/387
f 490/1030/387 491/1031/387 492/1032/387 489/1027/387
f 491/1031/387 493/1033/387 494/1034/387 492/1032/387
f 465/1035/364 491/1031/364 490/1030/364 466/1036/364
f 492/1037/388 468/1038/388 467/1039/388 489/1040/388
f 465/1035/364 473/1041/364 493/1033/364 491/1031/364
f 494/1042/388 474/1043/388 468/1038/388 492/1037/388
f 495/1029/364 477/1044/364 466/1036/364 490/1030/364
f 467/1039/388 478/1045/388 496/1046/388 489/1040/388
f 458/1047/373 457/1048/373 483/1015/373 482/1014/373
f 481/1049/380 484/1050/380 460/1051/380 459/1052/380
f 458/1047/373 482/1014/373 486/1013/373 450/1053/373
f 485/1054/380 481/1049/380 459/1052/380 452/1055/380
f 487/1017/373 483/1015/373 457/1048/373 449/1056/373
f 460/1051/380 484/1050/380 488/1057/380 451/1058/380
f 486/1022/382 493/1021/382 473/1059/382 450/1060/382
f 452/996/382 474/995/382 494/1020/382 485/1019/382
f 449/1061/384 477/1062/384 495/1024/384 487/1023/384
f 488/1026/384 496/1025/384 478/1004/384 451/1003/384
o polySurface34
v -0.025969 0.000848 0.018428
v -0.026211 0.000607 0.018428
v -0.026211 0.000848 0.018670
v -0.028416 0.000848 0.018670
v -0.028416 0.000607 0.018428
v -0.028658 0.000848 0.018428
v -0.028658 0.000848 0.013811
v -0.028416 0.000607 0.013811
v -0.028416 0.000848 0.013569
v -0.026211 0.000848 0.013569
v -0.026211 0.000607 0.013811
v -0.025969 0.000848 0.013811
v -0.025969 0.017209 0.018428
v -0.026211 0.017209 0.018670
v -0.026211 0.017451 0.018428
v -0.028416 0.017451 0.018428
v -0.028416 0.017209 0.018670
v -0.028658 0.017209 0.018428
v -0.028416 0.017451 0.013811
v -0.028658 0.017209 0.013811
v -0.028416 0.017209 0.013569
v -0.026211 0.017451 0.013811
v -0.026211 0.017209 0.013569
v -0.025969 0.017209 0.013811
vn 0.7071 -0.0000 0.7071
vn 0.7071 -0.7071 -0.0000
vn -0.0000 -0.7071 0.7071
vn -0.7071 -0.0000 0.7071
vn -0.7071 -0.7071 -0.0000
vn -0.7071 -0.0000 -0.7071
vn -0.0000 -0.7071 -0.7071
vn 0.7071 -0.0000 -0.7071
vn 0.7071 0.7071 -0.0000
vn -0.0000 0.7071 0.7071
vn -0.7071 0.7071 -0.0000
vn -0.0000 0.7071 -0.7071
vn -0.0000 1.0000 -0.0000
vn -0.0000 -1.0000 -0.0000
vn -0.0000 -0.0000 1.0000
vn -1.0000 -0.0000 -0.0000
vn -0.0000 -0.0000 -1.0000
vn 1.0000 -0.0000 -0.0000
vn 0.5774 -0.5773 0.5774
vn -0.5774 -0.5773 0.5774
vn -0.5774 -0.5773 -0.5774
vn 0.5774 -0.5773 -0.5774
vn 0.5774 0.5774 0.5774
vn -0.5773 0.5774 0.5774
vn -0.5773 0.5774 -0.5774
vn 0.5774 0.5774 -0.5774
vt 0.255403 0.658047
vt 0.255403 0.763150
vt 0.256957 0.763150
vt 0.256957 0.658047
vt 0.255403 0.656493
vt 0.225740 0.656493
vt 0.225740 0.658047
vt 0.568286 0.881203
vt 0.582375 0.881203
vt 0.582375 0.879657
vt 0.568286 0.879657
vt 0.370168 0.658047
vt 0.370168 0.763150
vt 0.371722 0.763150
vt 0.371722 0.658047
vt 0.401384 0.658047
vt 0.401384 0.656493
vt 0.371722 0.656493
vt 0.401384 0.763150
vt 0.402938 0.763150
vt 0.402938 0.658047
vt 0.582375 0.848600
vt 0.568286 0.848600
vt 0.568286 0.850146
vt 0.582375 0.850146
vt 0.224186 0.658047
vt 0.224186 0.763150
vt 0.225740 0.763150
vt 0.225740 0.764704
vt 0.255403 0.764704
vt 0.437945 0.865677
vt 0.452034 0.865677
vt 0.452034 0.864130
vt 0.437945 0.864130
vt 0.371722 0.764704
vt 0.401384 0.764704
vt 0.452034 0.895188
vt 0.437945 0.895188
vt 0.437945 0.896734
vt 0.452034 0.896734
vt 0.036495 0.764704
vt 0.036495 0.867273
vt 0.050316 0.867273
vt 0.050316 0.764704
vt 0.097238 0.867273
vt 0.097238 0.764704
vt 0.083418 0.764704
vt 0.083418 0.867273
s 1
usemtl PDC_tex
f 497/1063/389 509/1064/389 510/1065/389 499/1066/389
f 498/1067/390 507/1068/390 508/1069/390 497/1063/390
f 499/1070/391 500/1071/391 501/1072/391 498/1073/391
f 500/1074/392 513/1075/392 514/1076/392 502/1077/392
f 502/1077/393 503/1078/393 504/1079/393 501/1080/393
f 503/1078/394 516/1081/394 517/1082/394 505/1083/394
f 505/1084/395 506/1085/395 507/1086/395 504/1087/395
f 506/1088/396 519/1089/396 520/1090/396 508/1069/396
f 509/1064/397 520/1090/397 518/1091/397 511/1092/397
f 511/1093/398 512/1094/398 513/1095/398 510/1096/398
f 512/1097/399 515/1098/399 516/1081/399 514/1076/399
f 515/1099/400 518/1100/400 519/1101/400 517/1102/400
f 511/1093/401 518/1100/401 515/1099/401 512/1094/401
f 498/1073/402 501/1072/402 504/1087/402 507/1086/402
f 499/1103/403 510/1104/403 513/1105/403 500/1106/403
f 502/1077/404 514/1076/404 516/1081/404 503/1078/404
f 505/1107/405 517/1108/405 519/1109/405 506/1110/405
f 508/1069/406 520/1090/406 509/1064/406 497/1063/406
f 497/1063/407 499/1066/407 498/1067/407
f 500/1074/408 502/1077/408 501/1080/408
f 503/1078/409 505/1083/409 504/1079/409
f 506/1088/410 508/1069/410 507/1068/410
f 509/1064/411 511/1092/411 510/1065/411
f 512/1097/412 514/1076/412 513/1075/412
f 515/1098/413 517/1082/413 516/1081/413
f 518/1091/414 520/1090/414 519/1089/414
o polySurface4
v -0.026047 0.002138 0.018534
v -0.026047 0.002291 0.018687
v -0.026200 0.002291 0.018534
v 0.026200 0.002291 0.018534
v 0.026047 0.002291 0.018687
v 0.026047 0.002138 0.018534
v -0.026200 0.017303 0.018534
v -0.026047 0.017303 0.018687
v -0.026047 0.017456 0.018534
v 0.026047 0.017456 0.018534
v 0.026047 0.017303 0.018687
v 0.026200 0.017303 0.018534
v -0.026200 0.017303 -0.011926
v -0.026047 0.017456 -0.011926
v -0.026047 0.017303 -0.012079
v 0.026047 0.017303 -0.012079
v 0.026047 0.017456 -0.011926
v 0.026200 0.017303 -0.011926
v -0.026200 0.002291 -0.011926
v -0.026047 0.002291 -0.012079
v -0.026047 0.002138 -0.011926
v 0.026047 0.002138 -0.011926
v 0.026047 0.002291 -0.012079
v 0.026200 0.002291 -0.011926
vn -0.7071 -0.7071 -0.0000
vn -0.0000 -0.7071 0.7071
vn -0.7071 -0.0000 0.7071
vn 0.7071 -0.7071 -0.0000
vn 0.7071 -0.0000 0.7071
vn -0.7071 0.7071 -0.0000
vn -0.0000 0.7071 0.7071
vn 0.7071 0.7071 -0.0000
vn -0.7071 -0.0000 -0.7071
vn -0.0000 0.7071 -0.7071
vn 0.7071 -0.0000 -0.7071
vn -0.0000 -0.7071 -0.7071
vn -0.0000 -0.0000 1.0000
vn -0.0000 1.0000 -0.0000
vn -0.0000 -0.0000 -1.0000
vn -0.0000 -1.0000 -0.0000
vn 1.0000 -0.0000 -0.0000
vn -1.0000 -0.0000 -0.0000
vn -0.5773 -0.5774 0.5773
vn 0.5773 -0.5774 0.5773
vn -0.5774 0.5774 0.5773
vn 0.5774 0.5774 0.5773
vn -0.5774 0.5774 -0.5773
vn 0.5774 0.5774 -0.5773
vn -0.5773 -0.5774 -0.5773
vn 0.5773 -0.5774 -0.5773
vt 0.537004 0.655497
vt 0.537970 0.655497
vt 0.537970 0.847634
vt 0.537004 0.847634
vt 0.641654 0.654531
vt 0.640692 0.654531
vt 0.640692 0.327266
vt 0.641654 0.327266
vt 0.537970 0.654531
vt 0.632659 0.654531
vt 0.632659 0.655497
vt 0.438911 0.847634
vt 0.437945 0.847634
vt 0.437945 0.655497
vt 0.438911 0.655497
vt 0.438911 0.848600
vt 0.533600 0.847634
vt 0.533600 0.848600
vt 0.633625 0.655497
vt 0.633625 0.847634
vt 0.632659 0.847634
vt 0.449334 0.327266
vt 0.448372 0.327266
vt 0.448372 0.000000
vt 0.449334 0.000000
vt 0.534566 0.847634
vt 0.533600 0.655497
vt 0.534566 0.655497
vt 0.632659 0.848600
vt 0.537970 0.848600
vt 0.640692 0.000000
vt 0.641654 0.000000
vt 0.533600 0.654531
vt 0.438911 0.654531
vt 0.449334 0.654531
vt 0.448372 0.654531
vt 0.834181 0.326593
vt 0.834181 0.000000
vt 0.928292 0.000000
vt 0.928292 0.326593
vt 0.834181 0.653186
vt 0.928292 0.653186
s 1
usemtl PDC_tex
f 521/1111/415 523/1112/415 539/1113/415 541/1114/415
f 522/1115/416 521/1116/416 526/1117/416 525/1118/416
f 523/1112/417 522/1119/417 528/1120/417 527/1121/417
f 524/1122/418 526/1123/418 542/1124/418 544/1125/418
f 525/1126/419 524/1122/419 532/1127/419 531/1128/419
f 527/1121/420 529/1129/420 534/1130/420 533/1131/420
f 529/1132/421 528/1133/421 531/1134/421 530/1135/421
f 530/1136/422 532/1127/422 538/1137/422 537/1138/422
f 533/1131/423 535/1139/423 540/1140/423 539/1113/423
f 535/1118/424 534/1117/424 537/1141/424 536/1142/424
f 536/1143/425 538/1137/425 544/1125/425 543/1144/425
f 541/1145/426 540/1146/426 543/1133/426 542/1132/426
f 522/1147/427 525/1148/427 531/1149/427 528/1150/427
f 529/1132/428 530/1135/428 537/1141/428 534/1117/428
f 535/1151/429 536/1147/429 543/1150/429 540/1152/429
f 541/1145/430 542/1132/430 526/1117/430 521/1116/430
f 524/1122/431 544/1125/431 538/1137/431 532/1127/431
f 539/1113/432 523/1112/432 527/1121/432 533/1131/432
f 521/1111/433 522/1119/433 523/1112/433
f 524/1122/434 525/1126/434 526/1123/434
f 527/1121/435 528/1120/435 529/1129/435
f 530/1136/436 531/1128/436 532/1127/436
f 533/1131/437 534/1130/437 535/1139/437
f 536/1143/438 537/1138/438 538/1137/438
f 539/1113/439 540/1140/439 541/1114/439
f 542/1124/440 543/1144/440 544/1125/440
o polySurface6
v 0.025969 0.000848 0.018428
v 0.026211 0.000607 0.018428
v 0.026211 0.000848 0.018670
v 0.028416 0.000848 0.018670
v 0.028416 0.000607 0.018428
v 0.028658 0.000848 0.018428
v 0.028658 0.000848 0.013811
v 0.028416 0.000607 0.013811
v 0.028416 0.000848 0.013569
v 0.026211 0.000848 0.013569
v 0.026211 0.000607 0.013811
v 0.025969 0.000848 0.013811
v 0.025969 0.017209 0.018428
v 0.026211 0.017209 0.018670
v 0.026211 0.017451 0.018428
v 0.028416 0.017451 0.018428
v 0.028416 0.017209 0.018670
v 0.028658 0.017209 0.018428
v 0.028416 0.017451 0.013811
v 0.028658 0.017209 0.013811
v 0.028416 0.017209 0.013569
v 0.026211 0.017451 0.013811
v 0.026211 0.017209 0.013569
v 0.025969 0.017209 0.013811
vn -0.7071 -0.0000 0.7071
vn -0.7071 -0.7071 -0.0000
vn -0.0000 -0.7071 0.7071
vn 0.7071 -0.0000 0.7071
vn 0.7071 -0.7071 -0.0000
vn 0.7071 -0.0000 -0.7071
vn -0.0000 -0.7071 -0.7071
vn -0.7071 -0.0000 -0.7071
vn -0.7071 0.7071 -0.0000
vn -0.0000 0.7071 0.7071
vn 0.7071 0.7071 -0.0000
vn -0.0000 0.7071 -0.7071
vn -0.0000 1.0000 -0.0000
vn -0.0000 -1.0000 -0.0000
vn -0.0000 -0.0000 1.0000
vn 1.0000 -0.0000 -0.0000
vn -0.0000 -0.0000 -1.0000
vn -1.0000 -0.0000 -0.0000
vn -0.5774 -0.5773 0.5774
vn 0.5774 -0.5773 0.5774
vn 0.5774 -0.5773 -0.5774
vn -0.5774 -0.5773 -0.5774
vn -0.5774 0.5774 0.5774
vn 0.5773 0.5774 0.5774
vn 0.5773 0.5774 -0.5774
vn -0.5774 0.5774 -0.5774
vt 0.291898 0.658047
vt 0.293452 0.658047
vt 0.293452 0.763150
vt 0.291898 0.763150
vt 0.291898 0.656493
vt 0.262236 0.658047
vt 0.262236 0.656493
vt 0.583926 0.881203
vt 0.583926 0.879657
vt 0.598016 0.879657
vt 0.598016 0.881203
vt 0.333672 0.658047
vt 0.335226 0.658047
vt 0.335226 0.763150
vt 0.333672 0.763150
vt 0.335226 0.656493
vt 0.364889 0.656493
vt 0.364889 0.658047
vt 0.366443 0.658047
vt 0.366443 0.763150
vt 0.364889 0.763150
vt 0.598016 0.848600
vt 0.598016 0.850146
vt 0.583926 0.850146
vt 0.583926 0.848600
vt 0.260681 0.658047
vt 0.262236 0.763150
vt 0.260681 0.763150
vt 0.291898 0.764704
vt 0.262236 0.764704
vt 0.453586 0.865677
vt 0.453586 0.864131
vt 0.467675 0.864131
vt 0.467675 0.865677
vt 0.335226 0.764704
vt 0.364889 0.764704
vt 0.467675 0.895188
vt 0.467675 0.896734
vt 0.453586 0.896734
vt 0.453586 0.895188
vt 0.052136 0.764704
vt 0.065957 0.764704
vt 0.065957 0.867273
vt 0.052136 0.867273
vt 0.238006 0.867274
vt 0.224186 0.867274
vt 0.224186 0.764704
vt 0.238006 0.764704
s 1
usemtl PDC_tex
f 545/1153/441 547/1154/441 558/1155/441 557/1156/441
f 546/1157/442 545/1153/442 556/1158/442 555/1159/442
f 547/1160/443 546/1161/443 549/1162/443 548/1163/443
f 548/1164/444 550/1165/444 562/1166/444 561/1167/444
f 550/1165/445 549/1168/445 552/1169/445 551/1170/445
f 551/1170/446 553/1171/446 565/1172/446 564/1173/446
f 553/1174/447 552/1175/447 555/1176/447 554/1177/447
f 554/1178/448 556/1158/448 568/1179/448 567/1180/448
f 557/1156/449 559/1181/449 566/1182/449 568/1179/449
f 559/1183/450 558/1184/450 561/1185/450 560/1186/450
f 560/1187/451 562/1166/451 564/1173/451 563/1188/451
f 563/1189/452 565/1190/452 567/1191/452 566/1192/452
f 559/1183/453 560/1186/453 563/1189/453 566/1192/453
f 546/1161/454 555/1176/454 552/1175/454 549/1162/454
f 547/1193/455 548/1194/455 561/1195/455 558/1196/455
f 550/1165/456 551/1170/456 564/1173/456 562/1166/456
f 553/1197/457 554/1198/457 567/1199/457 565/1200/457
f 556/1158/458 545/1153/458 557/1156/458 568/1179/458
f 545/1153/459 546/1157/459 547/1154/459
f 548/1164/460 549/1168/460 550/1165/460
f 551/1170/461 552/1169/461 553/1171/461
f 554/1178/462 555/1159/462 556/1158/462
f 557/1156/463 558/1155/463 559/1181/463
f 560/1187/464 561/1167/464 562/1166/464
f 563/1188/465 564/1173/465 565/1172/465
f 566/1182/466 567/1180/466 568/1179/466
o polySurface8
v -0.026200 0.000653 0.020771
v -0.026000 0.000454 0.020771
v -0.026000 0.000653 0.020970
v 0.026000 0.000653 0.020970
v 0.026000 0.000454 0.020771
v 0.026200 0.000653 0.020771
v 0.026200 0.000653 -0.014014
v 0.026000 0.000454 -0.014014
v 0.026000 0.000653 -0.014213
v -0.026000 0.000653 -0.014213
v -0.026000 0.000454 -0.014014
v -0.026200 0.000653 -0.014014
v -0.026200 0.002154 0.020771
v -0.026000 0.002154 0.020970
v -0.026000 0.002354 0.020771
v 0.026000 0.002354 0.020771
v 0.026000 0.002154 0.020970
v 0.026200 0.002154 0.020771
v 0.026000 0.002354 -0.014014
v 0.026200 0.002154 -0.014014
v 0.026000 0.002154 -0.014213
v -0.026000 0.002354 -0.014014
v -0.026000 0.002154 -0.014213
v -0.026200 0.002154 -0.014014
v -0.026200 0.000653 0.003000
v -0.026200 0.000653 0.003608
v -0.026000 0.000454 0.003608
v -0.026000 0.000454 0.003000
v 0.026000 0.000454 0.003608
v 0.026000 0.000454 0.003000
v 0.026200 0.000653 0.003608
v 0.026200 0.000653 0.003000
v 0.026200 0.002154 0.003608
v 0.026200 0.002154 0.003000
v 0.026000 0.002354 0.003608
v 0.026000 0.002354 0.003000
v -0.026000 0.002354 0.003608
v -0.026000 0.002354 0.003000
v -0.026200 0.002154 0.003608
v -0.026200 0.002154 0.003000
v -0.026100 0.000694 0.003200
v -0.026100 0.000694 0.003408
v -0.026100 0.002113 0.003408
v -0.026100 0.002113 0.003200
v -0.025959 0.000554 0.003200
v -0.025959 0.000554 0.003408
v 0.025959 0.000554 0.003200
v 0.025959 0.000554 0.003408
v 0.026100 0.000694 0.003200
v 0.026100 0.000694 0.003408
v 0.026100 0.002113 0.003200
v 0.026100 0.002113 0.003408
v 0.025959 0.002254 0.003200
v 0.025959 0.002254 0.003408
v -0.025959 0.002254 0.003200
v -0.025959 0.002254 0.003408
vn -0.7071 -0.0000 0.7071
vn -0.0000 -0.7071 0.7071
vn 0.7071 -0.0000 0.7071
vn 0.7071 -0.0000 -0.7071
vn -0.0000 -0.7071 -0.7071
vn -0.7071 -0.0000 -0.7071
vn -0.0000 0.7071 0.7071
vn -0.0000 0.7071 -0.7071
vn -0.0000 -0.0000 1.0000
vn -0.0000 -0.0000 -1.0000
vn -0.5773 -0.5774 0.5773
vn 0.5773 -0.5774 0.5773
vn 0.5773 -0.5774 -0.5773
vn -0.5773 -0.5774 -0.5773
vn -0.5773 0.5774 0.5773
vn 0.5773 0.5774 0.5773
vn 0.5773 0.5774 -0.5773
vn -0.5773 0.5774 -0.5773
vn -0.9671 -0.0000 0.2542
vn -0.9671 -0.0000 -0.2542
vn -0.6804 -0.6804 -0.2721
vn -0.6804 -0.6804 0.2721
vn -0.0000 -0.9680 -0.2511
vn -0.0000 -0.9680 0.2511
vn 0.6804 -0.6804 -0.2721
vn 0.6804 -0.6804 0.2721
vn 0.9671 -0.0000 -0.2542
vn 0.9671 -0.0000 0.2542
vn 0.6804 0.6804 -0.2721
vn 0.6804 0.6804 0.2721
vn -0.0000 0.9680 -0.2511
vn -0.0000 0.9680 0.2511
vn -0.6804 0.6804 -0.2721
vn -0.6804 0.6804 0.2721
vn -0.7071 -0.7071 -0.0000
vn -0.7071 -0.7071 -0.0045
vn -0.7052 -0.7090 -0.0044
vn 0.7071 -0.7071 -0.0000
vn 0.7071 -0.7071 -0.0044
vn 0.7052 -0.7090 -0.0044
vn -0.7071 0.7071 -0.0000
vn -0.7071 0.7071 -0.0045
vn 0.7071 0.7071 -0.0000
vn 0.7071 0.7071 -0.0045
vn -0.0000 1.0000 -0.0000
vn -0.0000 1.0000 -0.0051
vn -0.0000 -1.0000 -0.0000
vn -0.0000 -1.0000 -0.0051
vn 1.0000 -0.0000 -0.0000
vn 1.0000 -0.0000 -0.0050
vn -1.0000 -0.0000 -0.0050
vn -1.0000 -0.0000 -0.0000
vn -0.7071 -0.7071 0.0044
vn -0.7052 -0.7090 0.0044
vn -0.0000 -1.0000 0.0052
vn 0.7071 -0.7071 0.0045
vn 0.7052 -0.7090 0.0044
vn 1.0000 -0.0000 0.0050
vn 0.7071 0.7071 0.0045
vn -0.0000 1.0000 0.0052
vn -0.7071 0.7071 0.0045
vn -1.0000 -0.0000 0.0050
vt 0.788565 0.715224
vt 0.788565 0.713918
vt 0.798398 0.713918
vt 0.798398 0.715224
vt 0.445430 0.653985
vt 0.444176 0.653985
vt 0.444176 0.326991
vt 0.445430 0.326991
vt 0.772924 0.944408
vt 0.772924 0.943101
vt 0.782757 0.943101
vt 0.782757 0.944408
vt 0.772924 0.715224
vt 0.772924 0.713918
vt 0.782757 0.713918
vt 0.782757 0.715224
vt 0.224186 0.326991
vt 0.225440 0.326991
vt 0.225440 0.653985
vt 0.224186 0.653985
vt 0.788565 0.944407
vt 0.788565 0.943100
vt 0.798398 0.943100
vt 0.798398 0.944407
vt 0.001254 0.653985
vt 0.000000 0.653985
vt 0.000000 0.326991
vt 0.001254 0.326991
vt 0.219990 0.326991
vt 0.221244 0.326991
vt 0.221244 0.653985
vt 0.219990 0.653985
vt 0.636063 0.980542
vt 0.636063 0.654531
vt 0.645473 0.654531
vt 0.645473 0.980542
vt 0.989573 0.651867
vt 0.989573 0.977880
vt 0.980162 0.977880
vt 0.980162 0.651867
vt 0.787258 0.715224
vt 0.771617 0.943101
vt 0.771617 0.715224
vt 0.787258 0.943100
vt 0.799705 0.715224
vt 0.784064 0.943101
vt 0.784064 0.715224
vt 0.799705 0.943100
vt 0.788836 0.830330
vt 0.788836 0.828972
vt 0.798127 0.828972
vt 0.798127 0.830330
vt 0.787913 0.830330
vt 0.787913 0.828972
vt 0.334991 0.653725
vt 0.333687 0.653725
vt 0.333687 0.327251
vt 0.334991 0.327251
vt 0.772272 0.829353
vt 0.772272 0.827995
vt 0.773195 0.827995
vt 0.773195 0.829353
vt 0.782486 0.827995
vt 0.782486 0.829353
vt 0.783409 0.827995
vt 0.783409 0.829353
vt 0.110440 0.327251
vt 0.111743 0.327251
vt 0.111743 0.653725
vt 0.110440 0.653725
vt 0.799050 0.828972
vt 0.799050 0.830330
vt 0.788565 0.827662
vt 0.787258 0.827662
vt 0.771617 0.830663
vt 0.772924 0.830663
vt 0.799705 0.827662
vt 0.798398 0.827662
vt 0.782757 0.830663
vt 0.784064 0.830663
vt 0.109182 0.326991
vt 0.109182 0.653985
vt 0.336248 0.653985
vt 0.336248 0.326991
vt 0.787258 0.831640
vt 0.788565 0.831640
vt 0.332430 0.326991
vt 0.332430 0.653985
vt 0.772924 0.826684
vt 0.771617 0.826684
vt 0.782757 0.826684
vt 0.784064 0.826684
vt 0.113001 0.653985
vt 0.113001 0.326991
vt 0.798398 0.831640
vt 0.799705 0.831640
s 1
usemtl PDC_tex
f 569/1201/467 571/1202/467 582/1203/467 581/1204/467
f 571/1205/468 570/1206/468 573/1207/468 572/1208/468
f 572/1209/469 574/1210/469 586/1211/469 585/1212/469
f 575/1213/470 577/1214/470 589/1215/470 588/1216/470
f 577/1217/471 576/1218/471 579/1219/471 578/1220/471
f 578/1221/472 580/1222/472 592/1223/472 591/1224/472
f 583/1225/473 582/1226/473 585/1227/473 584/1228/473
f 587/1229/474 589/1230/474 591/1231/474 590/1232/474
f 571/1233/475 572/1234/475 585/1235/475 582/1236/475
f 577/1237/476 578/1238/476 591/1239/476 589/1240/476
f 569/1201/477 570/1241/477 571/1202/477
f 572/1209/478 573/1242/478 574/1210/478
f 575/1213/479 576/1243/479 577/1214/479
f 578/1221/480 579/1244/480 580/1222/480
f 581/1204/481 582/1203/481 583/1245/481
f 584/1246/482 585/1212/482 586/1211/482
f 587/1247/483 588/1216/483 589/1215/483
f 590/1248/484 591/1224/484 592/1223/484
f 609/1249/485 610/1250/486 611/1251/486 612/1252/485
f 610/1250/487 609/1249/488 613/1253/488 614/1254/487
f 614/1255/489 613/1256/490 615/1257/490 616/1258/489
f 616/1259/491 615/1260/492 617/1261/492 618/1262/491
f 618/1262/493 617/1261/494 619/1263/494 620/1264/493
f 620/1264/495 619/1263/496 621/1265/496 622/1266/495
f 622/1267/497 621/1268/498 623/1269/498 624/1270/497
f 624/1271/499 623/1272/500 612/1252/500 611/1251/499
f 570/1241/501 569/1201/501 594/1273/502 595/1274/503
f 574/1210/504 573/1242/504 597/1275/505 599/1276/506
f 581/1204/507 583/1245/507 605/1277/508 607/1278/508
f 584/1246/509 586/1211/509 601/1279/510 603/1280/510
f 583/1225/511 584/1228/511 603/1281/512 605/1282/512
f 570/1206/513 595/1283/514 597/1284/514 573/1207/513
f 574/1210/515 599/1276/516 601/1279/516 586/1211/515
f 607/1278/517 594/1273/517 569/1201/518 581/1204/518
f 596/1285/519 593/1286/520 580/1222/501 579/1244/501
f 598/1287/521 596/1288/521 579/1219/513 576/1218/513
f 600/1289/522 598/1290/523 576/1243/504 575/1213/504
f 602/1291/524 600/1289/524 575/1213/515 588/1216/515
f 604/1292/525 602/1291/525 588/1216/509 587/1247/509
f 606/1293/526 604/1294/526 587/1229/511 590/1232/511
f 608/1295/527 606/1296/527 590/1248/507 592/1223/507
f 580/1222/518 593/1286/528 608/1295/528 592/1223/518
f 594/1273/517 607/1278/517 611/1251/486 610/1250/486
f 608/1295/528 593/1286/528 609/1249/485 612/1252/485
f 593/1286/520 596/1285/519 613/1253/488 609/1249/488
f 595/1274/503 594/1273/502 610/1250/487 614/1254/487
f 596/1288/521 598/1287/521 615/1257/490 613/1256/490
f 597/1284/514 595/1283/514 614/1255/489 616/1258/489
f 598/1290/523 600/1289/522 617/1261/492 615/1260/492
f 599/1276/506 597/1275/505 616/1259/491 618/1262/491
f 600/1289/524 602/1291/524 619/1263/494 617/1261/494
f 601/1279/516 599/1276/516 618/1262/493 620/1264/493
f 602/1291/525 604/1292/525 621/1265/496 619/1263/496
f 603/1280/510 601/1279/510 620/1264/495 622/1266/495
f 604/1294/526 606/1293/526 623/1269/498 621/1268/498
f 605/1282/512 603/1281/512 622/1267/497 624/1270/497
f 606/1296/527 608/1295/527 612/1252/500 623/1272/500
f 607/1278/508 605/1277/508 624/1271/499 611/1251/499
o pPlane1
v 0.006903 0.013396 0.021668
v 0.006753 0.013591 0.021668
v 0.007081 0.014020 0.021668
v 0.007231 0.013825 0.021668
v 0.010758 0.013591 0.021668
v 0.010609 0.013396 0.021668
v 0.010280 0.013825 0.021668
v 0.010430 0.014020 0.021668
v 0.010609 0.018016 0.021668
v 0.010758 0.017833 0.021668
v 0.010430 0.017432 0.021668
v 0.010280 0.017615 0.021668
v 0.006753 0.017833 0.021668
v 0.006903 0.018016 0.021668
v 0.007231 0.017615 0.021668
v 0.007081 0.017432 0.021668
v 0.007231 0.013825 0.021268
v 0.006903 0.013396 0.021268
v 0.010609 0.013396 0.021268
v 0.010280 0.013825 0.021268
v 0.010430 0.014020 0.021268
v 0.010758 0.013591 0.021268
v 0.010758 0.017833 0.021268
v 0.010430 0.017432 0.021268
v 0.010280 0.017615 0.021268
v 0.010609 0.018016 0.021268
v 0.006903 0.018016 0.021268
v 0.007231 0.017615 0.021268
v 0.007081 0.017432 0.021268
v 0.006753 0.017833 0.021268
v 0.006753 0.013591 0.021268
v 0.007081 0.014020 0.021268
vn -0.0000 -0.0000 -1.0000
vn -0.0000 -0.0000 1.0000
vn -0.0000 -1.0000 -0.0000
vn -0.0000 1.0000 -0.0000
vn 1.0000 -0.0000 -0.0000
vn -1.0000 -0.0000 -0.0000
vn -0.7934 -0.6087 -0.0000
vn 0.7933 0.6088 -0.0000
vn 0.7934 -0.6087 -0.0000
vn -0.7933 0.6088 -0.0000
vn 0.7733 0.6341 -0.0000
vn -0.7731 -0.6343 -0.0000
vn -0.7731 0.6343 -0.0000
vn 0.7731 -0.6343 -0.0000
vt 0.680770 0.798844
vt 0.699885 0.798844
vt 0.701945 0.801529
vt 0.678710 0.801529
vt 0.700824 0.797620
vt 0.700824 0.776226
vt 0.702884 0.773714
vt 0.702884 0.800306
vt 0.699885 0.775081
vt 0.680770 0.775081
vt 0.678710 0.772569
vt 0.701945 0.772569
vt 0.679832 0.776226
vt 0.679832 0.797620
vt 0.677772 0.800306
vt 0.677772 0.773714
vt 0.414875 0.796411
vt 0.412815 0.793726
vt 0.436050 0.793726
vt 0.433990 0.796411
vt 0.434929 0.797635
vt 0.436989 0.794950
vt 0.436989 0.821541
vt 0.434929 0.819029
vt 0.433990 0.820174
vt 0.436050 0.822686
vt 0.412815 0.822686
vt 0.414875 0.820174
vt 0.413937 0.819029
vt 0.411877 0.821541
vt 0.411877 0.794950
vt 0.413937 0.797635
vt 0.930534 0.729367
vt 0.928026 0.729367
vt 0.928026 0.706132
vt 0.930534 0.706132
vt 0.208545 0.748960
vt 0.211053 0.748960
vt 0.211053 0.768075
vt 0.208545 0.768075
vt 0.995803 0.001237
vt 0.998339 0.001237
vt 0.998339 0.028128
vt 0.995803 0.028128
vt 0.211087 0.689873
vt 0.208545 0.689873
vt 0.208545 0.668187
vt 0.211087 0.668187
vt 0.208545 0.691034
vt 0.211053 0.691034
vt 0.211053 0.714268
vt 0.208545 0.714268
vt 0.294471 0.783713
vt 0.291963 0.783713
vt 0.291963 0.764598
vt 0.294471 0.764598
vt 0.998339 0.086699
vt 0.995803 0.086699
vt 0.995803 0.059808
vt 0.998339 0.059808
vt 0.995803 0.277223
vt 0.998345 0.277223
vt 0.998345 0.298910
vt 0.995803 0.298910
vt 0.995803 0.058571
vt 0.998339 0.058571
vt 0.995803 0.275983
vt 0.998345 0.275983
vt 0.995803 0.000000
vt 0.998339 0.000000
vt 0.208545 0.666946
vt 0.211087 0.666946
vt 0.998339 0.029285
vt 0.995803 0.029285
vt 0.211087 0.691034
vt 0.998339 0.087856
vt 0.995803 0.087856
vt 0.998345 0.300070
vt 0.995803 0.300070
s 1
usemtl PDC_tex
f 641/1297/529 644/1298/529 643/1299/529 642/1300/529
f 645/1301/529 648/1302/529 647/1303/529 646/1304/529
f 649/1305/529 652/1306/529 651/1307/529 650/1308/529
f 653/1309/529 656/1310/529 655/1311/529 654/1312/529
f 655/1311/529 656/1310/529 641/1297/529 642/1300/529
f 643/1299/529 644/1298/529 645/1301/529 646/1304/529
f 647/1303/529 648/1302/529 649/1305/529 650/1308/529
f 651/1307/529 652/1306/529 653/1309/529 654/1312/529
f 628/1313/530 625/1314/530 630/1315/530 631/1316/530
f 632/1317/530 629/1318/530 634/1319/530 635/1320/530
f 636/1321/530 633/1322/530 638/1323/530 639/1324/530
f 640/1325/530 637/1326/530 626/1327/530 627/1328/530
f 626/1327/530 625/1314/530 628/1313/530 627/1328/530
f 630/1315/530 629/1318/530 632/1317/530 631/1316/530
f 634/1319/530 633/1322/530 636/1321/530 635/1320/530
f 638/1323/530 637/1326/530 640/1325/530 639/1324/530
f 625/1329/531 642/1330/531 643/1331/531 630/1332/531
f 631/1333/532 644/1334/532 641/1335/532 628/1336/532
f 629/1337/533 646/1338/533 647/1339/533 634/1340/533
f 635/1341/534 648/1342/534 645/1343/534 632/1344/534
f 633/1345/532 650/1346/532 651/1347/532 638/1348/532
f 639/1349/531 652/1350/531 649/1351/531 636/1352/531
f 637/1353/534 654/1354/534 655/1355/534 626/1356/534
f 627/1357/533 656/1358/533 653/1359/533 640/1360/533
f 626/1356/535 655/1355/535 642/1361/535 625/1362/535
f 628/1363/536 641/1364/536 656/1358/536 627/1357/536
f 630/1365/537 643/1366/537 646/1338/537 629/1337/537
f 632/1344/538 645/1343/538 644/1367/538 631/1368/538
f 634/1340/539 647/1339/539 650/1369/539 633/1370/539
f 636/1371/540 649/1345/540 648/1342/540 635/1341/540
f 638/1372/541 651/1373/541 654/1354/541 637/1353/541
f 640/1360/542 653/1359/542 652/1374/542 639/1375/542
o pPlane4
v 0.027245 0.015848 0.014465
v 0.027245 0.015848 -0.007971
v 0.027245 0.016399 0.014465
v 0.027245 0.016399 -0.007971
v 0.027245 0.015468 -0.006333
v 0.027245 0.015468 0.012827
v 0.027245 0.016019 0.012457
v 0.027245 0.016019 -0.005963
v 0.027770 0.015848 0.014465
v 0.027770 0.015468 0.012827
v 0.027770 0.016019 0.012457
v 0.027770 0.016399 0.014465
v 0.027770 0.016019 -0.005963
v 0.027770 0.015468 -0.006333
v 0.027770 0.015848 -0.007971
v 0.027770 0.016399 -0.007971
v 0.027245 0.010133 0.008443
v 0.027245 0.009672 0.006804
v 0.027245 0.010223 0.006639
v 0.027245 0.010686 0.008209
v 0.027245 0.009672 -0.000310
v 0.027245 0.010133 -0.001949
v 0.027245 0.010686 -0.001715
v 0.027245 0.010223 -0.000145
v 0.027770 0.010133 0.008443
v 0.027770 0.009672 0.006804
v 0.027770 0.010686 0.008209
v 0.027770 0.010223 0.006639
v 0.027770 0.010686 -0.001715
v 0.027770 0.010223 -0.000145
v 0.027770 0.010133 -0.001949
v 0.027770 0.009672 -0.000310
v 0.027770 0.012807 0.010553
v 0.027770 0.013359 0.010223
v 0.027245 0.013359 0.010223
v 0.027245 0.012807 0.010553
v 0.027770 0.012807 -0.004059
v 0.027770 0.013359 -0.003729
v 0.027245 0.013359 -0.003729
v 0.027245 0.012807 -0.004059
v 0.027157 0.010409 -0.001832
v 0.027507 0.010315 -0.000117
v 0.027770 0.010265 -0.001349
v 0.027507 0.010778 -0.001676
v 0.027857 0.009948 0.006721
v 0.027857 0.010409 0.008326
v 0.027857 0.009948 -0.000227
v 0.027857 0.010409 -0.001832
v 0.027770 0.014327 0.011743
v 0.027857 0.013083 0.010388
v 0.027770 0.014879 0.011359
v 0.027770 0.011287 -0.002869
v 0.027857 0.013083 -0.003894
v 0.027770 0.011840 -0.002594
v 0.027770 0.009659 0.003247
v 0.027770 0.010210 0.003247
v 0.027245 0.014879 0.011359
v 0.027157 0.013083 0.010388
v 0.027245 0.014327 0.011743
v 0.027245 0.011840 -0.002594
v 0.027157 0.013083 -0.003894
v 0.027245 0.011287 -0.002869
v 0.027245 0.010210 0.003247
v 0.027245 0.009659 0.003247
v 0.027507 0.012715 0.010608
v 0.027507 0.013451 0.010168
v 0.027507 0.012715 -0.004114
v 0.027507 0.013451 -0.003674
v 0.027770 0.011287 0.009363
v 0.027770 0.011840 0.009088
v 0.027245 0.011840 0.009088
v 0.027245 0.011287 0.009363
v 0.027770 0.014327 -0.005249
v 0.027770 0.014879 -0.004865
v 0.027245 0.014879 -0.004865
v 0.027245 0.014327 -0.005249
v 0.027770 0.015848 0.013699
v 0.027857 0.015743 0.012642
v 0.027770 0.016399 0.013480
v 0.027857 0.016123 0.014465
v 0.027857 0.015743 -0.006148
v 0.027770 0.015848 -0.007205
v 0.027857 0.016123 -0.007971
v 0.027770 0.016399 -0.006986
v 0.027157 0.016123 0.014465
v 0.027245 0.016399 0.013480
v 0.027157 0.015743 0.012642
v 0.027245 0.015848 0.013699
v 0.027245 0.016399 -0.006986
v 0.027157 0.016123 -0.007971
v 0.027245 0.015848 -0.007205
v 0.027157 0.015743 -0.006148
v 0.027507 0.015376 0.012889
v 0.027507 0.015756 0.014465
v 0.027507 0.016491 0.014465
v 0.027507 0.016111 0.012395
v 0.027507 0.015756 -0.007971
v 0.027507 0.015376 -0.006394
v 0.027507 0.016111 -0.005901
v 0.027507 0.016491 -0.007971
v 0.027245 0.009713 0.008063
v 0.027507 0.009580 0.006831
v 0.027770 0.009713 0.008063
v 0.027507 0.010041 0.008483
v 0.027157 0.010409 0.008326
v 0.027245 0.010265 0.007843
v 0.027157 0.009948 0.006721
v 0.027507 0.010778 0.008170
v 0.027770 0.010265 0.007843
v 0.027507 0.010315 0.006611
v 0.027245 0.009713 -0.001569
v 0.027507 0.010041 -0.001988
v 0.027770 0.009713 -0.001569
v 0.027507 0.009580 -0.000337
v 0.027157 0.009948 -0.000227
v 0.027245 0.010265 -0.001349
v 0.027857 0.016123 0.013589
v 0.027857 0.016123 -0.007095
v 0.027157 0.016123 0.013589
v 0.027157 0.016123 -0.007095
v 0.027507 0.015756 0.013736
v 0.027507 0.016491 0.013443
v 0.027507 0.015756 -0.007241
v 0.027507 0.016491 -0.006949
v 0.027507 0.009620 0.008100
v 0.027157 0.009989 0.007953
v 0.027507 0.010357 0.007806
v 0.027507 0.009620 -0.001606
v 0.027157 0.009989 -0.001459
v 0.027507 0.010357 -0.001312
v 0.027857 0.009989 0.007953
v 0.027857 0.009989 -0.001459
v 0.027857 0.014603 0.011551
v 0.027857 0.011563 -0.002732
v 0.027857 0.009934 0.003247
v 0.027157 0.014603 0.011551
v 0.027157 0.011563 -0.002732
v 0.027157 0.009934 0.003247
v 0.027507 0.014235 0.011807
v 0.027507 0.014971 0.011295
v 0.027507 0.011195 -0.002915
v 0.027507 0.011932 -0.002548
v 0.027507 0.009567 0.003247
v 0.027507 0.010302 0.003247
v 0.027857 0.011563 0.009226
v 0.027507 0.011932 0.009042
v 0.027157 0.011563 0.009226
v 0.027507 0.011195 0.009409
v 0.027857 0.014603 -0.005057
v 0.027507 0.014971 -0.004801
v 0.027157 0.014603 -0.005057
v 0.027507 0.014235 -0.005313
vn 0.7398 -0.6728 -0.0000
vn 0.7870 -0.6010 0.1393
vn 0.9989 0.0461 -0.0001
vn 0.9998 0.0198 -0.0000
vn 0.8075 -0.4659 0.3617
vn 0.9993 0.0324 -0.0210
vn 0.7461 0.5414 -0.3875
vn 0.7186 0.6834 -0.1287
vn 0.7108 0.7034 -0.0000
vn 0.7461 0.5414 0.3875
vn 0.9993 0.0324 0.0210
vn 0.9989 0.0461 0.0001
vn 0.7186 0.6834 0.1287
vn 0.8075 -0.4659 -0.3617
vn 0.7870 -0.6010 -0.1393
vn -0.7398 -0.6728 -0.0000
vn -0.9998 0.0199 -0.0000
vn -0.9989 0.0461 -0.0001
vn -0.7870 -0.6011 0.1393
vn -0.7109 0.7033 -0.0000
vn -0.7186 0.6834 -0.1287
vn -0.7462 0.5414 -0.3875
vn -0.9993 0.0323 -0.0210
vn -0.8075 -0.4659 0.3617
vn -0.7462 0.5414 0.3875
vn -0.7186 0.6834 0.1287
vn -0.9989 0.0461 0.0001
vn -0.9993 0.0324 0.0210
vn -0.7869 -0.6011 -0.1393
vn -0.8075 -0.4659 -0.3617
vn -0.0000 -0.9748 0.2230
vn -0.0000 -1.0000 -0.0000
vn -0.0007 -0.7868 0.6173
vn -0.0000 0.9815 -0.1913
vn -0.0000 0.8141 -0.5807
vn -0.0000 1.0000 -0.0000
vn -0.0000 -0.9748 -0.2230
vn -0.0000 -0.7868 -0.6173
vn -0.0000 0.9815 0.1913
vn -0.0000 0.8141 0.5807
vn -0.6803 -0.4668 0.5650
vn -0.6868 -0.6997 0.1966
vn -0.0000 -0.9641 0.2656
vn -0.0000 -0.6402 0.7682
vn -0.7014 -0.7127 0.0079
vn -0.0000 -0.9999 0.0118
vn 0.7014 -0.7127 0.0079
vn 0.6868 -0.6997 0.1967
vn 0.6803 -0.4668 0.5650
vn -0.9975 -0.0675 0.0224
vn -0.9995 -0.0315 -0.0003
vn -0.9988 -0.0304 0.0387
vn -0.7501 0.4104 -0.5185
vn -0.7969 0.5796 -0.1705
vn -0.7474 0.6643 -0.0080
vn -0.0000 0.9576 -0.2882
vn -0.0000 0.9999 -0.0114
vn -0.0000 0.6168 -0.7871
vn 0.7501 0.4104 -0.5185
vn 0.7969 0.5796 -0.1705
vn 0.7474 0.6643 -0.0080
vn -0.7014 -0.7127 -0.0079
vn -0.6868 -0.6998 -0.1966
vn -0.0006 -0.9641 -0.2656
vn -0.0000 -0.9999 -0.0118
vn -0.6803 -0.4668 -0.5650
vn -0.0000 -0.6402 -0.7682
vn 0.6803 -0.4668 -0.5650
vn 0.6868 -0.6997 -0.1966
vn 0.7014 -0.7127 -0.0079
vn -0.9975 -0.0675 -0.0224
vn -0.9988 -0.0304 -0.0387
vn -0.9995 -0.0314 0.0003
vn -0.7474 0.6643 0.0080
vn -0.7969 0.5796 0.1705
vn -0.7501 0.4104 0.5185
vn -0.0006 0.9576 0.2882
vn -0.0000 0.6168 0.7871
vn -0.0000 0.9999 0.0114
vn 0.7474 0.6643 0.0080
vn 0.7969 0.5796 0.1705
vn 0.7501 0.4104 0.5185
vn 0.9975 -0.0675 0.0224
vn 0.9988 -0.0304 0.0387
vn 0.9995 -0.0314 -0.0003
vn 0.9975 -0.0675 -0.0224
vn 0.9988 -0.0304 -0.0387
vn 0.9995 -0.0315 0.0003
vn 0.7796 -0.4069 0.4760
vn 0.9999 0.0062 -0.0119
vn 0.7495 -0.4080 0.5214
vn 1.0000 -0.0021 -0.0000
vn 0.7530 0.3938 -0.5271
vn 0.7601 0.4175 -0.4979
vn 0.9999 -0.0094 -0.0100
vn 0.7410 0.4042 0.5362
vn 0.7192 -0.4304 -0.5454
vn 0.7495 -0.4080 -0.5214
vn 0.7530 0.3938 0.5271
vn 0.7211 -0.6929 -0.0000
vn 1.0000 -0.0045 -0.0000
vn 0.7276 0.6860 -0.0000
vn -0.9999 0.0061 -0.0118
vn -0.7796 -0.4069 0.4760
vn -0.7601 0.4175 -0.4979
vn -0.7530 0.3938 -0.5271
vn -1.0000 -0.0021 -0.0000
vn -0.7495 -0.4080 0.5214
vn -0.7410 0.4042 0.5362
vn -0.9999 -0.0094 -0.0100
vn -0.7530 0.3938 0.5271
vn -0.7495 -0.4080 -0.5214
vn -0.7193 -0.4305 -0.5453
vn -1.0000 -0.0045 -0.0000
vn -0.7211 -0.6929 -0.0000
vn -0.7276 0.6860 -0.0000
vn -0.0000 -0.6481 0.7616
vn -0.0000 -0.6177 0.7864
vn -0.0002 0.5970 -0.8022
vn -0.0000 0.6457 -0.7636
vn 0.0001 -0.6212 -0.7836
vn -0.0000 -0.6177 -0.7864
vn -0.0002 0.5970 0.8022
vn -0.0000 0.6000 0.8000
vn 0.9999 -0.0094 0.0101
vn 0.7410 0.4042 -0.5362
vn 0.7192 -0.4304 0.5455
vn -0.7410 0.4042 -0.5362
vn -0.0001 0.6001 -0.7999
vn -0.9999 -0.0094 0.0101
vn -0.7192 -0.4304 0.5454
vn -0.0000 -0.6212 0.7836
vn 0.9999 0.0061 0.0118
vn 0.7602 0.4175 0.4979
vn 0.7796 -0.4069 -0.4760
vn -0.7601 0.4175 0.4979
vn -0.0000 0.6457 0.7636
vn -0.9999 0.0061 0.0118
vn -0.7796 -0.4069 -0.4760
vn -0.0000 -0.6481 -0.7616
vt 0.198990 0.656884
vt 0.198991 0.661861
vt 0.197111 0.662126
vt 0.197144 0.656720
vt 0.199507 0.668352
vt 0.197420 0.668463
vt 0.195366 0.668569
vt 0.195262 0.662409
vt 0.195222 0.656555
vt 0.195372 0.820162
vt 0.197426 0.820268
vt 0.197118 0.826605
vt 0.195269 0.826322
vt 0.199513 0.820379
vt 0.198998 0.826870
vt 0.198998 0.831847
vt 0.197152 0.832011
vt 0.195229 0.832176
vt 0.187691 0.657087
vt 0.189523 0.656847
vt 0.189959 0.662268
vt 0.188087 0.662059
vt 0.191432 0.656618
vt 0.191813 0.662481
vt 0.191944 0.668671
vt 0.189878 0.668690
vt 0.187767 0.668710
vt 0.191950 0.820060
vt 0.191820 0.826251
vt 0.189966 0.826464
vt 0.189884 0.820041
vt 0.191440 0.832113
vt 0.189530 0.831884
vt 0.187698 0.831645
vt 0.188094 0.826673
vt 0.187773 0.820022
vt 0.202446 0.656962
vt 0.202544 0.661806
vt 0.200775 0.661770
vt 0.200725 0.656962
vt 0.203077 0.668115
vt 0.201283 0.668248
vt 0.193539 0.662527
vt 0.193656 0.668631
vt 0.193324 0.656492
vt 0.203083 0.820616
vt 0.202551 0.826924
vt 0.200782 0.826961
vt 0.201290 0.820483
vt 0.202454 0.831769
vt 0.200733 0.831769
vt 0.193546 0.826204
vt 0.193332 0.832239
vt 0.193662 0.820100
vt 0.203973 0.711671
vt 0.204336 0.714981
vt 0.202611 0.714992
vt 0.202237 0.712057
vt 0.203966 0.722265
vt 0.202215 0.722062
vt 0.200451 0.722134
vt 0.200902 0.714973
vt 0.200433 0.712041
vt 0.189790 0.722093
vt 0.189087 0.714874
vt 0.191023 0.714930
vt 0.191608 0.722484
vt 0.189843 0.712273
vt 0.191604 0.711700
vt 0.193337 0.710978
vt 0.193058 0.714893
vt 0.193404 0.722917
vt 0.195046 0.714854
vt 0.195116 0.723073
vt 0.195059 0.710693
vt 0.196799 0.710894
vt 0.197028 0.714869
vt 0.196828 0.722932
vt 0.203967 0.766465
vt 0.204338 0.773750
vt 0.202614 0.773739
vt 0.202216 0.766668
vt 0.203975 0.777060
vt 0.202239 0.776674
vt 0.200435 0.776689
vt 0.200904 0.773758
vt 0.200452 0.766597
vt 0.189845 0.776458
vt 0.189089 0.773858
vt 0.191025 0.773802
vt 0.191607 0.777032
vt 0.189791 0.766638
vt 0.191610 0.766247
vt 0.193406 0.765814
vt 0.193060 0.773838
vt 0.193340 0.777753
vt 0.195049 0.773877
vt 0.195061 0.778038
vt 0.195118 0.765658
vt 0.196830 0.765799
vt 0.197030 0.773861
vt 0.196801 0.777837
vt 0.199028 0.714922
vt 0.198592 0.711537
vt 0.198626 0.722514
vt 0.199030 0.773809
vt 0.198595 0.777193
vt 0.198628 0.766216
vt 0.199952 0.678704
vt 0.197838 0.678292
vt 0.200072 0.690972
vt 0.198099 0.690293
vt 0.196117 0.689612
vt 0.195713 0.677893
vt 0.198335 0.786388
vt 0.196514 0.787165
vt 0.200167 0.785644
vt 0.200076 0.797759
vt 0.198103 0.798438
vt 0.196122 0.799119
vt 0.200443 0.744365
vt 0.198633 0.744365
vt 0.196826 0.744366
vt 0.190026 0.678569
vt 0.187939 0.679135
vt 0.192122 0.678019
vt 0.192563 0.689738
vt 0.190637 0.690558
vt 0.188720 0.691379
vt 0.193074 0.787051
vt 0.191309 0.786155
vt 0.192567 0.798993
vt 0.190641 0.798173
vt 0.188724 0.797353
vt 0.189529 0.785290
vt 0.191540 0.744366
vt 0.189726 0.744366
vt 0.193349 0.744366
vt 0.203511 0.678548
vt 0.201734 0.678798
vt 0.203607 0.690888
vt 0.201840 0.691170
vt 0.194331 0.689427
vt 0.193913 0.677805
vt 0.203666 0.785798
vt 0.201918 0.785459
vt 0.203611 0.797843
vt 0.201844 0.797561
vt 0.194335 0.799304
vt 0.194785 0.787392
vt 0.203940 0.744365
vt 0.202189 0.744365
vt 0.195088 0.744366
vt 0.198332 0.702343
vt 0.196511 0.701566
vt 0.200163 0.703086
vt 0.193071 0.701680
vt 0.194781 0.701339
vt 0.191306 0.702576
vt 0.189526 0.703442
vt 0.201915 0.703271
vt 0.203663 0.702933
vt 0.197843 0.810439
vt 0.195719 0.810838
vt 0.199958 0.810026
vt 0.192127 0.810712
vt 0.193918 0.810926
vt 0.190031 0.810163
vt 0.187944 0.809597
vt 0.201739 0.809933
vt 0.203516 0.810182
s 1
usemtl PDC_tex
f 665/1376/543 733/1377/544 773/1378/545 736/1379/546
f 733/1377/544 666/1380/547 734/1381/548 773/1378/545
f 773/1378/545 734/1381/548 667/1382/549 735/1383/550
f 736/1379/546 773/1378/545 735/1383/550 668/1384/551
f 669/1385/552 737/1386/553 774/1387/554 740/1388/555
f 737/1386/553 670/1389/556 738/1390/557 774/1387/554
f 774/1387/554 738/1390/557 671/1391/543 739/1392/546
f 740/1388/555 774/1387/554 739/1392/546 672/1393/551
f 657/1394/558 741/1395/559 775/1396/560 744/1397/561
f 741/1395/559 659/1398/562 742/1399/563 775/1396/560
f 775/1396/560 742/1399/563 663/1400/564 743/1401/565
f 744/1397/561 775/1396/560 743/1401/565 662/1402/566
f 664/1403/567 745/1404/568 776/1405/569 748/1406/570
f 745/1404/568 660/1407/562 746/1408/559 776/1405/569
f 776/1405/569 746/1408/559 658/1409/558 747/1410/571
f 748/1406/570 776/1405/569 747/1410/571 661/1411/572
f 657/1412/558 744/1413/561 777/1414/573 750/1415/574
f 744/1413/561 662/1416/566 749/1417/575 777/1414/573
f 777/1414/573 749/1417/575 666/1380/547 733/1377/544
f 750/1415/574 777/1414/573 733/1377/544 665/1376/543
f 663/1400/564 742/1399/563 778/1418/576 752/1419/577
f 742/1399/563 659/1398/562 751/1420/578 778/1418/576
f 778/1418/576 751/1420/578 668/1384/551 735/1383/550
f 752/1419/577 778/1418/576 735/1383/550 667/1382/549
f 661/1421/572 747/1422/571 779/1423/579 754/1424/580
f 747/1422/571 658/1425/558 753/1426/574 779/1423/579
f 779/1423/579 753/1426/574 671/1391/543 738/1390/557
f 754/1424/580 779/1423/579 738/1390/557 670/1389/556
f 660/1407/562 745/1404/568 780/1427/581 756/1428/578
f 745/1404/568 664/1403/567 755/1429/582 780/1427/581
f 780/1427/581 755/1429/582 669/1385/552 740/1388/555
f 756/1428/578 780/1427/581 740/1388/555 672/1393/551
f 673/1430/583 757/1431/584 781/1432/585 760/1433/586
f 757/1431/584 674/1434/587 758/1435/588 781/1432/585
f 781/1432/585 758/1435/588 682/1436/589 759/1437/590
f 760/1433/586 781/1432/585 759/1437/590 681/1438/591
f 674/1439/587 757/1440/584 782/1441/592 763/1442/593
f 757/1440/584 673/1443/583 761/1444/594 782/1441/592
f 782/1441/592 761/1444/594 676/1445/595 762/1446/596
f 763/1442/593 782/1441/592 762/1446/596 675/1447/597
f 675/1447/597 762/1446/596 783/1448/598 766/1449/599
f 762/1446/596 676/1445/595 764/1450/600 783/1448/598
f 783/1448/598 764/1450/600 683/1451/601 765/1452/602
f 766/1449/599 783/1448/598 765/1452/602 684/1453/603
f 677/1454/604 767/1455/605 784/1456/606 770/1457/607
f 767/1455/605 678/1458/608 768/1459/609 784/1456/606
f 784/1456/606 768/1459/609 687/1460/610 769/1461/611
f 770/1457/607 784/1456/606 769/1461/611 688/1462/612
f 678/1463/608 767/1464/605 785/1465/613 697/1466/614
f 767/1464/605 677/1467/604 771/1468/615 785/1465/613
f 785/1465/613 771/1468/615 680/1469/616 772/1470/617
f 697/1466/614 785/1465/613 772/1470/617 679/1471/618
f 679/1471/618 772/1470/617 786/1472/619 700/1473/620
f 772/1470/617 680/1469/616 698/1474/621 786/1472/619
f 786/1472/619 698/1474/621 686/1475/622 699/1476/623
f 700/1473/620 786/1472/619 699/1476/623 685/1477/624
f 681/1438/591 759/1437/590 787/1478/625 702/1479/626
f 759/1437/590 682/1436/589 701/1480/627 787/1478/625
f 787/1478/625 701/1480/627 684/1453/603 765/1452/602
f 702/1479/626 787/1478/625 765/1452/602 683/1451/601
f 685/1477/624 699/1476/623 788/1481/628 704/1482/629
f 699/1476/623 686/1475/622 703/1483/630 788/1481/628
f 788/1481/628 703/1483/630 688/1462/612 769/1461/611
f 704/1482/629 788/1481/628 769/1461/611 687/1460/610
f 666/1380/547 705/1484/631 789/1485/632 734/1381/548
f 705/1484/631 689/1486/633 706/1487/634 789/1485/632
f 789/1485/632 706/1487/634 690/1488/635 707/1489/636
f 734/1381/548 789/1485/632 707/1489/636 667/1382/549
f 685/1477/624 704/1482/629 790/1490/637 710/1491/638
f 704/1482/629 687/1460/610 708/1492/639 790/1490/637
f 790/1490/637 708/1492/639 693/1493/640 709/1494/634
f 710/1491/638 790/1490/637 709/1494/634 694/1495/641
f 682/1436/589 711/1496/642 791/1497/643 701/1480/627
f 711/1496/642 688/1462/612 703/1483/630 791/1497/643
f 791/1497/643 703/1483/630 686/1475/622 712/1498/644
f 701/1480/627 791/1497/643 712/1498/644 684/1453/603
f 662/1402/566 743/1401/565 792/1499/645 715/1500/646
f 743/1401/565 663/1400/564 713/1501/647 792/1499/645
f 792/1499/645 713/1501/647 691/1502/648 714/1503/649
f 715/1500/646 792/1499/645 714/1503/649 692/1504/650
f 679/1471/618 716/1505/651 793/1506/652 697/1466/614
f 716/1505/651 695/1507/653 717/1508/649 793/1506/652
f 793/1506/652 717/1508/649 696/1509/654 718/1510/655
f 697/1466/614 793/1506/652 718/1510/655 678/1463/608
f 674/1439/587 763/1442/593 794/1511/656 720/1512/657
f 763/1442/593 675/1447/597 719/1513/658 794/1511/656
f 794/1511/656 719/1513/658 680/1469/616 771/1468/615
f 720/1512/657 794/1511/656 771/1468/615 677/1467/604
f 662/1416/566 715/1514/646 795/1515/659 749/1417/575
f 715/1514/646 692/1516/650 721/1517/660 795/1515/659
f 795/1515/659 721/1517/660 689/1486/633 705/1484/631
f 749/1417/575 795/1515/659 705/1484/631 666/1380/547
f 690/1488/635 722/1518/661 796/1519/662 707/1489/636
f 722/1518/661 691/1502/648 713/1501/647 796/1519/662
f 796/1519/662 713/1501/647 663/1400/564 752/1419/577
f 707/1489/636 796/1519/662 752/1419/577 667/1382/549
f 678/1458/608 718/1520/655 797/1521/663 768/1459/609
f 718/1520/655 696/1522/654 723/1523/664 797/1521/663
f 797/1521/663 723/1523/664 693/1493/640 708/1492/639
f 768/1459/609 797/1521/663 708/1492/639 687/1460/610
f 694/1495/641 724/1524/665 798/1525/666 710/1491/638
f 724/1524/665 695/1507/653 716/1505/651 798/1525/666
f 798/1525/666 716/1505/651 679/1471/618 700/1473/620
f 710/1491/638 798/1525/666 700/1473/620 685/1477/624
f 674/1434/587 720/1526/657 799/1527/574 758/1435/588
f 720/1526/657 677/1454/604 770/1457/607 799/1527/574
f 799/1527/574 770/1457/607 688/1462/612 711/1496/642
f 758/1435/588 799/1527/574 711/1496/642 682/1436/589
f 680/1469/616 719/1513/658 800/1528/578 698/1474/621
f 719/1513/658 675/1447/597 766/1449/599 800/1528/578
f 800/1528/578 766/1449/599 684/1453/603 712/1498/644
f 698/1474/621 800/1528/578 712/1498/644 686/1475/622
f 690/1488/635 706/1487/634 801/1529/667 726/1530/668
f 706/1487/634 689/1486/633 725/1531/669 801/1529/667
f 801/1529/667 725/1531/669 681/1438/591 702/1479/626
f 726/1530/668 801/1529/667 702/1479/626 683/1451/601
f 676/1445/595 727/1532/670 802/1533/671 764/1450/600
f 727/1532/670 691/1502/648 722/1518/661 802/1533/671
f 802/1533/671 722/1518/661 690/1488/635 726/1530/668
f 764/1450/600 802/1533/671 726/1530/668 683/1451/601
f 692/1504/650 714/1503/649 803/1534/672 728/1535/673
f 714/1503/649 691/1502/648 727/1532/670 803/1534/672
f 803/1534/672 727/1532/670 676/1445/595 761/1444/594
f 728/1535/673 803/1534/672 761/1444/594 673/1443/583
f 689/1486/633 721/1517/660 804/1536/674 725/1531/669
f 721/1517/660 692/1516/650 728/1537/673 804/1536/674
f 804/1536/674 728/1537/673 673/1430/583 760/1433/586
f 725/1531/669 804/1536/674 760/1433/586 681/1438/591
f 694/1495/641 709/1494/634 805/1538/675 730/1539/676
f 709/1494/634 693/1493/640 729/1540/677 805/1538/675
f 805/1538/675 729/1540/677 670/1389/556 737/1386/553
f 730/1539/676 805/1538/675 737/1386/553 669/1385/552
f 664/1403/567 731/1541/678 806/1542/679 755/1429/582
f 731/1541/678 695/1507/653 724/1524/665 806/1542/679
f 806/1542/679 724/1524/665 694/1495/641 730/1539/676
f 755/1429/582 806/1542/679 730/1539/676 669/1385/552
f 696/1509/654 717/1508/649 807/1543/680 732/1544/681
f 717/1508/649 695/1507/653 731/1541/678 807/1543/680
f 807/1543/680 731/1541/678 664/1403/567 748/1406/570
f 732/1544/681 807/1543/680 748/1406/570 661/1411/572
f 693/1493/640 723/1523/664 808/1545/682 729/1540/677
f 723/1523/664 696/1522/654 732/1546/681 808/1545/682
f 808/1545/682 732/1546/681 661/1421/572 754/1424/580
f 729/1540/677 808/1545/682 754/1424/580 670/1389/556
o pPlane5
v -0.027245 0.015848 0.014465
v -0.027245 0.015848 -0.007971
v -0.027245 0.016399 0.014465
v -0.027245 0.016399 -0.007971
v -0.027245 0.015468 -0.006333
v -0.027245 0.015468 0.012827
v -0.027245 0.016019 0.012457
v -0.027245 0.016019 -0.005963
v -0.027770 0.015848 0.014465
v -0.027770 0.015468 0.012827
v -0.027770 0.016019 0.012457
v -0.027770 0.016399 0.014465
v -0.027770 0.016019 -0.005963
v -0.027770 0.015468 -0.006333
v -0.027770 0.015848 -0.007971
v -0.027770 0.016399 -0.007971
v -0.027245 0.010133 0.008443
v -0.027245 0.009672 0.006804
v -0.027245 0.010223 0.006639
v -0.027245 0.010686 0.008209
v -0.027245 0.009672 -0.000310
v -0.027245 0.010133 -0.001949
v -0.027245 0.010686 -0.001715
v -0.027245 0.010223 -0.000145
v -0.027770 0.010133 0.008443
v -0.027770 0.009672 0.006804
v -0.027770 0.010686 0.008209
v -0.027770 0.010223 0.006639
v -0.027770 0.010686 -0.001715
v -0.027770 0.010223 -0.000145
v -0.027770 0.010133 -0.001949
v -0.027770 0.009672 -0.000310
v -0.027770 0.012807 0.010553
v -0.027770 0.013359 0.010223
v -0.027245 0.013359 0.010223
v -0.027245 0.012807 0.010553
v -0.027770 0.012807 -0.004059
v -0.027770 0.013359 -0.003729
v -0.027245 0.013359 -0.003729
v -0.027245 0.012807 -0.004059
v -0.027157 0.010409 -0.001832
v -0.027507 0.010315 -0.000117
v -0.027770 0.010265 -0.001349
v -0.027507 0.010778 -0.001676
v -0.027857 0.009948 0.006721
v -0.027857 0.010409 0.008326
v -0.027857 0.009948 -0.000227
v -0.027857 0.010409 -0.001832
v -0.027770 0.014327 0.011743
v -0.027857 0.013083 0.010388
v -0.027770 0.014879 0.011359
v -0.027770 0.011287 -0.002869
v -0.027857 0.013083 -0.003894
v -0.027770 0.011840 -0.002594
v -0.027770 0.009659 0.003247
v -0.027770 0.010210 0.003247
v -0.027245 0.014879 0.011359
v -0.027157 0.013083 0.010388
v -0.027245 0.014327 0.011743
v -0.027245 0.011840 -0.002594
v -0.027157 0.013083 -0.003894
v -0.027245 0.011287 -0.002869
v -0.027245 0.010210 0.003247
v -0.027245 0.009659 0.003247
v -0.027507 0.012715 0.010608
v -0.027507 0.013451 0.010168
v -0.027507 0.012715 -0.004114
v -0.027507 0.013451 -0.003674
v -0.027770 0.011287 0.009363
v -0.027770 0.011840 0.009088
v -0.027245 0.011840 0.009088
v -0.027245 0.011287 0.009363
v -0.027770 0.014327 -0.005249
v -0.027770 0.014879 -0.004865
v -0.027245 0.014879 -0.004865
v -0.027245 0.014327 -0.005249
v -0.027770 0.015848 0.013699
v -0.027857 0.015743 0.012642
v -0.027770 0.016399 0.013480
v -0.027857 0.016123 0.014465
v -0.027857 0.015743 -0.006148
v -0.027770 0.015848 -0.007205
v -0.027857 0.016123 -0.007971
v -0.027770 0.016399 -0.006986
v -0.027157 0.016123 0.014465
v -0.027245 0.016399 0.013480
v -0.027157 0.015743 0.012642
v -0.027245 0.015848 0.013699
v -0.027245 0.016399 -0.006986
v -0.027157 0.016123 -0.007971
v -0.027245 0.015848 -0.007205
v -0.027157 0.015743 -0.006148
v -0.027507 0.015376 0.012889
v -0.027507 0.015756 0.014465
v -0.027507 0.016491 0.014465
v -0.027507 0.016111 0.012395
v -0.027507 0.015756 -0.007971
v -0.027507 0.015376 -0.006394
v -0.027507 0.016111 -0.005901
v -0.027507 0.016491 -0.007971
v -0.027245 0.009713 0.008063
v -0.027507 0.009580 0.006831
v -0.027770 0.009713 0.008063
v -0.027507 0.010041 0.008483
v -0.027157 0.010409 0.008326
v -0.027245 0.010265 0.007843
v -0.027157 0.009948 0.006721
v -0.027507 0.010778 0.008170
v -0.027770 0.010265 0.007843
v -0.027507 0.010315 0.006611
v -0.027245 0.009713 -0.001569
v -0.027507 0.010041 -0.001988
v -0.027770 0.009713 -0.001569
v -0.027507 0.009580 -0.000337
v -0.027157 0.009948 -0.000227
v -0.027245 0.010265 -0.001349
v -0.027857 0.016123 0.013589
v -0.027857 0.016123 -0.007095
v -0.027157 0.016123 0.013589
v -0.027157 0.016123 -0.007095
v -0.027507 0.015756 0.013736
v -0.027507 0.016491 0.013443
v -0.027507 0.015756 -0.007241
v -0.027507 0.016491 -0.006949
v -0.027507 0.009620 0.008100
v -0.027157 0.009989 0.007953
v -0.027507 0.010357 0.007806
v -0.027507 0.009620 -0.001606
v -0.027157 0.009989 -0.001459
v -0.027507 0.010357 -0.001312
v -0.027857 0.009989 0.007953
v -0.027857 0.009989 -0.001459
v -0.027857 0.014603 0.011551
v -0.027857 0.011563 -0.002732
v -0.027857 0.009934 0.003247
v -0.027157 0.014603 0.011551
v -0.027157 0.011563 -0.002732
v -0.027157 0.009934 0.003247
v -0.027507 0.014235 0.011807
v -0.027507 0.014971 0.011295
v -0.027507 0.011195 -0.002915
v -0.027507 0.011932 -0.002548
v -0.027507 0.009567 0.003247
v -0.027507 0.010302 0.003247
v -0.027857 0.011563 0.009226
v -0.027507 0.011932 0.009042
v -0.027157 0.011563 0.009226
v -0.027507 0.011195 0.009409
v -0.027857 0.014603 -0.005057
v -0.027507 0.014971 -0.004801
v -0.027157 0.014603 -0.005057
v -0.027507 0.014235 -0.005313
vn -0.7398 -0.6728 -0.0000
vn -0.9998 0.0199 -0.0000
vn -0.9989 0.0461 -0.0001
vn -0.7870 -0.6010 0.1393
vn -0.9993 0.0323 -0.0210
vn -0.8075 -0.4659 0.3617
vn -0.7186 0.6834 -0.1287
vn -0.7462 0.5414 -0.3875
vn -0.7108 0.7034 -0.0000
vn -0.7462 0.5414 0.3875
vn -0.7186 0.6834 0.1287
vn -0.9989 0.0461 0.0001
vn -0.9993 0.0324 0.0210
vn -0.7870 -0.6010 -0.1393
vn -0.8075 -0.4659 -0.3617
vn -0.9998 0.0198 -0.0000
vn 0.7398 -0.6728 -0.0000
vn 0.7870 -0.6011 0.1393
vn 0.9989 0.0461 -0.0001
vn 0.9998 0.0199 -0.0000
vn 0.7186 0.6834 -0.1287
vn 0.7108 0.7034 -0.0000
vn 0.9993 0.0323 -0.0210
vn 0.7462 0.5414 -0.3875
vn 0.8075 -0.4659 0.3617
vn 0.7462 0.5414 0.3875
vn 0.9993 0.0323 0.0210
vn 0.9989 0.0461 0.0001
vn 0.7186 0.6834 0.1287
vn 0.7869 -0.6011 -0.1393
vn 0.8075 -0.4659 -0.3617
vn -0.0000 -1.0000 -0.0000
vn -0.0000 -0.9748 0.2230
vn -0.0000 -0.7868 0.6172
vn -0.0000 0.8141 -0.5807
vn -0.0000 0.9815 -0.1913
vn -0.0000 1.0000 -0.0000
vn 0.0007 -0.7867 -0.6173
vn -0.0000 -0.9748 -0.2230
vn -0.0000 0.9815 0.1913
vn -0.0000 0.8141 0.5807
vn 0.6803 -0.4668 0.5650
vn -0.0000 -0.6402 0.7682
vn -0.0000 -0.9641 0.2656
vn 0.6868 -0.6997 0.1966
vn -0.0000 -0.9999 0.0118
vn 0.7014 -0.7127 0.0079
vn -0.6868 -0.6997 0.1966
vn -0.7014 -0.7127 0.0079
vn -0.6803 -0.4668 0.5650
vn 0.9995 -0.0315 -0.0003
vn 0.9975 -0.0675 0.0224
vn 0.9988 -0.0304 0.0387
vn 0.7969 0.5796 -0.1705
vn 0.7501 0.4104 -0.5185
vn 0.7474 0.6643 -0.0080
vn -0.0000 0.9999 -0.0114
vn -0.0000 0.9576 -0.2882
vn -0.0000 0.6168 -0.7871
vn -0.7969 0.5796 -0.1705
vn -0.7501 0.4104 -0.5185
vn -0.7474 0.6643 -0.0080
vn 0.7014 -0.7127 -0.0079
vn -0.0000 -0.9999 -0.0118
vn -0.0000 -0.9641 -0.2656
vn 0.6868 -0.6997 -0.1966
vn -0.0000 -0.6402 -0.7682
vn 0.6803 -0.4668 -0.5650
vn -0.6868 -0.6997 -0.1966
vn -0.6803 -0.4668 -0.5650
vn -0.7014 -0.7127 -0.0079
vn 0.9988 -0.0304 -0.0387
vn 0.9975 -0.0675 -0.0224
vn 0.9995 -0.0314 0.0003
vn 0.7969 0.5796 0.1705
vn 0.7474 0.6643 0.0080
vn 0.7501 0.4104 0.5185
vn -0.0000 0.6168 0.7871
vn -0.0000 0.9576 0.2882
vn -0.0000 0.9999 0.0114
vn -0.7969 0.5796 0.1705
vn -0.7474 0.6643 0.0080
vn -0.7501 0.4104 0.5185
vn -0.9988 -0.0304 0.0387
vn -0.9975 -0.0675 0.0224
vn -0.9995 -0.0314 -0.0003
vn -0.9988 -0.0304 -0.0387
vn -0.9975 -0.0675 -0.0224
vn -0.9995 -0.0315 0.0003
vn -0.9999 0.0062 -0.0119
vn -0.7796 -0.4069 0.4760
vn -1.0000 -0.0021 -0.0000
vn -0.7495 -0.4080 0.5214
vn -0.7601 0.4175 -0.4979
vn -0.7530 0.3938 -0.5271
vn -0.7410 0.4042 0.5362
vn -0.9999 -0.0094 -0.0100
vn -0.7193 -0.4304 -0.5453
vn -0.7495 -0.4080 -0.5214
vn -0.7530 0.3938 0.5271
vn -1.0000 -0.0045 -0.0000
vn -0.7210 -0.6929 -0.0000
vn -0.7276 0.6860 -0.0000
vn 0.7796 -0.4069 0.4760
vn 0.9999 0.0061 -0.0118
vn 0.7601 0.4175 -0.4979
vn 1.0000 -0.0021 -0.0000
vn 0.7530 0.3938 -0.5271
vn 0.7495 -0.4080 0.5214
vn 0.9999 -0.0094 -0.0100
vn 0.7410 0.4042 0.5362
vn 0.7530 0.3938 0.5271
vn 0.7192 -0.4304 -0.5454
vn 0.7495 -0.4080 -0.5214
vn 0.7211 -0.6929 -0.0000
vn 1.0000 -0.0045 -0.0000
vn 0.7276 0.6860 -0.0000
vn -0.0000 -0.6481 0.7616
vn -0.0000 -0.6177 0.7864
vn -0.0000 0.6457 -0.7636
vn 0.0002 0.5970 -0.8022
vn -0.0000 -0.6212 -0.7836
vn -0.0000 -0.6177 -0.7864
vn -0.0000 0.5999 0.8001
vn 0.0002 0.5970 0.8022
vn -0.7410 0.4042 -0.5362
vn -0.9999 -0.0094 0.0101
vn -0.7193 -0.4304 0.5454
vn -0.0000 0.6000 -0.8000
vn 0.7410 0.4042 -0.5362
vn 0.7192 -0.4304 0.5454
vn 0.9999 -0.0094 0.0101
vn -0.0001 -0.6212 0.7837
vn -0.7601 0.4175 0.4979
vn -0.9999 0.0061 0.0118
vn -0.7796 -0.4069 -0.4760
vn -0.0000 0.6457 0.7636
vn 0.7601 0.4175 0.4979
vn 0.7796 -0.4069 -0.4760
vn 0.9999 0.0061 0.0118
vn -0.0000 -0.6481 -0.7616
vt 0.308476 0.656884
vt 0.306630 0.656720
vt 0.306597 0.662126
vt 0.308477 0.661861
vt 0.306906 0.668463
vt 0.308993 0.668352
vt 0.304748 0.662409
vt 0.304852 0.668569
vt 0.304708 0.656555
vt 0.304858 0.820162
vt 0.304755 0.826322
vt 0.306604 0.826605
vt 0.306912 0.820268
vt 0.308484 0.826870
vt 0.309000 0.820379
vt 0.306638 0.832011
vt 0.308484 0.831847
vt 0.304716 0.832176
vt 0.297177 0.657087
vt 0.297574 0.662059
vt 0.299446 0.662268
vt 0.299009 0.656847
vt 0.301299 0.662481
vt 0.300919 0.656618
vt 0.299364 0.668691
vt 0.301430 0.668671
vt 0.297253 0.668710
vt 0.301436 0.820060
vt 0.299371 0.820041
vt 0.299453 0.826464
vt 0.301306 0.826251
vt 0.299017 0.831884
vt 0.300926 0.832113
vt 0.297581 0.826673
vt 0.297184 0.831645
vt 0.297259 0.820022
vt 0.311933 0.656962
vt 0.310212 0.656962
vt 0.310261 0.661770
vt 0.312030 0.661806
vt 0.310769 0.668248
vt 0.312563 0.668115
vt 0.303142 0.668631
vt 0.303025 0.662527
vt 0.302810 0.656492
vt 0.312569 0.820616
vt 0.310776 0.820483
vt 0.310268 0.826961
vt 0.312037 0.826924
vt 0.310219 0.831769
vt 0.311940 0.831769
vt 0.302818 0.832239
vt 0.303032 0.826204
vt 0.303148 0.820100
vt 0.313459 0.711671
vt 0.311723 0.712057
vt 0.312097 0.714992
vt 0.313823 0.714981
vt 0.311701 0.722062
vt 0.313452 0.722265
vt 0.310388 0.714973
vt 0.309937 0.722134
vt 0.309919 0.712041
vt 0.299276 0.722093
vt 0.301094 0.722484
vt 0.300509 0.714930
vt 0.298573 0.714874
vt 0.301090 0.711700
vt 0.299329 0.712273
vt 0.302544 0.714893
vt 0.302823 0.710978
vt 0.302890 0.722917
vt 0.304602 0.723073
vt 0.304533 0.714854
vt 0.304545 0.710693
vt 0.306514 0.714870
vt 0.306285 0.710894
vt 0.306314 0.722932
vt 0.313454 0.766465
vt 0.311703 0.766669
vt 0.312100 0.773739
vt 0.313825 0.773750
vt 0.311725 0.776674
vt 0.313462 0.777060
vt 0.310391 0.773758
vt 0.309921 0.776689
vt 0.309938 0.766597
vt 0.299332 0.776458
vt 0.301093 0.777032
vt 0.300511 0.773802
vt 0.298575 0.773858
vt 0.301096 0.766247
vt 0.299278 0.766638
vt 0.302546 0.773838
vt 0.302892 0.765815
vt 0.302826 0.777753
vt 0.304547 0.778038
vt 0.304535 0.773877
vt 0.304604 0.765658
vt 0.306516 0.773862
vt 0.306316 0.765799
vt 0.306288 0.777837
vt 0.308078 0.711537
vt 0.308514 0.714922
vt 0.308113 0.722514
vt 0.308081 0.777193
vt 0.308516 0.773809
vt 0.308114 0.766217
vt 0.307324 0.678292
vt 0.309439 0.678704
vt 0.307585 0.690293
vt 0.309558 0.690972
vt 0.305199 0.677893
vt 0.305604 0.689612
vt 0.306000 0.787165
vt 0.307821 0.786388
vt 0.309653 0.785644
vt 0.307589 0.798438
vt 0.309563 0.797759
vt 0.305608 0.799119
vt 0.308119 0.744366
vt 0.309929 0.744365
vt 0.306312 0.744366
vt 0.297425 0.679135
vt 0.299512 0.678569
vt 0.301608 0.678019
vt 0.300123 0.690558
vt 0.302049 0.689738
vt 0.298206 0.691379
vt 0.300795 0.786156
vt 0.302561 0.787051
vt 0.300128 0.798173
vt 0.302053 0.798993
vt 0.299015 0.785290
vt 0.298210 0.797353
vt 0.299212 0.744366
vt 0.301027 0.744366
vt 0.302836 0.744366
vt 0.311220 0.678798
vt 0.312997 0.678548
vt 0.311326 0.691170
vt 0.313093 0.690888
vt 0.303399 0.677805
vt 0.303817 0.689427
vt 0.311404 0.785459
vt 0.313152 0.785798
vt 0.311330 0.797561
vt 0.313098 0.797843
vt 0.304271 0.787393
vt 0.303821 0.799304
vt 0.311675 0.744365
vt 0.313427 0.744365
vt 0.304574 0.744366
vt 0.305997 0.701566
vt 0.307818 0.702343
vt 0.309650 0.703087
vt 0.304267 0.701339
vt 0.302557 0.701680
vt 0.299012 0.703442
vt 0.300792 0.702576
vt 0.311401 0.703271
vt 0.313149 0.702933
vt 0.305205 0.810838
vt 0.307329 0.810439
vt 0.309444 0.810026
vt 0.303404 0.810926
vt 0.301613 0.810712
vt 0.297430 0.809597
vt 0.299517 0.810163
vt 0.311225 0.809933
vt 0.313002 0.810182
s 1
usemtl PDC_tex
f 817/1547/683 888/1548/684 925/1549/685 885/1550/686
f 885/1550/686 925/1549/685 886/1551/687 818/1552/688
f 925/1549/685 887/1553/689 819/1554/690 886/1551/687
f 888/1548/684 820/1555/691 887/1553/689 925/1549/685
f 821/1556/692 892/1557/693 926/1558/694 889/1559/695
f 889/1559/695 926/1558/694 890/1560/696 822/1561/697
f 926/1558/694 891/1562/698 823/1563/683 890/1560/696
f 892/1557/693 824/1564/691 891/1562/698 926/1558/694
f 809/1565/699 896/1566/700 927/1567/701 893/1568/702
f 893/1568/702 927/1567/701 894/1569/703 811/1570/704
f 927/1567/701 895/1571/705 815/1572/706 894/1569/703
f 896/1566/700 814/1573/707 895/1571/705 927/1567/701
f 816/1574/708 900/1575/709 928/1576/710 897/1577/711
f 897/1577/711 928/1576/710 898/1578/702 812/1579/704
f 928/1576/710 899/1580/712 810/1581/699 898/1578/702
f 900/1575/709 813/1582/713 899/1580/712 928/1576/710
f 809/1583/699 902/1584/714 929/1585/715 896/1586/700
f 896/1586/700 929/1585/715 901/1587/716 814/1588/707
f 929/1585/715 885/1550/686 818/1552/688 901/1587/716
f 902/1584/714 817/1547/683 885/1550/686 929/1585/715
f 815/1572/706 904/1589/717 930/1590/718 894/1569/703
f 894/1569/703 930/1590/718 903/1591/719 811/1570/704
f 930/1590/718 887/1553/689 820/1555/691 903/1591/719
f 904/1589/717 819/1554/690 887/1553/689 930/1590/718
f 813/1592/713 906/1593/720 931/1594/721 899/1595/712
f 899/1595/712 931/1594/721 905/1596/714 810/1597/699
f 931/1594/721 890/1560/696 823/1563/683 905/1596/714
f 906/1593/720 822/1561/697 890/1560/696 931/1594/721
f 812/1579/704 908/1598/719 932/1599/722 897/1577/711
f 897/1577/711 932/1599/722 907/1600/723 816/1574/708
f 932/1599/722 892/1557/693 821/1556/692 907/1600/723
f 908/1598/719 824/1564/691 892/1557/693 932/1599/722
f 825/1601/724 912/1602/725 933/1603/726 909/1604/727
f 909/1604/727 933/1603/726 910/1605/728 826/1606/729
f 933/1603/726 911/1607/730 834/1608/731 910/1605/728
f 912/1602/725 833/1609/732 911/1607/730 933/1603/726
f 826/1610/729 915/1611/733 934/1612/734 909/1613/727
f 909/1613/727 934/1612/734 913/1614/735 825/1615/724
f 934/1612/734 914/1616/736 828/1617/737 913/1614/735
f 915/1611/733 827/1618/738 914/1616/736 934/1612/734
f 827/1618/738 918/1619/739 935/1620/740 914/1616/736
f 914/1616/736 935/1620/740 916/1621/741 828/1617/737
f 935/1620/740 917/1622/742 835/1623/743 916/1621/741
f 918/1619/739 836/1624/744 917/1622/742 935/1620/740
f 829/1625/745 922/1626/746 936/1627/747 919/1628/748
f 919/1628/748 936/1627/747 920/1629/749 830/1630/750
f 936/1627/747 921/1631/751 839/1632/752 920/1629/749
f 922/1626/746 840/1633/753 921/1631/751 936/1627/747
f 830/1634/750 849/1635/754 937/1636/755 919/1637/748
f 919/1637/748 937/1636/755 923/1638/756 829/1639/745
f 937/1636/755 924/1640/757 832/1641/758 923/1638/756
f 849/1635/754 831/1642/759 924/1640/757 937/1636/755
f 831/1642/759 852/1643/760 938/1644/761 924/1640/757
f 924/1640/757 938/1644/761 850/1645/762 832/1641/758
f 938/1644/761 851/1646/763 838/1647/764 850/1645/762
f 852/1643/760 837/1648/765 851/1646/763 938/1644/761
f 833/1609/732 854/1649/766 939/1650/767 911/1607/730
f 911/1607/730 939/1650/767 853/1651/768 834/1608/731
f 939/1650/767 917/1622/742 836/1624/744 853/1651/768
f 854/1649/766 835/1623/743 917/1622/742 939/1650/767
f 837/1648/765 856/1652/769 940/1653/770 851/1646/763
f 851/1646/763 940/1653/770 855/1654/771 838/1647/764
f 940/1653/770 921/1631/751 840/1633/753 855/1654/771
f 856/1652/769 839/1632/752 921/1631/751 940/1653/770
f 818/1552/688 886/1551/687 941/1655/772 857/1656/773
f 857/1656/773 941/1655/772 858/1657/774 841/1658/775
f 941/1655/772 859/1659/776 842/1660/777 858/1657/774
f 886/1551/687 819/1554/690 859/1659/776 941/1655/772
f 837/1648/765 862/1661/778 942/1662/779 856/1652/769
f 856/1652/769 942/1662/779 860/1663/780 839/1632/752
f 942/1662/779 861/1664/774 845/1665/781 860/1663/780
f 862/1661/778 846/1666/782 861/1664/774 942/1662/779
f 834/1608/731 853/1651/768 943/1667/783 863/1668/784
f 863/1668/784 943/1667/783 855/1654/771 840/1633/753
f 943/1667/783 864/1669/785 838/1647/764 855/1654/771
f 853/1651/768 836/1624/744 864/1669/785 943/1667/783
f 814/1573/707 867/1670/786 944/1671/787 895/1571/705
f 895/1571/705 944/1671/787 865/1672/788 815/1572/706
f 944/1671/787 866/1673/789 843/1674/790 865/1672/788
f 867/1670/786 844/1675/791 866/1673/789 944/1671/787
f 831/1642/759 849/1635/754 945/1676/792 868/1677/793
f 868/1677/793 945/1676/792 869/1678/789 847/1679/794
f 945/1676/792 870/1680/795 848/1681/796 869/1678/789
f 849/1635/754 830/1634/750 870/1680/795 945/1676/792
f 826/1610/729 872/1682/797 946/1683/798 915/1611/733
f 915/1611/733 946/1683/798 871/1684/799 827/1618/738
f 946/1683/798 923/1638/756 832/1641/758 871/1684/799
f 872/1682/797 829/1639/745 923/1638/756 946/1683/798
f 814/1588/707 901/1587/716 947/1685/800 867/1686/786
f 867/1686/786 947/1685/800 873/1687/801 844/1688/791
f 947/1685/800 857/1656/773 841/1658/775 873/1687/801
f 901/1587/716 818/1552/688 857/1656/773 947/1685/800
f 842/1660/777 859/1659/776 948/1689/802 874/1690/803
f 874/1690/803 948/1689/802 865/1672/788 843/1674/790
f 948/1689/802 904/1589/717 815/1572/706 865/1672/788
f 859/1659/776 819/1554/690 904/1589/717 948/1689/802
f 830/1630/750 920/1629/749 949/1691/804 870/1692/795
f 870/1692/795 949/1691/804 875/1693/805 848/1694/796
f 949/1691/804 860/1663/780 845/1665/781 875/1693/805
f 920/1629/749 839/1632/752 860/1663/780 949/1691/804
f 846/1666/782 862/1661/778 950/1695/806 876/1696/807
f 876/1696/807 950/1695/806 868/1677/793 847/1679/794
f 950/1695/806 852/1643/760 831/1642/759 868/1677/793
f 862/1661/778 837/1648/765 852/1643/760 950/1695/806
f 826/1606/729 910/1605/728 951/1697/714 872/1698/797
f 872/1698/797 951/1697/714 922/1626/746 829/1625/745
f 951/1697/714 863/1668/784 840/1633/753 922/1626/746
f 910/1605/728 834/1608/731 863/1668/784 951/1697/714
f 832/1641/758 850/1645/762 952/1699/719 871/1684/799
f 871/1684/799 952/1699/719 918/1619/739 827/1618/738
f 952/1699/719 864/1669/785 836/1624/744 918/1619/739
f 850/1645/762 838/1647/764 864/1669/785 952/1699/719
f 842/1660/777 878/1700/808 953/1701/809 858/1657/774
f 858/1657/774 953/1701/809 877/1702/810 841/1658/775
f 953/1701/809 854/1649/766 833/1609/732 877/1702/810
f 878/1700/808 835/1623/743 854/1649/766 953/1701/809
f 828/1617/737 916/1621/741 954/1703/811 879/1704/812
f 879/1704/812 954/1703/811 874/1690/803 843/1674/790
f 954/1703/811 878/1700/808 842/1660/777 874/1690/803
f 916/1621/741 835/1623/743 878/1700/808 954/1703/811
f 844/1675/791 880/1705/813 955/1706/814 866/1673/789
f 866/1673/789 955/1706/814 879/1704/812 843/1674/790
f 955/1706/814 913/1614/735 828/1617/737 879/1704/812
f 880/1705/813 825/1615/724 913/1614/735 955/1706/814
f 841/1658/775 877/1702/810 956/1707/815 873/1687/801
f 873/1687/801 956/1707/815 880/1708/813 844/1688/791
f 956/1707/815 912/1602/725 825/1601/724 880/1708/813
f 877/1702/810 833/1609/732 912/1602/725 956/1707/815
f 846/1666/782 882/1709/816 957/1710/817 861/1664/774
f 861/1664/774 957/1710/817 881/1711/818 845/1665/781
f 957/1710/817 889/1559/695 822/1561/697 881/1711/818
f 882/1709/816 821/1556/692 889/1559/695 957/1710/817
f 816/1574/708 907/1600/723 958/1712/819 883/1713/820
f 883/1713/820 958/1712/819 876/1696/807 847/1679/794
f 958/1712/819 882/1709/816 846/1666/782 876/1696/807
f 907/1600/723 821/1556/692 882/1709/816 958/1712/819
f 848/1681/796 884/1714/821 959/1715/822 869/1678/789
f 869/1678/789 959/1715/822 883/1713/820 847/1679/794
f 959/1715/822 900/1575/709 816/1574/708 883/1713/820
f 884/1714/821 813/1582/713 900/1575/709 959/1715/822
f 845/1665/781 881/1711/818 960/1716/823 875/1693/805
f 875/1693/805 960/1716/823 884/1717/821 848/1694/796
f 960/1716/823 906/1593/720 813/1592/713 884/1717/821
f 881/1711/818 822/1561/697 906/1593/720 960/1716/823
