# Blender 5.1.2
# www.blender.org
mtllib Desk.mtl
o field_desk
v -1.572761 0.593826 -0.451521
v -1.591070 0.593826 -0.440491
v -1.590226 0.593826 -0.419973
v -1.582000 0.593826 -0.412788
v -1.571073 0.593826 -0.410483
v -1.560371 0.593826 -0.413678
v -1.552762 0.593826 -0.421514
v -1.550286 0.593826 -0.431892
v -1.561833 0.593826 -0.449217
v -1.572440 0.058568 -0.443712
v -1.590780 0.062711 -0.433462
v -1.590001 0.070995 -0.414506
v -1.581799 0.074028 -0.407893
v -1.570880 0.075137 -0.405798
v -1.560169 0.074028 -0.408783
v -1.552537 0.070995 -0.416047
v -1.550030 0.066853 -0.425645
v -1.561520 0.059678 -0.441617
v -1.572049 0.039855 -0.434231
v -1.590430 0.045869 -0.424930
v -1.589728 0.057896 -0.407869
v -1.581555 0.062298 -0.401951
v -1.570646 0.063909 -0.400110
v -1.559925 0.062298 -0.402841
v -1.552264 0.057896 -0.409410
v -1.549717 0.051882 -0.418060
v -1.561140 0.041466 -0.432390
v -1.571525 0.023453 -0.421472
v -1.589957 0.031106 -0.413447
v -1.589360 0.046414 -0.398939
v -1.581226 0.052017 -0.393954
v -1.570331 0.054068 -0.392454
v -1.559596 0.052017 -0.394843
v -1.551897 0.046414 -0.400480
v -1.549298 0.038760 -0.407854
v -1.560629 0.025503 -0.419973
v -1.570885 0.009991 -0.405926
v -1.589382 0.018991 -0.399455
v -1.588912 0.036991 -0.388055
v -1.580824 0.043580 -0.384209
v -1.569947 0.045991 -0.383127
v -1.559195 0.043580 -0.385099
v -1.551449 0.036991 -0.389596
v -1.548786 0.027991 -0.395416
v -1.560007 0.012403 -0.404843
v -1.570156 -0.000011 -0.388189
v -1.588725 0.009989 -0.383491
v -1.588402 0.029989 -0.375639
v -1.580367 0.037310 -0.373091
v -1.569510 0.039989 -0.372484
v -1.558738 0.037310 -0.373981
v -1.550938 0.029989 -0.377180
v -1.548202 0.019989 -0.381226
v -1.559297 0.002668 -0.387581
v -1.556487 -0.008251 -0.055933
v -1.575218 0.002574 -0.055162
v -1.575218 0.024222 -0.055162
v -1.567302 0.032146 -0.055488
v -1.556487 0.035046 -0.055933
v -1.545672 0.032146 -0.056378
v -1.537755 0.024222 -0.056703
v -1.534857 0.013398 -0.056823
v -1.545672 -0.005350 -0.056378
v -1.540214 0.593826 0.339655
v -1.559367 0.593826 0.330167
v -1.560211 0.593826 0.309648
v -1.552603 0.593826 0.301811
v -1.541902 0.593826 0.298618
v -1.530974 0.593826 0.300921
v -1.522748 0.593826 0.308107
v -1.519428 0.593826 0.318247
v -1.529512 0.593826 0.336461
v -1.540535 0.058568 0.331846
v -1.559656 0.062711 0.323138
v -1.560436 0.070995 0.304181
v -1.552805 0.074027 0.296918
v -1.542095 0.075137 0.293932
v -1.531175 0.074027 0.296028
v -1.522972 0.070995 0.302640
v -1.519684 0.066853 0.312000
v -1.529824 0.059678 0.328861
v -1.540925 0.039855 0.322365
v -1.560007 0.045868 0.314606
v -1.560709 0.057896 0.297545
v -1.553049 0.062298 0.290975
v -1.542329 0.063909 0.288244
v -1.531420 0.062298 0.290085
v -1.523245 0.057896 0.296004
v -1.519997 0.051882 0.304414
v -1.530204 0.041466 0.319634
v -1.541450 0.023452 0.309606
v -1.560479 0.031106 0.303123
v -1.561076 0.046414 0.288614
v -1.553378 0.052017 0.282978
v -1.542644 0.054068 0.280588
v -1.531749 0.052017 0.282088
v -1.523613 0.046414 0.287072
v -1.520416 0.038760 0.294207
v -1.530715 0.025503 0.307217
v -1.542090 0.009991 0.294059
v -1.561055 0.018991 0.289130
v -1.561524 0.036991 0.277732
v -1.553779 0.043579 0.273232
v -1.543027 0.045991 0.271260
v -1.532150 0.043579 0.272343
v -1.524061 0.036991 0.276190
v -1.520928 0.027991 0.281771
v -1.531337 0.012403 0.292088
v -1.542819 -0.000012 0.276323
v -1.561712 0.009989 0.273168
v -1.562035 0.029989 0.265315
v -1.554236 0.037310 0.262116
v -1.543465 0.039989 0.260619
v -1.532607 0.037310 0.261226
v -1.524571 0.029989 0.263774
v -1.521512 0.019989 0.267581
v -1.532047 0.002668 0.274826
v -1.572440 1.129084 -0.443712
v -1.590780 1.124942 -0.433462
v -1.590001 1.116657 -0.414506
v -1.581799 1.113625 -0.407893
v -1.570880 1.112515 -0.405798
v -1.560169 1.113625 -0.408782
v -1.552537 1.116657 -0.416047
v -1.550030 1.120800 -0.425645
v -1.561520 1.127974 -0.441617
v -1.572049 1.147798 -0.434231
v -1.590430 1.141784 -0.424930
v -1.589728 1.129757 -0.407869
v -1.581555 1.125354 -0.401950
v -1.570646 1.123743 -0.400109
v -1.559925 1.125354 -0.402840
v -1.552264 1.129757 -0.409410
v -1.549717 1.135770 -0.418060
v -1.561140 1.146186 -0.432390
v -1.571525 1.164200 -0.421472
v -1.589957 1.156546 -0.413447
v -1.589360 1.141238 -0.398939
v -1.581226 1.135635 -0.393954
v -1.570331 1.133585 -0.392454
v -1.559596 1.135635 -0.394843
v -1.551897 1.141238 -0.400480
v -1.549298 1.148892 -0.407853
v -1.560629 1.162149 -0.419973
v -1.570885 1.177661 -0.405926
v -1.589382 1.168661 -0.399455
v -1.588912 1.150661 -0.388055
v -1.580824 1.144073 -0.384209
v -1.569947 1.141661 -0.383127
v -1.559195 1.144073 -0.385099
v -1.551449 1.150661 -0.389596
v -1.548786 1.159661 -0.395416
v -1.560007 1.175249 -0.404843
v -1.570156 1.187664 -0.388189
v -1.588725 1.177663 -0.383491
v -1.588402 1.157663 -0.375639
v -1.580367 1.150342 -0.373091
v -1.569510 1.147663 -0.372484
v -1.558738 1.150342 -0.373981
v -1.550938 1.157663 -0.377180
v -1.548202 1.167663 -0.381226
v -1.559297 1.184984 -0.387581
v -1.556487 1.195903 -0.055933
v -1.575218 1.185079 -0.055162
v -1.575218 1.163431 -0.055162
v -1.567302 1.155507 -0.055488
v -1.556487 1.152606 -0.055933
v -1.545672 1.155507 -0.056378
v -1.537755 1.163431 -0.056703
v -1.534857 1.174255 -0.056823
v -1.545672 1.193003 -0.056378
v -1.540535 1.129084 0.331846
v -1.559656 1.124942 0.323139
v -1.560436 1.116657 0.304182
v -1.552805 1.113625 0.296918
v -1.542095 1.112515 0.293932
v -1.531175 1.113625 0.296028
v -1.522972 1.116657 0.302640
v -1.519684 1.120800 0.312000
v -1.529824 1.127974 0.328862
v -1.540925 1.147797 0.322366
v -1.560007 1.141784 0.314606
v -1.560709 1.129757 0.297545
v -1.553049 1.125354 0.290975
v -1.542329 1.123743 0.288244
v -1.531420 1.125354 0.290085
v -1.523245 1.129757 0.296004
v -1.519997 1.135770 0.304415
v -1.530204 1.146186 0.319634
v -1.541450 1.164200 0.309606
v -1.560479 1.156546 0.303123
v -1.561076 1.141238 0.288614
v -1.553378 1.135635 0.282978
v -1.542644 1.133585 0.280588
v -1.531749 1.135635 0.282088
v -1.523613 1.141238 0.287073
v -1.520416 1.148892 0.294207
v -1.530715 1.162149 0.307218
v -1.542090 1.177661 0.294060
v -1.561055 1.168661 0.289130
v -1.561524 1.150661 0.277732
v -1.553779 1.144073 0.273233
v -1.543027 1.141661 0.271260
v -1.532150 1.144073 0.272343
v -1.524061 1.150661 0.276191
v -1.520928 1.159661 0.281771
v -1.531337 1.175249 0.292088
v -1.542819 1.187664 0.276323
v -1.561712 1.177663 0.273168
v -1.562035 1.157663 0.265316
v -1.554236 1.150342 0.262116
v -1.543465 1.147663 0.260619
v -1.532607 1.150342 0.261226
v -1.524571 1.157663 0.263774
v -1.521512 1.167663 0.267581
v -1.532047 1.184984 0.274826
v 0.067253 1.031822 0.268299
v 0.067253 0.525252 0.268299
v 0.122082 0.525252 0.266044
v 0.122082 1.031822 0.266044
v 0.133501 1.077874 0.265574
v 0.133501 0.525252 0.265574
v 0.063791 1.077874 0.268442
v 0.063791 0.525252 0.268442
v 0.063791 1.031822 0.268442
v 0.067253 0.512042 0.268299
v 0.122082 0.512042 0.266044
v 0.133501 0.512042 0.265574
v 0.063791 0.512042 0.268442
v 0.067253 1.018607 0.268299
v 0.133501 1.018607 0.265574
v 0.063791 1.018607 0.268442
v 0.695350 1.077874 0.242461
v 0.695350 0.525252 0.242461
v 0.695350 1.031822 0.242461
v 0.695350 0.512042 0.242461
v 0.695350 1.018607 0.242461
v -0.405989 1.077874 0.287767
v -0.405989 0.525252 0.287767
v -0.405989 1.031822 0.287767
v -0.405989 0.512042 0.287767
v -0.405989 1.018607 0.287767
v 0.067253 0.019497 0.268299
v 0.122082 0.019497 0.266043
v 0.133501 0.019497 0.265574
v 0.063791 0.019497 0.268441
v 0.695350 0.019497 0.242461
v -0.405989 0.019497 0.287767
v 0.034870 1.318455 -0.518890
v 0.067253 1.318455 0.268299
v 0.122082 1.318455 0.266044
v 0.089699 1.318455 -0.521146
v 0.133501 1.318455 0.265574
v 0.101118 1.318455 -0.521616
v 0.031408 1.318455 -0.518748
v 0.063791 1.318455 0.268442
v 0.695350 1.318455 0.242461
v 0.662967 1.318455 -0.544729
v -0.438372 1.318455 -0.499422
v -0.405989 1.318455 0.287767
v 0.674966 0.525252 -0.253030
v 0.113118 0.525252 -0.229917
v 0.113118 1.018607 -0.229917
v 0.043408 1.018607 -0.227049
v 0.043408 0.525252 -0.227049
v 0.674966 0.512042 -0.253030
v 0.113118 0.512042 -0.229917
v 0.674966 1.018607 -0.253030
v -0.426373 0.525252 -0.207724
v 0.043408 0.512042 -0.227049
v -0.426373 0.512042 -0.207724
v -0.426373 1.018607 -0.207724
v 0.113118 0.019497 -0.229917
v 0.043408 0.019497 -0.227049
v 0.674966 0.019497 -0.253030
v -0.426373 0.019497 -0.207724
v 0.679560 1.077874 -0.141368
v 0.117711 1.077874 -0.118255
v 0.117711 1.318455 -0.118255
v 0.679560 1.318455 -0.141368
v 0.067253 1.205570 0.268299
v 0.122082 1.205570 0.266044
v 0.133501 1.205570 0.265574
v 0.063791 1.205570 0.268442
v 0.695350 1.205570 0.242461
v -0.405989 1.205570 0.287767
v 0.067253 1.197754 0.268299
v 0.122082 1.197754 0.266044
v 0.133501 1.197754 0.265574
v 0.063791 1.197754 0.268442
v 0.695350 1.197754 0.242461
v -0.405989 1.197754 0.287767
v 0.051620 1.197754 -0.027430
v 0.051620 1.077874 -0.027430
v -0.418161 1.077874 -0.008104
v -0.418161 1.197754 -0.008104
v 0.051620 1.318455 -0.027430
v -0.418161 1.318455 -0.008104
v 0.051620 1.205570 -0.027430
v -0.418161 1.205570 -0.008104
v 0.691302 0.000981 -0.540899
v 0.686314 -0.004011 -0.540693
v 0.686109 0.000981 -0.545681
v 0.689842 -0.002549 -0.540838
v 0.689076 -0.001901 -0.543691
v 0.686169 -0.002549 -0.544220
v 0.689696 0.000981 -0.544365
v 0.686109 1.342624 -0.545681
v 0.691302 1.347616 -0.540899
v 0.689696 1.346154 -0.544365
v 0.718287 -0.004011 0.236521
v 0.723275 0.000981 0.236316
v 0.718492 0.000981 0.241509
v 0.721814 -0.002549 0.236376
v 0.721286 -0.001901 0.239282
v 0.721959 0.000981 0.239902
v 0.718432 -0.002549 0.240048
v 0.718492 1.342624 0.241509
v 0.723275 1.347616 0.236316
v 0.721959 1.346154 0.239903
v -0.461195 -0.004011 -0.493488
v -0.466183 0.000981 -0.493283
v -0.461400 0.000981 -0.498475
v -0.464722 -0.002549 -0.493343
v -0.464193 -0.001901 -0.496249
v -0.464867 0.000981 -0.496869
v -0.461340 -0.002549 -0.497014
v -0.466183 1.342624 -0.493282
v -0.461195 1.347616 -0.493488
v -0.461400 1.342624 -0.498475
v -0.464722 1.346154 -0.493342
v -0.464193 1.345506 -0.496249
v -0.461340 1.346154 -0.497014
v -0.464867 1.342624 -0.496869
v -0.429222 -0.004011 0.283727
v -0.429017 0.000981 0.288714
v -0.434210 0.000981 0.283932
v -0.429078 -0.002549 0.287253
v -0.431984 -0.001901 0.286725
v -0.432604 0.000981 0.287398
v -0.432749 -0.002549 0.283872
v -0.429017 1.342624 0.288714
v -0.429222 1.347616 0.283727
v -0.434210 1.342624 0.283932
v -0.429078 1.346154 0.287253
v -0.431984 1.345506 0.286725
v -0.432749 1.346154 0.283872
v -0.432604 1.342624 0.287398
v 0.686109 1.077874 -0.545681
v 0.691302 1.077874 -0.540899
v 0.689696 1.077874 -0.544365
v 0.718492 1.077874 0.241509
v 0.723275 1.077874 0.236316
v 0.721959 1.077874 0.239903
v -0.434210 1.077874 0.283932
v -0.429017 1.077874 0.288714
v -0.432604 1.077874 0.287398
v -0.461400 1.077874 -0.498475
v -0.466183 1.077874 -0.493282
v -0.464867 1.077874 -0.496870
v 0.691302 1.031822 -0.540899
v 0.686109 1.031822 -0.545681
v 0.689696 1.031822 -0.544365
v 0.718492 1.031822 0.241509
v 0.723275 1.031822 0.236316
v 0.721959 1.031822 0.239903
v -0.434210 1.031822 0.283932
v -0.429017 1.031822 0.288714
v -0.432604 1.031822 0.287398
v -0.461400 1.031822 -0.498475
v -0.466183 1.031822 -0.493282
v -0.464867 1.031822 -0.496870
v 0.067253 0.000981 0.268299
v 0.067048 -0.004011 0.263312
v 0.067193 -0.002549 0.266838
v 0.067048 1.347616 0.263312
v 0.067253 1.342624 0.268299
v 0.067193 1.346154 0.266838
v 0.044377 -0.004011 -0.514286
v 0.044172 0.000981 -0.519273
v 0.044232 -0.002549 -0.517813
v 0.035075 1.347616 -0.513903
v 0.034870 1.342624 -0.518890
v 0.034930 1.346154 -0.517430
v 0.121877 -0.004011 0.261056
v 0.122082 0.000981 0.266043
v 0.122022 -0.002549 0.264582
v 0.089904 1.347616 -0.516158
v 0.089699 1.342624 -0.521146
v 0.089759 1.346154 -0.519685
v 0.122082 1.342624 0.266044
v 0.121877 1.347616 0.261056
v 0.122022 1.346154 0.264583
v 0.133296 -0.004011 0.260586
v 0.133501 0.000981 0.265574
v 0.133441 -0.002549 0.264113
v 0.101323 1.347616 -0.516628
v 0.101118 1.342624 -0.521616
v 0.101178 1.346154 -0.520155
v 0.133501 1.342624 0.265574
v 0.133296 1.347616 0.260586
v 0.133441 1.346154 0.264113
v 0.101118 0.000981 -0.521616
v 0.101323 -0.004011 -0.516628
v 0.101178 -0.002549 -0.520155
v 0.063586 1.347616 0.263454
v 0.063791 1.342624 0.268442
v 0.063731 1.346154 0.266980
v 0.031408 1.342624 -0.518748
v 0.031614 1.347616 -0.513761
v 0.031468 1.346154 -0.517287
v 0.063586 -0.004011 0.263454
v 0.063791 0.000981 0.268441
v 0.063731 -0.002549 0.266980
v 0.718492 0.512042 0.241509
v 0.723275 0.512042 0.236316
v 0.721959 0.512042 0.239903
v 0.691302 0.512042 -0.540899
v 0.686109 0.512042 -0.545681
v 0.689696 0.512042 -0.544366
v 0.695350 0.000981 0.242461
v 0.695144 -0.004011 0.237473
v 0.695290 -0.002549 0.241000
v 0.662967 1.342624 -0.544729
v 0.663172 1.347616 -0.539741
v 0.663027 1.346154 -0.543268
v 0.695350 1.342624 0.242461
v 0.695144 1.347616 0.237473
v 0.695290 1.346154 0.241000
v 0.662967 0.000981 -0.544729
v 0.663172 -0.004011 -0.539741
v 0.663027 -0.002549 -0.543269
v -0.405989 1.342624 0.287767
v -0.406195 1.347616 0.282780
v -0.406049 1.346154 0.286306
v -0.438372 0.000981 -0.499423
v -0.438167 -0.004011 -0.494435
v -0.438312 -0.002549 -0.497962
v -0.438372 1.342624 -0.499422
v -0.438167 1.347616 -0.494435
v -0.438312 1.346154 -0.497962
v -0.405989 0.000981 0.287767
v -0.406195 -0.004011 0.282779
v -0.406049 -0.002549 0.286306
v 0.723275 0.019497 0.236316
v 0.718492 0.019497 0.241509
v 0.721959 0.019497 0.239902
v -0.466183 0.019497 -0.493283
v -0.461400 0.019497 -0.498475
v -0.464867 0.019497 -0.496870
v -0.434210 0.019497 0.283932
v -0.429017 0.019497 0.288714
v -0.432604 0.019497 0.287398
v 0.691302 0.019497 -0.540899
v 0.686109 0.019497 -0.545681
v 0.689696 0.019497 -0.544366
v 0.691302 1.318455 -0.540899
v 0.686109 1.318455 -0.545681
v 0.689696 1.318455 -0.544365
v 0.718492 1.318455 0.241509
v 0.723275 1.318455 0.236316
v 0.721959 1.318455 0.239903
v -0.434210 1.318455 0.283932
v -0.429017 1.318455 0.288714
v -0.432604 1.318455 0.287398
v -0.461400 1.318455 -0.498475
v -0.466183 1.318455 -0.493282
v -0.464867 1.318455 -0.496870
v 0.718492 1.205570 0.241509
v 0.723275 1.205570 0.236316
v 0.721959 1.205570 0.239903
v -0.434210 1.205570 0.283932
v -0.429017 1.205570 0.288714
v -0.432604 1.205570 0.287398
v -0.461400 1.205570 -0.498475
v -0.466183 1.205570 -0.493282
v -0.464867 1.205570 -0.496870
v 0.691302 1.205570 -0.540899
v 0.686109 1.205570 -0.545681
v 0.689696 1.205570 -0.544365
v 0.723275 1.197754 0.236316
v 0.718492 1.197754 0.241509
v 0.721959 1.197754 0.239903
v -0.429017 1.197754 0.288714
v -0.434210 1.197754 0.283932
v -0.432604 1.197754 0.287398
v -0.466183 1.197754 -0.493282
v -0.461400 1.197754 -0.498475
v -0.464867 1.197754 -0.496870
v 0.691302 1.197754 -0.540899
v 0.686109 1.197754 -0.545681
v 0.689696 1.197754 -0.544365
v 0.693564 0.526980 0.242953
v 0.135322 0.526980 0.265918
v 0.135322 1.020848 0.265918
v 0.693564 1.020848 0.242953
v 0.554905 1.020848 0.248657
v 0.273981 1.020848 0.260214
v 0.518055 0.999545 0.250173
v 0.310830 0.999545 0.258698
v 0.480966 0.984717 0.251699
v 0.437365 0.976921 0.253492
v 0.391520 0.976921 0.255378
v 0.347920 0.984717 0.257172
v 0.673288 0.546472 0.224279
v 0.153996 0.546472 0.245641
v 0.153996 1.020848 0.245641
v 0.673288 1.020848 0.224279
v 0.554104 1.020848 0.229182
v 0.273179 1.020848 0.240738
v 0.517254 0.999545 0.230698
v 0.310029 0.999545 0.239222
v 0.480165 0.984717 0.232223
v 0.436564 0.976921 0.234017
v 0.390719 0.976921 0.235903
v 0.347118 0.984717 0.237697
v 0.694370 0.023066 0.241802
v 0.134425 0.023066 0.264836
v 0.134425 0.512942 0.264837
v 0.694370 0.512942 0.241802
v 0.545308 0.512942 0.247934
v 0.283486 0.512942 0.258704
v 0.510964 0.491640 0.249347
v 0.317830 0.491640 0.257292
v 0.476397 0.476811 0.250769
v 0.435761 0.469016 0.252440
v 0.393033 0.469016 0.254198
v 0.352397 0.476811 0.255870
v 0.675418 0.042558 0.223073
v 0.151774 0.042558 0.244615
v 0.151774 0.512942 0.244615
v 0.675418 0.512942 0.223073
v 0.544507 0.512942 0.228459
v 0.282685 0.512942 0.239229
v 0.510163 0.491640 0.229871
v 0.317029 0.491640 0.237816
v 0.475596 0.476811 0.231293
v 0.434960 0.469016 0.232965
v 0.392232 0.469016 0.234723
v 0.351596 0.476811 0.236394
v 0.105032 1.691822 1.283574
v 0.085361 1.711314 1.264874
v 0.063707 1.319550 0.266382
v -0.406074 1.319550 0.285708
v 0.063707 1.208373 0.266382
v -0.406074 1.208373 0.285708
v -0.090822 1.317426 0.272739
v -0.251545 1.317426 0.279351
v -0.117829 1.307224 0.273850
v -0.224538 1.307224 0.278240
v -0.151655 1.299847 0.275242
v -0.190713 1.299847 0.276849
v 0.049312 1.319550 0.253241
v -0.392807 1.319550 0.271428
v 0.052000 1.219626 0.255601
v -0.395292 1.219626 0.274001
v -0.091623 1.317426 0.253264
v -0.252346 1.317426 0.259876
v -0.118631 1.307224 0.254375
v -0.225339 1.307224 0.258765
v -0.152456 1.299847 0.255767
v -0.191514 1.299847 0.257374
v 0.693341 1.080358 0.240808
v 0.134898 1.080358 0.263781
v 0.134898 1.320938 0.263781
v 0.693341 1.320938 0.240808
v 0.673065 1.099849 0.222134
v 0.153573 1.099849 0.243505
v 0.153573 1.320938 0.243505
v 0.673065 1.320938 0.222134
v 0.063700 1.201097 0.266216
v -0.406081 1.201097 0.285541
v 0.063700 1.081164 0.266216
v -0.406081 1.081164 0.285541
v -0.090829 1.198783 0.272573
v -0.251552 1.198783 0.279185
v -0.117836 1.187667 0.273684
v -0.224545 1.187667 0.278073
v -0.151662 1.179629 0.275075
v -0.190720 1.179629 0.276682
v 0.049299 1.201097 0.253080
v -0.392808 1.201097 0.271267
v 0.051993 1.092418 0.255434
v -0.395299 1.092418 0.273835
v -0.091630 1.198783 0.253098
v -0.252353 1.198783 0.259709
v -0.118637 1.187667 0.254209
v -0.225346 1.187667 0.258598
v -0.152463 1.179629 0.255600
v -0.191521 1.179629 0.257207
v 0.065079 0.527217 0.268924
v -0.407646 0.526980 0.288254
v -0.407646 1.020848 0.288254
v 0.064977 1.020848 0.268811
v -0.036294 1.020848 0.272977
v -0.284926 1.020848 0.283206
v -0.068908 0.999545 0.274319
v -0.252313 0.999545 0.281864
v -0.101734 0.984717 0.275669
v -0.140323 0.976921 0.277257
v -0.180898 0.976921 0.278926
v -0.219486 0.984717 0.280513
v 0.047816 0.546472 0.250009
v -0.391210 0.546472 0.268070
v -0.391210 1.020848 0.268070
v 0.047816 1.020848 0.250009
v -0.037095 1.020848 0.253502
v -0.285727 1.020848 0.263730
v -0.069709 0.999545 0.254844
v -0.253114 0.999545 0.262389
v -0.102535 0.984717 0.256194
v -0.141124 0.976921 0.257782
v -0.181699 0.976921 0.259451
v -0.220288 0.984717 0.261038
v -0.481798 1.142836 -0.531927
v -0.482281 1.142353 -0.531908
v -0.482301 1.142836 -0.532390
v -0.481939 1.142494 -0.531922
v -0.482014 1.142557 -0.532198
v -0.482295 1.142494 -0.532249
v -0.481953 1.142836 -0.532263
v -0.481798 1.243614 -0.531927
v -0.482301 1.243614 -0.532390
v -0.482281 1.244097 -0.531908
v -0.481953 1.243614 -0.532263
v -0.482014 1.243893 -0.532198
v -0.482295 1.243956 -0.532249
v -0.481939 1.243956 -0.531922
v -0.445995 1.142836 0.338390
v -0.446458 1.142836 0.338893
v -0.446478 1.142352 0.338410
v -0.446122 1.142836 0.338737
v -0.446188 1.142557 0.338677
v -0.446464 1.142494 0.338752
v -0.446136 1.142494 0.338396
v -0.445995 1.243614 0.338390
v -0.446478 1.244097 0.338410
v -0.446458 1.243614 0.338893
v -0.446136 1.243955 0.338396
v -0.446188 1.243893 0.338677
v -0.446464 1.243955 0.338752
v -0.446122 1.243614 0.338738
v -1.639672 1.142836 -0.484295
v -1.639210 1.142836 -0.484798
v -1.639190 1.142353 -0.484315
v -1.639545 1.142836 -0.484643
v -1.639480 1.142557 -0.484582
v -1.639204 1.142494 -0.484657
v -1.639531 1.142494 -0.484301
v -1.639672 1.243614 -0.484295
v -1.639190 1.244097 -0.484315
v -1.639210 1.243614 -0.484798
v -1.639531 1.243956 -0.484301
v -1.639480 1.243893 -0.484582
v -1.639204 1.243956 -0.484657
v -1.639545 1.243614 -0.484643
v -1.603367 1.142836 0.386485
v -1.603870 1.142836 0.386022
v -1.603387 1.142352 0.386002
v -1.603714 1.142836 0.386358
v -1.603654 1.142557 0.386292
v -1.603729 1.142494 0.386016
v -1.603373 1.142494 0.386344
v -1.603367 1.243614 0.386485
v -1.603387 1.244097 0.386002
v -1.603870 1.243614 0.386022
v -1.603373 1.243955 0.386344
v -1.603654 1.243893 0.386292
v -1.603729 1.243955 0.386016
v -1.603714 1.243614 0.386358
v -1.565274 1.142352 0.384434
v -1.637143 1.142353 -0.434551
v -1.540666 1.142836 -0.438036
v -1.541169 1.142836 -0.438499
v -1.540223 1.142353 -0.439022
v -1.540821 1.142836 -0.438371
v -1.540686 1.142557 -0.438519
v -1.540692 1.142494 -0.438661
v -1.540545 1.142494 -0.438525
v -1.599010 1.142836 -0.435636
v -1.599532 1.142353 -0.436582
v -1.598547 1.142836 -0.436139
v -1.599170 1.142494 -0.436113
v -1.599029 1.142557 -0.436119
v -1.599035 1.142494 -0.436261
v -1.598882 1.142836 -0.435983
v -1.508949 1.142836 0.332973
v -1.508426 1.142352 0.333919
v -1.509412 1.142836 0.333476
v -1.508788 1.142494 0.333450
v -1.508929 1.142557 0.333456
v -1.508923 1.142494 0.333597
v -1.509076 1.142836 0.333320
v -1.567292 1.142836 0.335373
v -1.566789 1.142836 0.335836
v -1.567735 1.142352 0.336358
v -1.567137 1.142836 0.335709
v -1.567272 1.142557 0.335856
v -1.567266 1.142494 0.335997
v -1.567413 1.142494 0.335861
v -1.508949 1.215357 0.332973
v -1.509412 1.215357 0.333476
v -1.509432 1.215840 0.332992
v -1.509076 1.215357 0.333320
v -1.509142 1.215636 0.333260
v -1.509418 1.215698 0.333334
v -1.509090 1.215698 0.332978
v -1.540666 1.215357 -0.438036
v -1.541149 1.215840 -0.438016
v -1.541169 1.215357 -0.438499
v -1.540807 1.215699 -0.438030
v -1.540882 1.215636 -0.438306
v -1.541163 1.215699 -0.438357
v -1.540821 1.215357 -0.438371
v -1.567292 1.215357 0.335373
v -1.566809 1.215840 0.335353
v -1.566789 1.215357 0.335836
v -1.567151 1.215698 0.335367
v -1.567076 1.215636 0.335643
v -1.566795 1.215698 0.335695
v -1.567137 1.215357 0.335709
v -1.599010 1.215357 -0.435636
v -1.598547 1.215357 -0.436139
v -1.598526 1.215840 -0.435656
v -1.598882 1.215357 -0.435983
v -1.598817 1.215636 -0.435923
v -1.598541 1.215699 -0.435997
v -1.598868 1.215699 -0.435642
v -0.482301 1.188598 -0.532390
v -0.482281 1.189081 -0.531908
v -0.481798 1.188598 -0.531927
v -0.482295 1.188940 -0.532249
v -0.482014 1.188877 -0.532198
v -0.481939 1.188940 -0.531922
v -0.481953 1.188598 -0.532263
v -0.482281 1.197369 -0.531908
v -0.482301 1.197852 -0.532390
v -0.481798 1.197852 -0.531927
v -0.482295 1.197510 -0.532249
v -0.482014 1.197573 -0.532198
v -0.481953 1.197852 -0.532263
v -0.481939 1.197510 -0.531922
v -0.445995 1.197852 0.338390
v -0.446458 1.197852 0.338893
v -0.446478 1.197369 0.338410
v -0.446122 1.197852 0.338737
v -0.446188 1.197573 0.338677
v -0.446464 1.197510 0.338752
v -0.446136 1.197510 0.338396
v -0.446458 1.188598 0.338893
v -0.445995 1.188598 0.338390
v -0.446478 1.189081 0.338410
v -0.446122 1.188598 0.338737
v -0.446188 1.188877 0.338677
v -0.446136 1.188939 0.338396
v -0.446464 1.188939 0.338752
v -1.603367 1.197852 0.386485
v -1.603870 1.197852 0.386022
v -1.603387 1.197369 0.386002
v -1.603714 1.197852 0.386358
v -1.603654 1.197573 0.386292
v -1.603729 1.197510 0.386016
v -1.603373 1.197510 0.386344
v -1.603870 1.188598 0.386022
v -1.603367 1.188598 0.386485
v -1.603387 1.189081 0.386002
v -1.603714 1.188598 0.386358
v -1.603654 1.188877 0.386292
v -1.603373 1.188939 0.386344
v -1.603729 1.188939 0.386016
v -1.639672 1.197852 -0.484295
v -1.639210 1.197852 -0.484798
v -1.639190 1.197369 -0.484315
v -1.639545 1.197852 -0.484643
v -1.639480 1.197573 -0.484582
v -1.639204 1.197510 -0.484657
v -1.639531 1.197510 -0.484301
v -1.639210 1.188598 -0.484798
v -1.639672 1.188598 -0.484295
v -1.639190 1.189081 -0.484315
v -1.639545 1.188598 -0.484643
v -1.639480 1.188877 -0.484582
v -1.639531 1.188940 -0.484301
v -1.639204 1.188940 -0.484657
v -0.445995 1.188426 0.338390
v -0.446458 1.188426 0.338893
v -0.446122 1.188426 0.338737
v -1.603367 1.188426 0.386485
v -1.603870 1.188426 0.386022
v -1.603714 1.188426 0.386358
v -1.639672 1.188427 -0.484295
v -1.639210 1.188427 -0.484798
v -1.639545 1.188427 -0.484643
v -0.481798 1.188427 -0.531927
v -0.482301 1.188427 -0.532390
v -0.481953 1.188427 -0.532263
v -0.481798 1.197963 -0.531927
v -0.482301 1.197963 -0.532390
v -0.481953 1.197963 -0.532263
v -0.445995 1.197963 0.338390
v -0.446458 1.197963 0.338893
v -0.446122 1.197963 0.338737
v -1.603367 1.197963 0.386485
v -1.603870 1.197963 0.386022
v -1.603714 1.197963 0.386358
v -1.639672 1.197963 -0.484295
v -1.639210 1.197963 -0.484798
v -1.639545 1.197963 -0.484643
v -0.483232 1.189564 -0.531379
v -0.482733 1.189564 -0.530916
v -0.482285 1.189081 -0.531903
v -0.482886 1.189564 -0.531252
v -0.482750 1.189285 -0.531400
v -0.482609 1.189222 -0.531407
v -0.482754 1.189222 -0.531541
v -0.483232 1.196885 -0.531379
v -0.482285 1.197369 -0.531903
v -0.482733 1.196885 -0.530916
v -0.482754 1.197227 -0.531541
v -0.482750 1.197164 -0.531400
v -0.482609 1.197227 -0.531407
v -0.482886 1.196885 -0.531252
v -0.447010 1.196885 0.337459
v -0.446483 1.197369 0.338406
v -0.447470 1.196885 0.337961
v -0.446846 1.197227 0.337939
v -0.446987 1.197164 0.337942
v -0.446980 1.197227 0.338083
v -0.447135 1.196885 0.337806
v -0.447010 1.189564 0.337459
v -0.447470 1.189564 0.337961
v -0.446483 1.189081 0.338406
v -0.447135 1.189564 0.337806
v -0.446987 1.189285 0.337942
v -0.446980 1.189222 0.338083
v -0.446846 1.189222 0.337938
v -1.602436 1.196885 0.385469
v -1.603387 1.197369 0.386002
v -1.602935 1.196885 0.385010
v -1.602917 1.197227 0.385635
v -1.602919 1.197164 0.385494
v -1.603060 1.197227 0.385502
v -1.602782 1.196885 0.385345
v -1.602436 1.189564 0.385469
v -1.602935 1.189564 0.385010
v -1.603387 1.189081 0.386002
v -1.602782 1.189564 0.385345
v -1.602919 1.189285 0.385494
v -1.603060 1.189222 0.385502
v -1.602917 1.189222 0.385635
v -1.638658 1.196885 -0.483364
v -1.639190 1.197369 -0.484315
v -1.638198 1.196885 -0.483862
v -1.638823 1.197227 -0.483844
v -1.638682 1.197164 -0.483847
v -1.638691 1.197227 -0.483988
v -1.638533 1.196885 -0.483710
v -1.638658 1.189564 -0.483364
v -1.638198 1.189564 -0.483862
v -1.639190 1.189081 -0.484315
v -1.638533 1.189564 -0.483710
v -1.638682 1.189285 -0.483847
v -1.638691 1.189222 -0.483988
v -1.638823 1.189222 -0.483844
v 0.320583 1.267605 0.261105
v 0.320583 1.199262 0.261105
v 0.320589 1.220869 0.261249
v 0.320840 1.222507 0.267356
v 0.321024 1.226981 0.271827
v 0.321092 1.233094 0.273463
v 0.321024 1.239206 0.271827
v 0.320840 1.243680 0.267356
v 0.320589 1.245318 0.261249
v 0.344768 1.267605 0.260110
v 0.344768 1.199262 0.260110
v 0.344775 1.220869 0.260254
v 0.345026 1.222507 0.266361
v 0.345210 1.226981 0.270832
v 0.345278 1.233094 0.272468
v 0.345210 1.239206 0.270832
v 0.345026 1.243680 0.266361
v 0.344775 1.245318 0.260254
v 0.320487 1.199283 0.258780
v 0.320485 1.222826 0.258719
v 0.320487 1.267584 0.258780
v 0.320485 1.243362 0.258718
v 0.320775 1.225278 0.265758
v 0.320910 1.228581 0.269057
v 0.320960 1.233094 0.270266
v 0.320910 1.237606 0.269058
v 0.320775 1.240909 0.265758
v 0.344672 1.199283 0.257785
v 0.344671 1.222826 0.257724
v 0.344672 1.267584 0.257785
v 0.344671 1.243362 0.257723
v 0.344960 1.225278 0.264763
v 0.345096 1.228581 0.268063
v 0.345146 1.233094 0.269271
v 0.345096 1.237606 0.268063
v 0.344960 1.240909 0.264763
v 0.500027 1.267605 0.253723
v 0.500027 1.199262 0.253723
v 0.500032 1.220869 0.253867
v 0.500284 1.222507 0.259974
v 0.500467 1.226981 0.264445
v 0.500535 1.233094 0.266081
v 0.500467 1.239206 0.264445
v 0.500284 1.243680 0.259974
v 0.500032 1.245318 0.253867
v 0.475842 1.267605 0.254718
v 0.475842 1.199262 0.254718
v 0.475847 1.220869 0.254862
v 0.476098 1.222507 0.260969
v 0.476282 1.226981 0.265440
v 0.476349 1.233094 0.267076
v 0.476282 1.239206 0.265440
v 0.476098 1.243680 0.260969
v 0.475847 1.245318 0.254862
v 0.499932 1.199283 0.251399
v 0.499928 1.222826 0.251337
v 0.499932 1.267584 0.251399
v 0.499928 1.243362 0.251337
v 0.500218 1.225278 0.258376
v 0.500354 1.228581 0.261676
v 0.500403 1.233094 0.262884
v 0.500354 1.237606 0.261676
v 0.500218 1.240909 0.258376
v 0.475746 1.199283 0.252393
v 0.475743 1.222826 0.252332
v 0.475746 1.267584 0.252394
v 0.475743 1.243362 0.252332
v 0.476032 1.225278 0.259371
v 0.476168 1.228581 0.262671
v 0.476218 1.233094 0.263879
v 0.476168 1.237606 0.262671
v 0.476032 1.240909 0.259371
v 0.412403 1.157083 0.271352
v 0.412519 1.158280 0.274176
v 0.412595 1.160730 0.276024
v 0.412611 1.163777 0.276401
v 0.412562 1.166603 0.275205
v 0.412461 1.168453 0.272757
v 0.412336 1.168830 0.269713
v 0.412278 1.157460 0.268307
v 0.509828 1.159318 0.267032
v 0.509641 1.160455 0.269877
v 0.508887 1.162742 0.271782
v 0.507770 1.165565 0.272236
v 0.506589 1.168168 0.271118
v 0.505659 1.169854 0.268727
v 0.505230 1.170171 0.265704
v 0.509399 1.159635 0.264008
v 0.514934 1.162032 0.266442
v 0.514610 1.163096 0.269303
v 0.513484 1.165184 0.271251
v 0.511856 1.167736 0.271765
v 0.510163 1.170068 0.270705
v 0.508859 1.171555 0.268358
v 0.508294 1.171799 0.265350
v 0.514368 1.162277 0.263434
v 0.519402 1.165684 0.265748
v 0.518958 1.166651 0.268628
v 0.517505 1.168471 0.270627
v 0.515431 1.170658 0.271209
v 0.513291 1.172624 0.270220
v 0.511661 1.173844 0.267922
v 0.510975 1.173990 0.264934
v 0.518717 1.165831 0.262759
v 0.523061 1.170134 0.264976
v 0.522519 1.170982 0.267876
v 0.520798 1.172476 0.269931
v 0.518358 1.174218 0.270591
v 0.515853 1.175739 0.269679
v 0.513954 1.176633 0.267438
v 0.513171 1.176660 0.264470
v 0.522278 1.170161 0.262007
v 0.525770 1.175211 0.264155
v 0.525156 1.175923 0.267076
v 0.523236 1.177045 0.269192
v 0.520525 1.178279 0.269934
v 0.517748 1.179293 0.269104
v 0.515652 1.179815 0.266924
v 0.514796 1.179706 0.263978
v 0.524914 1.175102 0.261208
v 0.527887 1.199215 0.260713
v 0.527214 1.199625 0.263680
v 0.525134 1.199926 0.265916
v 0.522204 1.200035 0.266824
v 0.519208 1.199926 0.266160
v 0.516952 1.199625 0.264102
v 0.516037 1.199215 0.261200
v 0.526973 1.198805 0.257810
v 0.411919 1.241347 0.259595
v 0.412045 1.240970 0.262639
v 0.412145 1.239121 0.265087
v 0.412195 1.236294 0.266282
v 0.412179 1.233248 0.265906
v 0.412103 1.230798 0.264058
v 0.411987 1.229601 0.261234
v 0.411803 1.240150 0.256769
v 0.509370 1.239112 0.255898
v 0.509191 1.238795 0.258946
v 0.508461 1.237109 0.261405
v 0.507375 1.234506 0.262617
v 0.506224 1.231683 0.262256
v 0.505317 1.229397 0.260420
v 0.504897 1.228260 0.257599
v 0.508949 1.237975 0.253077
v 0.514507 1.236398 0.256066
v 0.514190 1.236154 0.259110
v 0.513085 1.234667 0.261557
v 0.511485 1.232335 0.262751
v 0.509821 1.229783 0.262373
v 0.508537 1.227695 0.260525
v 0.507979 1.226631 0.257700
v 0.513949 1.235334 0.253241
v 0.519018 1.232746 0.256391
v 0.518580 1.232600 0.259426
v 0.517144 1.231380 0.261849
v 0.515093 1.229413 0.263011
v 0.512978 1.227227 0.262601
v 0.511365 1.225407 0.260728
v 0.510685 1.224440 0.257895
v 0.518338 1.231780 0.253557
v 0.522727 1.228296 0.256861
v 0.522191 1.228269 0.259883
v 0.520482 1.227375 0.262271
v 0.518061 1.225853 0.263387
v 0.515575 1.224112 0.262930
v 0.513690 1.222617 0.261022
v 0.512912 1.221770 0.258176
v 0.521949 1.227449 0.254014
v 0.525495 1.223219 0.257456
v 0.524884 1.223328 0.260462
v 0.522973 1.222806 0.262808
v 0.520275 1.221792 0.263863
v 0.517511 1.220558 0.263346
v 0.515424 1.219435 0.261395
v 0.514572 1.218724 0.258534
v 0.524642 1.222508 0.254593
v 0.314954 1.159318 0.275048
v 0.315375 1.160455 0.277869
v 0.316281 1.162742 0.279705
v 0.317432 1.165565 0.280066
v 0.318518 1.168168 0.278854
v 0.319248 1.169854 0.276396
v 0.319427 1.170171 0.273347
v 0.315133 1.159635 0.272000
v 0.309817 1.162032 0.274880
v 0.310374 1.163096 0.277705
v 0.311658 1.165184 0.279554
v 0.313322 1.167736 0.279932
v 0.314922 1.170068 0.278737
v 0.316028 1.171555 0.276290
v 0.316345 1.171799 0.273246
v 0.310133 1.162277 0.271836
v 0.305306 1.165684 0.274555
v 0.305985 1.166651 0.277389
v 0.307598 1.168471 0.279262
v 0.309714 1.170658 0.279672
v 0.311764 1.172624 0.278510
v 0.313201 1.173844 0.276087
v 0.313638 1.173990 0.273052
v 0.305743 1.165831 0.271520
v 0.301597 1.170134 0.274086
v 0.302374 1.170982 0.276932
v 0.304259 1.172476 0.278839
v 0.306746 1.174218 0.279297
v 0.309167 1.175739 0.278182
v 0.310876 1.176633 0.275792
v 0.311412 1.176660 0.272770
v 0.302133 1.170161 0.271063
v 0.298829 1.175211 0.273491
v 0.299682 1.175923 0.276352
v 0.301770 1.177045 0.278303
v 0.304532 1.178279 0.278820
v 0.307231 1.179293 0.277764
v 0.309142 1.179815 0.275419
v 0.309752 1.179706 0.272413
v 0.299441 1.175102 0.270484
v 0.296437 1.199215 0.270234
v 0.297351 1.199625 0.273135
v 0.299608 1.199926 0.275194
v 0.302604 1.200035 0.275858
v 0.305533 1.199926 0.274950
v 0.307613 1.199625 0.272713
v 0.308288 1.199215 0.269747
v 0.297110 1.198805 0.267266
v 0.314496 1.239112 0.263915
v 0.314925 1.238795 0.266938
v 0.315854 1.237109 0.269329
v 0.317036 1.234506 0.270447
v 0.318153 1.231683 0.269993
v 0.318906 1.229397 0.268088
v 0.319093 1.228260 0.265243
v 0.314683 1.237975 0.261069
v 0.309390 1.236398 0.264504
v 0.309955 1.236154 0.267512
v 0.311259 1.234667 0.269859
v 0.312952 1.232335 0.270919
v 0.314579 1.229783 0.270405
v 0.315705 1.227695 0.268457
v 0.316030 1.226631 0.265596
v 0.309714 1.235334 0.261643
v 0.304922 1.232746 0.265199
v 0.305606 1.232600 0.268187
v 0.307237 1.231380 0.270484
v 0.309376 1.229413 0.271474
v 0.311451 1.227227 0.270891
v 0.312905 1.225407 0.268892
v 0.313349 1.224440 0.266013
v 0.305365 1.231780 0.262318
v 0.301263 1.228296 0.265971
v 0.302045 1.228269 0.268939
v 0.303944 1.227375 0.271179
v 0.306449 1.225853 0.272092
v 0.308890 1.224112 0.271432
v 0.310612 1.222617 0.269376
v 0.311153 1.221770 0.266476
v 0.301804 1.227449 0.263070
v 0.298554 1.223219 0.266792
v 0.299410 1.223328 0.269738
v 0.301507 1.222806 0.271918
v 0.304283 1.221792 0.272749
v 0.306994 1.220558 0.272006
v 0.308914 1.219435 0.269891
v 0.309528 1.218724 0.266969
v 0.299169 1.222508 0.263869
v 0.712680 0.769313 -0.062314
v 0.712680 0.700970 -0.062314
v 0.712824 0.722578 -0.062320
v 0.718931 0.724215 -0.062571
v 0.723401 0.728690 -0.062755
v 0.725038 0.734802 -0.062823
v 0.723401 0.740914 -0.062755
v 0.718931 0.745389 -0.062571
v 0.712823 0.747027 -0.062320
v 0.711685 0.769313 -0.086499
v 0.711685 0.700970 -0.086499
v 0.711829 0.722578 -0.086506
v 0.717936 0.724215 -0.086757
v 0.722406 0.728690 -0.086941
v 0.724043 0.734802 -0.087008
v 0.722406 0.740914 -0.086941
v 0.717936 0.745389 -0.086757
v 0.711828 0.747027 -0.086506
v 0.710355 0.700992 -0.062218
v 0.710294 0.724534 -0.062216
v 0.710355 0.769293 -0.062218
v 0.710293 0.745070 -0.062216
v 0.717332 0.726987 -0.062506
v 0.720632 0.730290 -0.062641
v 0.721841 0.734802 -0.062691
v 0.720632 0.739314 -0.062641
v 0.717332 0.742617 -0.062506
v 0.709360 0.700992 -0.086403
v 0.709299 0.724534 -0.086402
v 0.709360 0.769293 -0.086403
v 0.709298 0.745070 -0.086402
v 0.716338 0.726987 -0.086691
v 0.719637 0.730290 -0.086827
v 0.720846 0.734802 -0.086877
v 0.719637 0.739314 -0.086827
v 0.716338 0.742617 -0.086691
v 0.705298 0.769313 -0.241758
v 0.705298 0.700971 -0.241758
v 0.705442 0.722578 -0.241764
v 0.711549 0.724215 -0.242015
v 0.716020 0.728690 -0.242199
v 0.717656 0.734802 -0.242266
v 0.716020 0.740914 -0.242199
v 0.711549 0.745389 -0.242015
v 0.705442 0.747027 -0.241763
v 0.706293 0.769313 -0.217573
v 0.706293 0.700970 -0.217573
v 0.706437 0.722578 -0.217578
v 0.712544 0.724215 -0.217829
v 0.717015 0.728690 -0.218013
v 0.718651 0.734802 -0.218080
v 0.717015 0.740914 -0.218013
v 0.712544 0.745389 -0.217829
v 0.706436 0.747027 -0.217578
v 0.702973 0.700992 -0.241662
v 0.702912 0.724534 -0.241659
v 0.702973 0.769293 -0.241662
v 0.702911 0.745070 -0.241659
v 0.709951 0.726987 -0.241949
v 0.713250 0.730290 -0.242085
v 0.714459 0.734802 -0.242134
v 0.713250 0.739314 -0.242085
v 0.709951 0.742617 -0.241949
v 0.703968 0.700992 -0.217477
v 0.703907 0.724534 -0.217473
v 0.703968 0.769293 -0.217477
v 0.703906 0.745070 -0.217473
v 0.710945 0.726987 -0.217763
v 0.714245 0.730290 -0.217899
v 0.715454 0.734802 -0.217948
v 0.714245 0.739314 -0.217899
v 0.710945 0.742617 -0.217763
v 0.725654 0.603206 -0.154248
v 0.727482 0.605629 -0.154323
v 0.727854 0.608642 -0.154339
v 0.726671 0.611437 -0.154290
v 0.724250 0.613266 -0.154190
v 0.721240 0.613638 -0.154067
v 0.718447 0.612455 -0.153952
v 0.716619 0.610032 -0.153877
v 0.721377 0.605358 -0.250905
v 0.723260 0.607619 -0.250155
v 0.723711 0.610410 -0.249043
v 0.722605 0.612984 -0.247867
v 0.720242 0.614651 -0.246942
v 0.717252 0.614965 -0.246517
v 0.714438 0.613840 -0.246703
v 0.712554 0.611580 -0.247454
v 0.720809 0.607969 -0.255850
v 0.722735 0.610034 -0.254728
v 0.723244 0.612557 -0.253109
v 0.722197 0.614863 -0.251425
v 0.719875 0.616333 -0.250128
v 0.716902 0.616575 -0.249566
v 0.714072 0.615522 -0.249889
v 0.712145 0.613458 -0.251012
v 0.720139 0.611484 -0.260178
v 0.722117 0.613284 -0.258731
v 0.722694 0.615446 -0.256666
v 0.721715 0.617391 -0.254538
v 0.719444 0.618597 -0.252916
v 0.716489 0.618742 -0.252235
v 0.713641 0.617786 -0.252677
v 0.711664 0.615986 -0.254124
v 0.719395 0.615767 -0.263722
v 0.721428 0.617245 -0.262008
v 0.722082 0.618967 -0.259580
v 0.721180 0.620471 -0.257087
v 0.718964 0.621355 -0.255198
v 0.716029 0.621382 -0.254420
v 0.713161 0.620544 -0.254959
v 0.711128 0.619066 -0.256673
v 0.718604 0.620653 -0.266346
v 0.720697 0.621763 -0.264435
v 0.721431 0.622983 -0.261736
v 0.720611 0.623986 -0.258974
v 0.718455 0.624502 -0.256888
v 0.715542 0.624395 -0.256037
v 0.712652 0.623691 -0.256649
v 0.710559 0.622581 -0.258561
v 0.715532 0.702559 -0.263269
v 0.717798 0.702864 -0.261296
v 0.718711 0.702975 -0.258513
v 0.718029 0.702864 -0.255664
v 0.715933 0.702559 -0.253513
v 0.712986 0.702142 -0.252636
v 0.709975 0.701726 -0.253268
v 0.707711 0.701421 -0.255240
v 0.714245 0.743433 -0.153779
v 0.716666 0.741604 -0.153878
v 0.717847 0.738809 -0.153927
v 0.717476 0.735796 -0.153912
v 0.715649 0.733373 -0.153837
v 0.712855 0.732190 -0.153722
v 0.709845 0.732562 -0.153598
v 0.707425 0.734391 -0.153498
v 0.710845 0.741282 -0.243727
v 0.713274 0.739615 -0.243057
v 0.714469 0.737041 -0.242055
v 0.714110 0.734249 -0.240988
v 0.712291 0.731988 -0.240144
v 0.709501 0.730863 -0.239747
v 0.706488 0.731177 -0.239905
v 0.704060 0.732844 -0.240575
v 0.711020 0.738670 -0.248357
v 0.713436 0.737199 -0.247339
v 0.714612 0.734894 -0.245861
v 0.714236 0.732371 -0.244319
v 0.712404 0.730306 -0.243126
v 0.709609 0.729253 -0.242602
v 0.706601 0.729495 -0.242887
v 0.704184 0.730966 -0.243905
v 0.711344 0.735155 -0.252422
v 0.713736 0.733949 -0.251099
v 0.714879 0.732004 -0.249203
v 0.714468 0.729842 -0.247243
v 0.712613 0.728042 -0.245744
v 0.709809 0.727087 -0.245108
v 0.706809 0.727231 -0.245505
v 0.704418 0.728438 -0.246830
v 0.711804 0.730873 -0.255767
v 0.714162 0.729989 -0.254192
v 0.715258 0.728484 -0.251952
v 0.714800 0.726762 -0.249649
v 0.712910 0.725284 -0.247898
v 0.710093 0.724446 -0.247170
v 0.707106 0.724473 -0.247660
v 0.704749 0.725357 -0.249235
v 0.712385 0.725987 -0.258262
v 0.714698 0.725470 -0.256499
v 0.715735 0.724468 -0.254003
v 0.715217 0.723248 -0.251443
v 0.713283 0.722137 -0.249505
v 0.710451 0.721434 -0.248709
v 0.707479 0.721326 -0.249267
v 0.705166 0.721843 -0.251030
v 0.729331 0.605358 -0.057568
v 0.731147 0.607619 -0.058470
v 0.731503 0.610410 -0.059615
v 0.730305 0.612984 -0.060696
v 0.727873 0.614651 -0.061423
v 0.724859 0.614965 -0.061602
v 0.722070 0.613840 -0.061184
v 0.720254 0.611579 -0.060282
v 0.729170 0.607969 -0.052592
v 0.730999 0.610034 -0.053868
v 0.731372 0.612557 -0.055525
v 0.730190 0.614863 -0.057117
v 0.727769 0.616333 -0.058218
v 0.724760 0.616575 -0.058535
v 0.721966 0.615522 -0.057979
v 0.720138 0.613458 -0.056703
v 0.728858 0.611484 -0.048224
v 0.730711 0.613284 -0.049829
v 0.731116 0.615446 -0.051934
v 0.729966 0.617391 -0.053975
v 0.727569 0.618597 -0.055405
v 0.724568 0.618742 -0.055841
v 0.721766 0.617786 -0.055166
v 0.719915 0.615986 -0.053561
v 0.728408 0.615766 -0.044630
v 0.730293 0.617244 -0.046506
v 0.730745 0.618967 -0.048981
v 0.729642 0.620471 -0.051390
v 0.727278 0.621355 -0.053091
v 0.724290 0.621382 -0.053626
v 0.721475 0.620544 -0.052852
v 0.719590 0.619066 -0.050977
v 0.727835 0.620653 -0.041950
v 0.729763 0.621763 -0.044027
v 0.730275 0.622983 -0.046777
v 0.729230 0.623986 -0.049463
v 0.726910 0.624502 -0.051365
v 0.723937 0.624395 -0.051974
v 0.721106 0.623691 -0.051126
v 0.719178 0.622581 -0.049050
v 0.724520 0.702559 -0.044765
v 0.726616 0.702864 -0.046917
v 0.727299 0.702975 -0.049766
v 0.726385 0.702864 -0.052549
v 0.724119 0.702559 -0.054522
v 0.721109 0.702142 -0.055153
v 0.718161 0.701726 -0.054277
v 0.716066 0.701421 -0.052125
v 0.718245 0.741282 -0.063856
v 0.720611 0.739615 -0.064723
v 0.721719 0.737041 -0.065821
v 0.721274 0.734249 -0.066854
v 0.719392 0.731988 -0.067547
v 0.716578 0.730863 -0.067712
v 0.713588 0.731177 -0.067308
v 0.711223 0.732844 -0.066440
v 0.718799 0.738670 -0.059256
v 0.721123 0.737199 -0.060469
v 0.722174 0.734894 -0.062039
v 0.721672 0.732370 -0.063545
v 0.719749 0.730306 -0.064583
v 0.716920 0.729253 -0.064876
v 0.713946 0.729495 -0.064345
v 0.711621 0.730966 -0.063131
v 0.719456 0.735155 -0.055231
v 0.721731 0.733949 -0.056747
v 0.722714 0.732004 -0.058731
v 0.722144 0.729842 -0.060650
v 0.720172 0.728042 -0.061990
v 0.717325 0.727087 -0.062395
v 0.714369 0.727231 -0.061752
v 0.712094 0.728438 -0.060236
v 0.720190 0.730873 -0.051935
v 0.722410 0.729989 -0.053699
v 0.723318 0.728484 -0.056021
v 0.722672 0.726762 -0.058279
v 0.720645 0.725284 -0.059868
v 0.717778 0.724446 -0.060363
v 0.714841 0.724473 -0.059630
v 0.712622 0.725357 -0.057866
v 0.720973 0.725987 -0.049497
v 0.723134 0.725470 -0.051444
v 0.723962 0.724468 -0.054017
v 0.723235 0.723248 -0.056525
v 0.721149 0.722137 -0.058298
v 0.718261 0.721434 -0.058859
v 0.715345 0.721326 -0.058059
v 0.713185 0.721843 -0.056112
v 0.044006 1.283605 0.267202
v -0.000974 1.283605 0.269052
v 0.044006 1.238588 0.267202
v -0.000974 1.238588 0.269052
v 0.044224 1.238588 0.272492
v 0.044224 1.283605 0.272492
v -0.000756 1.283605 0.274343
v -0.000756 1.238588 0.274343
v 0.005141 1.263268 0.273274
v 0.005609 1.265013 0.273254
v 0.006885 1.266289 0.273202
v 0.008628 1.266757 0.273130
v 0.010370 1.266289 0.273058
v 0.011646 1.265013 0.273006
v 0.012113 1.263268 0.272987
v 0.011646 1.261524 0.273006
v 0.010370 1.260248 0.273058
v 0.008628 1.259780 0.273130
v 0.006885 1.260248 0.273202
v 0.005609 1.261524 0.273254
v 0.008892 1.263268 0.283379
v 0.009258 1.265013 0.283090
v 0.010259 1.266289 0.282297
v 0.011627 1.266757 0.281215
v 0.012994 1.266289 0.280132
v 0.013996 1.265013 0.279340
v 0.014363 1.263268 0.279050
v 0.013996 1.261524 0.279340
v 0.012994 1.260248 0.280132
v 0.011627 1.259780 0.281215
v 0.010259 1.260248 0.282297
v 0.009258 1.261524 0.283090
v 0.017866 1.263268 0.289351
v 0.017992 1.265013 0.288902
v 0.018336 1.266289 0.287673
v 0.018806 1.266757 0.285992
v 0.019276 1.266289 0.284313
v 0.019621 1.265013 0.283083
v 0.019747 1.263268 0.282633
v 0.019621 1.261524 0.283083
v 0.019276 1.260248 0.284313
v 0.018806 1.259780 0.285992
v 0.018336 1.260248 0.287673
v 0.017992 1.261524 0.288902
v 0.028636 1.263268 0.288908
v 0.028473 1.265013 0.288471
v 0.028030 1.266289 0.287274
v 0.027422 1.266757 0.285638
v 0.026816 1.266289 0.284003
v 0.026372 1.265013 0.282806
v 0.026209 1.263268 0.282367
v 0.026372 1.261524 0.282806
v 0.026816 1.260248 0.284003
v 0.027422 1.259780 0.285638
v 0.028030 1.260248 0.287274
v 0.028473 1.261524 0.288471
v 0.037089 1.263268 0.282219
v 0.036701 1.265013 0.281961
v 0.035637 1.266289 0.281253
v 0.034185 1.266757 0.280287
v 0.032733 1.266289 0.279320
v 0.031670 1.265013 0.278613
v 0.031281 1.263268 0.278354
v 0.031670 1.261524 0.278613
v 0.032733 1.260248 0.279320
v 0.034185 1.259780 0.280287
v 0.035637 1.260248 0.281253
v 0.036701 1.261524 0.281961
v 0.039996 1.263268 0.271840
v 0.039529 1.265013 0.271859
v 0.038253 1.266289 0.271911
v 0.036511 1.266757 0.271983
v 0.034768 1.266289 0.272055
v 0.033492 1.265013 0.272107
v 0.033025 1.263268 0.272126
v 0.033492 1.261524 0.272107
v 0.034768 1.260248 0.272055
v 0.036511 1.259780 0.271983
v 0.038253 1.260248 0.271911
v 0.039529 1.261524 0.271859
v -0.461931 1.204715 -0.406228
v -0.461586 1.204715 -0.405910
v -0.461917 1.204383 -0.405896
v -0.461693 1.204715 -0.406140
v -0.461734 1.204524 -0.406095
v -0.461683 1.204481 -0.405906
v -0.461927 1.204481 -0.406131
v -0.460580 1.204383 -0.373404
v -0.460249 1.204715 -0.373418
v -0.460567 1.204715 -0.373073
v -0.460346 1.204481 -0.373414
v -0.460381 1.204524 -0.373221
v -0.460337 1.204715 -0.373180
v -0.460571 1.204481 -0.373170
v -0.461931 1.237235 -0.406228
v -0.461917 1.237566 -0.405896
v -0.461586 1.237235 -0.405910
v -0.461927 1.237469 -0.406131
v -0.461734 1.237426 -0.406095
v -0.461683 1.237469 -0.405906
v -0.461693 1.237235 -0.406140
v -0.460567 1.237235 -0.373073
v -0.460249 1.237235 -0.373418
v -0.460580 1.237566 -0.373404
v -0.460337 1.237235 -0.373180
v -0.460381 1.237426 -0.373221
v -0.460346 1.237469 -0.373414
v -0.460571 1.237469 -0.373170
v -0.464538 1.229261 -0.397808
v -0.464665 1.228929 -0.397471
v -0.464622 1.229027 -0.397473
v -0.464626 1.228929 -0.397570
v -0.464538 1.212689 -0.397808
v -0.464626 1.213021 -0.397570
v -0.464665 1.213021 -0.397471
v -0.464622 1.212923 -0.397473
v -0.463857 1.212689 -0.381250
v -0.463968 1.212923 -0.381578
v -0.464011 1.213021 -0.381576
v -0.463964 1.213021 -0.381480
v -0.463857 1.229261 -0.381250
v -0.463964 1.228929 -0.381480
v -0.464011 1.228929 -0.381576
v -0.463968 1.229027 -0.381578
v -0.464866 1.237235 -0.405775
v -0.464535 1.237566 -0.405789
v -0.464548 1.237235 -0.406120
v -0.464769 1.237469 -0.405779
v -0.464734 1.237426 -0.405972
v -0.464544 1.237469 -0.406023
v -0.464779 1.237235 -0.406014
v -0.464548 1.204715 -0.406120
v -0.464535 1.204383 -0.405789
v -0.464866 1.204715 -0.405775
v -0.464544 1.204481 -0.406023
v -0.464734 1.204524 -0.405972
v -0.464769 1.204481 -0.405779
v -0.464779 1.204715 -0.406014
v -0.463198 1.204383 -0.373297
v -0.463184 1.204715 -0.372965
v -0.463529 1.204715 -0.373283
v -0.463188 1.204481 -0.373063
v -0.463381 1.204524 -0.373098
v -0.463423 1.204715 -0.373053
v -0.463433 1.204481 -0.373287
v -0.463184 1.237235 -0.372965
v -0.463198 1.237566 -0.373297
v -0.463529 1.237235 -0.373283
v -0.463188 1.237469 -0.373063
v -0.463381 1.237426 -0.373098
v -0.463433 1.237469 -0.373287
v -0.463423 1.237235 -0.373053
v -0.473934 1.229261 -0.397422
v -0.473823 1.229027 -0.397095
v -0.473779 1.228929 -0.397096
v -0.473827 1.228929 -0.397192
v -0.473934 1.212689 -0.397422
v -0.473779 1.213021 -0.397096
v -0.473823 1.212923 -0.397095
v -0.473827 1.213021 -0.397192
v -0.473252 1.212689 -0.380863
v -0.473125 1.213021 -0.381201
v -0.473165 1.213021 -0.381102
v -0.473169 1.212923 -0.381199
v -0.473252 1.229261 -0.380863
v -0.473125 1.228929 -0.381201
v -0.473169 1.229027 -0.381199
v -0.473165 1.228929 -0.381102
v -0.474603 1.237155 -0.405627
v -0.474589 1.237486 -0.405295
v -0.474258 1.237155 -0.405309
v -0.474599 1.237389 -0.405530
v -0.474406 1.237346 -0.405494
v -0.474355 1.237389 -0.405304
v -0.474365 1.237155 -0.405539
v -0.474603 1.204795 -0.405627
v -0.474258 1.204795 -0.405309
v -0.474589 1.204463 -0.405295
v -0.474365 1.204795 -0.405539
v -0.474406 1.204604 -0.405494
v -0.474355 1.204561 -0.405305
v -0.474599 1.204561 -0.405530
v -0.473259 1.204463 -0.372963
v -0.472928 1.204795 -0.372976
v -0.473246 1.204795 -0.372632
v -0.473025 1.204561 -0.372972
v -0.473060 1.204604 -0.372779
v -0.473015 1.204795 -0.372739
v -0.473249 1.204561 -0.372729
v -0.473246 1.237155 -0.372632
v -0.472928 1.237155 -0.372976
v -0.473259 1.237486 -0.372963
v -0.473015 1.237155 -0.372739
v -0.473060 1.237346 -0.372779
v -0.473025 1.237389 -0.372972
v -0.473249 1.237389 -0.372729
v -0.477975 1.237155 -0.405488
v -0.478293 1.237155 -0.405142
v -0.477962 1.237486 -0.405156
v -0.478206 1.237155 -0.405381
v -0.478161 1.237346 -0.405340
v -0.478196 1.237389 -0.405146
v -0.477971 1.237389 -0.405391
v -0.477975 1.204795 -0.405488
v -0.477962 1.204463 -0.405156
v -0.478293 1.204795 -0.405143
v -0.477971 1.204561 -0.405391
v -0.478161 1.204604 -0.405340
v -0.478196 1.204561 -0.405146
v -0.478206 1.204795 -0.405381
v -0.476631 1.204463 -0.372824
v -0.476618 1.204795 -0.372493
v -0.476963 1.204795 -0.372811
v -0.476622 1.204561 -0.372590
v -0.476815 1.204604 -0.372625
v -0.476856 1.204795 -0.372580
v -0.476866 1.204561 -0.372815
v -0.476618 1.237155 -0.372493
v -0.476631 1.237486 -0.372824
v -0.476963 1.237155 -0.372811
v -0.476622 1.237389 -0.372590
v -0.476815 1.237346 -0.372625
v -0.476866 1.237389 -0.372814
v -0.476856 1.237155 -0.372580
v -0.448974 1.204715 -0.091270
v -0.448629 1.204715 -0.090953
v -0.448961 1.204383 -0.090939
v -0.448736 1.204715 -0.091183
v -0.448777 1.204524 -0.091138
v -0.448726 1.204481 -0.090949
v -0.448970 1.204481 -0.091173
v -0.447624 1.204383 -0.058447
v -0.447293 1.204715 -0.058460
v -0.447610 1.204715 -0.058115
v -0.447390 1.204481 -0.058456
v -0.447425 1.204524 -0.058263
v -0.447380 1.204715 -0.058222
v -0.447614 1.204481 -0.058213
v -0.448974 1.237235 -0.091270
v -0.448961 1.237566 -0.090939
v -0.448629 1.237235 -0.090953
v -0.448970 1.237469 -0.091173
v -0.448777 1.237426 -0.091138
v -0.448726 1.237469 -0.090949
v -0.448736 1.237235 -0.091183
v -0.447610 1.237235 -0.058115
v -0.447293 1.237235 -0.058460
v -0.447624 1.237566 -0.058447
v -0.447380 1.237235 -0.058222
v -0.447425 1.237426 -0.058263
v -0.447390 1.237469 -0.058456
v -0.447614 1.237469 -0.058213
v -0.451582 1.229261 -0.082851
v -0.451708 1.228929 -0.082514
v -0.451665 1.229027 -0.082515
v -0.451669 1.228929 -0.082613
v -0.451582 1.212689 -0.082851
v -0.451669 1.213021 -0.082613
v -0.451708 1.213021 -0.082514
v -0.451665 1.212923 -0.082515
v -0.450900 1.212689 -0.066293
v -0.451011 1.212923 -0.066620
v -0.451055 1.213021 -0.066618
v -0.451007 1.213021 -0.066523
v -0.450900 1.229261 -0.066293
v -0.451007 1.228929 -0.066523
v -0.451055 1.228929 -0.066618
v -0.451011 1.229027 -0.066620
v -0.451909 1.237235 -0.090818
v -0.451578 1.237566 -0.090831
v -0.451592 1.237235 -0.091163
v -0.451813 1.237469 -0.090822
v -0.451777 1.237426 -0.091015
v -0.451588 1.237469 -0.091065
v -0.451822 1.237235 -0.091056
v -0.451592 1.204715 -0.091163
v -0.451578 1.204383 -0.090831
v -0.451909 1.204715 -0.090818
v -0.451588 1.204481 -0.091065
v -0.451777 1.204524 -0.091015
v -0.451813 1.204481 -0.090822
v -0.451822 1.204715 -0.091056
v -0.450241 1.204383 -0.058339
v -0.450228 1.204715 -0.058008
v -0.450573 1.204715 -0.058325
v -0.450232 1.204481 -0.058105
v -0.450425 1.204524 -0.058140
v -0.450466 1.204715 -0.058095
v -0.450476 1.204481 -0.058329
v -0.450228 1.237235 -0.058008
v -0.450241 1.237566 -0.058339
v -0.450573 1.237235 -0.058325
v -0.450232 1.237469 -0.058105
v -0.450425 1.237426 -0.058140
v -0.450476 1.237469 -0.058329
v -0.450466 1.237235 -0.058095
v -0.460977 1.229261 -0.082464
v -0.460866 1.229027 -0.082137
v -0.460823 1.228929 -0.082139
v -0.460870 1.228929 -0.082234
v -0.460977 1.212689 -0.082464
v -0.460823 1.213021 -0.082139
v -0.460866 1.212923 -0.082137
v -0.460870 1.213021 -0.082234
v -0.460296 1.212689 -0.065906
v -0.460169 1.213021 -0.066243
v -0.460208 1.213021 -0.066144
v -0.460212 1.212923 -0.066241
v -0.460296 1.229261 -0.065906
v -0.460169 1.228929 -0.066243
v -0.460212 1.229027 -0.066241
v -0.460208 1.228929 -0.066144
v -0.461646 1.237155 -0.090669
v -0.461633 1.237486 -0.090338
v -0.461301 1.237155 -0.090351
v -0.461642 1.237389 -0.090572
v -0.461449 1.237346 -0.090537
v -0.461399 1.237389 -0.090347
v -0.461408 1.237155 -0.090581
v -0.461646 1.204795 -0.090669
v -0.461301 1.204795 -0.090351
v -0.461633 1.204463 -0.090338
v -0.461408 1.204795 -0.090581
v -0.461449 1.204604 -0.090537
v -0.461399 1.204561 -0.090347
v -0.461642 1.204561 -0.090572
v -0.460303 1.204463 -0.058005
v -0.459971 1.204795 -0.058019
v -0.460289 1.204795 -0.057674
v -0.460069 1.204561 -0.058015
v -0.460103 1.204604 -0.057822
v -0.460059 1.204795 -0.057781
v -0.460293 1.204561 -0.057771
v -0.460289 1.237155 -0.057674
v -0.459971 1.237155 -0.058019
v -0.460303 1.237486 -0.058005
v -0.460059 1.237155 -0.057781
v -0.460103 1.237346 -0.057822
v -0.460069 1.237389 -0.058015
v -0.460293 1.237389 -0.057771
v -0.465019 1.237155 -0.090530
v -0.465337 1.237155 -0.090185
v -0.465005 1.237486 -0.090199
v -0.465249 1.237155 -0.090423
v -0.465205 1.237346 -0.090382
v -0.465240 1.237389 -0.090189
v -0.465015 1.237389 -0.090433
v -0.465019 1.204795 -0.090530
v -0.465005 1.204463 -0.090199
v -0.465337 1.204795 -0.090185
v -0.465015 1.204561 -0.090433
v -0.465205 1.204604 -0.090383
v -0.465240 1.204561 -0.090189
v -0.465249 1.204795 -0.090423
v -0.463675 1.204463 -0.057866
v -0.463661 1.204795 -0.057535
v -0.464007 1.204795 -0.057853
v -0.463665 1.204561 -0.057632
v -0.463859 1.204604 -0.057668
v -0.463900 1.204795 -0.057623
v -0.463910 1.204561 -0.057857
v -0.463661 1.237155 -0.057535
v -0.463675 1.237486 -0.057866
v -0.464007 1.237155 -0.057853
v -0.463665 1.237389 -0.057632
v -0.463859 1.237346 -0.057668
v -0.463910 1.237389 -0.057857
v -0.463900 1.237155 -0.057623
v -0.435724 1.204715 0.230816
v -0.435379 1.204715 0.231134
v -0.435711 1.204383 0.231148
v -0.435486 1.204715 0.230904
v -0.435527 1.204524 0.230948
v -0.435477 1.204481 0.231138
v -0.435720 1.204481 0.230914
v -0.434374 1.204383 0.263640
v -0.434043 1.204715 0.263626
v -0.434360 1.204715 0.263971
v -0.434140 1.204481 0.263630
v -0.434175 1.204524 0.263824
v -0.434130 1.204715 0.263864
v -0.434364 1.204481 0.263874
v -0.435724 1.237235 0.230816
v -0.435711 1.237566 0.231148
v -0.435379 1.237235 0.231134
v -0.435720 1.237469 0.230914
v -0.435527 1.237426 0.230948
v -0.435477 1.237469 0.231138
v -0.435486 1.237235 0.230904
v -0.434360 1.237235 0.263971
v -0.434043 1.237235 0.263626
v -0.434374 1.237566 0.263640
v -0.434130 1.237235 0.263864
v -0.434175 1.237426 0.263824
v -0.434140 1.237469 0.263630
v -0.434364 1.237469 0.263874
v -0.438332 1.229261 0.239236
v -0.438459 1.228929 0.239573
v -0.438415 1.229027 0.239571
v -0.438419 1.228929 0.239474
v -0.438332 1.212689 0.239236
v -0.438419 1.213021 0.239474
v -0.438459 1.213021 0.239573
v -0.438415 1.212923 0.239571
v -0.437651 1.212689 0.255794
v -0.437761 1.212923 0.255467
v -0.437805 1.213021 0.255469
v -0.437757 1.213021 0.255564
v -0.437651 1.229261 0.255794
v -0.437757 1.228929 0.255564
v -0.437805 1.228929 0.255469
v -0.437761 1.229027 0.255467
v -0.438659 1.237235 0.231269
v -0.438328 1.237566 0.231255
v -0.438342 1.237235 0.230924
v -0.438563 1.237469 0.231265
v -0.438527 1.237426 0.231072
v -0.438338 1.237469 0.231021
v -0.438572 1.237235 0.231031
v -0.438342 1.204715 0.230924
v -0.438328 1.204383 0.231255
v -0.438659 1.204715 0.231269
v -0.438338 1.204481 0.231021
v -0.438527 1.204524 0.231072
v -0.438563 1.204481 0.231265
v -0.438572 1.204715 0.231031
v -0.436992 1.204383 0.263748
v -0.436978 1.204715 0.264079
v -0.437323 1.204715 0.263761
v -0.436982 1.204481 0.263982
v -0.437175 1.204524 0.263947
v -0.437217 1.204715 0.263991
v -0.437226 1.204481 0.263757
v -0.436978 1.237235 0.264079
v -0.436992 1.237566 0.263748
v -0.437323 1.237235 0.263761
v -0.436982 1.237469 0.263982
v -0.437175 1.237426 0.263947
v -0.437226 1.237469 0.263757
v -0.437217 1.237235 0.263991
v -0.447727 1.229261 0.239623
v -0.447616 1.229027 0.239950
v -0.447573 1.228929 0.239948
v -0.447620 1.228929 0.239853
v -0.447727 1.212689 0.239623
v -0.447573 1.213021 0.239948
v -0.447616 1.212923 0.239950
v -0.447620 1.213021 0.239853
v -0.447046 1.212689 0.256181
v -0.446919 1.213021 0.255844
v -0.446958 1.213021 0.255943
v -0.446962 1.212923 0.255845
v -0.447046 1.229261 0.256181
v -0.446919 1.228929 0.255844
v -0.446962 1.229027 0.255845
v -0.446958 1.228929 0.255943
v -0.448396 1.237155 0.231418
v -0.448383 1.237486 0.231749
v -0.448052 1.237155 0.231735
v -0.448392 1.237389 0.231515
v -0.448200 1.237346 0.231550
v -0.448149 1.237389 0.231739
v -0.448159 1.237155 0.231505
v -0.448396 1.204795 0.231418
v -0.448052 1.204795 0.231735
v -0.448383 1.204463 0.231749
v -0.448159 1.204795 0.231505
v -0.448200 1.204604 0.231550
v -0.448149 1.204561 0.231739
v -0.448392 1.204561 0.231515
v -0.447053 1.204463 0.264082
v -0.446722 1.204795 0.264068
v -0.447039 1.204795 0.264413
v -0.446819 1.204561 0.264072
v -0.446854 1.204604 0.264264
v -0.446809 1.204795 0.264306
v -0.447043 1.204561 0.264316
v -0.447039 1.237155 0.264413
v -0.446722 1.237155 0.264068
v -0.447053 1.237486 0.264082
v -0.446809 1.237155 0.264306
v -0.446854 1.237346 0.264264
v -0.446819 1.237389 0.264072
v -0.447043 1.237389 0.264316
v -0.451769 1.237155 0.231556
v -0.452087 1.237155 0.231901
v -0.451755 1.237486 0.231888
v -0.451999 1.237155 0.231663
v -0.451955 1.237346 0.231704
v -0.451990 1.237389 0.231897
v -0.451765 1.237389 0.231654
v -0.451769 1.204795 0.231556
v -0.451755 1.204463 0.231888
v -0.452087 1.204795 0.231901
v -0.451765 1.204561 0.231654
v -0.451955 1.204604 0.231704
v -0.451990 1.204561 0.231897
v -0.451999 1.204795 0.231663
v -0.450425 1.204463 0.264220
v -0.450411 1.204795 0.264552
v -0.450757 1.204795 0.264234
v -0.450415 1.204561 0.264454
v -0.450609 1.204604 0.264419
v -0.450650 1.204795 0.264464
v -0.450660 1.204561 0.264230
v -0.450411 1.237155 0.264552
v -0.450425 1.237486 0.264220
v -0.450757 1.237155 0.264234
v -0.450415 1.237389 0.264454
v -0.450609 1.237346 0.264419
v -0.450660 1.237389 0.264230
v -0.450650 1.237155 0.264464
v -0.276584 1.373340 0.274645
v -0.331108 1.373340 0.276888
v -0.276556 1.372888 0.275334
v -0.331080 1.372888 0.277577
v -0.272986 1.347518 0.227356
v -0.273987 1.347518 0.226984
v -0.273970 1.347931 0.227396
v -0.273286 1.347518 0.227076
v -0.273412 1.347757 0.227135
v -0.273982 1.347810 0.227105
v -0.273274 1.347810 0.227368
v -0.337612 1.347518 0.229601
v -0.338579 1.347518 0.230054
v -0.337595 1.347931 0.230014
v -0.338303 1.347518 0.229751
v -0.338173 1.347757 0.229799
v -0.338291 1.347810 0.230042
v -0.337607 1.347810 0.229722
v -0.272735 1.347931 0.257419
v -0.272704 1.348322 0.258088
v -0.271725 1.347518 0.258015
v -0.272718 1.348045 0.257786
v -0.272148 1.347936 0.257817
v -0.272014 1.347967 0.257972
v -0.272026 1.347810 0.257709
v -0.337317 1.347518 0.260713
v -0.336336 1.348322 0.260705
v -0.336360 1.347931 0.260037
v -0.337032 1.347967 0.260647
v -0.336911 1.347936 0.260482
v -0.336346 1.348045 0.260403
v -0.337042 1.347810 0.260383
v -0.323626 1.370298 0.275080
v -0.324620 1.369952 0.274894
v -0.325510 1.370908 0.275064
v -0.324325 1.370196 0.275042
v -0.324591 1.370439 0.274927
v -0.324882 1.370492 0.274909
v -0.324530 1.370570 0.274946
v -0.282314 1.370908 0.273287
v -0.283216 1.369952 0.273190
v -0.284190 1.370298 0.273457
v -0.282952 1.370492 0.273184
v -0.283241 1.370439 0.273226
v -0.283497 1.370196 0.273363
v -0.283300 1.370570 0.273250
v -0.283675 1.352869 0.262013
v -0.282811 1.352392 0.261171
v -0.284668 1.352523 0.261828
v -0.283432 1.352664 0.261519
v -0.283714 1.352648 0.261585
v -0.283754 1.352579 0.261477
v -0.283970 1.352624 0.261865
v -0.325080 1.352869 0.263716
v -0.324105 1.352523 0.263450
v -0.326010 1.352392 0.262948
v -0.324798 1.352624 0.263545
v -0.325076 1.352648 0.263286
v -0.325045 1.352579 0.263176
v -0.325363 1.352664 0.263244
v -0.272986 1.347518 0.227356
v -0.273970 1.347105 0.227396
v -0.273987 1.347518 0.226984
v -0.273274 1.347226 0.227368
v -0.273412 1.347280 0.227135
v -0.273982 1.347226 0.227105
v -0.273286 1.347518 0.227076
v -0.337612 1.347518 0.229601
v -0.337595 1.347105 0.230014
v -0.338579 1.347518 0.230054
v -0.337607 1.347226 0.229722
v -0.338173 1.347280 0.229799
v -0.338291 1.347226 0.230042
v -0.338303 1.347518 0.229751
v -0.271725 1.347518 0.258015
v -0.272669 1.347519 0.258548
v -0.272716 1.347105 0.257866
v -0.271994 1.347473 0.258346
v -0.272130 1.347270 0.258182
v -0.272692 1.347226 0.258236
v -0.272017 1.347226 0.257932
v -0.336341 1.347105 0.260483
v -0.336332 1.347519 0.261167
v -0.337317 1.347518 0.260713
v -0.336335 1.347226 0.260854
v -0.336899 1.347270 0.260847
v -0.337022 1.347473 0.261021
v -0.337033 1.347226 0.260606
v -0.325462 1.370448 0.275748
v -0.324620 1.369952 0.274894
v -0.323626 1.370298 0.275080
v -0.324857 1.370170 0.275397
v -0.324573 1.370177 0.275325
v -0.324325 1.370196 0.275042
v -0.324509 1.370248 0.275432
v -0.284190 1.370298 0.273457
v -0.283216 1.369952 0.273191
v -0.282305 1.370448 0.273972
v -0.283497 1.370196 0.273363
v -0.283227 1.370177 0.273624
v -0.282937 1.370170 0.273673
v -0.283281 1.370248 0.273736
v -0.283675 1.352869 0.262013
v -0.284668 1.352523 0.261828
v -0.282804 1.351921 0.261850
v -0.283970 1.352624 0.261865
v -0.283706 1.352383 0.261981
v -0.283765 1.352253 0.261962
v -0.283417 1.352330 0.261999
v -0.325080 1.352869 0.263716
v -0.325961 1.351921 0.263626
v -0.324105 1.352523 0.263450
v -0.325337 1.352330 0.263723
v -0.325051 1.352383 0.263682
v -0.324994 1.352253 0.263658
v -0.324798 1.352624 0.263545
v -0.279182 1.375304 0.276038
v -0.279712 1.375490 0.276676
v -0.279563 1.375529 0.276346
v -0.271054 1.372420 0.274308
v -0.272051 1.372770 0.274084
v -0.271352 1.372616 0.274100
v -0.276374 1.375256 0.276386
v -0.276423 1.375107 0.275796
v -0.276394 1.375306 0.276069
v -0.273557 1.374591 0.275834
v -0.274106 1.374554 0.275339
v -0.273723 1.374674 0.275546
v -0.271688 1.373595 0.275104
v -0.272575 1.373735 0.274738
v -0.271954 1.373730 0.274854
v -0.335672 1.372770 0.276702
v -0.336647 1.372420 0.277006
v -0.336368 1.372616 0.276774
v -0.327824 1.375490 0.278655
v -0.328405 1.375304 0.278063
v -0.328000 1.375529 0.278339
v -0.335950 1.373595 0.277748
v -0.335096 1.373735 0.277310
v -0.335706 1.373730 0.277477
v -0.334029 1.374591 0.278321
v -0.333522 1.374554 0.277783
v -0.333886 1.374674 0.278021
v -0.331175 1.375256 0.278640
v -0.331175 1.375107 0.278048
v -0.331181 1.375306 0.278323
v -0.272011 1.372316 0.274773
v -0.271054 1.372420 0.274308
v -0.271329 1.372296 0.274587
v -0.279712 1.375490 0.276676
v -0.279157 1.374854 0.276730
v -0.279544 1.375210 0.276835
v -0.271688 1.373595 0.275104
v -0.272538 1.373283 0.275429
v -0.271931 1.373410 0.275342
v -0.273557 1.374591 0.275834
v -0.274073 1.374104 0.276030
v -0.273702 1.374354 0.276034
v -0.276374 1.375256 0.276386
v -0.276394 1.374657 0.276487
v -0.276374 1.374987 0.276559
v -0.328374 1.374854 0.278755
v -0.327824 1.375490 0.278655
v -0.327979 1.375210 0.278828
v -0.336647 1.372420 0.277006
v -0.335656 1.372316 0.277392
v -0.336351 1.372296 0.277262
v -0.331175 1.375256 0.278640
v -0.331147 1.374657 0.278740
v -0.331161 1.374987 0.278812
v -0.334029 1.374591 0.278321
v -0.333498 1.374104 0.278475
v -0.333867 1.374354 0.278509
v -0.335950 1.373595 0.277748
v -0.335076 1.373283 0.278002
v -0.335689 1.373410 0.277965
v 0.595800 1.373340 0.238757
v 0.541276 1.373340 0.241000
v 0.595829 1.372888 0.239447
v 0.541304 1.372888 0.241690
v 0.599399 1.347518 0.191468
v 0.598398 1.347518 0.191096
v 0.598415 1.347931 0.191509
v 0.599099 1.347518 0.191188
v 0.598973 1.347757 0.191247
v 0.598403 1.347810 0.191217
v 0.599111 1.347810 0.191480
v 0.534773 1.347518 0.193714
v 0.533806 1.347518 0.194167
v 0.534790 1.347931 0.194126
v 0.534082 1.347518 0.193863
v 0.534212 1.347757 0.193911
v 0.534094 1.347810 0.194155
v 0.534778 1.347810 0.193834
v 0.599650 1.347931 0.221532
v 0.599681 1.348322 0.222200
v 0.600661 1.347518 0.222127
v 0.599666 1.348045 0.221898
v 0.600236 1.347936 0.221930
v 0.600371 1.347967 0.222084
v 0.600359 1.347810 0.221821
v 0.535068 1.347518 0.224825
v 0.536048 1.348322 0.224818
v 0.536025 1.347931 0.224149
v 0.535353 1.347967 0.224759
v 0.535473 1.347936 0.224594
v 0.536038 1.348045 0.224515
v 0.535342 1.347810 0.224496
v 0.548758 1.370298 0.239192
v 0.547766 1.369952 0.239006
v 0.546875 1.370908 0.239176
v 0.548060 1.370196 0.239155
v 0.547794 1.370439 0.239040
v 0.547503 1.370492 0.239021
v 0.547854 1.370570 0.239059
v 0.590071 1.370908 0.237399
v 0.589169 1.369952 0.237303
v 0.588195 1.370298 0.237570
v 0.589432 1.370492 0.237296
v 0.589144 1.370439 0.237338
v 0.588888 1.370196 0.237475
v 0.589085 1.370570 0.237363
v 0.588710 1.352869 0.226125
v 0.589573 1.352392 0.225283
v 0.587717 1.352523 0.225940
v 0.588953 1.352664 0.225631
v 0.588671 1.352648 0.225697
v 0.588631 1.352579 0.225590
v 0.588415 1.352624 0.225977
v 0.547306 1.352869 0.227829
v 0.548280 1.352523 0.227562
v 0.546375 1.352392 0.227060
v 0.547587 1.352624 0.227657
v 0.547309 1.352648 0.227399
v 0.547340 1.352579 0.227288
v 0.547022 1.352664 0.227356
v 0.599399 1.347518 0.191468
v 0.598415 1.347105 0.191509
v 0.598398 1.347518 0.191096
v 0.599111 1.347226 0.191480
v 0.598973 1.347280 0.191247
v 0.598403 1.347226 0.191217
v 0.599099 1.347518 0.191188
v 0.534773 1.347518 0.193714
v 0.534790 1.347105 0.194126
v 0.533806 1.347518 0.194167
v 0.534778 1.347226 0.193834
v 0.534212 1.347280 0.193911
v 0.534094 1.347226 0.194155
v 0.534082 1.347518 0.193863
v 0.600661 1.347518 0.222127
v 0.599716 1.347519 0.222661
v 0.599669 1.347105 0.221978
v 0.600390 1.347473 0.222458
v 0.600254 1.347270 0.222295
v 0.599693 1.347226 0.222348
v 0.600368 1.347226 0.222044
v 0.536043 1.347105 0.224595
v 0.536052 1.347519 0.225280
v 0.535068 1.347518 0.224825
v 0.536050 1.347226 0.224966
v 0.535485 1.347270 0.224959
v 0.535363 1.347473 0.225133
v 0.535352 1.347226 0.224719
v 0.546923 1.370448 0.239860
v 0.547765 1.369952 0.239007
v 0.548758 1.370298 0.239192
v 0.547528 1.370170 0.239509
v 0.547812 1.370177 0.239437
v 0.548060 1.370196 0.239155
v 0.547875 1.370248 0.239545
v 0.588195 1.370298 0.237570
v 0.589169 1.369952 0.237303
v 0.590080 1.370448 0.238085
v 0.588888 1.370196 0.237475
v 0.589158 1.370177 0.237737
v 0.589447 1.370170 0.237785
v 0.589104 1.370248 0.237849
v 0.588710 1.352869 0.226125
v 0.587717 1.352523 0.225940
v 0.589582 1.351921 0.225962
v 0.588415 1.352624 0.225977
v 0.588679 1.352383 0.226093
v 0.588619 1.352253 0.226075
v 0.588967 1.352330 0.226111
v 0.547306 1.352869 0.227829
v 0.546424 1.351921 0.227738
v 0.548280 1.352523 0.227562
v 0.547047 1.352330 0.227835
v 0.547334 1.352383 0.227794
v 0.547391 1.352253 0.227771
v 0.547587 1.352624 0.227657
v 0.593203 1.375304 0.240151
v 0.592673 1.375490 0.240788
v 0.592822 1.375529 0.240459
v 0.601331 1.372420 0.238420
v 0.600333 1.372770 0.238197
v 0.601032 1.372616 0.238212
v 0.596012 1.375256 0.240498
v 0.595962 1.375107 0.239908
v 0.595991 1.375306 0.240182
v 0.598829 1.374591 0.239946
v 0.598279 1.374554 0.239451
v 0.598662 1.374674 0.239658
v 0.600697 1.373595 0.239217
v 0.599809 1.373735 0.238851
v 0.600431 1.373730 0.238967
v 0.536713 1.372770 0.240814
v 0.535738 1.372420 0.241119
v 0.536017 1.372616 0.240886
v 0.544561 1.375490 0.242768
v 0.543979 1.375304 0.242176
v 0.544384 1.375529 0.242451
v 0.536434 1.373595 0.241860
v 0.537288 1.373735 0.241423
v 0.536678 1.373730 0.241589
v 0.538356 1.374591 0.242434
v 0.538864 1.374554 0.241895
v 0.538498 1.374674 0.242133
v 0.541210 1.375256 0.242752
v 0.541210 1.375107 0.242161
v 0.541204 1.375306 0.242435
v 0.600374 1.372316 0.238886
v 0.601331 1.372420 0.238420
v 0.601056 1.372296 0.238700
v 0.592673 1.375490 0.240788
v 0.593228 1.374854 0.240842
v 0.592840 1.375210 0.240948
v 0.600697 1.373595 0.239217
v 0.599847 1.373283 0.239541
v 0.600454 1.373410 0.239454
v 0.598829 1.374591 0.239946
v 0.598311 1.374104 0.240143
v 0.598683 1.374354 0.240147
v 0.596012 1.375256 0.240498
v 0.595991 1.374657 0.240600
v 0.596011 1.374987 0.240671
v 0.544012 1.374854 0.242867
v 0.544561 1.375490 0.242768
v 0.544406 1.375210 0.242940
v 0.535738 1.372420 0.241119
v 0.536729 1.372316 0.241504
v 0.536034 1.372296 0.241375
v 0.541210 1.375256 0.242752
v 0.541238 1.374657 0.242852
v 0.541224 1.374987 0.242925
v 0.538356 1.374591 0.242434
v 0.538887 1.374104 0.242587
v 0.538518 1.374354 0.242622
v 0.536434 1.373595 0.241860
v 0.537309 1.373283 0.242114
v 0.536696 1.373410 0.242077
v 0.720062 1.119674 0.161874
v 0.720045 1.120659 0.161461
v 0.720474 1.120659 0.161857
v 0.720050 1.119962 0.161582
v 0.720289 1.120090 0.161626
v 0.720341 1.120659 0.161570
v 0.720353 1.119962 0.161862
v 0.720045 1.184337 0.161461
v 0.720062 1.185322 0.161874
v 0.720474 1.184337 0.161857
v 0.720050 1.185034 0.161582
v 0.720289 1.184906 0.161626
v 0.720353 1.185034 0.161862
v 0.720341 1.184337 0.161570
v 0.721709 1.120659 0.191880
v 0.722127 1.120655 0.192532
v 0.721323 1.119674 0.192532
v 0.721838 1.120657 0.192242
v 0.721731 1.120089 0.192300
v 0.721769 1.119962 0.192459
v 0.721601 1.119962 0.192203
v 0.721323 1.185322 0.192533
v 0.722127 1.184341 0.192532
v 0.721709 1.184337 0.191880
v 0.721769 1.185035 0.192459
v 0.721731 1.184907 0.192300
v 0.721838 1.184339 0.192242
v 0.721601 1.185034 0.192203
v 0.744695 1.172233 0.206501
v 0.744340 1.173218 0.206289
v 0.745302 1.174114 0.206382
v 0.744592 1.172929 0.206439
v 0.744829 1.173190 0.206303
v 0.744881 1.173481 0.206271
v 0.744961 1.173131 0.206319
v 0.745302 1.130882 0.206382
v 0.744340 1.131778 0.206289
v 0.744695 1.132763 0.206501
v 0.744881 1.131515 0.206271
v 0.744829 1.131806 0.206303
v 0.744592 1.132067 0.206439
v 0.744961 1.131865 0.206319
v 0.726812 1.131778 0.195814
v 0.726303 1.130880 0.195028
v 0.726457 1.132763 0.195601
v 0.726588 1.131515 0.195338
v 0.726575 1.131800 0.195394
v 0.726500 1.131835 0.195287
v 0.726562 1.132067 0.195664
v 0.726812 1.173218 0.195814
v 0.726457 1.172233 0.195601
v 0.726303 1.174116 0.195028
v 0.726562 1.172929 0.195664
v 0.726575 1.173197 0.195394
v 0.726500 1.173161 0.195287
v 0.726588 1.173481 0.195338
v 0.720062 1.119674 0.161874
v 0.719648 1.120659 0.161891
v 0.720045 1.120659 0.161461
v 0.719769 1.119962 0.161886
v 0.719814 1.120090 0.161645
v 0.719757 1.120659 0.161594
v 0.720050 1.119962 0.161582
v 0.720045 1.184337 0.161461
v 0.719648 1.184337 0.161891
v 0.720062 1.185322 0.161874
v 0.719757 1.184337 0.161594
v 0.719814 1.184906 0.161645
v 0.719769 1.185034 0.161886
v 0.720050 1.185034 0.161582
v 0.721323 1.119674 0.192532
v 0.721344 1.120640 0.193026
v 0.720902 1.120659 0.192359
v 0.721291 1.119957 0.192853
v 0.721081 1.120086 0.192694
v 0.721038 1.120649 0.192725
v 0.721027 1.119962 0.192450
v 0.720902 1.184337 0.192359
v 0.721344 1.184356 0.193026
v 0.721323 1.185322 0.192533
v 0.721038 1.184346 0.192725
v 0.721081 1.184910 0.192694
v 0.721291 1.185039 0.192853
v 0.721027 1.185034 0.192450
v 0.744870 1.174095 0.207086
v 0.744340 1.173218 0.206289
v 0.744695 1.172233 0.206501
v 0.744579 1.173475 0.206772
v 0.744584 1.173188 0.206712
v 0.744592 1.172929 0.206439
v 0.744658 1.173130 0.206818
v 0.744695 1.132763 0.206501
v 0.744340 1.131778 0.206289
v 0.744870 1.130901 0.207086
v 0.744592 1.132067 0.206439
v 0.744584 1.131808 0.206712
v 0.744579 1.131521 0.206772
v 0.744658 1.131866 0.206818
v 0.726812 1.131778 0.195814
v 0.726457 1.132763 0.195601
v 0.725860 1.130901 0.195725
v 0.726562 1.132067 0.195664
v 0.726325 1.131808 0.195800
v 0.726196 1.131866 0.195784
v 0.726275 1.131521 0.195832
v 0.726812 1.173218 0.195814
v 0.725860 1.174095 0.195725
v 0.726457 1.172233 0.195601
v 0.726275 1.173475 0.195832
v 0.726325 1.173188 0.195800
v 0.726196 1.173130 0.195784
v 0.726562 1.172929 0.195664
v 0.749812 1.127865 0.209078
v 0.750023 1.128422 0.209684
v 0.750048 1.128259 0.209360
v 0.746874 1.119674 0.207803
v 0.747212 1.120661 0.207524
v 0.747061 1.119963 0.207574
v 0.749783 1.125074 0.209541
v 0.749610 1.125098 0.208956
v 0.749820 1.125081 0.209223
v 0.749099 1.122236 0.209133
v 0.749042 1.122765 0.208618
v 0.749171 1.122391 0.208835
v 0.748079 1.120340 0.208523
v 0.748202 1.121211 0.208115
v 0.748203 1.120595 0.208256
v 0.747212 1.184335 0.207524
v 0.746874 1.185322 0.207803
v 0.747061 1.185033 0.207574
v 0.750023 1.176574 0.209684
v 0.749812 1.177130 0.209078
v 0.750048 1.176737 0.209360
v 0.748079 1.184656 0.208523
v 0.748202 1.183785 0.208115
v 0.748203 1.184401 0.208256
v 0.749099 1.182760 0.209133
v 0.749042 1.182231 0.208618
v 0.749171 1.182605 0.208835
v 0.749783 1.179922 0.209541
v 0.749610 1.179898 0.208956
v 0.749820 1.179915 0.209223
v 0.746787 1.120648 0.208232
v 0.746874 1.119674 0.207803
v 0.746760 1.119959 0.208075
v 0.750023 1.128422 0.209684
v 0.749390 1.127869 0.209788
v 0.749750 1.128260 0.209862
v 0.748079 1.120340 0.208523
v 0.747779 1.121202 0.208825
v 0.747903 1.120592 0.208758
v 0.749099 1.122236 0.209133
v 0.748621 1.122761 0.209328
v 0.748873 1.122390 0.209337
v 0.749783 1.125074 0.209541
v 0.749189 1.125098 0.209667
v 0.749521 1.125081 0.209725
v 0.749390 1.177127 0.209788
v 0.750023 1.176574 0.209684
v 0.749750 1.176736 0.209862
v 0.746874 1.185322 0.207803
v 0.746787 1.184348 0.208232
v 0.746760 1.185037 0.208075
v 0.749783 1.179922 0.209541
v 0.749189 1.179898 0.209667
v 0.749521 1.179915 0.209725
v 0.749099 1.182760 0.209133
v 0.748621 1.182235 0.209328
v 0.748873 1.182606 0.209337
v 0.748079 1.184656 0.208523
v 0.747779 1.183794 0.208825
v 0.747903 1.184404 0.208758
v 0.747373 0.112881 0.208582
v 0.747373 0.167452 0.208582
v 0.720062 0.107342 0.161874
v 0.720045 0.108327 0.161461
v 0.720474 0.108327 0.161857
v 0.720050 0.107631 0.161582
v 0.720289 0.107758 0.161626
v 0.720341 0.108327 0.161570
v 0.720353 0.107631 0.161862
v 0.720045 0.172006 0.161461
v 0.720062 0.172990 0.161874
v 0.720474 0.172006 0.161857
v 0.720050 0.172702 0.161582
v 0.720289 0.172574 0.161626
v 0.720353 0.172702 0.161862
v 0.720341 0.172006 0.161570
v 0.721709 0.108327 0.191880
v 0.722127 0.108323 0.192532
v 0.721323 0.107342 0.192532
v 0.721838 0.108325 0.192241
v 0.721731 0.107758 0.192300
v 0.721769 0.107629 0.192459
v 0.721601 0.107631 0.192203
v 0.721323 0.172990 0.192532
v 0.722127 0.172009 0.192532
v 0.721709 0.172006 0.191880
v 0.721769 0.172703 0.192459
v 0.721731 0.172575 0.192300
v 0.721838 0.172007 0.192241
v 0.721601 0.172702 0.192203
v 0.744695 0.159901 0.206500
v 0.744340 0.160886 0.206289
v 0.745302 0.161782 0.206382
v 0.744592 0.160598 0.206438
v 0.744829 0.160859 0.206303
v 0.744881 0.161149 0.206271
v 0.744961 0.160799 0.206319
v 0.745302 0.118550 0.206382
v 0.744340 0.119447 0.206289
v 0.744695 0.120431 0.206500
v 0.744881 0.119184 0.206271
v 0.744829 0.119474 0.206303
v 0.744592 0.119735 0.206438
v 0.744961 0.119534 0.206319
v 0.726812 0.119447 0.195813
v 0.726303 0.118549 0.195028
v 0.726457 0.120431 0.195601
v 0.726588 0.119183 0.195338
v 0.726575 0.119468 0.195394
v 0.726500 0.119504 0.195287
v 0.726562 0.119735 0.195664
v 0.726812 0.160886 0.195813
v 0.726457 0.159901 0.195601
v 0.726303 0.161784 0.195028
v 0.726562 0.160598 0.195664
v 0.726575 0.160865 0.195394
v 0.726500 0.160829 0.195287
v 0.726588 0.161150 0.195338
v 0.720062 0.107342 0.161874
v 0.719648 0.108327 0.161891
v 0.720045 0.108327 0.161461
v 0.719769 0.107631 0.161886
v 0.719814 0.107758 0.161645
v 0.719757 0.108327 0.161594
v 0.720050 0.107631 0.161582
v 0.720045 0.172006 0.161461
v 0.719648 0.172006 0.161891
v 0.720062 0.172990 0.161874
v 0.719757 0.172006 0.161594
v 0.719814 0.172574 0.161645
v 0.719769 0.172702 0.161886
v 0.720050 0.172702 0.161582
v 0.721323 0.107342 0.192532
v 0.721344 0.108308 0.193026
v 0.720902 0.108327 0.192359
v 0.721291 0.107625 0.192853
v 0.721081 0.107754 0.192694
v 0.721038 0.108318 0.192725
v 0.721027 0.107631 0.192450
v 0.720902 0.172006 0.192359
v 0.721344 0.172025 0.193026
v 0.721323 0.172990 0.192532
v 0.721038 0.172015 0.192725
v 0.721081 0.172578 0.192694
v 0.721291 0.172707 0.192853
v 0.721027 0.172702 0.192450
v 0.744870 0.161763 0.207086
v 0.744340 0.160886 0.206289
v 0.744695 0.159901 0.206500
v 0.744579 0.161144 0.206772
v 0.744584 0.160856 0.206712
v 0.744592 0.160598 0.206438
v 0.744658 0.160798 0.206818
v 0.744695 0.120431 0.206500
v 0.744340 0.119447 0.206289
v 0.744870 0.118569 0.207086
v 0.744592 0.119735 0.206438
v 0.744584 0.119476 0.206712
v 0.744579 0.119189 0.206772
v 0.744658 0.119534 0.206818
v 0.726812 0.119447 0.195813
v 0.726457 0.120431 0.195601
v 0.725860 0.118569 0.195725
v 0.726562 0.119735 0.195664
v 0.726325 0.119476 0.195800
v 0.726196 0.119534 0.195784
v 0.726275 0.119189 0.195832
v 0.726812 0.160886 0.195813
v 0.725860 0.161763 0.195725
v 0.726457 0.159901 0.195601
v 0.726275 0.161144 0.195832
v 0.726325 0.160856 0.195800
v 0.726196 0.160798 0.195784
v 0.726562 0.160598 0.195664
v 0.749812 0.115534 0.209078
v 0.750023 0.116090 0.209684
v 0.750048 0.115927 0.209360
v 0.746874 0.107342 0.207802
v 0.747212 0.108329 0.207524
v 0.747061 0.107631 0.207574
v 0.749783 0.112742 0.209541
v 0.749610 0.112767 0.208956
v 0.749820 0.112750 0.209223
v 0.749099 0.109904 0.209133
v 0.749042 0.110433 0.208618
v 0.749171 0.110059 0.208835
v 0.748079 0.108008 0.208522
v 0.748202 0.108879 0.208115
v 0.748203 0.108263 0.208256
v 0.747212 0.172004 0.207524
v 0.746874 0.172990 0.207802
v 0.747061 0.172701 0.207574
v 0.750023 0.164242 0.209684
v 0.749812 0.164799 0.209078
v 0.750048 0.164405 0.209360
v 0.748079 0.172325 0.208522
v 0.748202 0.171453 0.208115
v 0.748203 0.172069 0.208256
v 0.749099 0.170428 0.209133
v 0.749042 0.169899 0.208618
v 0.749171 0.170273 0.208835
v 0.749783 0.167590 0.209541
v 0.749610 0.167566 0.208956
v 0.749820 0.167583 0.209223
v 0.746787 0.108317 0.208231
v 0.746874 0.107342 0.207802
v 0.746760 0.107628 0.208075
v 0.750023 0.116090 0.209684
v 0.749390 0.115537 0.209788
v 0.749750 0.115928 0.209862
v 0.748079 0.108008 0.208522
v 0.747779 0.108871 0.208825
v 0.747903 0.108261 0.208758
v 0.749099 0.109904 0.209133
v 0.748621 0.110429 0.209328
v 0.748873 0.110058 0.209337
v 0.749783 0.112742 0.209541
v 0.749189 0.112766 0.209667
v 0.749521 0.112750 0.209725
v 0.749390 0.164795 0.209788
v 0.750023 0.164242 0.209684
v 0.749750 0.164404 0.209862
v 0.746874 0.172990 0.207802
v 0.746787 0.172016 0.208231
v 0.746760 0.172705 0.208075
v 0.749783 0.167590 0.209541
v 0.749189 0.167566 0.209667
v 0.749521 0.167583 0.209725
v 0.749099 0.170428 0.209133
v 0.748621 0.169903 0.209328
v 0.748873 0.170274 0.209337
v 0.748079 0.172325 0.208522
v 0.747779 0.171462 0.208825
v 0.747903 0.172072 0.208758
v 0.718256 0.166983 -0.499199
v 0.718256 0.112412 -0.499199
v 0.694873 0.172522 -0.450405
v 0.694890 0.171537 -0.449992
v 0.695285 0.171537 -0.450422
v 0.694885 0.172233 -0.450113
v 0.695121 0.172106 -0.450176
v 0.695176 0.171537 -0.450125
v 0.695165 0.172233 -0.450417
v 0.694890 0.107858 -0.449992
v 0.694873 0.106873 -0.450405
v 0.695285 0.107858 -0.450422
v 0.694885 0.107162 -0.450113
v 0.695121 0.107289 -0.450176
v 0.695165 0.107162 -0.450417
v 0.695176 0.107858 -0.450125
v 0.694050 0.171537 -0.480445
v 0.694413 0.171540 -0.481129
v 0.693612 0.172522 -0.481064
v 0.694149 0.171539 -0.480816
v 0.694038 0.172106 -0.480866
v 0.694062 0.172234 -0.481027
v 0.693916 0.172233 -0.480758
v 0.693612 0.106873 -0.481064
v 0.694413 0.107855 -0.481129
v 0.694050 0.107858 -0.480445
v 0.694062 0.107161 -0.481027
v 0.694038 0.107289 -0.480866
v 0.694149 0.107856 -0.480816
v 0.693916 0.107162 -0.480758
v 0.715759 0.119963 -0.496905
v 0.715422 0.118978 -0.496664
v 0.716373 0.118082 -0.496836
v 0.715660 0.119266 -0.496834
v 0.715907 0.119005 -0.496718
v 0.715961 0.118715 -0.496690
v 0.716037 0.119065 -0.496745
v 0.716373 0.161313 -0.496836
v 0.715422 0.160417 -0.496664
v 0.715759 0.159432 -0.496905
v 0.715961 0.160680 -0.496690
v 0.715907 0.160390 -0.496718
v 0.715660 0.160129 -0.496834
v 0.716037 0.160330 -0.496745
v 0.698813 0.160417 -0.484785
v 0.698370 0.161315 -0.483960
v 0.698478 0.159432 -0.484544
v 0.698629 0.160681 -0.484293
v 0.698612 0.160396 -0.484347
v 0.698545 0.160360 -0.484234
v 0.698576 0.160129 -0.484614
v 0.698813 0.118978 -0.484785
v 0.698478 0.119963 -0.484544
v 0.698370 0.118080 -0.483960
v 0.698576 0.119266 -0.484614
v 0.698612 0.118999 -0.484347
v 0.698545 0.119035 -0.484234
v 0.698629 0.118714 -0.484293
v 0.694873 0.172522 -0.450405
v 0.694459 0.171537 -0.450388
v 0.694890 0.171537 -0.449992
v 0.694581 0.172233 -0.450393
v 0.694644 0.172106 -0.450157
v 0.694593 0.171537 -0.450101
v 0.694885 0.172233 -0.450113
v 0.694890 0.107858 -0.449992
v 0.694459 0.107858 -0.450388
v 0.694873 0.106873 -0.450405
v 0.694593 0.107858 -0.450101
v 0.694644 0.107289 -0.450157
v 0.694581 0.107162 -0.450393
v 0.694885 0.107162 -0.450113
v 0.693612 0.172522 -0.481064
v 0.693592 0.171556 -0.481558
v 0.693206 0.171537 -0.480857
v 0.693553 0.172239 -0.481381
v 0.693358 0.172109 -0.481205
v 0.693312 0.171546 -0.481233
v 0.693323 0.172233 -0.480957
v 0.693206 0.107858 -0.480857
v 0.693592 0.107839 -0.481558
v 0.693612 0.106873 -0.481064
v 0.693312 0.107849 -0.481233
v 0.693358 0.107286 -0.481205
v 0.693553 0.107156 -0.481381
v 0.693323 0.107162 -0.480957
v 0.715884 0.118100 -0.497502
v 0.715422 0.118978 -0.496664
v 0.715759 0.119963 -0.496905
v 0.715620 0.118720 -0.497166
v 0.715630 0.119007 -0.497106
v 0.715660 0.119266 -0.496834
v 0.715695 0.119066 -0.497218
v 0.715759 0.159432 -0.496905
v 0.715422 0.160417 -0.496664
v 0.715884 0.161294 -0.497502
v 0.715660 0.160129 -0.496834
v 0.715630 0.160388 -0.497106
v 0.715620 0.160675 -0.497166
v 0.715695 0.160329 -0.497218
v 0.698813 0.160417 -0.484785
v 0.698478 0.159432 -0.484544
v 0.697871 0.161294 -0.484618
v 0.698576 0.160129 -0.484614
v 0.698330 0.160388 -0.484731
v 0.698201 0.160329 -0.484705
v 0.698276 0.160675 -0.484758
v 0.698813 0.118978 -0.484785
v 0.697871 0.118100 -0.484618
v 0.698478 0.119963 -0.484544
v 0.698276 0.118720 -0.484758
v 0.698330 0.119007 -0.484731
v 0.698201 0.119066 -0.484705
v 0.698576 0.119266 -0.484614
v 0.720646 0.164330 -0.499893
v 0.720806 0.163774 -0.500515
v 0.720859 0.163937 -0.500194
v 0.717822 0.172522 -0.498380
v 0.718182 0.171535 -0.498130
v 0.718027 0.172233 -0.498168
v 0.720579 0.167121 -0.500353
v 0.720454 0.167097 -0.499756
v 0.720642 0.167114 -0.500039
v 0.719932 0.169960 -0.499890
v 0.719917 0.169431 -0.499371
v 0.720028 0.169805 -0.499599
v 0.718965 0.171856 -0.499198
v 0.719121 0.170985 -0.498802
v 0.719109 0.171601 -0.498943
v 0.718182 0.107860 -0.498131
v 0.717822 0.106873 -0.498380
v 0.718027 0.107162 -0.498168
v 0.720806 0.115621 -0.500515
v 0.720646 0.115065 -0.499893
v 0.720859 0.115459 -0.500194
v 0.718965 0.107539 -0.499198
v 0.719121 0.108410 -0.498802
v 0.719109 0.107794 -0.498943
v 0.719932 0.109436 -0.499890
v 0.719917 0.109964 -0.499372
v 0.720028 0.109591 -0.499599
v 0.720579 0.112274 -0.500353
v 0.720454 0.112298 -0.499756
v 0.720642 0.112281 -0.500039
v 0.717700 0.171547 -0.498802
v 0.717822 0.172522 -0.498380
v 0.717687 0.172236 -0.498643
v 0.720806 0.163774 -0.500515
v 0.720167 0.164327 -0.500566
v 0.720520 0.163936 -0.500669
v 0.718965 0.171856 -0.499198
v 0.718641 0.170993 -0.499474
v 0.718769 0.171603 -0.499417
v 0.719932 0.169960 -0.499890
v 0.719439 0.169435 -0.500045
v 0.719688 0.169806 -0.500075
v 0.720579 0.167121 -0.500353
v 0.719976 0.167097 -0.500430
v 0.720304 0.167114 -0.500514
v 0.720167 0.115068 -0.500566
v 0.720806 0.115621 -0.500515
v 0.720520 0.115460 -0.500669
v 0.717822 0.106873 -0.498380
v 0.717700 0.107848 -0.498802
v 0.717687 0.107159 -0.498643
v 0.720579 0.112274 -0.500353
v 0.719976 0.112298 -0.500430
v 0.720304 0.112281 -0.500514
v 0.719932 0.109436 -0.499890
v 0.719439 0.109960 -0.500045
v 0.719688 0.109589 -0.500075
v 0.718965 0.107539 -0.499198
v 0.718641 0.108402 -0.499474
v 0.718769 0.107792 -0.499417
v 0.718258 1.179315 -0.499199
v 0.718258 1.124744 -0.499199
v 0.694874 1.184853 -0.450405
v 0.694891 1.183869 -0.449992
v 0.695286 1.183869 -0.450422
v 0.694886 1.184565 -0.450113
v 0.695122 1.184437 -0.450176
v 0.695177 1.183869 -0.450125
v 0.695165 1.184565 -0.450417
v 0.694891 1.120190 -0.449992
v 0.694874 1.119205 -0.450405
v 0.695286 1.120190 -0.450422
v 0.694886 1.119493 -0.450113
v 0.695122 1.119621 -0.450176
v 0.695165 1.119493 -0.450417
v 0.695177 1.120190 -0.450125
v 0.694051 1.183869 -0.480444
v 0.694414 1.183872 -0.481129
v 0.693613 1.184853 -0.481064
v 0.694150 1.183871 -0.480816
v 0.694039 1.184438 -0.480866
v 0.694063 1.184566 -0.481027
v 0.693917 1.184565 -0.480758
v 0.693613 1.119205 -0.481064
v 0.694414 1.120186 -0.481129
v 0.694051 1.120190 -0.480444
v 0.694063 1.119493 -0.481027
v 0.694039 1.119621 -0.480866
v 0.694150 1.120188 -0.480816
v 0.693917 1.119493 -0.480758
v 0.715759 1.132294 -0.496905
v 0.715423 1.131310 -0.496664
v 0.716373 1.130413 -0.496836
v 0.715661 1.131598 -0.496834
v 0.715908 1.131337 -0.496718
v 0.715963 1.131046 -0.496690
v 0.716039 1.131397 -0.496746
v 0.716373 1.173645 -0.496836
v 0.715423 1.172749 -0.496664
v 0.715759 1.171764 -0.496905
v 0.715963 1.173012 -0.496690
v 0.715908 1.172722 -0.496718
v 0.715661 1.172461 -0.496834
v 0.716039 1.172662 -0.496746
v 0.698814 1.172749 -0.484785
v 0.698371 1.173647 -0.483960
v 0.698479 1.171764 -0.484544
v 0.698630 1.173012 -0.484293
v 0.698613 1.172728 -0.484347
v 0.698546 1.172692 -0.484234
v 0.698577 1.172461 -0.484614
v 0.698814 1.131310 -0.484785
v 0.698479 1.132294 -0.484544
v 0.698371 1.130411 -0.483960
v 0.698577 1.131598 -0.484614
v 0.698613 1.131331 -0.484347
v 0.698546 1.131367 -0.484234
v 0.698630 1.131046 -0.484293
v 0.694874 1.184853 -0.450405
v 0.694461 1.183869 -0.450388
v 0.694891 1.183869 -0.449992
v 0.694582 1.184565 -0.450393
v 0.694646 1.184437 -0.450157
v 0.694594 1.183869 -0.450101
v 0.694886 1.184565 -0.450113
v 0.694891 1.120190 -0.449992
v 0.694461 1.120190 -0.450388
v 0.694874 1.119205 -0.450405
v 0.694594 1.120190 -0.450101
v 0.694646 1.119621 -0.450157
v 0.694582 1.119493 -0.450393
v 0.694886 1.119493 -0.450113
v 0.693613 1.184853 -0.481064
v 0.693593 1.183888 -0.481558
v 0.693207 1.183869 -0.480857
v 0.693554 1.184571 -0.481381
v 0.693359 1.184441 -0.481205
v 0.693313 1.183878 -0.481233
v 0.693325 1.184565 -0.480956
v 0.693207 1.120190 -0.480857
v 0.693593 1.120171 -0.481558
v 0.693613 1.119205 -0.481064
v 0.693313 1.120181 -0.481233
v 0.693359 1.119617 -0.481205
v 0.693554 1.119488 -0.481381
v 0.693325 1.119493 -0.480956
v 0.715885 1.130432 -0.497502
v 0.715423 1.131310 -0.496664
v 0.715759 1.132294 -0.496905
v 0.715621 1.131052 -0.497165
v 0.715630 1.131339 -0.497106
v 0.715661 1.131598 -0.496834
v 0.715696 1.131397 -0.497218
v 0.715759 1.171764 -0.496905
v 0.715423 1.172749 -0.496664
v 0.715885 1.173626 -0.497502
v 0.715661 1.172461 -0.496834
v 0.715630 1.172719 -0.497106
v 0.715621 1.173007 -0.497165
v 0.715696 1.172661 -0.497218
v 0.698814 1.172749 -0.484785
v 0.698479 1.171764 -0.484544
v 0.697873 1.173626 -0.484618
v 0.698577 1.172461 -0.484614
v 0.698330 1.172719 -0.484731
v 0.698202 1.172661 -0.484705
v 0.698277 1.173007 -0.484758
v 0.698814 1.131310 -0.484785
v 0.697873 1.130432 -0.484618
v 0.698479 1.132294 -0.484544
v 0.698277 1.131052 -0.484758
v 0.698330 1.131339 -0.484731
v 0.698202 1.131397 -0.484705
v 0.698577 1.131598 -0.484614
v 0.720647 1.176662 -0.499892
v 0.720807 1.176105 -0.500515
v 0.720860 1.176268 -0.500194
v 0.717823 1.184853 -0.498380
v 0.718183 1.183867 -0.498130
v 0.718028 1.184564 -0.498168
v 0.720580 1.179453 -0.500353
v 0.720455 1.179429 -0.499756
v 0.720643 1.179446 -0.500039
v 0.719933 1.182291 -0.499890
v 0.719919 1.181763 -0.499371
v 0.720028 1.182136 -0.499599
v 0.718965 1.184188 -0.499198
v 0.719122 1.183317 -0.498802
v 0.719110 1.183932 -0.498942
v 0.718183 1.120192 -0.498130
v 0.717823 1.119205 -0.498380
v 0.718028 1.119494 -0.498168
v 0.720807 1.127953 -0.500515
v 0.720647 1.127397 -0.499892
v 0.720860 1.127790 -0.500194
v 0.718965 1.119871 -0.499198
v 0.719122 1.120742 -0.498802
v 0.719110 1.120126 -0.498942
v 0.719933 1.121767 -0.499890
v 0.719919 1.122296 -0.499371
v 0.720028 1.121922 -0.499599
v 0.720580 1.124606 -0.500353
v 0.720455 1.124630 -0.499756
v 0.720643 1.124613 -0.500039
v 0.717701 1.183879 -0.498801
v 0.717823 1.184853 -0.498380
v 0.717688 1.184568 -0.498643
v 0.720807 1.176105 -0.500515
v 0.720168 1.176659 -0.500566
v 0.720521 1.176267 -0.500669
v 0.718965 1.184188 -0.499198
v 0.718642 1.183325 -0.499474
v 0.718771 1.183935 -0.499417
v 0.719933 1.182291 -0.499890
v 0.719439 1.181767 -0.500045
v 0.719689 1.182138 -0.500074
v 0.720580 1.179453 -0.500353
v 0.719977 1.179429 -0.500429
v 0.720304 1.179446 -0.500514
v 0.720168 1.127400 -0.500566
v 0.720807 1.127953 -0.500515
v 0.720521 1.127791 -0.500669
v 0.717823 1.119205 -0.498380
v 0.717701 1.120179 -0.498801
v 0.717688 1.119491 -0.498643
v 0.720580 1.124606 -0.500353
v 0.719977 1.124629 -0.500429
v 0.720304 1.124612 -0.500514
v 0.719933 1.121767 -0.499890
v 0.719439 1.122292 -0.500045
v 0.719689 1.121921 -0.500074
v 0.718965 1.119871 -0.499198
v 0.718642 1.120734 -0.499474
v 0.718771 1.120124 -0.499417
v 0.322533 1.239296 0.263558
v 0.322937 1.238974 0.266583
v 0.323798 1.237275 0.268979
v 0.324887 1.234654 0.270104
v 0.325910 1.231812 0.269655
v 0.326595 1.229512 0.267756
v 0.326757 1.228370 0.264912
v 0.322696 1.238154 0.260714
v 0.075306 0.023066 0.262215
v -0.407286 0.023066 0.282068
v -0.407286 0.512942 0.282068
v 0.075306 0.512942 0.262215
v -0.053164 0.512942 0.267500
v -0.278817 0.512942 0.276783
v -0.082763 0.491640 0.268718
v -0.249217 0.491640 0.275565
v -0.112555 0.476811 0.269944
v -0.147578 0.469016 0.271384
v -0.184403 0.469016 0.272899
v -0.219425 0.476811 0.274340
v 0.058861 0.042558 0.243384
v -0.392444 0.042558 0.261949
v -0.392444 0.512942 0.261949
v 0.058861 0.512942 0.243384
v -0.053965 0.512942 0.248025
v -0.279618 0.512942 0.257308
v -0.083565 0.491640 0.249243
v -0.250018 0.491640 0.256090
v -0.113356 0.476811 0.250468
v -0.148379 0.469016 0.251909
v -0.185204 0.469016 0.253424
v -0.220226 0.476811 0.254865
v -0.452029 0.011962 -0.498861
v 0.683594 1.342624 -0.545577
v 0.675452 0.010970 -0.545242
v 0.684137 0.000981 -0.545600
v 0.107060 0.665862 -0.496694
vn -0.9992 -0.0000 0.0411
vn -0.5161 -0.4692 -0.7166
vn -0.5161 -0.4671 -0.7180
vn -0.5189 -0.1989 -0.8314
vn -0.5194 -0.2190 -0.8260
vn -0.6440 -0.0000 0.7651
vn -0.6637 0.1830 0.7252
vn -0.4676 0.2007 0.8609
vn -0.4351 -0.0000 0.9004
vn 0.0400 0.2309 0.9722
vn 0.0411 -0.0000 0.9992
vn 0.5367 0.2007 0.8196
vn 0.5075 -0.0000 0.8616
vn 0.8936 0.1164 0.4335
vn 0.8704 -0.0000 0.4924
vn 0.9731 0.0701 0.2193
vn 0.9704 -0.0000 0.2414
vn 0.8392 -0.2742 -0.4697
vn 0.8393 -0.2763 -0.4682
vn 0.8361 -0.1333 -0.5321
vn 0.8349 -0.1119 -0.5389
vn 0.1980 -0.0000 -0.9802
vn 0.2100 -0.2262 -0.9512
vn 0.2104 -0.2375 -0.9483
vn -0.5155 -0.6012 -0.6106
vn -0.5155 -0.5992 -0.6125
vn -0.6684 0.3869 0.6352
vn -0.4641 0.4652 0.7538
vn 0.0347 0.5351 0.8441
vn 0.5245 0.4652 0.7131
vn 0.8827 0.2681 0.3861
vn 0.9719 0.1441 0.1860
vn 0.8441 -0.3502 -0.4061
vn 0.8442 -0.3522 -0.4040
vn 0.2162 -0.5181 -0.8275
vn 0.2162 -0.5193 -0.8268
vn -0.5139 -0.7119 -0.4787
vn -0.5139 -0.7104 -0.4809
vn -0.6757 0.4945 0.5468
vn -0.4719 0.5967 0.6491
vn 0.0298 0.6880 0.7251
vn 0.5236 0.5967 0.6081
vn 0.8821 0.3421 0.3239
vn 0.9712 0.1833 0.1521
vn 0.8495 -0.4133 -0.3278
vn 0.8497 -0.4148 -0.3255
vn 0.2233 -0.6657 -0.7120
vn 0.2234 -0.6669 -0.7109
vn -0.5111 -0.8321 -0.2155
vn -0.5103 -0.8360 -0.2018
vn -0.6838 0.5839 0.4376
vn -0.4808 0.7072 0.5184
vn 0.0237 0.8174 0.5756
vn 0.5217 0.7072 0.4772
vn 0.8810 0.4033 0.2475
vn 0.9702 0.2154 0.1109
vn 0.8610 -0.4827 -0.1604
vn 0.8606 -0.4784 -0.1745
vn 0.2317 -0.7904 -0.5671
vn 0.2317 -0.7913 -0.5659
vn -0.4868 -0.8733 0.0200
vn -0.7004 0.6783 0.2223
vn -0.5103 0.8252 0.2421
vn 0.0106 0.9664 0.2570
vn 0.5284 0.8253 0.1994
vn 0.8887 0.4502 0.0874
vn 0.9684 0.2473 0.0323
vn 0.8576 -0.5130 -0.0353
vn 0.2493 -0.9320 -0.2630
vn 0.2490 -0.9299 -0.2708
vn -0.4305 -0.0000 0.9026
vn -0.4488 -0.1989 0.8712
vn -0.4498 -0.2191 0.8658
vn -0.6939 0.7195 0.0285
vn -0.4892 0.8719 0.0201
vn -0.0000 1.0000 -0.0000
vn 0.4892 0.8720 -0.0201
vn 0.8599 0.5093 -0.0354
vn 0.9628 0.2675 -0.0396
vn 0.8669 -0.0000 0.4984
vn 0.8770 -0.1333 0.4616
vn 0.8763 -0.1120 0.4685
vn 0.2505 -0.9681 -0.0103
vn -0.4554 -0.4671 0.7579
vn -0.4555 -0.4692 0.7566
vn -0.7046 -0.0000 -0.7096
vn -0.5076 -0.0000 -0.8616
vn -0.5367 0.2007 -0.8195
vn -0.7211 0.1830 -0.6683
vn -0.0411 -0.0000 -0.9992
vn -0.0400 0.2309 -0.9722
vn 0.4351 -0.0000 -0.9004
vn 0.4676 0.2007 -0.8609
vn 0.8270 -0.0000 -0.5622
vn 0.8550 0.1164 -0.5055
vn 0.9473 -0.0000 -0.3203
vn 0.9518 0.0701 -0.2985
vn 0.8749 -0.2764 0.3977
vn 0.8749 -0.2742 0.3991
vn 0.2779 -0.0000 0.9606
vn 0.2875 -0.2375 0.9278
vn 0.2874 -0.2262 0.9307
vn -0.4634 -0.5993 0.6528
vn -0.4636 -0.6013 0.6508
vn -0.5245 0.4652 -0.7131
vn -0.7183 0.3869 -0.5782
vn -0.0347 0.5351 -0.8441
vn 0.4641 0.4652 -0.7538
vn 0.8480 0.2681 -0.4573
vn 0.9534 0.1441 -0.2652
vn 0.8745 -0.3522 0.3334
vn 0.8746 -0.3502 0.3354
vn 0.2834 -0.5193 0.8062
vn 0.2834 -0.5181 0.8070
vn -0.4727 -0.7104 0.5214
vn -0.4728 -0.7119 0.5193
vn -0.5236 0.5967 -0.6081
vn -0.7183 0.4945 -0.4894
vn -0.0298 0.6880 -0.7251
vn 0.4719 0.5967 -0.6491
vn 0.8525 0.3421 -0.3952
vn 0.9554 0.1833 -0.2314
vn 0.8736 -0.4148 0.2547
vn 0.8736 -0.4133 0.2569
vn 0.2810 -0.6669 0.6902
vn 0.2810 -0.6657 0.6913
vn -0.4920 -0.8360 0.2430
vn -0.4917 -0.8321 0.2567
vn -0.5217 0.7072 -0.4772
vn -0.7174 0.5839 -0.3799
vn -0.0237 0.8174 -0.5756
vn 0.4808 0.7072 -0.5184
vn 0.8577 0.4033 -0.3190
vn 0.9578 0.2154 -0.1902
vn 0.8721 -0.4784 0.1032
vn 0.8713 -0.4827 0.0891
vn 0.2774 -0.7913 0.5449
vn 0.2774 -0.7904 0.5462
vn -0.5284 0.8252 -0.1994
vn -0.7163 0.6783 -0.1640
vn -0.0106 0.9664 -0.2570
vn 0.5103 0.8252 -0.2421
vn 0.8785 0.4502 -0.1601
vn 0.9625 0.2473 -0.1117
vn 0.2704 -0.9299 0.2495
vn 0.2700 -0.9320 0.2417
vn -0.5032 -0.0000 -0.8642
vn -0.5189 0.1990 -0.8314
vn -0.5194 0.2190 -0.8260
vn 0.8231 -0.0000 -0.5679
vn 0.8361 0.1333 -0.5321
vn 0.8349 0.1119 -0.5389
vn -0.5161 0.4671 -0.7180
vn -0.5161 0.4692 -0.7166
vn -0.4676 -0.2007 0.8609
vn -0.6637 -0.1830 0.7252
vn 0.0400 -0.2309 0.9722
vn 0.5367 -0.2007 0.8196
vn 0.8936 -0.1164 0.4336
vn 0.9731 -0.0701 0.2193
vn 0.8393 0.2763 -0.4682
vn 0.8392 0.2742 -0.4697
vn 0.2104 0.2375 -0.9483
vn 0.2100 0.2262 -0.9512
vn -0.5155 0.5992 -0.6125
vn -0.5155 0.6012 -0.6106
vn -0.4642 -0.4652 0.7538
vn -0.6684 -0.3869 0.6352
vn 0.0347 -0.5351 0.8441
vn 0.5245 -0.4652 0.7131
vn 0.8827 -0.2681 0.3861
vn 0.9719 -0.1441 0.1860
vn 0.8442 0.3522 -0.4040
vn 0.8441 0.3502 -0.4061
vn 0.2162 0.5193 -0.8268
vn 0.2162 0.5181 -0.8275
vn -0.5139 0.7104 -0.4809
vn -0.5139 0.7119 -0.4787
vn -0.4719 -0.5967 0.6491
vn -0.6757 -0.4945 0.5468
vn 0.0298 -0.6880 0.7251
vn 0.5236 -0.5967 0.6081
vn 0.8821 -0.3421 0.3239
vn 0.9712 -0.1833 0.1521
vn 0.8497 0.4148 -0.3255
vn 0.8495 0.4133 -0.3278
vn 0.2234 0.6669 -0.7109
vn 0.2233 0.6657 -0.7120
vn -0.5103 0.8360 -0.2018
vn -0.5111 0.8321 -0.2155
vn -0.4808 -0.7072 0.5184
vn -0.6838 -0.5839 0.4376
vn 0.0237 -0.8174 0.5756
vn 0.5217 -0.7072 0.4772
vn 0.8810 -0.4033 0.2474
vn 0.9702 -0.2154 0.1109
vn 0.8606 0.4784 -0.1745
vn 0.8610 0.4827 -0.1604
vn 0.2317 0.7913 -0.5659
vn 0.2317 0.7904 -0.5671
vn -0.4868 0.8733 0.0200
vn -0.5103 -0.8252 0.2421
vn -0.7004 -0.6783 0.2223
vn 0.0106 -0.9664 0.2570
vn 0.5284 -0.8252 0.1994
vn 0.8887 -0.4502 0.0874
vn 0.9684 -0.2473 0.0323
vn 0.8576 0.5130 -0.0353
vn 0.2490 0.9299 -0.2708
vn 0.2493 0.9320 -0.2630
vn -0.4498 0.2190 0.8658
vn -0.4488 0.1989 0.8712
vn -0.4892 -0.8719 0.0201
vn -0.6939 -0.7195 0.0285
vn -0.0000 -1.0000 -0.0000
vn 0.4892 -0.8720 -0.0201
vn 0.8599 -0.5093 -0.0354
vn 0.9628 -0.2675 -0.0396
vn 0.8763 0.1120 0.4685
vn 0.8770 0.1333 0.4617
vn 0.2505 0.9681 -0.0103
vn -0.4555 0.4692 0.7566
vn -0.4554 0.4671 0.7579
vn -0.7211 -0.1830 -0.6683
vn -0.5367 -0.2007 -0.8195
vn -0.0400 -0.2309 -0.9722
vn 0.4676 -0.2007 -0.8609
vn 0.8550 -0.1164 -0.5055
vn 0.9518 -0.0701 -0.2985
vn 0.8749 0.2742 0.3991
vn 0.8749 0.2764 0.3977
vn 0.2874 0.2262 0.9307
vn 0.2875 0.2375 0.9278
vn -0.4636 0.6013 0.6508
vn -0.4634 0.5993 0.6528
vn -0.7183 -0.3869 -0.5782
vn -0.5245 -0.4652 -0.7131
vn -0.0347 -0.5351 -0.8441
vn 0.4641 -0.4652 -0.7538
vn 0.8480 -0.2681 -0.4573
vn 0.9534 -0.1441 -0.2652
vn 0.8746 0.3502 0.3354
vn 0.8745 0.3522 0.3333
vn 0.2834 0.5181 0.8070
vn 0.2834 0.5193 0.8062
vn -0.4728 0.7119 0.5193
vn -0.4726 0.7104 0.5214
vn -0.7183 -0.4945 -0.4894
vn -0.5236 -0.5967 -0.6081
vn -0.0298 -0.6880 -0.7251
vn 0.4719 -0.5967 -0.6491
vn 0.8525 -0.3421 -0.3952
vn 0.9554 -0.1833 -0.2314
vn 0.8736 0.4133 0.2569
vn 0.8736 0.4148 0.2547
vn 0.2810 0.6657 0.6913
vn 0.2810 0.6669 0.6902
vn -0.4917 0.8321 0.2567
vn -0.4920 0.8360 0.2430
vn -0.7174 -0.5839 -0.3799
vn -0.5217 -0.7072 -0.4772
vn -0.0237 -0.8174 -0.5756
vn 0.4808 -0.7072 -0.5184
vn 0.8577 -0.4033 -0.3190
vn 0.9578 -0.2154 -0.1902
vn 0.8713 0.4827 0.0891
vn 0.8721 0.4784 0.1032
vn 0.2774 0.7904 0.5462
vn 0.2774 0.7913 0.5449
vn -0.7163 -0.6782 -0.1640
vn -0.5285 -0.8252 -0.1994
vn -0.0106 -0.9664 -0.2570
vn 0.5103 -0.8252 -0.2421
vn 0.8785 -0.4502 -0.1601
vn 0.9625 -0.2473 -0.1117
vn 0.2700 0.9320 0.2417
vn 0.2704 0.9299 0.2495
vn 0.9992 -0.0000 -0.0411
vn 0.9591 -0.1793 -0.2189
vn 0.9122 -0.3599 -0.1961
vn 0.8740 -0.3250 -0.3612
vn 0.9039 -0.1584 -0.3974
vn 0.1718 -0.9673 -0.1866
vn 0.1435 -0.9194 -0.3662
vn 0.3113 -0.8881 -0.3381
vn 0.3531 -0.9194 -0.1731
vn 0.1394 -0.1794 -0.9739
vn 0.3218 -0.1585 -0.9335
vn 0.2882 -0.3251 -0.9007
vn 0.1205 -0.3600 -0.9252
vn 0.1865 -0.9673 0.1718
vn 0.3661 -0.9194 0.1436
vn 0.3381 -0.8881 0.3114
vn 0.1731 -0.9194 0.3531
vn 0.9739 -0.1793 0.1394
vn 0.9334 -0.1585 0.3218
vn 0.9007 -0.3250 0.2883
vn 0.9252 -0.3599 0.1205
vn 0.2190 -0.1794 0.9591
vn 0.1961 -0.3600 0.9121
vn 0.3613 -0.3251 0.8740
vn 0.3975 -0.1585 0.9038
vn -0.1866 -0.9673 -0.1718
vn -0.3661 -0.9194 -0.1435
vn -0.3381 -0.8881 -0.3114
vn -0.1731 -0.9194 -0.3531
vn -0.9738 -0.1794 -0.1395
vn -0.9334 -0.1585 -0.3219
vn -0.9007 -0.3251 -0.2883
vn -0.9251 -0.3600 -0.1206
vn -0.2189 -0.1793 -0.9591
vn -0.1962 -0.3599 -0.9121
vn -0.3613 -0.3250 -0.8740
vn -0.3974 -0.1585 -0.9039
vn -0.9738 0.1794 -0.1395
vn -0.9251 0.3600 -0.1206
vn -0.9007 0.3251 -0.2883
vn -0.9334 0.1585 -0.3219
vn -0.1866 0.9673 -0.1718
vn -0.1732 0.9194 -0.3531
vn -0.3381 0.8881 -0.3114
vn -0.3662 0.9194 -0.1435
vn -0.2189 0.1794 -0.9591
vn -0.3974 0.1585 -0.9039
vn -0.3613 0.3250 -0.8740
vn -0.1962 0.3599 -0.9121
vn -0.1718 -0.9673 0.1866
vn -0.1436 -0.9194 0.3662
vn -0.3114 -0.8881 0.3381
vn -0.3531 -0.9194 0.1731
vn -0.1395 -0.1794 0.9738
vn -0.3219 -0.1585 0.9334
vn -0.2883 -0.3250 0.9007
vn -0.1206 -0.3600 0.9251
vn -0.9591 -0.1794 0.2190
vn -0.9121 -0.3600 0.1962
vn -0.8740 -0.3251 0.3613
vn -0.9038 -0.1585 0.3975
vn -0.1395 0.1794 0.9738
vn -0.1206 0.3600 0.9251
vn -0.2883 0.3250 0.9007
vn -0.3219 0.1585 0.9334
vn -0.1718 0.9673 0.1866
vn -0.3531 0.9194 0.1731
vn -0.3114 0.8881 0.3381
vn -0.1436 0.9194 0.3662
vn -0.9591 0.1794 0.2190
vn -0.9038 0.1585 0.3975
vn -0.8740 0.3251 0.3613
vn -0.9121 0.3600 0.1962
vn 0.1442 -0.0001 -0.9896
vn 0.1078 0.1481 -0.9831
vn 0.1591 0.1987 -0.9671
vn 0.3442 -0.0000 -0.9389
vn 0.9074 -0.0000 -0.4202
vn 0.9074 -0.0000 -0.4203
vn 0.9778 -0.0000 -0.2097
vn 0.9719 -0.0000 -0.2352
vn 0.2353 -0.0000 0.9719
vn 0.4204 -0.0000 0.9074
vn 0.9388 -0.0000 0.3443
vn 0.9880 -0.0000 0.1546
vn 0.0080 -0.9808 0.1949
vn 0.0157 -0.9239 0.3824
vn 0.0380 -0.3828 0.9231
vn 0.0403 -0.1951 0.9799
vn 0.0080 0.9808 0.1949
vn 0.0157 0.9239 0.3824
vn 0.0380 0.3827 0.9231
vn 0.0403 0.1951 0.9800
vn -0.2199 0.0001 -0.9755
vn -0.4202 -0.0000 -0.9074
vn -0.9388 -0.0000 -0.3444
vn -0.9880 -0.0000 -0.1546
vn -0.0080 -0.9808 -0.1949
vn -0.0157 -0.9239 -0.3823
vn -0.0380 -0.3826 -0.9231
vn -0.0404 -0.1807 -0.9827
vn -0.0080 0.9808 -0.1949
vn -0.0070 0.9856 -0.1692
vn -0.0157 0.9239 -0.3823
vn -0.0380 0.3826 -0.9231
vn -0.0403 0.1950 -0.9800
vn 0.1337 -0.0002 -0.9910
vn -0.9719 -0.0000 0.2353
vn -0.9073 -0.0000 0.4204
vn -0.3444 -0.0000 0.9388
vn -0.1546 -0.0000 0.9880
vn -0.2138 0.0002 -0.9769
vn 0.0157 0.9239 0.3823
vn -0.0404 -0.1768 -0.9834
vn 0.0380 -0.3827 0.9231
vn -0.0403 0.1951 -0.9800
vn 0.1397 -0.0002 -0.9902
vn 0.3443 -0.0000 -0.9389
vn 0.0070 0.9856 0.1692
vn 0.2381 0.1988 0.9507
vn 0.1882 0.1482 0.9709
vn -0.0403 -0.1951 -0.9800
vn 0.9917 -0.0000 0.1287
vn -0.2303 -0.0053 -0.9731
vn -0.0519 0.0090 -0.9986
vn -0.0563 -0.0054 -0.9984
vn -0.0299 0.0092 -0.9995
vn -0.0411 -0.0193 -0.9990
vn -0.0406 -0.0003 -0.9992
vn -0.2746 0.9615 0.0113
vn -0.4363 0.8996 0.0180
vn -0.0882 0.9961 0.0036
vn 0.0882 0.9961 -0.0036
vn 0.2746 0.9615 -0.0113
vn 0.4363 0.8996 -0.0179
vn -0.4997 0.8659 0.0206
vn 0.4997 0.8659 -0.0206
vn -0.2926 0.9562 0.0120
vn -0.4613 0.8871 0.0190
vn -0.0945 0.9955 0.0039
vn 0.0945 0.9955 -0.0039
vn 0.2926 0.9562 -0.0120
vn 0.4613 0.8871 -0.0190
vn -0.5263 0.8500 0.0216
vn 0.5263 0.8500 -0.0216
vn -0.0410 -0.0676 -0.9969
vn 0.0147 0.9999 0.0054
vn 0.1866 0.9824 -0.0046
vn 0.1888 0.9820 -0.0047
vn -0.1863 0.9824 0.0107
vn -0.0142 0.9999 0.0066
vn -0.1886 0.9820 0.0108
vn -0.1070 0.9943 0.0044
vn -0.2835 0.9589 0.0117
vn 0.1070 0.9943 -0.0044
vn 0.2835 0.9589 -0.0117
vn -0.0410 -0.0621 -0.9972
vn 0.0160 0.9999 0.0059
vn 0.2016 0.9795 -0.0049
vn 0.2040 0.9790 -0.0051
vn -0.2013 0.9795 0.0116
vn -0.0155 0.9999 0.0072
vn -0.2037 0.9790 0.0117
vn -0.1162 0.9932 0.0048
vn -0.3064 0.9518 0.0126
vn 0.1162 0.9932 -0.0048
vn 0.3064 0.9518 -0.0126
vn 0.0410 0.0001 0.9992
vn -0.3063 0.9518 0.0126
vn -0.4800 0.8771 0.0197
vn -0.0993 0.9950 0.0041
vn 0.0993 0.9950 -0.0041
vn 0.3063 0.9518 -0.0126
vn 0.3063 0.9519 -0.0126
vn 0.4800 0.8771 -0.0197
vn -0.5461 0.8374 0.0225
vn 0.5461 0.8374 -0.0225
vn 0.9122 0.3598 -0.1963
vn 0.9252 0.3598 0.1206
vn 0.9739 0.1793 0.1392
vn 0.9592 0.1793 -0.2188
vn 0.9592 -0.1792 -0.2188
vn 0.9122 -0.3597 -0.1963
vn 0.8737 -0.3254 -0.3615
vn 0.9040 -0.1586 -0.3970
vn 0.1721 -0.9672 -0.1868
vn 0.1437 -0.9192 -0.3667
vn 0.3119 -0.8876 -0.3388
vn 0.3537 -0.9192 -0.1734
vn 0.1391 -0.1791 -0.9739
vn 0.3211 -0.1586 -0.9337
vn 0.2883 -0.3253 -0.9006
vn 0.1206 -0.3595 -0.9253
vn 0.9040 0.1586 -0.3970
vn 0.8737 0.3255 -0.3615
vn 0.1391 0.1791 -0.9739
vn 0.1206 0.3595 -0.9253
vn 0.2884 0.3254 -0.9005
vn 0.3212 0.1586 -0.9337
vn 0.1718 0.9673 -0.1865
vn 0.3531 0.9194 -0.1732
vn 0.3117 0.8878 -0.3385
vn 0.1436 0.9195 -0.3660
vn 0.9739 -0.1792 0.1392
vn 0.9336 -0.1586 0.3213
vn 0.9005 -0.3255 0.2884
vn 0.9252 -0.3597 0.1206
vn 0.2188 -0.1793 0.9592
vn 0.1962 -0.3598 0.9122
vn 0.3614 -0.3255 0.8738
vn 0.3970 -0.1586 0.9040
vn 0.1868 -0.9672 0.1721
vn 0.3667 -0.9192 0.1437
vn 0.3387 -0.8877 0.3119
vn 0.1733 -0.9192 0.3537
vn 0.9004 0.3256 0.2885
vn 0.9336 0.1587 0.3214
vn 0.1865 0.9673 0.1718
vn 0.1732 0.9195 0.3530
vn 0.3384 0.8879 0.3117
vn 0.3661 0.9194 0.1436
vn 0.2188 0.1793 0.9592
vn 0.3971 0.1587 0.9040
vn 0.3615 0.3256 0.8737
vn 0.1962 0.3599 0.9121
vn -0.9740 -0.1791 -0.1390
vn -0.9338 -0.1583 -0.3210
vn -0.9009 -0.3248 -0.2878
vn -0.9254 -0.3594 -0.1203
vn -0.2190 -0.1791 -0.9592
vn -0.1964 -0.3594 -0.9123
vn -0.3618 -0.3251 -0.8737
vn -0.3975 -0.1585 -0.9038
vn -0.1869 -0.9672 -0.1720
vn -0.3667 -0.9192 -0.1437
vn -0.3386 -0.8878 -0.3117
vn -0.1733 -0.9192 -0.3535
vn -0.9739 0.1791 -0.1391
vn -0.9254 0.3595 -0.1203
vn -0.9009 0.3249 -0.2879
vn -0.9337 0.1583 -0.3212
vn -0.1866 0.9673 -0.1716
vn -0.1732 0.9195 -0.3528
vn -0.3384 0.8880 -0.3114
vn -0.3661 0.9194 -0.1436
vn -0.2190 0.1791 -0.9591
vn -0.3975 0.1586 -0.9038
vn -0.3619 0.3253 -0.8736
vn -0.1964 0.3595 -0.9122
vn -0.1392 -0.1793 0.9739
vn -0.3214 -0.1587 0.9335
vn -0.2884 -0.3256 0.9004
vn -0.1207 -0.3599 0.9252
vn -0.9591 -0.1793 0.2192
vn -0.9121 -0.3599 0.1966
vn -0.8734 -0.3256 0.3621
vn -0.9036 -0.1586 0.3978
vn -0.1721 -0.9672 0.1869
vn -0.1436 -0.9191 0.3668
vn -0.3119 -0.8877 0.3388
vn -0.3537 -0.9191 0.1734
vn -0.1393 0.1794 0.9739
vn -0.1207 0.3600 0.9251
vn -0.2886 0.3258 0.9003
vn -0.3215 0.1588 0.9335
vn -0.1719 0.9673 0.1865
vn -0.3532 0.9193 0.1733
vn -0.3118 0.8878 0.3385
vn -0.1436 0.9194 0.3661
vn -0.9591 0.1793 0.2192
vn -0.9036 0.1587 0.3979
vn -0.8733 0.3257 0.3623
vn -0.9120 0.3599 0.1967
vn -0.9486 -0.2510 0.1926
vn -0.4927 -0.6871 0.5339
vn -0.4337 -0.7686 0.4702
vn -0.4344 -0.8859 0.1626
vn -0.1145 -0.2518 0.9610
vn -0.1265 -0.8859 0.4462
vn -0.0973 -0.9896 0.1056
vn 0.9613 -0.2509 0.1139
vn 0.4462 -0.8860 0.1263
vn 0.4711 -0.7685 0.4330
vn 0.5350 -0.6870 0.4917
vn 0.0531 -0.9974 0.0488
vn 0.1629 -0.8860 0.4341
vn 0.1929 -0.2517 0.9484
vn -0.9614 -0.2508 -0.1135
vn -0.4462 -0.8860 -0.1263
vn -0.4711 -0.7681 -0.4337
vn -0.5351 -0.6864 -0.4925
vn -0.1056 -0.9896 -0.0972
vn -0.1626 -0.8858 -0.4347
vn -0.1923 -0.2508 -0.9487
vn 0.9487 -0.2508 -0.1924
vn 0.4927 -0.6863 -0.5351
vn 0.4338 -0.7680 -0.4711
vn 0.4343 -0.8860 -0.1627
vn 0.1138 -0.2508 -0.9613
vn 0.1263 -0.8859 -0.4463
vn 0.0488 -0.9974 -0.0530
vn -0.9739 -0.1793 -0.1390
vn -0.9337 -0.1586 -0.3210
vn -0.9006 -0.3255 -0.2880
vn -0.9252 -0.3599 -0.1205
vn -0.2188 -0.1794 -0.9591
vn -0.1965 -0.3601 -0.9120
vn -0.3616 -0.3257 -0.8736
vn -0.3973 -0.1587 -0.9039
vn -0.3663 -0.9194 -0.1434
vn -0.3381 -0.8881 -0.3113
vn -0.1730 -0.9195 -0.3531
vn -0.9591 -0.1792 0.2191
vn -0.9122 -0.3597 0.1963
vn -0.8739 -0.3250 0.3616
vn -0.9037 -0.1586 0.3977
vn -0.1718 -0.9673 0.1867
vn -0.1435 -0.9193 0.3664
vn -0.3112 -0.8882 0.3381
vn -0.3532 -0.9194 0.1730
vn -0.1398 -0.1795 0.9738
vn -0.3226 -0.1585 0.9332
vn -0.2885 -0.3251 0.9006
vn -0.1207 -0.3603 0.9250
vn 0.9592 -0.1792 -0.2189
vn 0.9122 -0.3596 -0.1965
vn 0.8738 -0.3249 -0.3618
vn 0.9039 -0.1583 -0.3973
vn 0.1719 -0.9673 -0.1866
vn 0.1434 -0.9194 -0.3663
vn 0.3114 -0.8880 -0.3383
vn 0.3532 -0.9194 -0.1731
vn 0.1392 -0.1793 -0.9739
vn 0.3214 -0.1585 -0.9336
vn 0.2882 -0.3252 -0.9007
vn 0.1206 -0.3598 -0.9252
vn 0.9739 -0.1793 0.1393
vn 0.9334 -0.1587 0.3217
vn 0.9005 -0.3253 0.2886
vn 0.9252 -0.3598 0.1208
vn 0.2192 -0.1795 0.9590
vn 0.1963 -0.3603 0.9119
vn 0.3616 -0.3252 0.8738
vn 0.3978 -0.1585 0.9037
vn 0.1865 -0.9673 0.1720
vn 0.3660 -0.9195 0.1436
vn 0.3378 -0.8881 0.3117
vn 0.1729 -0.9193 0.3535
vn 0.1206 0.3594 -0.9254
vn 0.2883 0.3253 -0.9006
vn 0.3212 0.1585 -0.9337
vn 0.1684 0.9679 -0.1867
vn 0.3534 0.9193 -0.1732
vn 0.3116 0.8879 -0.3385
vn 0.1435 0.9194 -0.3663
vn 0.9592 0.1792 -0.2188
vn 0.8738 0.3254 -0.3615
vn 0.9122 0.3597 -0.1963
vn 0.1686 -0.9679 -0.1865
vn 0.1436 -0.9195 -0.3660
vn 0.3118 -0.8878 -0.3385
vn 0.3533 -0.9193 -0.1732
vn 0.2884 -0.3254 -0.9005
vn 0.8737 -0.3255 -0.3616
vn 0.9040 -0.1586 -0.3971
vn 0.9739 -0.1792 0.1393
vn 0.9335 -0.1587 0.3215
vn 0.2188 -0.1793 0.9591
vn 0.1963 -0.3599 0.9121
vn 0.3616 -0.3256 0.8737
vn 0.3972 -0.1587 0.9039
vn 0.1830 -0.9679 0.1720
vn 0.3662 -0.9194 0.1436
vn 0.3382 -0.8880 0.3117
vn 0.1731 -0.9195 0.3530
vn 0.3970 0.1586 0.9040
vn 0.3613 0.3255 0.8738
vn 0.1962 0.3598 0.9122
vn 0.9739 0.1792 0.1392
vn 0.9253 0.3597 0.1206
vn 0.9005 0.3254 0.2883
vn 0.9336 0.1586 0.3213
vn 0.1831 0.9679 0.1721
vn 0.1733 0.9193 0.3532
vn 0.3386 0.8878 0.3116
vn 0.3665 0.9193 0.1435
vn -0.1392 -0.1794 0.9739
vn -0.3214 -0.1588 0.9335
vn -0.2886 -0.3258 0.9003
vn -0.1207 -0.3600 0.9251
vn -0.9591 -0.1793 0.2191
vn -0.9120 -0.3599 0.1967
vn -0.8733 -0.3257 0.3623
vn -0.9037 -0.1587 0.3977
vn -0.1717 -0.9673 0.1865
vn -0.1436 -0.9194 0.3661
vn -0.3117 -0.8878 0.3386
vn -0.3532 -0.9194 0.1733
vn -0.9591 0.1793 0.2190
vn -0.9037 0.1586 0.3976
vn -0.8735 0.3255 0.3621
vn -0.9121 0.3598 0.1966
vn -0.1392 0.1793 0.9739
vn -0.1206 0.3599 0.9252
vn -0.2884 0.3257 0.9004
vn -0.3214 0.1588 0.9335
vn -0.1367 0.9794 0.1484
vn -0.3534 0.9193 0.1733
vn -0.3115 0.8879 0.3385
vn -0.1435 0.9193 0.3664
vn -0.9739 -0.1791 -0.1391
vn -0.9337 -0.1583 -0.3212
vn -0.9009 -0.3249 -0.2879
vn -0.9253 -0.3595 -0.1203
vn -0.2191 -0.1791 -0.9591
vn -0.1964 -0.3595 -0.9123
vn -0.3619 -0.3253 -0.8736
vn -0.3976 -0.1586 -0.9037
vn -0.1862 -0.9674 -0.1717
vn -0.3661 -0.9194 -0.1436
vn -0.3382 -0.8880 -0.3114
vn -0.1731 -0.9195 -0.3528
vn -0.2190 0.1791 -0.9592
vn -0.3617 0.3252 -0.8737
vn -0.1964 0.3594 -0.9123
vn -0.9740 0.1791 -0.1390
vn -0.9010 0.3248 -0.2877
vn -0.9338 0.1583 -0.3209
vn -0.1485 0.9794 -0.1365
vn -0.1733 0.9194 -0.3530
vn -0.3386 0.8880 -0.3113
vn -0.3665 0.9193 -0.1435
vn 0.1143 0.2542 -0.9604
vn 0.4929 0.6885 -0.5321
vn 0.4343 0.7687 -0.4696
vn 0.1257 0.8877 -0.4430
vn 0.9483 0.2540 -0.1902
vn 0.4309 0.8879 -0.1613
vn 0.0376 0.9979 -0.0520
vn 0.1144 -0.2540 -0.9604
vn 0.1260 -0.8874 -0.4435
vn 0.4348 -0.7682 -0.4699
vn 0.4933 -0.6879 -0.5324
vn 0.0383 -0.9979 -0.0521
vn 0.4315 -0.8875 -0.1614
vn 0.9484 -0.2537 -0.1902
vn 0.9608 -0.2537 0.1117
vn 0.4426 -0.8879 0.1256
vn 0.4718 -0.7682 0.4328
vn 0.5351 -0.6881 0.4901
vn 0.0422 -0.9979 0.0483
vn 0.1618 -0.8874 0.4317
vn 0.1929 -0.2540 0.9478
vn 0.9608 0.2539 0.1116
vn 0.5352 0.6884 0.4896
vn 0.4717 0.7686 0.4322
vn 0.4427 0.8879 0.1253
vn 0.1928 0.2543 0.9477
vn 0.1618 0.8877 0.4311
vn 0.0419 0.9980 0.0483
vn -0.1115 -0.2543 0.9607
vn -0.1244 -0.8889 0.4410
vn -0.4317 -0.7701 0.4696
vn -0.4889 -0.6914 0.5319
vn -0.0954 -0.9900 0.1044
vn -0.4288 -0.8891 0.1603
vn -0.9478 -0.2554 0.1909
vn -0.1115 0.2546 0.9606
vn -0.4886 0.6919 0.5315
vn -0.4314 0.7705 0.4693
vn -0.1242 0.8891 0.4405
vn -0.9477 0.2558 0.1909
vn -0.4285 0.8892 0.1601
vn -0.0638 0.9955 0.0695
vn -0.9603 -0.2553 -0.1123
vn -0.4406 -0.8890 -0.1244
vn -0.4691 -0.7700 -0.4325
vn -0.5313 -0.6912 -0.4899
vn -0.1033 -0.9900 -0.0961
vn -0.1603 -0.8888 -0.4294
vn -0.1900 -0.2543 -0.9483
vn -0.9602 0.2557 -0.1122
vn -0.5309 0.6916 -0.4897
vn -0.4688 0.7703 -0.4323
vn -0.4404 0.8891 -0.1243
vn -0.1899 0.2545 -0.9482
vn -0.1601 0.8890 -0.4290
vn -0.0694 0.9955 -0.0640
vn 0.1538 -0.0000 -0.9881
vn 0.3428 -0.0000 -0.9394
vn 0.9078 -0.0000 -0.4193
vn 0.9721 -0.0000 -0.2347
vn -0.1953 -0.9807 0.0080
vn 0.2348 -0.0000 0.9721
vn 0.4195 -0.0000 0.9078
vn 0.9392 -0.0000 0.3433
vn 0.9881 -0.0000 0.1540
vn -0.9720 -0.0000 0.2351
vn -0.9075 -0.0000 0.4201
vn -0.3433 -0.0000 0.9392
vn -0.1540 -0.0000 0.9881
vn -0.2351 -0.0000 -0.9720
vn -0.4200 -0.0000 -0.9075
vn -0.9393 -0.0000 -0.3432
vn -0.9881 -0.0000 -0.1540
vn 0.0080 -0.9807 0.1952
vn -0.9073 -0.0000 0.4205
vn -0.3455 -0.0000 0.9384
vn 0.9390 -0.0000 0.3438
vn 0.4208 -0.0000 0.9072
vn 0.9077 -0.0000 -0.4196
vn 0.3435 -0.0000 -0.9391
vn -0.9394 -0.0000 -0.3429
vn -0.4196 -0.0000 -0.9077
vn 0.3429 -0.0000 -0.9394
vn 0.4194 -0.0000 0.9078
vn 0.9392 -0.0000 0.3434
vn 0.9881 -0.0000 0.1541
vn -0.9720 -0.0000 0.2350
vn -0.9075 -0.0000 0.4200
vn -0.4201 -0.0000 -0.9075
vn -0.9392 -0.0000 -0.3435
vn -0.9880 -0.0000 -0.1541
vn 0.3447 -0.0000 -0.9387
vn 0.9104 -0.0000 -0.4137
vn 0.4207 -0.0000 0.9072
vn 0.9413 -0.0000 0.3377
vn -0.9095 -0.0000 0.4157
vn -0.3373 -0.0000 0.9414
vn -0.4134 -0.0000 -0.9105
vn -0.9407 -0.0000 -0.3392
vn 0.0356 -0.5000 0.8653
vn 0.0205 -0.8660 0.4996
vn 0.0106 -0.9659 0.2586
vn 0.0411 -0.0067 0.9991
vn 0.0106 0.9659 0.2586
vn 0.0206 0.8660 0.4996
vn 0.0356 0.5000 0.8653
vn 0.0411 0.0065 0.9991
vn -0.0356 0.5000 -0.8653
vn -0.0218 0.8471 -0.5309
vn -0.0135 0.9444 -0.3285
vn -0.0411 -0.0026 -0.9992
vn -0.0135 -0.9444 -0.3286
vn -0.0218 -0.8471 -0.5310
vn -0.0356 -0.5000 -0.8653
vn -0.0411 0.0026 -0.9992
vn 0.9992 -0.0001 -0.0411
vn 0.9992 0.0001 -0.0411
vn -0.0004 1.0000 -0.0090
vn -0.0004 -1.0000 -0.0092
vn 0.0206 -0.8660 0.4996
vn -0.9992 -0.0001 0.0411
vn 0.9992 -0.0000 -0.0410
vn 0.0248 -0.7975 0.6029
vn 0.2482 -0.7688 0.5893
vn 0.1669 -0.3865 0.9071
vn 0.0378 -0.3903 0.9199
vn 0.0455 0.0996 0.9940
vn 0.0407 0.1352 0.9900
vn -0.0852 0.5697 0.8174
vn 0.0321 0.6236 0.7811
vn -0.1939 0.8918 0.4089
vn 0.0150 0.9313 0.3639
vn -0.2310 0.9631 0.1384
vn 0.0047 0.9935 0.1139
vn -0.1002 0.1142 -0.9884
vn -0.1104 0.1110 -0.9877
vn -0.0407 0.1316 -0.9905
vn -0.0047 -0.9934 -0.1143
vn 0.2349 -0.9621 -0.1387
vn 0.2643 -0.9566 0.1228
vn 0.0057 -0.9904 0.1382
vn 0.9577 -0.2878 0.0009
vn 0.8925 0.0673 0.4459
vn 0.8562 -0.1818 0.4835
vn 0.5599 -0.8235 0.0920
vn 0.5071 -0.6482 0.5680
vn 0.3216 -0.3028 0.8972
vn 0.0497 0.1250 0.9909
vn -0.2375 0.5223 0.8190
vn -0.4619 0.7799 0.4224
vn -0.5302 0.8312 0.1671
vn -0.1842 0.0796 -0.9797
vn 0.5302 -0.8312 -0.1673
vn 0.7105 -0.7003 0.0686
vn 0.6382 -0.5410 0.5477
vn 0.3988 -0.2397 0.8852
vn 0.0522 0.1270 0.9905
vn -0.3110 0.4623 0.8304
vn -0.5917 0.6738 0.4426
vn -0.6757 0.7123 0.1898
vn -0.2232 0.0477 -0.9736
vn 0.6758 -0.7122 -0.1899
vn 0.8339 -0.5503 0.0426
vn 0.7455 -0.4105 0.5251
vn 0.4619 -0.1628 0.8718
vn 0.0542 0.1294 0.9901
vn -0.3711 0.3891 0.8431
vn -0.6981 0.5444 0.4651
vn -0.7950 0.5673 0.2150
vn -0.2552 0.0088 -0.9668
vn 0.7950 -0.5673 -0.2150
vn 0.5364 -0.0277 0.8435
vn 0.0740 0.1319 0.9885
vn -0.4170 0.2534 0.8728
vn -0.8024 0.3043 0.5134
vn -0.9190 0.2969 0.2594
vn -0.2878 -0.0652 -0.9555
vn -0.2855 -0.0586 -0.9566
vn 0.9160 -0.3078 -0.2574
vn 0.5521 0.1183 0.8254
vn 0.0544 0.1383 0.9889
vn -0.4625 0.1199 0.8785
vn -0.8467 0.0688 0.5276
vn -0.9564 0.0350 0.2900
vn -0.3035 -0.1334 -0.9435
vn 0.9561 -0.0351 -0.2909
vn 0.0149 0.9321 0.3620
vn 0.0320 0.6271 0.7782
vn 0.1611 0.6218 0.7664
vn 0.2386 0.9035 0.3560
vn 0.0407 0.1414 0.9891
vn 0.0450 0.1767 0.9832
vn 0.0379 -0.3850 0.9221
vn -0.0800 -0.3251 0.9423
vn 0.0249 -0.7956 0.6054
vn -0.1844 -0.7479 0.6377
vn 0.0157 -0.9241 0.3818
vn -0.2203 -0.8910 0.3971
vn -0.0377 -0.3978 -0.9167
vn -0.1075 -0.3783 -0.9194
vn -0.0973 -0.3816 -0.9192
vn -0.0157 0.9240 -0.3820
vn -0.0057 0.9904 -0.1381
vn 0.2534 0.9566 -0.1441
vn 0.2243 0.8900 -0.3970
vn 0.9544 0.2878 -0.0795
vn 0.8534 0.3168 0.4139
vn 0.4989 0.7846 0.3682
vn 0.5504 0.8235 -0.1377
vn 0.3167 0.5404 0.7795
vn 0.0496 0.1516 0.9872
vn -0.2328 -0.2809 0.9311
vn -0.4537 -0.6396 0.6206
vn -0.5211 -0.7596 0.3891
vn -0.1818 -0.3468 -0.9202
vn 0.5211 0.7596 -0.3891
vn 0.6312 0.6774 0.3777
vn 0.7025 0.7003 -0.1267
vn 0.3946 0.4773 0.7851
vn 0.0520 0.1496 0.9874
vn -0.3071 -0.2208 0.9257
vn -0.5848 -0.5334 0.6111
vn -0.6680 -0.6407 0.3786
vn -0.2212 -0.3149 -0.9230
vn 0.6680 0.6407 -0.3786
vn 0.7400 0.5469 0.3915
vn 0.8276 0.5503 -0.1109
vn 0.4586 0.4005 0.7933
vn 0.0541 0.1472 0.9876
vn -0.3681 -0.1476 0.9180
vn -0.6926 -0.4041 0.5975
vn -0.7889 -0.4957 0.3633
vn -0.2536 -0.2760 -0.9271
vn 0.7889 0.4957 -0.3633
vn 0.5347 0.2635 0.8029
vn 0.0739 0.1445 0.9867
vn -0.4155 -0.0096 0.9095
vn -0.7997 -0.1612 0.5783
vn -0.9160 -0.2249 0.3322
vn -0.2847 -0.2087 -0.9356
vn -0.2870 -0.2020 -0.9364
vn 0.9128 0.2359 -0.3333
vn -0.0918 -0.3864 0.9177
vn -0.1989 -0.7688 0.6077
vn 0.0363 0.0996 0.9944
vn 0.1521 0.5697 0.8076
vn 0.2268 0.8917 0.3916
vn 0.2415 0.9631 0.1189
vn 0.0289 0.1109 -0.9934
vn 0.0187 0.1142 -0.9933
vn -0.2534 -0.9566 0.1441
vn -0.2455 -0.9621 -0.1189
vn -0.9544 -0.2877 0.0795
vn -0.8136 -0.1818 0.5522
vn -0.8529 0.0673 0.5177
vn -0.4587 -0.6482 0.6078
vn -0.5504 -0.8235 0.1377
vn -0.2467 -0.3028 0.9206
vn 0.0319 0.1250 0.9916
vn 0.3040 0.5223 0.7967
vn 0.4951 0.7798 0.3831
vn 0.5422 0.8312 0.1231
vn 0.1032 0.0796 -0.9915
vn 0.1031 0.0796 -0.9915
vn -0.5422 -0.8312 -0.1230
vn -0.5911 -0.5411 0.5982
vn -0.7025 -0.7003 0.1268
vn -0.3246 -0.2397 0.9150
vn 0.0293 0.1270 0.9915
vn 0.3781 0.4623 0.8021
vn 0.6261 0.6737 0.3926
vn 0.6891 0.7123 0.1337
vn 0.1425 0.0477 -0.9886
vn -0.6891 -0.7122 -0.1336
vn -0.6999 -0.4105 0.5845
vn -0.8276 -0.5502 0.1110
vn -0.3887 -0.1628 0.9068
vn 0.0273 0.1294 0.9912
vn 0.4391 0.3891 0.8098
vn 0.7339 0.5444 0.4061
vn 0.8099 0.5673 0.1489
vn 0.1749 0.0089 -0.9845
vn -0.8100 -0.5673 -0.1489
vn -0.4652 -0.0276 0.8848
vn 0.0075 0.1319 0.9912
vn 0.4873 0.2535 0.8356
vn 0.8419 0.3043 0.4457
vn 0.9372 0.2969 0.1829
vn 0.2060 -0.0586 -0.9768
vn 0.2083 -0.0652 -0.9759
vn -0.9340 -0.3078 -0.1814
vn -0.4824 0.1183 0.8679
vn 0.0271 0.1383 0.9900
vn 0.5331 0.1199 0.8375
vn 0.8872 0.0688 0.4563
vn 0.9770 0.0350 0.2104
vn 0.2249 -0.1334 -0.9652
vn -0.9767 -0.0351 -0.2115
vn -0.0049 0.9336 0.3583
vn -0.2088 0.9057 0.3690
vn -0.0980 0.6270 0.7729
vn 0.0209 0.6295 0.7767
vn 0.0358 0.1777 0.9834
vn 0.0404 0.1372 0.9897
vn 0.1572 -0.3309 0.9305
vn 0.0463 -0.3933 0.9182
vn 0.2359 -0.7522 0.6152
vn 0.0381 -0.7996 0.5993
vn 0.2521 -0.8927 0.3737
vn 0.0299 -0.9255 0.3776
vn 0.0217 -0.3859 -0.9223
vn 0.0318 -0.3820 -0.9236
vn -0.0325 -0.4027 -0.9147
vn -0.0326 -0.4009 -0.9155
vn -0.0377 0.9252 -0.3777
vn -0.2560 0.8916 -0.3734
vn -0.2641 0.9566 -0.1228
vn -0.0285 0.9901 -0.1372
vn -0.9577 0.2877 -0.0008
vn -0.8165 0.3168 0.4826
vn -0.5598 0.8235 -0.0920
vn -0.4670 0.7846 0.4079
vn -0.2516 0.5404 0.8029
vn 0.0317 0.1516 0.9879
vn 0.3086 -0.2808 0.9088
vn 0.5032 -0.6396 0.5812
vn 0.5513 -0.7596 0.3450
vn 0.1056 -0.3468 -0.9320
vn -0.5513 0.7597 -0.3448
vn -0.7105 0.7003 -0.0686
vn -0.5981 0.6775 0.4282
vn -0.3287 0.4773 0.8149
vn 0.0292 0.1496 0.9883
vn 0.3820 -0.2207 0.8974
vn 0.6330 -0.5334 0.5610
vn 0.6968 -0.6406 0.3225
vn 0.1446 -0.3149 -0.9381
vn -0.6969 0.6407 -0.3222
vn -0.8339 0.5502 -0.0425
vn -0.7054 0.5468 0.4509
vn -0.3920 0.4005 0.8283
vn 0.0272 0.1472 0.9887
vn 0.4422 -0.1476 0.8847
vn 0.7394 -0.4041 0.5385
vn 0.8161 -0.4957 0.2972
vn 0.1766 -0.2760 -0.9448
vn -0.8161 0.4957 -0.2972
vn -0.4669 0.2635 0.8441
vn 0.0075 0.1445 0.9895
vn 0.4888 -0.0096 0.8723
vn 0.8445 -0.1613 0.5106
vn 0.9402 -0.2249 0.2557
vn 0.2091 -0.2020 -0.9568
vn 0.2068 -0.2087 -0.9559
vn -0.9371 0.2358 -0.2572
vn 0.8653 -0.5000 -0.0356
vn 0.4996 -0.8660 -0.0206
vn 0.2586 -0.9659 -0.0106
vn 0.9991 -0.0067 -0.0411
vn 0.2586 0.9659 -0.0106
vn 0.4996 0.8660 -0.0206
vn 0.8653 0.5000 -0.0356
vn 0.9991 0.0065 -0.0411
vn -0.8653 0.5000 0.0356
vn -0.5310 0.8471 0.0218
vn -0.3285 0.9444 0.0135
vn -0.9992 -0.0026 0.0411
vn -0.3285 -0.9444 0.0135
vn -0.5309 -0.8471 0.0218
vn -0.8653 -0.5000 0.0356
vn -0.9992 0.0026 0.0411
vn -0.0411 -0.0001 -0.9992
vn -0.0411 0.0001 -0.9992
vn -0.0089 1.0000 0.0004
vn -0.0091 -1.0000 0.0004
vn -0.5310 -0.8471 0.0218
vn 0.0411 -0.0001 0.9992
vn 0.0411 0.0001 0.9992
vn 0.7870 -0.6161 -0.0324
vn 0.7891 -0.5734 -0.2200
vn 0.9073 -0.3864 -0.1660
vn 0.9199 -0.3903 -0.0378
vn 0.9940 0.0997 -0.0453
vn 0.9900 0.1352 -0.0407
vn 0.8173 0.5700 0.0846
vn 0.7810 0.6237 -0.0321
vn 0.4088 0.8921 0.1926
vn 0.3639 0.9313 -0.0150
vn -0.1240 0.9606 0.2488
vn -0.1382 0.9904 0.0057
vn -0.6205 0.7482 0.2349
vn -0.6048 0.7960 0.0249
vn -0.7892 0.5740 0.2184
vn -0.7865 0.6167 0.0324
vn -0.6145 -0.7761 -0.1412
vn -0.6169 -0.7703 -0.1615
vn -0.5880 -0.8085 0.0242
vn 0.7657 -0.4848 -0.4227
vn 0.8976 -0.3031 -0.3199
vn 0.9909 0.1248 -0.0496
vn 0.8192 0.5227 0.2360
vn 0.4228 0.7811 0.4595
vn -0.0923 0.8252 0.5573
vn -0.5821 0.6406 0.5008
vn -0.7657 0.4848 0.4227
vn -0.6351 -0.6808 -0.3648
vn -0.6351 -0.6806 -0.3651
vn 0.7496 -0.3979 -0.5290
vn 0.8859 -0.2401 -0.3968
vn 0.9906 0.1269 -0.0521
vn 0.8308 0.4627 0.3092
vn 0.4434 0.6754 0.5893
vn -0.0690 0.7026 0.7082
vn -0.5624 0.5348 0.6307
vn -0.7497 0.3978 0.5290
vn -0.6520 -0.5941 -0.4711
vn -0.6521 -0.5938 -0.4714
vn 0.7316 -0.2918 -0.6162
vn 0.8728 -0.1633 -0.4599
vn 0.9901 0.1293 -0.0541
vn 0.8437 0.3896 0.3692
vn 0.4662 0.5462 0.6959
vn -0.0430 0.5527 0.8323
vn -0.5403 0.4055 0.7373
vn -0.7316 0.2917 0.6162
vn -0.6709 -0.4881 -0.5583
vn -0.6709 -0.4878 -0.5585
vn 0.6996 -0.1077 -0.7063
vn 0.8340 -0.0359 -0.5505
vn 0.9936 0.0838 -0.0761
vn 0.8838 0.1791 0.4323
vn 0.5191 0.2281 0.8237
vn 0.0015 0.2138 0.9769
vn -0.5144 0.1388 0.8462
vn -0.6996 0.1068 0.7065
vn -0.7110 -0.2094 -0.6713
vn -0.7096 -0.2310 -0.6656
vn 0.6416 0.1414 -0.7539
vn 0.8195 0.1403 -0.5557
vn 0.9946 0.0939 -0.0448
vn 0.8788 0.0179 0.4768
vn 0.5307 -0.0598 0.8454
vn 0.0645 -0.1177 0.9910
vn -0.4252 -0.1450 0.8934
vn -0.6416 -0.1373 0.7546
vn -0.7135 0.0277 -0.7001
vn -0.7131 0.0263 -0.7006
vn 0.5882 0.8084 -0.0242
vn 0.7779 0.6276 -0.0320
vn 0.7643 0.6220 -0.1703
vn 0.5994 0.7692 -0.2215
vn 0.9891 0.1417 -0.0407
vn 0.9828 0.1784 -0.0474
vn 0.9221 -0.3852 -0.0379
vn 0.9425 -0.3229 0.0863
vn 0.6049 -0.7959 -0.0249
vn 0.6374 -0.7448 0.1974
vn 0.1382 -0.9904 -0.0057
vn 0.1441 -0.9563 0.2544
vn -0.3641 -0.9312 0.0150
vn -0.3913 -0.8885 0.2397
vn -0.5879 -0.8085 0.0242
vn -0.5996 -0.7695 0.2197
vn -0.7868 0.6163 0.0324
vn -0.8028 0.5735 -0.1631
vn -0.8026 0.5779 -0.1478
vn 0.7751 0.5364 -0.3339
vn 0.5949 0.6740 -0.4380
vn 0.9871 0.1514 -0.0513
vn 0.9277 -0.2784 0.2486
vn 0.6131 -0.6288 0.4783
vn 0.1363 -0.8059 0.5761
vn -0.3770 -0.7672 0.5190
vn -0.5949 -0.6740 0.4380
vn -0.7898 0.4806 -0.3811
vn -0.7896 0.4784 -0.3843
vn 0.7785 0.4716 -0.4143
vn 0.5982 0.5845 -0.5482
vn 0.9874 0.1488 -0.0536
vn 0.9199 -0.2181 0.3260
vn 0.5988 -0.5192 0.6099
vn 0.1244 -0.6766 0.7257
vn -0.3826 -0.6563 0.6503
vn -0.5983 -0.5844 0.5482
vn -0.7774 0.3923 -0.4916
vn -0.7770 0.3894 -0.4945
vn 0.7843 0.3939 -0.4793
vn 0.6050 0.4772 -0.6374
vn 0.9877 0.1461 -0.0551
vn 0.9097 -0.1451 0.3890
vn 0.5806 -0.3894 0.7150
vn 0.1081 -0.5250 0.8442
vn -0.3923 -0.5253 0.7551
vn -0.6051 -0.4771 0.6374
vn -0.7618 0.2862 -0.5812
vn -0.7613 0.2832 -0.5832
vn 0.7902 0.2911 -0.5394
vn 0.6164 0.3350 -0.7126
vn 0.9871 0.1472 -0.0626
vn 0.8972 -0.0397 0.4399
vn 0.5569 -0.2094 0.8038
vn 0.0833 -0.3180 0.9444
vn -0.4118 -0.3447 0.8436
vn -0.6175 -0.3297 0.7141
vn -0.7397 0.1435 -0.6574
vn -0.7386 0.1370 -0.6601
vn 0.9178 -0.3864 0.0910
vn 0.8044 -0.5737 0.1545
vn 0.9943 0.0998 -0.0366
vn 0.8076 0.5700 -0.1515
vn 0.3917 0.8920 -0.2255
vn -0.1440 0.9606 -0.2377
vn -0.6377 0.7482 -0.1832
vn -0.8044 0.5741 -0.1529
vn -0.6016 -0.7703 0.2117
vn -0.6009 -0.7761 0.1912
vn 0.9209 -0.3031 0.2452
vn 0.7977 -0.4850 0.3585
vn 0.9916 0.1250 -0.0320
vn 0.7970 0.5227 -0.3026
vn 0.3837 0.7810 -0.4927
vn -0.1378 0.8251 -0.5479
vn -0.6212 0.6406 -0.4513
vn -0.7978 0.4849 -0.3584
vn -0.6030 -0.6806 0.4161
vn -0.6030 -0.6808 0.4158
vn 0.9155 -0.2401 0.3228
vn 0.7904 -0.3979 0.4657
vn 0.9915 0.1269 -0.0295
vn 0.8026 0.4628 -0.3764
vn 0.3935 0.6754 -0.6237
vn -0.1269 0.7026 -0.7002
vn -0.6123 0.5348 -0.5824
vn -0.7905 0.3978 -0.4657
vn -0.6112 -0.5938 0.5233
vn -0.6112 -0.5941 0.5230
vn 0.9076 -0.1633 0.3867
vn 0.7797 -0.2917 0.5540
vn 0.9912 0.1293 -0.0274
vn 0.8106 0.3896 -0.4373
vn 0.4075 0.5462 -0.7318
vn -0.1111 0.5527 -0.8259
vn -0.5991 0.4055 -0.6904
vn -0.7797 0.2917 -0.5540
vn -0.6228 -0.4878 0.6117
vn -0.6228 -0.4881 0.6115
vn 0.8764 -0.0359 0.4802
vn 0.7553 -0.1077 0.6465
vn 0.9965 0.0838 -0.0058
vn 0.8453 0.1790 -0.5035
vn 0.4497 0.2281 -0.8636
vn -0.0787 0.2138 -0.9737
vn -0.5822 0.1388 -0.8011
vn -0.7553 0.1069 -0.6466
vn -0.6526 -0.2309 0.7216
vn -0.6535 -0.2094 0.7274
vn 0.8623 0.1403 0.4865
vn 0.7013 0.1414 0.6987
vn 0.9949 0.0939 -0.0370
vn 0.8367 0.0179 -0.5474
vn 0.4595 -0.0598 -0.8861
vn -0.0172 -0.1177 -0.9929
vn -0.4972 -0.1450 -0.8554
vn -0.7015 -0.1373 -0.6993
vn -0.6532 0.0263 0.7568
vn -0.6536 0.0277 0.7563
vn 0.6155 0.7693 0.1716
vn 0.7757 0.6220 0.1070
vn 0.9834 0.1783 -0.0335
vn 0.9322 -0.3229 -0.1635
vn 0.6190 -0.7449 -0.2491
vn 0.1227 -0.9563 -0.2654
vn -0.4096 -0.8885 -0.2067
vn -0.6157 -0.7695 -0.1697
vn -0.7877 0.5779 0.2132
vn -0.7867 0.5735 0.2285
vn 0.6288 0.6740 0.3877
vn 0.7999 0.5364 0.2691
vn 0.9880 0.1514 -0.0299
vn 0.9042 -0.2785 -0.3239
vn 0.5717 -0.6288 -0.5270
vn 0.0885 -0.8060 -0.5853
vn -0.4184 -0.7672 -0.4862
vn -0.6288 -0.6740 -0.3876
vn -0.7553 0.4785 0.4479
vn -0.7559 0.4806 0.4447
vn 0.6412 0.5845 0.4972
vn 0.8099 0.4715 0.3489
vn 0.9885 0.1488 -0.0278
vn 0.8900 -0.2181 -0.4004
vn 0.5467 -0.5191 -0.6570
vn 0.0643 -0.6766 -0.7335
vn -0.4348 -0.6563 -0.6166
vn -0.6412 -0.5845 -0.4972
vn -0.7338 0.3894 0.5567
vn -0.7344 0.3923 0.5539
vn 0.6553 0.4772 0.5856
vn 0.8210 0.3939 0.4132
vn 0.9889 0.1461 -0.0262
vn 0.8747 -0.1451 -0.4625
vn 0.5200 -0.3893 -0.7603
vn 0.0383 -0.5249 -0.8503
vn -0.4531 -0.5253 -0.7203
vn -0.6554 -0.4771 -0.5855
vn -0.7108 0.2832 0.6438
vn -0.7115 0.2862 0.6418
vn 0.6728 0.3350 0.6596
vn 0.8318 0.2910 0.4726
vn 0.9889 0.1472 -0.0188
vn 0.8580 -0.0396 -0.5121
vn 0.4890 -0.2093 -0.8468
vn 0.0054 -0.3180 -0.9481
vn -0.4797 -0.3447 -0.8069
vn -0.6742 -0.3296 -0.6610
vn -0.6819 0.1370 0.7185
vn -0.6832 0.1435 0.7159
vn -0.9375 -0.0000 0.3479
vn -0.7842 -0.0000 0.6205
vn -0.6883 0.4790 0.5448
vn -0.8321 0.4607 0.3088
vn -0.4209 0.8438 0.3330
vn -0.5212 0.8313 0.1934
vn -0.0405 0.9987 0.0320
vn -0.0509 0.9985 0.0189
vn 0.3602 0.8883 -0.2850
vn 0.4478 0.8786 -0.1661
vn 0.6681 0.5235 -0.5287
vn 0.8095 0.5044 -0.3003
vn 0.7842 -0.0000 -0.6205
vn 0.9375 -0.0000 -0.3479
vn 0.6680 -0.5236 -0.5287
vn 0.8095 -0.5046 -0.3003
vn 0.3602 -0.8883 -0.2850
vn 0.4478 -0.8786 -0.1661
vn -0.0405 -0.9987 0.0321
vn -0.0509 -0.9985 0.0189
vn -0.4208 -0.8438 0.3330
vn -0.5211 -0.8313 0.1933
vn -0.6883 -0.4791 0.5448
vn -0.8321 -0.4608 0.3087
vn -0.2697 -0.0000 0.9630
vn -0.2367 0.4789 0.8453
vn -0.1448 0.8437 0.5169
vn -0.0139 0.9987 0.0497
vn 0.1239 0.8883 -0.4423
vn 0.2297 0.5236 -0.8204
vn 0.2697 -0.0000 -0.9630
vn 0.2297 -0.5237 -0.8204
vn 0.1239 -0.8883 -0.4423
vn -0.0139 -0.9987 0.0497
vn -0.1447 -0.8438 0.5168
vn -0.2367 -0.4790 0.8453
vn 0.3478 -0.0000 0.9376
vn 0.3053 0.4789 0.8230
vn 0.1867 0.8437 0.5032
vn 0.0180 0.9987 0.0484
vn -0.1598 0.8883 -0.4307
vn -0.2963 0.5236 -0.7988
vn -0.3479 -0.0000 -0.9375
vn -0.2963 -0.5237 -0.7987
vn -0.1598 -0.8883 -0.4306
vn 0.0179 -0.9987 0.0484
vn 0.1867 -0.8438 0.5031
vn 0.3053 -0.4790 0.8230
vn 0.8325 -0.0000 0.5540
vn 0.7307 0.4790 0.4864
vn 0.4468 0.8438 0.2973
vn 0.0430 0.9987 0.0286
vn -0.3824 0.8882 -0.2545
vn -0.7093 0.5235 -0.4720
vn -0.8325 -0.0000 -0.5540
vn -0.7092 -0.5237 -0.4720
vn -0.3824 -0.8883 -0.2545
vn 0.0430 -0.9987 0.0286
vn 0.4467 -0.8438 0.2973
vn 0.7307 -0.4791 0.4863
vn 0.9630 -0.0000 0.2697
vn 0.8547 0.4608 0.2393
vn 0.5353 0.8313 0.1499
vn 0.0523 0.9985 0.0147
vn -0.4600 0.8785 -0.1288
vn -0.8314 0.5045 -0.2328
vn -0.9630 -0.0000 -0.2697
vn -0.8313 -0.5047 -0.2328
vn -0.4599 -0.8786 -0.1288
vn 0.0523 -0.9985 0.0147
vn 0.5352 -0.8313 0.1499
vn 0.8546 -0.4609 0.2393
vn 0.1401 -0.1794 -0.9737
vn 0.3231 -0.1587 -0.9330
vn 0.2897 -0.3252 -0.9002
vn 0.1213 -0.3602 -0.9250
vn 0.9591 -0.1794 -0.2190
vn 0.9121 -0.3600 -0.1960
vn 0.9038 -0.1584 -0.3975
vn 0.1724 -0.9672 -0.1868
vn 0.1441 -0.9192 -0.3665
vn 0.3127 -0.8875 -0.3386
vn 0.3543 -0.9189 -0.1735
vn 0.1871 -0.9671 0.1723
vn 0.3672 -0.9189 0.1440
vn 0.3390 -0.8875 0.3121
vn 0.1737 -0.9189 0.3541
vn 0.9738 -0.1792 0.1397
vn 0.9333 -0.1582 0.3223
vn 0.9009 -0.3243 0.2884
vn 0.9253 -0.3597 0.1206
vn 0.2192 -0.1791 0.9591
vn 0.1960 -0.3595 0.9123
vn 0.3611 -0.3240 0.8744
vn 0.3978 -0.1580 0.9038
vn 0.1402 0.1797 -0.9737
vn 0.1214 0.3606 -0.9248
vn 0.2900 0.3257 -0.8999
vn 0.3233 0.1589 -0.9329
vn 0.1722 0.9672 -0.1865
vn 0.3537 0.9191 -0.1735
vn 0.3126 0.8875 -0.3385
vn 0.1441 0.9193 -0.3661
vn 0.9591 0.1795 -0.2190
vn 0.9038 0.1585 -0.3975
vn 0.8739 0.3253 -0.3612
vn 0.9120 0.3603 -0.1959
vn 0.2193 0.1793 0.9590
vn 0.3980 0.1582 0.9036
vn 0.3615 0.3244 0.8741
vn 0.1961 0.3599 0.9122
vn 0.9738 0.1794 0.1397
vn 0.9251 0.3601 0.1206
vn 0.9007 0.3248 0.2885
vn 0.9332 0.1585 0.3224
vn 0.1869 0.9672 0.1721
vn 0.1739 0.9191 0.3537
vn 0.3393 0.8874 0.3121
vn 0.3668 0.9191 0.1440
vn -0.9987 0.0508 -0.0098
vn -0.9602 0.0967 -0.2620
vn -0.9654 0.2031 -0.1637
vn -0.9519 0.3008 -0.0578
vn -0.9987 -0.0508 -0.0097
vn -0.9520 -0.3005 -0.0579
vn -0.9654 -0.2029 -0.1639
vn -0.9602 -0.0966 -0.2622
vn -0.9945 -0.0507 0.0916
vn -0.9358 -0.0967 0.3390
vn -0.9489 -0.2029 0.2416
vn -0.9441 -0.3006 0.1353
vn -0.9945 0.0507 0.0916
vn -0.9440 0.3010 0.1352
vn -0.9489 0.2032 0.2415
vn -0.9358 0.0969 0.3389
vn -0.0411 -0.0009 -0.9992
vn -0.9740 0.1789 -0.1387
vn -0.9255 0.3591 -0.1202
vn -0.9009 0.3251 -0.2876
vn -0.9340 0.1584 -0.3203
vn -0.1732 0.9194 -0.3530
vn -0.3385 0.8878 -0.3117
vn -0.3663 0.9193 -0.1436
vn -0.2192 0.1798 -0.9590
vn -0.3980 0.1590 -0.9035
vn -0.3624 0.3263 -0.8731
vn -0.1967 0.3608 -0.9117
vn -0.2191 -0.1796 -0.9590
vn -0.1965 -0.3605 -0.9118
vn -0.3620 -0.3260 -0.8733
vn -0.3978 -0.1589 -0.9036
vn -0.1869 -0.9672 -0.1721
vn -0.3668 -0.9191 -0.1438
vn -0.3391 -0.8875 -0.3120
vn -0.1735 -0.9192 -0.3536
vn -0.9741 -0.1788 -0.1387
vn -0.9340 -0.1583 -0.3203
vn -0.9009 -0.3249 -0.2877
vn -0.9256 -0.3588 -0.1202
vn -0.1719 -0.9672 0.1872
vn -0.1437 -0.9189 0.3673
vn -0.3116 -0.8876 0.3393
vn -0.3534 -0.9192 0.1736
vn -0.1394 -0.1793 0.9739
vn -0.3218 -0.1583 0.9335
vn -0.2880 -0.3248 0.9009
vn -0.1203 -0.3599 0.9252
vn -0.9593 -0.1786 0.2187
vn -0.9127 -0.3585 0.1961
vn -0.8743 -0.3242 0.3613
vn -0.9041 -0.1581 0.3969
vn -0.1394 0.1795 0.9738
vn -0.1204 0.3603 0.9250
vn -0.2882 0.3253 0.9006
vn -0.1719 0.9672 0.1870
vn -0.3533 0.9193 0.1736
vn -0.3117 0.8876 0.3392
vn -0.1438 0.9191 0.3669
vn -0.9592 0.1788 0.2188
vn -0.9041 0.1583 0.3970
vn -0.8740 0.3247 0.3615
vn -0.9125 0.3590 0.1962
vn 0.9945 0.0508 -0.0917
vn 0.9439 0.3011 -0.1356
vn 0.9487 0.2032 -0.2422
vn 0.9355 0.0968 -0.3397
vn -0.0411 0.0009 -0.9992
vn 0.0411 -0.0005 0.9992
vn 0.9945 -0.0508 -0.0917
vn 0.9355 -0.0965 -0.3398
vn 0.9488 -0.2027 -0.2422
vn 0.9440 -0.3007 -0.1357
vn 0.9987 -0.0507 0.0097
vn 0.9519 -0.3008 0.0576
vn 0.9654 -0.2030 0.1634
vn 0.9603 -0.0967 0.2616
vn 0.0411 0.0005 0.9992
vn 0.9987 0.0508 0.0097
vn 0.9603 0.0969 0.2615
vn 0.9654 0.2033 0.1634
vn 0.9518 0.3012 0.0575
vn 0.1401 0.1796 -0.9737
vn 0.1215 0.3604 -0.9249
vn 0.3231 0.1589 -0.9329
vn 0.1721 0.9673 -0.1863
vn 0.3537 0.9192 -0.1729
vn 0.3118 0.8882 -0.3376
vn 0.1436 0.9196 -0.3656
vn 0.9591 0.1795 -0.2188
vn 0.9040 0.1584 -0.3971
vn 0.8742 0.3252 -0.3607
vn 0.9121 0.3602 -0.1958
vn 0.1401 -0.1795 -0.9737
vn 0.3232 -0.1588 -0.9329
vn 0.2902 -0.3255 -0.8999
vn 0.1215 -0.3602 -0.9249
vn 0.9591 -0.1793 -0.2188
vn 0.9122 -0.3599 -0.1959
vn 0.8741 -0.3251 -0.3609
vn 0.9040 -0.1584 -0.3972
vn 0.1720 -0.9673 -0.1864
vn 0.1437 -0.9195 -0.3659
vn 0.3119 -0.8879 -0.3381
vn 0.3536 -0.9192 -0.1731
vn 0.1869 -0.9672 0.1720
vn 0.3668 -0.9191 0.1438
vn 0.3389 -0.8876 0.3118
vn 0.1737 -0.9192 0.3535
vn 0.9333 -0.1583 0.3223
vn 0.9008 -0.3245 0.2884
vn 0.2192 -0.1792 0.9591
vn 0.1961 -0.3597 0.9122
vn 0.3614 -0.3244 0.8742
vn 0.3980 -0.1582 0.9037
vn 0.2192 0.1793 0.9591
vn 0.3979 0.1583 0.9037
vn 0.3612 0.3245 0.8742
vn 0.1961 0.3599 0.9121
vn 0.9738 0.1793 0.1396
vn 0.9252 0.3599 0.1205
vn 0.9009 0.3246 0.2882
vn 0.9333 0.1584 0.3222
vn 0.1867 0.9673 0.1720
vn 0.1730 0.9193 0.3534
vn 0.3377 0.8882 0.3115
vn 0.3664 0.9193 0.1437
vn -0.2191 0.1796 -0.9590
vn -0.3978 0.1591 -0.9036
vn -0.3619 0.3260 -0.8734
vn -0.1965 0.3605 -0.9118
vn -0.9738 0.1795 -0.1393
vn -0.9251 0.3602 -0.1203
vn -0.9008 0.3251 -0.2878
vn -0.9336 0.1584 -0.3215
vn -0.1864 0.9674 -0.1716
vn -0.1728 0.9197 -0.3526
vn -0.3377 0.8884 -0.3109
vn -0.3659 0.9196 -0.1433
vn -0.2191 -0.1795 -0.9590
vn -0.1964 -0.3603 -0.9119
vn -0.3618 -0.3259 -0.8734
vn -0.3977 -0.1590 -0.9036
vn -0.1865 -0.9674 -0.1716
vn -0.3659 -0.9195 -0.1435
vn -0.3382 -0.8881 -0.3112
vn -0.1731 -0.9196 -0.3528
vn -0.9739 -0.1794 -0.1393
vn -0.9336 -0.1583 -0.3216
vn -0.9008 -0.3250 -0.2879
vn -0.9252 -0.3600 -0.1203
vn -0.1715 -0.9673 0.1867
vn -0.1433 -0.9193 0.3664
vn -0.3107 -0.8883 0.3383
vn -0.3525 -0.9196 0.1733
vn -0.1393 -0.1792 0.9739
vn -0.3215 -0.1580 0.9336
vn -0.2875 -0.3241 0.9013
vn -0.1201 -0.3595 0.9254
vn -0.9591 -0.1791 0.2192
vn -0.9123 -0.3595 0.1961
vn -0.8743 -0.3241 0.3613
vn -0.9037 -0.1581 0.3979
vn -0.1201 0.3597 0.9253
vn -0.2873 0.3242 0.9013
vn -0.3214 0.1581 0.9336
vn -0.1716 0.9673 0.1866
vn -0.3527 0.9196 0.1731
vn -0.3107 0.8884 0.3379
vn -0.1433 0.9194 0.3662
vn -0.9037 0.1582 0.3978
vn -0.8743 0.3243 0.3612
vn -0.9122 0.3598 0.1961
vn 0.1397 -0.1793 -0.9738
vn 0.3224 -0.1582 -0.9333
vn 0.2885 -0.3244 -0.9009
vn 0.9591 -0.1791 -0.2192
vn 0.9123 -0.3595 -0.1961
vn 0.8743 -0.3241 -0.3614
vn 0.9037 -0.1581 -0.3979
vn 0.1721 -0.9671 -0.1871
vn 0.1439 -0.9189 -0.3672
vn 0.3119 -0.8876 -0.3389
vn 0.3537 -0.9191 -0.1736
vn 0.1870 -0.9671 0.1723
vn 0.3669 -0.9190 0.1440
vn 0.9008 -0.3246 0.2884
vn 0.9253 -0.3597 0.1205
vn 0.1962 -0.3596 0.9122
vn 0.3979 -0.1582 0.9037
vn 0.1397 0.1795 -0.9738
vn 0.1205 0.3602 -0.9251
vn 0.2884 0.3249 -0.9007
vn 0.3224 0.1584 -0.9333
vn 0.1720 0.9672 -0.1869
vn 0.3534 0.9192 -0.1736
vn 0.3121 0.8875 -0.3389
vn 0.1440 0.9191 -0.3668
vn 0.9590 0.1793 -0.2193
vn 0.9036 0.1583 -0.3981
vn 0.8740 0.3246 -0.3616
vn 0.9121 0.3599 -0.1962
vn 0.2193 0.1794 0.9590
vn 0.3981 0.1584 0.9036
vn 0.3617 0.3249 0.8739
vn 0.1963 0.3600 0.9121
vn 0.9006 0.3251 0.2886
vn 0.3394 0.8874 0.3121
vn 0.3667 0.9191 0.1440
vn -0.9602 0.0968 -0.2621
vn -0.9654 0.2032 -0.1637
vn -0.9519 0.3010 -0.0578
vn -0.9520 -0.3006 -0.0577
vn -0.9654 -0.2029 -0.1635
vn -0.9602 -0.0966 -0.2620
vn -0.9945 -0.0508 0.0917
vn -0.9354 -0.0967 0.3400
vn -0.9488 -0.2031 0.2420
vn -0.9440 -0.3007 0.1356
vn -0.9945 0.0508 0.0917
vn -0.9439 0.3010 0.1354
vn -0.9488 0.2034 0.2417
vn -0.9355 0.0969 0.3398
vn -0.0411 -0.0002 -0.9992
vn -0.9740 0.1788 -0.1393
vn -0.9256 0.3588 -0.1206
vn -0.9008 0.3245 -0.2885
vn -0.9336 0.1583 -0.3216
vn -0.1865 0.9673 -0.1721
vn -0.1734 0.9192 -0.3537
vn -0.3384 0.8878 -0.3120
vn -0.3661 0.9194 -0.1438
vn -0.2190 0.1795 -0.9591
vn -0.3975 0.1584 -0.9038
vn -0.3610 0.3250 -0.8741
vn -0.1959 0.3602 -0.9121
vn -0.2190 -0.1793 -0.9591
vn -0.1960 -0.3599 -0.9122
vn -0.3611 -0.3247 -0.8742
vn -0.3975 -0.1582 -0.9039
vn -0.1868 -0.9672 -0.1724
vn -0.3665 -0.9192 -0.1440
vn -0.3385 -0.8876 -0.3125
vn -0.1735 -0.9189 -0.3543
vn -0.9740 -0.1787 -0.1393
vn -0.9336 -0.1582 -0.3216
vn -0.9009 -0.3243 -0.2885
vn -0.9256 -0.3587 -0.1206
vn -0.1720 -0.9672 0.1872
vn -0.1437 -0.9189 0.3674
vn -0.3116 -0.8875 0.3394
vn -0.3534 -0.9192 0.1737
vn -0.3216 -0.1582 0.9335
vn -0.2878 -0.3248 0.9009
vn -0.1203 -0.3598 0.9252
vn -0.9593 -0.1787 0.2187
vn -0.9126 -0.3587 0.1962
vn -0.8741 -0.3244 0.3614
vn -0.9041 -0.1583 0.3969
vn -0.1203 0.3602 0.9251
vn -0.2881 0.3253 0.9007
vn -0.3218 0.1585 0.9335
vn -0.1718 0.9672 0.1870
vn -0.3531 0.9193 0.1737
vn -0.3118 0.8875 0.3394
vn -0.1438 0.9190 0.3670
vn -0.9592 0.1789 0.2188
vn -0.9040 0.1586 0.3971
vn -0.8738 0.3251 0.3618
vn -0.9124 0.3591 0.1963
vn 0.9439 0.3012 -0.1356
vn 0.9487 0.2035 -0.2422
vn 0.9354 0.0969 -0.3400
vn -0.0411 0.0002 -0.9992
vn 0.0411 0.0009 0.9992
vn 0.9355 -0.0967 -0.3399
vn 0.9488 -0.2030 -0.2421
vn 0.9440 -0.3008 -0.1356
vn 0.9987 -0.0508 0.0098
vn 0.9520 -0.3007 0.0578
vn 0.9654 -0.2029 0.1637
vn 0.9602 -0.0966 0.2622
vn 0.0411 -0.0009 0.9992
vn 0.9987 0.0508 0.0098
vn 0.9602 0.0968 0.2621
vn 0.9654 0.2032 0.1635
vn 0.9519 0.3011 0.0577
vn 0.1397 0.1793 -0.9738
vn 0.1205 0.3599 -0.9252
vn 0.2882 0.3245 -0.9009
vn 0.3223 0.1583 -0.9333
vn 0.1719 0.9673 -0.1867
vn 0.3533 0.9194 -0.1732
vn 0.3113 0.8881 -0.3381
vn 0.1435 0.9193 -0.3664
vn 0.8741 0.3246 -0.3613
vn 0.9122 0.3598 -0.1961
vn 0.1397 -0.1792 -0.9738
vn 0.2883 -0.3243 -0.9009
vn 0.1205 -0.3597 -0.9253
vn 0.9590 -0.1792 -0.2194
vn 0.9122 -0.3597 -0.1962
vn 0.8740 -0.3245 -0.3616
vn 0.9035 -0.1583 -0.3982
vn 0.1720 -0.9672 -0.1868
vn 0.1438 -0.9192 -0.3666
vn 0.3117 -0.8878 -0.3385
vn 0.3535 -0.9192 -0.1734
vn 0.1870 -0.9672 0.1721
vn 0.3669 -0.9191 0.1440
vn 0.3392 -0.8874 0.3121
vn 0.1736 -0.9191 0.3538
vn 0.9738 -0.1792 0.1396
vn 0.9334 -0.1581 0.3222
vn 0.9008 -0.3246 0.2886
vn 0.2193 -0.1795 0.9590
vn 0.1966 -0.3602 0.9119
vn 0.3621 -0.3255 0.8734
vn 0.3981 -0.1588 0.9035
vn 0.2193 0.1796 0.9590
vn 0.3981 0.1589 0.9035
vn 0.3621 0.3257 0.8734
vn 0.1966 0.3605 0.9118
vn 0.9251 0.3600 0.1207
vn 0.9006 0.3249 0.2887
vn 0.9333 0.1583 0.3223
vn 0.1868 0.9672 0.1720
vn 0.1732 0.9192 0.3536
vn 0.3385 0.8878 0.3118
vn 0.3665 0.9192 0.1438
vn -0.2187 0.1793 -0.9592
vn -0.3969 0.1582 -0.9041
vn -0.3602 0.3245 -0.8746
vn -0.1956 0.3598 -0.9123
vn -0.9738 0.1794 -0.1397
vn -0.9251 0.3600 -0.1205
vn -0.9009 0.3245 -0.2882
vn -0.9333 0.1583 -0.3223
vn -0.1861 0.9674 -0.1719
vn -0.1726 0.9195 -0.3533
vn -0.3368 0.8886 -0.3114
vn -0.3652 0.9198 -0.1436
vn -0.2187 -0.1792 -0.9592
vn -0.1956 -0.3596 -0.9124
vn -0.3604 -0.3243 -0.8746
vn -0.3970 -0.1582 -0.9041
vn -0.1865 -0.9673 -0.1720
vn -0.3660 -0.9194 -0.1438
vn -0.3380 -0.8881 -0.3117
vn -0.1732 -0.9193 -0.3534
vn -0.9738 -0.1792 -0.1397
vn -0.9333 -0.1582 -0.3224
vn -0.9009 -0.3244 -0.2883
vn -0.9252 -0.3597 -0.1205
vn -0.1718 -0.9672 0.1869
vn -0.1434 -0.9192 0.3668
vn -0.3113 -0.8878 0.3389
vn -0.3530 -0.9194 0.1736
vn -0.1395 -0.1795 0.9738
vn -0.3220 -0.1588 0.9333
vn -0.2886 -0.3255 0.9004
vn -0.1208 -0.3602 0.9250
vn -0.9590 -0.1793 0.2192
vn -0.9121 -0.3599 0.1962
vn -0.8740 -0.3247 0.3615
vn -0.9036 -0.1582 0.3980
vn -0.1395 0.1796 0.9738
vn -0.1208 0.3604 0.9249
vn -0.2885 0.3256 0.9004
vn -0.3219 0.1589 0.9333
vn -0.1716 0.9673 0.1868
vn -0.3527 0.9195 0.1733
vn -0.3110 0.8881 0.3385
vn -0.1433 0.9193 0.3666
vn -0.9590 0.1795 0.2193
vn -0.9036 0.1584 0.3981
vn -0.8738 0.3251 0.3616
vn -0.9120 0.3603 0.1963
vn 0.3222 -0.1582 -0.9333
vn 0.2882 -0.3244 -0.9009
vn 0.1204 -0.3597 -0.9253
vn 0.9591 -0.1792 -0.2192
vn 0.9122 -0.3597 -0.1961
vn 0.8742 -0.3244 -0.3613
vn 0.9037 -0.1582 -0.3978
vn 0.1724 -0.9671 -0.1871
vn 0.1439 -0.9190 -0.3672
vn 0.3120 -0.8876 -0.3389
vn 0.3542 -0.9189 -0.1737
vn 0.1872 -0.9671 0.1723
vn 0.3673 -0.9189 0.1440
vn 0.3389 -0.8876 0.3121
vn 0.1737 -0.9190 0.3541
vn 0.9333 -0.1582 0.3224
vn 0.9010 -0.3243 0.2883
vn 0.9253 -0.3596 0.1205
vn 0.1961 -0.3596 0.9123
vn 0.3613 -0.3242 0.8743
vn 0.3978 -0.1581 0.9037
vn 0.1397 0.1794 -0.9738
vn 0.1205 0.3601 -0.9251
vn 0.2885 0.3248 -0.9007
vn 0.3535 0.9192 -0.1737
vn 0.3120 0.8876 -0.3389
vn 0.9591 0.1793 -0.2192
vn 0.9037 0.1584 -0.3979
vn 0.8741 0.3248 -0.3613
vn 0.9121 0.3600 -0.1960
vn 0.2192 0.1794 0.9591
vn 0.3978 0.1583 0.9037
vn 0.3613 0.3246 0.8741
vn 0.1960 0.3600 0.9121
vn 0.9738 0.1793 0.1397
vn 0.9008 0.3246 0.2884
vn 0.9333 0.1583 0.3224
vn 0.1738 0.9191 0.3537
vn 0.3392 0.8874 0.3120
vn -0.9602 0.0968 -0.2620
vn -0.9654 0.2032 -0.1635
vn -0.9519 0.3010 -0.0577
vn -0.9520 -0.3008 -0.0577
vn -0.9654 -0.2029 -0.1636
vn -0.9602 -0.0966 -0.2621
vn -0.9355 -0.0966 0.3400
vn -0.9488 -0.2028 0.2423
vn -0.9440 -0.3007 0.1357
vn -0.9440 0.3009 0.1356
vn -0.9487 0.2032 0.2421
vn -0.9355 0.0968 0.3399
vn -0.9740 0.1788 -0.1391
vn -0.9008 0.3246 -0.2884
vn -0.1734 0.9192 -0.3536
vn -0.2188 0.1795 -0.9591
vn -0.3972 0.1584 -0.9040
vn -0.3608 0.3251 -0.8741
vn -0.1958 0.3602 -0.9121
vn -0.1959 -0.3599 -0.9122
vn -0.3610 -0.3248 -0.8742
vn -0.3973 -0.1582 -0.9040
vn -0.1867 -0.9672 -0.1724
vn -0.9740 -0.1787 -0.1392
vn -0.9337 -0.1582 -0.3212
vn -0.9009 -0.3244 -0.2884
vn -0.9257 -0.3586 -0.1206
vn -0.3218 -0.1581 0.9335
vn -0.2880 -0.3246 0.9010
vn -0.9127 -0.3585 0.1962
vn -0.8742 -0.3243 0.3614
vn -0.9041 -0.1582 0.3969
vn -0.2881 0.3250 0.9007
vn -0.3219 0.1583 0.9334
vn -0.3117 0.8875 0.3393
vn -0.1438 0.9191 0.3670
vn -0.9040 0.1585 0.3971
vn -0.8739 0.3248 0.3617
vn -0.9125 0.3590 0.1963
vn 0.9439 0.3010 -0.1357
vn 0.9487 0.2031 -0.2424
vn 0.9354 0.0967 -0.3400
vn 0.0411 0.0002 0.9992
vn 0.9354 -0.0965 -0.3401
vn 0.9487 -0.2027 -0.2426
vn 0.9440 -0.3007 -0.1359
vn 0.9520 -0.3008 0.0577
vn 0.9654 -0.2029 0.1635
vn 0.0411 -0.0002 0.9992
vn 0.9601 0.0969 0.2623
vn 0.9653 0.2034 0.1637
vn 0.9518 0.3011 0.0578
vn 0.1398 0.1793 -0.9738
vn 0.1206 0.3599 -0.9252
vn 0.2884 0.3245 -0.9009
vn 0.3225 0.1582 -0.9333
vn 0.3532 0.9194 -0.1732
vn 0.3114 0.8880 -0.3382
vn 0.1436 0.9193 -0.3664
vn 0.9590 0.1793 -0.2194
vn 0.9035 0.1583 -0.3983
vn 0.8739 0.3246 -0.3617
vn 0.9121 0.3599 -0.1964
vn 0.1398 -0.1792 -0.9738
vn 0.3226 -0.1582 -0.9332
vn 0.2886 -0.3243 -0.9009
vn 0.1206 -0.3597 -0.9253
vn 0.9122 -0.3597 -0.1964
vn 0.8740 -0.3244 -0.3618
vn 0.9035 -0.1582 -0.3984
vn 0.1438 -0.9192 -0.3667
vn 0.3118 -0.8877 -0.3386
vn 0.3535 -0.9192 -0.1735
vn 0.1869 -0.9672 0.1721
vn 0.3669 -0.9191 0.1439
vn 0.3392 -0.8875 0.3120
vn 0.1736 -0.9191 0.3537
vn 0.9738 -0.1793 0.1399
vn 0.9332 -0.1583 0.3227
vn 0.9005 -0.3249 0.2889
vn 0.9251 -0.3599 0.1208
vn 0.2196 -0.1795 0.9589
vn 0.1967 -0.3603 0.9119
vn 0.3625 -0.3254 0.8733
vn 0.3986 -0.1588 0.9033
vn 0.2195 0.1796 0.9589
vn 0.3985 0.1588 0.9033
vn 0.3623 0.3255 0.8734
vn 0.1967 0.3605 0.9118
vn 0.9738 0.1794 0.1398
vn 0.9251 0.3601 0.1208
vn 0.9332 0.1583 0.3226
vn 0.1732 0.9193 0.3535
vn 0.3385 0.8879 0.3117
vn 0.3663 0.9193 0.1437
vn -0.3970 0.1582 -0.9041
vn -0.3603 0.3245 -0.8746
vn -0.1957 0.3598 -0.9123
vn -0.9251 0.3601 -0.1205
vn -0.9009 0.3246 -0.2882
vn -0.1727 0.9195 -0.3533
vn -0.3368 0.8886 -0.3113
vn -0.3653 0.9198 -0.1436
vn -0.3380 -0.8881 -0.3116
vn -0.1733 -0.9193 -0.3534
vn -0.9738 -0.1793 -0.1397
vn -0.1718 -0.9673 0.1869
vn -0.1434 -0.9192 0.3667
vn -0.3112 -0.8879 0.3389
vn -0.1395 -0.1796 0.9738
vn -0.3220 -0.1589 0.9333
vn -0.2885 -0.3257 0.9004
vn -0.1207 -0.3604 0.9250
vn -0.9590 -0.1794 0.2193
vn -0.9120 -0.3601 0.1962
vn -0.8740 -0.3249 0.3615
vn -0.9036 -0.1583 0.3980
vn -0.1395 0.1797 0.9738
vn -0.1207 0.3606 0.9249
vn -0.2885 0.3258 0.9004
vn -0.3219 0.1590 0.9333
vn -0.1716 0.9673 0.1867
vn -0.3526 0.9196 0.1733
vn -0.3109 0.8882 0.3384
vn -0.1432 0.9193 0.3665
vn -0.9590 0.1796 0.2192
vn -0.9036 0.1584 0.3980
vn -0.8739 0.3251 0.3614
vn -0.9120 0.3604 0.1962
vn 0.6977 0.6679 -0.2590
vn 0.4323 0.4919 -0.7557
vn 0.2824 0.6716 -0.6850
vn 0.4691 0.8429 -0.2637
vn 0.0316 0.3617 -0.9318
vn 0.0320 0.3616 -0.9318
vn 0.0719 0.9799 -0.1860
vn 0.0554 0.9291 -0.3656
vn -0.1080 0.3618 -0.9260
vn -0.4931 0.4919 -0.7176
vn -0.3377 0.6717 -0.6594
vn -0.1083 0.3617 -0.9260
vn -0.7172 0.6673 -0.2009
vn -0.4895 0.8427 -0.2242
vn -0.0869 0.9799 -0.1795
vn -0.0852 0.9291 -0.3599
vn 0.1020 0.9829 -0.1532
vn 0.1197 0.8569 -0.5014
vn 0.3939 0.7857 -0.4771
vn 0.5778 0.7903 -0.2038
vn 0.0748 0.6434 -0.7618
vn 0.5536 0.5648 -0.6120
vn 0.7398 0.5777 -0.3448
vn -0.7660 0.5774 -0.2825
vn -0.6022 0.5649 -0.5641
vn -0.4316 0.7859 -0.4428
vn -0.5929 0.7902 -0.1552
vn -0.1372 0.6434 -0.7531
vn -0.1606 0.8568 -0.4899
vn -0.1142 0.9829 -0.1443
vn -0.0127 -0.4876 -0.8730
vn 0.1780 -0.0942 -0.9795
vn 0.1553 0.0672 -0.9856
vn 0.0225 0.1003 -0.9947
vn 0.5868 0.2687 -0.7639
vn 0.1872 0.3775 -0.9069
vn -0.0026 0.5230 -0.8524
vn -0.0674 0.5230 -0.8497
vn -0.2610 0.3777 -0.8884
vn -0.2358 0.0678 -0.9694
vn -0.1042 0.1000 -0.9895
vn -0.6469 0.2692 -0.7134
vn -0.2579 -0.0940 -0.9616
vn -0.0590 -0.4876 -0.8711
vn -0.6402 0.5717 -0.5131
vn -0.2613 0.6700 -0.6949
vn -0.2247 0.8729 -0.4331
vn -0.1658 0.9652 -0.2025
vn -0.0670 0.5718 -0.8177
vn -0.0847 0.8693 -0.4870
vn -0.0089 0.9980 0.0633
vn 0.5966 0.5716 -0.5634
vn 0.1487 0.9651 -0.2154
vn 0.1885 0.8730 -0.4498
vn 0.2035 0.6700 -0.7139
vn 0.0141 0.9980 0.0623
vn 0.0445 0.8690 -0.4928
vn -0.0004 0.5718 -0.8204
vn 0.6966 -0.6692 -0.2587
vn 0.4684 -0.8433 -0.2635
vn 0.2820 -0.6722 -0.6846
vn 0.4319 -0.4933 -0.7551
vn 0.0719 -0.9799 -0.1860
vn 0.0554 -0.9291 -0.3656
vn 0.0316 -0.3627 -0.9314
vn 0.0320 -0.3626 -0.9314
vn -0.1080 -0.3628 -0.9256
vn -0.1083 -0.3627 -0.9256
vn -0.3373 -0.6722 -0.6591
vn -0.4928 -0.4931 -0.7169
vn -0.0868 -0.9799 -0.1795
vn -0.4888 -0.8431 -0.2240
vn -0.0852 -0.9291 -0.3599
vn -0.7161 -0.6685 -0.2006
vn 0.7147 -0.6275 0.3088
vn 0.4799 -0.6023 0.6379
vn 0.2966 -0.8298 0.4727
vn 0.4559 -0.8762 0.1563
vn 0.1061 -0.6317 0.7679
vn 0.0781 -0.8603 0.5038
vn 0.0780 -0.9872 0.1390
vn -0.0663 -0.9872 0.1450
vn -0.0365 -0.8603 0.5084
vn -0.2566 -0.8299 0.4954
vn -0.4419 -0.8760 0.1933
vn -0.0427 -0.6317 0.7740
vn -0.4263 -0.6022 0.6749
vn -0.6874 -0.6271 0.3663
vn 0.0669 -0.5721 0.8175
vn 0.2559 -0.6742 0.6928
vn 0.2152 -0.8717 0.4402
vn 0.0835 -0.8729 0.4807
vn 0.6738 -0.6635 0.3251
vn 0.3713 -0.9081 0.1935
vn 0.0188 -0.9941 -0.1064
vn -0.0274 -0.9941 -0.1045
vn -0.3503 -0.8997 0.2606
vn -0.1782 -0.8718 0.4564
vn -0.0437 -0.8727 0.4863
vn -0.6312 -0.6474 0.4272
vn -0.1980 -0.6741 0.7116
vn 0.0005 -0.5721 0.8202
vn -0.5925 -0.2658 0.7604
vn -0.1785 0.0982 0.9790
vn -0.1560 -0.0621 0.9858
vn -0.1895 -0.3740 0.9078
vn 0.0126 0.4938 0.8695
vn -0.0226 -0.0939 0.9953
vn 0.0019 -0.5223 0.8527
vn 0.6545 -0.2650 0.7081
vn 0.2636 -0.3737 0.8893
vn 0.2364 -0.0622 0.9697
vn 0.2584 0.0984 0.9610
vn 0.0682 -0.5224 0.8500
vn 0.1044 -0.0935 0.9901
vn 0.0588 0.4938 0.8676
vn 0.6472 -0.7612 -0.0419
vn -0.6436 -0.7537 0.1331
vn 0.0158 0.9977 0.0654
vn 0.0819 0.9941 0.0713
vn 0.1709 0.9748 0.1431
vn 0.0554 0.9884 0.1412
vn -0.0183 0.7960 -0.6050
vn 0.0371 0.8063 -0.5903
vn 0.0062 0.6959 -0.7181
vn -0.0177 0.6912 -0.7225
vn 0.1911 0.9813 0.0221
vn 0.3424 0.9367 0.0736
vn 0.1144 0.7546 -0.6461
vn 0.0352 0.6844 -0.7283
vn 0.3083 0.9427 -0.1274
vn 0.4124 0.7921 -0.4501
vn 0.0676 0.6389 -0.7663
vn 0.6929 0.4909 -0.5281
vn 0.4726 0.5761 -0.6669
vn 0.0685 0.5699 -0.8189
vn -0.7345 0.4907 -0.4688
vn -0.3180 0.9427 -0.1013
vn -0.4482 0.7920 -0.4145
vn -0.5262 0.5760 -0.6255
vn -0.1304 0.6390 -0.7581
vn -0.1355 0.5699 -0.8105
vn -0.1887 0.9813 0.0376
vn -0.3351 0.9367 0.1015
vn -0.1671 0.7548 -0.6344
vn -0.0949 0.6844 -0.7229
vn -0.0758 0.9941 0.0777
vn -0.1586 0.9748 0.1566
vn -0.0855 0.8063 -0.5853
vn -0.0652 0.6959 -0.7152
vn -0.0104 0.9977 0.0665
vn -0.0437 0.9884 0.1453
vn -0.0315 0.7960 -0.6045
vn -0.0417 0.6911 -0.7215
vn 0.7444 -0.2581 0.6158
vn 0.6620 0.0891 0.7442
vn 0.4689 -0.0781 0.8798
vn 0.5351 -0.3609 0.7638
vn 0.1366 -0.4429 0.8861
vn 0.1381 -0.5192 0.8434
vn 0.4158 0.4258 0.8036
vn 0.3730 0.4567 0.8076
vn 0.1809 -0.2834 0.9418
vn 0.1031 -0.3909 0.9146
vn 0.1935 0.5303 0.8254
vn 0.1991 0.5296 0.8245
vn 0.1015 -0.2155 0.9712
vn 0.0738 -0.3785 0.9226
vn 0.0614 0.5205 0.8516
vn 0.0844 0.5294 0.8442
vn 0.0466 -0.2366 0.9705
vn 0.0499 -0.3859 0.9212
vn 0.0087 0.5205 0.8538
vn -0.1251 0.5304 0.8385
vn -0.1308 0.5296 0.8381
vn -0.0147 0.5294 0.8483
vn 0.0333 -0.2366 0.9710
vn -0.0214 -0.2155 0.9763
vn 0.0023 -0.3786 0.9256
vn 0.0259 -0.3859 0.9222
vn -0.3485 0.4261 0.8349
vn -0.3055 0.4569 0.8354
vn -0.1028 -0.2836 0.9534
vn -0.0276 -0.3910 0.9200
vn -0.5991 0.0899 0.7956
vn -0.3953 -0.0779 0.9152
vn -0.0633 -0.4430 0.8943
vn -0.6920 -0.2575 0.6744
vn -0.4710 -0.3607 0.8050
vn -0.0683 -0.5192 0.8519
vn -0.0344 0.5478 -0.8359
vn 0.9980 0.0169 -0.0602
vn -0.9771 -0.1110 0.1815
vn 0.0343 -0.5479 0.8359
vn 0.0344 -0.5479 0.8359
vn 0.6974 0.6682 -0.2591
vn 0.4323 0.4925 -0.7554
vn 0.2819 0.6718 -0.6850
vn 0.4690 0.8429 -0.2638
vn 0.0317 0.3619 -0.9317
vn 0.0320 0.3618 -0.9317
vn 0.0719 0.9799 -0.1861
vn 0.0555 0.9291 -0.3657
vn -0.4931 0.4917 -0.7177
vn -0.3376 0.6716 -0.6595
vn -0.7174 0.6671 -0.2010
vn -0.4896 0.8426 -0.2243
vn -0.0851 0.9291 -0.3599
vn 0.1021 0.9829 -0.1532
vn 0.1195 0.8569 -0.5015
vn 0.3932 0.7858 -0.4773
vn 0.5776 0.7905 -0.2039
vn 0.0747 0.6434 -0.7619
vn 0.5534 0.5647 -0.6123
vn 0.7395 0.5779 -0.3450
vn -0.7663 0.5771 -0.2824
vn -0.6024 0.5649 -0.5640
vn -0.4322 0.7856 -0.4427
vn -0.5931 0.7900 -0.1552
vn -0.1372 0.6435 -0.7531
vn -0.1606 0.8568 -0.4900
vn -0.1143 0.9829 -0.1444
vn 0.1782 -0.0941 -0.9795
vn 0.1556 0.0670 -0.9855
vn 0.0225 0.1007 -0.9947
vn 0.5861 0.2692 -0.7642
vn 0.1872 0.3777 -0.9068
vn -0.0025 0.5230 -0.8523
vn -0.0675 0.5230 -0.8497
vn -0.2359 0.0677 -0.9694
vn -0.1041 0.0999 -0.9895
vn -0.6472 0.2692 -0.7132
vn -0.2580 -0.0942 -0.9616
vn -0.6403 0.5716 -0.5131
vn -0.2247 0.8727 -0.4335
vn -0.1658 0.9651 -0.2025
vn -0.0848 0.8694 -0.4867
vn 0.5958 0.5717 -0.5641
vn 0.1487 0.9651 -0.2155
vn 0.1886 0.8728 -0.4501
vn 0.2036 0.6699 -0.7140
vn 0.0141 0.9980 0.0624
vn 0.0446 0.8693 -0.4923
vn 0.6963 -0.6694 -0.2588
vn 0.4684 -0.8433 -0.2636
vn 0.2815 -0.6723 -0.6846
vn 0.4318 -0.4938 -0.7548
vn 0.0719 -0.9799 -0.1861
vn 0.0555 -0.9291 -0.3657
vn 0.0317 -0.3629 -0.9313
vn 0.0320 -0.3628 -0.9313
vn -0.3372 -0.6722 -0.6591
vn -0.4929 -0.4930 -0.7170
vn -0.4889 -0.8431 -0.2241
vn -0.0851 -0.9291 -0.3599
vn -0.7163 -0.6683 -0.2007
vn 0.7144 -0.6277 0.3092
vn 0.4796 -0.6024 0.6381
vn 0.2962 -0.8298 0.4729
vn 0.4559 -0.8761 0.1566
vn 0.1062 -0.6317 0.7679
vn -0.0662 -0.9872 0.1449
vn -0.0364 -0.8603 0.5085
vn -0.2571 -0.8298 0.4953
vn -0.4419 -0.8760 0.1931
vn -0.0427 -0.6317 0.7741
vn -0.4262 -0.6022 0.6750
vn -0.6875 -0.6271 0.3662
vn 0.0669 -0.5721 0.8174
vn 0.2559 -0.6740 0.6929
vn 0.2153 -0.8718 0.4401
vn 0.0835 -0.8727 0.4810
vn 0.6425 -0.6642 0.3821
vn 0.3473 -0.9080 0.2345
vn -0.0275 -0.9941 -0.1045
vn -0.4036 -0.8857 0.2294
vn -0.1784 -0.8718 0.4562
vn -0.0438 -0.8727 0.4863
vn -0.6912 -0.6142 0.3808
vn -0.5932 -0.2653 0.7601
vn -0.1787 0.0985 0.9790
vn -0.1559 -0.0618 0.9858
vn -0.1894 -0.3737 0.9080
vn 0.0126 0.4940 0.8694
vn -0.0226 -0.0936 0.9954
vn 0.0019 -0.5224 0.8527
vn 0.6532 -0.2658 0.7090
vn 0.2635 -0.3738 0.8893
vn 0.2364 -0.0618 0.9697
vn 0.2585 0.0982 0.9610
vn 0.0682 -0.5223 0.8500
vn 0.1043 -0.0938 0.9901
vn 0.0588 0.4940 0.8675
vn 0.5874 -0.8035 0.0973
vn -0.7760 -0.6306 0.0144
vn 0.0820 0.9941 0.0711
vn 0.1708 0.9749 0.1428
vn -0.0177 0.6911 -0.7225
vn 0.1911 0.9813 0.0217
vn 0.3421 0.9368 0.0731
vn 0.1144 0.7547 -0.6460
vn 0.3083 0.9427 -0.1276
vn 0.4122 0.7920 -0.4503
vn 0.6929 0.4909 -0.5282
vn 0.4725 0.5761 -0.6670
vn 0.0684 0.5699 -0.8189
vn -0.7346 0.4905 -0.4688
vn -0.3179 0.9427 -0.1015
vn -0.4480 0.7921 -0.4146
vn -0.5262 0.5759 -0.6256
vn -0.1303 0.6389 -0.7582
vn -0.1354 0.5699 -0.8105
vn -0.1886 0.9813 0.0377
vn -0.3351 0.9367 0.1016
vn -0.1670 0.7545 -0.6346
vn -0.0948 0.6843 -0.7230
vn -0.0758 0.9941 0.0778
vn -0.1586 0.9748 0.1568
vn -0.0103 0.9977 0.0665
vn -0.0437 0.9884 0.1454
vn -0.0315 0.7961 -0.6044
vn -0.0417 0.6912 -0.7215
vn 0.7442 -0.2582 0.6161
vn 0.4689 -0.0782 0.8798
vn 0.5350 -0.3610 0.7638
vn 0.1365 -0.4430 0.8861
vn 0.1382 -0.5192 0.8434
vn 0.4159 0.4254 0.8037
vn 0.3729 0.4565 0.8078
vn 0.1808 -0.2836 0.9417
vn 0.1031 -0.3910 0.9146
vn 0.1936 0.5301 0.8255
vn 0.1990 0.5294 0.8247
vn 0.0615 0.5205 0.8517
vn 0.0843 0.5293 0.8443
vn 0.0465 -0.2366 0.9705
vn 0.0499 -0.3858 0.9212
vn 0.0088 0.5205 0.8538
vn -0.1251 0.5303 0.8385
vn -0.1307 0.5296 0.8381
vn -0.0148 0.5294 0.8482
vn -0.0215 -0.2155 0.9763
vn 0.0022 -0.3785 0.9256
vn -0.3483 0.4256 0.8352
vn -0.3054 0.4565 0.8357
vn -0.1029 -0.2834 0.9535
vn -0.0277 -0.3909 0.9200
vn -0.5986 0.0884 0.7962
vn -0.3949 -0.0783 0.9154
vn -0.0633 -0.4429 0.8943
vn -0.6914 -0.2582 0.6747
vn -0.4706 -0.3611 0.8051
vn -0.0684 -0.5192 0.8519
vn 0.7995 -0.1679 0.5767
vn -0.9998 0.0117 0.0186
vn 0.6597 -0.7062 -0.2571
vn 0.4640 -0.4623 -0.7556
vn 0.6444 -0.3099 -0.6991
vn 0.8326 -0.4787 -0.2785
vn 0.3252 -0.0702 -0.9430
vn 0.3251 -0.0705 -0.9431
vn 0.9715 -0.0798 -0.2233
vn 0.9132 -0.0707 -0.4014
vn 0.3251 0.0702 -0.9431
vn 0.4639 0.4623 -0.7557
vn 0.6444 0.3100 -0.6991
vn 0.3250 0.0705 -0.9431
vn 0.6598 0.7061 -0.2571
vn 0.8327 0.4786 -0.2784
vn 0.9715 0.0798 -0.2232
vn 0.9132 0.0707 -0.4014
vn 0.9758 -0.1084 -0.1897
vn 0.8351 -0.1404 -0.5319
vn 0.7656 -0.4128 -0.4934
vn 0.7823 -0.5855 -0.2127
vn 0.6114 -0.1059 -0.7842
vn 0.5400 -0.5781 -0.6117
vn 0.5646 -0.7529 -0.3383
vn 0.5647 0.7527 -0.3385
vn 0.5398 0.5781 -0.6120
vn 0.7656 0.4124 -0.4938
vn 0.7823 0.5853 -0.2130
vn 0.6114 0.1058 -0.7842
vn 0.8351 0.1403 -0.5319
vn 0.9758 0.1085 -0.1896
vn -0.5222 -0.0232 -0.8525
vn -0.1344 -0.2176 -0.9667
vn 0.0255 -0.1950 -0.9805
vn 0.0591 -0.0630 -0.9963
vn 0.2380 -0.6175 -0.7497
vn 0.3393 -0.2235 -0.9137
vn 0.4610 -0.0649 -0.8850
vn 0.4610 0.0649 -0.8850
vn 0.3393 0.2235 -0.9138
vn 0.0255 0.1949 -0.9805
vn 0.0591 0.0630 -0.9963
vn 0.2378 0.6177 -0.7496
vn -0.1344 0.2176 -0.9667
vn -0.5222 0.0232 -0.8525
vn 0.5491 0.6194 -0.5611
vn 0.6395 0.2333 -0.7326
vn 0.8532 0.2075 -0.4785
vn 0.9146 0.2243 -0.3364
vn 0.5376 0.0334 -0.8425
vn 0.8477 0.0653 -0.5264
vn 0.9964 0.0230 0.0820
vn 0.5491 -0.6191 -0.5613
vn 0.9146 -0.2244 -0.3363
vn 0.8532 -0.2075 -0.4786
vn 0.6394 -0.2333 -0.7326
vn 0.9964 -0.0230 0.0821
vn 0.8478 -0.0653 -0.5262
vn 0.5376 -0.0334 -0.8425
vn -0.6770 -0.7075 -0.2026
vn -0.8522 -0.4795 -0.2095
vn -0.6989 -0.3103 -0.6444
vn -0.5229 -0.4627 -0.7158
vn -0.9865 -0.0797 -0.1428
vn -0.9430 -0.0707 -0.3253
vn -0.4004 -0.0701 -0.9137
vn -0.4003 -0.0704 -0.9137
vn -0.4004 0.0701 -0.9137
vn -0.4003 0.0705 -0.9137
vn -0.6989 0.3104 -0.6443
vn -0.5230 0.4627 -0.7159
vn -0.9865 0.0797 -0.1428
vn -0.8522 0.4794 -0.2094
vn -0.9430 0.0707 -0.3253
vn -0.6772 0.7074 -0.2024
vn -0.6123 -0.7019 0.3640
vn -0.5745 -0.4533 0.6814
vn -0.8087 -0.2770 0.5190
vn -0.8677 -0.4499 0.2114
vn -0.5995 -0.0746 0.7969
vn -0.8387 -0.0576 0.5415
vn -0.9805 -0.0724 0.1826
vn -0.9805 0.0724 0.1826
vn -0.8388 0.0576 0.5415
vn -0.8087 0.2771 0.5189
vn -0.8678 0.4498 0.2113
vn -0.5995 0.0746 0.7969
vn -0.5746 0.4533 0.6814
vn -0.6124 0.7018 0.3639
vn -0.5620 -0.0663 0.8245
vn -0.6455 -0.2268 0.7293
vn -0.8533 -0.1968 0.4829
vn -0.8524 -0.0633 0.5190
vn -0.5448 -0.6240 0.5601
vn -0.9166 -0.2189 0.3346
vn -0.9975 -0.0230 -0.0664
vn -0.9975 0.0230 -0.0664
vn -0.9166 0.2189 0.3345
vn -0.8533 0.1967 0.4829
vn -0.8524 0.0633 0.5190
vn -0.5448 0.6242 0.5600
vn -0.6455 0.2268 0.7293
vn -0.5620 0.0663 0.8245
vn -0.2349 0.6237 0.7456
vn 0.1377 0.2191 0.9659
vn -0.0222 0.1964 0.9803
vn -0.3368 0.2266 0.9139
vn 0.5312 0.0232 0.8469
vn -0.0538 0.0637 0.9965
vn -0.4869 0.0332 0.8728
vn -0.2350 -0.6235 0.7457
vn -0.3369 -0.2266 0.9139
vn -0.0223 -0.1965 0.9803
vn 0.1377 -0.2192 0.9659
vn -0.4869 -0.0332 0.8728
vn -0.0538 -0.0637 0.9965
vn 0.5312 -0.0232 0.8469
vn -0.0000 -0.0000 -0.0000
vn 0.9955 -0.0262 0.0912
vn 0.9810 -0.1593 0.1104
vn 0.9801 -0.1649 0.1102
vn 0.9935 -0.0495 0.1022
vn 0.7713 -0.0066 -0.6365
vn 0.7816 -0.0613 -0.6208
vn 0.6658 -0.0357 -0.7452
vn 0.6614 -0.0120 -0.7500
vn 0.9237 -0.3824 0.0229
vn 0.9394 -0.3391 0.0501
vn 0.7274 -0.1405 -0.6716
vn 0.6537 -0.0650 -0.7540
vn 0.7324 -0.6292 -0.2601
vn 0.7736 -0.4305 -0.4650
vn 0.6069 -0.0989 -0.7886
vn 0.4697 -0.7143 -0.5189
vn 0.5489 -0.4997 -0.6701
vn 0.5357 -0.1020 -0.8382
vn 0.4698 0.7142 -0.5188
vn 0.7326 0.6290 -0.2602
vn 0.7736 0.4304 -0.4650
vn 0.5490 0.4996 -0.6701
vn 0.6068 0.0988 -0.7887
vn 0.5357 0.1019 -0.8382
vn 0.9237 0.3824 0.0229
vn 0.9394 0.3391 0.0500
vn 0.7273 0.1405 -0.6717
vn 0.6536 0.0650 -0.7540
vn 0.9810 0.1593 0.1106
vn 0.9801 0.1650 0.1103
vn 0.7815 0.0613 -0.6209
vn 0.6658 0.0357 -0.7453
vn 0.9955 0.0262 0.0913
vn 0.9935 0.0495 0.1023
vn 0.7713 0.0066 -0.6365
vn 0.6613 0.0120 -0.7500
vn -0.2311 -0.7186 0.6559
vn 0.1220 -0.6314 0.7658
vn -0.0404 -0.4328 0.9006
vn -0.3283 -0.5034 0.7992
vn -0.4057 -0.1000 0.9085
vn -0.4840 -0.1033 0.8689
vn 0.4605 -0.3830 0.8008
vn 0.4916 -0.3396 0.8019
vn -0.2434 -0.1421 0.9595
vn -0.3524 -0.0656 0.9336
vn 0.5649 -0.1596 0.8096
vn 0.5642 -0.1651 0.8090
vn -0.1739 -0.0618 0.9828
vn -0.3395 -0.0360 0.9399
vn 0.5560 -0.0263 0.8308
vn 0.5644 -0.0496 0.8240
vn -0.1947 -0.0067 0.9808
vn -0.3468 -0.0121 0.9379
vn 0.5560 0.0264 0.8308
vn 0.5650 0.1596 0.8095
vn 0.5642 0.1652 0.8089
vn 0.5644 0.0496 0.8240
vn -0.1947 0.0067 0.9808
vn -0.1739 0.0618 0.9828
vn -0.3395 0.0360 0.9399
vn -0.3468 0.0121 0.9379
vn 0.4606 0.3829 0.8008
vn 0.4917 0.3396 0.8018
vn -0.2434 0.1421 0.9595
vn -0.3524 0.0656 0.9336
vn 0.1217 0.6313 0.7660
vn -0.0405 0.4326 0.9007
vn -0.4057 0.1000 0.9085
vn -0.2313 0.7184 0.6561
vn -0.3284 0.5033 0.7993
vn -0.4840 0.1033 0.8690
vn 0.6595 -0.7064 -0.2570
vn 0.4637 -0.4626 -0.7556
vn 0.6443 -0.3103 -0.6990
vn 0.8326 -0.4788 -0.2783
vn 0.3251 -0.0702 -0.9431
vn 0.3250 -0.0705 -0.9431
vn 0.3252 0.0702 -0.9431
vn 0.4639 0.4625 -0.7556
vn 0.6444 0.3100 -0.6990
vn 0.3251 0.0705 -0.9431
vn 0.6596 0.7063 -0.2571
vn 0.8326 0.4788 -0.2784
vn 0.9715 0.0798 -0.2233
vn 0.9758 -0.1085 -0.1897
vn 0.8350 -0.1403 -0.5320
vn 0.7654 -0.4126 -0.4938
vn 0.7821 -0.5856 -0.2129
vn 0.6113 -0.1059 -0.7843
vn 0.5397 -0.5783 -0.6118
vn 0.5644 -0.7530 -0.3382
vn 0.5645 0.7530 -0.3383
vn 0.5398 0.5782 -0.6118
vn 0.7655 0.4126 -0.4936
vn 0.7822 0.5856 -0.2128
vn 0.6114 0.1059 -0.7842
vn 0.8351 0.1403 -0.5320
vn 0.9758 0.1085 -0.1897
vn -0.5224 -0.0232 -0.8524
vn -0.1345 -0.2176 -0.9667
vn 0.0256 -0.1949 -0.9805
vn 0.0589 -0.0631 -0.9963
vn 0.2380 -0.6174 -0.7498
vn 0.4609 -0.0649 -0.8851
vn 0.4609 0.0649 -0.8851
vn 0.3393 0.2235 -0.9137
vn 0.0256 0.1949 -0.9805
vn 0.0589 0.0631 -0.9963
vn 0.2380 0.6174 -0.7497
vn -0.1345 0.2176 -0.9667
vn -0.5224 0.0232 -0.8524
vn 0.5492 0.6191 -0.5613
vn 0.8532 0.2075 -0.4786
vn 0.9146 0.2243 -0.3365
vn 0.8479 0.0653 -0.5262
vn 0.9964 0.0230 0.0818
vn 0.5492 -0.6191 -0.5613
vn 0.9146 -0.2243 -0.3364
vn 0.8531 -0.2075 -0.4786
vn 0.6395 -0.2333 -0.7325
vn 0.9964 -0.0230 0.0818
vn 0.8479 -0.0653 -0.5260
vn -0.6768 -0.7078 -0.2025
vn -0.8521 -0.4796 -0.2093
vn -0.6988 -0.3106 -0.6443
vn -0.5227 -0.4628 -0.7160
vn -0.9865 -0.0798 -0.1428
vn -0.9430 -0.0707 -0.3252
vn -0.4003 -0.0701 -0.9137
vn -0.4003 -0.0705 -0.9137
vn -0.5229 0.4628 -0.7158
vn -0.8521 0.4796 -0.2094
vn -0.9430 0.0707 -0.3251
vn -0.6769 0.7077 -0.2025
vn -0.6121 -0.7022 0.3638
vn -0.5744 -0.4536 0.6814
vn -0.8086 -0.2773 0.5189
vn -0.8677 -0.4500 0.2113
vn -0.9805 -0.0724 0.1827
vn -0.8086 0.2772 0.5189
vn -0.8677 0.4500 0.2114
vn -0.5744 0.4535 0.6814
vn -0.6121 0.7021 0.3639
vn -0.5380 -0.0332 0.8423
vn -0.6454 -0.2268 0.7294
vn -0.8533 -0.1967 0.4829
vn -0.5447 -0.6241 0.5602
vn -0.9166 -0.2189 0.3345
vn -0.9975 -0.0230 -0.0665
vn -0.9975 0.0230 -0.0665
vn -0.9167 0.2189 0.3344
vn -0.8534 0.1967 0.4828
vn -0.8525 0.0633 0.5189
vn -0.5448 0.6240 0.5601
vn -0.5380 0.0332 0.8423
vn -0.2350 0.6235 0.7457
vn 0.1377 0.2192 0.9659
vn -0.3369 0.2267 0.9138
vn 0.5311 0.0232 0.8470
vn -0.2350 -0.6236 0.7456
vn -0.3369 -0.2267 0.9138
vn -0.0222 -0.1964 0.9803
vn -0.0539 -0.0637 0.9965
vn 0.5311 -0.0232 0.8470
vn 0.9810 -0.1593 0.1106
vn 0.9801 -0.1649 0.1103
vn 0.7712 -0.0066 -0.6366
vn 0.6613 -0.0120 -0.7500
vn 0.7275 -0.1405 -0.6716
vn 0.6537 -0.0650 -0.7539
vn 0.7324 -0.6291 -0.2603
vn 0.4696 -0.7145 -0.5187
vn 0.5489 -0.4998 -0.6700
vn 0.4697 0.7144 -0.5187
vn 0.7325 0.6291 -0.2602
vn 0.7736 0.4305 -0.4650
vn 0.5489 0.4998 -0.6700
vn 0.6068 0.0989 -0.7886
vn 0.5357 0.1020 -0.8382
vn 0.7274 0.1405 -0.6717
vn 0.6537 0.0650 -0.7540
vn 0.9810 0.1594 0.1105
vn 0.9801 0.1649 0.1102
vn 0.7816 0.0613 -0.6208
vn 0.6658 0.0357 -0.7452
vn 0.7712 0.0066 -0.6366
vn 0.6614 0.0120 -0.7500
vn -0.2310 -0.7188 0.6558
vn 0.1218 -0.6314 0.7658
vn -0.0405 -0.4327 0.9006
vn -0.3283 -0.5035 0.7992
vn -0.4059 -0.1000 0.9084
vn -0.4841 -0.1033 0.8689
vn 0.4604 -0.3830 0.8009
vn -0.3523 -0.0656 0.9336
vn -0.1738 -0.0618 0.9828
vn -0.3394 -0.0360 0.9400
vn 0.5559 -0.0263 0.8308
vn 0.5643 -0.0496 0.8240
vn -0.1948 -0.0067 0.9808
vn 0.5560 0.0263 0.8308
vn 0.5649 0.1596 0.8095
vn 0.5642 0.1651 0.8089
vn -0.1948 0.0067 0.9808
vn -0.1738 0.0618 0.9828
vn -0.3394 0.0360 0.9400
vn -0.3467 0.0121 0.9379
vn 0.4604 0.3829 0.8009
vn 0.4916 0.3396 0.8019
vn -0.2435 0.1421 0.9594
vn -0.3523 0.0656 0.9336
vn 0.1218 0.6314 0.7658
vn -0.0405 0.4327 0.9006
vn -0.4059 0.1000 0.9084
vn -0.2310 0.7187 0.6558
vn -0.3283 0.5035 0.7992
vn -0.4841 0.1033 0.8689
vn -0.5130 -0.0000 0.8584
vn 0.6773 0.7074 0.2023
vn 0.5225 0.4630 0.7160
vn 0.6994 0.3098 0.6441
vn 0.8525 0.4792 0.2090
vn 0.4003 0.0698 0.9137
vn 0.4002 0.0702 0.9138
vn 0.9867 0.0792 0.1420
vn 0.9436 0.0701 0.3236
vn 0.4003 -0.0698 0.9137
vn 0.5225 -0.4630 0.7160
vn 0.6995 -0.3098 0.6440
vn 0.4002 -0.0702 0.9137
vn 0.6772 -0.7074 0.2023
vn 0.8525 -0.4792 0.2090
vn 0.9867 -0.0792 0.1419
vn 0.9436 -0.0701 0.3236
vn 0.9882 0.1080 0.1087
vn 0.8762 0.1404 0.4611
vn 0.8040 0.4128 0.4281
vn 0.7973 0.5854 0.1470
vn 0.6738 0.1060 0.7313
vn 0.5885 0.5785 0.5648
vn 0.5902 0.7532 0.2903
vn 0.5903 -0.7532 0.2903
vn 0.5886 -0.5785 0.5647
vn 0.8040 -0.4127 0.4281
vn 0.7973 -0.5854 0.1470
vn 0.6738 -0.1060 0.7313
vn 0.8761 -0.1403 0.4612
vn 0.9882 -0.1080 0.1087
vn -0.4516 0.0232 0.8919
vn -0.0546 0.2179 0.9744
vn 0.1066 0.1957 0.9749
vn 0.1410 0.0635 0.9880
vn 0.2985 0.6174 0.7278
vn 0.4139 0.2241 0.8823
vn 0.5321 0.0648 0.8442
vn 0.5321 -0.0648 0.8442
vn 0.4139 -0.2241 0.8823
vn 0.1066 -0.1958 0.9748
vn 0.1410 -0.0635 0.9880
vn 0.2984 -0.6177 0.7276
vn -0.0546 -0.2181 0.9744
vn -0.4516 -0.0232 0.8919
vn 0.5935 -0.6195 0.5138
vn 0.6977 -0.2328 0.6775
vn 0.8901 -0.2071 0.4059
vn 0.9397 -0.2238 0.2584
vn 0.6049 -0.0333 0.7956
vn 0.8880 -0.0649 0.4552
vn 0.9865 -0.0228 -0.1621
vn 0.5935 0.6192 0.5141
vn 0.9397 0.2238 0.2585
vn 0.8901 0.2071 0.4061
vn 0.6977 0.2328 0.6775
vn 0.9865 0.0228 -0.1621
vn 0.8881 0.0649 0.4550
vn 0.6049 0.0333 0.7956
vn -0.6576 0.7080 0.2576
vn -0.8319 0.4798 0.2789
vn -0.6429 0.3103 0.7003
vn -0.4613 0.4630 0.7569
vn -0.9714 0.0797 0.2236
vn -0.9129 0.0706 0.4020
vn -0.3230 0.0700 0.9438
vn -0.3229 0.0703 0.9438
vn -0.3230 -0.0699 0.9438
vn -0.3229 -0.0703 0.9438
vn -0.6429 -0.3103 0.7003
vn -0.4612 -0.4630 0.7569
vn -0.9714 -0.0797 0.2236
vn -0.8319 -0.4798 0.2789
vn -0.9129 -0.0706 0.4020
vn -0.6576 -0.7080 0.2576
vn -0.6401 0.7019 -0.3125
vn -0.6286 0.4534 -0.6318
vn -0.8484 0.2773 -0.4510
vn -0.8822 0.4499 -0.1392
vn -0.6627 0.0748 -0.7451
vn -0.8801 0.0577 -0.4712
vn -0.9922 0.0725 -0.1019
vn -0.9921 -0.0725 -0.1019
vn -0.8801 -0.0577 -0.4713
vn -0.8483 -0.2772 -0.4512
vn -0.8821 -0.4499 -0.1393
vn -0.6627 -0.0748 -0.7452
vn -0.6286 -0.4535 -0.6319
vn -0.6401 -0.7018 -0.3126
vn -0.6053 0.0332 -0.7953
vn -0.7025 0.2273 -0.6744
vn -0.8897 0.1972 -0.4119
vn -0.8920 0.0636 -0.4476
vn -0.5891 0.6241 -0.5134
vn -0.9407 0.2192 -0.2589
vn -0.9887 0.0231 0.1481
vn -0.9887 -0.0231 0.1481
vn -0.9407 -0.2192 -0.2588
vn -0.8896 -0.1972 -0.4119
vn -0.8919 -0.0636 -0.4477
vn -0.5890 -0.6243 -0.5132
vn -0.7025 -0.2273 -0.6744
vn -0.6053 -0.0332 -0.7953
vn -0.2959 -0.6242 -0.7230
vn 0.0582 -0.2189 -0.9740
vn -0.1023 -0.1968 -0.9751
vn -0.4106 -0.2266 -0.8832
vn 0.4573 -0.0231 -0.8890
vn -0.1347 -0.0635 -0.9889
vn -0.5569 -0.0332 -0.8299
vn -0.2960 0.6240 -0.7232
vn -0.4106 0.2266 -0.8832
vn -0.1023 0.1968 -0.9751
vn 0.0582 0.2189 -0.9740
vn -0.5569 0.0332 -0.8299
vn -0.1347 0.0634 -0.9889
vn 0.4573 0.0231 -0.8890
vn 0.9842 0.0263 -0.1753
vn 0.9685 0.1593 -0.1916
vn 0.9676 0.1649 -0.1911
vn 0.9813 0.0497 -0.1858
vn 0.8207 0.0067 0.5714
vn 0.8301 0.0614 0.5542
vn 0.7250 0.0358 0.6879
vn 0.7205 0.0121 0.6934
vn 0.9190 0.3821 -0.0973
vn 0.9324 0.3388 -0.1260
vn 0.7807 0.1412 0.6087
vn 0.7139 0.0652 0.6972
vn 0.7516 0.6286 0.2000
vn 0.8090 0.4303 0.4004
vn 0.6699 0.0993 0.7358
vn 0.5107 0.7142 0.4787
vn 0.6022 0.4996 0.6227
vn 0.6028 0.1021 0.7913
vn 0.5107 -0.7142 0.4785
vn 0.7516 -0.6287 0.1996
vn 0.8090 -0.4304 0.4003
vn 0.6022 -0.4997 0.6226
vn 0.6699 -0.0993 0.7358
vn 0.6028 -0.1021 0.7913
vn 0.9190 -0.3821 -0.0974
vn 0.9323 -0.3389 -0.1260
vn 0.7807 -0.1412 0.6088
vn 0.7138 -0.0652 0.6973
vn 0.9685 -0.1594 -0.1916
vn 0.9676 -0.1649 -0.1911
vn 0.8301 -0.0614 0.5542
vn 0.7249 -0.0358 0.6879
vn 0.9842 -0.0263 -0.1753
vn 0.9813 -0.0497 -0.1858
vn 0.8207 -0.0067 0.5713
vn 0.7205 -0.0121 0.6933
vn -0.2845 0.7185 -0.6347
vn 0.0579 0.6309 -0.7737
vn -0.1152 0.4324 -0.8943
vn -0.3927 0.5035 -0.7696
vn -0.4791 0.1000 -0.8721
vn -0.5536 0.1034 -0.8264
vn 0.3919 0.3825 -0.8367
vn 0.4229 0.3395 -0.8401
vn -0.3219 0.1421 -0.9361
vn -0.4280 0.0657 -0.9014
vn 0.4967 0.1596 -0.8531
vn 0.4960 0.1651 -0.8525
vn -0.2534 0.0619 -0.9654
vn -0.4153 0.0361 -0.9090
vn 0.4865 0.0263 -0.8733
vn 0.4956 0.0496 -0.8672
vn -0.2743 0.0067 -0.9616
vn -0.4224 0.0121 -0.9063
vn 0.4865 -0.0264 -0.8733
vn 0.4967 -0.1596 -0.8531
vn 0.4960 -0.1651 -0.8525
vn 0.4955 -0.0496 -0.8672
vn -0.2743 -0.0067 -0.9616
vn -0.2534 -0.0619 -0.9654
vn -0.4153 -0.0361 -0.9090
vn -0.4224 -0.0121 -0.9063
vn 0.3922 -0.3826 -0.8365
vn 0.4231 -0.3397 -0.8400
vn -0.3219 -0.1420 -0.9361
vn -0.4279 -0.0657 -0.9014
vn 0.0581 -0.6310 -0.7736
vn -0.1151 -0.4326 -0.8942
vn -0.4791 -0.1000 -0.8720
vn -0.2844 -0.7185 -0.6347
vn -0.3927 -0.5035 -0.7696
vn -0.5536 -0.1034 -0.8263
vn -0.5818 -0.0000 -0.8133
vn 0.6780 0.7068 0.2017
vn 0.5232 0.4629 0.7155
vn 0.6998 0.3097 0.6437
vn 0.8525 0.4792 0.2089
vn 0.4011 0.0697 0.9134
vn 0.4010 0.0701 0.9134
vn 0.9866 0.0795 0.1427
vn 0.9431 0.0702 0.3251
vn 0.4011 -0.0697 0.9134
vn 0.5231 -0.4631 0.7154
vn 0.6997 -0.3098 0.6438
vn 0.4010 -0.0701 0.9134
vn 0.6776 -0.7072 0.2019
vn 0.8523 -0.4795 0.2089
vn 0.9866 -0.0795 0.1427
vn 0.9431 -0.0702 0.3251
vn 0.9881 0.1085 0.1087
vn 0.8763 0.1406 0.4608
vn 0.8036 0.4131 0.4284
vn 0.7972 0.5853 0.1476
vn 0.6741 0.1060 0.7310
vn 0.5883 0.5784 0.5651
vn 0.5904 0.7530 0.2908
vn 0.5902 -0.7532 0.2905
vn 0.5884 -0.5785 0.5650
vn 0.8039 -0.4128 0.4283
vn 0.7971 -0.5856 0.1473
vn 0.6740 -0.1060 0.7311
vn 0.8763 -0.1405 0.4608
vn 0.9881 -0.1085 0.1086
vn -0.4503 0.0232 0.8926
vn -0.0544 0.2180 0.9744
vn 0.1068 0.1956 0.9748
vn 0.1413 0.0634 0.9879
vn 0.2986 0.6175 0.7277
vn 0.4142 0.2241 0.8822
vn 0.5322 0.0649 0.8441
vn 0.5322 -0.0649 0.8441
vn 0.4141 -0.2241 0.8822
vn 0.1070 -0.1957 0.9748
vn 0.1412 -0.0634 0.9879
vn 0.2985 -0.6179 0.7274
vn -0.0543 -0.2180 0.9744
vn -0.4503 -0.0232 0.8926
vn 0.5937 -0.6193 0.5139
vn 0.6978 -0.2329 0.6773
vn 0.8900 -0.2067 0.4064
vn 0.9395 -0.2234 0.2598
vn 0.6050 -0.0334 0.7955
vn 0.8882 -0.0650 0.4549
vn 0.9869 -0.0228 -0.1598
vn 0.5937 0.6190 0.5142
vn 0.9395 0.2233 0.2599
vn 0.8899 0.2067 0.4067
vn 0.6977 0.2329 0.6775
vn 0.9869 0.0228 -0.1599
vn 0.8883 0.0650 0.4547
vn 0.6050 0.0334 0.7955
vn -0.6581 0.7076 0.2574
vn -0.8321 0.4796 0.2788
vn -0.6431 0.3104 0.7001
vn -0.4617 0.4629 0.7567
vn -0.9129 0.0707 0.4020
vn -0.3236 0.0699 0.9436
vn -0.3235 0.0702 0.9436
vn -0.3236 -0.0699 0.9436
vn -0.3235 -0.0702 0.9436
vn -0.6431 -0.3104 0.7000
vn -0.4616 -0.4632 0.7565
vn -0.9714 -0.0797 0.2235
vn -0.8319 -0.4799 0.2787
vn -0.9130 -0.0707 0.4019
vn -0.6575 -0.7082 0.2574
vn -0.6403 0.7019 -0.3121
vn -0.6287 0.4538 -0.6316
vn -0.8487 0.2772 -0.4503
vn -0.8823 0.4498 -0.1389
vn -0.6630 0.0747 -0.7449
vn -0.8805 0.0576 -0.4706
vn -0.9922 0.0724 -0.1015
vn -0.9922 -0.0724 -0.1015
vn -0.8805 -0.0576 -0.4706
vn -0.8486 -0.2773 -0.4505
vn -0.8820 -0.4502 -0.1390
vn -0.6630 -0.0747 -0.7449
vn -0.6285 -0.4538 -0.6317
vn -0.6398 -0.7022 -0.3122
vn -0.7027 0.2267 -0.6744
vn -0.8898 0.1968 -0.4118
vn -0.8921 0.0634 -0.4474
vn -0.5892 0.6235 -0.5139
vn -0.9410 0.2190 -0.2581
vn -0.9888 0.0231 0.1477
vn -0.9888 -0.0231 0.1477
vn -0.9409 -0.2190 -0.2583
vn -0.8899 -0.1968 -0.4115
vn -0.8919 -0.0634 -0.4478
vn -0.5892 -0.6236 -0.5137
vn -0.7028 -0.2268 -0.6743
vn -0.2961 -0.6233 -0.7237
vn 0.0581 -0.2187 -0.9740
vn -0.1024 -0.1964 -0.9752
vn -0.4105 -0.2265 -0.8833
vn 0.4575 -0.0231 -0.8889
vn -0.1346 -0.0634 -0.9889
vn -0.2963 0.6231 -0.7238
vn -0.4105 0.2265 -0.8833
vn -0.1027 0.1963 -0.9751
vn 0.0582 0.2187 -0.9741
vn -0.1342 0.0634 -0.9889
vn 0.4575 0.0231 -0.8889
vn 0.9840 0.0263 -0.1763
vn 0.9687 0.1592 -0.1905
vn 0.9678 0.1648 -0.1900
vn 0.9812 0.0496 -0.1863
vn 0.8202 0.0067 0.5721
vn 0.8304 0.0616 0.5538
vn 0.7252 0.0359 0.6876
vn 0.7204 0.0121 0.6935
vn 0.9191 0.3820 -0.0966
vn 0.9326 0.3387 -0.1248
vn 0.7810 0.1414 0.6084
vn 0.7142 0.0654 0.6969
vn 0.7514 0.6290 0.1996
vn 0.8091 0.4304 0.4001
vn 0.5106 0.7145 0.4783
vn 0.6022 0.4998 0.6226
vn 0.6029 0.1019 0.7913
vn 0.5106 -0.7146 0.4782
vn 0.7513 -0.6290 0.1997
vn 0.8091 -0.4304 0.4001
vn 0.6021 -0.4998 0.6226
vn 0.6028 -0.1019 0.7913
vn 0.9191 -0.3820 -0.0967
vn 0.9325 -0.3388 -0.1249
vn 0.7809 -0.1413 0.6085
vn 0.7142 -0.0653 0.6969
vn 0.9687 -0.1593 -0.1907
vn 0.9678 -0.1648 -0.1902
vn 0.8304 -0.0616 0.5537
vn 0.7252 -0.0359 0.6876
vn 0.9840 -0.0263 -0.1763
vn 0.9812 -0.0496 -0.1863
vn 0.8202 -0.0067 0.5720
vn 0.7204 -0.0121 0.6934
vn -0.2841 0.7187 -0.6346
vn 0.0577 0.6310 -0.7736
vn -0.1150 0.4325 -0.8943
vn -0.3928 0.5036 -0.7695
vn -0.4791 0.1001 -0.8720
vn -0.5536 0.1034 -0.8263
vn 0.3917 0.3826 -0.8368
vn 0.4226 0.3396 -0.8403
vn -0.3216 0.1422 -0.9361
vn -0.4279 0.0657 -0.9014
vn 0.4960 0.1595 -0.8535
vn 0.4953 0.1650 -0.8529
vn -0.2537 0.0619 -0.9653
vn -0.4154 0.0360 -0.9089
vn 0.4861 0.0263 -0.8735
vn 0.4950 0.0496 -0.8675
vn -0.2744 0.0067 -0.9616
vn -0.4225 0.0121 -0.9063
vn 0.4861 -0.0263 -0.8735
vn 0.4960 -0.1594 -0.8535
vn 0.4953 -0.1650 -0.8529
vn 0.4950 -0.0496 -0.8675
vn -0.2744 -0.0067 -0.9616
vn -0.2537 -0.0619 -0.9653
vn -0.4154 -0.0360 -0.9089
vn -0.4225 -0.0121 -0.9063
vn 0.3917 -0.3826 -0.8368
vn 0.4226 -0.3396 -0.8403
vn -0.3216 -0.1422 -0.9361
vn 0.0575 -0.6311 -0.7736
vn -0.1150 -0.4325 -0.8943
vn -0.4791 -0.1001 -0.8721
vn -0.2843 -0.7187 -0.6345
vn -0.3929 -0.5036 -0.7695
vn -0.3334 0.9427 0.0137
vn -0.5158 0.8564 0.0212
vn -0.1091 0.9940 0.0045
vn 0.1091 0.9940 -0.0045
vn 0.3334 0.9427 -0.0137
vn 0.5158 0.8564 -0.0212
vn -0.5833 0.8119 0.0240
vn 0.5833 0.8119 -0.0240
vt 0.699135 0.473347
vt 0.695556 0.471726
vt 0.697908 0.372421
vt 0.701805 0.372473
vt 0.978144 0.472709
vt 0.974471 0.471589
vt 0.974592 0.468363
vt 0.978279 0.469124
vt 0.988451 0.103756
vt 0.988443 0.203089
vt 0.986927 0.202522
vt 0.986935 0.103766
vt 0.984867 0.202314
vt 0.984874 0.103769
vt 0.982815 0.202521
vt 0.982822 0.103766
vt 0.375878 0.582824
vt 0.375866 0.681580
vt 0.374371 0.682147
vt 0.374384 0.582814
vt 0.543960 0.115720
vt 0.546406 0.215018
vt 0.544663 0.215836
vt 0.542058 0.115754
vt 0.546141 0.218659
vt 0.543210 0.220661
vt 0.541412 0.217228
vt 0.980401 0.367436
vt 0.980293 0.468924
vt 0.978390 0.367425
vt 0.627134 0.483808
vt 0.627189 0.479696
vt 0.688071 0.479416
vt 0.689512 0.483235
vt 0.697473 0.476525
vt 0.694263 0.474197
vt 0.977962 0.475866
vt 0.974307 0.474430
vt 0.693019 0.473350
vt 0.694177 0.471137
vt 0.986918 0.204757
vt 0.984858 0.204454
vt 0.982806 0.204757
vt 0.547597 0.214409
vt 0.548755 0.216621
vt 0.547699 0.217487
vt 0.548111 0.221122
vt 0.545607 0.223658
vt 0.980162 0.472413
vt 0.695255 0.479300
vt 0.692538 0.476355
vt 0.984515 0.835725
vt 0.988075 0.834608
vt 0.988073 0.837224
vt 0.984512 0.838631
vt 0.691475 0.475282
vt 0.986906 0.206721
vt 0.984847 0.206333
vt 0.982793 0.206720
vt 0.550298 0.218551
vt 0.549423 0.219643
vt 0.550498 0.223133
vt 0.548510 0.226104
vt 0.979985 0.475485
vt 0.692567 0.481566
vt 0.690447 0.478118
vt 0.984516 0.832389
vt 0.988076 0.831606
vt 0.689603 0.476860
vt 0.988210 0.974703
vt 0.988200 0.972884
vt 0.990259 0.972584
vt 0.990268 0.974326
vt 0.992313 0.972884
vt 0.992322 0.974704
vt 0.552168 0.220126
vt 0.551512 0.221402
vt 0.553209 0.224612
vt 0.551808 0.227904
vt 0.982456 0.838254
vt 0.982458 0.835426
vt 0.984518 0.769256
vt 0.988077 0.769216
vt 0.687475 0.478023
vt 0.988194 0.970795
vt 0.990253 0.970585
vt 0.992306 0.970795
vt 0.554293 0.221285
vt 0.553884 0.222697
vt 0.614719 0.224945
vt 0.614611 0.228489
vt 0.982459 0.832180
vt 0.984171 0.367572
vt 0.987748 0.367559
vt 0.987758 0.468450
vt 0.984182 0.469249
vt 0.986680 0.971370
vt 0.986674 0.910469
vt 0.988188 0.910438
vt 0.990247 0.910427
vt 0.992301 0.910439
vt 0.217475 0.958685
vt 0.217470 0.898329
vt 0.218966 0.898360
vt 0.218973 0.959261
vt 0.614647 0.222884
vt 0.684249 0.113628
vt 0.687459 0.113560
vt 0.687459 0.215045
vt 0.684486 0.213746
vt 0.982461 0.769245
vt 0.555436 0.370512
vt 0.559333 0.370564
vt 0.559057 0.469896
vt 0.555436 0.471422
vt 0.987771 0.471639
vt 0.984197 0.472792
vt 0.982325 0.588527
vt 0.983933 0.588504
vt 0.984002 0.687226
vt 0.982403 0.687823
vt 0.986022 0.588498
vt 0.986089 0.687010
vt 0.988034 0.588510
vt 0.988104 0.687231
vt 0.680722 0.113661
vt 0.682262 0.113653
vt 0.682636 0.212981
vt 0.681196 0.212412
vt 0.685759 0.218530
vt 0.683089 0.216611
vt 0.982118 0.367569
vt 0.982130 0.469034
vt 0.564794 0.481564
vt 0.566336 0.477785
vt 0.560284 0.472402
vt 0.557014 0.474643
vt 0.987789 0.474429
vt 0.984216 0.475892
vt 0.984087 0.689435
vt 0.982497 0.690290
vt 0.986170 0.689124
vt 0.988188 0.689440
vt 0.681413 0.215488
vt 0.680101 0.214657
vt 0.683448 0.221598
vt 0.681190 0.219133
vt 0.982144 0.472483
vt 0.561952 0.474605
vt 0.559158 0.477476
vt 0.984512 0.699649
vt 0.988073 0.701000
vt 0.988075 0.703704
vt 0.984515 0.702653
vt 0.561413 0.471586
vt 0.562906 0.473559
vt 0.986279 0.690969
vt 0.984201 0.691363
vt 0.988302 0.691368
vt 0.679751 0.217695
vt 0.678613 0.216632
vt 0.680616 0.224129
vt 0.678861 0.221214
vt 0.982163 0.475499
vt 0.563995 0.476423
vt 0.561785 0.479813
vt 0.988076 0.706771
vt 0.984516 0.706062
vt 0.564736 0.475187
vt 0.988210 0.846018
vt 0.990268 0.846380
vt 0.990259 0.848185
vt 0.988200 0.847904
vt 0.992322 0.846018
vt 0.992313 0.847904
vt 0.677714 0.219515
vt 0.676789 0.218263
vt 0.677370 0.226027
vt 0.676193 0.222774
vt 0.982456 0.700011
vt 0.982458 0.702935
vt 0.566831 0.476406
vt 0.990253 0.850231
vt 0.988194 0.850041
vt 0.992306 0.850042
vt 0.675379 0.220881
vt 0.674699 0.219485
vt 0.982459 0.706252
vt 0.974692 0.367453
vt 0.974592 0.266588
vt 0.978279 0.265776
vt 0.986680 0.849524
vt 0.217475 0.837932
vt 0.218973 0.837415
vt 0.538530 0.115787
vt 0.538530 0.014303
vt 0.541821 0.015637
vt 0.698184 0.273089
vt 0.701805 0.271563
vt 0.974471 0.263417
vt 0.978144 0.262251
vt 0.986927 0.005023
vt 0.988443 0.004438
vt 0.984867 0.005237
vt 0.982815 0.005022
vt 0.374381 0.483496
vt 0.375876 0.484081
vt 0.543586 0.016392
vt 0.540230 0.010817
vt 0.543218 0.012771
vt 0.980293 0.265997
vt 0.692447 0.261421
vt 0.690905 0.265200
vt 0.630052 0.263289
vt 0.630106 0.259177
vt 0.696956 0.270583
vt 0.700227 0.268342
vt 0.974307 0.260649
vt 0.977962 0.259177
vt 0.696790 0.273652
vt 0.695691 0.271409
vt 0.984858 0.003111
vt 0.986918 0.002802
vt 0.982806 0.002802
vt 0.374371 0.481016
vt 0.375867 0.481860
vt 0.544809 0.013885
vt 0.542541 0.007750
vt 0.545117 0.010250
vt 0.980162 0.262567
vt 0.695289 0.268380
vt 0.698083 0.265509
vt 0.198040 0.856064
vt 0.194470 0.854714
vt 0.194484 0.852007
vt 0.198055 0.853056
vt 0.694198 0.269435
vt 0.984847 0.001251
vt 0.986906 0.000859
vt 0.982793 0.000859
vt 0.545888 0.014690
vt 0.546470 0.011678
vt 0.547376 0.012715
vt 0.545373 0.005218
vt 0.547446 0.008169
vt 0.979985 0.259575
vt 0.693246 0.266562
vt 0.695456 0.263172
vt 0.194493 0.848937
vt 0.198066 0.849645
vt 0.692368 0.267808
vt 0.993622 0.384526
vt 0.991566 0.384164
vt 0.991564 0.382362
vt 0.993620 0.382643
vt 0.989509 0.384526
vt 0.989507 0.382643
vt 0.548508 0.009858
vt 0.549200 0.011084
vt 0.548619 0.003320
vt 0.550114 0.006609
vt 0.200094 0.855703
vt 0.200109 0.852775
vt 0.194501 0.786492
vt 0.198075 0.786450
vt 0.690273 0.266588
vt 0.991563 0.380316
vt 0.993619 0.380506
vt 0.989506 0.380507
vt 0.550843 0.008492
vt 0.551291 0.009862
vt 0.611379 0.000859
vt 0.611588 0.004437
vt 0.200119 0.849455
vt 0.984182 0.265876
vt 0.987758 0.266651
vt 0.995123 0.381026
vt 0.993618 0.320109
vt 0.995122 0.320080
vt 0.991562 0.320120
vt 0.989506 0.320109
vt 0.192753 0.838415
vt 0.191247 0.838935
vt 0.191246 0.777989
vt 0.192752 0.778018
vt 0.611575 0.006489
vt 0.681644 0.013546
vt 0.684577 0.012119
vt 0.200128 0.786462
vt 0.558105 0.269638
vt 0.561685 0.271260
vt 0.984197 0.262309
vt 0.987771 0.263441
vt 0.982403 0.489195
vt 0.984002 0.489751
vt 0.986089 0.489956
vt 0.988104 0.489756
vt 0.678392 0.014938
vt 0.679816 0.014355
vt 0.680166 0.010724
vt 0.682779 0.008686
vt 0.982130 0.266084
vt 0.569170 0.263569
vt 0.567729 0.259750
vt 0.559768 0.266460
vt 0.562978 0.268788
vt 0.984216 0.259177
vt 0.987789 0.260622
vt 0.982497 0.486686
vt 0.984087 0.487504
vt 0.986170 0.487805
vt 0.988188 0.487509
vt 0.677234 0.012727
vt 0.678522 0.011886
vt 0.678195 0.008260
vt 0.680383 0.005689
vt 0.982144 0.262612
vt 0.561986 0.263685
vt 0.564703 0.266630
vt 0.198055 0.719988
vt 0.194483 0.721106
vt 0.194470 0.718494
vt 0.198040 0.717085
vt 0.565629 0.267712
vt 0.564085 0.269645
vt 0.984201 0.485525
vt 0.986279 0.485911
vt 0.988302 0.485531
vt 0.675691 0.010796
vt 0.676798 0.009730
vt 0.675809 0.006250
vt 0.677479 0.003243
vt 0.982163 0.259564
vt 0.564674 0.261419
vt 0.566794 0.264867
vt 0.198066 0.723320
vt 0.194493 0.724106
vt 0.567502 0.266134
vt 0.511997 0.253307
vt 0.511996 0.255129
vt 0.509941 0.255429
vt 0.509941 0.253685
vt 0.507884 0.255131
vt 0.507884 0.253309
vt 0.673821 0.009221
vt 0.674710 0.007971
vt 0.673098 0.004770
vt 0.674181 0.001443
vt 0.200094 0.717463
vt 0.200109 0.720288
vt 0.569629 0.264972
vt 0.511996 0.257219
vt 0.509941 0.257430
vt 0.507884 0.257221
vt 0.671697 0.008062
vt 0.672338 0.006676
vt 0.200119 0.723531
vt 0.995123 0.259177
vt 0.993619 0.259750
vt 0.991563 0.259960
vt 0.989506 0.259750
vt 0.192753 0.717658
vt 0.191247 0.717085
vt 0.114257 0.543203
vt 0.124682 0.543204
vt 0.124682 0.574727
vt 0.124682 0.577237
vt 0.124682 0.670963
vt 0.114257 0.670963
vt 0.114257 0.574726
vt 0.114257 0.673472
vt 0.124682 0.673473
vt 0.689176 0.059904
vt 0.689176 0.028380
vt 0.689834 0.028380
vt 0.689834 0.051155
vt 0.689834 0.059904
vt 0.112086 0.673472
vt 0.112086 0.670963
vt 0.005259 0.577231
vt 0.005259 0.574721
vt 0.112086 0.577237
vt 0.005259 0.673467
vt 0.005259 0.670957
vt 0.689176 0.158650
vt 0.689176 0.156140
vt 0.689834 0.156140
vt 0.689834 0.158650
vt 0.689176 0.062414
vt 0.689834 0.062414
vt 0.689176 0.252221
vt 0.689834 0.252221
vt 0.555436 0.813999
vt 0.649009 0.813983
vt 0.649009 0.908099
vt 0.555436 0.908115
vt 0.112086 0.767044
vt 0.114257 0.767044
vt 0.124682 0.767045
vt 0.112086 0.565977
vt 0.112086 0.543203
vt 0.005259 0.565972
vt 0.779156 0.156145
vt 0.779156 0.158654
vt 0.779156 0.059908
vt 0.779156 0.062419
vt 0.779156 0.051160
vt 0.316751 0.900536
vt 0.338196 0.900552
vt 0.338196 0.956642
vt 0.316751 0.956626
vt 0.689176 0.026896
vt 0.689176 0.005450
vt 0.689834 0.005450
vt 0.689834 0.026896
vt 0.970067 0.485527
vt 0.970067 0.592357
vt 0.897099 0.592356
vt 0.897099 0.485526
vt 0.112086 0.541718
vt 0.112086 0.520273
vt 0.114257 0.520273
vt 0.114257 0.541718
vt 0.124682 0.520274
vt 0.124682 0.541719
vt 0.704906 0.743184
vt 0.704906 0.636355
vt 0.799099 0.636344
vt 0.799099 0.743172
vt 0.800816 0.636360
vt 0.894543 0.636344
vt 0.894543 0.730460
vt 0.800816 0.730476
vt 0.388136 0.811377
vt 0.481859 0.811448
vt 0.481859 0.905380
vt 0.388136 0.905310
vt 0.984957 0.846023
vt 0.984957 0.939595
vt 0.895635 0.939590
vt 0.895635 0.846018
vt 0.891417 0.838627
vt 0.891417 0.744901
vt 0.980739 0.744906
vt 0.980739 0.838631
vt 0.879496 0.107686
vt 0.785924 0.107691
vt 0.785924 0.000864
vt 0.879496 0.000859
vt 0.704906 0.851733
vt 0.704906 0.744906
vt 0.798632 0.744901
vt 0.798632 0.851728
vt 0.880706 0.109408
vt 0.970029 0.109418
vt 0.970029 0.203612
vt 0.880706 0.203601
vt 0.830015 0.355026
vt 0.923584 0.355096
vt 0.923584 0.449029
vt 0.830015 0.448958
vt 0.649631 0.705435
vt 0.649631 0.812266
vt 0.555435 0.812264
vt 0.555435 0.705434
vt 0.220841 0.808435
vt 0.220841 0.701606
vt 0.315034 0.701595
vt 0.315034 0.808423
vt 0.800349 0.846018
vt 0.893918 0.846088
vt 0.893918 0.940021
vt 0.800349 0.939951
vt 0.220841 0.810152
vt 0.314564 0.810222
vt 0.314564 0.904155
vt 0.220841 0.904084
vt 0.801655 0.485541
vt 0.895382 0.485525
vt 0.895382 0.579642
vt 0.801655 0.579658
vt 0.000859 0.880813
vt 0.090183 0.880812
vt 0.090183 0.975007
vt 0.000859 0.975009
vt 0.830015 0.259193
vt 0.923588 0.259177
vt 0.923588 0.353293
vt 0.830015 0.353309
vt 0.881213 0.000859
vt 0.970536 0.000869
vt 0.970536 0.095062
vt 0.881213 0.095052
vt 0.482332 0.702830
vt 0.482332 0.809660
vt 0.388136 0.809659
vt 0.388136 0.702828
vt 0.096399 0.881137
vt 0.185723 0.881135
vt 0.185723 0.975331
vt 0.096399 0.975333
vt 0.651348 0.705436
vt 0.697053 0.705434
vt 0.697053 0.812261
vt 0.651348 0.812263
vt 0.896260 0.743181
vt 0.896260 0.636352
vt 0.969227 0.636344
vt 0.969227 0.743173
vt 0.779156 0.026900
vt 0.779156 0.028385
vt 0.151544 0.347707
vt 0.151544 0.258384
vt 0.207789 0.258377
vt 0.207789 0.347700
vt 0.174318 0.440475
vt 0.175803 0.440475
vt 0.197249 0.440471
vt 0.197249 0.513377
vt 0.151544 0.513385
vt 0.151544 0.440479
vt 0.724967 0.410015
vt 0.726452 0.410016
vt 0.749226 0.410033
vt 0.749226 0.482797
vt 0.703522 0.482763
vt 0.703522 0.409998
vt 0.194307 0.865436
vt 0.215752 0.865435
vt 0.215752 0.954757
vt 0.194307 0.954758
vt 0.675850 0.813981
vt 0.698624 0.813980
vt 0.698624 0.903302
vt 0.675850 0.903303
vt 0.775435 0.409998
vt 0.798208 0.410016
vt 0.798208 0.466105
vt 0.775435 0.466088
vt 0.372998 0.701596
vt 0.372998 0.790920
vt 0.316751 0.790919
vt 0.316751 0.701595
vt 0.799925 0.410002
vt 0.821371 0.409998
vt 0.821371 0.466198
vt 0.799925 0.466202
vt 0.750943 0.410002
vt 0.773718 0.409998
vt 0.773718 0.466198
vt 0.750943 0.466202
vt 0.540296 0.702829
vt 0.540296 0.792154
vt 0.484049 0.792153
vt 0.484049 0.702828
vt 0.151544 0.438754
vt 0.151544 0.349431
vt 0.207789 0.349424
vt 0.207789 0.438747
vt 0.221531 0.256792
vt 0.221509 0.257460
vt 0.220954 0.257336
vt 0.220841 0.256789
vt 0.372323 0.629445
vt 0.372323 0.630110
vt 0.371775 0.629984
vt 0.371652 0.629439
vt 0.990040 0.741040
vt 0.990688 0.741046
vt 0.990556 0.741595
vt 0.990019 0.741715
vt 0.372323 0.481691
vt 0.371652 0.481686
vt 0.371775 0.481136
vt 0.372323 0.481016
vt 0.368871 0.256681
vt 0.369518 0.256678
vt 0.369386 0.257224
vt 0.368850 0.257349
vt 0.553221 0.958381
vt 0.553223 0.959050
vt 0.552676 0.958926
vt 0.552552 0.958379
vt 0.221506 0.699205
vt 0.221511 0.699875
vt 0.220966 0.699752
vt 0.220841 0.699205
vt 0.149169 0.513287
vt 0.149826 0.513288
vt 0.149698 0.513836
vt 0.149157 0.513958
vt 0.001548 0.255708
vt 0.001527 0.256383
vt 0.000972 0.256262
vt 0.000859 0.255712
vt 0.994040 0.994329
vt 0.994710 0.994316
vt 0.994587 0.994857
vt 0.994039 0.994986
vt 0.705578 0.633939
vt 0.705576 0.634615
vt 0.705028 0.634495
vt 0.704906 0.633945
vt 0.699415 0.706123
vt 0.699410 0.705434
vt 0.699956 0.705546
vt 0.700081 0.706102
vt 0.369259 0.699207
vt 0.369935 0.699207
vt 0.369814 0.699755
vt 0.369265 0.699878
vt 0.783534 0.255744
vt 0.784207 0.255742
vt 0.784085 0.256289
vt 0.783536 0.256413
vt 0.001541 0.513261
vt 0.001528 0.513933
vt 0.000976 0.513810
vt 0.000859 0.513262
vt 0.375206 0.778222
vt 0.375878 0.778225
vt 0.375756 0.778773
vt 0.375208 0.778895
vt 0.705578 0.486190
vt 0.704906 0.486196
vt 0.705028 0.485651
vt 0.705576 0.485525
vt 0.994040 0.846700
vt 0.994039 0.846018
vt 0.994587 0.846135
vt 0.994710 0.846688
vt 0.990020 0.490782
vt 0.990019 0.486190
vt 0.990667 0.485525
vt 0.990668 0.490787
vt 0.220841 0.006507
vt 0.220841 0.001245
vt 0.221531 0.000969
vt 0.221531 0.006509
vt 0.553221 0.954864
vt 0.552552 0.954862
vt 0.369518 0.253160
vt 0.368871 0.253163
vt 0.796504 0.857850
vt 0.796504 0.853450
vt 0.797180 0.853450
vt 0.797180 0.857850
vt 0.005261 0.771225
vt 0.000861 0.771224
vt 0.000859 0.770556
vt 0.005259 0.770556
vt 0.709957 0.486191
vt 0.709955 0.485526
vt 0.375878 0.773846
vt 0.375206 0.773844
vt 0.001548 0.252191
vt 0.000859 0.252195
vt 0.149827 0.509770
vt 0.149169 0.509769
vt 0.221506 0.694826
vt 0.220841 0.694826
vt 0.005893 0.256389
vt 0.005914 0.255714
vt 0.822949 0.407605
vt 0.828298 0.407605
vt 0.828018 0.408281
vt 0.822947 0.408281
vt 0.997093 0.965109
vt 0.997093 0.970166
vt 0.996427 0.969519
vt 0.996427 0.969042
vt 0.996427 0.965131
vt 0.990024 0.545228
vt 0.990023 0.536481
vt 0.990671 0.536486
vt 0.990672 0.545234
vt 0.220841 0.060959
vt 0.220841 0.052210
vt 0.221531 0.052212
vt 0.221531 0.060961
vt 0.553223 0.731023
vt 0.553223 0.753797
vt 0.552554 0.753795
vt 0.552554 0.731021
vt 0.369518 0.029325
vt 0.369518 0.052099
vt 0.368871 0.052102
vt 0.368871 0.029328
vt 0.001541 0.285899
vt 0.001541 0.308674
vt 0.000859 0.308675
vt 0.000859 0.285900
vt 0.784207 0.028384
vt 0.784207 0.051158
vt 0.783534 0.051160
vt 0.783534 0.028385
vt 0.001548 0.028377
vt 0.001548 0.051149
vt 0.000859 0.051153
vt 0.000859 0.028381
vt 0.149827 0.285926
vt 0.149827 0.308700
vt 0.149169 0.308699
vt 0.149169 0.285924
vt 0.553222 0.762546
vt 0.553222 0.861292
vt 0.552553 0.861290
vt 0.552554 0.762544
vt 0.369518 0.060847
vt 0.369518 0.159591
vt 0.368871 0.159594
vt 0.368871 0.060850
vt 0.990032 0.643963
vt 0.990680 0.643968
vt 0.220841 0.159702
vt 0.221531 0.159705
vt 0.221506 0.592247
vt 0.221506 0.603075
vt 0.220841 0.603074
vt 0.220841 0.592247
vt 0.001541 0.317423
vt 0.000859 0.317424
vt 0.784207 0.059907
vt 0.783534 0.059909
vt 0.001548 0.059896
vt 0.000859 0.059900
vt 0.149827 0.317449
vt 0.149169 0.317448
vt 0.713949 0.259842
vt 0.703524 0.259841
vt 0.703522 0.259177
vt 0.713947 0.259178
vt 0.219124 0.595085
vt 0.219124 0.605510
vt 0.218451 0.605508
vt 0.218451 0.595083
vt 0.108185 0.256519
vt 0.097387 0.256505
vt 0.097408 0.255830
vt 0.108205 0.255844
vt 0.799280 0.633950
vt 0.799938 0.633951
vt 0.799936 0.634627
vt 0.799278 0.634627
vt 0.700076 0.799542
vt 0.700076 0.800198
vt 0.699410 0.800220
vt 0.699410 0.799563
vt 0.796504 0.977278
vt 0.796504 0.966852
vt 0.797180 0.966852
vt 0.797180 0.977277
vt 0.124684 0.771231
vt 0.114259 0.771231
vt 0.114257 0.770562
vt 0.124682 0.770562
vt 0.703524 0.407590
vt 0.713949 0.407592
vt 0.713947 0.408268
vt 0.703522 0.408267
vt 0.997093 0.846018
vt 0.997093 0.856414
vt 0.996427 0.856435
vt 0.996427 0.846039
vt 0.716120 0.259843
vt 0.716119 0.259178
vt 0.219124 0.592914
vt 0.218451 0.592912
vt 0.796504 0.964681
vt 0.797180 0.964681
vt 0.112088 0.771230
vt 0.112086 0.770562
vt 0.716120 0.407592
vt 0.716119 0.408268
vt 0.997093 0.858579
vt 0.996427 0.858601
vt 0.822949 0.259855
vt 0.822948 0.259191
vt 0.219124 0.486087
vt 0.218451 0.486084
vt 0.221506 0.485416
vt 0.220841 0.485416
vt 0.214715 0.256654
vt 0.214736 0.255979
vt 0.799938 0.486201
vt 0.799280 0.486201
vt 0.799278 0.485537
vt 0.799936 0.485537
vt 0.375878 0.683866
vt 0.375878 0.684524
vt 0.375206 0.684522
vt 0.375206 0.683864
vt 0.709957 0.633940
vt 0.709955 0.634616
vt 0.700081 0.710468
vt 0.699415 0.710489
vt 0.369259 0.694829
vt 0.369259 0.605504
vt 0.369935 0.605504
vt 0.369935 0.694829
vt 0.779158 0.256413
vt 0.689836 0.256408
vt 0.689834 0.255739
vt 0.779156 0.255744
vt 0.990040 0.737523
vt 0.990688 0.737529
vt 0.220841 0.253272
vt 0.221531 0.253274
vt 0.784207 0.252225
vt 0.783534 0.252227
vt 0.828298 0.259856
vt 0.828018 0.259191
vt 0.219124 0.481016
vt 0.218451 0.481684
vt 0.221506 0.481016
vt 0.220841 0.481016
vt 0.219103 0.256660
vt 0.218750 0.255984
vt 0.001541 0.509744
vt 0.000859 0.509745
vt 0.990021 0.512224
vt 0.990669 0.512230
vt 0.220841 0.027952
vt 0.221531 0.027954
vt 0.553223 0.703501
vt 0.553223 0.708092
vt 0.552555 0.708090
vt 0.552555 0.702828
vt 0.369518 0.001133
vt 0.369518 0.006395
vt 0.368871 0.006398
vt 0.368871 0.000859
vt 0.001541 0.258377
vt 0.001541 0.262969
vt 0.000859 0.262970
vt 0.000859 0.258378
vt 0.784207 0.000862
vt 0.784207 0.005453
vt 0.783534 0.005455
vt 0.783534 0.000864
vt 0.001548 0.000859
vt 0.001548 0.005450
vt 0.000859 0.005453
vt 0.000859 0.000862
vt 0.149826 0.258403
vt 0.149827 0.262995
vt 0.149169 0.262994
vt 0.149169 0.258402
vt 0.553223 0.729538
vt 0.552554 0.729536
vt 0.369518 0.027840
vt 0.368871 0.027843
vt 0.001541 0.284414
vt 0.000859 0.284415
vt 0.784207 0.026899
vt 0.783534 0.026901
vt 0.001548 0.026892
vt 0.000859 0.026896
vt 0.149827 0.284441
vt 0.149169 0.284440
vt 0.990022 0.513709
vt 0.990670 0.513715
vt 0.220841 0.029437
vt 0.221531 0.029439
vt 0.369259 0.604846
vt 0.369935 0.604846
vt 0.689178 0.256408
vt 0.689176 0.255739
vt 0.217103 0.254085
vt 0.214736 0.005720
vt 0.214736 0.001129
vt 0.218647 0.001134
vt 0.000859 0.767038
vt 0.005259 0.767038
vt 0.000859 0.520267
vt 0.000859 0.515675
vt 0.005259 0.515675
vt 0.005259 0.520267
vt 0.003325 0.253625
vt 0.005914 0.000864
vt 0.005914 0.005455
vt 0.779156 0.252226
vt 0.779156 0.005455
vt 0.779156 0.000863
vt 0.000859 0.574720
vt 0.000859 0.565971
vt 0.000859 0.543197
vt 0.005259 0.543197
vt 0.000859 0.673466
vt 0.689176 0.000859
vt 0.689834 0.000859
vt 0.114257 0.515681
vt 0.124682 0.515682
vt 0.094988 0.005568
vt 0.094988 0.000977
vt 0.095644 0.000978
vt 0.095644 0.005569
vt 0.106040 0.000991
vt 0.106040 0.005582
vt 0.703189 0.598930
vt 0.703189 0.609355
vt 0.703189 0.610013
vt 0.703189 0.699338
vt 0.703189 0.703717
vt 0.555436 0.703714
vt 0.555436 0.699336
vt 0.555436 0.607584
vt 0.555436 0.596756
vt 0.555436 0.489926
vt 0.555436 0.485525
vt 0.703189 0.485528
vt 0.703189 0.489928
vt 0.703189 0.596759
vt 0.108205 0.000994
vt 0.108205 0.005585
vt 0.112086 0.515681
vt 0.000859 0.541712
vt 0.005259 0.541713
vt 0.108778 0.129629
vt 0.000859 0.772953
vt 0.094682 0.772948
vt 0.094682 0.799312
vt 0.090635 0.806319
vt 0.087818 0.813371
vt 0.086337 0.821661
vt 0.086337 0.830378
vt 0.087818 0.838668
vt 0.090635 0.845720
vt 0.094682 0.852726
vt 0.094682 0.879090
vt 0.000859 0.879095
vt 0.126401 0.614251
vt 0.126401 0.515790
vt 0.216511 0.515675
vt 0.216511 0.538273
vt 0.212464 0.545265
vt 0.209647 0.552301
vt 0.208166 0.560570
vt 0.208166 0.569263
vt 0.209647 0.577528
vt 0.212464 0.584557
vt 0.216511 0.591538
vt 0.216511 0.614137
vt 0.990168 0.215186
vt 0.990168 0.188821
vt 0.993870 0.188821
vt 0.993870 0.211482
vt 0.990168 0.135407
vt 0.990168 0.109042
vt 0.993870 0.112745
vt 0.993870 0.135406
vt 0.990310 0.149505
vt 0.990252 0.142437
vt 0.993954 0.142436
vt 0.994012 0.149504
vt 0.990340 0.157804
vt 0.994043 0.157803
vt 0.990340 0.166520
vt 0.994043 0.166520
vt 0.990310 0.174802
vt 0.994012 0.174802
vt 0.990252 0.181838
vt 0.993954 0.181838
vt 0.785924 0.109413
vt 0.878989 0.109408
vt 0.878989 0.137750
vt 0.874942 0.144280
vt 0.872125 0.150852
vt 0.870644 0.158579
vt 0.870644 0.166703
vt 0.872125 0.174429
vt 0.874942 0.181001
vt 0.878989 0.187531
vt 0.878989 0.215873
vt 0.785924 0.215878
vt 0.126401 0.715368
vt 0.126401 0.616082
vt 0.215752 0.615968
vt 0.215752 0.640790
vt 0.211706 0.647307
vt 0.208889 0.653865
vt 0.207408 0.661571
vt 0.207408 0.669673
vt 0.208889 0.677376
vt 0.211706 0.683926
vt 0.215752 0.690433
vt 0.215752 0.715255
vt 0.990168 0.107325
vt 0.990168 0.078983
vt 0.993870 0.078983
vt 0.993870 0.103874
vt 0.990168 0.029201
vt 0.990168 0.000859
vt 0.993870 0.004309
vt 0.993870 0.029200
vt 0.990310 0.042343
vt 0.990252 0.035754
vt 0.993954 0.035754
vt 0.994012 0.042343
vt 0.990340 0.050078
vt 0.994043 0.050078
vt 0.990340 0.058202
vt 0.994043 0.058202
vt 0.990310 0.065920
vt 0.994012 0.065920
vt 0.990252 0.072476
vt 0.993954 0.072476
vt 0.961646 0.319117
vt 0.962049 0.348498
vt 0.940928 0.348500
vt 0.940928 0.259178
vt 0.962049 0.259177
vt 0.961646 0.288558
vt 0.959708 0.293693
vt 0.958306 0.300125
vt 0.958306 0.307551
vt 0.959708 0.313982
vt 0.502653 0.921402
vt 0.500715 0.926525
vt 0.499314 0.932940
vt 0.499314 0.940346
vt 0.500715 0.946758
vt 0.502653 0.951876
vt 0.503038 0.978471
vt 0.484049 0.978950
vt 0.484049 0.894140
vt 0.503038 0.894642
vt 0.976535 0.742641
vt 0.976543 0.713261
vt 0.980246 0.713261
vt 0.979142 0.740011
vt 0.976543 0.682702
vt 0.976535 0.653318
vt 0.979142 0.655947
vt 0.980246 0.682701
vt 0.976612 0.694288
vt 0.976583 0.687848
vt 0.980286 0.687848
vt 0.980315 0.694287
vt 0.976612 0.701714
vt 0.980315 0.701714
vt 0.976583 0.708137
vt 0.980286 0.708137
vt 0.316751 0.792640
vt 0.362456 0.792637
vt 0.362456 0.898817
vt 0.316751 0.898819
vt 0.484049 0.892423
vt 0.484049 0.793924
vt 0.526045 0.793871
vt 0.526045 0.892370
vt 0.992405 0.591707
vt 0.992405 0.485525
vt 0.996107 0.489228
vt 0.996107 0.588003
vt 0.673693 0.873921
vt 0.674133 0.903302
vt 0.651349 0.903303
vt 0.651349 0.813981
vt 0.674133 0.813980
vt 0.673693 0.843362
vt 0.671582 0.848497
vt 0.670055 0.854928
vt 0.670055 0.862355
vt 0.671582 0.868786
vt 0.961159 0.377476
vt 0.959048 0.382599
vt 0.957521 0.389015
vt 0.957521 0.396420
vt 0.959048 0.402832
vt 0.961159 0.407950
vt 0.961580 0.434544
vt 0.940928 0.435026
vt 0.940928 0.350217
vt 0.961580 0.350717
vt 0.972253 0.257025
vt 0.972262 0.227646
vt 0.975964 0.227645
vt 0.974859 0.254394
vt 0.972262 0.197086
vt 0.972253 0.167702
vt 0.974859 0.170333
vt 0.975964 0.197086
vt 0.972337 0.208674
vt 0.972306 0.202234
vt 0.976008 0.202233
vt 0.976039 0.208673
vt 0.972337 0.216100
vt 0.976039 0.216100
vt 0.972306 0.222523
vt 0.976008 0.222523
vt 0.704906 0.947228
vt 0.704920 0.853450
vt 0.724175 0.853450
vt 0.730376 0.857497
vt 0.736618 0.860314
vt 0.743955 0.861795
vt 0.751670 0.861795
vt 0.759007 0.860314
vt 0.765248 0.857497
vt 0.771449 0.853450
vt 0.794782 0.853450
vt 0.794787 0.947273
vt 0.304083 0.996087
vt 0.220841 0.995981
vt 0.220841 0.905872
vt 0.240841 0.905897
vt 0.247025 0.909951
vt 0.253249 0.912776
vt 0.260566 0.914266
vt 0.268259 0.914276
vt 0.275576 0.912804
vt 0.281800 0.909996
vt 0.287983 0.905957
vt 0.304083 0.905977
vt 0.970944 0.743181
vt 0.970944 0.719848
vt 0.974646 0.719847
vt 0.974646 0.739903
vt 0.970944 0.672573
vt 0.970944 0.653318
vt 0.974646 0.656428
vt 0.974646 0.672573
vt 0.971085 0.685055
vt 0.971027 0.678797
vt 0.974729 0.678797
vt 0.974788 0.685055
vt 0.971116 0.692401
vt 0.974818 0.692401
vt 0.971116 0.700116
vt 0.974818 0.700115
vt 0.971085 0.707444
vt 0.974788 0.707444
vt 0.971027 0.713670
vt 0.974729 0.713669
vt 0.971785 0.650580
vt 0.971785 0.485590
vt 0.971850 0.485588
vt 0.971850 0.650578
vt 0.981012 0.165918
vt 0.981076 0.165920
vt 0.981064 0.165974
vt 0.981011 0.165985
vt 0.388200 0.259242
vt 0.388136 0.259242
vt 0.388148 0.259189
vt 0.388201 0.259177
vt 0.377661 0.922268
vt 0.377660 0.922331
vt 0.377607 0.922318
vt 0.377595 0.922266
vt 0.971850 0.650645
vt 0.971796 0.650634
vt 0.550771 0.922253
vt 0.550835 0.922251
vt 0.550823 0.922303
vt 0.550770 0.922316
vt 0.386353 0.259241
vt 0.386354 0.259177
vt 0.386407 0.259189
vt 0.386419 0.259242
vt 0.981012 0.000928
vt 0.981011 0.000865
vt 0.981064 0.000878
vt 0.981076 0.000930
vt 0.377660 0.481081
vt 0.377595 0.481081
vt 0.377607 0.481028
vt 0.377660 0.481016
vt 0.553653 0.259244
vt 0.553654 0.259179
vt 0.553707 0.259191
vt 0.553719 0.259244
vt 0.971796 0.485538
vt 0.971849 0.485525
vt 0.220905 0.259261
vt 0.220841 0.259261
vt 0.220853 0.259208
vt 0.220906 0.259196
vt 0.218265 0.258442
vt 0.218265 0.258377
vt 0.218318 0.258389
vt 0.218330 0.258442
vt 0.963831 0.424557
vt 0.963831 0.424621
vt 0.963778 0.424608
vt 0.963766 0.424556
vt 0.377661 0.702910
vt 0.377595 0.702908
vt 0.377607 0.702854
vt 0.377660 0.702843
vt 0.388200 0.479218
vt 0.388201 0.479283
vt 0.388148 0.479271
vt 0.388136 0.479218
vt 0.536521 0.959250
vt 0.536586 0.959248
vt 0.536574 0.959301
vt 0.536521 0.959313
vt 0.386353 0.479214
vt 0.386419 0.479214
vt 0.386407 0.479267
vt 0.386354 0.479279
vt 0.550771 0.702895
vt 0.550770 0.702828
vt 0.550823 0.702839
vt 0.550835 0.702893
vt 0.377660 0.701050
vt 0.377660 0.701115
vt 0.377607 0.701103
vt 0.377595 0.701050
vt 0.963831 0.259244
vt 0.963766 0.259243
vt 0.963778 0.259190
vt 0.963831 0.259178
vt 0.553653 0.479220
vt 0.553719 0.479220
vt 0.553707 0.479273
vt 0.553654 0.479285
vt 0.218265 0.478411
vt 0.218330 0.478411
vt 0.218318 0.478464
vt 0.218265 0.478476
vt 0.220905 0.479234
vt 0.220906 0.479299
vt 0.220853 0.479287
vt 0.220841 0.479234
vt 0.536521 0.793937
vt 0.536521 0.793871
vt 0.536574 0.793882
vt 0.536586 0.793936
vt 0.397754 0.460877
vt 0.397690 0.460904
vt 0.397662 0.460877
vt 0.397661 0.460851
vt 0.397663 0.460969
vt 0.397634 0.460877
vt 0.397569 0.460786
vt 0.397754 0.471971
vt 0.397661 0.471998
vt 0.397662 0.471971
vt 0.397690 0.471944
vt 0.397569 0.472063
vt 0.397634 0.471971
vt 0.397663 0.471879
vt 0.544328 0.460880
vt 0.544418 0.460853
vt 0.544419 0.460880
vt 0.544393 0.460907
vt 0.544510 0.460788
vt 0.544445 0.460880
vt 0.544420 0.460972
vt 0.544328 0.471973
vt 0.544393 0.471946
vt 0.544419 0.471973
vt 0.544418 0.472000
vt 0.544420 0.471881
vt 0.544445 0.471973
vt 0.544510 0.472065
vt 0.215687 0.717176
vt 0.215688 0.717112
vt 0.215741 0.717125
vt 0.215752 0.717177
vt 0.382190 0.238387
vt 0.382192 0.238321
vt 0.382246 0.238333
vt 0.382257 0.238386
vt 0.364238 0.792702
vt 0.364173 0.792702
vt 0.364185 0.792650
vt 0.364238 0.792637
vt 0.215687 0.863625
vt 0.215752 0.863627
vt 0.215741 0.863680
vt 0.215688 0.863692
vt 0.364238 0.939275
vt 0.364238 0.939341
vt 0.364185 0.939329
vt 0.364173 0.939276
vt 0.371326 0.222762
vt 0.371261 0.222763
vt 0.371273 0.222710
vt 0.371326 0.222698
vt 0.925370 0.259256
vt 0.925305 0.259254
vt 0.925317 0.259200
vt 0.925370 0.259189
vt 0.375148 0.792702
vt 0.375148 0.792637
vt 0.375201 0.792650
vt 0.375213 0.792702
vt 0.371311 0.238387
vt 0.371249 0.238386
vt 0.371261 0.238333
vt 0.371313 0.238321
vt 0.925370 0.405419
vt 0.925370 0.405482
vt 0.925317 0.405469
vt 0.925305 0.405417
vt 0.382236 0.222762
vt 0.382235 0.222698
vt 0.382288 0.222710
vt 0.382300 0.222763
vt 0.375148 0.939275
vt 0.375213 0.939276
vt 0.375201 0.939329
vt 0.375148 0.939341
vt 0.386353 0.922257
vt 0.386418 0.922255
vt 0.386406 0.922307
vt 0.386353 0.922320
vt 0.536748 0.000923
vt 0.536748 0.000859
vt 0.536802 0.000871
vt 0.536813 0.000923
vt 0.972318 0.165912
vt 0.972318 0.165978
vt 0.972265 0.165967
vt 0.972253 0.165914
vt 0.388200 0.481067
vt 0.388136 0.481067
vt 0.388148 0.481014
vt 0.388201 0.481002
vt 0.542078 0.922264
vt 0.542078 0.922327
vt 0.542025 0.922314
vt 0.542013 0.922262
vt 0.980543 0.650585
vt 0.980608 0.650587
vt 0.980596 0.650641
vt 0.980543 0.650652
vt 0.980543 0.485595
vt 0.980543 0.485532
vt 0.980596 0.485545
vt 0.980608 0.485597
vt 0.209571 0.258442
vt 0.209506 0.258442
vt 0.209518 0.258390
vt 0.209571 0.258377
vt 0.553653 0.481070
vt 0.553654 0.481005
vt 0.553707 0.481017
vt 0.553719 0.481070
vt 0.386354 0.481081
vt 0.386354 0.481016
vt 0.386407 0.481028
vt 0.386419 0.481081
vt 0.972318 0.000921
vt 0.972253 0.000923
vt 0.972265 0.000871
vt 0.972318 0.000859
vt 0.371300 0.000943
vt 0.371235 0.000943
vt 0.371248 0.000890
vt 0.371300 0.000878
vt 0.209571 0.478411
vt 0.209571 0.478477
vt 0.209518 0.478465
vt 0.209506 0.478412
vt 0.527827 0.793938
vt 0.527762 0.793937
vt 0.527774 0.793884
vt 0.527827 0.793872
vt 0.553653 0.701046
vt 0.553719 0.701046
vt 0.553707 0.701099
vt 0.553654 0.701111
vt 0.972525 0.259243
vt 0.972525 0.259177
vt 0.972578 0.259188
vt 0.972590 0.259241
vt 0.386354 0.701050
vt 0.386419 0.701050
vt 0.386407 0.701103
vt 0.386354 0.701115
vt 0.371300 0.220916
vt 0.371300 0.220981
vt 0.371248 0.220969
vt 0.371235 0.220916
vt 0.527827 0.959251
vt 0.527827 0.959315
vt 0.527774 0.959302
vt 0.527762 0.959250
vt 0.542078 0.702906
vt 0.542013 0.702904
vt 0.542024 0.702850
vt 0.542078 0.702839
vt 0.388200 0.701044
vt 0.388201 0.701108
vt 0.388148 0.701096
vt 0.388136 0.701043
vt 0.386353 0.702899
vt 0.386353 0.702832
vt 0.386406 0.702843
vt 0.386418 0.702897
vt 0.972525 0.424555
vt 0.972590 0.424554
vt 0.972578 0.424607
vt 0.972525 0.424619
vt 0.536748 0.220896
vt 0.536813 0.220896
vt 0.536802 0.220949
vt 0.536748 0.220961
vt 0.536653 0.001108
vt 0.536626 0.001043
vt 0.536654 0.001016
vt 0.536681 0.001016
vt 0.536561 0.001016
vt 0.536655 0.000989
vt 0.536747 0.000924
vt 0.388292 0.481252
vt 0.388266 0.481160
vt 0.388292 0.481160
vt 0.388318 0.481187
vt 0.388201 0.481068
vt 0.388292 0.481134
vt 0.388383 0.481161
vt 0.553467 0.481164
vt 0.553560 0.481136
vt 0.553560 0.481163
vt 0.553532 0.481190
vt 0.553652 0.481071
vt 0.553587 0.481163
vt 0.553558 0.481255
vt 0.371482 0.001036
vt 0.371418 0.001062
vt 0.371392 0.001036
vt 0.371392 0.001009
vt 0.371391 0.001127
vt 0.371365 0.001036
vt 0.371301 0.000944
vt 0.553558 0.700862
vt 0.553587 0.700954
vt 0.553560 0.700953
vt 0.553531 0.700926
vt 0.553560 0.700980
vt 0.553467 0.700953
vt 0.371392 0.220730
vt 0.371418 0.220795
vt 0.371392 0.220822
vt 0.371365 0.220823
vt 0.371482 0.220821
vt 0.371391 0.220849
vt 0.388383 0.700950
vt 0.388292 0.700978
vt 0.388292 0.700951
vt 0.388319 0.700924
vt 0.388266 0.700951
vt 0.388292 0.700859
vt 0.536561 0.220802
vt 0.536626 0.220775
vt 0.536654 0.220803
vt 0.536655 0.220830
vt 0.536652 0.220711
vt 0.536681 0.220804
vt 0.542099 0.922264
vt 0.542099 0.922327
vt 0.980522 0.650652
vt 0.980522 0.650585
vt 0.397661 0.479218
vt 0.386321 0.481081
vt 0.386321 0.481016
vt 0.972350 0.000859
vt 0.972351 0.000921
vt 0.972493 0.259243
vt 0.972493 0.259177
vt 0.386321 0.701115
vt 0.386321 0.701050
vt 0.386321 0.702899
vt 0.386320 0.702832
vt 0.972493 0.424619
vt 0.972493 0.424555
vt 0.553653 0.471974
vt 0.201910 0.717178
vt 0.201910 0.863628
vt 0.201845 0.863718
vt 0.201845 0.717085
vt 0.939211 0.259177
vt 0.939211 0.405524
vt 0.939147 0.405430
vt 0.939147 0.259266
vt 0.382328 0.236604
vt 0.371235 0.236604
vt 0.371327 0.236540
vt 0.382236 0.236540
vt 0.371329 0.252162
vt 0.382208 0.252162
vt 0.382298 0.252228
vt 0.371235 0.252228
vt 0.201910 0.863694
vt 0.371262 0.236540
vt 0.939147 0.405492
vt 0.382301 0.236540
vt 0.939147 0.259199
vt 0.371266 0.252162
vt 0.201910 0.717115
vt 0.382275 0.252162
vt 0.386321 0.922257
vt 0.386320 0.922320
vt 0.972350 0.165978
vt 0.972351 0.165912
vt 0.209592 0.258442
vt 0.209592 0.258377
vt 0.980522 0.485532
vt 0.980522 0.485595
vt 0.527848 0.793938
vt 0.527848 0.793872
vt 0.209592 0.478477
vt 0.209592 0.478411
vt 0.542099 0.702906
vt 0.542099 0.702839
vt 0.527848 0.959315
vt 0.527848 0.959251
vt 0.998623 0.590738
vt 0.998623 0.426116
vt 0.998688 0.426022
vt 0.998688 0.590828
vt 0.701798 0.924492
vt 0.703189 0.924490
vt 0.703188 0.924553
vt 0.701798 0.924554
vt 0.993796 0.758176
vt 0.992405 0.758175
vt 0.992405 0.758108
vt 0.993796 0.758109
vt 0.218860 0.616033
vt 0.217469 0.616033
vt 0.217470 0.615968
vt 0.218860 0.615968
vt 0.992405 0.593424
vt 0.993796 0.593425
vt 0.993796 0.593487
vt 0.992405 0.593486
vt 0.539694 0.793937
vt 0.538303 0.793937
vt 0.538303 0.793871
vt 0.539694 0.793871
vt 0.218860 0.835697
vt 0.217470 0.835697
vt 0.217469 0.835633
vt 0.218860 0.835632
vt 0.703189 0.705500
vt 0.701798 0.705502
vt 0.701798 0.705435
vt 0.703188 0.705434
vt 0.539694 0.958944
vt 0.538303 0.958944
vt 0.538303 0.958881
vt 0.539694 0.958880
vt 0.999077 0.758230
vt 0.999077 0.593424
vt 0.999141 0.593518
vt 0.999141 0.758140
vt 0.998688 0.259268
vt 0.998688 0.424211
vt 0.998623 0.424305
vt 0.998623 0.259177
vt 0.997606 0.000859
vt 0.997606 0.165987
vt 0.997541 0.165893
vt 0.997541 0.000950
vt 0.995578 0.593516
vt 0.995578 0.813116
vt 0.995513 0.813208
vt 0.995513 0.593424
vt 0.995824 0.000859
vt 0.995824 0.220643
vt 0.995759 0.220550
vt 0.995759 0.000951
vt 0.997360 0.593514
vt 0.997360 0.812504
vt 0.997295 0.812597
vt 0.997295 0.593424
vt 0.996906 0.259177
vt 0.996906 0.478350
vt 0.996840 0.478257
vt 0.996840 0.259267
vt 0.544939 0.230262
vt 0.546656 0.230262
vt 0.546067 0.237961
vt 0.544908 0.237964
vt 0.544908 0.233365
vt 0.546067 0.233363
vt 0.561443 0.257187
vt 0.560276 0.257187
vt 0.560276 0.252588
vt 0.561443 0.252588
vt 0.491547 0.256700
vt 0.491547 0.252101
vt 0.495652 0.252101
vt 0.495652 0.256699
vt 0.606571 0.255568
vt 0.605417 0.255570
vt 0.605417 0.250971
vt 0.606571 0.250969
vt 0.547230 0.237964
vt 0.547230 0.233365
vt 0.562310 0.257186
vt 0.562310 0.252587
vt 0.458440 0.257201
vt 0.454206 0.257200
vt 0.454206 0.252602
vt 0.458440 0.252602
vt 0.548086 0.237971
vt 0.548086 0.233372
vt 0.504044 0.252101
vt 0.504044 0.256687
vt 0.503191 0.256705
vt 0.503191 0.252119
vt 0.575876 0.257205
vt 0.575876 0.252606
vt 0.577223 0.252609
vt 0.577223 0.257208
vt 0.440099 0.252568
vt 0.444571 0.252563
vt 0.444571 0.257149
vt 0.440099 0.257153
vt 0.590581 0.237132
vt 0.590581 0.232533
vt 0.591911 0.232534
vt 0.591911 0.237132
vt 0.504905 0.252117
vt 0.504905 0.256703
vt 0.575235 0.257202
vt 0.575235 0.252603
vt 0.396637 0.252510
vt 0.401222 0.252517
vt 0.401223 0.257118
vt 0.396637 0.257111
vt 0.505543 0.252163
vt 0.505543 0.256749
vt 0.495502 0.231265
vt 0.494653 0.230415
vt 0.494342 0.229254
vt 0.494653 0.228093
vt 0.495502 0.227243
vt 0.496662 0.226932
vt 0.497142 0.227303
vt 0.495805 0.227769
vt 0.495179 0.228397
vt 0.494949 0.229254
vt 0.495179 0.230111
vt 0.495805 0.230739
vt 0.497142 0.231205
vt 0.496662 0.231576
vt 0.496662 0.246277
vt 0.497142 0.245906
vt 0.497131 0.250378
vt 0.496689 0.250382
vt 0.499312 0.250382
vt 0.498871 0.250378
vt 0.498859 0.245906
vt 0.499339 0.246277
vt 0.496689 0.237398
vt 0.497130 0.237402
vt 0.497142 0.242004
vt 0.496662 0.241633
vt 0.499339 0.241632
vt 0.498859 0.242004
vt 0.498871 0.237403
vt 0.499312 0.237398
vt 0.491547 0.245785
vt 0.491989 0.245785
vt 0.491989 0.250384
vt 0.491547 0.250384
vt 0.633008 0.235101
vt 0.632567 0.235101
vt 0.632567 0.230502
vt 0.633008 0.230502
vt 0.495179 0.244812
vt 0.495805 0.245440
vt 0.495502 0.245966
vt 0.494653 0.245116
vt 0.494342 0.243955
vt 0.494653 0.242793
vt 0.495502 0.241944
vt 0.495805 0.242470
vt 0.495179 0.243097
vt 0.494949 0.243955
vt 0.546067 0.239688
vt 0.546067 0.244286
vt 0.544908 0.244289
vt 0.544908 0.239690
vt 0.565194 0.252588
vt 0.565194 0.257187
vt 0.564027 0.257187
vt 0.564027 0.252588
vt 0.497369 0.252101
vt 0.501474 0.252101
vt 0.501474 0.256699
vt 0.497369 0.256699
vt 0.603700 0.250969
vt 0.603700 0.255568
vt 0.602545 0.255570
vt 0.602545 0.250971
vt 0.547230 0.239690
vt 0.547230 0.244289
vt 0.566060 0.252587
vt 0.566060 0.257186
vt 0.450522 0.252563
vt 0.450522 0.257161
vt 0.446288 0.257162
vt 0.446288 0.252563
vt 0.548086 0.239697
vt 0.548086 0.244295
vt 0.475438 0.242907
vt 0.474585 0.242926
vt 0.474585 0.238340
vt 0.475438 0.238321
vt 0.560917 0.246269
vt 0.562264 0.246272
vt 0.562264 0.250870
vt 0.560917 0.250868
vt 0.421622 0.257102
vt 0.421622 0.252516
vt 0.426094 0.252511
vt 0.426094 0.257097
vt 0.591819 0.250971
vt 0.593148 0.250971
vt 0.593148 0.255570
vt 0.591819 0.255570
vt 0.476299 0.242923
vt 0.476299 0.238338
vt 0.560277 0.246266
vt 0.560277 0.250864
vt 0.407525 0.252517
vt 0.407525 0.257118
vt 0.402940 0.257111
vt 0.402940 0.252510
vt 0.476937 0.242970
vt 0.476937 0.238384
vt 0.503851 0.246277
vt 0.503824 0.250382
vt 0.503383 0.250378
vt 0.503372 0.245906
vt 0.496689 0.235681
vt 0.497131 0.235677
vt 0.503824 0.237398
vt 0.503851 0.241632
vt 0.503372 0.242004
vt 0.503383 0.237403
vt 0.496689 0.222698
vt 0.497130 0.222702
vt 0.524810 0.235285
vt 0.524810 0.230686
vt 0.525252 0.230686
vt 0.525252 0.235285
vt 0.634157 0.252606
vt 0.634157 0.257205
vt 0.633715 0.257205
vt 0.633715 0.252606
vt 0.505857 0.245114
vt 0.505009 0.245965
vt 0.504706 0.245439
vt 0.505332 0.244811
vt 0.505561 0.243953
vt 0.505332 0.243096
vt 0.504706 0.242469
vt 0.505009 0.241943
vt 0.505857 0.242792
vt 0.506167 0.243953
vt 0.171872 0.738941
vt 0.172259 0.720472
vt 0.172691 0.720627
vt 0.172335 0.738937
vt 0.173227 0.720841
vt 0.172913 0.738936
vt 0.173724 0.721057
vt 0.173452 0.738937
vt 0.796175 0.236470
vt 0.796210 0.218589
vt 0.796664 0.218745
vt 0.796633 0.236468
vt 0.797240 0.218802
vt 0.797210 0.236468
vt 0.168141 0.721477
vt 0.170155 0.720695
vt 0.170155 0.739121
vt 0.168000 0.739095
vt 0.805437 0.601730
vt 0.805387 0.583261
vt 0.805963 0.583203
vt 0.806014 0.601730
vt 0.542609 0.244422
vt 0.542641 0.239827
vt 0.543191 0.239823
vt 0.543160 0.244360
vt 0.805901 0.582229
vt 0.806446 0.582313
vt 0.806506 0.583261
vt 0.172760 0.719524
vt 0.173154 0.719750
vt 0.173639 0.720061
vt 0.174084 0.720376
vt 0.796253 0.217905
vt 0.796703 0.218133
vt 0.797277 0.218216
vt 0.167844 0.720884
vt 0.169674 0.719734
vt 0.805327 0.582313
vt 0.805818 0.581375
vt 0.806364 0.581481
vt 0.173435 0.718693
vt 0.173778 0.718981
vt 0.174194 0.719378
vt 0.174569 0.719778
vt 0.174804 0.720073
vt 0.174370 0.720608
vt 0.796755 0.217595
vt 0.797327 0.217701
vt 0.167438 0.720360
vt 0.169016 0.718885
vt 0.805246 0.581481
vt 0.542517 0.246224
vt 0.542570 0.245385
vt 0.543122 0.245298
vt 0.543071 0.246115
vt 0.174257 0.718011
vt 0.174539 0.718351
vt 0.174870 0.718818
vt 0.175161 0.719287
vt 0.175334 0.719633
vt 0.483478 0.255222
vt 0.483458 0.254692
vt 0.484026 0.254607
vt 0.484045 0.255115
vt 0.166939 0.719925
vt 0.168207 0.718179
vt 0.541947 0.246116
vt 0.541998 0.245299
vt 0.175196 0.717504
vt 0.175407 0.717882
vt 0.175641 0.718401
vt 0.175836 0.718923
vt 0.175939 0.719307
vt 0.483443 0.254085
vt 0.484013 0.254026
vt 0.166367 0.719596
vt 0.167278 0.717644
vt 0.542036 0.244362
vt 0.179702 0.717085
vt 0.179757 0.717494
vt 0.179778 0.718056
vt 0.179759 0.718621
vt 0.483015 0.254246
vt 0.483001 0.250291
vt 0.483432 0.250287
vt 0.484001 0.250286
vt 0.162660 0.719222
vt 0.162776 0.717085
vt 0.542068 0.239825
vt 0.806556 0.601730
vt 0.789900 0.237939
vt 0.789442 0.237939
vt 0.789463 0.219630
vt 0.789918 0.219472
vt 0.187241 0.738932
vt 0.186703 0.738931
vt 0.186337 0.720836
vt 0.186832 0.720621
vt 0.186125 0.738932
vt 0.185801 0.721053
vt 0.185661 0.738936
vt 0.185369 0.721214
vt 0.799601 0.236462
vt 0.799060 0.236464
vt 0.799044 0.218800
vt 0.799586 0.218740
vt 0.156434 0.738729
vt 0.154418 0.738623
vt 0.155246 0.720223
vt 0.157085 0.721127
vt 0.791019 0.237943
vt 0.790477 0.237940
vt 0.790494 0.219416
vt 0.791037 0.219477
vt 0.542608 0.235215
vt 0.543160 0.235269
vt 0.789861 0.218527
vt 0.790436 0.218445
vt 0.789411 0.218756
vt 0.185923 0.720057
vt 0.186367 0.719745
vt 0.185439 0.720371
vt 0.185045 0.720604
vt 0.799079 0.218215
vt 0.799623 0.218130
vt 0.155770 0.719294
vt 0.157408 0.720554
vt 0.790980 0.218532
vt 0.789784 0.217700
vt 0.790356 0.217595
vt 0.789339 0.217991
vt 0.185366 0.719374
vt 0.185741 0.718977
vt 0.184952 0.719774
vt 0.184609 0.720069
vt 0.799128 0.217703
vt 0.799674 0.217595
vt 0.156465 0.718488
vt 0.157837 0.720056
vt 0.790903 0.217705
vt 0.542517 0.233363
vt 0.543070 0.233467
vt 0.543122 0.234311
vt 0.542570 0.234231
vt 0.185975 0.718689
vt 0.184978 0.718347
vt 0.185150 0.718007
vt 0.184688 0.718814
vt 0.184359 0.719284
vt 0.184078 0.719630
vt 0.483478 0.245332
vt 0.484045 0.245438
vt 0.484027 0.245954
vt 0.483458 0.245871
vt 0.157304 0.717834
vt 0.158354 0.719653
vt 0.541947 0.233468
vt 0.541998 0.234313
vt 0.184109 0.717879
vt 0.184210 0.717501
vt 0.183916 0.718398
vt 0.183683 0.718920
vt 0.183473 0.719304
vt 0.484013 0.246542
vt 0.483444 0.246485
vt 0.158256 0.717359
vt 0.158941 0.719360
vt 0.542036 0.235271
vt 0.483015 0.246331
vt 0.172744 0.757248
vt 0.172312 0.757409
vt 0.173279 0.757031
vt 0.173775 0.756816
vt 0.796664 0.254189
vt 0.796210 0.254348
vt 0.797240 0.254131
vt 0.169327 0.757520
vt 0.167349 0.756697
vt 0.805963 0.620257
vt 0.805387 0.620199
vt 0.215024 0.491217
vt 0.214456 0.491161
vt 0.214474 0.486610
vt 0.215043 0.486609
vt 0.806506 0.620199
vt 0.806446 0.621146
vt 0.805901 0.621230
vt 0.173210 0.758124
vt 0.172816 0.758357
vt 0.173693 0.757810
vt 0.174137 0.757498
vt 0.796703 0.254797
vt 0.796253 0.255028
vt 0.797277 0.254713
vt 0.168803 0.758449
vt 0.167026 0.757270
vt 0.805327 0.621146
vt 0.806364 0.621976
vt 0.805818 0.622083
vt 0.173836 0.758892
vt 0.173493 0.759187
vt 0.174250 0.758492
vt 0.174624 0.758095
vt 0.796755 0.255330
vt 0.796311 0.255623
vt 0.797327 0.255223
vt 0.168108 0.759256
vt 0.166597 0.757767
vt 0.805246 0.621976
vt 0.214970 0.493057
vt 0.214403 0.492951
vt 0.214433 0.492114
vt 0.215001 0.492196
vt 0.174598 0.759522
vt 0.174317 0.759869
vt 0.174928 0.759053
vt 0.175217 0.758585
vt 0.174859 0.757807
vt 0.175390 0.758246
vt 0.558559 0.257187
vt 0.558006 0.257083
vt 0.557974 0.256563
vt 0.558526 0.256643
vt 0.167268 0.759910
vt 0.166080 0.758170
vt 0.215528 0.492952
vt 0.215559 0.492114
vt 0.175468 0.759990
vt 0.175258 0.760375
vt 0.175701 0.759469
vt 0.175894 0.758949
vt 0.175995 0.758572
vt 0.557951 0.255972
vt 0.558502 0.256026
vt 0.166317 0.760385
vt 0.165493 0.758464
vt 0.215581 0.491161
vt 0.214027 0.491007
vt 0.214044 0.486614
vt 0.179838 0.759810
vt 0.179819 0.760375
vt 0.179818 0.759248
vt 0.179763 0.758839
vt 0.557931 0.252226
vt 0.558482 0.252222
vt 0.161796 0.760658
vt 0.161774 0.758602
vt 0.215600 0.486611
vt 0.475394 0.253815
vt 0.475427 0.255338
vt 0.474969 0.255194
vt 0.474936 0.253683
vt 0.186915 0.755732
vt 0.186885 0.757242
vt 0.186389 0.757026
vt 0.186415 0.755533
vt 0.185853 0.756812
vt 0.185875 0.755337
vt 0.185421 0.756657
vt 0.185440 0.755195
vt 0.382225 0.254850
vt 0.382175 0.256311
vt 0.381635 0.256234
vt 0.381685 0.254777
vt 0.156293 0.756347
vt 0.154418 0.757048
vt 0.154418 0.755528
vt 0.156305 0.754894
vt 0.476512 0.253788
vt 0.476546 0.255311
vt 0.476004 0.255381
vt 0.475971 0.253853
vt 0.215024 0.482009
vt 0.214456 0.482068
vt 0.475967 0.256359
vt 0.475391 0.256290
vt 0.474936 0.256074
vt 0.186422 0.758119
vt 0.185977 0.757805
vt 0.185493 0.757493
vt 0.185098 0.757268
vt 0.382192 0.256923
vt 0.381651 0.256819
vt 0.156590 0.756940
vt 0.154899 0.758009
vt 0.476510 0.256263
vt 0.475906 0.257219
vt 0.475332 0.257126
vt 0.186708 0.758351
vt 0.186033 0.759182
vt 0.185798 0.758888
vt 0.185423 0.758488
vt 0.185007 0.758091
vt 0.184664 0.757803
vt 0.382225 0.257460
vt 0.381683 0.257333
vt 0.156996 0.757464
vt 0.155557 0.758859
vt 0.476450 0.257100
vt 0.214970 0.480194
vt 0.215001 0.481040
vt 0.214433 0.481125
vt 0.214403 0.480301
vt 0.185211 0.759865
vt 0.185038 0.759518
vt 0.184746 0.759049
vt 0.184416 0.758582
vt 0.184134 0.758242
vt 0.558559 0.247298
vt 0.558526 0.247824
vt 0.557974 0.247912
vt 0.558006 0.247408
vt 0.157494 0.757899
vt 0.156366 0.759564
vt 0.215528 0.480302
vt 0.215559 0.481126
vt 0.184272 0.760371
vt 0.184169 0.759987
vt 0.183975 0.759466
vt 0.183740 0.758946
vt 0.183529 0.758569
vt 0.558502 0.248428
vt 0.557951 0.248489
vt 0.158067 0.758228
vt 0.157295 0.760099
vt 0.215581 0.482068
vt 0.214027 0.482229
vt 0.517038 0.230686
vt 0.518196 0.230711
vt 0.518196 0.235296
vt 0.517038 0.235271
vt 0.572357 0.252604
vt 0.573518 0.252610
vt 0.573518 0.257208
vt 0.572357 0.257202
vt 0.513298 0.230691
vt 0.513298 0.235276
vt 0.509194 0.235271
vt 0.509194 0.230686
vt 0.599669 0.250966
vt 0.600828 0.250972
vt 0.600828 0.255570
vt 0.599669 0.255564
vt 0.515873 0.230709
vt 0.515873 0.235294
vt 0.571506 0.252587
vt 0.571506 0.257185
vt 0.460157 0.252614
vt 0.464391 0.252616
vt 0.464391 0.257201
vt 0.460157 0.257199
vt 0.515015 0.230774
vt 0.515015 0.235359
vt 0.560790 0.239713
vt 0.560790 0.244307
vt 0.559934 0.244317
vt 0.559934 0.239723
vt 0.583970 0.252600
vt 0.583970 0.257198
vt 0.582629 0.257208
vt 0.582629 0.252610
vt 0.415432 0.252511
vt 0.419905 0.252510
vt 0.419905 0.257104
vt 0.415432 0.257104
vt 0.590102 0.250971
vt 0.590102 0.255569
vt 0.588764 0.255578
vt 0.588764 0.250980
vt 0.561648 0.239723
vt 0.561648 0.244317
vt 0.584601 0.252588
vt 0.584601 0.257185
vt 0.384015 0.252510
vt 0.388609 0.252512
vt 0.388609 0.257114
vt 0.384015 0.257112
vt 0.562278 0.239751
vt 0.562278 0.244345
vt 0.211828 0.489072
vt 0.212310 0.488701
vt 0.212298 0.493173
vt 0.211856 0.493177
vt 0.205446 0.497283
vt 0.205005 0.497279
vt 0.204993 0.492807
vt 0.205473 0.493179
vt 0.211856 0.480194
vt 0.212298 0.480198
vt 0.212310 0.484799
vt 0.211828 0.484428
vt 0.205473 0.488535
vt 0.204993 0.488906
vt 0.205005 0.484305
vt 0.205446 0.484301
vt 0.636964 0.244752
vt 0.636522 0.244752
vt 0.636522 0.240154
vt 0.636964 0.240154
vt 0.210667 0.488761
vt 0.210971 0.488235
vt 0.206954 0.490002
vt 0.206328 0.489373
vt 0.206631 0.488847
vt 0.207479 0.489698
vt 0.207789 0.490860
vt 0.207479 0.492021
vt 0.206631 0.492869
vt 0.206328 0.492343
vt 0.206954 0.491716
vt 0.207183 0.490859
vt 0.634725 0.230502
vt 0.635167 0.230502
vt 0.635167 0.235100
vt 0.634725 0.235100
vt 0.521935 0.235271
vt 0.521935 0.230686
vt 0.523093 0.230711
vt 0.523093 0.235296
vt 0.568628 0.257202
vt 0.568628 0.252604
vt 0.569789 0.252610
vt 0.569789 0.257208
vt 0.507477 0.235277
vt 0.503372 0.235271
vt 0.503372 0.230686
vt 0.507477 0.230692
vt 0.472059 0.257212
vt 0.472059 0.252614
vt 0.473219 0.252621
vt 0.473219 0.257219
vt 0.520771 0.235294
vt 0.520771 0.230709
vt 0.567777 0.257185
vt 0.567777 0.252587
vt 0.466108 0.257199
vt 0.466108 0.252614
vt 0.470342 0.252615
vt 0.470342 0.257200
vt 0.519913 0.235359
vt 0.519913 0.230774
vt 0.560790 0.237957
vt 0.559934 0.237967
vt 0.559934 0.233373
vt 0.560790 0.233363
vt 0.580281 0.257198
vt 0.578940 0.257208
vt 0.578940 0.252610
vt 0.580281 0.252600
vt 0.409242 0.257105
vt 0.409242 0.252511
vt 0.413715 0.252510
vt 0.413715 0.257104
vt 0.591502 0.246669
vt 0.590164 0.246678
vt 0.590164 0.242080
vt 0.591502 0.242071
vt 0.561648 0.237967
vt 0.561648 0.233373
vt 0.580912 0.257185
vt 0.580912 0.252588
vt 0.394920 0.252512
vt 0.394920 0.257113
vt 0.390326 0.257112
vt 0.390326 0.252510
vt 0.562278 0.237996
vt 0.562278 0.233402
vt 0.499339 0.231575
vt 0.499312 0.235680
vt 0.498871 0.235675
vt 0.498859 0.231203
vt 0.202661 0.494360
vt 0.202633 0.490255
vt 0.203114 0.489883
vt 0.203103 0.494356
vt 0.499312 0.222698
vt 0.499339 0.226931
vt 0.498859 0.227302
vt 0.498871 0.222701
vt 0.202633 0.485610
vt 0.202660 0.481376
vt 0.203102 0.481380
vt 0.203114 0.485982
vt 0.636316 0.252606
vt 0.636316 0.257204
vt 0.635874 0.257204
vt 0.635874 0.252606
vt 0.501345 0.230417
vt 0.500497 0.231266
vt 0.500194 0.230739
vt 0.500820 0.230112
vt 0.501049 0.229255
vt 0.500820 0.228398
vt 0.500194 0.227770
vt 0.500497 0.227244
vt 0.501345 0.228095
vt 0.501655 0.229256
vt 0.634363 0.244752
vt 0.634363 0.240155
vt 0.634805 0.240154
vt 0.634805 0.244752
vt 0.201472 0.489944
vt 0.200622 0.489094
vt 0.200311 0.487933
vt 0.200622 0.486771
vt 0.201472 0.485921
vt 0.201776 0.486448
vt 0.201149 0.487075
vt 0.200919 0.487933
vt 0.201149 0.488790
vt 0.201776 0.489417
vt 0.126401 0.738457
vt 0.126401 0.720123
vt 0.126831 0.720297
vt 0.126859 0.738474
vt 0.127366 0.720505
vt 0.127430 0.738467
vt 0.127861 0.720692
vt 0.127963 0.738438
vt 0.787622 0.236397
vt 0.787583 0.254181
vt 0.787129 0.254018
vt 0.787164 0.236389
vt 0.786558 0.253959
vt 0.786592 0.236388
vt 0.786024 0.254021
vt 0.786059 0.236392
vt 0.205653 0.461824
vt 0.205917 0.479445
vt 0.205489 0.479618
vt 0.205194 0.461840
vt 0.803412 0.619313
vt 0.801712 0.619921
vt 0.801655 0.601552
vt 0.803372 0.601527
vt 0.126877 0.719166
vt 0.127271 0.719413
vt 0.127757 0.719719
vt 0.128203 0.720004
vt 0.787535 0.254852
vt 0.787086 0.254618
vt 0.786517 0.254534
vt 0.785982 0.254621
vt 0.206236 0.480053
vt 0.205846 0.480298
vt 0.803462 0.619984
vt 0.801781 0.620855
vt 0.127527 0.718321
vt 0.127872 0.718631
vt 0.128291 0.719024
vt 0.128671 0.719396
vt 0.787471 0.255437
vt 0.787028 0.255142
vt 0.786462 0.255035
vt 0.785924 0.255145
vt 0.206667 0.480588
vt 0.206326 0.480895
vt 0.803529 0.620569
vt 0.801873 0.621669
vt 0.128326 0.717618
vt 0.128611 0.717981
vt 0.128948 0.718446
vt 0.129246 0.718890
vt 0.129425 0.719193
vt 0.128910 0.719646
vt 0.483659 0.243524
vt 0.483706 0.242993
vt 0.484267 0.242957
vt 0.484222 0.243465
vt 0.484816 0.243084
vt 0.484770 0.243615
vt 0.207191 0.481028
vt 0.206912 0.481386
vt 0.206279 0.482584
vt 0.205465 0.481901
vt 0.129244 0.717085
vt 0.129460 0.717488
vt 0.129702 0.718009
vt 0.129906 0.718507
vt 0.483283 0.243183
vt 0.483341 0.242509
vt 0.483758 0.242389
vt 0.484316 0.242379
vt 0.484868 0.242481
vt 0.207789 0.481356
vt 0.207580 0.481752
vt 0.486982 0.243202
vt 0.488645 0.243658
vt 0.488673 0.244599
vt 0.487003 0.243878
vt 0.144817 0.717261
vt 0.144881 0.717683
vt 0.144913 0.718228
vt 0.144905 0.718750
vt 0.483001 0.227523
vt 0.483416 0.227560
vt 0.483985 0.227608
vt 0.484556 0.227654
vt 0.484976 0.227685
vt 0.485265 0.242667
vt 0.487370 0.228228
vt 0.489034 0.228099
vt 0.371712 0.650538
vt 0.372170 0.650544
vt 0.372259 0.667502
vt 0.371806 0.667643
vt 0.152701 0.737758
vt 0.152168 0.737787
vt 0.151459 0.721097
vt 0.151945 0.720871
vt 0.151596 0.737794
vt 0.150934 0.721301
vt 0.151139 0.737777
vt 0.150510 0.721429
vt 0.792894 0.235313
vt 0.793426 0.235318
vt 0.793391 0.251675
vt 0.792858 0.251724
vt 0.793998 0.235316
vt 0.793961 0.251727
vt 0.794458 0.235309
vt 0.794417 0.251867
vt 0.201402 0.460373
vt 0.203114 0.460309
vt 0.202752 0.477391
vt 0.201153 0.476910
vt 0.372323 0.668323
vt 0.371874 0.668530
vt 0.151035 0.720391
vt 0.151468 0.720077
vt 0.150562 0.720684
vt 0.150178 0.720876
vt 0.793348 0.252222
vt 0.792813 0.252295
vt 0.793917 0.252298
vt 0.794367 0.252505
vt 0.202258 0.478265
vt 0.200797 0.477539
vt 0.151746 0.719824
vt 0.150834 0.719387
vt 0.151061 0.719079
vt 0.150471 0.719779
vt 0.150069 0.720148
vt 0.149736 0.720396
vt 0.793291 0.252704
vt 0.792754 0.252799
vt 0.793857 0.252802
vt 0.794301 0.253068
vt 0.201592 0.479031
vt 0.200318 0.478090
vt 0.150068 0.718830
vt 0.150232 0.718476
vt 0.149790 0.719283
vt 0.149474 0.719714
vt 0.149203 0.720008
vt 0.483820 0.222698
vt 0.484366 0.222849
vt 0.484327 0.223351
vt 0.483780 0.223222
vt 0.484930 0.222789
vt 0.484890 0.223313
vt 0.200087 0.477801
vt 0.199734 0.478542
vt 0.199563 0.478205
vt 0.200780 0.479659
vt 0.149199 0.718425
vt 0.149293 0.718039
vt 0.149018 0.718923
vt 0.148798 0.719400
vt 0.148598 0.719726
vt 0.484282 0.223925
vt 0.483733 0.223822
vt 0.484843 0.223913
vt 0.199067 0.478877
vt 0.198966 0.478505
vt 0.486982 0.223663
vt 0.488525 0.222698
vt 0.488627 0.223627
vt 0.487056 0.224331
vt 0.483342 0.223630
vt 0.485265 0.223788
vt 0.127643 0.756627
vt 0.127219 0.756765
vt 0.128167 0.756407
vt 0.128653 0.756166
vt 0.787129 0.218750
vt 0.787583 0.218600
vt 0.786558 0.218806
vt 0.786024 0.218753
vt 0.205489 0.444065
vt 0.205917 0.444206
vt 0.801712 0.583167
vt 0.803412 0.583730
vt 0.128121 0.757481
vt 0.127737 0.757689
vt 0.128593 0.757167
vt 0.129026 0.756831
vt 0.787086 0.218136
vt 0.787535 0.217914
vt 0.786517 0.218219
vt 0.785982 0.218139
vt 0.205846 0.443390
vt 0.206236 0.443601
vt 0.801781 0.582214
vt 0.803462 0.583045
vt 0.128756 0.758223
vt 0.128424 0.758492
vt 0.129157 0.757827
vt 0.129519 0.757408
vt 0.129303 0.756563
vt 0.129746 0.757079
vt 0.786462 0.217701
vt 0.787028 0.217595
vt 0.785924 0.217598
vt 0.206326 0.442799
vt 0.206667 0.443072
vt 0.801873 0.581375
vt 0.803529 0.582441
vt 0.129523 0.758825
vt 0.129253 0.759142
vt 0.129839 0.758361
vt 0.130116 0.757875
vt 0.130280 0.757498
vt 0.492432 0.243705
vt 0.491878 0.243645
vt 0.491804 0.243146
vt 0.492354 0.243183
vt 0.491325 0.243798
vt 0.491247 0.243276
vt 0.206912 0.442315
vt 0.207191 0.442639
vt 0.205465 0.441642
vt 0.206279 0.440969
vt 0.130393 0.759262
vt 0.130193 0.759614
vt 0.130612 0.758749
vt 0.130792 0.758215
vt 0.130885 0.757802
vt 0.491731 0.242574
vt 0.492279 0.242586
vt 0.491172 0.242679
vt 0.207580 0.441957
vt 0.207789 0.442318
vt 0.207207 0.440471
vt 0.479710 0.243695
vt 0.479319 0.243504
vt 0.479005 0.228085
vt 0.479420 0.228122
vt 0.145796 0.757791
vt 0.145788 0.758314
vt 0.145764 0.757246
vt 0.145701 0.756824
vt 0.492067 0.227791
vt 0.492625 0.227745
vt 0.491488 0.227840
vt 0.490751 0.242873
vt 0.491043 0.227880
vt 0.481284 0.243228
vt 0.480988 0.228238
vt 0.371728 0.633450
vt 0.372182 0.633601
vt 0.152700 0.754670
vt 0.152205 0.754498
vt 0.151671 0.754305
vt 0.151241 0.754141
vt 0.792858 0.218912
vt 0.793391 0.218970
vt 0.793961 0.218915
vt 0.794417 0.218763
vt 0.201063 0.443834
vt 0.202659 0.443225
vt 0.371792 0.632582
vt 0.372242 0.632799
vt 0.152258 0.755493
vt 0.151812 0.755230
vt 0.151327 0.754946
vt 0.150933 0.754715
vt 0.792813 0.218353
vt 0.793348 0.218435
vt 0.793917 0.218356
vt 0.794367 0.218139
vt 0.200704 0.443202
vt 0.202160 0.442347
vt 0.371880 0.631827
vt 0.372323 0.632100
vt 0.151656 0.756222
vt 0.151277 0.755878
vt 0.150859 0.755513
vt 0.150514 0.755223
vt 0.792754 0.217866
vt 0.793291 0.217969
vt 0.793857 0.217869
vt 0.794301 0.217595
vt 0.200222 0.442648
vt 0.201490 0.441576
vt 0.151895 0.756452
vt 0.151095 0.757108
vt 0.150916 0.756829
vt 0.150619 0.756417
vt 0.150283 0.755984
vt 0.149999 0.755645
vt 0.492308 0.222855
vt 0.492322 0.223387
vt 0.491784 0.223515
vt 0.491771 0.223005
vt 0.491215 0.223480
vt 0.491201 0.222948
vt 0.490767 0.223292
vt 0.490751 0.222698
vt 0.199635 0.442192
vt 0.200674 0.440943
vt 0.479884 0.222698
vt 0.479804 0.223635
vt 0.479388 0.223755
vt 0.479461 0.222888
vt 0.150067 0.757289
vt 0.149864 0.756826
vt 0.149623 0.756342
vt 0.149407 0.755965
vt 0.492350 0.223992
vt 0.491811 0.224094
vt 0.491243 0.224085
vt 0.490798 0.223968
vt 0.198966 0.441853
vt 0.199744 0.440471
vt 0.481284 0.224329
vt 0.438382 0.248602
vt 0.438382 0.257153
vt 0.429853 0.257142
vt 0.429853 0.248591
vt 0.438405 0.238321
vt 0.438405 0.246874
vt 0.429853 0.246874
vt 0.429853 0.238322
vt 0.546729 0.256494
vt 0.546729 0.247941
vt 0.547735 0.247941
vt 0.547735 0.256494
vt 0.550458 0.247941
vt 0.550458 0.256494
vt 0.549452 0.256494
vt 0.549452 0.247941
vt 0.553180 0.247942
vt 0.553180 0.256494
vt 0.552175 0.256494
vt 0.552175 0.247941
vt 0.554897 0.256494
vt 0.554897 0.247942
vt 0.555900 0.247941
vt 0.555900 0.256493
vt 0.578405 0.247846
vt 0.578405 0.249821
vt 0.578074 0.249771
vt 0.578074 0.247850
vt 0.577833 0.249638
vt 0.577833 0.247861
vt 0.545012 0.254147
vt 0.543259 0.253579
vt 0.543452 0.253310
vt 0.545010 0.253815
vt 0.543648 0.253043
vt 0.545012 0.253484
vt 0.539678 0.230206
vt 0.539678 0.231599
vt 0.539433 0.231473
vt 0.539433 0.230225
vt 0.539101 0.231427
vt 0.539101 0.230233
vt 0.538771 0.231474
vt 0.538771 0.230227
vt 0.538530 0.231602
vt 0.538530 0.230208
vt 0.531671 0.242940
vt 0.533034 0.242497
vt 0.533227 0.242765
vt 0.531669 0.243271
vt 0.533424 0.243033
vt 0.531671 0.243602
vt 0.578981 0.247862
vt 0.578981 0.249639
vt 0.578737 0.249772
vt 0.578737 0.247851
vt 0.585849 0.238724
vt 0.585841 0.237058
vt 0.586173 0.237031
vt 0.586181 0.238653
vt 0.543122 0.253777
vt 0.541949 0.252166
vt 0.542175 0.252089
vt 0.542488 0.251986
vt 0.542805 0.251884
vt 0.543040 0.251810
vt 0.543795 0.252848
vt 0.521569 0.254078
vt 0.521556 0.255057
vt 0.521226 0.255091
vt 0.521238 0.254154
vt 0.520893 0.255058
vt 0.520906 0.254079
vt 0.532896 0.242300
vt 0.533651 0.241262
vt 0.533877 0.241337
vt 0.534190 0.241439
vt 0.534507 0.241542
vt 0.534742 0.241616
vt 0.533571 0.243229
vt 0.585518 0.238653
vt 0.585510 0.237031
vt 0.585841 0.235010
vt 0.586173 0.235038
vt 0.586417 0.235115
vt 0.586417 0.236958
vt 0.542173 0.250246
vt 0.542486 0.250348
vt 0.542803 0.250450
vt 0.521795 0.254965
vt 0.521795 0.256395
vt 0.521556 0.256337
vt 0.521226 0.256317
vt 0.520893 0.256338
vt 0.520647 0.256396
vt 0.520647 0.254966
vt 0.533877 0.239903
vt 0.534190 0.239801
vt 0.534507 0.239699
vt 0.585269 0.236958
vt 0.585269 0.235115
vt 0.585510 0.235038
vt 0.585849 0.233363
vt 0.586181 0.233435
vt 0.541947 0.250173
vt 0.543117 0.248559
vt 0.543254 0.248754
vt 0.543448 0.249021
vt 0.543644 0.249290
vt 0.543792 0.249487
vt 0.543039 0.250526
vt 0.521569 0.257429
vt 0.521238 0.257362
vt 0.520906 0.257430
vt 0.533651 0.239978
vt 0.532896 0.238940
vt 0.533034 0.238744
vt 0.533227 0.238476
vt 0.533424 0.238208
vt 0.533571 0.238011
vt 0.534742 0.239623
vt 0.585518 0.233435
vt 0.581030 0.247846
vt 0.581030 0.249739
vt 0.580698 0.249745
vt 0.580698 0.247902
vt 0.545011 0.247941
vt 0.545006 0.248183
vt 0.545005 0.248513
vt 0.545007 0.248845
vt 0.545012 0.249089
vt 0.200974 0.496077
vt 0.200974 0.497278
vt 0.200643 0.497283
vt 0.200643 0.496133
vt 0.200311 0.497279
vt 0.200311 0.496078
vt 0.531676 0.238543
vt 0.531671 0.238301
vt 0.531669 0.237969
vt 0.531671 0.237638
vt 0.531676 0.237395
vt 0.581360 0.247905
vt 0.581360 0.249747
vt 0.623110 0.257191
vt 0.623153 0.257191
vt 0.623144 0.257228
vt 0.623109 0.257236
vt 0.201573 0.513212
vt 0.201572 0.513256
vt 0.201535 0.513248
vt 0.201527 0.513211
vt 0.620242 0.244708
vt 0.620242 0.244752
vt 0.620205 0.244744
vt 0.620197 0.244707
vt 0.620242 0.238531
vt 0.620197 0.238530
vt 0.620205 0.238494
vt 0.620242 0.238486
vt 0.207733 0.513207
vt 0.207776 0.513207
vt 0.207767 0.513243
vt 0.207731 0.513251
vt 0.618480 0.244709
vt 0.618480 0.244753
vt 0.618444 0.244745
vt 0.618436 0.244708
vt 0.623110 0.251014
vt 0.623109 0.250969
vt 0.623144 0.250978
vt 0.623153 0.251014
vt 0.621959 0.244707
vt 0.622003 0.244707
vt 0.621995 0.244744
vt 0.621959 0.244752
vt 0.201573 0.507034
vt 0.201527 0.507034
vt 0.201535 0.506997
vt 0.201572 0.506989
vt 0.618480 0.238531
vt 0.618436 0.238531
vt 0.618444 0.238494
vt 0.618480 0.238486
vt 0.207733 0.507029
vt 0.207731 0.506985
vt 0.207767 0.506993
vt 0.207776 0.507029
vt 0.621959 0.238530
vt 0.621959 0.238486
vt 0.621995 0.238494
vt 0.622003 0.238530
vt 0.206231 0.500560
vt 0.206188 0.500623
vt 0.206170 0.500623
vt 0.206169 0.500604
vt 0.206232 0.503708
vt 0.206170 0.503663
vt 0.206170 0.503645
vt 0.206188 0.503645
vt 0.203087 0.503708
vt 0.203132 0.503645
vt 0.203151 0.503645
vt 0.203151 0.503663
vt 0.203086 0.500560
vt 0.203150 0.500604
vt 0.203150 0.500623
vt 0.203132 0.500623
vt 0.658164 0.232949
vt 0.658164 0.231221
vt 0.658183 0.231212
vt 0.658183 0.232957
vt 0.207744 0.499045
vt 0.207743 0.499000
vt 0.207779 0.499009
vt 0.207788 0.499045
vt 0.530732 0.235299
vt 0.530777 0.235299
vt 0.530768 0.235335
vt 0.530732 0.235344
vt 0.611703 0.230547
vt 0.611658 0.230547
vt 0.611665 0.230511
vt 0.611702 0.230503
vt 0.611703 0.236724
vt 0.611702 0.236769
vt 0.611665 0.236761
vt 0.611658 0.236725
vt 0.614415 0.244709
vt 0.614459 0.244708
vt 0.614451 0.244744
vt 0.614415 0.244753
vt 0.207745 0.505223
vt 0.207789 0.505223
vt 0.207780 0.505259
vt 0.207745 0.505268
vt 0.614415 0.238532
vt 0.614415 0.238487
vt 0.614451 0.238495
vt 0.614459 0.238531
vt 0.608786 0.257192
vt 0.608831 0.257192
vt 0.608823 0.257228
vt 0.608786 0.257237
vt 0.201574 0.505223
vt 0.201573 0.505268
vt 0.201536 0.505259
vt 0.201528 0.505223
vt 0.608786 0.251014
vt 0.608786 0.250970
vt 0.608823 0.250978
vt 0.608831 0.251014
vt 0.617371 0.251014
vt 0.617326 0.251014
vt 0.617334 0.250978
vt 0.617371 0.250969
vt 0.201573 0.499045
vt 0.201527 0.499045
vt 0.201535 0.499009
vt 0.201572 0.499000
vt 0.512879 0.224245
vt 0.512943 0.224290
vt 0.512944 0.224309
vt 0.512924 0.224309
vt 0.627132 0.246470
vt 0.627132 0.248220
vt 0.627113 0.248211
vt 0.627113 0.246478
vt 0.583077 0.249596
vt 0.583077 0.247846
vt 0.583096 0.247855
vt 0.583096 0.249588
vt 0.647802 0.246848
vt 0.647802 0.248576
vt 0.647784 0.248584
vt 0.647784 0.246840
vt 0.639125 0.246848
vt 0.639125 0.248581
vt 0.639106 0.248589
vt 0.639106 0.246840
vt 0.512879 0.227394
vt 0.512924 0.227331
vt 0.512944 0.227331
vt 0.512943 0.227349
vt 0.216458 0.510868
vt 0.216458 0.512617
vt 0.216439 0.512609
vt 0.216439 0.510876
vt 0.621907 0.248220
vt 0.621907 0.246470
vt 0.621925 0.246478
vt 0.621925 0.248211
vt 0.516018 0.227391
vt 0.515956 0.227347
vt 0.515957 0.227329
vt 0.515975 0.227329
vt 0.644313 0.248581
vt 0.644313 0.246848
vt 0.644331 0.246840
vt 0.644331 0.248589
vt 0.516018 0.224243
vt 0.515975 0.224306
vt 0.515957 0.224306
vt 0.515956 0.224288
vt 0.596671 0.230941
vt 0.596670 0.230896
vt 0.596705 0.230905
vt 0.596714 0.230941
vt 0.527208 0.234846
vt 0.527208 0.234801
vt 0.527245 0.234809
vt 0.527253 0.234846
vt 0.511383 0.222747
vt 0.511338 0.222747
vt 0.511345 0.222710
vt 0.511382 0.222702
vt 0.596671 0.237087
vt 0.596714 0.237088
vt 0.596705 0.237124
vt 0.596670 0.237132
vt 0.511383 0.228894
vt 0.511382 0.228939
vt 0.511345 0.228931
vt 0.511338 0.228894
vt 0.594910 0.255526
vt 0.594910 0.255570
vt 0.594873 0.255562
vt 0.594865 0.255525
vt 0.594910 0.249379
vt 0.594865 0.249379
vt 0.594873 0.249342
vt 0.594910 0.249334
vt 0.517513 0.228890
vt 0.517556 0.228890
vt 0.517547 0.228926
vt 0.517511 0.228934
vt 0.593263 0.246633
vt 0.593263 0.246678
vt 0.593227 0.246670
vt 0.593219 0.246633
vt 0.593263 0.240486
vt 0.593219 0.240486
vt 0.593227 0.240449
vt 0.593263 0.240441
vt 0.517513 0.222742
vt 0.517511 0.222698
vt 0.517547 0.222706
vt 0.517556 0.222742
vt 0.599073 0.230986
vt 0.599072 0.230941
vt 0.599109 0.230950
vt 0.599117 0.230986
vt 0.625528 0.230546
vt 0.625482 0.230546
vt 0.625489 0.230510
vt 0.625526 0.230502
vt 0.514070 0.245398
vt 0.514069 0.245353
vt 0.514105 0.245362
vt 0.514114 0.245398
vt 0.628440 0.257160
vt 0.628439 0.257205
vt 0.628403 0.257197
vt 0.628395 0.257160
vt 0.625528 0.236693
vt 0.625526 0.236738
vt 0.625489 0.236730
vt 0.625482 0.236693
vt 0.629006 0.236693
vt 0.629051 0.236693
vt 0.629043 0.236729
vt 0.629006 0.236738
vt 0.514071 0.251545
vt 0.514115 0.251546
vt 0.514107 0.251582
vt 0.514071 0.251590
vt 0.629006 0.230547
vt 0.629006 0.230502
vt 0.629043 0.230510
vt 0.629051 0.230546
vt 0.626633 0.257162
vt 0.626678 0.257162
vt 0.626670 0.257198
vt 0.626633 0.257206
vt 0.507930 0.251545
vt 0.507929 0.251590
vt 0.507893 0.251582
vt 0.507885 0.251546
vt 0.626633 0.251014
vt 0.626633 0.250969
vt 0.626670 0.250978
vt 0.626678 0.251014
vt 0.628440 0.251014
vt 0.628395 0.251014
vt 0.628403 0.250978
vt 0.628439 0.250969
vt 0.507929 0.245398
vt 0.507884 0.245398
vt 0.507891 0.245362
vt 0.507928 0.245353
vt 0.617371 0.257190
vt 0.617326 0.257191
vt 0.617869 0.251014
vt 0.617868 0.250970
vt 0.608289 0.250969
vt 0.608289 0.251014
vt 0.613917 0.238532
vt 0.613917 0.238487
vt 0.608289 0.257237
vt 0.608289 0.257192
vt 0.613917 0.244709
vt 0.613917 0.244753
vt 0.612198 0.236770
vt 0.612200 0.236725
vt 0.530732 0.234801
vt 0.530777 0.234801
vt 0.612198 0.230504
vt 0.612200 0.230548
vt 0.569193 0.250870
vt 0.567448 0.250868
vt 0.567448 0.247846
vt 0.569193 0.247848
vt 0.563981 0.247849
vt 0.565731 0.247849
vt 0.565731 0.250870
vt 0.563981 0.250870
vt 0.371235 0.254437
vt 0.372985 0.254437
vt 0.372985 0.257460
vt 0.371235 0.257459
vt 0.211256 0.513890
vt 0.209506 0.513890
vt 0.209506 0.510868
vt 0.211256 0.510868
vt 0.599117 0.237132
vt 0.599072 0.237132
vt 0.596032 0.230940
vt 0.596030 0.230896
vt 0.527253 0.235487
vt 0.527208 0.235487
vt 0.593904 0.240486
vt 0.593905 0.240441
vt 0.598431 0.230941
vt 0.598431 0.230985
vt 0.593904 0.246633
vt 0.593905 0.246678
vt 0.595551 0.249334
vt 0.595551 0.249379
vt 0.596032 0.237087
vt 0.596030 0.237131
vt 0.595551 0.255570
vt 0.595551 0.255526
vt 0.617869 0.257190
vt 0.598431 0.237132
vt 0.623722 0.236723
vt 0.623765 0.236724
vt 0.623756 0.236760
vt 0.623720 0.236768
vt 0.209552 0.509106
vt 0.209550 0.509151
vt 0.209514 0.509143
vt 0.209506 0.509106
vt 0.619630 0.257191
vt 0.619630 0.257235
vt 0.619594 0.257227
vt 0.619586 0.257191
vt 0.619630 0.251014
vt 0.619586 0.251014
vt 0.619594 0.250977
vt 0.619630 0.250969
vt 0.215712 0.509102
vt 0.215755 0.509102
vt 0.215746 0.509138
vt 0.215710 0.509146
vt 0.630201 0.257160
vt 0.630201 0.257205
vt 0.630165 0.257197
vt 0.630157 0.257160
vt 0.623722 0.230546
vt 0.623720 0.230502
vt 0.623756 0.230510
vt 0.623765 0.230547
vt 0.621959 0.236723
vt 0.622003 0.236723
vt 0.621995 0.236760
vt 0.621959 0.236768
vt 0.209552 0.502929
vt 0.209506 0.502929
vt 0.209514 0.502892
vt 0.209550 0.502884
vt 0.544953 0.246057
vt 0.544908 0.246057
vt 0.544916 0.246021
vt 0.544953 0.246012
vt 0.215712 0.502924
vt 0.215710 0.502879
vt 0.215746 0.502887
vt 0.215755 0.502924
vt 0.621959 0.230546
vt 0.621959 0.230502
vt 0.621995 0.230510
vt 0.622003 0.230546
vt 0.214210 0.496454
vt 0.214166 0.496517
vt 0.214148 0.496517
vt 0.214148 0.496499
vt 0.214210 0.499603
vt 0.214148 0.499558
vt 0.214148 0.499540
vt 0.214166 0.499540
vt 0.211065 0.499602
vt 0.211110 0.499539
vt 0.211129 0.499539
vt 0.211129 0.499557
vt 0.211065 0.496454
vt 0.211129 0.496498
vt 0.211129 0.496517
vt 0.211110 0.496517
vt 0.658178 0.240566
vt 0.658178 0.238838
vt 0.658197 0.238830
vt 0.658197 0.240574
vt 0.215723 0.494940
vt 0.215722 0.494895
vt 0.215758 0.494903
vt 0.215767 0.494940
vt 0.218496 0.613448
vt 0.218496 0.613493
vt 0.218460 0.613485
vt 0.218451 0.613448
vt 0.611703 0.240478
vt 0.611658 0.240478
vt 0.611665 0.240442
vt 0.611702 0.240434
vt 0.611703 0.246655
vt 0.611702 0.246700
vt 0.611665 0.246692
vt 0.611658 0.246655
vt 0.615565 0.257191
vt 0.615609 0.257191
vt 0.615601 0.257227
vt 0.615564 0.257236
vt 0.215723 0.501118
vt 0.215767 0.501118
vt 0.215758 0.501154
vt 0.215722 0.501162
vt 0.615565 0.251014
vt 0.615564 0.250970
vt 0.615601 0.250977
vt 0.615609 0.251014
vt 0.616674 0.244664
vt 0.616719 0.244664
vt 0.616710 0.244700
vt 0.616674 0.244708
vt 0.209551 0.501117
vt 0.209551 0.501161
vt 0.209514 0.501153
vt 0.209506 0.501117
vt 0.532494 0.235299
vt 0.532538 0.235299
vt 0.532530 0.235335
vt 0.532494 0.235344
vt 0.218496 0.607271
vt 0.218451 0.607271
vt 0.218460 0.607235
vt 0.218496 0.607227
vt 0.209551 0.494939
vt 0.209506 0.494939
vt 0.209514 0.494902
vt 0.209551 0.494894
vt 0.520814 0.224245
vt 0.520878 0.224290
vt 0.520879 0.224309
vt 0.520860 0.224309
vt 0.623661 0.246470
vt 0.623661 0.248220
vt 0.623642 0.248211
vt 0.623642 0.246478
vt 0.613917 0.248219
vt 0.613917 0.246470
vt 0.613935 0.246478
vt 0.613935 0.248211
vt 0.657558 0.251510
vt 0.657558 0.253238
vt 0.657540 0.253247
vt 0.657540 0.251502
vt 0.637389 0.246848
vt 0.637389 0.248581
vt 0.637371 0.248589
vt 0.637371 0.246840
vt 0.520814 0.227394
vt 0.520860 0.227331
vt 0.520879 0.227331
vt 0.520878 0.227349
vt 0.615671 0.246470
vt 0.615671 0.248219
vt 0.615652 0.248211
vt 0.615652 0.246478
vt 0.625378 0.248220
vt 0.625378 0.246470
vt 0.625396 0.246478
vt 0.625396 0.248211
vt 0.523953 0.227391
vt 0.523891 0.227347
vt 0.523892 0.227329
vt 0.523910 0.227329
vt 0.646048 0.248581
vt 0.646048 0.246848
vt 0.646067 0.246840
vt 0.646067 0.248589
vt 0.523953 0.224243
vt 0.523910 0.224306
vt 0.523892 0.224306
vt 0.523891 0.224288
vt 0.587004 0.251016
vt 0.587002 0.250972
vt 0.587038 0.250980
vt 0.587047 0.251016
vt 0.588402 0.246633
vt 0.588447 0.246633
vt 0.588439 0.246670
vt 0.588402 0.246678
vt 0.519319 0.222747
vt 0.519273 0.222747
vt 0.519280 0.222710
vt 0.519317 0.222702
vt 0.587004 0.257163
vt 0.587047 0.257163
vt 0.587038 0.257200
vt 0.587002 0.257208
vt 0.519319 0.228894
vt 0.519317 0.228939
vt 0.519280 0.228931
vt 0.519273 0.228894
vt 0.588178 0.238680
vt 0.588178 0.238724
vt 0.588142 0.238716
vt 0.588134 0.238680
vt 0.202691 0.496121
vt 0.202691 0.496077
vt 0.202727 0.496085
vt 0.202735 0.496121
vt 0.525448 0.228890
vt 0.525491 0.228890
vt 0.525482 0.228926
vt 0.525447 0.228934
vt 0.585313 0.246633
vt 0.585314 0.246678
vt 0.585277 0.246670
vt 0.585269 0.246633
vt 0.585313 0.240486
vt 0.585269 0.240486
vt 0.585277 0.240449
vt 0.585314 0.240441
vt 0.525448 0.222742
vt 0.525447 0.222698
vt 0.525482 0.222706
vt 0.525491 0.222742
vt 0.199810 0.512980
vt 0.199766 0.512980
vt 0.199774 0.512944
vt 0.199810 0.512936
vt 0.586364 0.251015
vt 0.586318 0.251015
vt 0.586326 0.250979
vt 0.586363 0.250971
vt 0.529909 0.237441
vt 0.529908 0.237396
vt 0.529944 0.237404
vt 0.529952 0.237441
vt 0.587761 0.246633
vt 0.587761 0.246678
vt 0.587724 0.246670
vt 0.587716 0.246633
vt 0.586364 0.257162
vt 0.586363 0.257207
vt 0.586326 0.257199
vt 0.586318 0.257162
vt 0.588820 0.238680
vt 0.588864 0.238680
vt 0.588856 0.238716
vt 0.588820 0.238724
vt 0.529909 0.243588
vt 0.529952 0.243588
vt 0.529944 0.243625
vt 0.529908 0.243633
vt 0.202691 0.496763
vt 0.202735 0.496763
vt 0.202727 0.496799
vt 0.202691 0.496807
vt 0.585955 0.246634
vt 0.585999 0.246633
vt 0.585991 0.246670
vt 0.585955 0.246678
vt 0.625527 0.244708
vt 0.625526 0.244752
vt 0.625490 0.244744
vt 0.625482 0.244708
vt 0.585955 0.240486
vt 0.585955 0.240441
vt 0.585991 0.240449
vt 0.585999 0.240486
vt 0.199810 0.513621
vt 0.199810 0.513666
vt 0.199774 0.513658
vt 0.199766 0.513621
vt 0.625527 0.238560
vt 0.625482 0.238560
vt 0.625490 0.238524
vt 0.625526 0.238516
vt 0.630157 0.250982
vt 0.630201 0.250983
vt 0.616674 0.238486
vt 0.616719 0.238486
vt 0.218994 0.607271
vt 0.218994 0.607227
vt 0.532538 0.234801
vt 0.532494 0.234801
vt 0.615067 0.251014
vt 0.615067 0.250970
vt 0.616176 0.244708
vt 0.616176 0.244664
vt 0.615067 0.257191
vt 0.615067 0.257236
vt 0.612198 0.246700
vt 0.612200 0.246656
vt 0.218994 0.613448
vt 0.218994 0.613493
vt 0.612198 0.240434
vt 0.612200 0.240478
vt 0.572654 0.250870
vt 0.570910 0.250868
vt 0.570910 0.247846
vt 0.572654 0.247849
vt 0.513714 0.254408
vt 0.515463 0.254408
vt 0.515463 0.257430
vt 0.513714 0.257430
vt 0.374702 0.254437
vt 0.376451 0.254437
vt 0.376451 0.257460
vt 0.374702 0.257459
vt 0.214722 0.513890
vt 0.212973 0.513890
vt 0.212973 0.510868
vt 0.214722 0.510868
vt 0.588134 0.232533
vt 0.588178 0.232533
vt 0.588447 0.240487
vt 0.588402 0.240487
vt 0.588820 0.232533
vt 0.588864 0.232533
vt 0.523766 0.243632
vt 0.523767 0.243587
vt 0.587761 0.240487
vt 0.587716 0.240487
vt 0.523766 0.237395
vt 0.523767 0.237440
vt 0.616176 0.238486
vt 0.521974 0.251590
vt 0.515832 0.251589
vt 0.515832 0.245441
vt 0.521974 0.245442
vt 0.623722 0.244708
vt 0.623765 0.244708
vt 0.623756 0.244744
vt 0.623720 0.244752
vt 0.503418 0.228925
vt 0.503416 0.228969
vt 0.503380 0.228961
vt 0.503372 0.228925
vt 0.620242 0.236724
vt 0.620242 0.236768
vt 0.620205 0.236760
vt 0.620197 0.236723
vt 0.620242 0.230547
vt 0.620197 0.230546
vt 0.620205 0.230510
vt 0.620242 0.230502
vt 0.509578 0.228920
vt 0.509621 0.228920
vt 0.509612 0.228956
vt 0.509576 0.228965
vt 0.618480 0.236724
vt 0.618480 0.236769
vt 0.618444 0.236761
vt 0.618436 0.236724
vt 0.623722 0.238530
vt 0.623720 0.238486
vt 0.623756 0.238495
vt 0.623765 0.238531
vt 0.621347 0.257190
vt 0.621392 0.257191
vt 0.621383 0.257227
vt 0.621347 0.257235
vt 0.503418 0.222747
vt 0.503372 0.222747
vt 0.503380 0.222710
vt 0.503416 0.222702
vt 0.618480 0.230547
vt 0.618436 0.230546
vt 0.618444 0.230510
vt 0.618480 0.230502
vt 0.509578 0.222742
vt 0.509576 0.222698
vt 0.509612 0.222706
vt 0.509621 0.222742
vt 0.621347 0.251014
vt 0.621347 0.250969
vt 0.621383 0.250978
vt 0.621392 0.251014
vt 0.479727 0.246972
vt 0.479684 0.247035
vt 0.479666 0.247035
vt 0.479665 0.247017
vt 0.479727 0.250121
vt 0.479665 0.250076
vt 0.479666 0.250058
vt 0.479684 0.250058
vt 0.476582 0.250120
vt 0.476628 0.250057
vt 0.476646 0.250057
vt 0.476646 0.250076
vt 0.476582 0.246972
vt 0.476646 0.247016
vt 0.476646 0.247035
vt 0.476628 0.247035
vt 0.658164 0.236410
vt 0.658164 0.234682
vt 0.658183 0.234674
vt 0.658183 0.236419
vt 0.481241 0.245458
vt 0.481240 0.245413
vt 0.481276 0.245421
vt 0.481284 0.245458
vt 0.616221 0.236724
vt 0.616221 0.236769
vt 0.616184 0.236761
vt 0.616176 0.236724
vt 0.612853 0.251014
vt 0.612808 0.251014
vt 0.612815 0.250978
vt 0.612852 0.250969
vt 0.612853 0.257191
vt 0.612852 0.257236
vt 0.612815 0.257228
vt 0.612808 0.257191
vt 0.614415 0.236725
vt 0.614459 0.236724
vt 0.614451 0.236761
vt 0.614415 0.236769
vt 0.481241 0.251636
vt 0.481284 0.251636
vt 0.481276 0.251672
vt 0.481240 0.251680
vt 0.614415 0.230548
vt 0.614415 0.230503
vt 0.614451 0.230511
vt 0.614459 0.230547
vt 0.611046 0.257192
vt 0.611090 0.257192
vt 0.611082 0.257228
vt 0.611046 0.257237
vt 0.475069 0.251635
vt 0.475068 0.251679
vt 0.475031 0.251671
vt 0.475024 0.251635
vt 0.611046 0.251014
vt 0.611046 0.250969
vt 0.611082 0.250978
vt 0.611090 0.251014
vt 0.534299 0.235299
vt 0.534300 0.235344
vt 0.534264 0.235335
vt 0.534255 0.235299
vt 0.475069 0.245457
vt 0.475024 0.245457
vt 0.475031 0.245420
vt 0.475068 0.245412
vt 0.517372 0.238943
vt 0.517436 0.238988
vt 0.517437 0.239006
vt 0.517418 0.239006
vt 0.630603 0.246470
vt 0.630603 0.248220
vt 0.630584 0.248211
vt 0.630584 0.246478
vt 0.618436 0.248220
vt 0.618436 0.246470
vt 0.618454 0.246478
vt 0.618454 0.248211
vt 0.657558 0.254972
vt 0.657558 0.256700
vt 0.657540 0.256708
vt 0.657540 0.254964
vt 0.640860 0.246848
vt 0.640860 0.248581
vt 0.640842 0.248589
vt 0.640842 0.246840
vt 0.517372 0.242091
vt 0.517418 0.242028
vt 0.517437 0.242028
vt 0.517436 0.242047
vt 0.620190 0.246470
vt 0.620190 0.248220
vt 0.620171 0.248211
vt 0.620171 0.246478
vt 0.628849 0.248220
vt 0.628849 0.246470
vt 0.628867 0.246478
vt 0.628867 0.248211
vt 0.520511 0.242089
vt 0.520450 0.242045
vt 0.520450 0.242026
vt 0.520468 0.242026
vt 0.642577 0.248581
vt 0.642577 0.246848
vt 0.642596 0.246840
vt 0.642596 0.248589
vt 0.520511 0.238941
vt 0.520468 0.239004
vt 0.520450 0.239004
vt 0.520450 0.238985
vt 0.597909 0.249380
vt 0.597907 0.249335
vt 0.597943 0.249344
vt 0.597952 0.249380
vt 0.598666 0.246588
vt 0.598710 0.246588
vt 0.598702 0.246625
vt 0.598665 0.246633
vt 0.515877 0.237445
vt 0.515831 0.237444
vt 0.515839 0.237408
vt 0.515876 0.237400
vt 0.597909 0.255526
vt 0.597952 0.255527
vt 0.597943 0.255563
vt 0.597907 0.255571
vt 0.515877 0.243592
vt 0.515876 0.243636
vt 0.515839 0.243628
vt 0.515831 0.243592
vt 0.595666 0.246633
vt 0.595666 0.246677
vt 0.595630 0.246669
vt 0.595622 0.246632
vt 0.595666 0.240486
vt 0.595622 0.240486
vt 0.595630 0.240449
vt 0.595666 0.240441
vt 0.522006 0.243587
vt 0.522049 0.243587
vt 0.522040 0.243623
vt 0.522005 0.243632
vt 0.593672 0.237088
vt 0.593672 0.237132
vt 0.593636 0.237124
vt 0.593628 0.237088
vt 0.593672 0.230940
vt 0.593628 0.230940
vt 0.593636 0.230904
vt 0.593672 0.230896
vt 0.522006 0.237440
vt 0.522005 0.237395
vt 0.522040 0.237403
vt 0.522049 0.237440
vt 0.529014 0.234846
vt 0.528970 0.234846
vt 0.528978 0.234809
vt 0.529015 0.234801
vt 0.624916 0.251014
vt 0.624870 0.251014
vt 0.624878 0.250978
vt 0.624915 0.250969
vt 0.514071 0.237444
vt 0.514070 0.237400
vt 0.514106 0.237408
vt 0.514114 0.237444
vt 0.627289 0.236692
vt 0.627289 0.236737
vt 0.627253 0.236729
vt 0.627245 0.236693
vt 0.624916 0.257161
vt 0.624915 0.257205
vt 0.624878 0.257197
vt 0.624870 0.257161
vt 0.629006 0.244707
vt 0.629050 0.244707
vt 0.629042 0.244743
vt 0.629006 0.244751
vt 0.514071 0.243592
vt 0.514114 0.243592
vt 0.514106 0.243628
vt 0.514070 0.243636
vt 0.629006 0.238561
vt 0.629006 0.238516
vt 0.629042 0.238524
vt 0.629050 0.238560
vt 0.627244 0.244708
vt 0.627289 0.244708
vt 0.627281 0.244744
vt 0.627244 0.244752
vt 0.507929 0.243591
vt 0.507928 0.243635
vt 0.507892 0.243627
vt 0.507884 0.243591
vt 0.627244 0.238560
vt 0.627244 0.238516
vt 0.627281 0.238524
vt 0.627289 0.238560
vt 0.627289 0.230546
vt 0.627245 0.230546
vt 0.627253 0.230510
vt 0.627289 0.230502
vt 0.507929 0.237443
vt 0.507884 0.237443
vt 0.507892 0.237407
vt 0.507928 0.237398
vt 0.616221 0.230547
vt 0.616176 0.230548
vt 0.534300 0.234801
vt 0.534256 0.234801
vt 0.610548 0.250969
vt 0.610548 0.251014
vt 0.613917 0.230548
vt 0.613917 0.230503
vt 0.610548 0.257237
vt 0.610548 0.257192
vt 0.613917 0.236725
vt 0.613917 0.236769
vt 0.613348 0.257236
vt 0.613350 0.257192
vt 0.616719 0.236724
vt 0.616718 0.236769
vt 0.613348 0.250970
vt 0.613350 0.251014
vt 0.576116 0.250870
vt 0.574371 0.250868
vt 0.574371 0.247846
vt 0.576116 0.247849
vt 0.517181 0.254408
vt 0.518930 0.254408
vt 0.518930 0.257430
vt 0.517181 0.257430
vt 0.378168 0.254437
vt 0.379918 0.254437
vt 0.379918 0.257460
vt 0.378168 0.257459
vt 0.480013 0.257219
vt 0.478263 0.257218
vt 0.478263 0.254197
vt 0.480013 0.254197
vt 0.598710 0.240442
vt 0.598666 0.240441
vt 0.597269 0.249379
vt 0.597268 0.249334
vt 0.598024 0.246633
vt 0.598024 0.246588
vt 0.594313 0.230940
vt 0.594313 0.230896
vt 0.528970 0.235487
vt 0.529015 0.235487
vt 0.594313 0.237088
vt 0.594313 0.237132
vt 0.596307 0.240441
vt 0.596307 0.240486
vt 0.597269 0.255525
vt 0.597268 0.255570
vt 0.596307 0.246677
vt 0.596307 0.246633
vt 0.616719 0.230547
vt 0.598024 0.240441
vt 0.537445 0.255751
vt 0.537416 0.255803
vt 0.537380 0.255774
vt 0.537394 0.255728
vt 0.583497 0.245560
vt 0.583552 0.245559
vt 0.583542 0.245665
vt 0.583497 0.245690
vt 0.428080 0.238453
vt 0.428081 0.238321
vt 0.428126 0.238346
vt 0.428136 0.238454
vt 0.583497 0.233497
vt 0.583497 0.233363
vt 0.583542 0.233386
vt 0.583552 0.233495
vt 0.534555 0.233033
vt 0.534602 0.233004
vt 0.534615 0.233048
vt 0.534580 0.233080
vt 0.428080 0.250551
vt 0.428136 0.250551
vt 0.428126 0.250659
vt 0.428081 0.250684
vt 0.422373 0.238454
vt 0.422303 0.238454
vt 0.422293 0.238346
vt 0.422313 0.238322
vt 0.422244 0.238453
vt 0.422262 0.238322
vt 0.540230 0.250650
vt 0.540150 0.250679
vt 0.540137 0.250652
vt 0.540148 0.250621
vt 0.531771 0.227918
vt 0.531850 0.227884
vt 0.531858 0.227913
vt 0.531847 0.227942
vt 0.422244 0.250552
vt 0.422303 0.250552
vt 0.422293 0.250660
vt 0.422262 0.250684
vt 0.422373 0.250552
vt 0.422313 0.250684
vt 0.462820 0.225140
vt 0.462801 0.225009
vt 0.462847 0.224961
vt 0.462872 0.224972
vt 0.462755 0.224956
vt 0.462857 0.224907
vt 0.462936 0.224785
vt 0.462936 0.232975
vt 0.462857 0.232857
vt 0.462847 0.232801
vt 0.462872 0.232790
vt 0.462755 0.232807
vt 0.462801 0.232750
vt 0.462820 0.232617
vt 0.606055 0.240611
vt 0.606148 0.240562
vt 0.606137 0.240616
vt 0.606086 0.240666
vt 0.606210 0.240441
vt 0.606158 0.240623
vt 0.606099 0.240799
vt 0.606055 0.248484
vt 0.606086 0.248429
vt 0.606137 0.248480
vt 0.606148 0.248534
vt 0.606099 0.248297
vt 0.606158 0.248473
vt 0.606210 0.248655
vt 0.481785 0.257219
vt 0.481730 0.257215
vt 0.481740 0.257168
vt 0.481785 0.257159
vt 0.384070 0.238509
vt 0.384015 0.238509
vt 0.384025 0.238401
vt 0.384070 0.238376
vt 0.580007 0.245560
vt 0.580007 0.245690
vt 0.579961 0.245666
vt 0.579951 0.245559
vt 0.580007 0.233497
vt 0.579951 0.233495
vt 0.579961 0.233386
vt 0.580007 0.233363
vt 0.384070 0.250606
vt 0.384070 0.250739
vt 0.384025 0.250714
vt 0.384015 0.250606
vt 0.645831 0.244653
vt 0.645831 0.244706
vt 0.645785 0.244695
vt 0.645775 0.244651
vt 0.389900 0.238322
vt 0.389960 0.238375
vt 0.389927 0.238400
vt 0.389881 0.238376
vt 0.389993 0.238505
vt 0.389933 0.238507
vt 0.389862 0.238509
vt 0.389862 0.250606
vt 0.389933 0.250608
vt 0.389927 0.250715
vt 0.389881 0.250739
vt 0.389993 0.250610
vt 0.389960 0.250740
vt 0.389900 0.250793
vt 0.604338 0.238724
vt 0.604275 0.238607
vt 0.604264 0.238552
vt 0.604285 0.238541
vt 0.604181 0.238558
vt 0.604212 0.238503
vt 0.604225 0.238370
vt 0.604225 0.230872
vt 0.604212 0.230740
vt 0.604264 0.230691
vt 0.604285 0.230702
vt 0.604181 0.230685
vt 0.604275 0.230636
vt 0.604338 0.230518
vt 0.452631 0.225017
vt 0.452585 0.225072
vt 0.452538 0.225023
vt 0.452528 0.224968
vt 0.452565 0.225204
vt 0.452514 0.225034
vt 0.452451 0.224850
vt 0.452631 0.232889
vt 0.452528 0.232938
vt 0.452538 0.232884
vt 0.452585 0.232835
vt 0.452451 0.233056
vt 0.452514 0.232873
vt 0.452565 0.232703
vt 0.459458 0.233152
vt 0.459509 0.233027
vt 0.427922 0.252511
vt 0.427922 0.256558
vt 0.427868 0.256477
vt 0.427869 0.252598
vt 0.459458 0.224961
vt 0.459509 0.225077
vt 0.633715 0.250886
vt 0.633715 0.246840
vt 0.633774 0.246924
vt 0.633774 0.250802
vt 0.384071 0.238321
vt 0.645775 0.238845
vt 0.645831 0.238830
vt 0.427868 0.252598
vt 0.427811 0.256562
vt 0.427811 0.252511
vt 0.455903 0.224950
vt 0.455955 0.224832
vt 0.633774 0.246924
vt 0.633826 0.246840
vt 0.633826 0.250889
vt 0.455903 0.232920
vt 0.455955 0.233038
vt 0.546670 0.246012
vt 0.548373 0.230262
vt 0.604181 0.238558
vt 0.604181 0.230685
vt 0.550090 0.230262
vt 0.553893 0.234896
vt 0.553923 0.234261
vt 0.553983 0.234262
vt 0.553954 0.234865
vt 0.554036 0.234265
vt 0.554011 0.234791
vt 0.554008 0.233722
vt 0.554064 0.233751
vt 0.554107 0.233823
vt 0.554136 0.233363
vt 0.554185 0.233411
vt 0.554212 0.233528
vt 0.537428 0.245441
vt 0.537560 0.245668
vt 0.537504 0.245691
vt 0.537380 0.245476
vt 0.463466 0.234895
vt 0.463257 0.235025
vt 0.463286 0.234893
vt 0.463467 0.234780
vt 0.534447 0.222937
vt 0.534570 0.222698
vt 0.534615 0.222727
vt 0.534498 0.222954
vt 0.463257 0.222698
vt 0.463466 0.222807
vt 0.463467 0.222925
vt 0.463286 0.222830
vt 0.554136 0.245581
vt 0.554008 0.245220
vt 0.554064 0.245191
vt 0.554185 0.245533
vt 0.554107 0.245120
vt 0.554212 0.245416
vt 0.553923 0.244680
vt 0.553983 0.244679
vt 0.554036 0.244676
vt 0.553893 0.244044
vt 0.553954 0.244075
vt 0.554011 0.244150
vt 0.456329 0.222698
vt 0.456551 0.222823
vt 0.456516 0.222871
vt 0.456305 0.222752
vt 0.456491 0.222986
vt 0.456308 0.222882
vt 0.456739 0.223182
vt 0.456694 0.223211
vt 0.456647 0.223282
vt 0.456865 0.223721
vt 0.456814 0.223722
vt 0.456751 0.223725
vt 0.456909 0.224356
vt 0.456856 0.224325
vt 0.456788 0.224251
vt 0.456909 0.233504
vt 0.456865 0.234140
vt 0.456814 0.234139
vt 0.456856 0.233535
vt 0.456751 0.234136
vt 0.456788 0.233609
vt 0.456739 0.234680
vt 0.456694 0.234651
vt 0.456647 0.234580
vt 0.456551 0.235041
vt 0.456516 0.234993
vt 0.456491 0.234877
vt 0.638090 0.251281
vt 0.638095 0.251550
vt 0.638038 0.251541
vt 0.638033 0.251285
vt 0.456305 0.235115
vt 0.456308 0.234983
vt 0.458626 0.235261
vt 0.458693 0.235128
vt 0.451618 0.222905
vt 0.451610 0.222776
vt 0.649357 0.230761
vt 0.649357 0.236394
vt 0.649305 0.236419
vt 0.649305 0.230767
vt 0.458693 0.223063
vt 0.458626 0.222933
vt 0.451618 0.235010
vt 0.451610 0.235140
vt 0.638033 0.257177
vt 0.638091 0.257204
vt 0.463393 0.234026
vt 0.463393 0.223687
vt 0.463762 0.224171
vt 0.463762 0.233504
vt 0.456417 0.223749
vt 0.456417 0.234116
vt 0.463725 0.234030
vt 0.463621 0.234478
vt 0.463725 0.223649
vt 0.463621 0.223212
vt 0.537445 0.243672
vt 0.537416 0.243724
vt 0.537380 0.243695
vt 0.537394 0.243649
vt 0.581725 0.245560
vt 0.581780 0.245559
vt 0.581769 0.245665
vt 0.581724 0.245690
vt 0.428111 0.222830
vt 0.428111 0.222698
vt 0.428157 0.222722
vt 0.428167 0.222830
vt 0.581725 0.233497
vt 0.581724 0.233363
vt 0.581769 0.233386
vt 0.581780 0.233495
vt 0.535603 0.255777
vt 0.535651 0.255748
vt 0.535663 0.255792
vt 0.535628 0.255823
vt 0.428111 0.234927
vt 0.428167 0.234927
vt 0.428157 0.235036
vt 0.428111 0.235060
vt 0.422404 0.222830
vt 0.422333 0.222830
vt 0.422323 0.222722
vt 0.422344 0.222698
vt 0.422275 0.222829
vt 0.422293 0.222698
vt 0.540230 0.238571
vt 0.540150 0.238601
vt 0.540137 0.238574
vt 0.540148 0.238543
vt 0.532819 0.250662
vt 0.532898 0.250628
vt 0.532907 0.250657
vt 0.532896 0.250686
vt 0.422275 0.234928
vt 0.422333 0.234928
vt 0.422323 0.235036
vt 0.422293 0.235060
vt 0.422404 0.234928
vt 0.422344 0.235060
vt 0.458399 0.240764
vt 0.458380 0.240633
vt 0.458427 0.240585
vt 0.458451 0.240596
vt 0.458334 0.240580
vt 0.458437 0.240530
vt 0.458515 0.240409
vt 0.458515 0.248599
vt 0.458437 0.248481
vt 0.458427 0.248425
vt 0.458451 0.248414
vt 0.458334 0.248431
vt 0.458380 0.248374
vt 0.458399 0.248241
vt 0.606055 0.230681
vt 0.606147 0.230631
vt 0.606137 0.230685
vt 0.606086 0.230736
vt 0.606210 0.230511
vt 0.606158 0.230692
vt 0.606099 0.230868
vt 0.606055 0.238553
vt 0.606086 0.238499
vt 0.606137 0.238549
vt 0.606147 0.238604
vt 0.606099 0.238366
vt 0.606158 0.238543
vt 0.606210 0.238724
vt 0.483557 0.257219
vt 0.483502 0.257219
vt 0.483508 0.257171
vt 0.483553 0.257159
vt 0.384100 0.222885
vt 0.384045 0.222885
vt 0.384056 0.222777
vt 0.384101 0.222753
vt 0.578234 0.245560
vt 0.578234 0.245690
vt 0.578188 0.245665
vt 0.578178 0.245559
vt 0.578234 0.233497
vt 0.578178 0.233495
vt 0.578188 0.233386
vt 0.578234 0.233363
vt 0.384100 0.234983
vt 0.384101 0.235115
vt 0.384056 0.235091
vt 0.384045 0.234983
vt 0.645816 0.236369
vt 0.645816 0.236422
vt 0.645771 0.236411
vt 0.645760 0.236367
vt 0.389930 0.222698
vt 0.389991 0.222752
vt 0.389958 0.222776
vt 0.389911 0.222753
vt 0.390024 0.222881
vt 0.389964 0.222883
vt 0.389893 0.222885
vt 0.389893 0.234983
vt 0.389964 0.234984
vt 0.389958 0.235092
vt 0.389911 0.235115
vt 0.390024 0.234986
vt 0.389991 0.235116
vt 0.389930 0.235170
vt 0.604338 0.248647
vt 0.604275 0.248530
vt 0.604264 0.248475
vt 0.604285 0.248464
vt 0.604181 0.248481
vt 0.604212 0.248426
vt 0.604225 0.248294
vt 0.604225 0.240795
vt 0.604212 0.240663
vt 0.604264 0.240614
vt 0.604285 0.240625
vt 0.604181 0.240608
vt 0.604275 0.240559
vt 0.604338 0.240441
vt 0.448210 0.240641
vt 0.448164 0.240696
vt 0.448118 0.240646
vt 0.448108 0.240592
vt 0.448145 0.240828
vt 0.448093 0.240657
vt 0.448030 0.240474
vt 0.448210 0.248513
vt 0.448108 0.248562
vt 0.448118 0.248508
vt 0.448164 0.248459
vt 0.448030 0.248680
vt 0.448093 0.248497
vt 0.448145 0.248326
vt 0.455037 0.248776
vt 0.455088 0.248651
vt 0.452350 0.252563
vt 0.452350 0.256611
vt 0.452296 0.256529
vt 0.452297 0.252650
vt 0.455037 0.240585
vt 0.455088 0.240701
vt 0.635543 0.250886
vt 0.635543 0.246840
vt 0.635602 0.246924
vt 0.635602 0.250802
vt 0.384102 0.222698
vt 0.645760 0.230561
vt 0.645816 0.230546
vt 0.452296 0.252650
vt 0.452239 0.256614
vt 0.452239 0.252563
vt 0.451482 0.240574
vt 0.451534 0.240456
vt 0.635602 0.246924
vt 0.635654 0.246840
vt 0.635654 0.250889
vt 0.451482 0.248544
vt 0.451534 0.248661
vt 0.551807 0.230262
vt 0.553524 0.230262
vt 0.604181 0.248481
vt 0.604181 0.240608
vt 0.555241 0.230262
vt 0.551857 0.234896
vt 0.551887 0.234260
vt 0.551947 0.234262
vt 0.551918 0.234865
vt 0.552000 0.234265
vt 0.551975 0.234791
vt 0.551973 0.233722
vt 0.552028 0.233751
vt 0.552071 0.233822
vt 0.552100 0.233363
vt 0.552149 0.233411
vt 0.552176 0.233528
vt 0.537428 0.233363
vt 0.537560 0.233590
vt 0.537505 0.233612
vt 0.537380 0.233397
vt 0.459045 0.250519
vt 0.458836 0.250649
vt 0.458865 0.250517
vt 0.459046 0.250404
vt 0.535495 0.245681
vt 0.535618 0.245441
vt 0.535663 0.245471
vt 0.535546 0.245698
vt 0.458836 0.238321
vt 0.459045 0.238431
vt 0.459046 0.238549
vt 0.458865 0.238454
vt 0.552100 0.245582
vt 0.551973 0.245220
vt 0.552028 0.245191
vt 0.552149 0.245533
vt 0.552071 0.245120
vt 0.552176 0.245416
vt 0.551887 0.244680
vt 0.551947 0.244679
vt 0.552000 0.244676
vt 0.551857 0.244044
vt 0.551918 0.244075
vt 0.551975 0.244150
vt 0.451908 0.238321
vt 0.452130 0.238447
vt 0.452095 0.238494
vt 0.451884 0.238375
vt 0.452071 0.238610
vt 0.451888 0.238506
vt 0.452319 0.238806
vt 0.452274 0.238835
vt 0.452226 0.238906
vt 0.452444 0.239344
vt 0.452393 0.239346
vt 0.452331 0.239349
vt 0.452489 0.239980
vt 0.452435 0.239949
vt 0.452368 0.239875
vt 0.452489 0.249128
vt 0.452444 0.249764
vt 0.452393 0.249763
vt 0.452435 0.249159
vt 0.452331 0.249759
vt 0.452368 0.249233
vt 0.452319 0.250304
vt 0.452274 0.250275
vt 0.452226 0.250204
vt 0.452130 0.250665
vt 0.452095 0.250617
vt 0.452071 0.250501
vt 0.636942 0.230502
vt 0.636947 0.230771
vt 0.636889 0.230762
vt 0.636885 0.230507
vt 0.451884 0.250738
vt 0.451888 0.250607
vt 0.454206 0.250885
vt 0.454273 0.250752
vt 0.447198 0.238529
vt 0.447189 0.238400
vt 0.649371 0.238830
vt 0.649371 0.244463
vt 0.649320 0.244488
vt 0.649320 0.238836
vt 0.454273 0.238687
vt 0.454206 0.238557
vt 0.447198 0.250634
vt 0.447189 0.250764
vt 0.636885 0.236398
vt 0.636942 0.236425
vt 0.458972 0.249649
vt 0.458972 0.239311
vt 0.459341 0.239795
vt 0.459341 0.249128
vt 0.451996 0.239373
vt 0.451996 0.249740
vt 0.459304 0.249654
vt 0.459200 0.250102
vt 0.459304 0.239273
vt 0.459200 0.238836
vt 0.527269 0.233036
vt 0.527242 0.233084
vt 0.527208 0.233053
vt 0.527220 0.233009
vt 0.574636 0.245591
vt 0.574689 0.245591
vt 0.574678 0.245699
vt 0.574634 0.245723
vt 0.407114 0.250611
vt 0.407113 0.250743
vt 0.407067 0.250719
vt 0.407057 0.250611
vt 0.574636 0.233495
vt 0.574634 0.233363
vt 0.574678 0.233387
vt 0.574689 0.233495
vt 0.541395 0.230206
vt 0.541450 0.230207
vt 0.541440 0.230252
vt 0.541395 0.230262
vt 0.407114 0.238514
vt 0.407057 0.238513
vt 0.407067 0.238405
vt 0.407113 0.238381
vt 0.412806 0.250607
vt 0.412877 0.250607
vt 0.412886 0.250715
vt 0.412865 0.250739
vt 0.412938 0.250608
vt 0.412917 0.250739
vt 0.530054 0.227917
vt 0.529977 0.227942
vt 0.529966 0.227913
vt 0.529975 0.227884
vt 0.630767 0.244752
vt 0.630824 0.244688
vt 0.630846 0.244710
vt 0.630849 0.244740
vt 0.412938 0.238509
vt 0.412877 0.238509
vt 0.412886 0.238401
vt 0.412917 0.238377
vt 0.412806 0.238509
vt 0.412865 0.238377
vt 0.471959 0.240807
vt 0.471941 0.240674
vt 0.471989 0.240624
vt 0.472013 0.240636
vt 0.471897 0.240619
vt 0.471999 0.240569
vt 0.472076 0.240449
vt 0.472076 0.248661
vt 0.471999 0.248540
vt 0.471989 0.248485
vt 0.472013 0.248474
vt 0.471897 0.248490
vt 0.471941 0.248436
vt 0.471959 0.248304
vt 0.536491 0.230741
vt 0.536397 0.230791
vt 0.536407 0.230737
vt 0.536457 0.230686
vt 0.536332 0.230911
vt 0.536385 0.230730
vt 0.536443 0.230554
vt 0.536491 0.222869
vt 0.536457 0.222923
vt 0.536407 0.222873
vt 0.536397 0.222819
vt 0.536443 0.223056
vt 0.536385 0.222879
vt 0.536332 0.222698
vt 0.645133 0.257110
vt 0.645189 0.257109
vt 0.645178 0.257153
vt 0.645133 0.257164
vt 0.397631 0.250607
vt 0.397686 0.250607
vt 0.397675 0.250715
vt 0.397630 0.250739
vt 0.564052 0.245591
vt 0.564051 0.245723
vt 0.564005 0.245699
vt 0.563995 0.245591
vt 0.564052 0.233495
vt 0.563995 0.233495
vt 0.564005 0.233387
vt 0.564051 0.233363
vt 0.397631 0.238509
vt 0.397630 0.238377
vt 0.397675 0.238401
vt 0.397686 0.238509
vt 0.641643 0.257109
vt 0.641643 0.257166
vt 0.641597 0.257156
vt 0.641587 0.257111
vt 0.391804 0.250793
vt 0.391744 0.250739
vt 0.391778 0.250715
vt 0.391825 0.250738
vt 0.391710 0.250610
vt 0.391773 0.250608
vt 0.391844 0.250606
vt 0.391844 0.238508
vt 0.391773 0.238507
vt 0.391778 0.238400
vt 0.391825 0.238376
vt 0.391710 0.238505
vt 0.391744 0.238375
vt 0.391804 0.238321
vt 0.602304 0.240441
vt 0.602368 0.240559
vt 0.602380 0.240613
vt 0.602358 0.240624
vt 0.602463 0.240608
vt 0.602431 0.240663
vt 0.602418 0.240795
vt 0.602418 0.248293
vt 0.602431 0.248426
vt 0.602380 0.248475
vt 0.602358 0.248464
vt 0.602463 0.248480
vt 0.602368 0.248529
vt 0.602304 0.248647
vt 0.444442 0.248477
vt 0.444489 0.248422
vt 0.444535 0.248472
vt 0.444544 0.248526
vt 0.444508 0.248290
vt 0.444559 0.248461
vt 0.444622 0.248644
vt 0.444442 0.240605
vt 0.444544 0.240556
vt 0.444535 0.240611
vt 0.444489 0.240660
vt 0.444622 0.240438
vt 0.444559 0.240622
vt 0.444508 0.240792
vt 0.407108 0.238326
vt 0.412921 0.238321
vt 0.468741 0.248618
vt 0.468788 0.248499
vt 0.652918 0.238830
vt 0.652918 0.242878
vt 0.652862 0.242794
vt 0.652862 0.238915
vt 0.468741 0.240405
vt 0.468788 0.240527
vt 0.656392 0.236419
vt 0.656392 0.232370
vt 0.656447 0.232457
vt 0.656447 0.236336
vt 0.645189 0.251298
vt 0.645133 0.251281
vt 0.641587 0.251300
vt 0.641643 0.251281
vt 0.654690 0.244683
vt 0.654690 0.248562
vt 0.654635 0.248649
vt 0.654635 0.244598
vt 0.441138 0.248541
vt 0.441084 0.248659
vt 0.651088 0.242795
vt 0.651088 0.238916
vt 0.651144 0.238830
vt 0.651144 0.242881
vt 0.441138 0.240571
vt 0.441084 0.240453
vt 0.556958 0.230262
vt 0.558675 0.230262
vt 0.550140 0.244049
vt 0.550108 0.244685
vt 0.550049 0.244683
vt 0.550080 0.244080
vt 0.549994 0.244680
vt 0.550021 0.244155
vt 0.550015 0.245223
vt 0.549961 0.245193
vt 0.549917 0.245122
vt 0.549877 0.245581
vt 0.549830 0.245533
vt 0.549803 0.245416
vt 0.527254 0.222698
vt 0.527379 0.222935
vt 0.527327 0.222953
vt 0.527208 0.222728
vt 0.472582 0.250622
vt 0.472382 0.250740
vt 0.472411 0.250607
vt 0.472585 0.250505
vt 0.630767 0.239098
vt 0.630769 0.238833
vt 0.630825 0.238840
vt 0.630824 0.239091
vt 0.472382 0.238379
vt 0.472582 0.238502
vt 0.472585 0.238619
vt 0.472411 0.238512
vt 0.549877 0.233363
vt 0.550015 0.233725
vt 0.549961 0.233755
vt 0.549830 0.233412
vt 0.549917 0.233825
vt 0.549803 0.233529
vt 0.550108 0.234265
vt 0.550049 0.234267
vt 0.549994 0.234270
vt 0.550140 0.234902
vt 0.550080 0.234871
vt 0.550021 0.234796
vt 0.639812 0.251549
vt 0.639814 0.251281
vt 0.639870 0.251286
vt 0.639868 0.251540
vt 0.440732 0.250739
vt 0.440519 0.250620
vt 0.440543 0.250504
vt 0.440728 0.250608
vt 0.440484 0.250668
vt 0.440294 0.250308
vt 0.440339 0.250279
vt 0.440386 0.250209
vt 0.440167 0.249769
vt 0.440218 0.249768
vt 0.440281 0.249765
vt 0.440122 0.249134
vt 0.440175 0.249165
vt 0.440243 0.249239
vt 0.440122 0.239986
vt 0.440167 0.239350
vt 0.440218 0.239351
vt 0.440175 0.239955
vt 0.440281 0.239354
vt 0.440243 0.239881
vt 0.440294 0.238810
vt 0.440339 0.238839
vt 0.440386 0.238910
vt 0.440484 0.238449
vt 0.440519 0.238497
vt 0.440543 0.238613
vt 0.440708 0.238321
vt 0.440732 0.238376
vt 0.440728 0.238507
vt 0.467942 0.250682
vt 0.468008 0.250551
vt 0.445463 0.250590
vt 0.445472 0.250719
vt 0.639870 0.257177
vt 0.639814 0.257204
vt 0.468008 0.238454
vt 0.467942 0.238321
vt 0.445463 0.238485
vt 0.445472 0.238355
vt 0.647533 0.236397
vt 0.647533 0.230761
vt 0.647588 0.230768
vt 0.647588 0.236422
vt 0.472733 0.238916
vt 0.472832 0.239360
vt 0.472868 0.239886
vt 0.472868 0.249244
vt 0.472832 0.249770
vt 0.472733 0.250212
vt 0.528317 0.255780
vt 0.528291 0.255828
vt 0.528256 0.255797
vt 0.528269 0.255753
vt 0.576408 0.245591
vt 0.576461 0.245591
vt 0.576450 0.245699
vt 0.576406 0.245723
vt 0.407145 0.234987
vt 0.407143 0.235119
vt 0.407097 0.235095
vt 0.407088 0.234987
vt 0.576408 0.233495
vt 0.576406 0.233363
vt 0.576450 0.233387
vt 0.576461 0.233495
vt 0.541947 0.255864
vt 0.542002 0.255865
vt 0.541992 0.255911
vt 0.541947 0.255921
vt 0.407145 0.222890
vt 0.407088 0.222890
vt 0.407097 0.222782
vt 0.407143 0.222757
vt 0.412837 0.234983
vt 0.412908 0.234983
vt 0.412917 0.235091
vt 0.412895 0.235115
vt 0.412969 0.234984
vt 0.412947 0.235115
vt 0.531102 0.250660
vt 0.531025 0.250686
vt 0.531014 0.250657
vt 0.531023 0.250628
vt 0.630768 0.236421
vt 0.630824 0.236356
vt 0.630847 0.236378
vt 0.630850 0.236408
vt 0.412969 0.222886
vt 0.412908 0.222885
vt 0.412917 0.222777
vt 0.412947 0.222753
vt 0.412837 0.222886
vt 0.412895 0.222753
vt 0.476380 0.225183
vt 0.476361 0.225050
vt 0.476409 0.225000
vt 0.476434 0.225012
vt 0.476317 0.224995
vt 0.476420 0.224945
vt 0.476497 0.224825
vt 0.476497 0.233037
vt 0.476420 0.232917
vt 0.476409 0.232861
vt 0.476434 0.232850
vt 0.476317 0.232866
vt 0.476361 0.232812
vt 0.476380 0.232680
vt 0.600587 0.248485
vt 0.600492 0.248535
vt 0.600502 0.248481
vt 0.600553 0.248430
vt 0.600427 0.248655
vt 0.600480 0.248474
vt 0.600539 0.248297
vt 0.600587 0.240613
vt 0.600553 0.240667
vt 0.600502 0.240616
vt 0.600492 0.240562
vt 0.600539 0.240799
vt 0.600480 0.240623
vt 0.600427 0.240441
vt 0.644003 0.244658
vt 0.644058 0.244657
vt 0.644048 0.244702
vt 0.644002 0.244713
vt 0.397662 0.234983
vt 0.397717 0.234983
vt 0.397706 0.235091
vt 0.397661 0.235115
vt 0.565826 0.245591
vt 0.565825 0.245723
vt 0.565779 0.245699
vt 0.565769 0.245591
vt 0.565826 0.233495
vt 0.565769 0.233495
vt 0.565779 0.233387
vt 0.565825 0.233363
vt 0.397662 0.222885
vt 0.397661 0.222753
vt 0.397706 0.222778
vt 0.397717 0.222886
vt 0.640513 0.244658
vt 0.640513 0.244715
vt 0.640467 0.244705
vt 0.640457 0.244659
vt 0.391835 0.235169
vt 0.391775 0.235116
vt 0.391809 0.235091
vt 0.391856 0.235114
vt 0.391741 0.234986
vt 0.391803 0.234984
vt 0.391875 0.234982
vt 0.391875 0.222884
vt 0.391803 0.222883
vt 0.391809 0.222776
vt 0.391856 0.222752
vt 0.391741 0.222881
vt 0.391775 0.222751
vt 0.391835 0.222698
vt 0.602304 0.230518
vt 0.602368 0.230636
vt 0.602380 0.230690
vt 0.602358 0.230701
vt 0.602463 0.230685
vt 0.602431 0.230740
vt 0.602418 0.230872
vt 0.602418 0.238370
vt 0.602431 0.238503
vt 0.602380 0.238552
vt 0.602358 0.238541
vt 0.602463 0.238557
vt 0.602368 0.238606
vt 0.602304 0.238724
vt 0.448863 0.232854
vt 0.448909 0.232799
vt 0.448955 0.232848
vt 0.448965 0.232903
vt 0.448929 0.232666
vt 0.448980 0.232837
vt 0.449043 0.233020
vt 0.448863 0.224981
vt 0.448965 0.224932
vt 0.448955 0.224987
vt 0.448909 0.225036
vt 0.449043 0.224814
vt 0.448980 0.224998
vt 0.448929 0.225168
vt 0.407139 0.222702
vt 0.412951 0.222698
vt 0.473161 0.232994
vt 0.473208 0.232875
vt 0.652918 0.244601
vt 0.652918 0.248649
vt 0.652861 0.248565
vt 0.652861 0.244686
vt 0.473161 0.224782
vt 0.473208 0.224903
vt 0.655768 0.255550
vt 0.655768 0.251502
vt 0.655823 0.251589
vt 0.655823 0.255468
vt 0.644058 0.238847
vt 0.644002 0.238830
vt 0.640457 0.238849
vt 0.640513 0.238830
vt 0.654690 0.238915
vt 0.654690 0.242794
vt 0.654635 0.242880
vt 0.654635 0.238830
vt 0.445558 0.232917
vt 0.445505 0.233035
vt 0.651088 0.248564
vt 0.651088 0.244684
vt 0.651145 0.244598
vt 0.651144 0.248649
vt 0.445558 0.224947
vt 0.445505 0.224830
vt 0.560392 0.230262
vt 0.562109 0.230262
vt 0.199810 0.509687
vt 0.199778 0.510322
vt 0.199719 0.510321
vt 0.199750 0.509718
vt 0.199664 0.510317
vt 0.199691 0.509792
vt 0.199686 0.510860
vt 0.199631 0.510831
vt 0.199587 0.510760
vt 0.199548 0.511219
vt 0.199500 0.511171
vt 0.199473 0.511054
vt 0.528302 0.245441
vt 0.528427 0.245679
vt 0.528375 0.245697
vt 0.528256 0.245472
vt 0.477003 0.234998
vt 0.476802 0.235116
vt 0.476832 0.234983
vt 0.477006 0.234881
vt 0.630768 0.230767
vt 0.630770 0.230502
vt 0.630826 0.230508
vt 0.630824 0.230759
vt 0.476802 0.222756
vt 0.477003 0.222878
vt 0.477006 0.222995
vt 0.476832 0.222888
vt 0.199548 0.499000
vt 0.199686 0.499362
vt 0.199631 0.499392
vt 0.199500 0.499049
vt 0.199587 0.499463
vt 0.199473 0.499166
vt 0.199778 0.499903
vt 0.199719 0.499904
vt 0.199664 0.499907
vt 0.199810 0.500539
vt 0.199750 0.500508
vt 0.199691 0.500433
vt 0.640440 0.230770
vt 0.640442 0.230502
vt 0.640498 0.230507
vt 0.640496 0.230761
vt 0.445152 0.235115
vt 0.444940 0.234996
vt 0.444964 0.234880
vt 0.445148 0.234985
vt 0.444905 0.235044
vt 0.444715 0.234684
vt 0.444759 0.234655
vt 0.444807 0.234585
vt 0.444588 0.234146
vt 0.444638 0.234145
vt 0.444701 0.234141
vt 0.444543 0.233510
vt 0.444596 0.233541
vt 0.444664 0.233615
vt 0.444543 0.224362
vt 0.444588 0.223726
vt 0.444638 0.223728
vt 0.444596 0.224332
vt 0.444701 0.223731
vt 0.444664 0.224257
vt 0.444715 0.223186
vt 0.444759 0.223216
vt 0.444807 0.223286
vt 0.444905 0.222825
vt 0.444940 0.222873
vt 0.444964 0.222989
vt 0.445129 0.222698
vt 0.445152 0.222752
vt 0.445148 0.222883
vt 0.472362 0.235059
vt 0.472428 0.234927
vt 0.449884 0.234966
vt 0.449893 0.235096
vt 0.640498 0.236398
vt 0.640442 0.236425
vt 0.472428 0.222830
vt 0.472362 0.222698
vt 0.449884 0.222861
vt 0.449893 0.222731
vt 0.647548 0.244466
vt 0.647548 0.238830
vt 0.647602 0.238837
vt 0.647602 0.244491
vt 0.445039 0.234118
vt 0.445039 0.223751
vt 0.477153 0.223292
vt 0.477253 0.223737
vt 0.477288 0.224263
vt 0.477288 0.233621
vt 0.477253 0.234146
vt 0.477153 0.234588
vt 0.543222 0.230261
vt 0.543167 0.230262
vt 0.543177 0.230217
vt 0.543222 0.230206
vt 0.571144 0.233495
vt 0.571089 0.233495
vt 0.571099 0.233387
vt 0.571145 0.233363
vt 0.420474 0.238509
vt 0.420472 0.238377
vt 0.420516 0.238401
vt 0.420527 0.238509
vt 0.571144 0.245593
vt 0.571145 0.245725
vt 0.571099 0.245701
vt 0.571089 0.245593
vt 0.487044 0.246365
vt 0.486995 0.246391
vt 0.486982 0.246346
vt 0.487017 0.246316
vt 0.420468 0.250606
vt 0.420521 0.250606
vt 0.420511 0.250714
vt 0.420466 0.250739
vt 0.414782 0.238511
vt 0.414714 0.238511
vt 0.414702 0.238403
vt 0.414720 0.238378
vt 0.414661 0.238511
vt 0.414672 0.238379
vt 0.631918 0.251282
vt 0.631998 0.251296
vt 0.631994 0.251327
vt 0.631973 0.251348
vt 0.489830 0.251485
vt 0.489750 0.251515
vt 0.489740 0.251485
vt 0.489752 0.251457
vt 0.414655 0.250610
vt 0.414709 0.250609
vt 0.414697 0.250716
vt 0.414667 0.250741
vt 0.414776 0.250608
vt 0.414714 0.250740
vt 0.462005 0.248253
vt 0.462024 0.248385
vt 0.461978 0.248435
vt 0.461953 0.248424
vt 0.462070 0.248440
vt 0.461968 0.248490
vt 0.461889 0.248610
vt 0.461889 0.240397
vt 0.461968 0.240518
vt 0.461978 0.240573
vt 0.461953 0.240584
vt 0.462070 0.240568
vt 0.462024 0.240622
vt 0.462005 0.240755
vt 0.609795 0.230675
vt 0.609883 0.230624
vt 0.609873 0.230678
vt 0.609822 0.230729
vt 0.465388 0.240413
vt 0.465353 0.240594
vt 0.465340 0.240587
vt 0.465337 0.240533
vt 0.609833 0.230861
vt 0.609893 0.230685
vt 0.609795 0.238547
vt 0.609822 0.238492
vt 0.609873 0.238542
vt 0.609883 0.238597
vt 0.609833 0.238359
vt 0.609893 0.238535
vt 0.465388 0.248626
vt 0.465337 0.248505
vt 0.465340 0.248451
vt 0.465353 0.248445
vt 0.643416 0.251336
vt 0.643360 0.251337
vt 0.643370 0.251292
vt 0.643416 0.251281
vt 0.399490 0.222883
vt 0.399434 0.222884
vt 0.399443 0.222776
vt 0.399489 0.222751
vt 0.567544 0.233495
vt 0.567544 0.233363
vt 0.567589 0.233387
vt 0.567599 0.233495
vt 0.567544 0.245593
vt 0.567599 0.245593
vt 0.567589 0.245701
vt 0.567544 0.245725
vt 0.399490 0.234981
vt 0.399489 0.235114
vt 0.399443 0.235089
vt 0.399434 0.234981
vt 0.642215 0.230596
vt 0.642215 0.230539
vt 0.642260 0.230549
vt 0.642270 0.230595
vt 0.405310 0.222698
vt 0.405371 0.222751
vt 0.405341 0.222776
vt 0.405295 0.222752
vt 0.429944 0.222872
vt 0.429884 0.222875
vt 0.429892 0.222768
vt 0.429933 0.222743
vt 0.405278 0.222884
vt 0.405347 0.222883
vt 0.405278 0.234982
vt 0.405347 0.234984
vt 0.405341 0.235091
vt 0.405295 0.235114
vt 0.429944 0.234976
vt 0.429933 0.235106
vt 0.429892 0.235082
vt 0.429884 0.234975
vt 0.405310 0.235170
vt 0.405371 0.235116
vt 0.434501 0.232984
vt 0.434444 0.232867
vt 0.434445 0.232813
vt 0.434460 0.232801
vt 0.607927 0.238549
vt 0.607955 0.238495
vt 0.608007 0.238544
vt 0.608018 0.238599
vt 0.607967 0.238363
vt 0.608027 0.238533
vt 0.607967 0.230864
vt 0.607955 0.230732
vt 0.608007 0.230683
vt 0.608027 0.230694
vt 0.607927 0.230677
vt 0.608018 0.230628
vt 0.434501 0.224779
vt 0.434460 0.224963
vt 0.434445 0.224953
vt 0.434444 0.224898
vt 0.431000 0.224980
vt 0.430952 0.225035
vt 0.430908 0.224986
vt 0.430898 0.224931
vt 0.430932 0.225168
vt 0.430883 0.224997
vt 0.430819 0.224814
vt 0.431000 0.232852
vt 0.430898 0.232900
vt 0.430908 0.232846
vt 0.430952 0.232797
vt 0.430819 0.233018
vt 0.430883 0.232835
vt 0.430932 0.232665
vt 0.414655 0.238323
vt 0.420468 0.238321
vt 0.652847 0.236416
vt 0.652847 0.232367
vt 0.652903 0.232451
vt 0.652903 0.236330
vt 0.656461 0.244601
vt 0.656461 0.248649
vt 0.656407 0.248562
vt 0.656407 0.244683
vt 0.609940 0.230503
vt 0.609940 0.238717
vt 0.643360 0.257147
vt 0.643416 0.257164
vt 0.642270 0.236405
vt 0.642215 0.236424
vt 0.608078 0.230511
vt 0.608078 0.238717
vt 0.653996 0.255468
vt 0.653996 0.251588
vt 0.654051 0.251502
vt 0.654051 0.255553
vt 0.650505 0.251588
vt 0.650506 0.255467
vt 0.650449 0.255553
vt 0.650449 0.251502
vt 0.563826 0.230262
vt 0.565543 0.230262
vt 0.557931 0.234902
vt 0.557957 0.234266
vt 0.558018 0.234267
vt 0.557993 0.234871
vt 0.558067 0.234270
vt 0.558045 0.234796
vt 0.558030 0.233725
vt 0.558087 0.233755
vt 0.558127 0.233825
vt 0.558139 0.233363
vt 0.558190 0.233412
vt 0.558217 0.233529
vt 0.631918 0.257205
vt 0.631921 0.256937
vt 0.631975 0.256946
vt 0.631973 0.257199
vt 0.461356 0.238441
vt 0.461566 0.238321
vt 0.461537 0.238454
vt 0.461355 0.238558
vt 0.487156 0.256467
vt 0.487028 0.256700
vt 0.486982 0.256668
vt 0.487102 0.256447
vt 0.461566 0.250683
vt 0.461356 0.250562
vt 0.461355 0.250445
vt 0.461537 0.250551
vt 0.558139 0.245581
vt 0.558030 0.245223
vt 0.558087 0.245194
vt 0.558190 0.245533
vt 0.558127 0.245122
vt 0.558217 0.245416
vt 0.557957 0.244685
vt 0.558018 0.244684
vt 0.558067 0.244680
vt 0.557931 0.244050
vt 0.557993 0.244080
vt 0.558045 0.244155
vt 0.638723 0.236157
vt 0.638720 0.236424
vt 0.638664 0.236419
vt 0.638666 0.236165
vt 0.434867 0.222698
vt 0.435088 0.222816
vt 0.435065 0.222931
vt 0.434873 0.222828
vt 0.435120 0.222769
vt 0.435318 0.223127
vt 0.435276 0.223156
vt 0.435228 0.223226
vt 0.435450 0.223665
vt 0.435402 0.223666
vt 0.435338 0.223669
vt 0.435496 0.224300
vt 0.435446 0.224269
vt 0.435377 0.224195
vt 0.435496 0.233447
vt 0.435450 0.234083
vt 0.435402 0.234081
vt 0.435446 0.233477
vt 0.435338 0.234078
vt 0.435377 0.233552
vt 0.435318 0.234624
vt 0.435276 0.234594
vt 0.435228 0.234523
vt 0.435120 0.234986
vt 0.435088 0.234937
vt 0.435065 0.234821
vt 0.434886 0.235114
vt 0.434867 0.235059
vt 0.434873 0.234928
vt 0.466225 0.238342
vt 0.466157 0.238474
vt 0.638664 0.230528
vt 0.638720 0.230502
vt 0.466157 0.250572
vt 0.466225 0.250704
vt 0.648732 0.251527
vt 0.648732 0.257164
vt 0.648677 0.257157
vt 0.648677 0.251502
vt 0.434986 0.223694
vt 0.434986 0.234060
vt 0.461200 0.250149
vt 0.461096 0.249706
vt 0.461058 0.249180
vt 0.461058 0.239821
vt 0.461096 0.239295
vt 0.461200 0.238852
vt 0.543773 0.255919
vt 0.543719 0.255920
vt 0.543729 0.255875
vt 0.543773 0.255864
vt 0.572917 0.233495
vt 0.572862 0.233495
vt 0.572872 0.233387
vt 0.572917 0.233363
vt 0.420504 0.222886
vt 0.420503 0.222753
vt 0.420547 0.222777
vt 0.420558 0.222885
vt 0.572917 0.245593
vt 0.572917 0.245725
vt 0.572872 0.245701
vt 0.572862 0.245593
vt 0.523753 0.245491
vt 0.523704 0.245517
vt 0.523691 0.245472
vt 0.523726 0.245441
vt 0.420499 0.234983
vt 0.420552 0.234982
vt 0.420541 0.235090
vt 0.420497 0.235115
vt 0.414813 0.222887
vt 0.414745 0.222887
vt 0.414733 0.222779
vt 0.414751 0.222755
vt 0.414692 0.222887
vt 0.414703 0.222755
vt 0.632566 0.238830
vt 0.632646 0.238843
vt 0.632642 0.238874
vt 0.632620 0.238896
vt 0.526539 0.250610
vt 0.526459 0.250641
vt 0.526449 0.250611
vt 0.526461 0.250583
vt 0.414686 0.234986
vt 0.414739 0.234985
vt 0.414727 0.235093
vt 0.414697 0.235117
vt 0.414807 0.234984
vt 0.414745 0.235116
vt 0.466426 0.232629
vt 0.466445 0.232762
vt 0.466399 0.232811
vt 0.466374 0.232800
vt 0.466491 0.232817
vt 0.466388 0.232867
vt 0.466310 0.232987
vt 0.466310 0.224774
vt 0.466388 0.224894
vt 0.466399 0.224949
vt 0.466374 0.224961
vt 0.466491 0.224944
vt 0.466445 0.224999
vt 0.466426 0.225131
vt 0.609795 0.240605
vt 0.609884 0.240555
vt 0.609873 0.240609
vt 0.609822 0.240659
vt 0.469809 0.224789
vt 0.469774 0.224970
vt 0.469761 0.224963
vt 0.469758 0.224909
vt 0.609833 0.240792
vt 0.609893 0.240615
vt 0.609795 0.248477
vt 0.609822 0.248422
vt 0.609873 0.248473
vt 0.609884 0.248527
vt 0.609833 0.248290
vt 0.609893 0.248466
vt 0.469809 0.233003
vt 0.469758 0.232882
vt 0.469761 0.232828
vt 0.469774 0.232821
vt 0.644043 0.230594
vt 0.643987 0.230595
vt 0.643998 0.230550
vt 0.644043 0.230539
vt 0.399459 0.238507
vt 0.399403 0.238507
vt 0.399412 0.238399
vt 0.399458 0.238375
vt 0.569316 0.233495
vt 0.569317 0.233363
vt 0.569362 0.233387
vt 0.569372 0.233495
vt 0.569316 0.245593
vt 0.569372 0.245593
vt 0.569362 0.245701
vt 0.569317 0.245725
vt 0.399459 0.250605
vt 0.399458 0.250737
vt 0.399412 0.250713
vt 0.399403 0.250605
vt 0.642230 0.238886
vt 0.642230 0.238830
vt 0.642275 0.238839
vt 0.642285 0.238885
vt 0.405279 0.238321
vt 0.405340 0.238375
vt 0.405310 0.238400
vt 0.405264 0.238376
vt 0.437274 0.222872
vt 0.437214 0.222875
vt 0.437222 0.222768
vt 0.437262 0.222743
vt 0.405247 0.238508
vt 0.405316 0.238507
vt 0.405247 0.250606
vt 0.405316 0.250608
vt 0.405310 0.250715
vt 0.405264 0.250738
vt 0.437274 0.234976
vt 0.437262 0.235106
vt 0.437222 0.235082
vt 0.437214 0.234975
vt 0.405279 0.250793
vt 0.405340 0.250739
vt 0.441831 0.232984
vt 0.441774 0.232867
vt 0.441774 0.232813
vt 0.441789 0.232801
vt 0.607927 0.248480
vt 0.607955 0.248426
vt 0.608007 0.248475
vt 0.608018 0.248529
vt 0.607967 0.248293
vt 0.608027 0.248464
vt 0.607967 0.240795
vt 0.607955 0.240663
vt 0.608007 0.240613
vt 0.608027 0.240625
vt 0.607927 0.240608
vt 0.608018 0.240559
vt 0.441831 0.224779
vt 0.441789 0.224963
vt 0.441774 0.224953
vt 0.441774 0.224898
vt 0.438330 0.224980
vt 0.438281 0.225035
vt 0.438237 0.224986
vt 0.438228 0.224931
vt 0.438261 0.225168
vt 0.438213 0.224997
vt 0.438148 0.224814
vt 0.438330 0.232852
vt 0.438228 0.232900
vt 0.438237 0.232846
vt 0.438281 0.232797
vt 0.438148 0.233018
vt 0.438213 0.232835
vt 0.438261 0.232665
vt 0.414686 0.222699
vt 0.420498 0.222698
vt 0.652223 0.255550
vt 0.652223 0.251502
vt 0.652279 0.251585
vt 0.652279 0.255464
vt 0.656461 0.238830
vt 0.656461 0.242878
vt 0.656407 0.242792
vt 0.656407 0.238912
vt 0.609941 0.240434
vt 0.609941 0.248647
vt 0.643987 0.236405
vt 0.644043 0.236422
vt 0.642285 0.244696
vt 0.642230 0.244715
vt 0.608078 0.240441
vt 0.608078 0.248647
vt 0.654621 0.236333
vt 0.654621 0.232454
vt 0.654675 0.232367
vt 0.654675 0.236418
vt 0.651130 0.232453
vt 0.651130 0.236332
vt 0.651074 0.236419
vt 0.651074 0.232367
vt 0.567260 0.230262
vt 0.568977 0.230262
vt 0.555929 0.234902
vt 0.555955 0.234265
vt 0.556015 0.234267
vt 0.555991 0.234871
vt 0.556064 0.234270
vt 0.556043 0.234796
vt 0.556027 0.233725
vt 0.556084 0.233755
vt 0.556125 0.233825
vt 0.556136 0.233363
vt 0.556188 0.233412
vt 0.556214 0.233529
vt 0.632566 0.244752
vt 0.632568 0.244485
vt 0.632623 0.244493
vt 0.632620 0.244747
vt 0.465777 0.222817
vt 0.465987 0.222698
vt 0.465958 0.222830
vt 0.465775 0.222934
vt 0.523865 0.255593
vt 0.523737 0.255826
vt 0.523691 0.255794
vt 0.523811 0.255573
vt 0.465987 0.235059
vt 0.465777 0.234939
vt 0.465775 0.234822
vt 0.465958 0.234927
vt 0.556136 0.245581
vt 0.556027 0.245223
vt 0.556084 0.245194
vt 0.556188 0.245533
vt 0.556125 0.245122
vt 0.556214 0.245416
vt 0.555955 0.244685
vt 0.556015 0.244684
vt 0.556064 0.244680
vt 0.555929 0.244049
vt 0.555991 0.244080
vt 0.556043 0.244155
vt 0.638740 0.244484
vt 0.638737 0.244752
vt 0.638681 0.244747
vt 0.638683 0.244493
vt 0.442196 0.222698
vt 0.442418 0.222816
vt 0.442395 0.222931
vt 0.442202 0.222828
vt 0.442450 0.222769
vt 0.442647 0.223127
vt 0.442605 0.223156
vt 0.442558 0.223226
vt 0.442780 0.223665
vt 0.442731 0.223666
vt 0.442668 0.223669
vt 0.442826 0.224300
vt 0.442775 0.224269
vt 0.442707 0.224195
vt 0.442826 0.233447
vt 0.442780 0.234083
vt 0.442731 0.234081
vt 0.442775 0.233477
vt 0.442668 0.234078
vt 0.442707 0.233552
vt 0.442647 0.234624
vt 0.442605 0.234594
vt 0.442558 0.234523
vt 0.442450 0.234986
vt 0.442418 0.234937
vt 0.442395 0.234821
vt 0.442216 0.235114
vt 0.442196 0.235059
vt 0.442202 0.234928
vt 0.470645 0.222718
vt 0.470578 0.222850
vt 0.638681 0.238856
vt 0.638738 0.238830
vt 0.470578 0.234949
vt 0.470645 0.235081
vt 0.646960 0.251527
vt 0.646960 0.257164
vt 0.646906 0.257157
vt 0.646906 0.251502
vt 0.442316 0.223694
vt 0.442316 0.234060
vt 0.465620 0.234526
vt 0.465516 0.234082
vt 0.465479 0.233556
vt 0.465479 0.224197
vt 0.465516 0.223671
vt 0.465620 0.223229
vt 0.790369 0.254940
vt 0.789793 0.254885
vt 0.790912 0.254890
vt 0.500194 0.245439
vt 0.500819 0.244811
vt 0.501048 0.243953
vt 0.500819 0.243096
vt 0.500194 0.242469
vt 0.500497 0.241943
vt 0.501344 0.242792
vt 0.501655 0.243953
vt 0.501344 0.245114
vt 0.500497 0.245965
vt 0.799674 0.252722
vt 0.799131 0.252671
vt 0.789339 0.254741
vt 0.096399 0.772953
vt 0.189464 0.772948
vt 0.189464 0.801290
vt 0.185417 0.807820
vt 0.182600 0.814393
vt 0.181119 0.822119
vt 0.181119 0.830243
vt 0.182600 0.837969
vt 0.185417 0.844542
vt 0.189464 0.851072
vt 0.189464 0.879413
vt 0.096399 0.879418
vt 0.800349 0.844301
vt 0.800349 0.745014
vt 0.889700 0.744901
vt 0.889700 0.769722
vt 0.885653 0.776239
vt 0.882837 0.782797
vt 0.881356 0.790504
vt 0.881356 0.798605
vt 0.882837 0.806308
vt 0.885653 0.812859
vt 0.889700 0.819366
vt 0.889700 0.844187
vt 0.187440 0.987602
vt 0.187440 0.959260
vt 0.191143 0.959260
vt 0.191143 0.984151
vt 0.187440 0.909478
vt 0.187440 0.881135
vt 0.191143 0.884586
vt 0.191143 0.909477
vt 0.187582 0.922620
vt 0.187524 0.916031
vt 0.191226 0.916031
vt 0.191284 0.922619
vt 0.187613 0.930355
vt 0.191315 0.930354
vt 0.187613 0.938479
vt 0.191315 0.938479
vt 0.187582 0.946197
vt 0.191284 0.946196
vt 0.187524 0.952753
vt 0.191226 0.952753
vt 0.210344 0.485893
vt 0.210114 0.486750
vt 0.210344 0.487607
vt 0.209817 0.487911
vt 0.209506 0.486750
vt 0.209817 0.485589
vt 0.210667 0.484739
vt 0.210971 0.485265
vt 0.219124 0.001135
vt 0.219124 0.005726
vt 0.219124 0.252468
vt 0.219124 0.255985
vt 0.219124 0.027169
vt 0.219124 0.028654
vt 0.219124 0.051425
vt 0.219124 0.060173
vt 0.219124 0.158907
s 1
usemtl Material.001
f 11/1/1 12/2/1 3/3/1 2/4/1
f 19/5/2 20/6/3 11/7/4 10/8/5
f 3/9/6 12/10/7 13/11/8 4/12/9
f 4/12/9 13/11/8 14/13/10 5/14/11
f 5/14/11 14/13/10 15/15/12 6/16/13
f 6/17/13 15/18/12 16/19/14 7/20/15
f 7/21/15 16/22/14 17/23/16 8/24/17
f 26/25/18 27/26/19 18/27/20 17/23/21
f 9/28/22 18/29/23 10/8/24 1/30/22
f 56/31/1 57/32/1 48/33/1 47/34/1
f 20/35/1 21/36/1 12/2/1 11/1/1
f 28/37/25 29/38/26 20/6/3 19/5/2
f 12/2/7 21/36/27 22/39/28 13/40/8
f 13/11/8 22/41/28 23/42/29 14/13/10
f 14/13/10 23/42/29 24/43/30 15/15/12
f 15/44/12 24/45/30 25/46/31 16/22/14
f 16/22/14 25/46/31 26/25/32 17/23/16
f 35/47/33 36/48/34 27/26/19 26/25/18
f 18/29/23 27/49/35 19/5/36 10/8/24
f 29/50/1 30/51/1 21/36/1 20/35/1
f 37/52/37 38/53/38 29/54/26 28/55/25
f 21/36/27 30/51/39 31/56/40 22/39/28
f 22/41/28 31/57/40 32/58/41 23/42/29
f 23/42/29 32/58/41 33/59/42 24/43/30
f 24/45/30 33/60/42 34/61/43 25/46/31
f 25/46/31 34/61/43 35/47/44 26/25/32
f 44/62/45 45/63/46 36/48/34 35/47/33
f 27/49/35 36/64/47 28/37/48 19/5/36
f 38/65/1 39/66/1 30/51/1 29/50/1
f 46/67/49 47/68/50 38/53/38 37/52/37
f 30/51/39 39/66/51 40/69/52 31/56/40
f 31/70/40 40/71/52 41/72/53 32/73/41
f 32/73/41 41/72/53 42/74/54 33/75/42
f 33/60/42 42/76/54 43/77/55 34/61/43
f 34/61/43 43/77/55 44/62/56 35/47/44
f 53/78/57 54/79/58 45/63/46 44/62/45
f 36/80/47 45/81/59 37/52/60 28/55/48
f 47/34/1 48/33/1 39/66/1 38/65/1
f 55/82/61 56/83/61 47/68/50 46/67/49
f 39/66/51 48/33/62 49/84/63 40/69/52
f 40/71/52 49/85/63 50/86/64 41/72/53
f 41/72/53 50/86/64 51/87/65 42/74/54
f 42/76/54 51/88/65 52/89/66 43/77/55
f 43/77/55 52/89/66 53/78/67 44/62/56
f 62/90/68 63/91/68 54/79/58 53/78/57
f 45/81/59 54/92/69 46/67/70 37/52/60
f 64/93/71 65/94/71 74/95/72 73/96/73
f 48/97/62 57/98/74 58/99/75 49/85/63
f 49/85/63 58/99/75 59/100/76 50/86/64
f 50/86/64 59/100/76 60/101/77 51/87/65
f 51/102/65 60/103/77 61/104/78 52/105/66
f 52/89/66 61/106/78 62/90/79 53/78/67
f 71/107/80 72/108/80 81/109/81 80/110/82
f 54/92/69 63/111/83 55/82/83 46/67/70
f 65/112/1 66/113/1 75/114/1 74/115/1
f 73/96/73 74/95/72 83/116/84 82/117/85
f 66/118/86 67/119/87 76/120/88 75/121/89
f 67/119/87 68/122/90 77/123/91 76/120/88
f 68/122/90 69/124/92 78/125/93 77/123/91
f 69/126/92 70/127/94 79/128/95 78/129/93
f 70/127/94 71/107/96 80/110/97 79/128/95
f 80/110/82 81/109/81 90/130/98 89/131/99
f 72/132/100 64/93/100 73/96/101 81/133/102
f 110/134/1 111/135/1 57/32/1 56/31/1
f 74/115/1 75/114/1 84/136/1 83/137/1
f 82/117/85 83/116/84 92/138/103 91/139/104
f 75/121/89 76/120/88 85/140/105 84/141/106
f 76/120/88 77/123/91 86/142/107 85/140/105
f 77/123/91 78/125/93 87/143/108 86/142/107
f 78/129/93 79/128/95 88/144/109 87/145/108
f 79/128/95 80/110/97 89/131/110 88/144/109
f 89/131/99 90/130/98 99/146/111 98/147/112
f 81/133/102 73/96/101 82/117/113 90/148/114
f 83/137/1 84/136/1 93/149/1 92/150/1
f 91/151/104 92/152/103 101/153/115 100/154/116
f 84/136/106 85/155/105 94/156/117 93/149/118
f 85/140/105 86/142/107 95/157/119 94/158/117
f 86/142/107 87/143/108 96/159/120 95/157/119
f 87/145/108 88/144/109 97/160/121 96/161/120
f 88/144/109 89/131/110 98/147/122 97/160/121
f 98/147/112 99/146/111 108/162/123 107/163/124
f 90/148/114 82/117/113 91/139/125 99/164/126
f 92/150/1 93/149/1 102/165/1 101/166/1
f 100/154/116 101/153/115 110/167/127 109/168/128
f 93/149/118 94/156/117 103/169/129 102/165/130
f 94/170/117 95/171/119 104/172/131 103/173/129
f 95/171/119 96/174/120 105/175/132 104/172/131
f 96/161/120 97/160/121 106/176/133 105/177/132
f 97/160/121 98/147/122 107/163/134 106/176/133
f 107/163/124 108/162/123 117/178/135 116/179/136
f 99/180/126 91/151/125 100/154/137 108/181/138
f 101/166/1 102/165/1 111/135/1 110/134/1
f 109/168/128 110/167/127 56/83/61 55/82/61
f 102/165/130 103/169/129 112/182/139 111/135/140
f 103/173/129 104/172/131 113/183/141 112/184/139
f 104/172/131 105/175/132 114/185/142 113/183/141
f 105/177/132 106/176/133 115/186/143 114/187/142
f 106/176/133 107/163/134 116/179/144 115/186/143
f 116/179/136 117/178/135 63/91/68 62/90/68
f 108/181/138 100/154/137 109/168/145 117/188/146
f 1/30/147 2/189/147 119/190/148 118/191/149
f 111/192/140 112/184/139 58/99/75 57/98/74
f 112/184/139 113/183/141 59/100/76 58/99/75
f 113/183/141 114/185/142 60/101/77 59/100/76
f 114/193/142 115/194/143 61/104/78 60/103/77
f 115/186/143 116/179/144 62/90/79 61/106/78
f 8/24/150 9/195/150 126/196/151 125/197/152
f 117/188/146 109/168/145 55/82/83 63/111/83
f 2/4/1 3/3/1 120/198/1 119/199/1
f 118/191/149 119/190/148 128/200/153 127/201/154
f 3/9/6 4/12/9 121/202/155 120/203/156
f 4/12/9 5/14/11 122/204/157 121/202/155
f 5/14/11 6/16/13 123/205/158 122/204/157
f 6/17/13 7/20/15 124/206/159 123/207/158
f 7/21/15 8/24/17 125/197/160 124/208/159
f 125/197/152 126/196/151 135/209/161 134/210/162
f 9/28/22 1/30/22 118/191/163 126/211/164
f 155/212/1 156/213/1 165/214/1 164/215/1
f 119/199/1 120/198/1 129/216/1 128/217/1
f 127/201/154 128/200/153 137/218/165 136/219/166
f 120/198/156 121/220/155 130/221/167 129/216/168
f 121/202/155 122/204/157 131/222/169 130/223/167
f 122/204/157 123/205/158 132/224/170 131/222/169
f 123/207/158 124/206/159 133/225/171 132/226/170
f 124/208/159 125/197/160 134/210/172 133/227/171
f 134/210/162 135/209/161 144/228/173 143/229/174
f 126/211/164 118/191/163 127/201/175 135/230/176
f 128/217/1 129/216/1 138/231/1 137/232/1
f 136/233/166 137/234/165 146/235/177 145/236/178
f 129/216/168 130/221/167 139/237/179 138/231/180
f 130/223/167 131/222/169 140/238/181 139/239/179
f 131/222/169 132/224/170 141/240/182 140/238/181
f 132/241/170 133/227/171 142/242/183 141/243/182
f 133/227/171 134/210/172 143/229/184 142/242/183
f 143/229/174 144/228/173 153/244/185 152/245/186
f 135/230/176 127/201/175 136/219/187 144/246/188
f 137/232/1 138/231/1 147/247/1 146/248/1
f 145/236/178 146/235/177 155/249/189 154/250/190
f 138/231/180 139/237/179 148/251/191 147/247/192
f 139/252/179 140/253/181 149/254/193 148/255/191
f 140/253/181 141/256/182 150/257/194 149/254/193
f 141/243/182 142/242/183 151/258/195 150/259/194
f 142/242/183 143/229/184 152/245/196 151/258/195
f 152/245/186 153/244/185 162/260/197 161/261/198
f 144/262/188 136/233/187 145/236/199 153/263/200
f 146/248/1 147/247/1 156/213/1 155/212/1
f 154/250/190 155/249/189 164/264/201 163/265/201
f 147/247/192 148/251/191 157/266/202 156/213/203
f 148/255/191 149/254/193 158/267/204 157/268/202
f 149/254/193 150/257/194 159/269/205 158/267/204
f 150/259/194 151/258/195 160/270/206 159/271/205
f 151/258/195 152/245/196 161/261/207 160/270/206
f 161/261/198 162/260/197 171/272/208 170/273/208
f 153/263/200 145/236/199 154/250/209 162/274/210
f 64/93/71 172/275/211 173/276/212 65/94/71
f 156/277/203 157/268/202 166/278/213 165/279/214
f 157/268/202 158/267/204 167/280/215 166/278/213
f 158/267/204 159/269/205 168/281/216 167/280/215
f 159/282/205 160/283/206 169/284/217 168/285/216
f 160/270/206 161/261/207 170/273/218 169/286/217
f 179/287/219 180/288/220 72/108/80 71/107/80
f 162/274/210 154/250/209 163/265/221 171/289/221
f 173/290/1 174/291/1 66/113/1 65/112/1
f 181/292/222 182/293/223 173/276/212 172/275/211
f 66/118/86 174/294/224 175/295/225 67/119/87
f 67/119/87 175/295/225 176/296/226 68/122/90
f 68/122/90 176/296/226 177/297/227 69/124/92
f 69/126/92 177/298/227 178/299/228 70/127/94
f 70/127/94 178/299/228 179/287/229 71/107/96
f 188/300/230 189/301/231 180/288/220 179/287/219
f 72/132/100 180/302/232 172/275/233 64/93/100
f 164/215/1 165/214/1 210/303/1 209/304/1
f 182/305/1 183/306/1 174/291/1 173/290/1
f 190/307/234 191/308/235 182/293/223 181/292/222
f 174/294/224 183/309/236 184/310/237 175/295/225
f 175/295/225 184/310/237 185/311/238 176/296/226
f 176/296/226 185/311/238 186/312/239 177/297/227
f 177/298/227 186/313/239 187/314/240 178/299/228
f 178/299/228 187/314/240 188/300/241 179/287/229
f 197/315/242 198/316/243 189/301/231 188/300/230
f 180/302/232 189/317/244 181/292/245 172/275/233
f 191/318/1 192/319/1 183/306/1 182/305/1
f 199/320/246 200/321/247 191/322/235 190/323/234
f 183/306/236 192/319/248 193/324/249 184/325/237
f 184/310/237 193/326/249 194/327/250 185/311/238
f 185/311/238 194/327/250 195/328/251 186/312/239
f 186/313/239 195/329/251 196/330/252 187/314/240
f 187/314/240 196/330/252 197/315/253 188/300/241
f 206/331/254 207/332/255 198/316/243 197/315/242
f 189/317/244 198/333/256 190/307/257 181/292/245
f 200/334/1 201/335/1 192/319/1 191/318/1
f 208/336/258 209/337/259 200/321/247 199/320/246
f 192/319/248 201/335/260 202/338/261 193/324/249
f 193/339/249 202/340/261 203/341/262 194/342/250
f 194/342/250 203/341/262 204/343/263 195/344/251
f 195/329/251 204/345/263 205/346/264 196/330/252
f 196/330/252 205/346/264 206/331/265 197/315/253
f 215/347/266 216/348/267 207/332/255 206/331/254
f 198/349/256 207/350/268 199/320/269 190/323/257
f 209/304/1 210/303/1 201/335/1 200/334/1
f 163/265/201 164/264/201 209/337/259 208/336/258
f 201/335/260 210/303/270 211/351/271 202/338/261
f 202/340/261 211/352/271 212/353/272 203/341/262
f 203/341/262 212/353/272 213/354/273 204/343/263
f 204/345/263 213/355/273 214/356/274 205/346/264
f 205/346/264 214/356/274 215/347/275 206/331/265
f 170/273/208 171/272/208 216/348/267 215/347/266
f 207/350/268 216/357/276 208/336/277 199/320/269
f 17/23/21 18/27/20 9/195/150 8/24/150
f 210/358/270 165/279/214 166/278/213 211/359/271
f 211/359/271 166/278/213 167/280/215 212/360/272
f 212/360/272 167/280/215 168/281/216 213/361/273
f 213/362/273 168/285/216 169/284/217 214/363/274
f 214/356/274 169/286/217 170/273/218 215/347/275
f 216/357/276 171/289/221 163/265/221 208/336/277
f 288/364/11 287/365/11 217/366/11 230/367/11 218/368/11 219/369/11 220/370/11
f 227/371/11 219/369/11 218/368/11 226/372/11
f 217/373/11 287/374/11 290/375/11 223/376/11 225/377/11
f 228/378/11 222/379/11 219/369/11 227/371/11
f 237/380/11 235/381/11 220/370/11 219/369/11 222/379/11 231/382/11
f 236/383/11 234/384/11 222/379/11 228/378/11
f 226/385/11 218/386/11 224/387/11 229/388/11
f 230/389/11 217/373/11 225/377/11 232/390/11
f 243/391/11 226/385/11 229/388/11 246/392/11
f 247/393/1 236/394/1 266/395/1 275/396/1
f 245/397/11 228/378/11 227/371/11 244/398/11
f 244/398/11 227/371/11 226/372/11 243/399/11
f 218/386/11 230/389/11 232/390/11 224/387/11
f 221/400/11 289/401/11 288/364/11 220/370/11 235/381/11 233/402/11
f 229/388/11 224/387/11 239/403/11 241/404/11
f 232/390/11 225/377/11 240/405/11 242/406/11
f 225/377/11 223/376/11 238/407/11 240/405/11
f 260/408/278 286/409/278 300/410/278 298/411/278
f 281/412/11 250/413/11 256/414/11 284/415/11
f 257/416/215 253/417/215 279/418/215 280/419/215
f 283/420/11 253/421/11 251/422/11 282/423/11
f 282/423/11 251/422/11 250/424/11 281/425/11
f 222/426/76 234/427/76 261/428/76 262/429/76
f 234/430/1 237/431/1 268/432/1 261/433/1
f 242/434/278 239/435/278 269/436/278 272/437/278
f 271/438/11 276/439/11 274/440/11 270/441/11
f 265/442/11 264/443/11 272/444/11 269/445/11
f 267/446/11 273/447/11 275/448/11 266/449/11
f 262/450/11 261/451/11 268/452/11 263/453/11
f 239/454/76 224/455/76 265/456/76 269/457/76
f 241/458/278 248/459/278 276/460/278 271/461/278
f 236/462/215 228/463/215 267/464/215 266/465/215
f 245/466/76 247/467/76 275/468/76 273/469/76
f 228/470/278 245/471/278 273/472/278 267/473/278
f 231/474/278 222/475/278 262/476/278 263/477/278
f 224/478/1 232/479/1 264/480/1 265/481/1
f 229/482/215 241/483/215 271/484/215 270/485/215
f 246/486/1 229/487/1 270/488/1 274/489/1
f 248/490/76 246/491/76 274/492/76 276/493/76
f 237/494/215 231/495/215 263/496/215 268/497/215
f 232/498/215 242/499/215 272/500/215 264/501/215
f 277/502/11 280/503/11 279/504/11 278/505/11
f 221/506/76 233/507/76 277/508/76 278/509/76
f 288/364/11 282/423/11 281/425/11 287/365/11
f 289/401/11 283/420/11 282/423/11 288/364/11
f 287/374/11 281/412/11 284/415/11 290/375/11
f 290/375/11 284/415/11 286/510/11 292/511/11
f 238/512/76 223/513/76 294/514/76 295/515/76
f 291/516/1 285/517/1 257/518/1 280/519/1 277/520/1 233/521/1
f 283/522/278 289/523/278 221/524/278 278/525/278 279/526/278 253/527/278
f 299/528/11 297/529/11 298/530/11 300/531/11
f 294/532/11 293/533/11 296/534/11 295/535/11
f 292/536/278 238/537/278 295/538/278 296/539/278
f 290/540/215 292/541/215 296/542/215 293/543/215
f 284/544/1 256/545/1 297/546/1 299/547/1
f 223/548/1 290/549/1 293/550/1 294/551/1
f 256/552/215 260/553/215 298/554/215 297/555/215
f 286/556/76 284/557/76 299/558/76 300/559/76
f 301/560/279 304/561/280 305/562/281 307/563/282
f 302/564/283 306/565/284 305/566/285 304/567/286
f 303/568/287 307/569/288 305/570/289 306/571/290
f 311/572/291 314/573/292 315/574/293 317/575/294
f 312/576/295 316/577/296 315/578/297 314/579/298
f 313/580/299 317/581/300 315/582/301 316/583/302
f 321/584/303 324/585/304 325/586/305 327/587/306
f 322/588/307 326/589/308 325/590/309 324/591/310
f 323/592/311 327/593/312 325/594/313 326/595/314
f 328/596/315 331/597/316 332/598/317 334/599/318
f 329/600/319 333/601/320 332/602/321 331/603/322
f 330/604/323 334/605/324 332/606/325 333/607/326
f 335/608/327 338/609/328 339/610/329 341/611/330
f 336/612/331 340/613/332 339/614/333 338/615/334
f 337/616/335 341/617/336 339/618/337 340/619/338
f 342/620/339 345/621/340 346/622/341 348/623/342
f 343/624/343 347/625/344 346/626/345 345/627/346
f 344/628/347 348/629/348 346/630/349 347/631/350
f 311/572/291 302/564/283 304/567/286 314/573/292
f 314/579/298 304/561/280 301/560/279 312/576/295
f 458/632/351 308/633/352 310/634/353 459/635/354
f 459/636/355 310/637/356 309/638/357 457/639/358
f 446/640/359 313/580/299 316/583/302 447/641/360
f 447/642/361 316/577/296 312/576/295 445/643/362
f 422/644/363 311/645/291 317/646/294 423/647/364
f 423/648/365 317/649/300 313/650/299 421/651/366
f 434/652/367 343/624/343 345/627/346 435/653/368
f 435/654/369 345/621/340 342/620/339 433/655/370
f 321/584/303 335/608/327 341/611/330 324/585/304
f 324/591/310 341/617/336 337/616/335 322/588/307
f 343/624/343 329/600/319 331/603/322 347/625/344
f 347/631/350 331/597/316 328/596/315 344/628/347
f 449/656/371 323/592/311 326/595/314 450/657/372
f 450/658/373 326/589/308 322/588/307 448/659/374
f 437/660/375 321/584/303 327/587/306 438/661/376
f 438/662/377 327/593/312 323/592/311 436/663/378
f 425/664/379 309/665/380 310/666/381 426/667/381
f 426/668/382 310/669/353 308/670/352 2984/671/383 424/672/383
f 362/673/384 349/674/384 351/675/354 363/676/354
f 363/677/355 351/678/355 350/679/358 361/680/358
f 482/681/359 352/682/359 354/683/360 483/684/360
f 483/685/361 354/686/361 353/687/362 481/688/362
f 485/689/385 355/690/385 357/691/386 486/692/386
f 486/693/387 357/694/387 356/695/388 484/696/388
f 488/697/389 358/698/389 360/699/372 489/700/372
f 489/701/373 360/702/373 359/703/374 487/704/374
f 364/705/359 415/706/359 417/707/360 366/708/360
f 366/709/361 417/710/361 416/711/362 365/712/362
f 419/713/384 362/673/384 363/676/354 420/714/354
f 420/715/355 363/677/355 361/680/358 418/716/358
f 404/717/375 379/718/375 381/719/376 405/720/376
f 352/682/359 364/705/359 366/708/360 354/683/360
f 354/686/361 366/709/361 365/712/362 353/687/362
f 355/690/385 367/721/385 369/722/386 357/691/386
f 357/694/387 369/723/387 368/724/388 356/695/388
f 358/698/389 370/725/389 372/726/372 360/699/372
f 360/702/373 372/727/373 371/728/374 359/703/374
f 392/729/367 376/730/367 378/731/390 393/732/390
f 393/733/369 378/734/369 377/735/370 391/736/370
f 405/737/377 381/738/377 380/739/391 403/740/391
f 379/718/375 437/660/375 438/661/376 381/719/376
f 410/741/379 382/742/379 384/743/381 411/744/381
f 411/745/382 384/746/382 383/747/383 409/748/383
f 374/749/363 385/750/363 387/751/364 375/752/364
f 375/753/365 387/754/392 386/755/366 373/756/366
f 382/757/379 388/758/379 390/759/381 384/760/381
f 384/761/382 390/762/382 389/763/383 383/764/383
f 401/765/367 392/729/367 393/732/390 402/766/390
f 402/767/369 393/733/369 391/736/370 400/768/370
f 385/750/363 394/769/363 396/770/364 387/751/364
f 387/754/392 396/771/365 395/772/366 386/755/366
f 388/758/379 397/773/379 399/774/381 390/759/381
f 390/762/382 399/775/382 398/776/383 389/763/383
f 428/777/367 401/765/367 402/766/390 429/778/390
f 429/779/369 402/767/369 400/768/370 427/780/370
f 431/781/375 404/717/375 405/720/376 432/782/376
f 432/783/377 405/737/377 403/740/391 430/784/378
f 376/785/367 406/786/367 408/787/390 378/788/390
f 378/789/369 408/790/369 407/791/370 377/792/370
f 381/738/377 438/662/377 436/663/378 380/739/391
f 370/725/389 449/656/371 450/657/372 372/726/372
f 440/793/379 410/741/379 411/744/381 441/794/381
f 441/795/382 411/745/382 409/748/383 439/796/393
f 443/797/363 412/798/363 414/799/364 444/800/364
f 444/801/365 414/802/365 413/803/366 442/804/366
f 455/805/394 419/713/384 420/714/354 456/806/395
f 456/807/356 420/715/355 418/716/358 454/808/358
f 369/723/387 453/809/387 452/810/388 368/724/388
f 394/769/363 422/644/363 423/647/364 396/770/364
f 396/771/365 423/648/365 421/651/366 395/772/366
f 397/773/379 425/664/379 426/667/381 399/774/381
f 399/775/382 426/668/382 424/672/383 398/776/383
f 319/811/396 428/777/367 429/778/390 320/812/390
f 320/813/397 429/779/369 427/780/370 318/814/398
f 302/815/283 431/781/375 432/782/376 306/816/284
f 306/817/290 432/783/377 430/784/378 2986/818/399
f 406/786/367 434/652/367 435/653/368 408/787/390
f 408/790/369 435/654/369 433/655/370 407/791/370
f 329/600/319 440/793/379 441/794/381 333/601/320
f 333/607/326 441/795/382 439/796/393 330/604/323
f 415/706/359 446/640/359 447/641/360 417/707/360
f 417/710/361 447/642/361 445/643/362 416/711/362
f 372/727/373 450/658/373 448/659/374 371/728/374
f 367/721/385 451/819/385 453/820/386 369/722/386
f 303/568/287 455/805/394 456/806/395 307/569/288
f 307/563/282 456/807/356 454/808/358 301/560/279
f 479/821/384 458/632/351 459/635/354 480/822/354
f 480/823/355 459/636/355 457/639/358 478/824/358
f 318/825/398 460/826/359 462/827/360 320/828/397
f 320/829/361 462/830/361 461/831/362 319/832/400
f 344/833/347 463/834/385 465/835/386 348/836/348
f 348/837/342 465/838/387 464/839/388 342/840/339
f 330/841/323 466/842/401 468/843/372 334/844/324
f 334/845/318 468/846/373 467/847/374 328/848/315
f 460/826/359 469/849/359 471/850/360 462/827/360
f 462/830/361 471/851/361 470/852/362 461/831/362
f 463/834/385 472/853/385 474/854/386 465/835/386
f 465/838/387 474/855/387 473/856/388 464/839/388
f 466/842/401 475/857/389 477/858/372 468/843/372
f 468/846/373 477/859/373 476/860/374 467/847/374
f 491/861/384 479/821/384 480/822/354 492/862/354
f 492/863/355 480/823/355 478/824/358 490/864/358
f 469/849/359 482/681/359 483/684/360 471/850/360
f 471/851/361 483/685/361 481/688/362 470/852/362
f 472/853/385 485/689/385 486/692/386 474/854/386
f 474/855/387 486/693/387 484/696/388 473/856/388
f 475/857/389 488/697/389 489/700/372 477/858/372
f 477/859/373 489/701/373 487/704/374 476/860/374
f 349/674/384 491/861/384 492/862/354 351/675/354
f 351/678/355 492/863/355 490/864/358 350/679/358
f 451/819/385 337/616/335 340/619/338 453/820/386
f 453/809/387 340/613/332 336/612/331 452/810/388
f 412/798/363 374/865/363 375/866/364 414/799/364
f 414/802/365 375/867/365 373/868/366 413/803/366
f 335/608/327 443/797/363 444/800/364 338/609/328
f 338/615/334 444/801/365 442/804/366 336/612/331
f 301/560/279 454/808/358 445/643/362 312/576/295
f 430/784/378 2985/869/402 2986/818/399
f 258/870/403 424/871/383 2984/872/383
f 457/639/358 309/638/357 319/832/400 461/831/362
f 428/777/367 319/811/396 309/665/380 425/664/379
f 313/650/299 446/873/359 247/874/11 421/651/366
f 460/875/359 318/876/398 427/877/370 257/878/11
f 337/616/335 451/819/385 448/659/374 322/588/307
f 323/592/311 2983/879/404 436/663/378
f 343/624/343 434/652/367 440/793/379 329/600/319
f 466/842/401 330/841/323 439/880/393 259/881/405
f 463/834/385 344/833/347 328/848/315 467/847/374
f 442/804/366 248/882/11 452/810/388 336/612/331
f 260/883/11 433/884/370 342/840/339 464/839/388
f 361/680/358 350/679/358 353/687/362 365/712/362
f 350/679/358 490/864/358 481/688/362 353/687/362
f 364/885/359 352/886/359 233/402/11 235/381/11
f 352/886/359 482/887/359 291/888/11 233/402/11
f 238/407/11 292/511/11 484/696/388 356/695/388
f 240/405/11 238/407/11 356/695/388 368/724/388
f 451/819/385 367/721/385 355/690/385 485/689/385 487/704/374 359/703/374 371/728/374 448/659/374
f 415/889/359 364/885/359 235/381/11 237/380/11 234/384/11 236/383/11
f 418/716/358 361/680/358 365/712/362 416/711/362
f 373/868/366 243/391/11 246/392/11 413/803/366
f 386/755/366 244/398/11 243/399/11 373/756/366
f 434/652/367 406/786/367 376/785/367 382/742/379 410/741/379 440/793/379
f 250/413/11 377/890/370 407/891/370 256/414/11
f 251/422/11 391/892/370 377/893/370 250/424/11
f 255/894/405 409/895/383 383/896/383 249/897/405
f 249/897/405 383/896/383 389/898/383 252/899/405
f 248/882/11 241/404/11 239/403/11 242/406/11 240/405/11 368/724/388 452/810/388
f 395/772/366 245/397/11 244/398/11 386/755/366
f 385/900/363 374/901/363 412/902/363 443/903/363 335/904/327 321/905/303 437/906/375 379/907/375 404/908/375 431/909/375 302/910/283 311/911/291 422/912/363 394/913/363
f 252/899/405 389/898/383 398/914/383 254/915/405
f 253/421/11 400/916/370 391/892/370 251/422/11
f 421/651/366 247/874/11 245/397/11 395/772/366
f 401/765/367 428/777/367 425/664/379 397/773/379
f 254/915/405 398/914/383 424/871/383 258/870/403
f 257/878/11 427/877/370 400/916/370 253/421/11
f 256/414/11 407/891/370 433/884/370 260/883/11
f 259/881/405 439/880/393 409/895/383 255/894/405
f 413/803/366 246/392/11 248/882/11 442/804/366
f 446/873/359 415/889/359 236/383/11 247/874/11
f 454/808/358 418/716/358 416/711/362 445/643/362
f 478/824/358 457/639/358 461/831/362 470/852/362
f 469/917/359 460/875/359 257/878/11 285/918/11
f 472/853/385 463/834/385 467/847/374 476/860/374
f 286/510/11 260/883/11 464/839/388 473/856/388
f 482/887/359 469/917/359 285/918/11 291/888/11
f 490/864/358 478/824/358 470/852/362 481/688/362
f 485/689/385 472/853/385 476/860/374 487/704/374
f 292/511/11 286/510/11 473/856/388 484/696/388
f 370/725/389 358/698/389 488/697/389 475/857/389 466/842/401 2987/919/406 2983/879/404 449/656/371
f 493/920/11 496/921/11 497/922/11 499/923/11 501/924/11 502/925/11 503/926/11 504/927/11 500/928/11 498/929/11 495/930/11 494/931/11
f 505/932/90 506/933/90 507/934/90 510/935/90 512/936/90 516/937/90 515/938/90 514/939/90 513/940/90 511/941/90 509/942/90 508/943/90
f 495/944/76 498/945/76 510/946/76 507/947/76
f 497/948/76 496/949/76 508/950/76 509/951/76
f 501/952/407 499/953/408 511/954/408 513/955/407
f 502/956/409 501/952/407 513/955/407 514/957/409
f 503/958/410 502/956/409 514/957/409 515/959/410
f 504/960/411 503/958/410 515/959/410 516/961/411
f 500/962/412 504/960/411 516/961/411 512/963/412
f 499/953/408 497/948/413 509/951/413 511/954/408
f 498/945/414 500/962/412 512/963/412 510/946/414
f 517/964/11 520/965/11 521/966/11 523/967/11 525/968/11 526/969/11 527/970/11 528/971/11 524/972/11 522/973/11 519/974/11 518/975/11
f 529/976/90 530/977/90 531/978/90 534/979/90 536/980/90 540/981/90 539/982/90 538/983/90 537/984/90 535/985/90 533/986/90 532/987/90
f 519/988/76 522/989/76 534/990/76 531/991/76
f 521/992/76 520/993/76 532/994/76 533/995/76
f 525/996/415 523/997/416 535/998/416 537/999/415
f 526/1000/417 525/996/415 537/999/415 538/1001/417
f 527/1002/418 526/1000/417 538/1001/417 539/1003/418
f 528/1004/419 527/1002/418 539/1003/418 540/1005/419
f 524/1006/420 528/1004/419 540/1005/419 536/1007/420
f 523/997/416 521/992/421 533/995/421 535/998/416
f 522/989/422 524/1006/420 536/1007/420 534/990/422
f 548/1008/11 544/1009/11 546/1010/11 545/1011/11 543/1012/11 547/1013/11 549/1014/11 551/1015/11 552/1016/11 550/1017/11
f 558/1018/423 560/1019/423 562/1020/423 561/1021/423 559/1022/423 557/1023/423 553/1024/423 555/1025/423 556/1026/423 554/1027/423
f 544/1028/424 548/1029/425 558/1030/426 554/1031/424
f 547/1032/427 543/1033/428 553/1034/428 557/1035/429
f 551/1036/430 549/1037/431 559/1038/431 561/1039/430
f 552/1040/432 551/1036/430 561/1039/430 562/1041/432
f 550/1042/433 552/1040/432 562/1041/432 560/1043/433
f 549/1037/431 547/1032/427 557/1035/429 559/1038/431
f 548/1029/425 550/1042/433 560/1043/433 558/1030/426
f 563/1044/11 566/1045/11 565/1046/11 564/1047/11
f 567/1048/90 568/1049/90 569/1050/90 570/1051/90
f 565/1052/76 566/1053/76 570/1054/76 569/1055/76
f 576/1056/11 572/1057/11 574/1058/11 573/1059/11 571/1060/11 575/1061/11 577/1062/11 579/1063/11 580/1064/11 578/1065/11
f 586/1066/434 588/1067/434 590/1068/434 589/1069/434 587/1070/434 585/1071/434 581/1072/434 583/1073/434 584/1074/434 582/1075/434
f 572/1076/435 576/1077/436 586/1078/437 582/1079/435
f 575/1080/438 571/1081/439 581/1082/439 585/1083/440
f 579/1084/441 577/1085/442 587/1086/442 589/1087/441
f 580/1088/443 579/1084/441 589/1087/441 590/1089/443
f 578/1090/444 580/1088/443 590/1089/443 588/1091/444
f 577/1085/442 575/1080/438 585/1083/440 587/1086/442
f 576/1077/436 578/1090/444 588/1091/444 586/1078/437
f 591/1092/445 594/1093/445 595/1094/445 597/1095/445 599/1096/445 600/1097/445 601/1098/445 602/1099/445 598/1100/445 596/1101/445 593/1102/445 592/1103/445
f 603/1104/90 604/1105/90 605/1106/90 608/1107/90 610/1108/90 614/1109/90 613/1110/90 612/1111/90 611/1112/90 609/1113/90 607/1114/90 606/1115/90
f 593/1116/76 596/1117/76 608/1118/76 605/1119/76
f 595/1120/76 594/1121/76 606/1122/76 607/1123/76
f 599/1124/446 597/1125/447 609/1126/447 611/1127/446
f 600/1128/448 599/1124/446 611/1127/446 612/1129/448
f 601/1130/449 600/1128/448 612/1129/448 613/1131/449
f 602/1132/450 601/1130/449 613/1131/449 614/1133/451
f 598/1134/452 602/1132/450 614/1133/451 610/1135/452
f 597/1125/447 595/1120/453 607/1123/453 609/1126/447
f 596/1117/454 598/1134/452 610/1135/452 608/1118/454
f 628/1136/455 639/1137/456 636/1138/457 622/1139/458
f 615/1140/459 618/1141/460 619/1142/461 621/1143/462
f 616/1144/463 620/1145/464 619/1146/465 618/1147/466
f 617/1148/467 621/1149/468 619/1150/469 620/1151/470
f 622/1139/458 625/1152/471 626/1153/472 628/1136/455
f 623/1154/473 627/1155/474 626/1156/475 625/1157/476
f 624/1158/477 628/1159/478 626/1160/479 627/1161/480
f 629/1162/481 632/1163/482 633/1164/483 635/1165/484
f 630/1166/485 634/1167/486 633/1168/487 632/1169/488
f 631/1170/489 635/1171/490 633/1172/491 634/1173/492
f 636/1138/457 639/1137/456 640/1174/493 642/1175/494
f 637/1176/495 641/1177/496 640/1178/497 639/1179/498
f 638/1180/499 642/1181/500 640/1182/501 641/1183/502
f 643/1184/503 646/1185/504 647/1186/505 649/1187/506
f 644/1188/507 648/1189/508 647/1190/509 646/1191/510
f 645/1192/511 649/1193/512 647/1194/513 648/1195/514
f 650/1196/515 653/1197/516 654/1198/517 656/1199/518
f 651/1200/519 655/1201/520 654/1202/521 653/1203/522
f 652/1204/523 656/1205/524 654/1206/525 655/1207/526
f 657/1208/527 660/1209/528 661/1210/529 663/1211/530
f 658/1212/531 662/1213/532 661/1214/533 660/1215/534
f 659/1216/535 663/1217/536 661/1218/537 662/1219/538
f 664/1220/539 667/1221/540 668/1222/541 670/1223/542
f 665/1224/543 669/1225/544 668/1226/545 667/1227/546
f 666/1228/547 670/1229/548 668/1230/549 669/1231/550
f 673/1232/551 676/1233/552 677/1234/553 679/1235/554
f 674/1236/555 678/1237/556 677/1234/553 676/1233/552
f 675/1238/557 679/1235/554 677/1234/553 678/1237/556
f 680/1239/558 683/1240/559 684/1241/560 686/1242/561
f 681/1243/562 685/1244/563 684/1241/560 683/1240/559
f 682/1245/564 686/1242/561 684/1241/560 685/1244/563
f 687/1246/565 690/1247/566 691/1248/567 693/1249/568
f 688/1250/569 692/1251/570 691/1248/567 690/1247/566
f 689/1252/571 693/1249/568 691/1248/567 692/1251/570
f 694/1253/572 697/1254/573 698/1255/574 700/1256/575
f 695/1257/576 699/1258/577 698/1255/574 697/1254/573
f 696/1259/578 700/1256/575 698/1255/574 699/1258/577
f 701/1260/579 704/1261/580 705/1262/581 707/1263/582
f 702/1264/583 706/1265/584 705/1266/585 704/1267/586
f 703/1268/303 707/1269/587 705/1270/588 706/1271/589
f 708/1272/590 711/1273/591 712/1274/592 714/1275/593
f 709/1276/594 713/1277/595 712/1278/596 711/1279/597
f 710/1280/598 714/1281/599 712/1282/600 713/1283/601
f 715/1284/602 718/1285/603 719/1286/604 721/1287/605
f 716/1288/606 720/1289/607 719/1290/608 718/1291/609
f 717/1292/610 721/1293/611 719/1294/612 720/1295/613
f 722/1296/614 725/1297/615 726/1298/616 728/1299/617
f 723/1300/618 727/1301/619 726/1302/620 725/1303/621
f 724/1304/622 728/1305/623 726/1306/624 727/1307/625
f 729/1308/473 732/1309/626 733/1310/627 735/1311/628
f 730/1312/629 734/1313/630 733/1314/631 732/1315/632
f 731/1316/633 735/1317/471 733/1318/634 734/1319/635
f 736/1320/636 739/1321/637 740/1322/638 742/1323/639
f 737/1324/467 741/1325/468 740/1326/640 739/1327/470
f 738/1328/459 742/1329/460 740/1330/641 741/1331/642
f 743/1332/643 746/1333/644 747/1334/483 749/1335/484
f 744/1336/645 748/1337/646 747/1338/647 746/1339/648
f 745/1340/649 749/1341/650 747/1342/651 748/1343/652
f 750/1344/499 753/1345/653 754/1346/654 756/1347/655
f 751/1348/656 755/1349/657 754/1350/658 753/1351/659
f 752/1352/660 756/1353/661 754/1354/662 755/1355/663
f 757/1356/664 760/1357/665 761/1358/666 763/1359/667
f 758/1360/668 762/1361/669 761/1362/670 760/1363/671
f 759/1364/672 763/1365/673 761/1366/674 762/1367/675
f 764/1368/676 767/1369/677 768/1370/678 770/1371/679
f 765/1372/680 769/1373/681 768/1374/682 767/1375/683
f 766/1376/684 770/1377/685 768/1378/686 769/1379/687
f 771/1380/688 774/1381/689 775/1382/690 777/1383/691
f 772/1384/692 776/1385/693 775/1386/694 774/1387/695
f 773/1388/696 777/1389/697 775/1390/698 776/1391/699
f 778/1392/700 781/1393/524 782/1394/701 784/1395/702
f 779/1396/703 783/1397/516 782/1398/704 781/1399/705
f 780/1400/706 784/1401/707 782/1402/708 783/1403/709
f 809/1404/710 812/1405/711 813/1406/712 815/1407/713
f 810/1408/714 814/1409/715 813/1406/712 812/1405/711
f 811/1410/716 815/1407/713 813/1406/712 814/1409/715
f 816/1411/717 819/1412/718 820/1413/719 822/1414/720
f 817/1415/721 821/1416/722 820/1413/719 819/1412/718
f 818/1417/723 822/1414/720 820/1413/719 821/1416/722
f 823/1418/724 826/1419/725 827/1420/726 829/1421/727
f 824/1422/728 828/1423/729 827/1420/726 826/1419/725
f 825/1424/730 829/1421/727 827/1420/726 828/1423/729
f 830/1425/731 833/1426/732 834/1427/733 836/1428/734
f 831/1429/735 835/1430/736 834/1427/733 833/1426/732
f 832/1431/737 836/1428/734 834/1427/733 835/1430/736
f 837/1432/738 840/1433/739 841/1434/740 843/1435/741
f 838/1364/742 842/1436/743 841/1434/740 840/1433/739
f 839/1437/744 843/1435/741 841/1434/740 842/1436/743
f 844/1438/745 847/1439/746 848/1440/747 850/1441/748
f 845/1442/749 849/1443/750 848/1440/747 847/1439/746
f 846/1376/751 850/1441/748 848/1440/747 849/1443/750
f 851/1444/752 854/1445/753 855/1446/754 857/1447/755
f 852/1388/756 856/1448/757 855/1446/754 854/1445/753
f 853/1449/758 857/1447/755 855/1446/754 856/1448/757
f 858/1450/759 861/1451/760 862/1452/761 864/1453/762
f 859/1454/763 863/1455/764 862/1452/761 861/1451/760
f 860/1400/765 864/1453/762 862/1452/761 863/1455/764
f 635/1165/484 618/1141/460 615/1140/459 629/1162/481
f 798/1456/766 623/1154/473 625/1157/476 799/1457/767
f 799/1458/768 625/1152/471 622/1139/458 797/1459/769
f 645/1192/511 672/1460/770 659/1216/535 662/1219/538 649/1193/512
f 649/1187/506 662/1213/532 658/1212/531 643/1184/503
f 786/1461/771 630/1166/485 632/1169/488 787/1462/772
f 787/1463/773 632/1163/482 629/1162/481 785/1464/774
f 665/1224/543 651/1200/519 653/1203/522 669/1225/544
f 789/1465/775 658/1212/531 660/1215/534 790/1466/776
f 790/1467/777 660/1209/528 657/1208/527 788/1468/778
f 730/1312/629 752/1352/660 755/1355/663 734/1313/630
f 669/1231/550 653/1197/516 650/1196/515 666/1228/547
f 792/1469/779 644/1188/507 646/1191/510 793/1470/780
f 793/1471/781 646/1185/504 643/1184/503 791/1472/782
f 671/1473/783 631/1170/489 634/1173/492 663/1217/536 659/1216/535
f 641/1183/502 667/1221/540 664/1220/539 638/1180/499
f 616/1144/463 645/1192/511 648/1195/514 620/1145/464
f 620/1151/470 648/1189/508 644/1188/507 617/1148/467
f 624/1158/477 627/1161/480 655/1201/520 651/1200/519
f 634/1167/486 630/1166/485 657/1208/527 663/1211/530
f 637/1176/495 665/1224/543 667/1227/546 641/1177/496
f 627/1155/474 623/1154/473 652/1204/523 655/1207/526
f 624/1158/477 637/1176/495 639/1179/498 628/1159/478
f 734/1319/635 755/1349/657 751/1348/656 731/1316/633
f 687/1474/565 673/1475/551 679/1476/554 690/1477/566
f 690/1247/566 679/1235/554 675/1238/557 688/1250/569
f 696/1259/578 681/1243/562 683/1240/559 700/1256/575
f 700/1478/575 683/1479/559 680/1480/558 694/1481/572
f 681/1243/562 675/1238/557 678/1237/556 685/1244/563
f 685/1482/563 678/1483/556 674/1484/555 682/1485/564
f 695/1486/576 689/1487/571 692/1488/570 699/1489/577
f 699/1258/577 692/1251/570 688/1250/569 696/1259/578
f 703/1268/303 709/1276/594 711/1279/597 707/1269/587
f 707/1263/582 711/1273/591 708/1272/590 701/1260/579
f 715/1284/602 722/1296/614 728/1299/617 718/1285/603
f 718/1291/609 728/1305/623 724/1304/622 716/1288/606
f 723/1300/618 710/1280/598 713/1283/601 727/1301/619
f 727/1307/625 713/1277/595 709/1276/594 724/1304/622
f 716/1288/606 703/1268/303 706/1271/589 720/1289/607
f 720/1295/613 706/1265/584 702/1264/583 717/1292/610
f 673/1475/551 708/1272/590 714/1275/593 676/1490/784
f 676/1491/785 714/1281/599 710/1280/598 674/1484/555
f 722/1296/614 680/1480/558 686/1492/786 725/1297/615
f 725/1303/621 686/1493/787 682/1485/564 723/1300/618
f 694/1481/572 715/1284/602 721/1287/605 697/1494/788
f 697/1495/789 721/1293/611 717/1292/610 695/1486/576
f 701/1260/579 687/1474/565 693/1496/790 704/1261/580
f 704/1267/586 693/1497/791 689/1487/571 702/1264/583
f 795/1498/766 729/1308/473 735/1311/628 796/1499/792
f 796/1500/768 735/1317/471 731/1316/633 794/1501/769
f 801/1502/771 744/1336/645 746/1339/648 802/1503/793
f 802/1504/794 746/1333/644 743/1332/643 800/1505/795
f 804/1506/796 758/1360/668 760/1363/671 805/1507/797
f 805/1508/777 760/1357/665 757/1356/664 803/1509/778
f 807/1510/779 772/1384/692 774/1387/695 808/1511/798
f 808/1512/799 774/1381/689 771/1380/688 806/1513/800
f 738/1328/459 743/1332/643 749/1335/484 742/1329/460
f 742/1323/639 749/1341/650 745/1340/649 736/1320/636
f 766/1376/684 780/1400/706 783/1403/709 770/1377/685
f 770/1371/679 783/1397/516 779/1396/703 764/1368/676
f 758/1360/668 771/1380/688 777/1383/691 762/1361/669
f 762/1367/675 777/1389/697 773/1388/696 759/1364/672
f 814/1409/715 836/1428/734 832/1431/737 811/1410/716
f 752/1352/660 766/1376/684 769/1379/687 756/1353/661
f 756/1347/655 769/1373/681 765/1372/680 750/1344/499
f 744/1336/645 757/1356/664 763/1359/667 748/1337/646
f 748/1343/652 763/1365/673 759/1364/672 745/1340/649
f 780/1400/706 730/1312/629 732/1315/632 784/1401/707
f 784/1395/702 732/1309/626 729/1308/473 778/1392/700
f 772/1384/692 737/1324/467 739/1327/470 776/1385/693
f 776/1391/699 739/1321/637 736/1320/636 773/1388/696
f 810/1514/714 830/1515/731 836/1516/734 814/1517/715
f 750/1344/499 786/1461/771 787/1462/772 753/1345/653
f 753/1351/659 787/1463/773 785/1464/774 751/1348/656
f 764/1368/676 789/1465/775 790/1466/776 767/1369/677
f 767/1375/683 790/1467/777 788/1468/778 765/1372/680
f 778/1392/700 792/1469/779 793/1470/780 781/1393/524
f 781/1399/705 793/1471/781 791/1472/782 779/1396/703
f 617/1148/467 795/1498/766 796/1499/792 621/1149/468
f 621/1143/462 796/1500/768 794/1501/769 615/1140/459
f 737/1324/467 798/1456/766 799/1457/767 741/1325/468
f 741/1331/642 799/1458/768 797/1459/769 738/1328/459
f 638/1180/499 801/1502/771 802/1503/793 642/1181/500
f 642/1175/494 802/1504/794 800/1505/795 636/1138/457
f 666/1228/547 804/1506/796 805/1507/797 670/1229/548
f 670/1223/542 805/1508/777 803/1509/778 664/1220/539
f 652/1204/523 807/1510/779 808/1511/798 656/1205/524
f 656/1199/518 808/1512/799 806/1513/800 650/1196/515
f 809/1518/710 816/1519/717 822/1520/801 812/1521/801
f 812/1522/802 822/1523/802 818/1524/723 810/1525/714
f 825/1526/730 831/1527/735 833/1528/803 829/1529/803
f 829/1530/804 833/1531/804 830/1532/731 823/1533/724
f 839/1534/744 845/1535/749 847/1536/805 843/1537/805
f 843/1538/806 847/1539/806 844/1540/745 837/1541/738
f 853/1542/758 859/1543/763 861/1544/807 857/1545/807
f 857/1546/808 861/1547/808 858/1548/759 851/1549/752
f 817/1415/721 824/1422/728 826/1419/725 821/1416/722
f 821/1550/722 826/1551/725 823/1552/724 818/1553/723
f 845/1554/749 858/1555/759 864/1556/762 849/1557/750
f 849/1443/750 864/1453/762 860/1400/765 846/1376/751
f 838/1364/742 852/1388/756 854/1445/753 842/1436/743
f 842/1558/743 854/1559/753 851/1560/752 839/1561/744
f 831/1562/735 844/1563/745 850/1564/748 835/1565/736
f 835/1430/736 850/1441/748 846/1376/751 832/1431/737
f 824/1422/728 838/1364/742 840/1433/739 828/1423/729
f 828/1566/729 840/1567/739 837/1568/738 825/1569/730
f 859/1570/763 809/1571/710 815/1572/713 863/1573/764
f 863/1455/764 815/1407/713 811/1410/716 860/1400/765
f 852/1388/756 817/1415/721 819/1412/718 856/1448/757
f 856/1574/757 819/1575/718 816/1576/717 853/1577/758
f 794/1501/769 785/1464/774 629/1162/481 615/1140/459
f 622/1139/458 636/1138/457 800/1505/795 797/1459/769
f 623/1154/473 798/1456/766 807/1510/779 652/1204/523
f 792/1469/779 795/1498/766 617/1148/467 644/1188/507
f 616/1144/463 631/1170/489 671/1473/783 696/1259/578 688/1250/569 675/1238/557 681/1243/562 672/1460/770 645/1192/511
f 791/1472/782 643/1184/503 658/1212/531 789/1465/775
f 651/1200/519 665/1224/543 637/1176/495 624/1158/477
f 806/1513/800 804/1506/796 666/1228/547 650/1196/515
f 788/1468/778 657/1208/527 630/1166/485 786/1461/771
f 659/1216/535 672/1460/770 681/1243/562 696/1259/578 671/1473/783
f 638/1180/499 664/1220/539 803/1509/778 801/1502/771
f 631/1170/489 616/1144/463 618/1147/466 635/1171/490
f 682/1485/564 674/1484/555 710/1280/598 723/1300/618
f 673/1475/551 687/1474/565 701/1260/579 708/1272/590
f 694/1481/572 680/1480/558 722/1296/614 715/1284/602
f 689/1487/571 695/1486/576 717/1292/610 702/1264/583
f 703/1268/303 716/1288/606 724/1304/622 709/1276/594
f 811/1410/716 832/1431/737 752/1352/660 730/1312/629
f 731/1316/633 751/1348/656 785/1464/774 794/1501/769
f 738/1328/459 797/1459/769 800/1505/795 743/1332/643
f 736/1320/636 745/1340/649 824/1422/728 817/1415/721
f 807/1510/779 798/1456/766 737/1324/467 772/1384/692
f 803/1509/778 757/1356/664 744/1336/645 801/1502/771
f 759/1364/672 838/1364/742 824/1422/728 745/1340/649
f 773/1388/696 736/1320/636 817/1415/721 852/1388/756
f 766/1376/684 752/1352/660 832/1431/737 846/1376/751
f 764/1368/676 779/1396/703 791/1472/782 789/1465/775
f 810/1525/714 818/1524/723 823/1533/724 830/1532/731
f 765/1372/680 788/1468/778 786/1461/771 750/1344/499
f 806/1513/800 771/1380/688 758/1360/668 804/1506/796
f 759/1578/76 773/1578/76 852/1578/76 838/1578/76
f 780/1400/706 860/1400/765 811/1410/716 730/1312/629
f 778/1392/700 729/1308/473 795/1498/766 792/1469/779
f 780/1579/706 766/1579/684 846/1579/751 860/1579/765
f 853/1542/758 816/1519/717 809/1518/710 859/1543/763
f 837/1541/738 844/1540/745 831/1527/735 825/1526/730
f 839/1534/744 851/1549/752 858/1548/759 845/1535/749
f 1/30/147 10/8/5 11/7/4 2/189/147
f 870/1580/11 869/1581/809 878/1582/809 879/1583/11
f 868/1584/810 867/1585/811 876/1586/811 877/1587/810
f 866/1588/812 875/1589/812 876/1590/812 867/1591/812
f 873/1592/813 872/1593/814 881/1594/814 882/1595/813
f 871/1596/815 870/1580/11 879/1583/11 880/1597/815
f 869/1598/809 868/1584/810 877/1587/810 878/1599/809
f 865/1600/816 873/1601/816 882/1602/816 874/1603/816
f 872/1604/814 871/1596/815 880/1597/815 881/1605/814
f 889/1606/90 898/1607/90 897/1608/817 888/1609/817
f 887/1610/818 896/1611/818 893/1612/819 884/1613/819
f 883/1614/820 884/1615/820 893/1616/820 892/1617/820
f 886/1618/821 895/1619/821 900/1620/822 891/1621/822
f 890/1622/823 899/1623/823 898/1607/90 889/1606/90
f 888/1624/817 897/1625/817 896/1611/818 887/1610/818
f 885/1626/824 894/1627/824 895/1628/824 886/1629/824
f 891/1630/822 900/1631/822 899/1623/823 890/1622/823
f 913/1632/1 914/1633/1 915/1634/1 916/1635/1 917/1636/1 918/1637/1 931/1638/1 936/1639/1 935/1640/1 934/1641/1 933/1642/1 932/1643/1 929/1644/1 912/1645/1
f 867/1646/1 884/1647/1 883/1648/1 866/1649/1
f 875/1650/825 892/1651/825 893/1652/278 876/1653/278
f 865/1654/1 885/1655/1 886/1656/1 873/1657/1
f 882/1658/278 895/1659/278 894/1660/826 874/1661/826
f 874/1662/827 894/1663/827 885/1664/827 865/1665/827
f 866/1666/828 883/1667/828 892/1668/828 875/1669/828
f 888/1670/1 887/1671/1 884/1647/1 867/1646/1 868/1672/1 869/1673/1 870/1674/1 871/1675/1 872/1676/1 873/1657/1 886/1656/1 891/1677/1 890/1678/1 889/1679/1
f 906/1680/11 915/1681/11 914/1682/809 905/1683/809
f 904/1684/829 913/1685/829 912/1686/811 903/1687/811
f 902/1688/812 903/1689/812 912/1690/812 911/1691/812
f 909/1692/813 918/1693/813 917/1694/814 908/1695/814
f 907/1696/815 916/1697/815 915/1681/11 906/1680/11
f 905/1698/809 914/1699/809 913/1685/829 904/1684/829
f 901/1700/816 910/1701/816 918/1702/816 909/1703/816
f 908/1704/814 917/1705/814 916/1697/815 907/1696/815
f 925/1706/90 924/1707/817 933/1708/817 934/1709/90
f 923/1710/818 920/1711/819 929/1712/819 932/1713/818
f 919/1714/820 928/1715/820 929/1716/820 920/1717/820
f 922/1718/821 927/1719/822 936/1720/822 931/1721/821
f 926/1722/823 925/1706/90 934/1709/90 935/1723/823
f 924/1724/817 923/1710/818 932/1713/818 933/1725/817
f 921/1726/824 922/1727/824 931/1728/824 930/1729/824
f 927/1730/822 926/1722/823 935/1723/823 936/1731/822
f 903/1732/278 902/1733/278 919/1734/278 920/1735/278
f 911/1736/830 912/1645/1 929/1644/1 928/1737/830
f 901/1738/831 909/1739/278 922/1740/278 921/1741/831
f 918/1637/1 910/1742/1 930/1743/1 931/1638/1
f 910/1744/827 901/1745/827 921/1746/827 930/1747/827
f 902/1748/828 911/1749/828 928/1750/828 919/1751/828
f 905/1752/278 904/1753/278 903/1732/278 920/1735/278 923/1754/278 924/1755/278 925/1756/278 926/1757/278 927/1758/278 922/1740/278 909/1739/278 908/1759/278 907/1760/278 906/1761/278
f 938/1762/832 946/1763/833 947/1764/834 939/1765/835
f 939/1765/835 947/1764/834 948/1766/836 940/1767/837
f 940/1767/837 948/1766/836 949/1768/838 941/1769/839
f 941/1770/839 949/1771/838 950/1772/840 942/1773/841
f 942/1773/841 950/1772/840 951/1774/842 943/1775/843
f 951/1776/844 952/1777/845 944/1778/846 943/1779/846
f 944/1780/847 952/1781/848 945/1782/849 937/1783/850
f 977/1784/851 985/1785/831 986/1786/852 978/1787/853
f 945/1782/849 953/1788/854 954/1789/855 946/1790/833
f 946/1763/833 954/1791/855 955/1792/856 947/1764/834
f 947/1764/834 955/1792/856 956/1793/857 948/1766/836
f 948/1766/836 956/1793/857 957/1794/858 949/1768/838
f 949/1771/838 957/1795/858 958/1796/859 950/1772/840
f 950/1772/840 958/1796/859 959/1797/860 951/1774/842
f 959/1798/861 960/1799/861 952/1777/845 951/1776/844
f 952/1781/848 960/1800/862 953/1788/854 945/1782/849
f 953/1788/854 961/1801/863 962/1802/864 954/1789/855
f 954/1791/855 962/1803/864 963/1804/865 955/1792/856
f 955/1792/856 963/1804/865 964/1805/866 956/1793/857
f 956/1793/857 964/1805/866 965/1806/867 957/1794/858
f 957/1794/858 965/1806/867 966/1807/868 958/1808/859
f 958/1796/859 966/1809/868 967/1810/869 959/1797/860
f 967/1811/870 968/1812/870 960/1799/861 959/1798/861
f 960/1800/862 968/1813/871 961/1801/863 953/1788/854
f 961/1814/863 969/1815/872 970/1816/873 962/1817/864
f 962/1803/864 970/1818/873 971/1819/874 963/1804/865
f 963/1804/865 971/1819/874 972/1820/875 964/1805/866
f 964/1805/866 972/1820/875 973/1821/876 965/1806/867
f 965/1806/867 973/1821/876 974/1822/877 966/1807/868
f 966/1823/868 974/1824/877 975/1825/878 967/1826/869
f 975/1827/879 976/1828/879 968/1812/870 967/1811/870
f 968/1829/871 976/1830/880 969/1815/872 961/1814/863
f 969/1815/872 977/1784/851 978/1787/853 970/1816/873
f 970/1818/873 978/1831/853 979/1832/881 971/1819/874
f 971/1819/874 979/1832/881 980/1833/882 972/1820/875
f 972/1820/875 980/1833/882 981/1834/883 973/1821/876
f 973/1821/876 981/1834/883 982/1835/884 974/1822/877
f 974/1824/877 982/1836/884 983/1837/885 975/1825/878
f 983/1838/886 984/1839/887 976/1828/879 975/1827/879
f 976/1830/880 984/1840/888 977/1784/851 969/1815/872
f 978/1831/853 986/1841/852 987/1842/889 979/1832/881
f 979/1832/881 987/1842/889 988/1843/890 980/1833/882
f 980/1833/882 988/1843/890 989/1844/891 981/1834/883
f 981/1845/883 989/1846/891 990/1847/892 982/1836/884
f 982/1836/884 990/1847/892 991/1848/893 983/1837/885
f 991/1849/894 992/1850/894 984/1839/887 983/1838/886
f 984/1840/888 992/1851/895 985/1785/831 977/1784/851
f 937/1783/850 945/1782/849 946/1790/833 938/1852/832
f 994/1853/896 995/1854/897 1003/1855/898 1002/1856/899
f 995/1857/897 996/1858/900 1004/1859/901 1003/1860/898
f 996/1858/900 997/1861/902 1005/1862/903 1004/1859/901
f 997/1861/902 998/1863/904 1006/1864/905 1005/1862/903
f 998/1865/904 999/1866/906 1007/1867/907 1006/1868/905
f 999/1869/908 1000/1870/908 1008/1871/909 1007/1872/910
f 1000/1873/911 993/1874/912 1001/1875/913 1008/1876/914
f 1033/1877/915 1034/1878/916 986/1786/852 985/1785/831
f 1001/1875/913 1002/1856/899 1010/1879/917 1009/1880/918
f 1002/1856/899 1003/1855/898 1011/1881/919 1010/1879/917
f 1003/1860/898 1004/1859/901 1012/1882/920 1011/1883/919
f 1004/1859/901 1005/1862/903 1013/1884/921 1012/1882/920
f 1005/1862/903 1006/1864/905 1014/1885/922 1013/1884/921
f 1006/1868/905 1007/1867/907 1015/1886/923 1014/1887/922
f 1007/1872/910 1008/1871/909 1016/1888/924 1015/1889/924
f 1008/1876/914 1001/1875/913 1009/1880/918 1016/1890/925
f 1009/1880/918 1010/1879/917 1018/1891/926 1017/1892/927
f 1010/1879/917 1011/1881/919 1019/1893/928 1018/1891/926
f 1011/1883/919 1012/1882/920 1020/1894/929 1019/1895/928
f 1012/1882/920 1013/1884/921 1021/1896/930 1020/1894/929
f 1013/1884/921 1014/1885/922 1022/1897/931 1021/1896/930
f 1014/1887/922 1015/1886/923 1023/1898/932 1022/1899/931
f 1015/1889/924 1016/1888/924 1024/1900/933 1023/1901/933
f 1016/1890/925 1009/1880/918 1017/1892/927 1024/1902/934
f 1017/1903/927 1018/1904/926 1026/1905/935 1025/1906/936
f 1018/1907/926 1019/1895/928 1027/1908/937 1026/1909/935
f 1019/1895/928 1020/1894/929 1028/1910/938 1027/1908/937
f 1020/1894/929 1021/1896/930 1029/1911/939 1028/1910/938
f 1021/1896/930 1022/1897/931 1030/1912/940 1029/1911/939
f 1022/1913/931 1023/1914/932 1031/1915/941 1030/1916/940
f 1023/1901/933 1024/1900/933 1032/1917/942 1031/1918/942
f 1024/1919/934 1017/1903/927 1025/1906/936 1032/1920/943
f 1025/1906/936 1026/1905/935 1034/1878/916 1033/1877/915
f 1026/1909/935 1027/1908/937 1035/1921/944 1034/1922/916
f 1027/1908/937 1028/1910/938 1036/1923/945 1035/1921/944
f 1028/1910/938 1029/1911/939 1037/1924/946 1036/1923/945
f 1029/1911/939 1030/1912/940 1038/1925/947 1037/1924/946
f 1030/1916/940 1031/1915/941 1039/1926/948 1038/1927/947
f 1031/1918/942 1032/1917/942 1040/1928/949 1039/1929/950
f 1032/1920/943 1025/1906/936 1033/1877/915 1040/1930/951
f 1034/1922/916 1035/1921/944 987/1842/889 986/1841/852
f 1035/1921/944 1036/1923/945 988/1843/890 987/1842/889
f 1036/1923/945 1037/1924/946 989/1844/891 988/1843/890
f 1037/1931/946 1038/1927/947 990/1847/892 989/1846/891
f 1038/1927/947 1039/1926/948 991/1848/893 990/1847/892
f 1039/1929/950 1040/1928/949 992/1850/894 991/1849/894
f 1040/1930/951 1033/1877/915 985/1785/831 992/1851/895
f 993/1874/912 994/1853/896 1002/1856/899 1001/1875/913
f 938/1762/832 939/1765/835 1043/1932/952 1042/1933/953
f 939/1765/835 940/1767/837 1044/1934/954 1043/1932/952
f 940/1767/837 941/1769/839 1045/1935/955 1044/1934/954
f 941/1770/839 942/1773/841 1046/1936/956 1045/1937/955
f 942/1773/841 943/1775/843 1047/1938/957 1046/1936/956
f 943/1779/846 944/1778/846 1048/1939/958 1047/1940/959
f 944/1780/847 937/1783/850 1041/1941/960 1048/1942/961
f 1073/1943/962 1074/1944/963 1082/1945/964 1081/1946/1
f 1041/1941/960 1042/1947/953 1050/1948/965 1049/1949/966
f 1042/1933/953 1043/1932/952 1051/1950/967 1050/1951/965
f 1043/1932/952 1044/1934/954 1052/1952/968 1051/1950/967
f 1044/1934/954 1045/1935/955 1053/1953/969 1052/1952/968
f 1045/1937/955 1046/1936/956 1054/1954/970 1053/1955/969
f 1046/1936/956 1047/1938/957 1055/1956/971 1054/1954/970
f 1047/1940/959 1048/1939/958 1056/1957/972 1055/1958/973
f 1048/1942/961 1041/1941/960 1049/1949/966 1056/1959/974
f 1049/1949/966 1050/1948/965 1058/1960/975 1057/1961/976
f 1050/1951/965 1051/1950/967 1059/1962/977 1058/1963/975
f 1051/1950/967 1052/1952/968 1060/1964/978 1059/1962/977
f 1052/1952/968 1053/1953/969 1061/1965/979 1060/1964/978
f 1053/1955/969 1054/1954/970 1062/1966/980 1061/1967/979
f 1054/1954/970 1055/1956/971 1063/1968/981 1062/1966/980
f 1055/1958/973 1056/1957/972 1064/1969/982 1063/1970/982
f 1056/1959/974 1049/1949/966 1057/1961/976 1064/1971/983
f 1057/1972/976 1058/1973/975 1066/1974/984 1065/1975/985
f 1058/1963/975 1059/1962/977 1067/1976/986 1066/1977/984
f 1059/1962/977 1060/1964/978 1068/1978/987 1067/1976/986
f 1060/1964/978 1061/1965/979 1069/1979/988 1068/1978/987
f 1061/1965/979 1062/1980/980 1070/1981/989 1069/1979/988
f 1062/1982/980 1063/1983/981 1071/1984/990 1070/1985/989
f 1063/1970/982 1064/1969/982 1072/1986/991 1071/1987/991
f 1064/1988/983 1057/1972/976 1065/1975/985 1072/1989/992
f 1065/1975/985 1066/1974/984 1074/1944/963 1073/1943/962
f 1066/1977/984 1067/1976/986 1075/1990/993 1074/1991/963
f 1067/1976/986 1068/1978/987 1076/1992/994 1075/1990/993
f 1068/1978/987 1069/1979/988 1077/1993/995 1076/1992/994
f 1069/1979/988 1070/1981/989 1078/1994/996 1077/1993/995
f 1070/1985/989 1071/1984/990 1079/1995/997 1078/1996/996
f 1071/1987/991 1072/1986/991 1080/1997/998 1079/1998/999
f 1072/1989/992 1065/1975/985 1073/1943/962 1080/1999/1000
f 1074/1944/963 1075/2000/993 1083/2001/1001 1082/1945/964
f 1075/1990/993 1076/1992/994 1084/2002/1002 1083/2003/1001
f 1076/1992/994 1077/1993/995 1085/2004/1003 1084/2002/1002
f 1077/1993/995 1078/1994/996 1086/2005/1004 1085/2004/1003
f 1078/1996/996 1079/1995/997 1087/2006/1005 1086/2007/1004
f 1079/1998/999 1080/1997/998 1088/2008/1006 1087/2009/1006
f 1080/1999/1000 1073/1943/962 1081/1946/1 1088/2010/1007
f 937/1783/850 938/1852/832 1042/1947/953 1041/1941/960
f 2952/2011/1008 1090/2012/1009 1091/2013/1010 2953/2014/1011
f 2953/2015/1011 1091/2016/1010 1092/2017/1012 2954/2018/1013
f 2954/2018/1013 1092/2017/1012 1093/2019/1014 2955/2020/1015
f 2955/2020/1015 1093/2019/1014 1094/2021/1016 2956/2022/1017
f 2956/2023/1017 1094/2024/1016 1095/2025/1018 2957/2026/1019
f 1095/2027/1020 1096/2028/1021 2958/2029/1022 2957/2030/1023
f 2958/2031/1024 1096/2032/1025 1089/2033/1026 2951/2034/1027
f 1121/2035/1028 1081/1946/1 1082/1945/964 1122/2036/1029
f 1089/2033/1026 1097/2037/1030 1098/2038/1031 1090/2012/1009
f 1090/2012/1009 1098/2038/1031 1099/2039/1032 1091/2013/1010
f 1091/2016/1010 1099/2040/1032 1100/2041/1033 1092/2017/1012
f 1092/2017/1012 1100/2041/1033 1101/2042/1034 1093/2019/1014
f 1093/2019/1014 1101/2042/1034 1102/2043/1035 1094/2021/1016
f 1094/2024/1016 1102/2044/1035 1103/2045/1036 1095/2025/1018
f 1103/2046/1037 1104/2047/1037 1096/2028/1021 1095/2027/1020
f 1096/2032/1025 1104/2048/1038 1097/2037/1030 1089/2033/1026
f 1097/2037/1030 1105/2049/1039 1106/2050/1040 1098/2038/1031
f 1098/2051/1031 1106/2052/1040 1107/2053/1041 1099/2040/1032
f 1099/2040/1032 1107/2053/1041 1108/2054/1042 1100/2041/1033
f 1100/2041/1033 1108/2054/1042 1109/2055/1043 1101/2042/1034
f 1101/2042/1034 1109/2055/1043 1110/2056/1044 1102/2043/1035
f 1102/2044/1035 1110/2057/1044 1111/2058/1045 1103/2045/1036
f 1111/2059/1046 1112/2060/1046 1104/2047/1037 1103/2046/1037
f 1104/2048/1038 1112/2061/1047 1105/2049/1039 1097/2037/1030
f 1105/2062/1039 1113/2063/1048 1114/2064/1049 1106/2065/1040
f 1106/2052/1040 1114/2066/1049 1115/2067/1050 1107/2053/1041
f 1107/2053/1041 1115/2067/1050 1116/2068/1051 1108/2054/1042
f 1108/2054/1042 1116/2068/1051 1117/2069/1052 1109/2055/1043
f 1109/2055/1043 1117/2069/1052 1118/2070/1053 1110/2056/1044
f 1110/2071/1044 1118/2072/1053 1119/2073/1054 1111/2074/1045
f 1119/2075/1055 1120/2076/1055 1112/2060/1046 1111/2059/1046
f 1112/2077/1047 1120/2078/1056 1113/2063/1048 1105/2062/1039
f 1113/2063/1048 1121/2035/1028 1122/2036/1029 1114/2064/1049
f 1114/2066/1049 1122/2079/1029 1123/2080/1057 1115/2067/1050
f 1115/2067/1050 1123/2080/1057 1124/2081/1058 1116/2068/1051
f 1116/2068/1051 1124/2081/1058 1125/2082/1059 1117/2069/1052
f 1117/2069/1052 1125/2082/1059 1126/2083/1060 1118/2070/1053
f 1118/2072/1053 1126/2084/1060 1127/2085/1061 1119/2073/1054
f 1127/2086/1062 1128/2087/1063 1120/2076/1055 1119/2075/1055
f 1120/2078/1056 1128/2088/1064 1121/2035/1028 1113/2063/1048
f 1122/2036/1029 1082/1945/964 1083/2001/1001 1123/2089/1057
f 1123/2080/1057 1083/2003/1001 1084/2002/1002 1124/2081/1058
f 1124/2081/1058 1084/2002/1002 1085/2004/1003 1125/2082/1059
f 1125/2082/1059 1085/2004/1003 1086/2005/1004 1126/2083/1060
f 1126/2084/1060 1086/2007/1004 1087/2006/1005 1127/2085/1061
f 1087/2009/1006 1088/2008/1006 1128/2087/1063 1127/2086/1062
f 1128/2088/1064 1088/2010/1007 1081/1946/1 1121/2035/1028
f 2951/2034/1027 1089/2033/1026 1090/2012/1009 2952/2011/1008
f 1134/2090/278 1133/2091/1065 1142/2092/1065 1143/2093/278
f 1132/2094/1066 1131/2095/1067 1140/2096/1067 1141/2097/1066
f 1130/2098/1068 1139/2099/1068 1140/2100/1068 1131/2101/1068
f 1137/2102/1069 1136/2103/1070 1145/2104/1070 1146/2105/1069
f 1135/2106/1071 1134/2090/278 1143/2093/278 1144/2107/1071
f 1133/2108/1065 1132/2094/1066 1141/2097/1066 1142/2109/1065
f 1129/2110/1072 1137/2111/1072 1146/2112/1072 1138/2113/1072
f 1136/2114/1070 1135/2106/1071 1144/2107/1071 1145/2115/1070
f 1153/2116/1 1162/2117/1 1161/2118/1073 1152/2119/1073
f 1151/2120/1074 1160/2121/1074 1157/2122/1075 1148/2123/1075
f 1147/2124/1076 1148/2125/1076 1157/2126/1076 1156/2127/1076
f 1150/2128/1077 1159/2129/1077 1164/2130/1078 1155/2131/1078
f 1154/2132/1079 1163/2133/1079 1162/2117/1 1153/2116/1
f 1152/2134/1073 1161/2135/1073 1160/2121/1074 1151/2120/1074
f 1149/2136/1080 1158/2137/1080 1159/2138/1080 1150/2139/1080
f 1155/2140/1078 1164/2141/1078 1163/2133/1079 1154/2132/1079
f 1131/2142/11 1148/2143/11 1147/2144/11 1130/2145/11
f 1139/2146/1081 1156/2147/1081 1157/2148/90 1140/2149/90
f 1129/2150/11 1149/2151/11 1150/2152/11 1137/2153/11
f 1146/2154/90 1159/2155/90 1158/2156/1082 1138/2157/1082
f 1138/2158/1083 1158/2159/1083 1149/2160/1083 1129/2161/1083
f 1132/2162/11 1151/2163/11 1148/2143/11 1131/2142/11
f 1163/2164/90 1164/2165/90 1159/2155/90 1146/2154/90 1145/2166/90 1144/2167/90 1143/2168/90 1142/2169/90 1141/2170/90 1140/2149/90 1157/2148/90 1160/2171/90 1161/2172/90 1162/2173/90
f 1130/2174/1084 1147/2175/1084 1156/2176/1084 1139/2177/1084
f 1170/2178/278 1179/2179/278 1178/2180/1065 1169/2181/1065
f 1168/2182/1066 1177/2183/1066 1176/2184/1067 1167/2185/1067
f 1166/2186/1068 1167/2187/1068 1176/2188/1068 1175/2189/1068
f 1173/2190/1069 1182/2191/1069 1181/2192/1070 1172/2193/1070
f 1171/2194/1071 1180/2195/1071 1179/2179/278 1170/2178/278
f 1169/2196/1065 1178/2197/1065 1177/2183/1066 1168/2182/1066
f 1165/2198/1072 1174/2199/1072 1182/2200/1072 1173/2201/1072
f 1172/2202/1070 1181/2203/1070 1180/2195/1071 1171/2194/1071
f 1189/2204/1 1188/2205/1073 1197/2206/1073 1198/2207/1
f 1187/2208/1074 1184/2209/1075 1193/2210/1075 1196/2211/1074
f 1183/2212/1076 1192/2213/1076 1193/2214/1076 1184/2215/1076
f 1186/2216/1077 1191/2217/1085 1200/2218/1078 1195/2219/1077
f 1190/2220/1079 1189/2204/1 1198/2207/1 1199/2221/1079
f 1188/2222/1073 1187/2208/1074 1196/2211/1074 1197/2223/1073
f 1185/2224/1080 1186/2225/1080 1195/2226/1080 1194/2227/1080
f 1191/2228/1085 1190/2220/1079 1199/2221/1079 1200/2229/1078
f 1167/2230/90 1166/2231/90 1183/2232/90 1184/2233/90
f 1175/2234/1086 1176/2235/11 1193/2236/11 1192/2237/1086
f 1165/2238/90 1173/2239/90 1186/2240/90 1185/2241/90
f 1182/2242/11 1174/2243/1087 1194/2244/1087 1195/2245/11
f 1174/2246/1083 1165/2247/1083 1185/2248/1083 1194/2249/1083
f 1169/2250/90 1168/2251/90 1167/2230/90 1184/2233/90 1187/2252/90 1188/2253/90 1189/2254/90 1190/2255/90 1191/2256/90 1186/2240/90 1173/2239/90 1172/2257/90 1171/2258/90 1170/2259/90
f 1166/2260/1084 1175/2261/1084 1192/2262/1084 1183/2263/1084
f 1177/2264/11 1178/2265/11 1179/2266/11 1180/2267/11 1181/2268/11 1182/2242/11 1195/2245/11 1200/2269/11 1199/2270/11 1198/2271/11 1197/2272/11 1196/2273/11 1193/2236/11 1176/2235/11
f 1201/2274/1088 1209/2275/1089 1210/2276/1090 1202/2277/1091
f 1202/2277/1091 1210/2276/1090 1211/2278/1092 1203/2279/1093
f 1203/2279/1093 1211/2278/1092 1212/2280/1094 1204/2281/1095
f 1204/2282/1095 1212/2283/1094 1213/2284/1096 1205/2285/1097
f 1205/2285/1097 1213/2284/1096 1214/2286/1098 1206/2287/1099
f 1206/2287/1099 1214/2286/1098 1215/2288/1100 1207/2289/1101
f 1207/2290/1101 1215/2291/1100 1216/2292/1102 1208/2293/1103
f 1216/2294/1104 1209/2295/1105 1201/2296/1106 1208/2297/1106
f 1209/2275/1089 1217/2298/1107 1218/2299/1108 1210/2276/1090
f 1210/2276/1090 1218/2299/1108 1219/2300/1109 1211/2278/1092
f 1211/2278/1092 1219/2300/1109 1220/2301/1110 1212/2280/1094
f 1212/2283/1094 1220/2302/1110 1221/2303/1111 1213/2284/1096
f 1213/2284/1096 1221/2303/1111 1222/2304/1112 1214/2286/1098
f 1214/2286/1098 1222/2304/1112 1223/2305/1113 1215/2288/1100
f 1215/2291/1100 1223/2306/1113 1224/2307/1114 1216/2292/1102
f 1224/2308/1115 1217/2309/1116 1209/2295/1105 1216/2294/1104
f 1217/2298/1107 1225/2310/1117 1226/2311/1118 1218/2299/1108
f 1218/2299/1108 1226/2311/1118 1227/2312/1119 1219/2300/1109
f 1219/2300/1109 1227/2312/1119 1228/2313/1120 1220/2301/1110
f 1220/2302/1110 1228/2314/1120 1229/2315/1121 1221/2303/1111
f 1221/2303/1111 1229/2315/1121 1230/2316/1122 1222/2304/1112
f 1222/2304/1112 1230/2316/1122 1231/2317/1123 1223/2305/1113
f 1223/2306/1113 1231/2318/1123 1232/2319/1124 1224/2307/1114
f 1232/2320/1125 1225/2321/1126 1217/2309/1116 1224/2308/1115
f 1225/2310/1117 1233/2322/1127 1234/2323/1128 1226/2311/1118
f 1226/2311/1118 1234/2323/1128 1235/2324/1129 1227/2312/1119
f 1227/2312/1119 1235/2324/1129 1236/2325/1130 1228/2313/1120
f 1228/2313/1120 1236/2325/1130 1237/2326/1131 1229/2327/1121
f 1229/2328/1121 1237/2329/1131 1238/2330/1132 1230/2331/1122
f 1230/2331/1122 1238/2330/1132 1239/2332/1133 1231/2333/1123
f 1231/2318/1123 1239/2334/1133 1240/2335/1134 1232/2319/1124
f 1240/2335/1135 1233/2336/1136 1225/2337/1126 1232/2319/1125
f 1233/2322/1127 1241/2338/1137 1242/2339/1138 1234/2323/1128
f 1234/2323/1128 1242/2339/1138 1243/2340/1139 1235/2324/1129
f 1235/2324/1129 1243/2340/1139 1244/2341/1140 1236/2325/1130
f 1236/2342/1130 1244/2343/1140 1245/2344/1141 1237/2329/1131
f 1237/2329/1131 1245/2344/1141 1246/2345/1142 1238/2330/1132
f 1238/2330/1132 1246/2345/1142 1247/2346/1143 1239/2332/1133
f 1239/2334/1133 1247/2347/1143 1248/2348/1144 1240/2335/1134
f 1248/2349/1145 1241/2350/1146 1233/2351/1136 1240/2352/1135
f 1241/2338/1137 1249/2353/1147 1250/2354/1148 1242/2339/1138
f 1242/2339/1138 1250/2354/1148 1251/2355/1149 1243/2340/1139
f 1243/2340/1139 1251/2355/1149 1252/2356/1150 1244/2341/1140
f 1244/2343/1140 1252/2357/1150 1253/2358/1151 1245/2344/1141
f 1245/2344/1141 1253/2358/1151 1254/2359/1152 1246/2345/1142
f 1246/2345/1142 1254/2359/1152 1255/2360/1153 1247/2346/1143
f 1247/2346/1143 1255/2360/1153 1256/2361/1154 1248/2362/1144
f 1256/2363/1155 1249/2364/1156 1241/2350/1146 1248/2349/1145
f 1257/2365/1157 1258/2366/1158 1266/2367/1159 1265/2368/1160
f 1258/2369/1158 1259/2370/1161 1267/2371/1162 1266/2372/1159
f 1259/2370/1161 1260/2373/1163 1268/2374/1164 1267/2371/1162
f 1260/2373/1163 1261/2375/1165 1269/2376/1166 1268/2374/1164
f 1261/2377/1165 1262/2378/1167 1270/2379/1168 1269/2380/1166
f 1262/2378/1167 1263/2381/1169 1271/2382/1170 1270/2379/1168
f 1263/2381/1169 1264/2383/1171 1272/2384/1172 1271/2382/1170
f 1264/2385/1173 1257/2386/1173 1265/2387/1174 1272/2388/1175
f 1265/2368/1160 1266/2367/1159 1274/2389/1176 1273/2390/1177
f 1266/2372/1159 1267/2371/1162 1275/2391/1178 1274/2392/1176
f 1267/2371/1162 1268/2374/1164 1276/2393/1179 1275/2391/1178
f 1268/2374/1164 1269/2376/1166 1277/2394/1180 1276/2393/1179
f 1269/2380/1166 1270/2379/1168 1278/2395/1181 1277/2396/1180
f 1270/2379/1168 1271/2382/1170 1279/2397/1182 1278/2395/1181
f 1271/2382/1170 1272/2384/1172 1280/2398/1183 1279/2397/1182
f 1272/2388/1175 1265/2387/1174 1273/2399/1184 1280/2400/1185
f 1273/2401/1177 1274/2392/1176 1282/2402/1186 1281/2403/1187
f 1274/2392/1176 1275/2391/1178 1283/2404/1188 1282/2402/1186
f 1275/2391/1178 1276/2393/1179 1284/2405/1189 1283/2404/1188
f 1276/2393/1179 1277/2394/1180 1285/2406/1190 1284/2405/1189
f 1277/2396/1180 1278/2395/1181 1286/2407/1191 1285/2408/1190
f 1278/2395/1181 1279/2397/1182 1287/2409/1192 1286/2407/1191
f 1279/2397/1182 1280/2398/1183 1288/2410/1193 1287/2409/1192
f 1280/2400/1185 1273/2399/1184 1281/2411/1194 1288/2412/1195
f 1281/2403/1187 1282/2402/1186 1290/2413/1196 1289/2414/1197
f 1282/2402/1186 1283/2404/1188 1291/2415/1198 1290/2413/1196
f 1283/2404/1188 1284/2405/1189 1292/2416/1199 1291/2415/1198
f 1284/2405/1189 1285/2406/1190 1293/2417/1200 1292/2416/1199
f 1285/2418/1190 1286/2419/1191 1294/2420/1201 1293/2421/1200
f 1286/2419/1191 1287/2422/1192 1295/2423/1202 1294/2420/1201
f 1287/2424/1192 1288/2412/1193 1296/2425/1203 1295/2426/1202
f 1288/2412/1195 1281/2411/1194 1289/2427/1204 1296/2425/1205
f 1289/2414/1197 1290/2413/1196 1298/2428/1206 1297/2429/1207
f 1290/2413/1196 1291/2415/1198 1299/2430/1208 1298/2428/1206
f 1291/2415/1198 1292/2416/1199 1300/2431/1209 1299/2430/1208
f 1292/2416/1199 1293/2417/1200 1301/2432/1210 1300/2431/1209
f 1293/2421/1200 1294/2420/1201 1302/2433/1211 1301/2434/1210
f 1294/2420/1201 1295/2423/1202 1303/2435/1212 1302/2433/1211
f 1295/2426/1202 1296/2425/1203 1304/2436/1213 1303/2437/1212
f 1296/2438/1205 1289/2439/1204 1297/2440/1214 1304/2441/1215
f 1297/2429/1207 1298/2428/1206 1250/2354/1148 1249/2353/1147
f 1298/2428/1206 1299/2430/1208 1251/2355/1149 1250/2354/1148
f 1299/2430/1208 1300/2431/1209 1252/2356/1150 1251/2355/1149
f 1300/2442/1209 1301/2434/1210 1253/2358/1151 1252/2357/1150
f 1301/2434/1210 1302/2433/1211 1254/2359/1152 1253/2358/1151
f 1302/2433/1211 1303/2435/1212 1255/2360/1153 1254/2359/1152
f 1303/2435/1212 1304/2443/1213 1256/2361/1154 1255/2360/1153
f 1304/2441/1215 1297/2440/1214 1249/2364/1156 1256/2363/1155
f 1201/2274/1088 1202/2277/1091 1306/2444/1216 1305/2445/1217
f 1202/2277/1091 1203/2279/1093 1307/2446/1218 1306/2444/1216
f 1203/2279/1093 1204/2281/1095 1308/2447/1219 1307/2446/1218
f 1204/2282/1095 1205/2285/1097 1309/2448/1220 1308/2449/1219
f 1205/2285/1097 1206/2287/1099 1310/2450/1221 1309/2448/1220
f 1206/2287/1099 1207/2289/1101 1311/2451/1222 1310/2450/1221
f 1207/2290/1101 1208/2293/1103 1312/2452/1223 1311/2453/1222
f 1208/2297/1106 1201/2296/1106 1305/2454/1224 1312/2455/1225
f 1305/2445/1217 1306/2444/1216 1314/2456/1226 1313/2457/1227
f 1306/2444/1216 1307/2446/1218 1315/2458/1228 1314/2456/1226
f 1307/2446/1218 1308/2447/1219 1316/2459/1229 1315/2458/1228
f 1308/2449/1219 1309/2448/1220 1317/2460/1230 1316/2461/1229
f 1309/2448/1220 1310/2450/1221 1318/2462/1231 1317/2460/1230
f 1310/2450/1221 1311/2451/1222 1319/2463/1232 1318/2462/1231
f 1311/2453/1222 1312/2452/1223 1320/2464/1233 1319/2465/1232
f 1312/2455/1225 1305/2454/1224 1313/2466/1234 1320/2467/1235
f 1313/2457/1227 1314/2456/1226 1322/2468/1236 1321/2469/1237
f 1314/2456/1226 1315/2458/1228 1323/2470/1238 1322/2468/1236
f 1315/2458/1228 1316/2459/1229 1324/2471/1239 1323/2470/1238
f 1316/2459/1229 1317/2472/1230 1325/2473/1240 1324/2471/1239
f 1317/2460/1230 1318/2462/1231 1326/2474/1241 1325/2475/1240
f 1318/2462/1231 1319/2463/1232 1327/2476/1242 1326/2474/1241
f 1319/2465/1232 1320/2464/1233 1328/2477/1243 1327/2478/1242
f 1320/2467/1235 1313/2466/1234 1321/2479/1244 1328/2480/1245
f 1321/2469/1237 1322/2468/1236 1330/2481/1246 1329/2482/1247
f 1322/2468/1236 1323/2470/1238 1331/2483/1248 1330/2481/1246
f 1323/2470/1238 1324/2471/1239 1332/2484/1249 1331/2483/1248
f 1324/2471/1239 1325/2473/1240 1333/2485/1250 1332/2484/1249
f 1325/2486/1240 1326/2487/1241 1334/2488/1251 1333/2489/1250
f 1326/2487/1241 1327/2490/1242 1335/2491/1252 1334/2488/1251
f 1327/2478/1242 1328/2477/1243 1336/2492/1253 1335/2493/1252
f 1328/2477/1245 1321/2494/1244 1329/2495/1254 1336/2492/1255
f 1329/2482/1247 1330/2481/1246 1338/2496/1256 1337/2497/1257
f 1330/2481/1246 1331/2483/1248 1339/2498/1258 1338/2496/1256
f 1331/2483/1248 1332/2484/1249 1340/2499/1259 1339/2498/1258
f 1332/2484/1249 1333/2485/1250 1341/2500/1260 1340/2499/1259
f 1333/2489/1250 1334/2488/1251 1342/2501/1261 1341/2502/1260
f 1334/2488/1251 1335/2491/1252 1343/2503/1262 1342/2501/1261
f 1335/2493/1252 1336/2492/1253 1344/2504/1263 1343/2505/1262
f 1336/2492/1255 1329/2495/1254 1337/2506/1264 1344/2504/1265
f 1337/2507/1257 1338/2508/1256 1346/2509/1266 1345/2510/1267
f 1338/2496/1256 1339/2498/1258 1347/2511/1268 1346/2512/1266
f 1339/2498/1258 1340/2499/1259 1348/2513/1269 1347/2511/1268
f 1340/2499/1259 1341/2500/1260 1349/2514/1270 1348/2513/1269
f 1341/2502/1260 1342/2501/1261 1350/2515/1271 1349/2516/1270
f 1342/2501/1261 1343/2503/1262 1351/2517/1272 1350/2515/1271
f 1343/2503/1262 1344/2518/1263 1352/2519/1273 1351/2517/1272
f 1344/2520/1265 1337/2507/1264 1345/2510/1274 1352/2521/1275
f 1257/2365/1157 1353/2522/1276 1354/2523/1277 1258/2366/1158
f 1258/2369/1158 1354/2524/1277 1355/2525/1278 1259/2370/1161
f 1259/2370/1161 1355/2525/1278 1356/2526/1279 1260/2373/1163
f 1260/2373/1163 1356/2526/1279 1357/2527/1280 1261/2375/1165
f 1261/2377/1165 1357/2528/1280 1358/2529/1281 1262/2378/1167
f 1262/2378/1167 1358/2529/1281 1359/2530/1282 1263/2381/1169
f 1263/2381/1169 1359/2530/1282 1360/2531/1283 1264/2383/1171
f 1360/2532/1284 1353/2533/1285 1257/2386/1173 1264/2385/1173
f 1353/2522/1276 1361/2534/1286 1362/2535/1287 1354/2523/1277
f 1354/2524/1277 1362/2536/1287 1363/2537/1288 1355/2525/1278
f 1355/2525/1278 1363/2537/1288 1364/2538/1289 1356/2526/1279
f 1356/2526/1279 1364/2538/1289 1365/2539/1290 1357/2527/1280
f 1357/2528/1280 1365/2540/1290 1366/2541/1291 1358/2529/1281
f 1358/2529/1281 1366/2541/1291 1367/2542/1292 1359/2530/1282
f 1359/2530/1282 1367/2542/1292 1368/2543/1293 1360/2531/1283
f 1368/2544/1294 1361/2545/1295 1353/2533/1285 1360/2532/1284
f 1361/2534/1286 1369/2546/1296 1370/2547/1297 1362/2535/1287
f 1362/2536/1287 1370/2548/1297 1371/2549/1298 1363/2537/1288
f 1363/2537/1288 1371/2549/1298 1372/2550/1299 1364/2538/1289
f 1364/2538/1289 1372/2550/1299 1373/2551/1300 1365/2539/1290
f 1365/2540/1290 1373/2552/1300 1374/2553/1301 1366/2541/1291
f 1366/2541/1291 1374/2553/1301 1375/2554/1302 1367/2542/1292
f 1367/2542/1292 1375/2554/1302 1376/2555/1303 1368/2543/1293
f 1376/2556/1304 1369/2557/1305 1361/2545/1295 1368/2544/1294
f 1369/2558/1296 1377/2559/1306 1378/2560/1307 1370/2548/1297
f 1370/2548/1297 1378/2560/1307 1379/2561/1308 1371/2549/1298
f 1371/2549/1298 1379/2561/1308 1380/2562/1309 1372/2550/1299
f 1372/2550/1299 1380/2562/1309 1381/2563/1310 1373/2551/1300
f 1373/2564/1300 1381/2565/1310 1382/2566/1311 1374/2567/1301
f 1374/2567/1301 1382/2566/1311 1383/2568/1312 1375/2569/1302
f 1375/2569/1302 1383/2568/1312 1384/2570/1313 1376/2571/1303
f 1384/2572/1314 1377/2573/1315 1369/2557/1305 1376/2556/1304
f 1377/2574/1306 1385/2575/1316 1386/2576/1317 1378/2577/1307
f 1378/2560/1307 1386/2578/1317 1387/2579/1318 1379/2561/1308
f 1379/2561/1308 1387/2579/1318 1388/2580/1319 1380/2562/1309
f 1380/2562/1309 1388/2580/1319 1389/2581/1320 1381/2563/1310
f 1381/2565/1310 1389/2582/1320 1390/2583/1321 1382/2566/1311
f 1382/2566/1311 1390/2583/1321 1391/2584/1322 1383/2568/1312
f 1383/2568/1312 1391/2584/1322 1392/2585/1323 1384/2570/1313
f 1392/2586/1324 1385/2587/1325 1377/2573/1315 1384/2572/1314
f 1385/2575/1316 1345/2510/1267 1346/2509/1266 1386/2576/1317
f 1386/2578/1317 1346/2512/1266 1347/2511/1268 1387/2579/1318
f 1387/2579/1318 1347/2511/1268 1348/2513/1269 1388/2580/1319
f 1388/2580/1319 1348/2513/1269 1349/2514/1270 1389/2581/1320
f 1389/2582/1320 1349/2516/1270 1350/2515/1271 1390/2583/1321
f 1390/2583/1321 1350/2515/1271 1351/2517/1272 1391/2584/1322
f 1391/2584/1322 1351/2517/1272 1352/2519/1273 1392/2585/1323
f 1352/2521/1275 1345/2510/1274 1385/2575/1325 1392/2588/1324
f 1393/2589/90 1395/2590/90 1396/2591/90 1394/2592/90
f 1398/2593/11 1399/2594/11 1400/2595/11 1397/2596/11
f 1396/2597/215 1395/2598/215 1397/2599/215 1400/2600/215
f 1393/2601/76 1394/2602/76 1399/2603/76 1398/2604/76
f 1394/2605/1 1396/2606/1 1400/2607/1 1399/2608/1
f 1395/2609/278 1393/2610/278 1398/2611/278 1397/2612/278
f 1401/2613/1326 1413/2614/1327 1414/2615/1328 1402/2616/1329
f 1402/2616/1329 1414/2615/1328 1415/2617/1330 1403/2618/1331
f 1403/2619/1331 1415/2620/1330 1416/2621/1332 1404/2622/1333
f 1404/2622/1333 1416/2621/1332 1417/2623/1334 1405/2624/1335
f 1405/2625/1335 1417/2626/1334 1418/2627/1336 1406/2628/1337
f 1406/2628/1337 1418/2627/1336 1419/2629/1338 1407/2630/1339
f 1407/2630/1339 1419/2629/1338 1420/2631/1340 1408/2632/1341
f 1408/2632/1341 1420/2631/1340 1421/2633/1342 1409/2634/1343
f 1409/2635/1343 1421/2636/1342 1422/2637/1344 1410/2638/1345
f 1410/2638/1345 1422/2637/1344 1423/2639/1346 1411/2640/1347
f 1411/2641/1347 1423/2642/1346 1424/2643/1348 1412/2644/1349
f 1412/2644/1349 1424/2643/1348 1413/2614/1327 1401/2613/1326
f 1413/2645/1327 1425/2646/1350 1426/2647/1351 1414/2648/1328
f 1414/2649/1328 1426/2650/1351 1427/2651/1352 1415/2620/1330
f 1415/2620/1330 1427/2651/1352 1428/2652/1353 1416/2621/1332
f 1416/2621/1332 1428/2652/1353 1429/2653/1354 1417/2623/1334
f 1417/2623/1334 1429/2653/1354 1430/2654/1355 1418/2655/1336
f 1418/2656/1336 1430/2657/1355 1431/2658/1356 1419/2659/1338
f 1419/2659/1338 1431/2658/1356 1432/2660/1357 1420/2661/1340
f 1420/2662/1340 1432/2663/1357 1433/2664/1358 1421/2636/1342
f 1421/2636/1342 1433/2664/1358 1434/2665/1359 1422/2637/1344
f 1422/2637/1344 1434/2665/1359 1435/2666/1360 1423/2639/1346
f 1423/2639/1346 1435/2666/1360 1436/2667/1361 1424/2668/1348
f 1424/2669/1348 1436/2670/1361 1425/2646/1350 1413/2645/1327
f 1425/2646/1350 1437/2671/1362 1438/2672/1363 1426/2647/1351
f 1426/2647/1351 1438/2672/1363 1439/2673/1364 1427/2674/1352
f 1427/2651/1352 1439/2675/1364 1440/2676/1365 1428/2652/1353
f 1428/2652/1353 1440/2676/1365 1441/2677/1366 1429/2653/1354
f 1429/2678/1354 1441/2679/1366 1442/2680/1367 1430/2657/1355
f 1430/2657/1355 1442/2680/1367 1443/2681/1368 1431/2658/1356
f 1431/2658/1356 1443/2681/1368 1444/2682/1369 1432/2660/1357
f 1432/2660/1357 1444/2682/1369 1445/2683/1370 1433/2684/1358
f 1433/2664/1358 1445/2685/1370 1446/2686/1371 1434/2665/1359
f 1434/2665/1359 1446/2686/1371 1447/2687/1372 1435/2666/1360
f 1435/2688/1360 1447/2689/1372 1448/2690/1373 1436/2670/1361
f 1436/2670/1361 1448/2690/1373 1437/2671/1362 1425/2646/1350
f 1437/2671/1362 1449/2691/1374 1450/2692/1375 1438/2672/1363
f 1438/2693/1363 1450/2694/1375 1451/2695/1376 1439/2675/1364
f 1439/2675/1364 1451/2695/1376 1452/2696/1377 1440/2676/1365
f 1440/2676/1365 1452/2696/1377 1453/2697/1378 1441/2677/1366
f 1441/2677/1366 1453/2697/1378 1454/2698/1379 1442/2699/1367
f 1442/2680/1367 1454/2700/1379 1455/2701/1380 1443/2681/1368
f 1443/2681/1368 1455/2701/1380 1456/2702/1381 1444/2682/1369
f 1444/2703/1369 1456/2704/1381 1457/2705/1382 1445/2685/1370
f 1445/2685/1370 1457/2705/1382 1458/2706/1383 1446/2686/1371
f 1446/2686/1371 1458/2706/1383 1459/2707/1384 1447/2687/1372
f 1447/2687/1372 1459/2707/1384 1460/2708/1385 1448/2709/1373
f 1448/2690/1373 1460/2710/1385 1449/2691/1374 1437/2671/1362
f 1449/2711/1374 1461/2712/1386 1462/2713/1387 1450/2714/1375
f 1450/2694/1375 1462/2715/1387 1463/2716/1388 1451/2695/1376
f 1451/2695/1376 1463/2716/1388 1464/2717/1389 1452/2696/1377
f 1452/2696/1377 1464/2717/1389 1465/2718/1390 1453/2697/1378
f 1453/2697/1378 1465/2718/1390 1466/2719/1391 1454/2698/1379
f 1454/2720/1379 1466/2721/1391 1467/2722/1392 1455/2723/1380
f 1455/2723/1380 1467/2722/1392 1468/2724/1393 1456/2725/1381
f 1456/2704/1381 1468/2726/1393 1469/2727/1394 1457/2705/1382
f 1457/2705/1382 1469/2727/1394 1470/2728/1395 1458/2706/1383
f 1458/2706/1383 1470/2728/1395 1471/2729/1396 1459/2707/1384
f 1459/2707/1384 1471/2729/1396 1472/2730/1397 1460/2708/1385
f 1460/2731/1385 1472/2732/1397 1461/2712/1386 1449/2711/1374
f 1473/2733/1398 1476/2734/1399 1477/2735/1400 1479/2736/1401
f 1474/2737/1402 1478/2738/1403 1477/2739/281 1476/2740/1404
f 1475/2741/1405 1479/2742/1406 1477/2743/1407 1478/2744/1408
f 1480/2745/1409 1483/2746/1410 1484/2747/1411 1486/2748/1412
f 1481/2749/1413 1485/2750/1414 1484/2751/1415 1483/2752/1416
f 1482/2753/1417 1486/2754/1418 1484/2755/1419 1485/2756/1420
f 1487/2757/1421 1490/2758/1422 1491/2759/1423 1493/2760/1424
f 1488/2761/1425 1492/2762/1426 1491/2763/1427 1490/2764/1428
f 1489/2765/1429 1493/2766/1430 1491/2767/1431 1492/2768/1432
f 1494/2769/1433 1497/2770/1434 1498/2771/1435 1500/2772/1436
f 1495/2773/1437 1499/2774/1438 1498/2775/1439 1497/2776/1440
f 1496/2777/1441 1500/2778/1442 1498/2779/1443 1499/2780/1444
f 1501/2781/1445 1504/2782/1446 1502/2783/1447 1503/2784/1448
f 1505/2785/1449 1508/2786/1450 1507/2787/1451 1506/2788/1452
f 1509/2789/1453 1512/2790/1454 1511/2791/1455 1510/2792/1456
f 1513/2793/1457 1516/2794/1458 1515/2795/1459 1514/2796/1460
f 1502/2797/1461 1547/2798/1461 1546/2799/1461 1503/2800/1461
f 1517/2801/1462 1520/2802/1463 1521/2803/1464 1523/2804/1465
f 1518/2805/319 1522/2806/1466 1521/2807/1467 1520/2808/1468
f 1519/2809/1469 1523/2810/1470 1521/2811/1471 1522/2812/1472
f 1524/2813/1473 1527/2814/1474 1528/2815/1475 1530/2816/1476
f 1525/2817/1477 1529/2818/1478 1528/2819/1479 1527/2820/1480
f 1526/2821/1481 1530/2822/1482 1528/2823/1483 1529/2824/1484
f 1531/2825/1485 1534/2826/1486 1535/2827/1487 1537/2828/1488
f 1532/2829/1489 1536/2830/1490 1535/2831/1491 1534/2832/1492
f 1533/2833/1493 1537/2834/1494 1535/2835/1495 1536/2836/1496
f 1538/2837/1497 1541/2838/1498 1542/2839/1499 1544/2840/342
f 1539/2841/1500 1543/2842/1501 1542/2843/1502 1541/2844/1503
f 1540/2845/1504 1544/2846/1505 1542/2847/1506 1543/2848/1507
f 1545/2849/1508 1546/2850/1509 1547/2851/1510 1548/2852/1511
f 1504/2853/76 1548/2854/76 1547/2855/76 1502/2856/76
f 1552/2857/215 1506/2858/215 1507/2859/215 1550/2860/215
f 1550/2861/1512 1507/2862/1512 1508/2863/1512 1551/2864/1512
f 1511/2865/1513 1554/2866/1513 1556/2867/1513 1510/2868/1513
f 1549/2869/1514 1552/2870/1515 1550/2871/1516 1551/2872/1517
f 1512/2873/215 1555/2874/215 1554/2875/215 1511/2876/215
f 1560/2877/76 1514/2878/76 1515/2879/76 1558/2880/76
f 1553/2881/1518 1556/2882/1519 1554/2883/1520 1555/2884/1521
f 1558/2885/1522 1515/2886/1522 1516/2887/1522 1559/2888/1522
f 1557/2889/1523 1560/2890/1524 1558/2891/1525 1559/2892/1526
f 1561/2893/1527 1564/2894/1528 1565/2895/1423 1567/2896/1529
f 1562/2897/1530 1566/2898/1531 1565/2899/1532 1564/2900/1533
f 1563/2901/1534 1567/2902/1535 1565/2903/1536 1566/2904/1537
f 1568/2905/1538 1571/2906/1539 1572/2907/1540 1574/2908/1541
f 1569/2909/1542 1573/2910/1543 1572/2911/1544 1571/2912/1545
f 1570/2913/1546 1574/2914/1547 1572/2915/1548 1573/2916/1549
f 1575/2917/1550 1578/2918/1551 1579/2919/1552 1581/2920/1553
f 1576/2921/1413 1580/2922/1554 1579/2923/1555 1578/2924/1416
f 1577/2925/1556 1581/2926/1557 1579/2927/1558 1580/2928/1559
f 1582/2929/1560 1585/2930/1561 1586/2931/1562 1588/2932/1563
f 1583/2933/1564 1587/2934/1565 1586/2935/1566 1585/2936/1567
f 1584/2937/1568 1588/2938/1569 1586/2939/1570 1587/2940/1571
f 1589/2941/1572 1592/2942/1573 1593/2943/1574 1595/2944/1575
f 1590/2945/1576 1594/2946/1577 1593/2947/1578 1592/2948/1579
f 1591/2949/1580 1595/2950/1581 1593/2951/1582 1594/2952/1583
f 1596/2953/1584 1599/2954/1585 1600/2955/1586 1602/2956/1587
f 1597/2957/1588 1601/2958/1589 1600/2959/1590 1599/2960/1591
f 1598/2961/1592 1602/2962/1593 1600/2963/1594 1601/2964/1595
f 1603/2965/1596 1606/2966/1597 1607/2967/1598 1609/2968/1599
f 1604/2969/1600 1608/2970/1601 1607/2971/1602 1606/2972/1603
f 1605/2973/1604 1609/2974/1605 1607/2975/1606 1608/2976/1607
f 1610/2977/680 1613/2978/1608 1614/2979/1609 1616/2980/1610
f 1611/2981/1611 1615/2982/1612 1614/2983/1613 1613/2984/1614
f 1612/2985/547 1616/2986/1615 1614/2987/1616 1615/2988/1617
f 1489/2765/1429 1474/2737/1402 1476/2740/1404 1493/2766/1430
f 1493/2760/1424 1476/2734/1399 1473/2733/1398 1487/2757/1421
f 1474/2737/1402 1481/2749/1413 1483/2752/1416 1478/2738/1403
f 1478/2744/1408 1483/2746/1410 1480/2745/1409 1475/2741/1405
f 1481/2749/1413 1495/2773/1437 1497/2776/1440 1485/2750/1414
f 1485/2756/1420 1497/2770/1434 1494/2769/1433 1482/2753/1417
f 1495/2773/1437 1489/2765/1429 1492/2768/1432 1499/2774/1438
f 1499/2780/1444 1492/2762/1426 1488/2761/1425 1496/2777/1441
f 1519/2809/1469 1524/2813/1473 1530/2816/1476 1523/2810/1470
f 1523/2804/1465 1530/2822/1482 1526/2821/1481 1517/2801/1462
f 1525/2817/1477 1531/2825/1485 1537/2828/1488 1529/2818/1478
f 1529/2824/1484 1537/2834/1494 1533/2833/1493 1526/2821/1481
f 1532/2829/1489 1538/2837/1497 1544/2840/342 1536/2830/1490
f 1536/2836/1496 1544/2846/1505 1540/2845/1504 1533/2833/1493
f 1539/2841/1500 1518/2989/319 1520/2990/1468 1543/2842/1501
f 1543/2848/1507 1520/2802/1463 1517/2801/1462 1540/2845/1504
f 1496/2991/1441 1539/2841/1500 1541/2844/1503 1500/2992/1442
f 1500/2993/1436 1541/2838/1498 1538/2837/1497 1494/2994/1433
f 1531/2825/1485 1480/2995/1409 1486/2996/1412 1534/2826/1486
f 1534/2832/1492 1486/2997/1418 1482/2998/1417 1532/2829/1489
f 1475/2999/1405 1525/2817/1477 1527/2820/1480 1479/3000/1406
f 1479/3001/1401 1527/2814/1474 1524/2813/1473 1473/3002/1398
f 1518/2805/319 1488/3003/1425 1490/3004/1428 1522/2806/1466
f 1522/2812/1472 1490/3005/1422 1487/3006/1421 1519/2809/1469
f 1501/2781/1445 1505/2785/1449 1506/2788/1452 1504/2782/1446
f 1505/2785/1449 1509/2789/1453 1510/2792/1456 1508/2786/1450
f 1509/2789/1453 1513/2793/1457 1514/2796/1460 1512/2790/1454
f 1513/2793/1457 1501/2781/1445 1503/2784/1448 1516/2794/1458
f 1506/3007/90 1552/3008/90 1548/3009/90 1504/3010/90
f 1510/3011/215 1556/3012/215 1551/3013/215 1508/3014/215
f 1548/2852/1511 1552/2870/1515 1549/2869/1514 1545/2849/1508
f 1514/3015/11 1560/3016/11 1555/3017/11 1512/3018/11
f 1551/2872/1517 1556/2882/1519 1553/2881/1518 1549/2869/1514
f 1503/3019/76 1546/3020/76 1559/3021/76 1516/3022/76
f 1555/2884/1521 1560/2890/1524 1557/2889/1523 1553/2881/1518
f 1559/2892/1526 1546/2850/1509 1545/2849/1508 1557/2889/1523
f 1563/2901/1534 1569/2909/1542 1571/2912/1545 1567/2902/1535
f 1567/2896/1529 1571/2906/1539 1568/2905/1538 1561/2893/1527
f 1569/2909/1542 1576/2921/1413 1578/2924/1416 1573/2910/1543
f 1573/2916/1549 1578/2918/1551 1575/2917/1550 1570/2913/1546
f 1576/2921/1413 1583/2933/1564 1585/2936/1567 1580/2922/1554
f 1580/2928/1559 1585/2930/1561 1582/2929/1560 1577/2925/1556
f 1583/2933/1564 1563/2901/1534 1566/2904/1537 1587/2934/1565
f 1587/2940/1571 1566/3023/1531 1562/3024/1530 1584/2937/1568
f 1589/2941/1572 1596/2953/1584 1602/2956/1587 1592/2942/1573
f 1592/2948/1579 1602/2962/1593 1598/2961/1592 1590/2945/1576
f 1597/2957/1588 1603/2965/1596 1609/2968/1599 1601/2958/1589
f 1601/2964/1595 1609/2974/1605 1605/2973/1604 1598/2961/1592
f 1604/2969/1600 1610/2977/680 1616/2980/1610 1608/2970/1601
f 1608/2976/1607 1616/2986/1615 1612/2985/547 1605/2973/1604
f 1611/2981/1611 1591/2949/1580 1594/2952/1583 1615/2982/1612
f 1615/2988/1617 1594/2946/1577 1590/2945/1576 1612/2985/547
f 1561/2893/1527 1589/3025/1572 1595/3026/1575 1564/2894/1528
f 1564/2900/1533 1595/3027/1581 1591/3028/1580 1562/2897/1530
f 1610/3029/680 1582/2929/1560 1588/2932/1563 1613/3030/1608
f 1613/3031/1614 1588/2938/1569 1584/2937/1568 1611/3032/1611
f 1577/2925/1556 1604/3033/1600 1606/3034/1603 1581/2926/1557
f 1581/2920/1553 1606/3035/1597 1603/3036/1596 1575/2917/1550
f 1596/3037/1584 1568/2905/1538 1574/2908/1541 1599/3038/1585
f 1599/3039/1591 1574/2914/1547 1570/2913/1546 1597/3040/1588
f 1487/3006/1421 1473/3002/1398 1524/2813/1473 1519/2809/1469
f 1474/2737/1402 1489/2765/1429 1495/2773/1437 1481/2749/1413
f 1475/2999/1405 1480/2995/1409 1531/2825/1485 1525/2817/1477
f 1482/2998/1417 1494/2994/1433 1538/2837/1497 1532/2829/1489
f 1496/2991/1441 1488/3041/1425 1518/2989/319 1539/2841/1500
f 1501/2781/1445 1513/2793/1457 1540/2845/1504 1517/2801/1462
f 1505/2785/1449 1501/2781/1445 1517/2801/1462 1526/2821/1481
f 1509/2789/1453 1505/2785/1449 1526/2821/1481 1533/2833/1493
f 1513/2793/1457 1509/2789/1453 1533/2833/1493 1540/2845/1504
f 1545/2849/1508 1549/2869/1514 1569/2909/1542 1563/2901/1534
f 1557/2889/1523 1545/2849/1508 1563/2901/1534 1583/2933/1564
f 1549/2869/1514 1553/2881/1518 1576/2921/1413 1569/2909/1542
f 1553/2881/1518 1557/2889/1523 1583/2933/1564 1576/2921/1413
f 1561/2893/1527 1568/2905/1538 1596/3037/1584 1589/3025/1572
f 1584/2937/1568 1562/3024/1530 1591/3042/1580 1611/3032/1611
f 1570/2913/1546 1575/2917/1550 1603/3036/1596 1597/3040/1588
f 1577/2925/1556 1582/2929/1560 1610/3029/680 1604/3033/1600
f 1598/2961/1592 1605/2973/1604 1612/2985/547 1590/2945/1576
f 1617/3043/1618 1620/3044/1619 1621/3045/1620 1623/3046/613
f 1618/3047/1621 1622/3048/1622 1621/3049/1623 1620/3050/1624
f 1619/3051/1625 1623/3052/1626 1621/3053/1627 1622/3054/1628
f 1624/3055/1629 1627/3056/1630 1628/3057/1411 1630/3058/1412
f 1625/3059/1413 1629/3060/1554 1628/3061/1631 1627/3062/1632
f 1626/3063/1556 1630/3064/1633 1628/3065/1558 1629/3066/1634
f 1631/3067/1635 1634/3068/1636 1635/3069/1637 1637/3070/1638
f 1632/3071/1639 1636/3072/1640 1635/3073/1641 1634/3074/1642
f 1633/3075/1643 1637/3076/1644 1635/3077/1645 1636/3078/1646
f 1638/3079/1647 1641/3080/1648 1642/3081/1649 1644/3082/1650
f 1639/3083/1437 1643/3084/1438 1642/3085/1651 1641/3086/1440
f 1640/3087/1441 1644/3088/1442 1642/3089/1652 1643/3090/1653
f 1645/3091/1445 1648/3092/1654 1646/3093/1655 1647/3094/1656
f 1649/3095/1449 1652/3096/1657 1651/3097/1658 1650/3098/1659
f 1653/3099/1660 1656/3100/1661 1655/3101/1662 1654/3102/1663
f 1657/3103/1664 1660/3104/1665 1659/3105/1666 1658/3106/1667
f 1646/3107/1668 1691/3108/1668 1690/3109/1668 1647/3110/1668
f 1661/3111/1669 1664/3112/1670 1665/3113/1671 1667/3114/1672
f 1662/3115/1673 1666/3116/1674 1665/3117/1675 1664/3118/1676
f 1663/3119/1677 1667/3120/1678 1665/3121/1679 1666/3122/1680
f 1668/3123/1681 1671/3124/1682 1672/3125/1683 1674/3126/1684
f 1669/3127/1685 1673/3128/1686 1672/3129/1687 1671/3130/1688
f 1670/3131/1689 1674/3132/1690 1672/3133/1691 1673/3134/1692
f 1675/3135/1693 1678/3136/1694 1679/3137/1695 1681/3138/1696
f 1676/3139/1489 1680/3140/1697 1679/3141/1698 1678/3142/1699
f 1677/3143/1700 1681/3144/1701 1679/3145/1702 1680/3146/1703
f 1682/3147/1497 1685/3148/1704 1686/3149/1705 1688/3150/1706
f 1683/3151/1707 1687/3152/1708 1686/3153/1709 1685/3154/1710
f 1684/3155/1711 1688/3156/1712 1686/3157/1713 1687/3158/1714
f 1689/3159/1508 1690/3160/1715 1691/3161/1716 1692/3162/1717
f 1648/3163/76 1692/3164/76 1691/3165/76 1646/3166/76
f 1696/3167/215 1650/3168/215 1651/3169/215 1694/3170/215
f 1694/3171/1718 1651/3172/1718 1652/3173/1718 1695/3174/1718
f 1655/3175/1719 1698/3176/1719 1700/3177/1719 1654/3178/1719
f 1693/3179/1514 1696/3180/1720 1694/3181/1721 1695/3182/1722
f 1656/3183/215 1699/3184/215 1698/3185/215 1655/3186/215
f 1704/3187/76 1658/3188/76 1659/3189/76 1702/3190/76
f 1697/3191/1723 1700/3192/1724 1698/3193/1725 1699/3194/1726
f 1702/3195/1727 1659/3196/1727 1660/3197/1727 1703/3198/1727
f 1701/3199/1728 1704/3200/1729 1702/3201/1730 1703/3202/1731
f 1705/3203/1732 1708/3204/1733 1709/3205/1734 1711/3206/1735
f 1706/3207/1736 1710/3208/1737 1709/3209/1738 1708/3210/1739
f 1707/3211/1643 1711/3212/1644 1709/3213/1740 1710/3214/1741
f 1712/3215/1742 1715/3216/1619 1716/3217/1743 1718/3218/1744
f 1713/3219/1745 1717/3220/1746 1716/3221/1747 1715/3222/1748
f 1714/3223/1749 1718/3224/1750 1716/3225/1751 1717/3226/1752
f 1719/3227/1753 1722/3228/1754 1723/3229/1755 1725/3230/1756
f 1720/3231/1757 1724/3232/1758 1723/3233/1759 1722/3234/484
f 1721/3235/1760 1725/3236/1761 1723/3237/1762 1724/3238/1763
f 1726/3239/1764 1729/3240/1765 1730/3241/1766 1732/3242/1767
f 1727/3243/1437 1731/3244/1768 1730/3245/1769 1729/3246/1770
f 1728/3247/1771 1732/3248/1772 1730/3249/1773 1731/3250/1774
f 1733/3251/1775 1736/3252/1776 1737/3253/1777 1739/3254/1778
f 1734/3255/1779 1738/3256/1780 1737/3257/1781 1736/3258/1782
f 1735/3259/1783 1739/3260/1784 1737/3261/1785 1738/3262/1786
f 1740/3263/1787 1743/3264/1788 1744/3265/1789 1746/3266/1790
f 1741/3267/1791 1745/3268/1792 1744/3269/1793 1743/3270/1794
f 1742/3271/1795 1746/3272/1796 1744/3273/1797 1745/3274/1798
f 1747/3275/1799 1750/3276/1800 1751/3277/1801 1753/3278/1802
f 1748/3279/1803 1752/3280/1804 1751/3281/1805 1750/3282/1806
f 1749/3283/1807 1753/3284/1808 1751/3285/1809 1752/3286/1810
f 1754/3287/1811 1757/3288/1812 1758/3289/1813 1760/3290/1814
f 1755/3291/1815 1759/3292/1816 1758/3293/1817 1757/3294/1818
f 1756/3295/1819 1760/3296/1820 1758/3297/1821 1759/3298/1822
f 1633/3075/1643 1618/3047/1621 1620/3050/1624 1637/3076/1644
f 1637/3070/1638 1620/3044/1619 1617/3043/1618 1631/3067/1635
f 1618/3047/1621 1625/3059/1413 1627/3062/1632 1622/3048/1622
f 1622/3054/1628 1627/3056/1630 1624/3055/1629 1619/3051/1625
f 1625/3059/1413 1639/3083/1437 1641/3086/1440 1629/3060/1554
f 1629/3066/1634 1641/3299/1648 1638/3300/1647 1626/3063/1556
f 1639/3083/1437 1633/3075/1643 1636/3078/1646 1643/3084/1438
f 1643/3090/1653 1636/3072/1640 1632/3071/1639 1640/3087/1441
f 1663/3119/1677 1668/3123/1681 1674/3126/1684 1667/3120/1678
f 1667/3114/1672 1674/3132/1690 1670/3131/1689 1661/3111/1669
f 1669/3127/1685 1675/3135/1693 1681/3138/1696 1673/3128/1686
f 1673/3134/1692 1681/3144/1701 1677/3143/1700 1670/3131/1689
f 1676/3139/1489 1682/3301/1497 1688/3302/1706 1680/3140/1697
f 1680/3146/1703 1688/3156/1712 1684/3155/1711 1677/3143/1700
f 1683/3151/1707 1662/3115/1673 1664/3118/1676 1687/3152/1708
f 1687/3158/1714 1664/3112/1670 1661/3111/1669 1684/3155/1711
f 1640/3303/1441 1683/3151/1707 1685/3154/1710 1644/3304/1442
f 1644/3305/1650 1685/3148/1704 1682/3147/1497 1638/3306/1647
f 1675/3135/1693 1624/3307/1629 1630/3308/1412 1678/3136/1694
f 1678/3142/1699 1630/3309/1633 1626/3310/1556 1676/3139/1489
f 1619/3311/1625 1669/3127/1685 1671/3130/1688 1623/3312/1626
f 1623/3313/613 1671/3124/1682 1668/3123/1681 1617/3314/1618
f 1662/3115/1673 1632/3315/1639 1634/3316/1642 1666/3116/1674
f 1666/3122/1680 1634/3317/1636 1631/3318/1635 1663/3119/1677
f 1645/3091/1445 1649/3095/1449 1650/3098/1659 1648/3092/1654
f 1649/3095/1449 1653/3099/1660 1654/3102/1663 1652/3096/1657
f 1653/3099/1660 1657/3103/1664 1658/3106/1667 1656/3100/1661
f 1657/3103/1664 1645/3091/1445 1647/3094/1656 1660/3104/1665
f 1650/3319/90 1696/3320/90 1692/3321/90 1648/3322/90
f 1654/3323/215 1700/3324/215 1695/3325/215 1652/3326/215
f 1692/3162/1717 1696/3180/1720 1693/3179/1514 1689/3159/1508
f 1658/3327/11 1704/3328/11 1699/3329/11 1656/3330/11
f 1695/3182/1722 1700/3192/1724 1697/3191/1723 1693/3179/1514
f 1647/3331/76 1690/3332/76 1703/3333/76 1660/3334/76
f 1699/3194/1726 1704/3200/1729 1701/3199/1728 1697/3191/1723
f 1703/3202/1731 1690/3160/1715 1689/3159/1508 1701/3199/1728
f 1707/3211/1643 1713/3219/1745 1715/3222/1748 1711/3212/1644
f 1711/3206/1735 1715/3216/1619 1712/3215/1742 1705/3203/1732
f 1713/3219/1745 1720/3231/1757 1722/3234/484 1717/3220/1746
f 1717/3226/1752 1722/3335/1754 1719/3336/1753 1714/3223/1749
f 1720/3231/1757 1727/3243/1437 1729/3246/1770 1724/3232/1758
f 1724/3238/1763 1729/3240/1765 1726/3239/1764 1721/3235/1760
f 1727/3243/1437 1707/3211/1643 1710/3214/1741 1731/3244/1768
f 1731/3337/1774 1710/3208/1737 1706/3207/1736 1728/3338/1771
f 1733/3251/1775 1740/3263/1787 1746/3266/1790 1736/3252/1776
f 1736/3258/1782 1746/3272/1796 1742/3271/1795 1734/3255/1779
f 1741/3267/1791 1747/3339/1799 1753/3340/1802 1745/3268/1792
f 1745/3274/1798 1753/3341/1808 1749/3342/1807 1742/3271/1795
f 1748/3279/1803 1754/3287/1811 1760/3290/1814 1752/3280/1804
f 1752/3286/1810 1760/3296/1820 1756/3295/1819 1749/3283/1807
f 1755/3343/1815 1735/3259/1783 1738/3262/1786 1759/3344/1816
f 1759/3345/1822 1738/3256/1780 1734/3255/1779 1756/3346/1819
f 1705/3203/1732 1733/3251/1775 1739/3254/1778 1708/3204/1733
f 1708/3210/1739 1739/3260/1784 1735/3259/1783 1706/3207/1736
f 1754/3287/1811 1726/3239/1764 1732/3242/1767 1757/3288/1812
f 1757/3294/1818 1732/3248/1772 1728/3247/1771 1755/3291/1815
f 1721/3235/1760 1748/3279/1803 1750/3282/1806 1725/3236/1761
f 1725/3230/1756 1750/3276/1800 1747/3275/1799 1719/3227/1753
f 1740/3263/1787 1712/3215/1742 1718/3218/1744 1743/3264/1788
f 1743/3270/1794 1718/3224/1750 1714/3223/1749 1741/3267/1791
f 1631/3318/1635 1617/3314/1618 1668/3123/1681 1663/3119/1677
f 1618/3047/1621 1633/3075/1643 1639/3083/1437 1625/3059/1413
f 1619/3311/1625 1624/3307/1629 1675/3135/1693 1669/3127/1685
f 1626/3310/1556 1638/3347/1647 1682/3301/1497 1676/3139/1489
f 1640/3303/1441 1632/3315/1639 1662/3115/1673 1683/3151/1707
f 1645/3091/1445 1657/3103/1664 1684/3155/1711 1661/3111/1669
f 1649/3095/1449 1645/3091/1445 1661/3111/1669 1670/3131/1689
f 1653/3099/1660 1649/3095/1449 1670/3131/1689 1677/3143/1700
f 1657/3103/1664 1653/3099/1660 1677/3143/1700 1684/3155/1711
f 1689/3159/1508 1693/3179/1514 1713/3219/1745 1707/3211/1643
f 1701/3199/1728 1689/3159/1508 1707/3211/1643 1727/3243/1437
f 1693/3179/1514 1697/3191/1723 1720/3231/1757 1713/3219/1745
f 1697/3191/1723 1701/3199/1728 1727/3243/1437 1720/3231/1757
f 1705/3203/1732 1712/3215/1742 1740/3263/1787 1733/3251/1775
f 1728/3338/1771 1706/3207/1736 1735/3259/1783 1755/3343/1815
f 1714/3223/1749 1719/3336/1753 1747/3339/1799 1741/3267/1791
f 1721/3235/1760 1726/3239/1764 1754/3287/1811 1748/3279/1803
f 1742/3348/1795 1749/3349/1807 1756/3350/1819 1734/3351/1779
f 1761/3352/1742 1764/3353/1823 1765/3354/1824 1767/3355/1825
f 1762/3356/1826 1766/3357/1827 1765/3358/1828 1764/3359/1829
f 1763/3360/1830 1767/3361/1831 1765/3362/1832 1766/3363/1833
f 1768/3364/1834 1771/3365/1835 1772/3366/1836 1774/3367/1837
f 1769/3368/1413 1773/3369/1838 1772/3370/1839 1771/3371/1840
f 1770/3372/1556 1774/3373/1841 1772/3374/1842 1773/3375/1843
f 1775/3376/1844 1778/3377/1845 1779/3378/1846 1781/3379/1638
f 1776/3380/1639 1780/3381/1847 1779/3382/1848 1778/3383/1642
f 1777/3384/1849 1781/3385/1850 1779/3386/1851 1780/3387/1852
f 1782/3388/1853 1785/3389/1854 1786/3390/1855 1788/3391/1856
f 1783/3392/1857 1787/3393/1565 1786/3394/1858 1785/3395/1859
f 1784/3396/1441 1788/3397/1860 1786/3398/1861 1787/3399/1653
f 1789/3400/1445 1792/3401/1862 1790/3402/1863 1791/3403/1864
f 1793/3404/1449 1796/3405/1865 1795/3406/1866 1794/3407/1867
f 1797/3408/1660 1800/3409/1868 1799/3410/1869 1798/3411/1870
f 1801/3412/1664 1804/3413/1871 1803/3414/1872 1802/3415/1873
f 1790/3416/90 1835/3417/90 1834/3418/90 1791/3419/90
f 1805/3420/1874 1808/3421/1670 1809/3422/1875 1811/3423/518
f 1806/3424/1673 1810/3425/1876 1809/3426/1675 1808/3427/1676
f 1807/3428/1877 1811/3429/1878 1809/3430/1879 1810/3431/1880
f 1812/3432/311 1815/3433/1881 1816/3434/1882 1818/3435/1883
f 1813/3436/1884 1817/3437/1686 1816/3438/1687 1815/3439/1688
f 1814/3440/1885 1818/3441/1886 1816/3442/1887 1817/3443/1888
f 1819/3444/1693 1822/3445/1486 1823/3446/1487 1825/3447/1696
f 1820/3448/1489 1824/3449/1889 1823/3450/1890 1822/3451/1699
f 1821/3452/1493 1825/3453/1891 1823/3454/1892 1824/3455/1893
f 1826/3456/1497 1829/3457/1704 1830/3458/1894 1832/3459/1895
f 1827/3460/1707 1831/3461/1708 1830/3462/1896 1829/3463/1897
f 1828/3464/1711 1832/3465/1898 1830/3466/1899 1831/3467/1900
f 1833/3468/1508 1834/3469/1901 1835/3470/1902 1836/3471/1903
f 1792/3472/76 1836/3473/76 1835/3474/76 1790/3475/76
f 1840/3476/215 1794/3477/215 1795/3478/215 1838/3479/215
f 1838/3480/90 1795/3481/90 1796/3482/90 1839/3483/90
f 1799/3484/1904 1842/3485/1904 1844/3486/1904 1798/3487/1904
f 1837/3488/1514 1840/3489/1905 1838/3490/1906 1839/3491/1907
f 1800/3492/215 1843/3493/215 1842/3494/215 1799/3495/215
f 1848/3496/76 1802/3497/76 1803/3498/76 1846/3499/76
f 1841/3500/1723 1844/3501/1908 1842/3502/1909 1843/3503/1726
f 1846/3504/1910 1803/3505/1910 1804/3506/1910 1847/3507/1910
f 1845/3508/1728 1848/3509/1911 1846/3510/1912 1847/3511/1913
f 1849/3512/1914 1852/3513/1915 1853/3514/1916 1855/3515/1917
f 1850/3516/1736 1854/3517/1918 1853/3518/1919 1852/3519/1920
f 1851/3520/1921 1855/3521/1922 1853/3522/1923 1854/3523/1924
f 1856/3524/1925 1859/3525/1926 1860/3526/1927 1862/3527/1928
f 1857/3528/1745 1861/3529/1929 1860/3530/1930 1859/3531/1931
f 1858/3532/1749 1862/3533/1932 1860/3534/1933 1861/3535/1934
f 1863/3536/1935 1866/3537/1936 1867/3538/1937 1869/3539/1938
f 1864/3540/1939 1868/3541/1940 1867/3542/1941 1866/3543/1942
f 1865/3544/1943 1869/3545/1944 1867/3546/1945 1868/3547/1946
f 1870/3548/1947 1873/3549/1948 1874/3550/1949 1876/3551/1950
f 1871/3552/1951 1875/3553/1952 1874/3554/1769 1873/3555/1953
f 1872/3556/1568 1876/3557/1954 1874/3558/1955 1875/3559/1956
f 1877/3560/1775 1880/3561/1957 1881/3562/1958 1883/3563/1959
f 1878/3564/1779 1882/3565/1960 1881/3566/1961 1880/3567/1782
f 1879/3568/1783 1883/3569/1962 1881/3570/1963 1882/3571/1964
f 1884/3572/1787 1887/3573/1788 1888/3574/1789 1890/3575/1790
f 1885/3576/1791 1889/3577/1792 1888/3578/1965 1887/3579/1966
f 1886/3580/1967 1890/3581/1796 1888/3582/1797 1889/3583/582
f 1891/3584/1968 1894/3585/1969 1895/3586/1970 1897/3587/1802
f 1892/3588/1971 1896/3589/1972 1895/3590/1973 1894/3591/1974
f 1893/3592/1975 1897/3593/1976 1895/3594/1977 1896/3595/1978
f 1898/3596/1979 1901/3597/1980 1902/3598/1981 1904/3599/1982
f 1899/3600/1983 1903/3601/1984 1902/3602/1985 1901/3603/1986
f 1900/3604/1987 1904/3605/1988 1902/3606/1989 1903/3607/1990
f 1777/3384/1849 1762/3356/1826 1764/3359/1829 1781/3385/1850
f 1781/3379/1638 1764/3353/1823 1761/3352/1742 1775/3376/1844
f 1762/3356/1826 1769/3368/1413 1771/3371/1840 1766/3357/1827
f 1766/3363/1833 1771/3365/1835 1768/3364/1834 1763/3360/1830
f 1769/3368/1413 1783/3392/1857 1785/3395/1859 1773/3369/1838
f 1773/3375/1843 1785/3389/1854 1782/3388/1853 1770/3372/1556
f 1783/3392/1857 1777/3384/1849 1780/3387/1852 1787/3393/1565
f 1787/3399/1653 1780/3381/1847 1776/3380/1639 1784/3396/1441
f 1807/3428/1877 1812/3432/311 1818/3435/1883 1811/3429/1878
f 1811/3423/518 1818/3441/1886 1814/3440/1885 1805/3420/1874
f 1813/3436/1884 1819/3444/1693 1825/3447/1696 1817/3437/1686
f 1817/3443/1888 1825/3453/1891 1821/3452/1493 1814/3440/1885
f 1820/3448/1489 1826/3456/1497 1832/3459/1895 1824/3449/1889
f 1824/3455/1893 1832/3465/1898 1828/3464/1711 1821/3452/1493
f 1827/3608/1707 1806/3424/1673 1808/3427/1676 1831/3609/1708
f 1831/3467/1900 1808/3421/1670 1805/3420/1874 1828/3464/1711
f 1784/3610/1441 1827/3460/1707 1829/3463/1897 1788/3611/1860
f 1788/3612/1856 1829/3457/1704 1826/3456/1497 1782/3613/1853
f 1819/3444/1693 1768/3614/1834 1774/3615/1837 1822/3445/1486
f 1822/3451/1699 1774/3616/1841 1770/3617/1556 1820/3448/1489
f 1763/3618/1830 1813/3436/1884 1815/3439/1688 1767/3619/1831
f 1767/3620/1825 1815/3433/1881 1812/3432/311 1761/3621/1742
f 1806/3424/1673 1776/3622/1639 1778/3623/1642 1810/3425/1876
f 1810/3431/1880 1778/3624/1845 1775/3625/1844 1807/3428/1877
f 1789/3400/1445 1793/3404/1449 1794/3407/1867 1792/3401/1862
f 1793/3404/1449 1797/3408/1660 1798/3411/1870 1796/3405/1865
f 1797/3408/1660 1801/3412/1664 1802/3415/1873 1800/3409/1868
f 1801/3412/1664 1789/3400/1445 1791/3403/1864 1804/3413/1871
f 1794/3626/90 1840/3627/90 1836/3628/90 1792/3629/90
f 1798/3630/215 1844/3631/215 1839/3632/215 1796/3633/215
f 1836/3471/1903 1840/3489/1905 1837/3488/1514 1833/3468/1508
f 1802/3634/11 1848/3635/11 1843/3636/11 1800/3637/11
f 1839/3491/1907 1844/3501/1908 1841/3500/1723 1837/3488/1514
f 1791/3638/76 1834/3639/76 1847/3640/76 1804/3641/76
f 1843/3503/1726 1848/3509/1911 1845/3508/1728 1841/3500/1723
f 1847/3511/1913 1834/3469/1901 1833/3468/1508 1845/3508/1728
f 1851/3520/1921 1857/3528/1745 1859/3531/1931 1855/3521/1922
f 1855/3515/1917 1859/3525/1926 1856/3524/1925 1849/3512/1914
f 1857/3528/1745 1864/3540/1939 1866/3543/1942 1861/3529/1929
f 1861/3535/1934 1866/3537/1936 1863/3536/1935 1858/3532/1749
f 1864/3540/1939 1871/3552/1951 1873/3555/1953 1868/3541/1940
f 1868/3547/1946 1873/3549/1948 1870/3548/1947 1865/3544/1943
f 1871/3552/1951 1851/3520/1921 1854/3523/1924 1875/3553/1952
f 1875/3642/1956 1854/3517/1918 1850/3516/1736 1872/3643/1568
f 1877/3560/1775 1884/3572/1787 1890/3575/1790 1880/3561/1957
f 1880/3567/1782 1890/3581/1796 1886/3580/1967 1878/3564/1779
f 1885/3576/1791 1891/3584/1968 1897/3587/1802 1889/3577/1792
f 1889/3583/582 1897/3593/1976 1893/3592/1975 1886/3580/1967
f 1892/3588/1971 1898/3596/1979 1904/3599/1982 1896/3589/1972
f 1896/3595/1978 1904/3605/1988 1900/3604/1987 1893/3592/1975
f 1899/3600/1983 1879/3568/1783 1882/3571/1964 1903/3601/1984
f 1903/3607/1990 1882/3565/1960 1878/3564/1779 1900/3604/1987
f 1849/3512/1914 1877/3644/1775 1883/3645/1959 1852/3513/1915
f 1852/3519/1920 1883/3646/1962 1879/3647/1783 1850/3516/1736
f 1898/3648/1979 1870/3548/1947 1876/3551/1950 1901/3649/1980
f 1901/3650/1986 1876/3557/1954 1872/3556/1568 1899/3651/1983
f 1865/3544/1943 1892/3652/1971 1894/3653/1974 1869/3545/1944
f 1869/3539/1938 1894/3654/1969 1891/3655/1968 1863/3536/1935
f 1884/3656/1787 1856/3524/1925 1862/3527/1928 1887/3657/1788
f 1887/3658/1966 1862/3533/1932 1858/3532/1749 1885/3659/1791
f 1775/3625/1844 1761/3621/1742 1812/3432/311 1807/3428/1877
f 1762/3356/1826 1777/3384/1849 1783/3392/1857 1769/3368/1413
f 1763/3618/1830 1768/3614/1834 1819/3444/1693 1813/3436/1884
f 1770/3617/1556 1782/3613/1853 1826/3456/1497 1820/3448/1489
f 1784/3660/1441 1776/3622/1639 1806/3424/1673 1827/3608/1707
f 1789/3400/1445 1801/3412/1664 1828/3464/1711 1805/3420/1874
f 1793/3404/1449 1789/3400/1445 1805/3420/1874 1814/3440/1885
f 1797/3408/1660 1793/3404/1449 1814/3440/1885 1821/3452/1493
f 1801/3412/1664 1797/3408/1660 1821/3452/1493 1828/3464/1711
f 1833/3468/1508 1837/3488/1514 1857/3528/1745 1851/3520/1921
f 1845/3508/1728 1833/3468/1508 1851/3520/1921 1871/3552/1951
f 1837/3488/1514 1841/3500/1723 1864/3540/1939 1857/3528/1745
f 1841/3500/1723 1845/3508/1728 1871/3552/1951 1864/3540/1939
f 1849/3512/1914 1856/3524/1925 1884/3656/1787 1877/3644/1775
f 1872/3643/1568 1850/3516/1736 1879/3647/1783 1899/3661/1983
f 1858/3532/1749 1863/3536/1935 1891/3655/1968 1885/3659/1791
f 1865/3544/1943 1870/3548/1947 1898/3648/1979 1892/3652/1971
f 1886/3580/1967 1893/3592/1975 1900/3604/1987 1878/3564/1779
f 1909/3662/1991 1912/3663/1992 1913/3664/1993 1915/3665/1994
f 1910/3666/1995 1914/3667/1996 1913/3668/1993 1912/3669/1992
f 1911/3670/1997 1915/3671/1994 1913/3672/1993 1914/3673/1998
f 1916/3674/1999 1919/3675/2000 1920/3676/2001 1922/3677/2002
f 1917/3678/2003 1921/3679/2004 1920/3680/2001 1919/3681/2000
f 1918/3682/2005 1922/3683/2006 1920/3684/2001 1921/3685/2004
f 1923/3686/2007 1926/3687/2008 1927/3688/2009 1929/3689/2010
f 1924/3690/2011 1928/3691/2012 1927/3688/2009 1926/3687/2008
f 1925/3692/2013 1929/3693/2010 1927/3694/2009 1928/3695/2012
f 1930/3696/2014 1933/3697/2015 1934/3698/2016 1936/3699/2017
f 1931/3700/2018 1935/3701/2019 1934/3702/2016 1933/3703/2015
f 1932/3704/2020 1936/3705/2017 1934/3702/2016 1935/3701/2019
f 1937/3706/2021 1940/3707/2022 1941/3708/2023 1943/3709/2024
f 1938/3710/2025 1942/3711/2026 1941/3708/2023 1940/3707/2022
f 1939/3712/2027 1943/3709/2024 1941/3708/2023 1942/3711/2026
f 1944/3713/2028 1947/3714/2029 1948/3715/2030 1950/3716/2031
f 1945/3717/2032 1949/3718/2033 1948/3715/2030 1947/3714/2029
f 1946/3719/2034 1950/3716/2031 1948/3715/2030 1949/3718/2033
f 1951/3720/2035 1954/3721/2036 1955/3722/2037 1957/3723/2038
f 1952/3724/2039 1956/3725/2040 1955/3722/2037 1954/3721/2036
f 1953/3726/2041 1957/3723/2038 1955/3722/2037 1956/3725/2040
f 1958/3727/2042 1961/3728/2043 1962/3729/2044 1964/3730/2045
f 1959/3731/2046 1963/3732/2047 1962/3729/2044 1961/3728/2043
f 1960/3733/2048 1964/3730/2045 1962/3729/2044 1963/3732/2047
f 1965/3734/2049 1968/3735/2050 1969/3736/2051 1971/3737/2052
f 1966/3738/2053 1970/3739/2054 1969/3740/2051 1968/3741/2050
f 1967/3742/2055 1971/3743/2052 1969/3744/2051 1970/3745/2056
f 1972/3746/2057 1975/3747/2058 1976/3748/2059 1978/3749/2060
f 1973/3750/2061 1977/3751/2062 1976/3752/2059 1975/3753/2063
f 1974/3754/2064 1978/3755/2060 1976/3756/2059 1977/3757/2062
f 1979/3758/2065 1982/3759/2066 1983/3760/2067 1985/3761/2068
f 1980/3762/2069 1984/3763/2070 1983/3760/2067 1982/3759/2066
f 1981/3764/2071 1985/3761/2068 1983/3760/2067 1984/3763/2070
f 1986/3765/2072 1989/3766/2073 1990/3767/2074 1992/3768/2075
f 1987/3769/2076 1991/3770/2077 1990/3767/2074 1989/3766/2073
f 1988/3771/2078 1992/3768/2075 1990/3767/2074 1991/3770/2077
f 1993/3772/2079 1996/3773/2080 1997/3774/2081 1999/3775/2082
f 1994/3776/2083 1998/3777/2084 1997/3774/2081 1996/3773/2080
f 1995/3778/2085 1999/3775/2082 1997/3774/2081 1998/3777/2084
f 2000/3779/2086 2003/3780/2087 2004/3781/2088 2006/3782/2089
f 2001/3783/2090 2005/3784/2091 2004/3781/2088 2003/3780/2087
f 2002/3785/2092 2006/3782/2089 2004/3781/2088 2005/3784/2091
f 2007/3786/2093 2010/3787/2094 2011/3788/2095 2013/3789/2096
f 2008/3790/2097 2012/3791/2098 2011/3788/2095 2010/3787/2094
f 2009/3792/2099 2013/3789/2096 2011/3788/2095 2012/3791/2098
f 2014/3793/2100 2017/3794/2101 2018/3795/2102 2020/3796/2103
f 2015/3797/2104 2019/3798/2105 2018/3795/2102 2017/3794/2101
f 2016/3799/2106 2020/3796/2103 2018/3795/2102 2019/3798/2105
f 1925/3692/2013 1909/3662/1991 1915/3665/1994 1929/3693/2010
f 1929/3689/2010 1915/3671/1994 1911/3670/1997 1923/3686/2007
f 1910/3666/1995 1916/3674/1999 1922/3677/2002 1914/3667/1996
f 1914/3673/1998 1922/3683/2006 1918/3682/2005 1911/3670/1997
f 1917/3678/2003 1930/3696/2014 1936/3699/2017 1921/3679/2004
f 1921/3685/2004 1936/3705/2017 1932/3704/2020 1918/3682/2005
f 1931/3700/2018 1924/3690/2011 1926/3687/2008 1935/3701/2019
f 1935/3701/2019 1926/3687/2008 1923/3686/2007 1932/3704/2020
f 1939/3712/2027 1944/3713/2028 1950/3716/2031 1943/3709/2024
f 1943/3709/2024 1950/3716/2031 1946/3719/2034 1937/3706/2021
f 1944/3713/2028 1952/3800/2039 1954/3801/2036 1947/3714/2029
f 1947/3802/2029 1954/3803/2036 1951/3804/2035 1945/3805/2032
f 1960/3806/2048 1939/3712/2027 1942/3711/2026 1964/3807/2045
f 1964/3808/2045 1942/3809/2026 1938/3810/2025 1958/3811/2042
f 1959/3731/2046 1953/3726/2041 1956/3725/2040 1963/3732/2047
f 1963/3732/2047 1956/3725/2040 1952/3724/2039 1960/3733/2048
f 1981/3764/2071 1966/3738/2053 1968/3741/2050 1985/3761/2068
f 1985/3761/2068 1968/3741/2050 1965/3812/2049 1979/3758/2065
f 1966/3738/2053 1973/3750/2061 1975/3753/2063 1970/3739/2054
f 1970/3745/2056 1975/3747/2058 1972/3746/2057 1967/3742/2055
f 1973/3750/2061 1986/3765/2072 1992/3768/2075 1977/3751/2062
f 1977/3757/2062 1992/3813/2075 1988/3814/2078 1974/3754/2064
f 1986/3765/2072 1981/3764/2071 1984/3763/2070 1989/3766/2073
f 1989/3766/2073 1984/3763/2070 1980/3762/2069 1987/3769/2076
f 1995/3778/2085 2000/3779/2086 2006/3782/2089 1999/3775/2082
f 1999/3775/2082 2006/3782/2089 2002/3785/2092 1993/3772/2079
f 2001/3815/2090 2007/3804/2093 2013/3816/2096 2005/3817/2091
f 2005/3818/2091 2013/3789/2096 2009/3792/2099 2002/3819/2092
f 2014/3811/2100 1994/3820/2083 1996/3821/2080 2017/3822/2101
f 2017/3794/2101 1996/3823/2080 1993/3824/2079 2015/3797/2104
f 2015/3797/2104 2009/3792/2099 2012/3791/2098 2019/3798/2105
f 2019/3798/2105 2012/3791/2098 2008/3790/2097 2016/3799/2106
f 1909/3825/76 1965/3825/76 1971/3825/76 1912/3825/76
f 1912/3825/76 1971/3825/76 1967/3825/76 1910/3825/76
f 1916/3825/76 1972/3825/76 1978/3825/76 1919/3825/76
f 1919/3825/76 1978/3825/76 1974/3825/76 1917/3825/76
f 1937/3826/76 1995/3826/76 1998/3826/76 1940/3826/76
f 1940/3777/2107 1998/3777/2084 1994/3776/2083 1938/3827/2107
f 1945/3828/2108 2001/3783/2090 2003/3780/2087 1949/3780/2108
f 1949/3826/76 2003/3826/76 2000/3826/76 1946/3826/76
f 1953/3829/2041 2008/3829/76 2010/3829/76 1957/3829/2038
f 1957/3829/76 2010/3829/76 2007/3829/76 1951/3829/76
f 1958/3829/76 2014/3829/76 2020/3829/76 1961/3829/76
f 1961/3829/2043 2020/3829/76 2016/3829/76 1959/3829/2046
f 2022/3830/2109 2027/3831/2110 2029/3832/2111 2023/3833/2112
f 2023/3833/2113 2029/3832/2114 2028/3834/2115 2021/3835/2116
f 2027/3831/2110 2030/3836/2117 2032/3837/2118 2029/3832/2111
f 2029/3832/2114 2032/3837/2119 2031/3838/2120 2028/3834/2115
f 2030/3836/2117 2033/3839/2121 2035/3840/2122 2032/3837/2118
f 2032/3837/2119 2035/3840/2122 2034/3841/2123 2031/3838/2120
f 2033/3842/2121 2024/3843/2124 2026/3844/2125 2035/3845/2122
f 2035/3846/2122 2026/3847/2125 2025/3848/2126 2034/3849/2123
f 2037/3850/2127 2042/3851/2128 2044/3852/2129 2038/3853/2130
f 2038/3854/2130 2044/3855/2129 2043/3856/2131 2036/3857/2132
f 2042/3858/2128 2045/3859/2133 2047/3860/2134 2044/3861/2129
f 2044/3861/2129 2047/3860/2135 2046/3862/2136 2043/3863/2131
f 2045/3859/2133 2048/3864/2137 2050/3865/2138 2047/3860/2134
f 2047/3860/2135 2050/3865/2139 2049/3866/2140 2046/3862/2136
f 2048/3864/2137 2039/3867/2141 2041/3868/2142 2050/3865/2138
f 2050/3865/2139 2041/3868/2143 2040/3869/2144 2049/3866/2140
f 2052/3870/2145 2057/3871/2146 2059/3872/2147 2053/3873/2148
f 2053/3873/2148 2059/3872/2147 2058/3874/2149 2051/3875/2150
f 2057/3871/2146 2060/3876/2151 2062/3877/2152 2059/3872/2147
f 2059/3872/2147 2062/3877/2153 2061/3878/2154 2058/3874/2149
f 2060/3876/2151 2063/3879/2155 2065/3880/2156 2062/3877/2152
f 2062/3877/2153 2065/3880/2157 2064/3881/2158 2061/3878/2154
f 2063/3879/2155 2054/3882/2159 2056/3883/2160 2065/3880/2156
f 2065/3880/2157 2056/3883/2161 2055/3884/2162 2064/3881/2158
f 2067/3885/2163 2072/3886/2164 2074/3887/2165 2068/3888/2166
f 2068/3888/2167 2074/3887/2168 2073/3889/2169 2066/3890/2170
f 2072/3886/2164 2075/3891/2171 2077/3892/2172 2074/3887/2165
f 2074/3887/2168 2077/3892/2173 2076/3893/2174 2073/3889/2169
f 2075/3891/2171 2078/3894/2175 2080/3895/2176 2077/3892/2172
f 2077/3892/2173 2080/3895/2176 2079/3896/2177 2076/3893/2174
f 2078/3897/2175 2069/3898/2178 2071/3899/2179 2080/3900/2176
f 2080/3895/2176 2071/3901/2179 2070/3902/2180 2079/3896/2177
f 2021/3835/2116 2040/3869/2144 2041/3868/2143 2023/3833/2113
f 2023/3833/2112 2041/3868/2142 2039/3867/2141 2022/3830/2109
f 2066/3890/2170 2055/3884/2162 2056/3883/2161 2068/3888/2167
f 2068/3888/2166 2056/3883/2160 2054/3882/2159 2067/3885/2163
f 2024/3843/2124 1925/3692/2013 1928/3695/2012 2026/3844/2125
f 2026/3847/2125 1928/3903/2012 1924/3904/2011 2025/3848/2126
f 2051/3875/2150 1980/3905/2069 1982/3906/2066 2053/3873/2148
f 2053/3907/2148 1982/3908/2066 1979/3909/2065 2052/3910/2145
f 2036/3857/2132 1931/3911/2018 1933/3912/2015 2038/3854/2130
f 2038/3853/2130 1933/3697/2015 1930/3696/2014 2037/3850/2127
f 1987/3913/2076 2070/3902/2180 2071/3901/2179 1991/3914/2077
f 1991/3915/2077 2071/3899/2179 2069/3898/2178 1988/3916/2078
f 1909/3825/76 1925/3825/76 1979/3825/76 1965/3825/76
f 1911/3670/1997 1918/3682/2005 1932/3704/2020 1923/3686/2007
f 1916/3825/76 1910/3825/76 1967/3825/76 1972/3825/76
f 1930/3825/76 1917/3825/76 1974/3825/76 1988/3825/76
f 1925/3825/76 2024/3825/76 2052/3825/76 1979/3825/76
f 1960/3806/2048 1952/3800/2039 1924/3904/2011 1931/3911/2018
f 1952/3800/2039 1944/3713/2028 1905/3917/2181 2025/3848/2126 1924/3904/2011
f 2037/3825/76 1930/3825/76 1988/3825/76 2069/3825/76
f 1939/3712/2027 1960/3806/2048 1931/3911/2018 2036/3857/2132 1906/3918/2181
f 1944/3713/2028 1939/3712/2027 1906/3918/2181 2040/3919/2144 2021/3920/2116 1905/3917/2181
f 1937/3826/76 1946/3826/76 2000/3826/76 1995/3826/76
f 1958/3811/2182 1938/3810/2182 1994/3820/2182 2014/3811/2182
f 1945/3805/2183 1951/3804/2183 2007/3804/2183 2001/3815/2183
f 1953/3829/2041 1959/3829/2046 2016/3829/76 2008/3829/76
f 1966/3738/2053 1981/3764/2071 1986/3765/2072 1973/3750/2061
f 2015/3797/2104 1987/3913/2076 1980/3905/2069 2009/3792/2099
f 2009/3792/2099 1980/3905/2069 2051/3875/2150 1907/3921/2184 2002/3819/2092
f 1993/3824/2079 1908/3922/2185 2070/3902/2180 1987/3913/2076 2015/3797/2104
f 2002/3819/2092 1907/3921/2184 2055/3884/2162 2066/3890/2170 1908/3922/2185 1993/3824/2079
f 2021/3920/2116 2028/3923/2115 1905/3917/2181
f 2022/3825/2109 2054/3825/76 2063/3825/76 2027/3825/2110
f 2022/3825/2109 2039/3825/2141 2067/3825/76 2054/3825/76
f 2033/3825/2121 2057/3825/76 2052/3825/76 2024/3825/76
f 2034/3849/2123 2025/3848/2126 1905/3917/2181
f 2028/3923/2115 2031/3924/2120 1905/3917/2181
f 2027/3825/2110 2063/3825/76 2060/3825/76 2030/3825/2117
f 2031/3924/2120 2034/3849/2123 1905/3917/2181
f 2030/3825/2117 2060/3825/76 2057/3825/76 2033/3825/2121
f 2036/3857/2132 2043/3856/2131 1906/3918/2181
f 2037/3825/76 2069/3825/76 2078/3825/76 2042/3825/2128
f 2048/3825/2137 2072/3825/76 2067/3825/76 2039/3825/2141
f 2049/3925/2140 2040/3919/2144 1906/3918/2181
f 2043/3856/2131 2046/3926/2136 1906/3918/2181
f 2042/3825/2128 2078/3825/76 2075/3825/76 2045/3825/2133
f 2046/3926/2136 2049/3925/2140 1906/3918/2181
f 2045/3825/2133 2075/3825/76 2072/3825/76 2048/3825/2137
f 2051/3875/2150 2058/3874/2149 1907/3921/2184
f 2064/3881/2158 2055/3884/2162 1907/3921/2184
f 2058/3874/2149 2061/3878/2154 1907/3921/2184
f 2061/3878/2154 2064/3881/2158 1907/3921/2184
f 2066/3890/2170 2073/3889/2169 1908/3922/2185
f 2079/3896/2177 2070/3902/2180 1908/3922/2185
f 2073/3889/2169 2076/3893/2174 1908/3922/2185
f 2076/3893/2174 2079/3896/2177 1908/3922/2185
f 2085/3927/2186 2088/3928/2187 2089/3929/2188 2091/3930/2189
f 2086/3931/2190 2090/3932/2191 2089/3933/2188 2088/3934/2187
f 2087/3935/2192 2091/3936/2189 2089/3937/2188 2090/3938/2193
f 2092/3939/1999 2095/3940/2194 2096/3941/2195 2098/3942/2002
f 2093/3943/2196 2097/3944/2197 2096/3945/2195 2095/3946/2194
f 2094/3947/2005 2098/3948/2198 2096/3949/2195 2097/3950/2197
f 2099/3951/2199 2102/3952/2200 2103/3953/2201 2105/3954/2202
f 2100/3955/2203 2104/3956/2204 2103/3953/2201 2102/3952/2200
f 2101/3957/2205 2105/3958/2202 2103/3959/2201 2104/3960/2204
f 2106/3961/2206 2109/3962/2207 2110/3963/2208 2112/3964/2209
f 2107/3965/2210 2111/3966/2211 2110/3967/2208 2109/3968/2207
f 2108/3969/2212 2112/3970/2209 2110/3967/2208 2111/3966/2211
f 2113/3971/2021 2116/3972/2213 2117/3973/2214 2119/3974/2215
f 2114/3975/2216 2118/3976/2217 2117/3973/2214 2116/3972/2213
f 2115/3977/2218 2119/3974/2215 2117/3973/2214 2118/3976/2217
f 2120/3978/2219 2123/3979/2029 2124/3980/2220 2126/3981/2221
f 2121/3982/2222 2125/3983/2223 2124/3980/2220 2123/3979/2029
f 2122/3984/2034 2126/3981/2221 2124/3980/2220 2125/3983/2223
f 2127/3985/2224 2130/3986/2036 2131/3987/2225 2133/3988/2226
f 2128/3989/2039 2132/3990/2227 2131/3987/2225 2130/3986/2036
f 2129/3991/2041 2133/3988/2226 2131/3987/2225 2132/3990/2227
f 2134/3992/2228 2137/3993/2229 2138/3994/2230 2140/3995/2231
f 2135/3996/2232 2139/3997/2233 2138/3994/2230 2137/3993/2229
f 2136/3998/2048 2140/3995/2231 2138/3994/2230 2139/3997/2233
f 2141/3999/2234 2144/4000/2235 2145/4001/2236 2147/4002/2237
f 2142/4003/2238 2146/4004/2239 2145/4005/2236 2144/4006/2235
f 2143/4007/2240 2147/4008/2237 2145/4009/2236 2146/4010/2241
f 2148/4011/2057 2151/4012/2058 2152/4013/2242 2154/4014/2243
f 2149/4015/2061 2153/4016/2244 2152/4017/2242 2151/4018/2245
f 2150/4019/2246 2154/4020/2243 2152/4021/2242 2153/4022/2244
f 2155/4023/2247 2158/4024/2248 2159/4025/2249 2161/4026/2250
f 2156/4027/2251 2160/4028/2070 2159/4025/2249 2158/4024/2248
f 2157/4029/2071 2161/4026/2250 2159/4025/2249 2160/4028/2070
f 2162/4030/2252 2165/4031/2253 2166/4032/2254 2168/4033/2255
f 2163/4034/2256 2167/4035/2257 2166/4032/2254 2165/4031/2253
f 2164/4036/2258 2168/4033/2255 2166/4032/2254 2167/4035/2257
f 2169/4037/2259 2172/4038/2260 2173/4039/2261 2175/4040/2262
f 2170/4041/2263 2174/4042/2264 2173/4039/2261 2172/4038/2260
f 2171/4043/2085 2175/4040/2262 2173/4039/2261 2174/4042/2264
f 2176/4044/2265 2179/4045/2266 2180/4046/2267 2182/4047/2268
f 2177/4048/2269 2181/4049/2091 2180/4046/2267 2179/4045/2266
f 2178/4050/2092 2182/4047/2268 2180/4046/2267 2181/4049/2091
f 2183/4051/2270 2186/4052/2271 2187/4053/2272 2189/4054/2273
f 2184/4055/2274 2188/4056/2275 2187/4053/2272 2186/4052/2271
f 2185/4057/2276 2189/4054/2273 2187/4053/2272 2188/4056/2275
f 2190/4058/2277 2193/4059/2278 2194/4060/2279 2196/4061/2280
f 2191/4062/2281 2195/4063/2282 2194/4060/2279 2193/4059/2278
f 2192/4064/2283 2196/4061/2280 2194/4060/2279 2195/4063/2282
f 2101/3957/2205 2085/3927/2186 2091/3930/2189 2105/3958/2202
f 2105/3954/2202 2091/3936/2189 2087/3935/2192 2099/3951/2199
f 2086/3931/2190 2092/3939/1999 2098/3942/2002 2090/3932/2191
f 2090/3938/2193 2098/3948/2198 2094/3947/2005 2087/3935/2192
f 2093/3943/2196 2106/3961/2206 2112/3964/2209 2097/3944/2197
f 2097/3950/2197 2112/3970/2209 2108/3969/2212 2094/3947/2005
f 2107/3965/2210 2100/3955/2203 2102/3952/2200 2111/3966/2211
f 2111/3966/2211 2102/3952/2200 2099/3951/2199 2108/3969/2212
f 2115/3977/2218 2120/3978/2219 2126/3981/2221 2119/3974/2215
f 2119/3974/2215 2126/3981/2221 2122/3984/2034 2113/3971/2021
f 2120/3978/2219 2128/4065/2039 2130/4066/2036 2123/3979/2029
f 2123/4067/2029 2130/4068/2036 2127/4069/2224 2121/4070/2222
f 2136/4071/2048 2115/3977/2218 2118/3976/2217 2140/4072/2231
f 2140/4073/2231 2118/4074/2217 2114/4075/2216 2134/4076/2228
f 2135/3996/2232 2129/3991/2041 2132/3990/2227 2139/3997/2233
f 2139/3997/2233 2132/3990/2227 2128/3989/2039 2136/3998/2048
f 2157/4029/2071 2142/4003/2238 2144/4006/2235 2161/4026/2250
f 2161/4026/2250 2144/4006/2235 2141/4077/2234 2155/4023/2247
f 2142/4003/2238 2149/4015/2061 2151/4018/2245 2146/4004/2239
f 2146/4010/2241 2151/4012/2058 2148/4011/2057 2143/4007/2240
f 2149/4015/2061 2162/4030/2252 2168/4033/2255 2153/4016/2244
f 2153/4022/2244 2168/4078/2255 2164/4079/2258 2150/4019/2246
f 2162/4030/2252 2157/4029/2071 2160/4028/2070 2165/4031/2253
f 2165/4031/2253 2160/4028/2070 2156/4027/2251 2163/4034/2256
f 2171/4043/2085 2176/4044/2265 2182/4047/2268 2175/4040/2262
f 2175/4040/2262 2182/4047/2268 2178/4050/2092 2169/4037/2259
f 2177/4080/2269 2183/4069/2270 2189/4081/2273 2181/4082/2091
f 2181/4083/2091 2189/4054/2273 2185/4057/2276 2178/4084/2092
f 2190/4076/2277 2170/4085/2263 2172/4086/2260 2193/4087/2278
f 2193/4059/2278 2172/4088/2260 2169/4089/2259 2191/4062/2281
f 2191/4062/2281 2185/4057/2276 2188/4056/2275 2195/4063/2282
f 2195/4063/2282 2188/4056/2275 2184/4055/2274 2192/4064/2283
f 2085/4090/76 2141/4090/76 2147/4090/76 2088/4090/76
f 2088/4090/76 2147/4090/76 2143/4090/76 2086/4090/76
f 2092/4090/76 2148/4090/76 2154/4090/76 2095/4090/76
f 2095/4090/76 2154/4090/76 2150/4090/76 2093/4090/76
f 2113/4091/76 2171/4091/76 2174/4091/76 2116/4091/76
f 2116/4042/2284 2174/4042/2264 2170/4041/2263 2114/4092/2284
f 2121/4093/2285 2177/4048/2269 2179/4045/2266 2125/4045/2285
f 2125/4091/76 2179/4091/76 2176/4091/76 2122/4091/76
f 2129/4094/2041 2184/4094/76 2186/4094/76 2133/4094/2226
f 2133/4094/76 2186/4094/76 2183/4094/76 2127/4094/76
f 2134/4094/76 2190/4094/76 2196/4094/76 2137/4094/76
f 2137/4094/2229 2196/4094/76 2192/4094/76 2135/4094/2232
f 2198/4095/2109 2203/4096/2286 2205/4097/2287 2199/4098/2112
f 2199/4098/2113 2205/4097/2114 2204/4099/2115 2197/4100/2288
f 2203/4096/2286 2206/4101/2289 2208/4102/2290 2205/4097/2287
f 2205/4097/2114 2208/4102/2291 2207/4103/2120 2204/4099/2115
f 2206/4101/2289 2209/4104/2292 2211/4105/2293 2208/4102/2290
f 2208/4102/2291 2211/4105/2293 2210/4106/2123 2207/4103/2120
f 2209/4107/2292 2200/4108/2294 2202/4109/2295 2211/4110/2293
f 2211/4111/2293 2202/4112/2295 2201/4113/2296 2210/4114/2123
f 2213/4115/2297 2218/4116/2298 2220/4117/2299 2214/4118/2300
f 2214/4119/2300 2220/4120/2299 2219/4121/2301 2212/4122/2302
f 2218/4123/2298 2221/4124/2303 2223/4125/2304 2220/4126/2299
f 2220/4126/2299 2223/4125/2305 2222/4127/2306 2219/4128/2301
f 2221/4124/2303 2224/4129/2307 2226/4130/2308 2223/4125/2304
f 2223/4125/2305 2226/4130/2139 2225/4131/2140 2222/4127/2306
f 2224/4129/2307 2215/4132/2309 2217/4133/2310 2226/4130/2308
f 2226/4130/2139 2217/4133/2311 2216/4134/2312 2225/4131/2140
f 2228/4135/2313 2233/4136/2146 2235/4137/2314 2229/4138/2315
f 2229/4138/2315 2235/4137/2314 2234/4139/2316 2227/4140/2317
f 2233/4136/2146 2236/4141/2318 2238/4142/2319 2235/4137/2314
f 2235/4137/2314 2238/4142/2320 2237/4143/2321 2234/4139/2316
f 2236/4141/2318 2239/4144/2322 2241/4145/2323 2238/4142/2319
f 2238/4142/2320 2241/4145/2157 2240/4146/2158 2237/4143/2321
f 2239/4144/2322 2230/4147/2324 2232/4148/2325 2241/4145/2323
f 2241/4145/2157 2232/4148/2326 2231/4149/2327 2240/4146/2158
f 2243/4150/2328 2248/4151/2329 2250/4152/2330 2244/4153/2331
f 2244/4153/2167 2250/4152/2332 2249/4154/2333 2242/4155/2170
f 2248/4151/2329 2251/4156/2334 2253/4157/2335 2250/4152/2330
f 2250/4152/2332 2253/4157/2336 2252/4158/2337 2249/4154/2333
f 2251/4156/2334 2254/4159/2338 2256/4160/2339 2253/4157/2335
f 2253/4157/2336 2256/4160/2339 2255/4161/2340 2252/4158/2337
f 2254/4162/2338 2245/4163/2341 2247/4164/2342 2256/4165/2339
f 2256/4160/2339 2247/4166/2342 2246/4167/2343 2255/4161/2340
f 2197/4100/2288 2216/4134/2312 2217/4133/2311 2199/4098/2113
f 2199/4098/2112 2217/4133/2310 2215/4132/2309 2198/4095/2109
f 2242/4155/2170 2231/4149/2327 2232/4148/2326 2244/4153/2167
f 2244/4153/2331 2232/4148/2325 2230/4147/2324 2243/4150/2328
f 2200/4108/2294 2101/3957/2205 2104/3960/2204 2202/4109/2295
f 2202/4112/2295 2104/4168/2204 2100/4169/2203 2201/4113/2296
f 2227/4140/2317 2156/4170/2251 2158/4171/2248 2229/4138/2315
f 2229/4172/2315 2158/4173/2248 2155/4174/2247 2228/4175/2313
f 2212/4122/2302 2107/4176/2210 2109/4177/2207 2214/4119/2300
f 2214/4118/2300 2109/3962/2207 2106/3961/2206 2213/4115/2297
f 2163/4178/2256 2246/4167/2343 2247/4166/2342 2167/4179/2257
f 2167/4180/2257 2247/4164/2342 2245/4163/2341 2164/4181/2258
f 2085/4090/76 2101/4090/76 2155/4090/76 2141/4090/76
f 2087/3935/2192 2094/3947/2005 2108/3969/2212 2099/3951/2199
f 2092/4090/76 2086/4090/76 2143/4090/76 2148/4090/76
f 2106/4090/76 2093/4090/76 2150/4090/76 2164/4090/76
f 2101/4090/76 2200/4090/76 2228/4090/76 2155/4090/76
f 2136/4071/2048 2128/4065/2039 2100/4169/2203 2107/4176/2210
f 2128/4065/2039 2120/3978/2219 2081/4182/2181 2201/4113/2296 2100/4169/2203
f 2213/4090/76 2106/4090/76 2164/4090/76 2245/4090/76
f 2115/3977/2218 2136/4071/2048 2107/4176/2210 2212/4122/2302 2082/4183/2181
f 2120/3978/2219 2115/3977/2218 2082/4183/2181 2216/4184/2312 2197/4185/2288 2081/4182/2181
f 2113/4091/76 2122/4091/76 2176/4091/76 2171/4091/76
f 2134/4076/2344 2114/4075/2344 2170/4085/2344 2190/4076/2344
f 2121/4070/2345 2127/4069/2345 2183/4069/2345 2177/4080/2345
f 2129/4094/2041 2135/4094/2232 2192/4094/76 2184/4094/76
f 2142/4003/2238 2157/4029/2071 2162/4030/2252 2149/4015/2061
f 2191/4062/2281 2163/4178/2256 2156/4170/2251 2185/4057/2276
f 2185/4057/2276 2156/4170/2251 2227/4140/2317 2083/4186/2184 2178/4084/2092
f 2169/4089/2259 2084/4187/2185 2246/4167/2343 2163/4178/2256 2191/4062/2281
f 2178/4084/2092 2083/4186/2184 2231/4149/2327 2242/4155/2170 2084/4187/2185 2169/4089/2259
f 2197/4185/2288 2204/4188/2115 2081/4182/2181
f 2198/4090/2109 2230/4090/76 2239/4090/76 2203/4090/2286
f 2198/4090/2109 2215/4090/2309 2243/4090/76 2230/4090/76
f 2209/4090/2292 2233/4090/76 2228/4090/76 2200/4090/76
f 2210/4114/2123 2201/4113/2296 2081/4182/2181
f 2204/4188/2115 2207/4189/2120 2081/4182/2181
f 2203/4090/2286 2239/4090/76 2236/4090/76 2206/4090/2289
f 2207/4189/2120 2210/4114/2123 2081/4182/2181
f 2206/4090/2289 2236/4090/76 2233/4090/76 2209/4090/2292
f 2212/4122/2302 2219/4121/2301 2082/4183/2181
f 2213/4090/76 2245/4090/76 2254/4090/76 2218/4090/2298
f 2224/4090/2307 2248/4090/76 2243/4090/76 2215/4090/2309
f 2225/4190/2140 2216/4184/2312 2082/4183/2181
f 2219/4121/2301 2222/4191/2306 2082/4183/2181
f 2218/4090/2298 2254/4090/76 2251/4090/76 2221/4090/2303
f 2222/4191/2306 2225/4190/2140 2082/4183/2181
f 2221/4090/2303 2251/4090/76 2248/4090/76 2224/4090/2307
f 2227/4140/2317 2234/4139/2316 2083/4186/2184
f 2240/4146/2158 2231/4149/2327 2083/4186/2184
f 2234/4139/2316 2237/4143/2321 2083/4186/2184
f 2237/4143/2321 2240/4146/2158 2083/4186/2184
f 2242/4155/2170 2249/4154/2333 2084/4187/2185
f 2255/4161/2340 2246/4167/2343 2084/4187/2185
f 2249/4154/2333 2252/4158/2337 2084/4187/2185
f 2252/4158/2337 2255/4161/2340 2084/4187/2185
f 2257/4192/2346 2260/4193/2347 2261/4194/2348 2263/4195/2349
f 2258/4196/2350 2262/4197/2351 2261/4198/2348 2260/4199/2347
f 2259/4200/2352 2263/4201/2349 2261/4202/2348 2262/4203/2353
f 2264/4204/2354 2267/4205/2355 2268/4206/2356 2270/4207/2357
f 2265/4208/2358 2269/4209/2359 2268/4210/2356 2267/4211/2355
f 2266/4212/2360 2270/4213/2361 2268/4214/2356 2269/4215/2359
f 2271/4216/2362 2274/4217/2363 2275/4218/2364 2277/4219/2365
f 2272/4220/2366 2276/4221/2367 2275/4218/2364 2274/4217/2363
f 2273/4222/2368 2277/4223/2365 2275/4224/2364 2276/4225/2367
f 2278/4226/2369 2281/4227/2370 2282/4228/2371 2284/4229/2372
f 2279/4230/2373 2283/4231/2374 2282/4232/2371 2281/4233/2370
f 2280/4234/2375 2284/4235/2372 2282/4232/2371 2283/4231/2374
f 2285/4236/2376 2288/4237/2377 2289/4238/2378 2291/4239/2379
f 2286/4240/2380 2290/4241/2381 2289/4238/2378 2288/4237/2377
f 2287/4242/2382 2291/4239/2379 2289/4238/2378 2290/4241/2381
f 2292/4243/2383 2295/4244/2384 2296/4245/2385 2298/4246/2386
f 2293/4247/2387 2297/4248/2388 2296/4245/2385 2295/4244/2384
f 2294/4249/2389 2298/4246/2386 2296/4245/2385 2297/4248/2388
f 2299/4250/2390 2302/4251/2391 2303/4252/2392 2305/4253/2393
f 2300/4254/2394 2304/4255/2395 2303/4252/2392 2302/4251/2391
f 2301/4256/2396 2305/4253/2393 2303/4252/2392 2304/4255/2395
f 2306/4257/2397 2309/4258/2398 2310/4259/2399 2312/4260/2400
f 2307/4261/2401 2311/4262/2402 2310/4259/2399 2309/4258/2398
f 2308/4263/2403 2312/4260/2400 2310/4259/2399 2311/4262/2402
f 2313/4264/2404 2316/4265/2405 2317/4266/2406 2319/4267/2407
f 2314/4268/2408 2318/4269/2409 2317/4270/2406 2316/4271/2405
f 2315/4272/2410 2319/4273/2407 2317/4274/2406 2318/4275/2411
f 2320/4276/2412 2323/4277/2413 2324/4278/2414 2326/4279/2415
f 2321/4280/2416 2325/4281/2417 2324/4282/2414 2323/4283/2418
f 2322/4284/2419 2326/4285/2415 2324/4286/2414 2325/4287/2417
f 2327/4288/2420 2330/4289/2421 2331/4290/2422 2333/4291/2423
f 2328/4292/2424 2332/4293/2425 2331/4290/2422 2330/4289/2421
f 2329/4294/2426 2333/4291/2423 2331/4290/2422 2332/4293/2425
f 2334/4295/2427 2337/4296/2428 2338/4297/2429 2340/4298/2430
f 2335/4299/2431 2339/4300/2432 2338/4297/2429 2337/4296/2428
f 2336/4301/2433 2340/4298/2430 2338/4297/2429 2339/4300/2432
f 2341/4302/2434 2344/4303/2435 2345/4304/2436 2347/4305/2437
f 2342/4306/2438 2346/4307/2439 2345/4304/2436 2344/4303/2435
f 2343/4308/2440 2347/4305/2437 2345/4304/2436 2346/4307/2439
f 2348/4309/2441 2351/4310/2442 2352/4311/2443 2354/4312/2444
f 2349/4313/2445 2353/4314/2446 2352/4311/2443 2351/4310/2442
f 2350/4315/2447 2354/4312/2444 2352/4311/2443 2353/4314/2446
f 2355/4316/2448 2358/4317/2449 2359/4318/2450 2361/4319/2451
f 2356/4320/2452 2360/4321/2453 2359/4318/2450 2358/4317/2449
f 2357/4322/2454 2361/4319/2451 2359/4318/2450 2360/4321/2453
f 2362/4323/2455 2365/4324/2456 2366/4325/2457 2368/4326/2458
f 2363/4327/2459 2367/4328/2460 2366/4325/2457 2365/4324/2456
f 2364/4329/2461 2368/4326/2458 2366/4325/2457 2367/4328/2460
f 2273/4222/2368 2257/4192/2346 2263/4195/2349 2277/4223/2365
f 2277/4219/2365 2263/4201/2349 2259/4200/2352 2271/4216/2362
f 2258/4196/2350 2264/4204/2354 2270/4207/2357 2262/4197/2351
f 2262/4203/2353 2270/4213/2361 2266/4212/2360 2259/4200/2352
f 2265/4330/2358 2278/4331/2369 2284/4235/2372 2269/4215/2359
f 2269/4215/2359 2284/4235/2372 2280/4234/2375 2266/4212/2360
f 2279/4230/2373 2272/4220/2366 2274/4217/2363 2283/4231/2374
f 2283/4231/2374 2274/4217/2363 2271/4216/2362 2280/4234/2375
f 2287/4242/2382 2292/4243/2383 2298/4246/2386 2291/4239/2379
f 2291/4239/2379 2298/4246/2386 2294/4249/2389 2285/4236/2376
f 2292/4243/2383 2300/4332/2394 2302/4333/2391 2295/4244/2384
f 2295/4334/2384 2302/4335/2391 2299/4336/2390 2293/4337/2387
f 2308/4338/2403 2287/4242/2382 2290/4241/2381 2312/4339/2400
f 2312/4340/2400 2290/4341/2381 2286/4342/2380 2306/4343/2397
f 2307/4261/2401 2301/4256/2396 2304/4255/2395 2311/4262/2402
f 2311/4262/2402 2304/4255/2395 2300/4254/2394 2308/4263/2403
f 2329/4294/2426 2314/4268/2408 2316/4271/2405 2333/4291/2423
f 2333/4344/2423 2316/4265/2405 2313/4264/2404 2327/4345/2420
f 2314/4268/2408 2321/4280/2416 2323/4283/2418 2318/4269/2409
f 2318/4275/2411 2323/4277/2413 2320/4276/2412 2315/4272/2410
f 2321/4280/2416 2334/4295/2427 2340/4298/2430 2325/4281/2417
f 2325/4287/2417 2340/4346/2430 2336/4347/2433 2322/4284/2419
f 2334/4295/2427 2329/4294/2426 2332/4293/2425 2337/4296/2428
f 2337/4296/2428 2332/4293/2425 2328/4292/2424 2335/4299/2431
f 2343/4308/2440 2348/4309/2441 2354/4312/2444 2347/4305/2437
f 2347/4305/2437 2354/4312/2444 2350/4315/2447 2341/4302/2434
f 2349/4348/2445 2355/4349/2448 2361/4350/2451 2353/4351/2446
f 2353/4352/2446 2361/4319/2451 2357/4322/2454 2350/4353/2447
f 2362/4354/2455 2342/4355/2438 2344/4356/2435 2365/4357/2456
f 2365/4324/2456 2344/4358/2435 2341/4359/2434 2363/4327/2459
f 2363/4327/2459 2357/4322/2454 2360/4321/2453 2367/4328/2460
f 2367/4328/2460 2360/4321/2453 2356/4320/2452 2364/4329/2461
f 2257/4360/76 2313/4360/76 2319/4360/76 2260/4360/76
f 2260/4360/76 2319/4360/76 2315/4360/2462 2258/4360/2462
f 2264/4360/2462 2320/4360/2462 2326/4360/76 2267/4360/76
f 2267/4360/76 2326/4360/76 2322/4360/76 2265/4360/76
f 2285/4361/2462 2343/4361/2462 2346/4361/76 2288/4361/76
f 2288/4361/76 2346/4361/76 2342/4361/76 2286/4361/76
f 2293/4361/76 2349/4361/76 2351/4361/76 2297/4361/76
f 2297/4361/76 2351/4361/76 2348/4361/2462 2294/4361/2462
f 2301/4361/2462 2356/4361/2462 2358/4361/76 2305/4361/76
f 2305/4361/76 2358/4361/76 2355/4361/76 2299/4361/76
f 2306/4361/76 2362/4361/76 2368/4361/76 2309/4361/76
f 2309/4361/76 2368/4361/76 2364/4361/2462 2307/4361/2462
f 2370/4362/2463 2375/4363/2464 2377/4364/2465 2371/4365/2466
f 2371/4365/2467 2377/4364/2468 2376/4366/2469 2369/4367/2470
f 2375/4363/2464 2378/4368/2471 2380/4369/2472 2377/4364/2465
f 2377/4364/2468 2380/4369/2473 2379/4370/2474 2376/4366/2469
f 2378/4368/2471 2381/4371/2475 2383/4372/2476 2380/4369/2472
f 2380/4369/2473 2383/4372/2476 2382/4373/2477 2379/4370/2474
f 2381/4374/2475 2372/4375/2478 2374/4376/2479 2383/4377/2476
f 2383/4378/2476 2374/4379/2479 2373/4380/2480 2382/4381/2477
f 2385/4382/2481 2390/4383/2482 2392/4384/2483 2386/4385/2484
f 2386/4386/2484 2392/4387/2483 2391/4388/2485 2384/4389/2486
f 2390/4390/2482 2393/4391/2487 2395/4392/2488 2392/4393/2483
f 2392/4393/2483 2395/4392/2489 2394/4394/2490 2391/4395/2485
f 2393/4391/2487 2396/4396/2491 2398/4397/2492 2395/4392/2488
f 2395/4392/2489 2398/4397/2493 2397/4398/2494 2394/4394/2490
f 2396/4396/2491 2387/4399/2495 2389/4400/2496 2398/4397/2492
f 2398/4397/2493 2389/4400/2497 2388/4401/2498 2397/4398/2494
f 2400/4402/2499 2405/4403/2500 2407/4404/2501 2401/4405/2502
f 2401/4406/2502 2407/4407/2501 2406/4408/2503 2399/4409/2504
f 2405/4410/2500 2408/4411/2505 2410/4412/2506 2407/4407/2501
f 2407/4407/2501 2410/4412/2507 2409/4413/2508 2406/4408/2503
f 2408/4411/2505 2411/4414/2509 2413/4415/2510 2410/4412/2506
f 2410/4412/2507 2413/4415/2511 2412/4416/2512 2409/4413/2508
f 2411/4414/2509 2402/4417/2513 2404/4418/2514 2413/4415/2510
f 2413/4415/2511 2404/4418/2515 2403/4419/2516 2412/4416/2512
f 2415/4420/2517 2420/4421/2518 2422/4422/2519 2416/4423/2520
f 2416/4423/2521 2422/4422/2522 2421/4424/2523 2414/4425/2524
f 2420/4421/2518 2423/4426/2525 2425/4427/2526 2422/4422/2519
f 2422/4422/2522 2425/4427/2527 2424/4428/2528 2421/4424/2523
f 2423/4426/2525 2426/4429/2529 2428/4430/2530 2425/4427/2526
f 2425/4427/2527 2428/4430/2530 2427/4431/2531 2424/4428/2528
f 2426/4429/2529 2417/4432/2532 2419/4433/2533 2428/4430/2530
f 2428/4430/2530 2419/4433/2533 2418/4434/2534 2427/4431/2531
f 2369/4367/2470 2388/4401/2498 2389/4400/2497 2371/4365/2467
f 2371/4365/2466 2389/4400/2496 2387/4399/2495 2370/4362/2463
f 2414/4425/2524 2403/4419/2516 2404/4418/2515 2416/4423/2521
f 2416/4423/2520 2404/4418/2514 2402/4417/2513 2415/4420/2517
f 2372/4375/2478 2273/4222/2368 2276/4225/2367 2374/4376/2479
f 2374/4379/2479 2276/4435/2367 2272/4436/2366 2373/4380/2480
f 2399/4409/2504 2328/4437/2424 2330/4438/2421 2401/4406/2502
f 2401/4405/2502 2330/4439/2421 2327/4440/2420 2400/4402/2499
f 2384/4389/2486 2279/4441/2373 2281/4442/2370 2386/4386/2484
f 2386/4385/2484 2281/4227/2370 2278/4226/2369 2385/4382/2481
f 2335/4443/2431 2418/4434/2534 2419/4433/2533 2339/4444/2432
f 2339/4445/2432 2419/4446/2533 2417/4447/2532 2336/4448/2433
f 2257/4360/76 2273/4360/76 2327/4360/76 2313/4360/76
f 2259/4200/2352 2266/4212/2360 2280/4234/2375 2271/4216/2362
f 2264/4360/2462 2258/4360/2462 2315/4360/2462 2320/4360/2462
f 2278/4360/76 2265/4360/76 2322/4360/76 2336/4360/76
f 2273/4360/76 2372/4360/76 2400/4360/76 2327/4360/76
f 2308/4338/2403 2300/4332/2394 2272/4436/2366 2279/4441/2373
f 2385/4360/76 2278/4360/76 2336/4360/76 2417/4360/76
f 2285/4361/2462 2294/4361/2462 2348/4361/2462 2343/4361/2462
f 2306/4361/76 2286/4361/76 2342/4361/76 2362/4361/76
f 2293/4361/76 2299/4361/76 2355/4361/76 2349/4361/76
f 2301/4361/2462 2307/4361/2462 2364/4361/2462 2356/4361/2462
f 2314/4268/2408 2329/4294/2426 2334/4295/2427 2321/4280/2416
f 2363/4327/2459 2335/4443/2431 2328/4437/2424 2357/4322/2454
f 2370/4360/2462 2402/4360/2462 2411/4360/76 2375/4360/76
f 2370/4360/2462 2387/4360/2462 2415/4360/2462 2402/4360/2462
f 2381/4360/76 2405/4360/76 2400/4360/76 2372/4360/76
f 2375/4360/76 2411/4360/76 2408/4360/76 2378/4360/76
f 2378/4360/76 2408/4360/76 2405/4360/76 2381/4360/76
f 2385/4360/76 2417/4360/76 2426/4360/76 2390/4360/76
f 2396/4360/76 2420/4360/76 2415/4360/2462 2387/4360/2462
f 2292/4243/2383 2287/4242/2382 2308/4338/2403 2279/4441/2373 2384/4389/2486 2391/4388/2485 2394/4449/2490 2397/4450/2494 2388/4451/2498 2369/4452/2470 2376/4453/2469 2379/4454/2474 2382/4381/2477 2373/4380/2480 2272/4436/2366 2300/4332/2394
f 2390/4360/76 2426/4360/76 2423/4360/76 2393/4360/76
f 2393/4360/76 2423/4360/76 2420/4360/76 2396/4360/76
f 2399/4409/2504 2406/4408/2503 2409/4413/2508 2412/4416/2512 2403/4419/2516 2414/4425/2524 2421/4424/2523 2424/4428/2528 2427/4431/2531 2418/4434/2534 2335/4443/2431 2363/4327/2459 2341/4359/2434 2350/4353/2447 2357/4322/2454 2328/4437/2424
f 2431/4455/2535 2434/4456/2536 2435/4457/2537 2437/4458/2538
f 2432/4459/2539 2436/4460/2540 2435/4461/2537 2434/4462/2536
f 2433/4463/2352 2437/4464/2538 2435/4465/2537 2436/4466/2353
f 2438/4467/2541 2441/4468/2542 2442/4469/2543 2444/4470/2544
f 2439/4471/2545 2443/4472/2546 2442/4473/2543 2441/4474/2542
f 2440/4475/2547 2444/4476/2361 2442/4477/2543 2443/4478/2546
f 2445/4479/2548 2448/4480/2549 2449/4481/2550 2451/4482/2551
f 2446/4483/2552 2450/4484/2553 2449/4481/2550 2448/4480/2549
f 2447/4485/2554 2451/4486/2551 2449/4487/2550 2450/4488/2553
f 2452/4489/2555 2455/4490/2556 2456/4491/2557 2458/4492/2558
f 2453/4493/2559 2457/4494/2560 2456/4495/2557 2455/4496/2556
f 2454/4497/2561 2458/4498/2558 2456/4495/2557 2457/4494/2560
f 2459/4499/2562 2462/4500/2563 2463/4501/2564 2465/4502/2565
f 2460/4503/2566 2464/4504/2381 2463/4501/2564 2462/4500/2563
f 2461/4505/2567 2465/4502/2565 2463/4501/2564 2464/4504/2381
f 2466/4506/2568 2469/4507/2569 2470/4508/2570 2472/4509/2571
f 2467/4510/2572 2471/4511/2573 2470/4508/2570 2469/4507/2569
f 2468/4512/2574 2472/4509/2571 2470/4508/2570 2471/4511/2573
f 2473/4513/2575 2476/4514/2391 2477/4515/2576 2479/4516/2577
f 2474/4517/2394 2478/4518/2578 2477/4515/2576 2476/4514/2391
f 2475/4519/2579 2479/4516/2577 2477/4515/2576 2478/4518/2578
f 2480/4520/2580 2483/4521/2581 2484/4522/2582 2486/4523/2583
f 2481/4524/2584 2485/4525/2585 2484/4522/2582 2483/4521/2581
f 2482/4526/2403 2486/4523/2583 2484/4522/2582 2485/4525/2585
f 2487/4527/2586 2490/4528/2587 2491/4529/2588 2493/4530/2589
f 2488/4531/2590 2492/4532/2591 2491/4533/2588 2490/4534/2587
f 2489/4535/2592 2493/4536/2589 2491/4537/2588 2492/4538/2593
f 2494/4539/2412 2497/4540/2413 2498/4541/2414 2500/4542/2594
f 2495/4543/2416 2499/4544/2595 2498/4545/2414 2497/4546/2596
f 2496/4547/2597 2500/4548/2594 2498/4549/2414 2499/4550/2595
f 2501/4551/2598 2504/4552/2599 2505/4553/2600 2507/4554/2601
f 2502/4555/2424 2506/4556/2425 2505/4553/2600 2504/4552/2599
f 2503/4557/2602 2507/4554/2601 2505/4553/2600 2506/4556/2425
f 2508/4558/2427 2511/4559/2428 2512/4560/2603 2514/4561/2604
f 2509/4562/2431 2513/4563/2605 2512/4560/2603 2511/4559/2428
f 2510/4564/2606 2514/4561/2604 2512/4560/2603 2513/4563/2605
f 2515/4565/2607 2518/4566/2608 2519/4567/2609 2521/4568/2437
f 2516/4569/2610 2520/4570/2611 2519/4567/2609 2518/4566/2608
f 2517/4571/2612 2521/4568/2437 2519/4567/2609 2520/4570/2611
f 2522/4572/2613 2525/4573/2614 2526/4574/2615 2528/4575/2616
f 2523/4576/2617 2527/4577/2446 2526/4574/2615 2525/4573/2614
f 2524/4578/2618 2528/4575/2616 2526/4574/2615 2527/4577/2446
f 2529/4579/2619 2532/4580/2620 2533/4581/2450 2535/4582/2621
f 2530/4583/2622 2534/4584/2453 2533/4581/2450 2532/4580/2620
f 2531/4585/2454 2535/4582/2621 2533/4581/2450 2534/4584/2453
f 2536/4586/2623 2539/4587/2624 2540/4588/2625 2542/4589/2458
f 2537/4590/2459 2541/4591/2626 2540/4588/2625 2539/4587/2624
f 2538/4592/2627 2542/4589/2458 2540/4588/2625 2541/4591/2626
f 2447/4485/2554 2431/4455/2535 2437/4458/2538 2451/4486/2551
f 2451/4482/2551 2437/4464/2538 2433/4463/2352 2445/4479/2548
f 2432/4459/2539 2438/4467/2541 2444/4470/2544 2436/4460/2540
f 2436/4466/2353 2444/4476/2361 2440/4475/2547 2433/4463/2352
f 2439/4593/2545 2452/4594/2555 2458/4498/2558 2443/4478/2546
f 2443/4478/2546 2458/4498/2558 2454/4497/2561 2440/4475/2547
f 2453/4493/2559 2446/4483/2552 2448/4480/2549 2457/4494/2560
f 2457/4494/2560 2448/4480/2549 2445/4479/2548 2454/4497/2561
f 2461/4505/2567 2466/4506/2568 2472/4509/2571 2465/4502/2565
f 2465/4502/2565 2472/4509/2571 2468/4512/2574 2459/4499/2562
f 2466/4506/2568 2474/4595/2394 2476/4596/2391 2469/4507/2569
f 2469/4597/2569 2476/4598/2391 2473/4599/2575 2467/4600/2572
f 2482/4601/2403 2461/4505/2567 2464/4504/2381 2486/4602/2583
f 2486/4603/2583 2464/4604/2381 2460/4605/2566 2480/4606/2580
f 2481/4524/2584 2475/4519/2579 2478/4518/2578 2485/4525/2585
f 2485/4525/2585 2478/4518/2578 2474/4517/2394 2482/4526/2403
f 2503/4557/2602 2488/4531/2590 2490/4534/2587 2507/4554/2601
f 2507/4607/2601 2490/4528/2587 2487/4527/2586 2501/4608/2598
f 2488/4531/2590 2495/4543/2416 2497/4546/2596 2492/4532/2591
f 2492/4538/2593 2497/4540/2413 2494/4539/2412 2489/4535/2592
f 2495/4543/2416 2508/4558/2427 2514/4561/2604 2499/4544/2595
f 2499/4550/2595 2514/4609/2604 2510/4610/2606 2496/4547/2597
f 2508/4558/2427 2503/4557/2602 2506/4556/2425 2511/4559/2428
f 2511/4559/2428 2506/4556/2425 2502/4555/2424 2509/4562/2431
f 2517/4571/2612 2522/4572/2613 2528/4575/2616 2521/4568/2437
f 2521/4568/2437 2528/4575/2616 2524/4578/2618 2515/4565/2607
f 2523/4611/2617 2529/4612/2619 2535/4613/2621 2527/4614/2446
f 2527/4615/2446 2535/4582/2621 2531/4585/2454 2524/4616/2618
f 2536/4617/2623 2516/4618/2610 2518/4619/2608 2539/4620/2624
f 2539/4587/2624 2518/4621/2608 2515/4622/2607 2537/4590/2459
f 2537/4590/2459 2531/4585/2454 2534/4584/2453 2541/4591/2626
f 2541/4591/2626 2534/4584/2453 2530/4583/2622 2538/4592/2627
f 2431/4623/76 2487/4623/76 2493/4623/76 2434/4623/76
f 2434/4623/76 2493/4623/76 2489/4623/2462 2432/4623/2462
f 2438/4623/2462 2494/4623/2462 2500/4623/76 2441/4623/76
f 2441/4623/76 2500/4623/76 2496/4623/76 2439/4623/76
f 2459/4624/2462 2517/4624/2462 2520/4624/76 2462/4624/76
f 2462/4624/76 2520/4624/76 2516/4624/76 2460/4624/76
f 2467/4624/76 2523/4624/76 2525/4624/76 2471/4624/76
f 2471/4624/76 2525/4624/76 2522/4624/2462 2468/4624/2462
f 2475/4624/2462 2530/4624/2462 2532/4624/76 2479/4624/76
f 2479/4624/76 2532/4624/76 2529/4624/76 2473/4624/76
f 2480/4624/76 2536/4624/76 2542/4624/76 2483/4624/76
f 2483/4624/76 2542/4624/76 2538/4624/2462 2481/4624/2462
f 2544/4625/2463 2549/4626/2628 2551/4627/2629 2545/4628/2466
f 2545/4628/2630 2551/4627/2468 2550/4629/2469 2543/4630/2631
f 2549/4626/2628 2552/4631/2471 2554/4632/2472 2551/4627/2629
f 2551/4627/2468 2554/4632/2632 2553/4633/2633 2550/4629/2469
f 2552/4631/2471 2555/4634/2634 2557/4635/2476 2554/4632/2472
f 2554/4632/2632 2557/4635/2476 2556/4636/2477 2553/4633/2633
f 2555/4637/2634 2546/4638/2635 2548/4639/2636 2557/4640/2476
f 2557/4641/2476 2548/4642/2636 2547/4643/2480 2556/4644/2477
f 2559/4645/2637 2564/4646/2638 2566/4647/2639 2560/4648/2640
f 2560/4649/2640 2566/4650/2639 2565/4651/2641 2558/4652/2642
f 2564/4653/2638 2567/4654/2487 2569/4655/2488 2566/4656/2639
f 2566/4656/2639 2569/4655/2643 2568/4657/2644 2565/4658/2641
f 2567/4654/2487 2570/4659/2645 2572/4660/2646 2569/4655/2488
f 2569/4655/2643 2572/4660/2647 2571/4661/2648 2568/4657/2644
f 2570/4659/2645 2561/4662/2495 2563/4663/2496 2572/4660/2646
f 2572/4660/2647 2563/4663/2649 2562/4664/2650 2571/4661/2648
f 2574/4665/2651 2579/4666/2652 2581/4667/2653 2575/4668/2654
f 2575/4669/2654 2581/4670/2653 2580/4671/2655 2573/4672/2656
f 2579/4673/2652 2582/4674/2657 2584/4675/2506 2581/4670/2653
f 2581/4670/2653 2584/4675/2507 2583/4676/2658 2580/4671/2655
f 2582/4674/2657 2585/4677/2509 2587/4678/2510 2584/4675/2506
f 2584/4675/2507 2587/4678/2659 2586/4679/2660 2583/4676/2658
f 2585/4677/2509 2576/4680/2661 2578/4681/2662 2587/4678/2510
f 2587/4678/2659 2578/4681/2663 2577/4682/2516 2586/4679/2660
f 2589/4683/2664 2594/4684/2665 2596/4685/2666 2590/4686/2520
f 2590/4686/2667 2596/4685/2668 2595/4687/2669 2588/4688/2670
f 2594/4684/2665 2597/4689/2671 2599/4690/2672 2596/4685/2666
f 2596/4685/2668 2599/4690/2673 2598/4691/2674 2595/4687/2669
f 2597/4689/2671 2600/4692/2675 2602/4693/2676 2599/4690/2672
f 2599/4690/2673 2602/4693/2676 2601/4694/2677 2598/4691/2674
f 2600/4692/2675 2591/4695/2678 2593/4696/2679 2602/4693/2676
f 2602/4693/2676 2593/4696/2679 2592/4697/2680 2601/4694/2677
f 2543/4630/2631 2562/4664/2650 2563/4663/2649 2545/4628/2630
f 2545/4628/2466 2563/4663/2496 2561/4662/2495 2544/4625/2463
f 2588/4688/2670 2577/4682/2516 2578/4681/2663 2590/4686/2667
f 2590/4686/2520 2578/4681/2662 2576/4680/2661 2589/4683/2664
f 2546/4638/2635 2447/4485/2554 2450/4488/2553 2548/4639/2636
f 2548/4642/2636 2450/4698/2553 2446/4699/2552 2547/4643/2480
f 2573/4672/2656 2502/4700/2424 2504/4701/2599 2575/4669/2654
f 2575/4668/2654 2504/4702/2599 2501/4703/2598 2574/4665/2651
f 2558/4652/2642 2453/4704/2559 2455/4705/2556 2560/4649/2640
f 2560/4648/2640 2455/4490/2556 2452/4489/2555 2559/4645/2637
f 2509/4706/2431 2592/4697/2680 2593/4696/2679 2513/4707/2605
f 2513/4708/2605 2593/4709/2679 2591/4710/2678 2510/4711/2606
f 2431/4623/76 2447/4623/76 2501/4623/76 2487/4623/76
f 2433/4463/2352 2440/4475/2547 2454/4497/2561 2445/4479/2548
f 2438/4623/2462 2432/4623/2462 2489/4623/2462 2494/4623/2462
f 2452/4623/76 2439/4623/76 2496/4623/76 2510/4623/76
f 2447/4623/76 2546/4623/76 2574/4623/76 2501/4623/76
f 2482/4601/2403 2474/4595/2394 2446/4699/2552 2453/4704/2559
f 2559/4623/76 2452/4623/76 2510/4623/76 2591/4623/76
f 2459/4624/2462 2468/4624/2462 2522/4624/2462 2517/4624/2462
f 2480/4624/76 2460/4624/76 2516/4624/76 2536/4624/76
f 2467/4624/76 2473/4624/76 2529/4624/76 2523/4624/76
f 2475/4624/2462 2481/4624/2462 2538/4624/2462 2530/4624/2462
f 2488/4531/2590 2503/4557/2602 2508/4558/2427 2495/4543/2416
f 2537/4590/2459 2509/4706/2431 2502/4700/2424 2531/4585/2454
f 2531/4585/2454 2502/4700/2424 2573/4672/2656 2429/4712/2681 2524/4616/2618
f 2515/4622/2607 2430/4713/2681 2592/4697/2680 2509/4706/2431 2537/4590/2459
f 2524/4616/2618 2429/4712/2681 2577/4682/2516 2588/4688/2670 2430/4713/2681 2515/4622/2607
f 2544/4623/2462 2576/4623/2462 2585/4623/76 2549/4623/76
f 2544/4623/2462 2561/4623/2462 2589/4623/2462 2576/4623/2462
f 2555/4623/76 2579/4623/76 2574/4623/76 2546/4623/76
f 2466/4506/2568 2461/4505/2567 2482/4601/2403 2453/4704/2559 2558/4652/2642 2565/4651/2641 2568/4714/2644 2571/4715/2648 2562/4716/2650 2543/4717/2631 2550/4718/2469 2553/4719/2633 2556/4644/2477 2547/4643/2480 2446/4699/2552 2474/4595/2394
f 2549/4623/76 2585/4623/76 2582/4623/76 2552/4623/76
f 2552/4623/76 2582/4623/76 2579/4623/76 2555/4623/76
f 2559/4623/76 2591/4623/76 2600/4623/76 2564/4623/76
f 2570/4623/76 2594/4623/76 2589/4623/2462 2561/4623/2462
f 2564/4623/76 2600/4623/76 2597/4623/76 2567/4623/76
f 2567/4623/76 2597/4623/76 2594/4623/76 2570/4623/76
f 2573/4672/2656 2580/4671/2655 2429/4712/2681
f 2586/4679/2660 2577/4682/2516 2429/4712/2681
f 2580/4671/2655 2583/4676/2658 2429/4712/2681
f 2583/4676/2658 2586/4679/2660 2429/4712/2681
f 2588/4688/2670 2595/4687/2669 2430/4713/2681
f 2601/4694/2677 2592/4697/2680 2430/4713/2681
f 2595/4687/2669 2598/4691/2674 2430/4713/2681
f 2598/4691/2674 2601/4694/2677 2430/4713/2681
f 2605/4720/2682 2608/4721/2683 2609/4722/2684 2611/4723/2685
f 2606/4724/2686 2610/4725/2687 2609/4726/2684 2608/4727/2683
f 2607/4728/2688 2611/4729/2685 2609/4730/2684 2610/4731/2689
f 2612/4732/2690 2615/4733/2691 2616/4734/2692 2618/4735/2693
f 2613/4736/2694 2617/4737/2695 2616/4738/2692 2615/4739/2691
f 2614/4740/2696 2618/4741/2697 2616/4742/2692 2617/4743/2695
f 2619/4744/2698 2622/4745/2699 2623/4746/2700 2625/4747/2701
f 2620/4748/2702 2624/4749/2703 2623/4746/2700 2622/4745/2699
f 2621/4750/2704 2625/4751/2701 2623/4752/2700 2624/4753/2703
f 2626/4754/2705 2629/4755/2706 2630/4756/2707 2632/4757/2708
f 2627/4758/2709 2631/4759/2710 2630/4760/2707 2629/4761/2706
f 2628/4762/2711 2632/4763/2708 2630/4760/2707 2631/4759/2710
f 2633/4764/2712 2636/4765/2713 2637/4766/2714 2639/4767/2715
f 2634/4768/2716 2638/4769/2717 2637/4766/2714 2636/4765/2713
f 2635/4770/2718 2639/4767/2715 2637/4766/2714 2638/4769/2717
f 2640/4771/2719 2643/4772/2720 2644/4773/2721 2646/4774/2722
f 2641/4775/2723 2645/4776/2724 2644/4773/2721 2643/4772/2720
f 2642/4777/2725 2646/4774/2722 2644/4773/2721 2645/4776/2724
f 2647/4778/2726 2650/4779/2727 2651/4780/2728 2653/4781/2729
f 2648/4782/2730 2652/4783/2731 2651/4784/2728 2650/4785/2727
f 2649/4786/2732 2653/4781/2729 2651/4780/2728 2652/4787/2731
f 2654/4788/2733 2657/4789/2734 2658/4790/2735 2660/4791/2736
f 2655/4792/2737 2659/4793/2738 2658/4790/2735 2657/4789/2734
f 2656/4794/2739 2660/4795/2736 2658/4796/2735 2659/4797/2738
f 2661/4798/2740 2664/4799/2741 2665/4800/2742 2667/4801/2743
f 2662/4802/2744 2666/4803/2745 2665/4804/2742 2664/4805/2741
f 2663/4806/2746 2667/4807/2743 2665/4808/2742 2666/4809/2747
f 2668/4810/2748 2671/4811/2749 2672/4812/2750 2674/4813/2751
f 2669/4814/2752 2673/4815/2753 2672/4816/2750 2671/4817/2754
f 2670/4818/2755 2674/4819/2751 2672/4820/2750 2673/4821/2753
f 2675/4822/2756 2678/4823/2757 2679/4824/2758 2681/4825/2759
f 2676/4826/2760 2680/4827/2761 2679/4828/2758 2678/4829/2757
f 2677/4830/2762 2681/4825/2759 2679/4824/2758 2680/4831/2761
f 2682/4832/2763 2685/4833/2764 2686/4834/2765 2688/4835/2766
f 2683/4836/2767 2687/4837/2768 2686/4838/2765 2685/4839/2764
f 2684/4840/2769 2688/4835/2766 2686/4834/2765 2687/4841/2768
f 2689/4842/2770 2692/4843/2771 2693/4844/2772 2695/4845/2773
f 2690/4846/2774 2694/4847/2775 2693/4848/2772 2692/4849/2771
f 2691/4850/2776 2695/4851/2773 2693/4848/2772 2694/4847/2775
f 2696/4852/2777 2699/4853/2778 2700/4854/2779 2702/4855/2780
f 2697/4856/2781 2701/4857/2782 2700/4854/2779 2699/4853/2778
f 2698/4858/2783 2702/4859/2780 2700/4860/2779 2701/4861/2782
f 2703/4862/2784 2706/4863/2785 2707/4864/2786 2709/4865/2787
f 2704/4866/2788 2708/4867/2789 2707/4864/2786 2706/4863/2785
f 2705/4868/2790 2709/4865/2787 2707/4864/2786 2708/4867/2789
f 2710/4869/2791 2713/4870/2792 2714/4871/2793 2716/4872/2794
f 2711/4873/2795 2715/4874/2796 2714/4871/2793 2713/4870/2792
f 2712/4875/2797 2716/4872/2794 2714/4871/2793 2715/4874/2796
f 2621/4876/2704 2605/4877/2682 2611/4729/2685 2625/4747/2701
f 2625/4747/2701 2611/4729/2685 2607/4728/2688 2619/4744/2698
f 2606/4724/2686 2612/4732/2690 2618/4735/2693 2610/4725/2687
f 2610/4731/2689 2618/4741/2697 2614/4740/2696 2607/4728/2688
f 2613/4736/2694 2626/4754/2705 2632/4757/2708 2617/4737/2695
f 2617/4743/2695 2632/4763/2708 2628/4762/2711 2614/4740/2696
f 2627/4758/2709 2620/4748/2702 2622/4745/2699 2631/4759/2710
f 2631/4759/2710 2622/4745/2699 2619/4744/2698 2628/4762/2711
f 2635/4770/2718 2640/4771/2719 2646/4774/2722 2639/4767/2715
f 2639/4767/2715 2646/4774/2722 2642/4777/2725 2633/4764/2712
f 2640/4771/2719 2648/4782/2730 2650/4785/2727 2643/4772/2720
f 2643/4878/2720 2650/4879/2727 2647/4880/2726 2641/4881/2723
f 2656/4794/2739 2635/4770/2718 2638/4769/2717 2660/4795/2736
f 2660/4882/2736 2638/4883/2717 2634/4884/2716 2654/4885/2733
f 2655/4792/2737 2649/4786/2732 2652/4787/2731 2659/4793/2738
f 2659/4793/2738 2652/4787/2731 2648/4886/2730 2656/4887/2739
f 2677/4830/2762 2662/4802/2744 2664/4805/2741 2681/4825/2759
f 2681/4888/2759 2664/4799/2741 2661/4798/2740 2675/4889/2756
f 2662/4802/2744 2669/4814/2752 2671/4817/2754 2666/4803/2745
f 2666/4809/2747 2671/4811/2749 2668/4810/2748 2663/4806/2746
f 2669/4814/2752 2682/4832/2763 2688/4835/2766 2673/4815/2753
f 2673/4821/2753 2688/4890/2766 2684/4891/2769 2670/4818/2755
f 2682/4832/2763 2677/4830/2762 2680/4831/2761 2685/4833/2764
f 2685/4839/2764 2680/4827/2761 2676/4826/2760 2683/4836/2767
f 2691/4850/2776 2696/4852/2777 2702/4855/2780 2695/4851/2773
f 2695/4851/2773 2702/4855/2780 2698/4892/2783 2689/4893/2770
f 2697/4894/2781 2703/4895/2784 2709/4896/2787 2701/4897/2782
f 2701/4861/2782 2709/4865/2787 2705/4868/2790 2698/4858/2783
f 2710/4898/2791 2690/4899/2774 2692/4900/2771 2713/4901/2792
f 2713/4870/2792 2692/4843/2771 2689/4842/2770 2711/4873/2795
f 2711/4873/2795 2705/4868/2790 2708/4867/2789 2715/4874/2796
f 2715/4874/2796 2708/4867/2789 2704/4866/2788 2712/4875/2797
f 2605/4902/76 2661/4902/76 2667/4902/76 2608/4902/76
f 2608/4902/76 2667/4902/76 2663/4902/2462 2606/4902/2462
f 2612/4902/2462 2668/4902/2462 2674/4902/76 2615/4902/76
f 2615/4902/76 2674/4902/76 2670/4902/76 2613/4902/76
f 2633/4903/2462 2691/4903/2462 2694/4903/76 2636/4903/76
f 2636/4903/76 2694/4903/76 2690/4903/76 2634/4903/76
f 2641/4903/76 2697/4903/76 2699/4903/76 2645/4903/76
f 2645/4903/76 2699/4903/76 2696/4903/2462 2642/4903/2462
f 2649/4903/2462 2704/4903/2462 2706/4903/76 2653/4903/76
f 2653/4903/76 2706/4903/76 2703/4903/76 2647/4903/76
f 2654/4903/76 2710/4903/76 2716/4903/76 2657/4903/76
f 2657/4903/76 2716/4903/76 2712/4903/2462 2655/4903/2462
f 2718/4904/2798 2723/4905/2799 2725/4906/2800 2719/4907/2801
f 2719/4907/2802 2725/4906/2803 2724/4908/2804 2717/4909/2805
f 2723/4905/2799 2726/4910/2806 2728/4911/2807 2725/4906/2800
f 2725/4906/2803 2728/4911/2808 2727/4912/2809 2724/4908/2804
f 2726/4910/2806 2729/4913/2810 2731/4914/2811 2728/4911/2807
f 2728/4911/2808 2731/4914/2811 2730/4915/2812 2727/4912/2809
f 2729/4916/2810 2720/4917/2813 2722/4918/2814 2731/4919/2811
f 2731/4920/2811 2722/4921/2814 2721/4922/2815 2730/4923/2812
f 2733/4924/2816 2738/4925/2817 2740/4926/2818 2734/4927/2819
f 2734/4928/2819 2740/4929/2818 2739/4930/2820 2732/4931/2821
f 2738/4932/2817 2741/4933/2822 2743/4934/2823 2740/4935/2818
f 2740/4935/2818 2743/4934/2824 2742/4936/2825 2739/4937/2820
f 2741/4933/2822 2744/4938/2826 2746/4939/2827 2743/4934/2823
f 2743/4934/2824 2746/4939/2828 2745/4940/2829 2742/4936/2825
f 2744/4938/2826 2735/4941/2830 2737/4942/2831 2746/4939/2827
f 2746/4939/2828 2737/4942/2832 2736/4943/2833 2745/4940/2829
f 2748/4944/2834 2753/4945/2835 2755/4946/2836 2749/4947/2837
f 2749/4948/2837 2755/4949/2836 2754/4950/2838 2747/4951/2839
f 2753/4952/2835 2756/4953/2840 2758/4954/2841 2755/4949/2836
f 2755/4949/2836 2758/4954/2842 2757/4955/2843 2754/4950/2838
f 2756/4953/2840 2759/4956/2844 2761/4957/2845 2758/4954/2841
f 2758/4954/2842 2761/4957/2846 2760/4958/2847 2757/4955/2843
f 2759/4956/2844 2750/4959/2848 2752/4960/2849 2761/4957/2845
f 2761/4957/2846 2752/4960/2850 2751/4961/2851 2760/4958/2847
f 2763/4962/2852 2768/4963/2853 2770/4964/2854 2764/4965/2855
f 2764/4965/2856 2770/4964/2857 2769/4966/2858 2762/4967/2859
f 2768/4963/2853 2771/4968/2860 2773/4969/2861 2770/4964/2854
f 2770/4964/2857 2773/4969/2862 2772/4970/2863 2769/4966/2858
f 2771/4968/2860 2774/4971/2864 2776/4972/2865 2773/4969/2861
f 2773/4969/2862 2776/4972/2865 2775/4973/2866 2772/4970/2863
f 2774/4971/2864 2765/4974/2867 2767/4975/2868 2776/4972/2865
f 2776/4972/2865 2767/4975/2868 2766/4976/2869 2775/4973/2866
f 2717/4909/2805 2736/4943/2833 2737/4942/2832 2719/4907/2802
f 2719/4907/2801 2737/4942/2831 2735/4941/2830 2718/4904/2798
f 2762/4967/2859 2751/4961/2851 2752/4960/2850 2764/4965/2856
f 2764/4965/2855 2752/4960/2849 2750/4959/2848 2763/4962/2852
f 2720/4917/2813 2621/4750/2704 2624/4753/2703 2722/4918/2814
f 2722/4921/2814 2624/4977/2703 2620/4978/2702 2721/4922/2815
f 2747/4951/2839 2676/4826/2760 2678/4829/2757 2749/4948/2837
f 2749/4947/2837 2678/4979/2757 2675/4980/2756 2748/4944/2834
f 2732/4931/2821 2627/4981/2709 2629/4982/2706 2734/4928/2819
f 2734/4927/2819 2629/4755/2706 2626/4754/2705 2733/4924/2816
f 2683/4836/2767 2766/4976/2869 2767/4975/2868 2687/4837/2768
f 2687/4983/2768 2767/4984/2868 2765/4985/2867 2684/4986/2769
f 2605/4902/76 2621/4902/76 2675/4902/76 2661/4902/76
f 2607/4728/2688 2614/4740/2696 2628/4762/2711 2619/4744/2698
f 2612/4902/2462 2606/4902/2462 2663/4902/2462 2668/4902/2462
f 2626/4902/76 2613/4902/76 2670/4902/76 2684/4902/76
f 2621/4902/76 2720/4902/76 2748/4902/76 2675/4902/76
f 2656/4794/2739 2648/4782/2730 2620/4978/2702 2627/4981/2709
f 2733/4902/76 2626/4902/76 2684/4902/76 2765/4902/76
f 2633/4903/2462 2642/4903/2462 2696/4903/2462 2691/4903/2462
f 2654/4903/76 2634/4903/76 2690/4903/76 2710/4903/76
f 2641/4903/76 2647/4903/76 2703/4903/76 2697/4903/76
f 2649/4903/2462 2655/4903/2462 2712/4903/2462 2704/4903/2462
f 2662/4802/2744 2677/4830/2762 2682/4832/2763 2669/4814/2752
f 2711/4873/2795 2683/4836/2767 2676/4826/2760 2705/4868/2790
f 2705/4868/2790 2676/4826/2760 2747/4951/2839 2603/4987/2870 2698/4858/2783
f 2689/4842/2770 2604/4988/2870 2766/4976/2869 2683/4836/2767 2711/4873/2795
f 2698/4858/2783 2603/4987/2870 2751/4961/2851 2762/4967/2859 2604/4988/2870 2689/4842/2770
f 2718/4902/2462 2750/4902/2462 2759/4902/76 2723/4902/76
f 2718/4902/2462 2735/4902/2462 2763/4902/2462 2750/4902/2462
f 2729/4902/76 2753/4902/76 2748/4902/76 2720/4902/76
f 2723/4902/76 2759/4902/76 2756/4902/76 2726/4902/76
f 2726/4902/76 2756/4902/76 2753/4902/76 2729/4902/76
f 2733/4902/76 2765/4902/76 2774/4902/76 2738/4902/76
f 2744/4902/76 2768/4902/76 2763/4902/2462 2735/4902/2462
f 2640/4771/2719 2635/4770/2718 2656/4794/2739 2627/4981/2709 2732/4931/2821 2739/4930/2820 2742/4989/2825 2745/4990/2829 2736/4991/2833 2717/4992/2805 2724/4993/2804 2727/4994/2809 2730/4923/2812 2721/4922/2815 2620/4978/2702 2648/4782/2730
f 2738/4902/76 2774/4902/76 2771/4902/76 2741/4902/76
f 2741/4902/76 2771/4902/76 2768/4902/76 2744/4902/76
f 2747/4951/2839 2754/4950/2838 2603/4987/2870
f 2760/4958/2847 2751/4961/2851 2603/4987/2870
f 2754/4950/2838 2757/4955/2843 2603/4987/2870
f 2757/4955/2843 2760/4958/2847 2603/4987/2870
f 2762/4967/2859 2769/4966/2858 2604/4988/2870
f 2775/4973/2866 2766/4976/2869 2604/4988/2870
f 2769/4966/2858 2772/4970/2863 2604/4988/2870
f 2772/4970/2863 2775/4973/2866 2604/4988/2870
f 2779/4995/2871 2782/4996/2872 2783/4997/2873 2785/4998/2874
f 2780/4999/2875 2784/5000/2876 2783/5001/2873 2782/5002/2872
f 2781/5003/2877 2785/5004/2874 2783/5005/2873 2784/5006/2878
f 2786/5007/2879 2789/5008/2880 2790/5009/2881 2792/5010/2882
f 2787/5011/2883 2791/5012/2884 2790/5013/2881 2789/5014/2880
f 2788/5015/2885 2792/5016/2886 2790/5017/2881 2791/5018/2884
f 2793/5019/2887 2796/5020/2888 2797/5021/2889 2799/5022/2890
f 2794/5023/2891 2798/5024/2892 2797/5021/2889 2796/5020/2888
f 2795/5025/2893 2799/5026/2890 2797/5027/2889 2798/5028/2892
f 2800/5029/2894 2803/5030/2895 2804/5031/2896 2806/5032/2897
f 2801/5033/2898 2805/5034/2899 2804/5035/2896 2803/5036/2895
f 2802/5037/2900 2806/5038/2897 2804/5035/2896 2805/5034/2899
f 2807/5039/2901 2810/5040/2902 2811/5041/2903 2813/5042/2904
f 2808/5043/2905 2812/5044/2906 2811/5041/2903 2810/5040/2902
f 2809/5045/2907 2813/5042/2904 2811/5041/2903 2812/5044/2906
f 2814/5046/2908 2817/5047/2909 2818/5048/2910 2820/5049/2911
f 2815/5050/2912 2819/5051/2913 2818/5048/2910 2817/5047/2909
f 2816/5052/2914 2820/5049/2911 2818/5048/2910 2819/5051/2913
f 2821/5053/2915 2824/5054/2916 2825/5055/2917 2827/5056/2918
f 2822/5057/2919 2826/5058/2920 2825/5059/2917 2824/5060/2916
f 2823/5061/2921 2827/5056/2918 2825/5055/2917 2826/5062/2920
f 2828/5063/2922 2831/5064/2923 2832/5065/2924 2834/5066/2925
f 2829/5067/2926 2833/5068/2927 2832/5065/2924 2831/5064/2923
f 2830/5069/2928 2834/5070/2925 2832/5071/2924 2833/5072/2927
f 2835/5073/2929 2838/5074/2930 2839/5075/2931 2841/5076/2932
f 2836/5077/2744 2840/5078/2933 2839/5079/2931 2838/5080/2930
f 2837/5081/2934 2841/5082/2932 2839/5083/2931 2840/5084/2935
f 2842/5085/2936 2845/5086/2937 2846/5087/2938 2848/5088/2939
f 2843/5089/2940 2847/5090/2941 2846/5091/2938 2845/5092/2942
f 2844/5093/2943 2848/5094/2939 2846/5095/2938 2847/5096/2941
f 2849/5097/2944 2852/5098/2945 2853/5099/2946 2855/5100/2947
f 2850/5101/2948 2854/5102/2949 2853/5103/2946 2852/5104/2945
f 2851/5105/2950 2855/5100/2947 2853/5099/2946 2854/5106/2949
f 2856/5107/2951 2859/5108/2952 2860/5109/2953 2862/5110/2954
f 2857/5111/2955 2861/5112/2956 2860/5113/2953 2859/5114/2952
f 2858/5115/2957 2862/5110/2954 2860/5109/2953 2861/5116/2956
f 2863/5117/2770 2866/5118/2958 2867/5119/2959 2869/5120/2960
f 2864/5121/2961 2868/5122/2962 2867/5123/2959 2866/5124/2958
f 2865/5125/2963 2869/5126/2960 2867/5123/2959 2868/5122/2962
f 2870/5127/2964 2873/5128/2965 2874/5129/2966 2876/5130/2967
f 2871/5131/2968 2875/5132/2969 2874/5129/2966 2873/5128/2965
f 2872/5133/2783 2876/5134/2967 2874/5135/2966 2875/5136/2969
f 2877/5137/2970 2880/5138/2971 2881/5139/2972 2883/5140/2973
f 2878/5141/2974 2882/5142/2975 2881/5139/2972 2880/5138/2971
f 2879/5143/2790 2883/5140/2973 2881/5139/2972 2882/5142/2975
f 2884/5144/2976 2887/5145/2977 2888/5146/2978 2890/5147/2979
f 2885/5148/2795 2889/5149/2980 2888/5146/2978 2887/5145/2977
f 2886/5150/2981 2890/5147/2979 2888/5146/2978 2889/5149/2980
f 2795/5151/2893 2779/5152/2871 2785/5004/2874 2799/5022/2890
f 2799/5022/2890 2785/5004/2874 2781/5003/2877 2793/5019/2887
f 2780/4999/2875 2786/5007/2879 2792/5010/2882 2784/5000/2876
f 2784/5006/2878 2792/5016/2886 2788/5015/2885 2781/5003/2877
f 2787/5011/2883 2800/5029/2894 2806/5032/2897 2791/5012/2884
f 2791/5018/2884 2806/5038/2897 2802/5037/2900 2788/5015/2885
f 2801/5033/2898 2794/5023/2891 2796/5020/2888 2805/5034/2899
f 2805/5034/2899 2796/5020/2888 2793/5019/2887 2802/5037/2900
f 2809/5045/2907 2814/5046/2908 2820/5049/2911 2813/5042/2904
f 2813/5042/2904 2820/5049/2911 2816/5052/2914 2807/5039/2901
f 2814/5046/2908 2822/5057/2919 2824/5060/2916 2817/5047/2909
f 2817/5153/2909 2824/5154/2916 2821/5155/2915 2815/5156/2912
f 2830/5069/2928 2809/5045/2907 2812/5044/2906 2834/5070/2925
f 2834/5157/2925 2812/5158/2906 2808/5159/2905 2828/5160/2922
f 2829/5067/2926 2823/5061/2921 2826/5062/2920 2833/5068/2927
f 2833/5068/2927 2826/5062/2920 2822/5161/2919 2830/5162/2928
f 2851/5105/2950 2836/5077/2744 2838/5080/2930 2855/5100/2947
f 2855/5163/2947 2838/5074/2930 2835/5073/2929 2849/5164/2944
f 2836/5077/2744 2843/5089/2940 2845/5092/2942 2840/5078/2933
f 2840/5084/2935 2845/5086/2937 2842/5085/2936 2837/5081/2934
f 2843/5089/2940 2856/5107/2951 2862/5110/2954 2847/5090/2941
f 2847/5096/2941 2862/5165/2954 2858/5166/2957 2844/5093/2943
f 2856/5107/2951 2851/5105/2950 2854/5106/2949 2859/5108/2952
f 2859/5114/2952 2854/5102/2949 2850/5101/2948 2857/5111/2955
f 2865/5125/2963 2870/5127/2964 2876/5130/2967 2869/5126/2960
f 2869/5126/2960 2876/5130/2967 2872/5167/2783 2863/5168/2770
f 2871/5169/2968 2877/5170/2970 2883/5171/2973 2875/5172/2969
f 2875/5136/2969 2883/5140/2973 2879/5143/2790 2872/5133/2783
f 2884/5173/2976 2864/5174/2961 2866/5175/2958 2887/5176/2977
f 2887/5145/2977 2866/5118/2958 2863/5117/2770 2885/5148/2795
f 2885/5148/2795 2879/5143/2790 2882/5142/2975 2889/5149/2980
f 2889/5149/2980 2882/5142/2975 2878/5141/2974 2886/5150/2981
f 2779/5177/76 2835/5177/76 2841/5177/76 2782/5177/76
f 2782/5177/76 2841/5177/76 2837/5177/2462 2780/5177/2462
f 2786/5177/2462 2842/5177/2462 2848/5177/76 2789/5177/76
f 2789/5177/76 2848/5177/76 2844/5177/76 2787/5177/76
f 2807/5178/2462 2865/5178/2462 2868/5178/76 2810/5178/76
f 2810/5178/76 2868/5178/76 2864/5178/76 2808/5178/76
f 2815/5178/76 2871/5178/76 2873/5178/76 2819/5178/76
f 2819/5178/76 2873/5178/76 2870/5178/2462 2816/5178/2462
f 2823/5178/2462 2878/5178/2462 2880/5178/76 2827/5178/76
f 2827/5178/76 2880/5178/76 2877/5178/76 2821/5178/76
f 2828/5178/76 2884/5178/76 2890/5178/76 2831/5178/76
f 2831/5178/76 2890/5178/76 2886/5178/2462 2829/5178/2462
f 2892/5179/2982 2897/5180/2983 2899/5181/2984 2893/5182/2985
f 2893/5182/2986 2899/5181/2987 2898/5183/2988 2891/5184/2989
f 2897/5180/2983 2900/5185/2990 2902/5186/2991 2899/5181/2984
f 2899/5181/2987 2902/5186/2992 2901/5187/2993 2898/5183/2988
f 2900/5185/2990 2903/5188/2994 2905/5189/2995 2902/5186/2991
f 2902/5186/2992 2905/5189/2995 2904/5190/2812 2901/5187/2993
f 2903/5191/2994 2894/5192/2996 2896/5193/2997 2905/5194/2995
f 2905/5195/2995 2896/5196/2997 2895/5197/2998 2904/5198/2812
f 2907/5199/2999 2912/5200/3000 2914/5201/3001 2908/5202/3002
f 2908/5203/3002 2914/5204/3001 2913/5205/2820 2906/5206/3003
f 2912/5207/3000 2915/5208/3004 2917/5209/3005 2914/5210/3001
f 2914/5210/3001 2917/5209/3006 2916/5211/3007 2913/5212/2820
f 2915/5208/3004 2918/5213/3008 2920/5214/3009 2917/5209/3005
f 2917/5209/3006 2920/5214/3010 2919/5215/3011 2916/5211/3007
f 2918/5213/3008 2909/5216/3012 2911/5217/3013 2920/5214/3009
f 2920/5214/3010 2911/5217/3014 2910/5218/3015 2919/5215/3011
f 2922/5219/3016 2927/5220/3017 2929/5221/3018 2923/5222/3019
f 2923/5223/3019 2929/5224/3018 2928/5225/3020 2921/5226/3021
f 2927/5227/3017 2930/5228/3022 2932/5229/3023 2929/5224/3018
f 2929/5224/3018 2932/5229/3024 2931/5230/3025 2928/5225/3020
f 2930/5228/3022 2933/5231/3026 2935/5232/3027 2932/5229/3023
f 2932/5229/3024 2935/5232/3028 2934/5233/3029 2931/5230/3025
f 2933/5231/3026 2924/5234/3030 2926/5235/3031 2935/5232/3027
f 2935/5232/3028 2926/5235/3032 2925/5236/3033 2934/5233/3029
f 2937/5237/3034 2942/5238/3035 2944/5239/3036 2938/5240/3037
f 2938/5240/3038 2944/5239/3039 2943/5241/3040 2936/5242/3041
f 2942/5238/3035 2945/5243/3042 2947/5244/3043 2944/5239/3036
f 2944/5239/3039 2947/5244/3044 2946/5245/2863 2943/5241/3040
f 2945/5243/3042 2948/5246/3045 2950/5247/3046 2947/5244/3043
f 2947/5244/3044 2950/5247/3046 2949/5248/3047 2946/5245/2863
f 2948/5246/3045 2939/5249/3048 2941/5250/3049 2950/5247/3046
f 2950/5247/3046 2941/5250/3049 2940/5251/2869 2949/5248/3047
f 2891/5184/2989 2910/5218/3015 2911/5217/3014 2893/5182/2986
f 2893/5182/2985 2911/5217/3013 2909/5216/3012 2892/5179/2982
f 2936/5242/3041 2925/5236/3033 2926/5235/3032 2938/5240/3038
f 2938/5240/3037 2926/5235/3031 2924/5234/3030 2937/5237/3034
f 2894/5192/2996 2795/5025/2893 2798/5028/2892 2896/5193/2997
f 2896/5196/2997 2798/5252/2892 2794/5253/2891 2895/5197/2998
f 2921/5226/3021 2850/5101/2948 2852/5104/2945 2923/5223/3019
f 2923/5222/3019 2852/5254/2945 2849/5255/2944 2922/5219/3016
f 2906/5206/3003 2801/5256/2898 2803/5257/2895 2908/5203/3002
f 2908/5202/3002 2803/5030/2895 2800/5029/2894 2907/5199/2999
f 2857/5111/2955 2940/5251/2869 2941/5250/3049 2861/5112/2956
f 2861/5258/2956 2941/5259/3049 2939/5260/3048 2858/5261/2957
f 2779/5177/76 2795/5177/76 2849/5177/76 2835/5177/76
f 2781/5003/2877 2788/5015/2885 2802/5037/2900 2793/5019/2887
f 2786/5177/2462 2780/5177/2462 2837/5177/2462 2842/5177/2462
f 2800/5177/76 2787/5177/76 2844/5177/76 2858/5177/76
f 2795/5177/76 2894/5177/76 2922/5177/76 2849/5177/76
f 2830/5069/2928 2822/5057/2919 2794/5253/2891 2801/5256/2898
f 2907/5177/76 2800/5177/76 2858/5177/76 2939/5177/76
f 2807/5178/2462 2816/5178/2462 2870/5178/2462 2865/5178/2462
f 2828/5178/76 2808/5178/76 2864/5178/76 2884/5178/76
f 2815/5178/76 2821/5178/76 2877/5178/76 2871/5178/76
f 2823/5178/2462 2829/5178/2462 2886/5178/2462 2878/5178/2462
f 2836/5077/2744 2851/5105/2950 2856/5107/2951 2843/5089/2940
f 2885/5148/2795 2857/5111/2955 2850/5101/2948 2879/5143/2790
f 2879/5143/2790 2850/5101/2948 2921/5226/3021 2777/5262/2870 2872/5133/2783
f 2863/5117/2770 2778/5263/2870 2940/5251/2869 2857/5111/2955 2885/5148/2795
f 2872/5133/2783 2777/5262/2870 2925/5236/3033 2936/5242/3041 2778/5263/2870 2863/5117/2770
f 2892/5177/2462 2924/5177/2462 2933/5177/76 2897/5177/76
f 2892/5177/2462 2909/5177/2462 2937/5177/2462 2924/5177/2462
f 2903/5177/76 2927/5177/76 2922/5177/76 2894/5177/76
f 2897/5177/76 2933/5177/76 2930/5177/76 2900/5177/76
f 2900/5177/76 2930/5177/76 2927/5177/76 2903/5177/76
f 2907/5177/76 2939/5177/76 2948/5177/76 2912/5177/76
f 2918/5177/76 2942/5177/76 2937/5177/2462 2909/5177/2462
f 2814/5046/2908 2809/5045/2907 2830/5069/2928 2801/5256/2898 2906/5206/3003 2913/5205/2820 2916/5264/3007 2919/5265/3011 2910/5266/3015 2891/5267/2989 2898/5268/2988 2901/5269/2993 2904/5198/2812 2895/5197/2998 2794/5253/2891 2822/5057/2919
f 2912/5177/76 2948/5177/76 2945/5177/76 2915/5177/76
f 2915/5177/76 2945/5177/76 2942/5177/76 2918/5177/76
f 2921/5226/3021 2928/5225/3020 2777/5262/2870
f 2934/5233/3029 2925/5236/3033 2777/5262/2870
f 2928/5225/3020 2931/5230/3025 2777/5262/2870
f 2931/5230/3025 2934/5233/3029 2777/5262/2870
f 2936/5242/3041 2943/5241/3040 2778/5263/2870
f 2949/5248/3047 2940/5251/2869 2778/5263/2870
f 2943/5241/3040 2946/5245/2863 2778/5263/2870
f 2946/5245/2863 2949/5248/3047 2778/5263/2870
f 993/1874/912 2951/5270/1027 2952/5271/1008 994/1853/896
f 1000/1873/911 2958/5272/1024 2951/5270/1027 993/1874/912
f 896/5273/278 897/5274/278 898/5275/278 899/5276/278 900/5277/278 895/1659/278 882/1658/278 881/5278/278 880/5279/278 879/5280/278 878/5281/278 877/5282/278 876/1653/278 893/1652/278
f 999/1869/908 2957/2030/1023 2958/2029/1022 1000/1870/908
f 998/1865/904 2956/5283/1017 2957/5284/1019 999/1866/906
f 997/1861/902 2955/2020/1015 2956/2022/1017 998/1863/904
f 996/1858/900 2954/2018/1013 2955/2020/1015 997/1861/902
f 995/1857/897 2953/2015/1011 2954/2018/1013 996/1858/900
f 994/1853/896 2952/5271/1008 2953/5285/1011 995/1854/897
f 2959/5286/11 2962/5287/11 2963/5288/11 2965/5289/11 2967/5290/11 2968/5291/11 2969/5292/11 2970/5293/11 2966/5294/11 2964/5295/11 2961/5296/11 2960/5297/11
f 2971/5298/90 2972/5299/90 2973/5300/90 2976/5301/90 2978/5302/90 2982/5303/90 2981/5304/90 2980/5305/90 2979/5306/90 2977/5307/90 2975/5308/90 2974/5309/90
f 2961/5310/76 2964/5311/76 2976/5312/76 2973/5313/76
f 2963/5314/76 2962/5315/76 2974/5316/76 2975/5317/76
f 2967/5318/3050 2965/5319/3051 2977/5320/3051 2979/5321/3050
f 2968/5322/3052 2967/5318/3050 2979/5321/3050 2980/5323/3052
f 2969/5324/3053 2968/5322/3052 2980/5323/3052 2981/5325/3053
f 2970/5326/3054 2969/5324/3053 2981/5325/3053 2982/5327/3054
f 2966/5328/3055 2970/5326/3054 2982/5327/3054 2978/5329/3055
f 2965/5319/3051 2963/5314/3056 2975/5317/3056 2977/5320/3051
f 2964/5311/3057 2966/5328/3055 2978/5329/3055 2976/5312/3057
f 1154/5330/11 1153/5331/11 1152/5332/11 1151/2163/11 1132/2162/11 1133/5333/11 1134/5334/11 1135/5335/11 1136/5336/11 1137/2153/11 1150/2152/11 1155/5337/11
f 2983/879/404 2987/919/406 2985/869/402 430/784/378 403/740/391 380/739/391 436/663/378
f 2983/879/404 323/592/311 449/656/371
f 2984/872/383 308/5338/352 458/5339/351 258/870/403
f 2986/818/399 2985/869/402 455/5340/394 303/5341/287
f 2987/919/406 466/842/401 259/881/405 255/894/405 249/897/405 252/899/405 254/915/405 258/870/403
f 2986/818/399 303/5341/287 306/817/290
f 2985/869/402 2987/919/406 258/870/403 458/5339/351 479/5342/384 491/5343/384 349/5344/384 362/5345/384 419/5346/384 455/5340/394
f 392/729/367 401/765/367 397/773/379 388/758/379 382/757/379 376/730/367
