# Blender 5.1.2
# www.blender.org
mtllib Rifle.mtl
o MP44
v -0.012134 0.041800 0.069287
v -0.012140 0.037528 0.063498
v -0.010322 0.039946 0.069638
v -0.013938 -0.063751 0.102512
v -0.013938 -0.060646 0.104064
v -0.013938 -0.056982 0.104064
v -0.013938 -0.053066 0.102603
v -0.013938 -0.065596 0.100030
v -0.008509 -0.067874 0.107429
v -0.008509 -0.062119 0.110306
v -0.008509 -0.055856 0.110306
v -0.008509 -0.050174 0.108198
v -0.013938 0.007944 0.058811
v -0.008509 0.014734 0.061596
v -0.013938 -0.074337 0.072400
v -0.013938 -0.075773 0.073651
v -0.013938 -0.076013 0.076995
v -0.013938 -0.069267 0.072144
v -0.013938 -0.064057 0.070076
v -0.008509 -0.070445 0.065503
v -0.008509 -0.076134 0.065874
v -0.008509 -0.081344 0.070800
v -0.008509 -0.082224 0.078408
v -0.008509 -0.071006 0.103213
v -0.009151 -0.001185 0.041335
v -0.009151 -0.005747 0.035851
v -0.013938 -0.009295 0.038078
v -0.013938 -0.011584 0.032243
v -0.009151 -0.008704 0.028698
v -0.009151 -0.012032 0.027568
v -0.008509 -0.023080 0.033102
v -0.008509 -0.066934 0.064473
v -0.013938 -0.003953 0.044498
v -0.013938 0.003172 0.048977
v -0.013938 0.007829 0.051204
v -0.009151 0.011514 0.048076
v -0.009151 0.004953 0.045194
v -0.010725 -0.173361 -0.204168
v 0.012201 -0.173361 -0.204168
v 0.012344 -0.195070 -0.156115
v -0.011589 -0.194799 -0.156711
v 0.005742 -0.195891 -0.151588
v 0.012344 -0.170102 -0.144845
v 0.005742 -0.171839 -0.140884
v 0.005742 -0.116667 -0.120998
v 0.012344 -0.115442 -0.125139
v 0.005742 -0.088456 -0.113306
v 0.012344 -0.087398 -0.117493
v 0.005742 -0.030918 -0.102501
v 0.012344 -0.030300 -0.106730
v 0.005742 0.021849 -0.098021
v 0.012805 0.028118 -0.101958
v -0.008509 -0.007097 -0.050591
v -0.010643 0.018266 -0.059569
v -0.008509 -0.004750 -0.055918
v -0.008509 -0.003042 -0.041583
v -0.008509 0.002761 -0.038170
v -0.008509 0.007053 -0.032930
v -0.008509 0.009336 -0.026501
v -0.008534 0.016437 0.005378
v -0.010657 0.022846 0.009145
v -0.008536 0.017365 0.007013
v -0.008194 0.024337 0.014646
v -0.008509 0.009336 0.000167
v -0.008509 0.007053 0.006597
v -0.008509 0.002761 0.011838
v -0.008509 -0.003020 0.015258
v -0.008509 -0.020713 0.028598
v -0.008509 -0.020813 0.023319
v -0.008509 -0.009594 0.016446
v -0.008509 -0.022554 0.018879
v -0.008509 -0.016168 0.015258
v -0.008509 -0.021997 0.011839
v -0.008509 -0.025815 0.015167
v -0.008509 -0.026241 0.006597
v -0.008509 -0.029999 0.008758
v -0.008509 -0.032393 0.000799
v -0.008509 -0.028524 0.000167
v -0.008509 -0.028524 -0.026501
v -0.008509 -0.032248 -0.027055
v -0.008509 -0.029751 -0.034863
v -0.008509 -0.026241 -0.032930
v -0.008509 -0.024543 -0.040970
v -0.008509 -0.021950 -0.038170
v -0.008509 -0.017856 -0.045048
v -0.008509 -0.016168 -0.041591
v -0.008509 -0.011565 -0.047655
v -0.008509 -0.009580 -0.042830
v -0.011789 0.021912 -0.101624
v -0.004265 0.021850 -0.098021
v -0.011222 0.023326 -0.154444
v 0.012698 0.023326 -0.154444
v -0.004265 -0.195891 -0.151588
v 0.012344 -0.149866 -0.192805
v 0.012344 -0.100418 -0.174978
v 0.012344 -0.075048 -0.168061
v 0.012344 -0.023393 -0.158324
v -0.004265 -0.030918 -0.102501
v -0.010868 -0.030300 -0.106730
v -0.010868 -0.087398 -0.117493
v -0.004265 -0.088456 -0.113306
v -0.010868 -0.115442 -0.125139
v -0.004265 -0.116667 -0.120998
v -0.010868 -0.170102 -0.144845
v -0.004265 -0.171839 -0.140884
v -0.010868 -0.023393 -0.158324
v -0.010868 -0.075048 -0.168061
v -0.010868 -0.100418 -0.174978
v -0.010868 -0.149866 -0.192805
v -0.011491 0.096463 -0.112067
v -0.011491 0.093710 -0.108716
v -0.011491 0.090958 -0.112067
v -0.011491 0.093710 -0.115418
v 0.003343 0.008377 -0.009444
v -0.001662 0.008377 -0.009444
v -0.001662 0.008390 -0.001545
v 0.003343 0.008390 -0.001545
v 0.008335 0.036406 -0.098702
v 0.008335 0.006628 -0.099437
v 0.008335 0.006628 -0.097081
v 0.008335 0.036406 -0.096002
v -0.006633 0.036406 -0.098702
v -0.006633 0.036406 -0.096002
v -0.006633 0.006628 -0.097081
v -0.006633 0.006628 -0.099437
v -0.012957 0.036406 -0.098678
v -0.013267 0.006628 -0.101231
v 0.006689 -0.177112 -0.207752
v 0.006689 -0.175625 -0.207282
v 0.006689 -0.176769 -0.204024
v 0.006689 -0.178034 -0.204338
v 0.006689 -0.196464 -0.156100
v 0.006689 -0.174722 -0.201836
v 0.006689 -0.196838 -0.152433
v 0.006689 -0.199495 -0.152012
v 0.006689 -0.199893 -0.155025
v -0.005213 -0.176769 -0.204024
v -0.005213 -0.175625 -0.207282
v -0.005213 -0.177112 -0.207752
v -0.005213 -0.178034 -0.204338
v -0.005213 -0.174722 -0.201836
v -0.005213 -0.196464 -0.156100
v -0.005213 -0.196838 -0.152433
v -0.005213 -0.199893 -0.155025
v -0.005213 -0.199495 -0.152012
v 0.015118 0.024471 -0.157618
v 0.014809 0.036406 -0.098678
v -0.013267 0.024471 -0.157618
v 0.016336 0.093430 -0.135866
v 0.016343 0.095191 -0.135866
v 0.014821 0.096078 -0.135866
v 0.013922 0.092891 -0.135866
v 0.013164 0.094956 -0.135866
v 0.014739 0.092455 -0.135866
v 0.013164 0.094956 -0.115941
v 0.014821 0.096078 -0.115941
v 0.016343 0.095191 -0.115941
v 0.014739 0.092455 -0.115941
v 0.016336 0.093430 -0.115941
v 0.013922 0.092891 -0.115941
v 0.013164 0.094956 -0.159202
v 0.013922 0.092891 -0.159212
v 0.014821 0.096078 -0.159202
v 0.016343 0.095191 -0.159202
v 0.016336 0.093430 -0.159202
v 0.014739 0.092455 -0.159212
v 0.014739 0.092455 -0.092028
v 0.016336 0.093430 -0.092055
v 0.016343 0.095191 -0.092055
v 0.013164 0.094956 -0.092055
v 0.014821 0.096078 -0.092055
v 0.013922 0.092891 -0.092028
v 0.021522 0.068590 -0.158568
v 0.021522 0.068590 -0.092657
v 0.020666 0.068590 -0.092657
v 0.020666 0.068590 -0.158568
v 0.011473 0.084636 -0.412499
v 0.012457 0.084447 -0.410795
v 0.012457 0.074067 -0.410795
v 0.011473 0.073672 -0.412499
v 0.012457 0.074067 -0.414204
v 0.012457 0.084447 -0.414204
v 0.014426 0.074859 -0.414204
v 0.014426 0.084067 -0.414204
v 0.014891 0.083983 -0.409440
v 0.014426 0.084067 -0.410795
v 0.007848 0.085335 -0.407328
v 0.007848 0.085335 -0.417764
v 0.014891 0.083983 -0.415651
v 0.015410 0.083877 -0.412499
v 0.016458 0.083664 -0.412546
v 0.007838 0.075766 -0.406526
v 0.010375 0.073229 -0.407328
v 0.014891 0.075062 -0.409289
v 0.016458 0.075646 -0.412546
v 0.011604 0.090825 -0.434291
v 0.007848 0.085335 -0.434291
v 0.007838 0.075766 -0.418565
v 0.007838 0.075766 -0.434291
v 0.010375 0.073229 -0.434291
v 0.010375 0.073229 -0.417764
v 0.011848 0.067730 -0.434291
v 0.006350 0.058207 -0.391144
v 0.000851 0.056734 -0.391144
v 0.000851 0.056734 -0.434291
v 0.006350 0.058207 -0.434291
v 0.010375 0.062232 -0.391144
v 0.010375 0.062232 -0.434291
v 0.011848 0.067730 -0.391144
v 0.010375 0.073229 -0.391144
v 0.007838 0.075766 -0.391144
v 0.007848 0.085335 -0.391144
v 0.009325 0.087507 -0.391144
v 0.011876 0.090788 -0.390043
v 0.011604 0.096585 -0.434291
v 0.011885 0.091833 -0.386818
v 0.011178 0.096520 -0.362632
v 0.011608 0.091833 -0.363261
v 0.011245 0.091831 -0.212793
v 0.003731 0.104451 -0.434290
v -0.002028 0.104451 -0.434290
v -0.001873 0.104072 -0.362630
v 0.003575 0.104072 -0.362630
v 0.008450 0.101238 -0.362632
v 0.008719 0.101573 -0.434291
v 0.011200 0.097331 -0.212793
v 0.008649 0.101451 -0.212793
v 0.004372 0.104114 -0.212793
v -0.002669 0.104114 -0.212793
v -0.006748 0.101238 -0.362632
v -0.007016 0.101573 -0.434291
v -0.009903 0.096585 -0.434291
v -0.006146 0.085335 -0.433688
v -0.006135 0.075766 -0.433699
v -0.006135 0.075766 -0.391144
v -0.006146 0.085335 -0.391144
v -0.007622 0.087507 -0.391144
v -0.009902 0.090825 -0.434291
v -0.010174 0.090788 -0.390043
v -0.010181 0.091833 -0.386818
v -0.009476 0.096520 -0.362632
v -0.006946 0.101451 -0.212793
v -0.009903 0.091833 -0.363261
v -0.009497 0.097331 -0.212793
v -0.010460 0.091833 -0.212793
v -0.006221 0.090758 -0.434291
v 0.003781 0.086615 -0.434291
v 0.000851 0.076134 -0.434291
v -0.003350 0.075008 -0.434291
v -0.006426 0.071932 -0.434291
v -0.008672 0.073229 -0.434291
v -0.010145 0.067730 -0.434291
v -0.007552 0.067730 -0.434291
v -0.008672 0.062232 -0.434291
v -0.006426 0.063528 -0.434291
v -0.003350 0.060452 -0.434291
v -0.004647 0.058207 -0.434291
v 0.000851 0.059326 -0.434291
v 0.005053 0.060452 -0.434291
v 0.008129 0.063528 -0.434291
v 0.009255 0.067730 -0.434291
v 0.008129 0.071932 -0.434291
v 0.005053 0.075008 -0.434291
v -0.002078 0.100760 -0.434290
v 0.007924 0.096617 -0.434291
v 0.012106 0.087507 -0.391144
v -0.010403 0.087507 -0.391144
v -0.008672 0.073229 -0.391144
v -0.010145 0.067730 -0.391144
v -0.011785 0.075026 -0.234765
v -0.010436 0.076665 -0.234573
v -0.010436 0.076665 -0.363930
v -0.015974 0.073969 -0.212793
v -0.011271 0.080653 -0.212793
v -0.017594 0.046749 -0.205828
v -0.018843 0.048450 -0.212793
v -0.017300 0.046658 -0.216471
v -0.018574 0.070650 -0.216540
v -0.018844 0.070824 -0.212793
v -0.014477 0.067767 -0.236794
v -0.012417 0.075454 -0.363930
v -0.010453 0.074079 -0.371515
v -0.010145 0.067730 -0.378331
v -0.014477 0.067767 -0.363930
v 0.001577 0.045959 -0.214357
v 0.000851 0.044883 -0.204971
v -0.016093 0.049276 -0.219517
v -0.014780 0.059975 -0.227974
v -0.012417 0.060081 -0.239128
v -0.012417 0.060081 -0.363930
v 0.000851 0.051206 -0.229444
v 0.000851 0.047563 -0.219478
v 0.000897 0.052394 -0.241586
v -0.006790 0.054453 -0.240954
v -0.006790 0.054453 -0.363930
v -0.010475 0.053402 -0.229222
v -0.008672 0.062232 -0.378331
v -0.004647 0.058207 -0.378331
v -0.008672 0.062232 -0.391144
v -0.004647 0.058207 -0.391144
v 0.000851 0.056734 -0.378331
v 0.000897 0.052394 -0.363930
v 0.015410 0.075254 -0.412499
v 0.014426 0.074859 -0.410795
v 0.020547 0.070824 -0.216540
v 0.020547 0.070824 -0.212793
v 0.020547 0.048450 -0.212793
v 0.016998 0.075295 -0.212793
v 0.014211 0.060081 -0.363930
v 0.014211 0.060081 -0.239128
v 0.008583 0.054453 -0.240954
v 0.012178 0.053402 -0.229222
v 0.016484 0.059975 -0.227974
v 0.017583 0.049276 -0.219517
v 0.018996 0.046658 -0.216471
v 0.019332 0.046782 -0.205829
v 0.008583 0.054453 -0.363930
v 0.006350 0.058207 -0.378331
v 0.016270 0.067767 -0.363930
v 0.016270 0.067767 -0.236794
v 0.011848 0.067730 -0.378331
v 0.010375 0.062232 -0.378331
v 0.012156 0.074079 -0.371515
v 0.012138 0.076665 -0.363930
v 0.013488 0.075026 -0.363930
v 0.013488 0.075026 -0.234765
v 0.012138 0.076665 -0.234573
v 0.012974 0.080653 -0.212793
v 0.006820 0.117313 -0.564607
v 0.006271 0.074938 -0.564857
v 0.000851 0.077741 -0.564855
v -0.005177 0.121955 -0.564579
v 0.006880 0.121955 -0.564579
v -0.005117 0.117313 -0.564607
v -0.004568 0.074938 -0.564857
v 0.019691 0.047572 -0.173485
v 0.009410 0.084339 -0.212793
v 0.009410 0.084339 -0.154829
v 0.016998 0.075295 -0.156191
v 0.020547 0.070824 -0.153325
v 0.019691 0.046134 -0.166683
v 0.020547 0.070824 -0.097136
v 0.020142 0.070590 -0.064988
v 0.016998 0.075295 -0.094359
v 0.016998 0.075295 -0.064697
v 0.009410 0.084339 -0.064595
v 0.009410 0.084339 -0.095552
v 0.011651 0.089261 -0.063513
v 0.013944 0.062303 0.076079
v 0.012235 0.059875 -0.062387
v 0.013616 0.073017 -0.062897
v 0.013944 0.073158 0.076079
v 0.009410 0.079200 -0.062039
v 0.009761 0.079268 0.076079
v 0.010832 0.087400 0.076079
v 0.012863 0.093734 0.076079
v 0.012204 0.098437 -0.063992
v 0.011949 0.098331 0.076079
v 0.009540 0.102423 -0.063992
v 0.009345 0.102228 0.076079
v 0.012335 0.092620 -0.091793
v 0.012931 0.092620 -0.079445
v 0.012655 0.091324 -0.079445
v 0.012653 0.091316 -0.066123
v 0.013139 0.093734 -0.063993
v 0.013261 0.096137 -0.079193
v 0.013261 0.096137 -0.091793
v 0.009964 0.102847 -0.115145
v 0.005554 0.105087 -0.063992
v 0.005448 0.104831 0.076079
v 0.000851 0.105746 0.076079
v 0.005783 0.105640 -0.116100
v 0.000851 0.106291 -0.064067
v -0.003851 0.105087 -0.063992
v -0.003745 0.104831 0.076079
v -0.007642 0.102228 0.076079
v -0.007838 0.102423 -0.063992
v -0.010569 0.096704 0.076079
v -0.010677 0.097583 -0.064871
v -0.008261 0.102847 -0.115145
v -0.010786 0.097085 -0.115580
v -0.004080 0.105640 -0.116100
v 0.000851 0.107050 -0.116436
v -0.010327 0.091166 -0.065261
v -0.010484 0.091321 0.076079
v -0.009130 0.087400 0.076079
v -0.009948 0.089261 -0.065116
v -0.010327 0.091166 -0.115277
v -0.007838 0.102423 -0.194120
v -0.010501 0.098437 -0.194120
v -0.009948 0.089261 -0.212793
v -0.007708 0.085778 -0.064752
v -0.008261 0.102847 -0.184031
v 0.002027 0.105374 -0.194120
v 0.009540 0.102423 -0.194120
v 0.012204 0.098437 -0.194120
v 0.002084 0.105993 -0.183261
v 0.009964 0.102847 -0.184031
v 0.013261 0.096137 -0.159427
v 0.013261 0.096137 -0.172027
v 0.013139 0.093734 -0.194119
v 0.012930 0.092620 -0.171680
v 0.011883 0.093965 -0.212793
v 0.012653 0.091316 -0.191995
v 0.012655 0.091324 -0.171679
v 0.012335 0.092620 -0.159427
v 0.012335 0.092620 -0.135675
v 0.013261 0.096137 -0.135675
v 0.012335 0.092620 -0.116229
v 0.011651 0.089261 -0.212793
v 0.013261 0.096137 -0.116229
v 0.011053 0.085576 -0.092002
v 0.010209 0.085719 -0.092002
v 0.011704 0.083654 -0.092002
v 0.010857 0.083269 -0.092002
v 0.016617 0.077608 -0.092002
v 0.015762 0.076921 -0.092002
v 0.021528 0.071056 -0.092002
v 0.020666 0.070765 -0.092002
v 0.021528 0.071056 -0.159223
v 0.020666 0.070765 -0.159223
v 0.016617 0.077608 -0.159223
v 0.015762 0.076921 -0.159223
v 0.011704 0.083654 -0.159223
v 0.010857 0.083269 -0.159223
v 0.011053 0.085576 -0.159223
v 0.010209 0.085719 -0.159223
v 0.014891 0.075062 -0.415802
v -0.005571 0.064022 -0.534945
v -0.002856 0.061308 -0.534945
v 0.000851 0.060315 -0.534945
v 0.004559 0.074152 -0.534945
v 0.000851 0.075146 -0.534945
v -0.002856 0.074152 -0.534945
v -0.005571 0.071438 -0.534945
v -0.006564 0.067730 -0.534945
v 0.004559 0.061308 -0.534945
v 0.007274 0.064022 -0.534945
v 0.008267 0.067730 -0.534945
v 0.007274 0.071438 -0.534945
v 0.014872 0.007043 0.286277
v -0.010564 0.006980 0.286240
v -0.010331 0.030297 0.289539
v 0.014872 0.030174 0.289568
v 0.014872 0.033262 0.287608
v -0.010619 0.033240 0.287605
v 0.014872 0.033959 0.284149
v -0.010942 0.033932 0.284162
v -0.011096 0.031768 0.281194
v 0.014872 0.031838 0.281234
v 0.015126 0.069706 0.367920
v 0.015126 0.063891 0.370333
v 0.015126 0.056834 0.369365
v 0.015126 0.073589 0.361853
v 0.015126 0.033888 0.366503
v 0.015126 -0.039395 0.331539
v 0.015126 0.015865 0.364793
v 0.015126 -0.001459 0.363890
v 0.015126 -0.042730 0.338917
v 0.015126 -0.024883 0.366176
v 0.015126 -0.044492 0.348052
v 0.015126 -0.033262 0.366326
v 0.015126 -0.043552 0.356900
v 0.015126 -0.039809 0.362895
v 0.014872 0.004922 0.283363
v 0.014872 0.005619 0.279903
v 0.015126 0.030980 0.187821
v 0.014872 0.008836 0.277916
v 0.015126 0.072977 0.252008
v 0.015126 0.078500 0.285605
v 0.000851 0.089533 0.187196
v 0.009655 0.086389 0.185781
v 0.007732 0.098536 0.170236
v 0.009535 0.081808 0.200896
v 0.015126 0.074700 0.199562
v 0.015126 0.070750 0.219746
v 0.008738 0.079297 0.220051
v 0.008982 0.079120 0.251719
v 0.000851 0.081276 0.251370
v 0.000851 0.081553 0.285733
v 0.000851 0.084135 0.201716
v 0.000851 0.082116 0.220184
v 0.015243 0.094539 0.136653
v 0.015126 0.093736 0.159934
v 0.020930 0.075740 0.155583
v 0.007552 0.103460 0.156532
v 0.007558 0.103636 0.136653
v 0.000851 0.105746 0.136653
v 0.000851 0.105423 0.156597
v 0.007625 0.101795 0.163109
v 0.000851 0.104501 0.163966
v 0.000851 0.100264 0.171414
v 0.000851 -0.040440 0.326781
v 0.000851 0.028366 0.186643
v 0.015126 0.036556 0.174263
v 0.015126 0.080873 0.182373
v 0.015126 0.039521 0.159934
v 0.000851 0.033804 0.173420
v 0.000851 0.036655 0.159640
v 0.000851 0.036490 0.136653
v 0.015143 0.039313 0.136653
v 0.020518 0.043509 0.155583
v 0.020502 0.042812 0.136653
v 0.021088 0.075794 0.136653
v -0.013423 -0.039395 0.331539
v -0.013423 0.030980 0.187821
v -0.010920 0.004946 0.283368
v -0.011232 0.005638 0.279922
v -0.011325 0.008751 0.277936
v -0.013423 0.072977 0.252008
v -0.013423 0.078500 0.285605
v -0.013423 0.073589 0.361853
v -0.013423 0.033888 0.366503
v -0.013423 0.015865 0.364793
v -0.013423 -0.001459 0.363890
v -0.013423 -0.024883 0.366176
v -0.013423 0.056834 0.369365
v -0.013423 0.069706 0.367920
v -0.013423 0.063891 0.370333
v -0.013423 -0.042730 0.338917
v -0.013423 -0.033262 0.366326
v -0.013423 -0.044492 0.348052
v -0.013423 -0.039809 0.362895
v -0.013423 -0.043552 0.356900
v 0.000851 0.052430 0.371858
v 0.000851 0.064447 0.374636
v 0.000851 0.072156 0.370398
v 0.000851 0.077290 0.362239
v 0.000851 0.033820 0.367428
v 0.000851 0.015865 0.364793
v 0.000851 -0.033977 0.370314
v 0.000851 -0.024129 0.370175
v 0.000851 -0.001359 0.364967
v 0.000851 -0.042479 0.365854
v 0.000851 -0.047345 0.358083
v 0.000851 -0.048474 0.347649
v 0.000851 -0.046511 0.337438
v -0.013423 0.093736 0.159934
v -0.019269 0.075740 0.155583
v -0.018816 0.043509 0.155583
v -0.013423 0.039521 0.159934
v -0.005922 0.101795 0.163109
v -0.005849 0.103460 0.156532
v -0.006030 0.098536 0.170236
v -0.008131 0.086389 0.185781
v -0.013423 0.080873 0.182373
v -0.013423 0.074700 0.199563
v -0.013423 0.036556 0.174263
v -0.008011 0.081808 0.200896
v -0.013423 0.070750 0.219746
v -0.007974 0.079115 0.220051
v -0.007458 0.079120 0.251720
v -0.013440 0.039313 0.136653
v -0.018799 0.042812 0.136653
v -0.019427 0.075794 0.136653
v -0.013540 0.094539 0.136653
v -0.005855 0.103636 0.136653
v -0.007708 0.082900 -0.212793
v -0.007708 0.085778 -0.212793
v 0.015379 0.067730 0.085558
v 0.014845 0.040595 0.094286
v 0.014853 0.042602 0.085328
v 0.014183 0.042056 0.113575
v 0.015379 0.067730 0.113542
v 0.020658 0.042781 0.116783
v 0.021246 0.075847 0.116783
v 0.014272 0.073298 0.113448
v 0.010623 0.083308 0.113651
v 0.014272 0.094163 0.116236
v 0.013220 0.038555 0.116133
v -0.008770 0.067730 -0.579090
v -0.007481 0.072541 -0.579090
v 0.000851 0.067730 -0.577345
v -0.003959 0.076062 -0.579090
v 0.000851 0.077351 -0.579090
v 0.005662 0.076062 -0.579090
v 0.009184 0.072541 -0.579090
v 0.010473 0.067730 -0.579090
v 0.009184 0.062920 -0.579090
v 0.005662 0.059398 -0.579090
v 0.000851 0.058109 -0.579090
v -0.003959 0.059398 -0.579090
v -0.007481 0.062920 -0.579090
v 0.010173 0.129940 -0.545347
v 0.009673 0.118850 -0.545347
v 0.009673 0.118850 -0.564445
v 0.010173 0.129940 -0.564445
v 0.007210 0.136252 -0.545347
v 0.007210 0.136252 -0.564445
v 0.000851 0.139169 -0.545347
v 0.000851 0.139169 -0.564445
v 0.008809 0.072382 -0.564857
v 0.000851 0.058494 -0.564856
v -0.003767 0.059732 -0.564856
v 0.005469 0.059732 -0.564856
v 0.008850 0.063112 -0.564856
v 0.010087 0.067730 -0.564857
v -0.007106 0.072382 -0.564857
v -0.008384 0.067730 -0.564856
v -0.007147 0.063112 -0.564856
v -0.007970 0.118850 -0.564445
v -0.005343 0.116794 -0.544916
v -0.007970 0.118850 -0.545347
v -0.005507 0.136252 -0.545347
v -0.005507 0.136252 -0.564445
v -0.008471 0.129940 -0.545347
v -0.008471 0.129940 -0.564445
v 0.000851 0.036710 0.076206
v -0.009044 0.038726 0.076079
v 0.010211 0.039385 0.070861
v 0.010746 0.038726 0.076079
v -0.005310 0.117832 -0.545165
v -0.005177 0.121955 -0.546153
v 0.007013 0.117832 -0.545165
v 0.006880 0.121955 -0.546153
v -0.006585 0.078222 -0.535672
v 0.008288 0.078222 -0.535672
v 0.007046 0.116794 -0.544916
v -0.003574 0.060065 -0.535208
v 0.000851 0.058880 -0.535208
v -0.006813 0.063305 -0.535208
v -0.007999 0.067730 -0.535651
v -0.007999 0.067730 -0.546498
v -0.006585 0.078222 -0.546926
v 0.005277 0.060065 -0.535208
v 0.008516 0.063305 -0.535208
v 0.009702 0.067730 -0.546498
v 0.008288 0.078222 -0.546926
v 0.009702 0.067730 -0.535651
v 0.010211 -0.023080 0.033102
v 0.010211 -0.020713 0.028598
v 0.010853 -0.018480 0.032177
v -0.009151 0.012149 0.059560
v -0.008509 0.020516 0.058556
v 0.005075 0.095268 -0.486656
v -0.000898 0.097502 -0.486656
v -0.000898 0.097911 -0.481799
v 0.005075 0.095437 -0.481799
v -0.000356 0.096601 -0.479697
v 0.003765 0.094895 -0.479697
v -0.000353 0.096595 -0.445498
v 0.003758 0.094892 -0.445498
v -0.003372 0.092108 -0.486656
v -0.003372 0.091938 -0.481799
v -0.002062 0.092481 -0.479697
v -0.002056 0.092484 -0.445498
v 0.002601 0.089873 -0.486656
v 0.002601 0.089464 -0.481799
v 0.002058 0.090774 -0.479697
v 0.002056 0.090781 -0.445498
v -0.002078 0.100760 -0.443489
v 0.007924 0.096617 -0.443489
v 0.003781 0.086615 -0.443489
v -0.006221 0.090758 -0.443489
v 0.015118 0.006628 -0.101231
v 0.015830 0.092996 -0.116229
v 0.015835 0.095913 -0.116229
v 0.015830 0.092996 -0.135675
v 0.015835 0.095913 -0.135675
v 0.015830 0.093004 -0.079193
v 0.015832 0.095918 -0.079193
v 0.015830 0.093004 -0.091793
v 0.015825 0.093004 -0.159427
v 0.015819 0.095923 -0.159427
v 0.015825 0.093004 -0.172027
v 0.015832 0.095918 -0.091793
v 0.015819 0.095923 -0.172027
v 0.000851 0.045269 -0.173726
v 0.000851 0.044010 -0.167647
v 0.019691 0.042902 -0.162375
v 0.000851 0.041355 -0.164115
v 0.020119 0.038188 -0.159325
v 0.000851 0.038069 -0.162241
v 0.017318 0.033979 -0.158893
v 0.017318 0.014273 -0.159254
v 0.017318 0.007048 -0.162380
v -0.015453 0.007048 -0.162380
v -0.015453 0.014273 -0.159254
v -0.015453 0.033979 -0.158893
v -0.018416 0.037399 -0.159050
v -0.017988 0.042902 -0.162375
v -0.017988 0.046134 -0.166683
v -0.017988 0.047572 -0.173485
v -0.013267 0.006628 -0.160739
v 0.015133 0.006628 -0.160739
v -0.015460 -0.001057 -0.080637
v -0.015461 -0.000504 -0.077664
v -0.015459 0.001495 -0.075350
v -0.015459 -0.000604 -0.084343
v -0.015454 0.006079 -0.092521
v -0.015328 0.033975 -0.065033
v -0.015453 0.007048 -0.094531
v -0.018439 0.070590 -0.064988
v -0.018429 0.036240 -0.065024
v -0.007708 0.082900 -0.064697
v -0.012106 0.080068 -0.064697
v -0.015974 0.073969 -0.064652
v -0.009151 0.000393 -0.074131
v -0.009151 0.033818 -0.063423
v -0.010530 0.059117 -0.060545
v -0.011913 0.062443 -0.062735
v -0.011913 0.073017 -0.062897
v -0.007708 0.079200 -0.062039
v -0.009110 0.005430 -0.092937
v -0.008509 -0.002642 -0.085493
v -0.009151 -0.002726 -0.080534
v -0.009151 -0.002171 -0.076967
v 0.008875 0.116976 -0.120871
v 0.007232 0.118641 -0.123153
v -0.005530 0.118641 -0.123153
v -0.007172 0.116976 -0.120871
v -0.011518 0.038555 0.116133
v -0.011534 0.041609 0.113589
v -0.011536 0.039740 0.095620
v -0.018955 0.042781 0.116783
v -0.019585 0.075847 0.116783
v -0.012570 0.094163 0.116236
v 0.011594 0.057442 0.083699
v 0.011223 0.057374 0.076079
v 0.007225 0.118641 -0.177455
v -0.005522 0.118641 -0.177455
v -0.008509 -0.004601 -0.081404
v -0.015607 0.043358 -0.058573
v -0.015780 0.059147 -0.058531
v -0.012135 0.041931 -0.060755
v -0.012135 0.041931 -0.023794
v -0.010657 0.025932 0.014779
v -0.007713 0.025006 0.020610
v -0.009601 0.025006 0.054460
v -0.012312 0.059987 -0.023794
v -0.012140 0.026869 0.057141
v -0.012135 0.041965 0.036130
v -0.012135 0.058968 0.069258
v -0.012007 0.061436 0.068288
v -0.012241 0.062303 0.076079
v -0.009154 0.057307 0.070670
v -0.009521 0.057374 0.076079
v -0.012140 0.032530 0.059003
v -0.013123 0.064946 0.085021
v -0.009891 0.057442 0.083699
v -0.011534 0.041610 0.084666
v -0.013677 0.067730 0.113542
v -0.012569 0.073298 0.113448
v -0.008921 0.083308 0.113651
v -0.015643 0.043759 -0.026028
v -0.015515 0.059710 -0.026022
v 0.010857 0.057306 0.070670
v 0.013710 0.061436 0.068365
v -0.012241 0.073158 0.076079
v -0.008059 0.079268 0.076079
v 0.010853 0.015795 0.007991
v 0.013838 0.017079 0.006325
v 0.013838 0.022388 0.009057
v 0.010880 0.020695 0.010469
v 0.013838 0.025334 0.014886
v 0.010880 0.022925 0.014900
v 0.013838 0.022121 0.020979
v 0.010880 0.020500 0.019528
v 0.013838 0.017079 0.023533
v 0.010853 0.015795 0.021955
v 0.013838 0.018585 -0.059250
v 0.010854 0.017301 -0.060534
v 0.010854 0.020100 -0.062039
v 0.013838 0.021384 -0.060755
v 0.013838 0.017080 -0.056451
v 0.010854 0.015796 -0.057735
v 0.010854 0.000393 -0.074131
v 0.010211 -0.004750 -0.055918
v 0.010854 -0.002171 -0.076967
v 0.010212 -0.004601 -0.081404
v 0.010854 -0.002726 -0.080534
v 0.010212 -0.002642 -0.085493
v 0.010211 -0.007097 -0.050591
v 0.010211 0.009336 -0.026501
v 0.010211 0.007053 -0.032930
v 0.010211 0.002761 -0.038170
v 0.010211 -0.003042 -0.041583
v 0.010211 -0.009580 -0.042830
v 0.010211 -0.011565 -0.047655
v 0.010211 -0.016168 -0.041591
v 0.010211 -0.017856 -0.045048
v 0.010211 -0.003020 0.015258
v 0.010211 0.002762 0.011838
v 0.010853 0.011344 0.011733
v 0.010211 0.007053 0.006597
v 0.010211 0.009336 0.000167
v 0.010853 0.016443 0.057234
v 0.010853 0.011644 0.060583
v 0.010854 0.033818 -0.063423
v 0.013838 0.058968 -0.060755
v 0.013838 0.041748 0.035753
v 0.013838 0.017727 0.055963
v 0.013838 0.026063 0.056374
v 0.013838 0.032990 0.058124
v 0.013838 0.058968 0.069258
v 0.013710 0.061437 -0.060211
v 0.013838 0.020322 0.056636
v 0.013838 0.038318 0.062927
v 0.013838 0.041154 0.068851
v 0.010211 0.014734 0.061596
v 0.010211 0.020516 0.058556
v 0.010211 0.036738 0.064070
v 0.010211 0.032071 0.059882
v 0.010211 0.025903 0.058315
v 0.010211 -0.055856 0.110306
v 0.010211 -0.050174 0.108198
v 0.010211 -0.081344 0.070800
v 0.010211 -0.082224 0.078408
v 0.010211 -0.071006 0.103213
v 0.010211 -0.067874 0.107429
v 0.010211 -0.062119 0.110306
v 0.010211 -0.066934 0.064473
v 0.010211 -0.070445 0.065503
v 0.010211 -0.076134 0.065874
v 0.010211 -0.032393 0.000799
v 0.010211 -0.029999 0.008758
v 0.010211 -0.025815 0.015167
v 0.010211 -0.022554 0.018879
v 0.010211 -0.020813 0.023319
v 0.010211 -0.024543 -0.040970
v 0.010211 -0.029751 -0.034863
v 0.010211 -0.032248 -0.027055
v -0.000005 0.132290 -0.117002
v -0.000005 0.132290 -0.114980
v -0.000005 0.129783 -0.115386
v -0.000005 0.129783 -0.117400
v 0.001707 0.129783 -0.115386
v 0.001707 0.132290 -0.114980
v 0.001707 0.132290 -0.117002
v 0.001707 0.129783 -0.117400
v 0.005910 0.132290 -0.121842
v 0.007027 0.129233 -0.121797
v -0.005333 0.129233 -0.121797
v -0.004208 0.132290 -0.121845
v 0.007027 0.124525 -0.121797
v 0.009458 0.124525 -0.121850
v 0.009458 0.124525 -0.116237
v -0.005333 0.124525 -0.121797
v -0.007764 0.124525 -0.116237
v -0.007764 0.124525 -0.121850
v -0.007764 0.132290 -0.114980
v -0.007764 0.132290 -0.121850
v 0.009458 0.132290 -0.114980
v 0.009458 0.132290 -0.121850
v 0.000851 0.093688 -0.489224
v -0.005333 0.124525 -0.176312
v 0.007027 0.124525 -0.176312
v -0.005333 0.129233 -0.174600
v -0.005333 0.127521 -0.176312
v 0.007027 0.127521 -0.176312
v 0.007027 0.129233 -0.174600
v 0.007265 0.126606 -0.177496
v 0.008886 0.126606 -0.178584
v -0.007183 0.126606 -0.178584
v -0.005562 0.126606 -0.177496
v 0.008214 0.121151 -0.121502
v 0.007265 0.121996 -0.178171
v -0.005562 0.121996 -0.178171
v -0.006511 0.121151 -0.121502
v 0.007265 0.124382 -0.162869
v 0.007265 0.125825 -0.164226
v 0.007265 0.130398 -0.167006
v 0.007265 0.130395 -0.173947
v -0.005562 0.125825 -0.164226
v -0.005562 0.130398 -0.167006
v -0.007475 0.130398 -0.167006
v -0.007475 0.125825 -0.164226
v -0.005562 0.124382 -0.162869
v -0.007475 0.124373 -0.162861
v -0.006512 0.120086 -0.121502
v 0.008215 0.120086 -0.121502
v -0.006329 0.118674 -0.122086
v 0.008031 0.118674 -0.122086
v -0.007475 0.130395 -0.173947
v -0.006891 0.120086 -0.178840
v -0.006329 0.118674 -0.178154
v 0.009178 0.130398 -0.167006
v 0.009178 0.130395 -0.173947
v 0.009178 0.125825 -0.164226
v 0.009178 0.124373 -0.162861
v 0.008031 0.118674 -0.178154
v 0.008594 0.120086 -0.178840
v -0.025375 0.096463 -0.112067
v -0.025375 0.093710 -0.108716
v -0.025375 0.093710 -0.115418
v -0.027129 0.093711 -0.116432
v -0.027129 0.097491 -0.114250
v -0.027129 0.097491 -0.109884
v -0.027129 0.093711 -0.107702
v -0.025375 0.090958 -0.112067
v -0.027129 0.089930 -0.109884
v -0.027129 0.089930 -0.114250
v -0.001662 -0.019008 -0.008180
v -0.001662 -0.020202 -0.007689
v -0.001662 -0.020412 -0.006073
v -0.001662 -0.012688 -0.004810
v -0.001662 -0.014092 -0.001860
v -0.001662 -0.007842 -0.003967
v -0.001662 -0.007983 0.000176
v -0.001662 -0.002365 -0.004317
v -0.001662 -0.001733 0.000176
v -0.001662 0.002410 -0.006284
v -0.001662 0.004236 -0.001509
v 0.003343 -0.020412 -0.006073
v 0.003343 -0.014092 -0.001860
v 0.003343 -0.007983 0.000176
v 0.003343 -0.001733 0.000176
v 0.003343 0.004236 -0.001509
v 0.003343 -0.020202 -0.007689
v 0.003343 -0.019008 -0.008180
v 0.003343 0.002410 -0.006284
v 0.003343 -0.002365 -0.004317
v 0.003343 -0.007842 -0.003967
v 0.003343 -0.012688 -0.004810
v 0.008867 0.116956 -0.179594
v -0.007165 0.116956 -0.179594
v -0.011845 0.020991 0.026177
v -0.011845 0.015405 0.026078
v -0.014366 0.016110 0.031744
v -0.014366 0.020286 0.031805
v -0.014366 0.020286 0.041145
v -0.009230 0.021600 0.043435
v -0.014366 0.016110 0.041145
v -0.009230 0.014796 0.043435
v -0.009230 0.014796 0.020452
v -0.009230 0.012697 0.015911
v -0.011937 0.013930 0.017174
v -0.011937 0.015081 0.012823
v -0.009230 0.013457 0.018718
v -0.011937 0.015512 0.019971
v -0.011937 0.021582 0.019215
v -0.009230 0.021600 0.020576
v -0.009230 0.023063 0.018718
v -0.009230 0.023823 0.015911
v -0.011937 0.022588 0.014828
v -0.011937 0.019432 0.011672
v -0.013399 0.018249 0.015948
v -0.009230 0.023063 0.013104
v -0.009230 0.021067 0.011108
v -0.009230 0.018260 0.010347
v -0.009230 0.015453 0.011108
v -0.009230 0.013457 0.013104
v 0.010211 -0.021950 -0.038170
v 0.010211 -0.026241 -0.032930
v 0.010211 -0.028524 -0.026501
v 0.010211 -0.028524 0.000167
v 0.010211 -0.026241 0.006597
v 0.010211 -0.021997 0.011839
v 0.010211 -0.016168 0.015258
v 0.010211 -0.009594 0.016446
v 0.013959 0.068932 -0.410985
v 0.014535 0.067216 -0.410576
v 0.015580 0.067218 -0.412074
v 0.015002 0.068933 -0.412477
v 0.019619 0.089831 -0.407022
v 0.019039 0.091548 -0.407423
v 0.020088 0.091546 -0.408917
v 0.020664 0.089831 -0.408512
v 0.019619 0.068933 -0.407019
v 0.020662 0.068932 -0.408511
v 0.019041 0.067218 -0.407422
v 0.020086 0.067216 -0.408919
v 0.020132 0.036240 -0.065024
v -0.007245 0.119158 -0.564445
v -0.007244 0.119158 -0.545347
v -0.004925 0.135664 -0.564445
v -0.007622 0.129825 -0.564445
v 0.008947 0.119158 -0.564445
v 0.009325 0.129825 -0.564445
v 0.006628 0.135664 -0.564445
v 0.000851 0.138313 -0.564445
v -0.007622 0.129825 -0.545347
v -0.004925 0.135664 -0.545347
v 0.000851 0.138313 -0.545347
v 0.006628 0.135664 -0.545347
v 0.009325 0.129825 -0.545347
v 0.008947 0.119158 -0.545347
v 0.010813 0.005430 -0.092937
v 0.017318 0.007048 -0.094531
v 0.015640 0.008350 0.058381
v 0.015640 -0.053066 0.102603
v 0.015640 -0.064057 0.070076
v 0.015640 0.008324 0.018857
v 0.015640 -0.063751 0.102512
v 0.015640 -0.065596 0.100029
v 0.015640 -0.069267 0.072144
v 0.015640 -0.076013 0.076995
v 0.015640 -0.074337 0.072400
v 0.015640 -0.075773 0.073651
v 0.015640 -0.056982 0.104064
v 0.015640 -0.060646 0.104064
v 0.017194 0.033975 -0.065033
v 0.017320 0.006079 -0.092521
v 0.017325 0.001495 -0.075350
v 0.017325 -0.000604 -0.084343
v 0.017326 -0.001056 -0.080637
v 0.017327 -0.000504 -0.077664
v -0.005562 0.130395 -0.173947
v -0.026512 0.093710 -0.112067
v 0.012187 0.090389 -0.413336
v 0.012187 0.068375 -0.413336
v 0.012216 0.068588 -0.411518
v 0.012216 0.090177 -0.411518
v 0.013309 0.093681 -0.412549
v 0.013132 0.092871 -0.410878
v 0.017310 0.095052 -0.409748
v 0.016467 0.093985 -0.408541
v 0.021312 0.093681 -0.406947
v 0.019804 0.092867 -0.406206
v 0.022434 0.090389 -0.406160
v 0.020716 0.090176 -0.405566
v 0.022434 0.068375 -0.406160
v 0.020716 0.068587 -0.405566
v 0.021312 0.065082 -0.406947
v 0.019801 0.065892 -0.406208
v 0.017310 0.063712 -0.409748
v 0.016465 0.064778 -0.408542
v 0.013309 0.065082 -0.412549
v 0.013129 0.065896 -0.410880
v 0.013957 0.089831 -0.410984
v 0.014533 0.091546 -0.410578
v 0.016787 0.092253 -0.409002
v 0.016788 0.066511 -0.409001
v 0.015002 0.089831 -0.412474
v 0.013905 0.068587 -0.413930
v 0.013905 0.090176 -0.413930
v 0.015582 0.091548 -0.412073
v 0.014816 0.092867 -0.413290
v 0.017833 0.092253 -0.410494
v 0.018154 0.093985 -0.410954
v 0.021489 0.092871 -0.408618
v 0.022405 0.090177 -0.407978
v 0.022405 0.068588 -0.407978
v 0.021492 0.065896 -0.408616
v 0.017833 0.066511 -0.410494
v 0.018155 0.064778 -0.410953
v 0.014820 0.065892 -0.413288
vn -0.6839 -0.5867 0.4336
vn -0.9117 -0.2880 0.2930
vn -0.8912 -0.1042 0.4415
vn -0.9366 -0.0000 0.3503
vn -0.9608 0.1302 0.2447
vn -1.0000 -0.0000 -0.0000
vn -0.9372 -0.3067 0.1660
vn -0.7545 -0.2935 0.5870
vn -0.7623 -0.0989 0.6396
vn -0.7623 -0.0988 0.6397
vn -0.7599 0.1148 0.6398
vn -0.7545 0.2294 0.6148
vn -0.7599 0.1149 0.6398
vn -0.7568 0.3326 0.5627
vn -0.9608 0.1303 0.2447
vn -0.9727 0.1354 0.1886
vn -0.7535 0.3834 0.5340
vn -0.9447 -0.1255 -0.3030
vn -0.8888 -0.4146 -0.1952
vn -0.9367 -0.3493 0.0259
vn -0.9418 -0.0799 -0.3266
vn -0.9608 0.1301 0.2447
vn -0.9719 -0.1161 -0.2050
vn -0.9719 -0.1161 -0.2049
vn -0.7737 -0.0412 -0.6322
vn -0.7684 -0.3210 -0.5536
vn -0.7471 -0.4365 -0.5013
vn -0.9447 -0.1255 -0.3031
vn -0.7684 -0.3211 -0.5535
vn -0.7684 -0.3211 -0.5536
vn -0.7546 -0.6211 -0.2115
vn -0.7610 -0.6295 0.1568
vn -0.7562 -0.5517 0.3518
vn -0.9117 -0.2880 0.2929
vn -0.7546 -0.5267 0.3914
vn -0.6593 0.5245 -0.5387
vn -0.6540 0.6690 -0.3531
vn -0.8702 0.4101 -0.2730
vn -0.8173 0.4563 -0.3519
vn -0.6893 0.4988 -0.5255
vn -0.8086 -0.0097 -0.5883
vn -0.6463 -0.4463 -0.6190
vn -0.8179 -0.3220 -0.4769
vn -0.8086 -0.0098 -0.5882
vn -0.7657 -0.2681 -0.5847
vn -0.7790 -0.1048 -0.6182
vn -0.9114 0.2542 -0.3235
vn -0.8721 0.2234 -0.4354
vn -0.9159 0.1732 -0.3622
vn -0.6678 0.3101 -0.6766
vn -0.6569 0.3695 -0.6572
vn -0.0000 -0.9113 -0.4117
vn -0.0022 -0.9408 -0.3390
vn -0.0033 -0.9534 -0.3017
vn -0.0065 -0.9823 -0.1874
vn 0.5540 -0.3405 0.7597
vn 0.5600 -0.3408 0.7551
vn 0.5507 -0.3124 0.7740
vn 0.5478 -0.3121 0.7762
vn 0.5473 -0.2628 0.7946
vn 0.5474 -0.2415 0.8012
vn 0.5475 -0.1984 0.8130
vn 0.5460 -0.1768 0.8189
vn 0.5446 -0.1271 0.8290
vn 0.5404 -0.1000 0.8354
vn 0.5385 -0.0720 0.8396
vn 0.5342 -0.0730 0.8422
vn -0.9995 -0.0330 0.0017
vn -0.9925 -0.1000 -0.0700
vn -0.9929 -0.1185 -0.0022
vn -0.9991 -0.0328 0.0260
vn -0.9965 -0.0644 0.0527
vn -0.9955 -0.0835 0.0446
vn -0.9966 -0.0793 0.0217
vn -0.9871 -0.1525 0.0496
vn -0.9018 -0.3773 0.2106
vn -0.9867 -0.1296 0.0978
vn -0.9373 -0.3029 0.1723
vn -0.9997 0.0254 -0.0048
vn -0.9997 0.0172 -0.0194
vn -0.9991 -0.0061 -0.0408
vn -1.0000 -0.0032 -0.0004
vn -1.0000 -0.0027 -0.0012
vn -0.9991 -0.0196 -0.0388
vn -0.9988 -0.0221 -0.0442
vn -0.9962 -0.0364 -0.0786
vn -0.9974 -0.0435 -0.0577
vn -0.0045 0.9996 0.0267
vn -0.0022 0.9996 0.0264
vn -0.0014 0.9997 0.0263
vn -0.2427 0.9701 -0.0045
vn -0.3672 0.9299 -0.0209
vn -0.6824 0.7281 -0.0651
vn -0.0000 -0.9780 -0.2084
vn 1.0000 -0.0019 -0.0023
vn 1.0000 -0.0038 -0.0047
vn 1.0000 -0.0009 -0.0011
vn 1.0000 -0.0000 -0.0000
vn 1.0000 -0.0026 -0.0004
vn 1.0000 -0.0050 -0.0008
vn 1.0000 -0.0076 -0.0012
vn 1.0000 -0.0075 -0.0014
vn -0.5172 -0.1197 0.8474
vn -0.4312 -0.0763 0.8990
vn -0.4882 -0.0839 0.8687
vn -0.5434 -0.1233 0.8304
vn -0.5460 -0.1768 0.8189
vn -0.5474 -0.1984 0.8130
vn -0.5474 -0.2416 0.8013
vn -0.5473 -0.2628 0.7946
vn -0.5476 -0.3058 0.7789
vn -0.5564 -0.3223 0.7659
vn -0.5607 -0.3412 0.7545
vn -0.5732 -0.3332 0.7486
vn -0.0000 -0.4066 0.9136
vn -0.0000 -0.3843 0.9232
vn -0.0000 -0.3618 0.9323
vn -0.0000 -0.3013 0.9535
vn -0.0000 -0.2240 0.9746
vn -0.0000 -0.1514 0.9885
vn -0.0000 -0.1180 0.9930
vn -0.0000 -0.0846 0.9964
vn -0.0000 0.1341 -0.9910
vn -0.0000 0.0828 -0.9966
vn -0.0000 0.2243 -0.9745
vn -0.0000 0.3013 -0.9535
vn -0.0001 0.3717 -0.9284
vn -0.0000 0.4038 -0.9148
vn -0.0000 0.4354 -0.9003
vn -0.0000 1.0000 -0.0016
vn 0.1295 0.0527 -0.9902
vn -0.0038 0.0247 -0.9997
vn 0.2603 0.0798 -0.9622
vn -0.0000 0.3018 -0.9534
vn -0.0000 0.7304 -0.6830
vn -0.0000 0.9127 0.4086
vn -0.0000 0.1566 0.9877
vn -0.0000 -0.9914 0.1309
vn -0.0000 -0.2991 -0.9542
vn -0.0000 -0.9561 -0.2931
vn -0.0000 -0.9654 -0.2607
vn -0.0000 -0.9456 -0.3252
vn -0.0000 -0.9341 -0.3569
vn -1.0000 0.0066 -0.0018
vn -0.9998 0.0022 -0.0172
vn -0.9999 0.0133 -0.0035
vn -0.9999 0.0122 0.0051
vn -1.0000 -0.0060 -0.0030
vn -1.0000 -0.0037 -0.0005
vn -0.9999 -0.0120 -0.0061
vn -0.9998 -0.0166 -0.0112
vn 0.0120 -0.9909 0.1343
vn -0.0910 -0.9823 0.1635
vn -0.0007 -0.9801 0.1985
vn -0.0000 -1.0000 -0.0000
vn -0.1534 -0.9857 0.0699
vn -0.2491 -0.9630 0.1031
vn 0.0005 -0.9801 0.1987
vn -0.0000 -0.9801 0.1985
vn -0.0000 0.9436 0.3312
vn -0.0000 -0.0000 1.0000
vn -0.0000 -0.0000 -1.0000
vn -0.9388 -0.3445 -0.0000
vn -0.5607 0.8280 -0.0000
vn 0.5036 0.8640 -0.0000
vn 1.0000 -0.0041 -0.0000
vn 0.0009 0.0041 -1.0000
vn -0.0028 0.0041 -1.0000
vn 0.0006 0.0023 -1.0000
vn 0.0024 0.0026 -1.0000
vn 0.0004 0.0015 -1.0000
vn 0.0080 0.0087 0.9999
vn 0.0166 -0.0001 0.9999
vn 0.0053 0.0033 1.0000
vn 0.0026 0.0087 1.0000
vn 0.0085 0.0159 0.9998
vn 0.4704 0.8825 -0.0000
vn 0.8660 -0.0000 -0.5000
vn 0.8660 -0.0000 0.5000
vn 0.1893 0.9819 -0.0035
vn 0.1940 0.9810 0.0002
vn 0.1888 0.9820 -0.0019
vn 0.1889 0.9820 -0.0005
vn 0.1892 0.9819 -0.0000
vn 0.1888 0.9820 0.0008
vn 0.1893 0.9819 -0.0000
vn 0.1873 0.9823 0.0019
vn 0.1947 0.9809 0.0005
vn 0.1929 0.9812 0.0027
vn 0.1964 0.9805 0.0005
vn 0.3340 0.0697 0.9400
vn 0.3699 0.0772 0.9259
vn 0.3539 0.0517 0.9339
vn 0.6691 0.0229 0.7428
vn 0.6906 0.0123 0.7231
vn 0.8967 0.0037 0.4426
vn 0.8927 -0.0000 0.4506
vn 0.8993 -0.4373 0.0001
vn 0.9199 -0.3922 -0.0000
vn 0.8798 -0.4753 -0.0023
vn 0.9805 -0.1967 -0.0000
vn 0.9241 0.3822 -0.0000
vn 0.8181 0.5751 -0.0000
vn 0.9071 0.4210 -0.0000
vn 0.9911 0.1328 -0.0000
vn 0.8915 0.4529 -0.0000
vn 0.5000 -0.8660 -0.0000
vn 0.2588 -0.9659 -0.0000
vn 0.5750 -0.8181 -0.0000
vn 0.8380 -0.5456 -0.0000
vn 0.9071 -0.4210 -0.0000
vn 0.8660 0.5000 -0.0000
vn 0.8631 0.5051 -0.0000
vn 0.9677 0.2520 -0.0000
vn 0.9806 -0.1958 -0.0000
vn 0.8148 -0.5797 -0.0017
vn 0.9773 -0.2120 -0.0059
vn 0.9727 0.2321 0.0012
vn 0.9974 0.0721 0.0042
vn 0.9748 0.2233 0.0039
vn 0.9959 0.0905 0.0071
vn 0.9988 0.0497 0.0011
vn 0.2594 0.9658 0.0057
vn -0.3446 0.9387 0.0059
vn -0.2080 0.9781 0.0027
vn 0.2080 0.9781 0.0015
vn 0.7076 0.7067 0.0018
vn 0.7066 0.7075 0.0060
vn 0.9344 0.3561 -0.0017
vn 0.7080 0.7062 -0.0019
vn 0.3552 0.9348 -0.0012
vn -0.2676 0.9635 -0.0014
vn -0.6834 0.7300 0.0024
vn -0.7066 0.7076 0.0060
vn -0.9726 0.2324 0.0013
vn -0.9554 -0.2953 0.0001
vn -0.8631 0.5051 -0.0000
vn -0.9677 0.2520 -0.0000
vn -0.9556 -0.2946 -0.0000
vn -0.8145 -0.5801 -0.0017
vn -0.9119 -0.4105 -0.0039
vn -0.9773 -0.2116 -0.0058
vn -0.9974 0.0721 0.0043
vn -0.9502 0.3116 0.0031
vn -0.7673 0.6413 -0.0023
vn -0.9931 0.1175 0.0025
vn -0.9632 0.2687 -0.0025
vn -0.9850 0.1725 -0.0036
vn -0.0438 -0.0649 -0.9969
vn -0.0010 -0.0554 -0.9985
vn -0.0120 -0.0555 -0.9984
vn -0.0222 -0.0618 -0.9978
vn -0.0215 -0.0258 -0.9994
vn -0.0570 0.1009 -0.9933
vn -0.0660 0.1707 -0.9831
vn -0.1309 0.2652 -0.9553
vn -0.0197 0.0777 -0.9968
vn 0.0423 0.0733 -0.9964
vn 0.0001 -0.0000 -1.0000
vn 0.0002 -0.0001 -1.0000
vn -0.0001 0.0001 -1.0000
vn -0.0001 -0.0000 -1.0000
vn -0.0000 0.0803 -0.9968
vn -0.0007 0.1073 -0.9942
vn -0.0000 0.3180 -0.9481
vn -0.0000 0.1073 -0.9942
vn -0.8060 0.5895 -0.0534
vn -0.9130 0.4030 -0.0634
vn -0.9236 0.3811 -0.0426
vn -0.7784 0.6105 -0.1463
vn -0.9377 0.3335 -0.0970
vn -0.9992 0.0354 -0.0184
vn -0.9994 0.0350 0.0038
vn -0.9992 0.0397 0.0003
vn -0.3263 -0.9441 -0.0464
vn -0.9568 -0.2423 -0.1606
vn -0.6724 -0.6436 -0.3656
vn -0.9545 0.1686 -0.2459
vn -0.9292 0.3600 -0.0837
vn -0.9778 0.1733 -0.1175
vn -0.8538 0.4988 -0.1490
vn -0.9629 0.2398 -0.1237
vn -0.9998 0.0179 -0.0072
vn -0.9965 0.0789 -0.0278
vn -0.9840 -0.1781 -0.0000
vn -0.9848 -0.0420 -0.1688
vn -0.9917 -0.0540 -0.1165
vn -0.0479 -0.9618 -0.2697
vn -0.0944 -0.9882 -0.1206
vn -0.5062 -0.6934 -0.5128
vn -0.9194 -0.2704 -0.2858
vn -0.8895 -0.4421 -0.1157
vn -0.8559 -0.4962 -0.1454
vn -0.1842 -0.9459 -0.2672
vn -0.0948 -0.9448 -0.3137
vn -0.2611 -0.9648 -0.0317
vn -0.4977 -0.8625 -0.0917
vn -0.4932 -0.8577 -0.1454
vn -0.5795 -0.7301 -0.3622
vn -0.8577 -0.4932 -0.1454
vn -0.4637 -0.8772 -0.1247
vn -0.8660 -0.5000 -0.0000
vn -0.5456 -0.8380 -0.0000
vn -0.2588 -0.9659 -0.0000
vn -0.2562 -0.9563 -0.1408
vn -0.2542 -0.9488 -0.1875
vn -0.8660 -0.0000 -0.5000
vn 0.9598 0.1769 -0.2181
vn 0.9443 0.3292 -0.0000
vn 0.9597 -0.2467 -0.1348
vn 0.7662 0.6350 -0.0983
vn 0.8556 -0.4961 -0.1480
vn 0.8895 -0.4430 -0.1123
vn 0.4977 -0.8627 -0.0901
vn 0.5806 -0.7321 -0.3562
vn 0.9180 -0.2795 -0.2813
vn 0.4981 -0.6935 -0.5205
vn 0.5701 -0.7490 -0.3378
vn 0.4735 -0.8808 -0.0047
vn 0.0646 -0.9966 -0.0519
vn 0.0260 -0.9308 -0.3646
vn 0.0955 -0.9404 -0.3262
vn 0.1846 -0.9463 -0.2655
vn 0.2611 -0.9648 -0.0310
vn 0.4930 -0.8575 -0.1470
vn 0.2542 -0.9486 -0.1885
vn 0.4164 -0.8973 -0.1462
vn 0.2562 -0.9562 -0.1415
vn 0.9928 -0.0135 -0.1186
vn 0.9903 0.0862 -0.1093
vn 0.9869 -0.0434 -0.1556
vn 0.8399 -0.5277 -0.1265
vn 0.9840 -0.1781 -0.0000
vn 0.9998 0.0180 -0.0075
vn 0.9826 0.1657 -0.0839
vn 0.9992 0.0398 -0.0000
vn 0.9512 0.3072 -0.0299
vn 0.9964 0.0794 -0.0285
vn 0.8989 0.4226 -0.1156
vn 0.8191 0.5674 -0.0846
vn 0.8983 0.4339 -0.0697
vn 0.9994 0.0346 0.0070
vn 0.9964 0.0822 -0.0211
vn 0.9167 0.3853 -0.1057
vn 0.0004 0.0060 -1.0000
vn 0.0027 0.0059 -1.0000
vn -0.0000 0.0059 -1.0000
vn -0.0008 0.0060 -1.0000
vn -0.0027 0.0059 -1.0000
vn 0.9688 0.2456 0.0345
vn 0.9992 -0.0404 -0.0054
vn 0.9963 -0.0268 0.0814
vn 0.9851 -0.0000 0.1719
vn 0.7607 0.6491 0.0055
vn 0.9855 0.1699 -0.0000
vn 0.9742 0.2255 0.0018
vn 0.7832 0.6218 0.0037
vn 0.7776 0.6288 -0.0000
vn 0.9702 0.2425 -0.0014
vn 0.9996 -0.0283 -0.0008
vn 0.9273 0.3743 0.0056
vn 0.9565 0.2917 0.0059
vn 0.7840 0.6208 0.0024
vn 0.8000 0.6000 -0.0000
vn 0.9982 0.0607 -0.0019
vn 0.9974 -0.0717 -0.0000
vn 0.9288 -0.3544 0.1083
vn 0.7661 0.6428 -0.0000
vn 0.9556 -0.2947 -0.0075
vn 0.9944 -0.1049 -0.0104
vn 0.9871 0.1602 -0.0054
vn 0.9203 0.3913 -0.0025
vn 0.9204 0.3909 -0.0026
vn 0.9884 0.1519 -0.0049
vn 0.9584 -0.2855 -0.0028
vn 0.9983 -0.0581 -0.0011
vn 0.9334 0.3285 0.1443
vn 0.8965 0.4429 0.0019
vn 0.7346 0.6784 0.0059
vn 0.6588 0.7523 0.0020
vn 0.9925 -0.1220 -0.0120
vn 0.9841 -0.1770 -0.0132
vn 0.9899 -0.1413 -0.0082
vn 0.9570 -0.2884 0.0319
vn 0.9601 -0.0838 0.2667
vn 0.9841 0.1773 0.0109
vn 0.9622 0.2723 -0.0005
vn 0.8241 0.5664 0.0042
vn 0.4225 0.9063 0.0063
vn 0.3830 0.9237 0.0034
vn -0.0000 1.0000 0.0041
vn 0.3628 0.9318 0.0123
vn -0.0000 0.9999 0.0100
vn -0.4225 0.9063 0.0063
vn -0.3830 0.9237 0.0034
vn -0.6833 0.7301 0.0020
vn -0.7641 0.6450 0.0062
vn -0.9721 0.2345 0.0013
vn -0.9628 0.2703 0.0034
vn -0.8080 0.5891 0.0061
vn -0.9850 0.1726 0.0011
vn -0.3628 0.9318 0.0123
vn -0.0000 0.9999 0.0145
vn -0.9913 -0.1319 0.0006
vn -0.9849 -0.1732 -0.0009
vn -0.9700 -0.2432 -0.0032
vn -0.9407 -0.3391 0.0002
vn -0.9889 -0.1483 0.0002
vn -0.2786 0.9594 -0.0443
vn -0.7511 0.6562 -0.0731
vn -0.5798 0.8132 -0.0506
vn -0.9203 0.3892 -0.0389
vn -0.9322 0.3549 -0.0711
vn -0.9996 -0.0244 -0.0166
vn -0.9993 -0.0368 -0.0014
vn -0.9272 -0.3746 -0.0000
vn -0.9412 -0.3378 -0.0026
vn -0.6172 0.7856 -0.0439
vn 0.1012 0.9939 -0.0438
vn 0.2750 0.9610 -0.0303
vn 0.6027 0.7968 -0.0431
vn 0.6783 0.7317 -0.0678
vn 0.8989 0.4325 -0.0709
vn 0.9305 0.3631 -0.0485
vn 0.0416 0.9975 -0.0570
vn 0.7503 0.6604 -0.0289
vn 0.9849 0.1732 -0.0000
vn 0.9672 0.2539 -0.0047
vn 0.9990 -0.0316 -0.0314
vn 0.9841 -0.1769 0.0129
vn 0.9969 -0.0376 -0.0688
vn 0.9774 -0.2085 -0.0345
vn 0.9912 -0.1325 0.0062
vn 0.9970 -0.0761 0.0162
vn 1.0000 -0.0077 -0.0000
vn 0.9752 0.2215 -0.0000
vn 0.9929 0.1189 -0.0000
vn 0.9954 -0.0666 -0.0691
vn 0.9477 -0.3190 -0.0129
vn 0.9950 0.0995 -0.0000
vn 0.0007 0.0021 1.0000
vn 0.0016 0.0030 1.0000
vn 0.0012 0.0031 1.0000
vn 0.0002 0.0013 1.0000
vn 0.0291 -0.0860 0.9959
vn 0.0291 -0.1831 0.9827
vn 0.0433 -0.2724 0.9612
vn -0.0000 -0.2883 0.9575
vn 0.0326 -0.1829 -0.9826
vn -0.0000 -0.2566 -0.9665
vn 0.0485 -0.2721 -0.9610
vn 0.0327 -0.0967 -0.9948
vn 0.0001 0.0007 -1.0000
vn -0.8881 0.4597 -0.0000
vn -0.9940 0.1091 -0.0000
vn -0.9758 -0.2186 -0.0000
vn -0.8994 -0.4371 -0.0000
vn -0.7868 -0.6173 -0.0000
vn -0.8650 -0.5017 -0.0000
vn -0.9246 -0.3810 -0.0000
vn -0.9553 0.2955 -0.0007
vn 0.3640 -0.9314 0.0018
vn 0.3606 -0.9327 -0.0075
vn 0.3562 -0.9344 -0.0017
vn 0.3705 -0.9288 -0.0048
vn 0.3782 -0.9257 -0.0045
vn 0.3748 -0.9271 -0.0018
vn 0.3732 -0.9278 0.0003
vn 0.3738 -0.9275 -0.0000
vn 0.3748 -0.9271 0.0008
vn 0.3745 -0.9272 0.0041
vn 0.3731 -0.9277 0.0082
vn -0.8181 -0.5750 -0.0098
vn -0.9070 -0.4210 -0.0098
vn -0.5000 -0.8660 -0.0098
vn -0.2588 -0.9659 -0.0095
vn -0.0000 1.0000 -0.0098
vn 0.5000 0.8660 -0.0098
vn -0.4210 0.9070 -0.0098
vn -0.5750 0.8181 -0.0098
vn -0.8660 0.5000 -0.0098
vn -1.0000 -0.0000 -0.0098
vn 0.2588 -0.9659 -0.0095
vn 0.4210 -0.9070 -0.0098
vn 0.5750 -0.8181 -0.0098
vn 0.8181 -0.5750 -0.0098
vn 0.9070 -0.4210 -0.0098
vn 1.0000 -0.0000 -0.0098
vn 0.8660 0.5000 -0.0098
vn 0.0015 0.1405 -0.9901
vn 0.0011 0.1401 -0.9901
vn 0.0005 -0.2146 -0.9767
vn 0.0001 -0.2105 -0.9776
vn -0.0006 -0.5425 -0.8400
vn 0.0006 -0.5492 -0.8357
vn 0.3539 0.0517 -0.9339
vn 0.3695 0.0771 -0.9260
vn 0.3339 0.0697 -0.9400
vn 0.5632 0.0303 -0.8258
vn 0.7715 0.0082 -0.6362
vn 0.8970 0.0038 -0.4419
vn 0.9010 -0.0000 -0.4338
vn 0.0009 -0.9803 -0.1977
vn 0.0009 -0.9803 -0.1973
vn 0.0013 -0.8086 0.5884
vn 0.0011 -0.8081 0.5891
vn 0.0012 -0.8084 0.5886
vn 1.0000 -0.0009 -0.0013
vn 0.9946 -0.0922 -0.0469
vn 1.0000 -0.0001 -0.0036
vn 1.0000 0.0018 -0.0038
vn 1.0000 0.0053 -0.0004
vn 1.0000 0.0074 0.0037
vn 0.9144 -0.3676 -0.1695
vn 1.0000 -0.0007 0.0042
vn 0.9518 0.3059 -0.0226
vn 1.0000 -0.0041 0.0042
vn 0.9474 0.3191 -0.0253
vn 1.0000 -0.0058 0.0019
vn 1.0000 -0.0041 -0.0015
vn 0.3243 0.8438 0.4276
vn 0.6589 0.6800 0.3216
vn 0.4951 0.7521 0.4351
vn 0.5749 0.7927 0.2026
vn 0.9435 0.3183 0.0923
vn 0.9251 0.3777 0.0394
vn 0.5231 0.8508 0.0501
vn 0.4429 0.8961 -0.0292
vn 0.2834 0.9590 0.0070
vn 0.2328 0.9724 -0.0139
vn 0.2944 0.9361 0.1924
vn 0.3369 0.9394 0.0641
vn 0.8798 0.4751 0.0141
vn 0.8604 0.4830 0.1626
vn 0.9801 0.1984 0.0109
vn 0.5519 0.8303 0.0772
vn 0.5539 0.8326 0.0075
vn 0.2907 0.9567 0.0120
vn 0.3143 0.9415 0.1217
vn 0.5285 0.8152 0.2371
vn 0.3564 0.8753 0.3267
vn 0.2905 0.8120 0.5062
vn 0.2023 -0.8793 -0.4312
vn 0.1969 -0.8983 -0.3928
vn 0.7748 -0.5985 -0.2038
vn 0.9614 0.2498 0.1152
vn 0.5843 -0.8089 -0.0646
vn 0.1976 -0.9458 -0.2577
vn 0.1978 -0.9755 -0.0963
vn 0.1952 -0.9807 0.0080
vn 0.4551 -0.8903 0.0159
vn 0.8833 -0.4687 0.0129
vn 0.8751 -0.4836 0.0170
vn 0.9959 0.0901 0.0057
vn -0.2023 -0.8793 -0.4312
vn -0.9986 -0.0431 -0.0295
vn -0.8939 -0.4114 -0.1778
vn -0.1968 -0.8983 -0.3928
vn -0.9997 -0.0234 -0.0107
vn -0.9981 0.0620 0.0005
vn -0.9848 0.1501 0.0870
vn -0.9932 0.0954 0.0668
vn -0.9997 -0.0057 0.0219
vn -0.9993 -0.0306 0.0196
vn -0.9969 0.0016 0.0789
vn -0.9602 0.2793 0.0049
vn -0.9979 -0.0348 0.0551
vn -0.9351 0.3539 -0.0162
vn -0.9999 -0.0102 -0.0110
vn -0.4210 -0.9071 -0.0000
vn -0.8181 -0.5750 -0.0000
vn -0.9960 -0.0889 -0.0000
vn -0.9960 0.0889 -0.0000
vn -0.9071 0.4210 -0.0000
vn -0.8181 0.5750 -0.0000
vn 0.0843 -0.1485 0.9853
vn 0.2409 -0.1571 0.9578
vn 0.0074 -0.2077 0.9782
vn 0.0371 0.0938 0.9949
vn 0.2908 0.1226 0.9489
vn 0.2514 0.6441 0.7225
vn -0.0873 0.6694 0.7377
vn 0.0489 0.9339 0.3542
vn 0.2358 0.9466 0.2199
vn -0.2044 -0.1754 0.9630
vn -0.2678 0.2445 0.9320
vn -0.2364 0.6238 0.7450
vn -0.2373 0.9243 0.2989
vn -0.0000 0.9982 0.0600
vn 0.2093 0.9758 0.0629
vn -0.2093 0.9758 0.0629
vn -0.0648 -0.1089 0.9919
vn -0.0395 -0.1618 0.9860
vn -0.0216 -0.0973 0.9950
vn -0.0017 -0.0695 0.9976
vn -0.1070 0.0692 0.9919
vn -0.2738 -0.1427 0.9512
vn -0.0000 -0.3136 0.9495
vn -0.0110 0.0878 0.9961
vn -0.2721 0.0553 0.9607
vn 0.0463 0.0847 0.9953
vn 0.0250 -0.0455 0.9987
vn 0.2738 -0.1427 0.9512
vn 0.2083 0.1104 0.9718
vn 0.0753 0.0225 0.9969
vn 0.2683 -0.5889 0.7624
vn -0.0000 -0.7431 0.6692
vn 0.2664 -0.8843 0.3834
vn -0.0000 -0.9672 0.2539
vn 0.2681 -0.9634 0.0078
vn -0.0000 -0.9959 -0.0909
vn 0.2720 -0.9279 -0.2549
vn -0.0000 -0.9293 -0.3693
vn 0.2484 -0.8630 -0.4400
vn -0.0000 -0.8689 -0.4950
vn -0.2484 -0.8630 -0.4400
vn -0.2720 -0.9279 -0.2549
vn -0.2681 -0.9634 0.0078
vn -0.2664 -0.8843 0.3834
vn -0.2682 -0.5889 0.7624
vn -0.6046 -0.0041 0.7965
vn -0.5807 -0.0082 0.8141
vn -0.6279 -0.0000 0.7783
vn -0.5285 0.8152 0.2371
vn -0.5027 0.8600 0.0873
vn -0.8518 0.5044 0.1414
vn -0.4936 0.7536 0.4342
vn -0.6630 0.6773 0.3190
vn -0.9632 0.2442 0.1126
vn -0.9641 0.2534 0.0788
vn -0.7748 -0.5985 -0.2038
vn -0.5843 -0.8089 -0.0646
vn -0.3143 0.9415 0.1217
vn -0.3564 0.8753 0.3267
vn -0.2905 0.8120 0.5062
vn -0.3199 0.8454 0.4277
vn -0.5861 0.7859 0.1971
vn -0.9452 0.3250 0.0300
vn -0.5349 0.8436 0.0481
vn -0.4460 0.8946 -0.0259
vn -0.2302 0.9730 -0.0134
vn -0.2750 0.9614 0.0072
vn -0.3221 0.9445 0.0641
vn -0.2860 0.9387 0.1923
vn -0.1975 -0.9458 -0.2577
vn -0.1978 -0.9755 -0.0963
vn -0.1953 -0.9807 0.0079
vn -0.4551 -0.8903 0.0159
vn -0.8830 -0.4692 0.0129
vn -0.8748 -0.4842 0.0170
vn -0.9959 0.0899 0.0057
vn -0.9799 0.1993 0.0109
vn -0.9055 0.4240 0.0170
vn -0.6413 0.7671 0.0151
vn -0.2907 0.9567 0.0120
vn 0.6066 -0.0037 0.7950
vn 0.6279 -0.0000 0.7783
vn 0.5849 -0.0075 0.8111
vn 0.9996 -0.0253 0.0104
vn 0.9998 -0.0147 0.0156
vn 0.9998 -0.0209 -0.0038
vn 0.8605 -0.2072 -0.4654
vn 0.6598 -0.0031 -0.7514
vn 0.4695 -0.2235 -0.8542
vn 0.4091 0.0800 -0.9090
vn 0.3953 0.1116 -0.9118
vn 0.3638 0.1308 -0.9223
vn 0.3482 0.1048 -0.9315
vn 0.4058 -0.6094 -0.6812
vn 0.1785 -0.0000 -0.9839
vn 0.1546 -0.0892 -0.9839
vn 0.0892 -0.1546 -0.9839
vn -0.0000 -0.1785 -0.9839
vn -0.0892 -0.1546 -0.9839
vn -0.1546 -0.0892 -0.9839
vn -0.1785 -0.0000 -0.9839
vn -0.1546 0.0892 -0.9839
vn -0.0892 0.1546 -0.9839
vn -0.0000 0.1785 -0.9839
vn 0.0892 0.1546 -0.9839
vn 0.1546 0.0892 -0.9839
vn 0.9934 0.1146 -0.0000
vn 0.9990 -0.0451 -0.0000
vn 0.9613 0.2754 -0.0000
vn 0.7848 0.6198 -0.0000
vn 0.6128 0.7903 -0.0000
vn 0.4170 0.9089 -0.0000
vn 0.5471 0.8367 0.0238
vn 0.9063 0.4218 0.0280
vn 0.8185 0.5738 0.0285
vn 0.4996 0.8650 0.0470
vn 0.3612 0.9323 0.0205
vn 0.4593 0.8879 -0.0243
vn -0.0889 -0.9957 0.0276
vn -0.5748 -0.8178 0.0276
vn -0.4208 -0.9067 0.0276
vn 0.0889 -0.9957 0.0276
vn 0.4208 -0.9067 0.0276
vn 0.5748 -0.8178 0.0276
vn 0.8178 -0.5748 0.0276
vn 0.9067 -0.4208 0.0276
vn 0.9958 -0.0869 0.0276
vn 0.9954 0.0910 0.0285
vn -0.4873 0.8730 0.0226
vn -0.4593 0.8879 -0.0243
vn -0.3612 0.9323 0.0205
vn -0.5757 0.8167 0.0402
vn -0.8173 0.5755 0.0284
vn -0.9058 0.4228 0.0280
vn -0.9954 0.0910 0.0285
vn -0.9957 -0.0889 0.0276
vn -0.9067 -0.4208 0.0276
vn -0.8178 -0.5748 0.0276
vn -0.5479 -0.8364 -0.0144
vn -0.4753 -0.8793 -0.0286
vn -0.6164 -0.7874 -0.0000
vn -0.6128 0.7903 -0.0000
vn -0.4170 0.9089 -0.0000
vn -0.7848 0.6198 -0.0000
vn -0.9613 0.2754 -0.0000
vn -0.9934 0.1146 -0.0000
vn -0.9990 -0.0451 -0.0000
vn 0.0007 -0.9682 -0.2500
vn -0.1958 -0.9699 -0.1449
vn -0.0986 -0.9489 -0.2999
vn 0.1007 -0.9490 -0.2987
vn 0.1959 -0.9702 -0.1425
vn -1.0000 0.0083 -0.0054
vn -0.9995 0.0296 -0.0107
vn -0.9999 -0.0129 -0.0000
vn 0.9999 0.0097 -0.0048
vn 0.9999 -0.0129 -0.0096
vn 0.9999 0.0096 -0.0048
vn 0.9995 0.0322 -0.0000
vn -0.0000 0.2330 0.9725
vn -0.0964 0.1509 0.9838
vn 0.0095 0.2097 0.9777
vn -0.0762 -0.1641 0.9835
vn -0.1040 -0.1480 0.9835
vn -0.0161 -0.1802 0.9835
vn -0.1480 -0.1040 0.9835
vn -0.2538 -0.0703 0.9647
vn -0.3571 0.0137 0.9340
vn -0.4098 0.0460 0.9110
vn -0.2959 0.0872 0.9512
vn -0.0652 0.1172 0.9910
vn -0.0000 0.1715 0.9852
vn 0.0380 0.1419 0.9892
vn -0.9999 -0.0120 0.0056
vn -0.9998 0.0032 0.0210
vn -0.8697 -0.4933 0.0150
vn -0.9229 0.3788 -0.0692
vn -0.9828 0.1749 -0.0588
vn -0.9145 0.3670 -0.1701
vn -0.9981 0.0103 -0.0602
vn -0.9995 0.0325 -0.0053
vn -0.9950 0.0999 -0.0000
vn -0.9980 -0.0639 -0.0000
vn -0.9114 -0.4115 0.0086
vn -0.5750 -0.8181 0.0133
vn -0.4210 -0.9070 0.0133
vn -0.0889 -0.9960 0.0133
vn 0.0889 -0.9959 0.0133
vn 0.4210 -0.9070 0.0133
vn 0.4999 -0.8660 0.0130
vn 0.9113 -0.4116 0.0086
vn 0.7070 -0.7071 0.0126
vn 0.9113 -0.4115 0.0156
vn 0.9114 -0.4115 0.0086
vn 0.9967 0.0806 0.0081
vn 0.9998 0.0032 0.0210
vn 0.8629 0.4983 0.0843
vn 0.9564 0.2900 -0.0360
vn 0.9967 0.0629 -0.0510
vn 0.9981 0.0103 -0.0602
vn 0.9995 0.0325 -0.0053
vn 0.9950 0.0999 -0.0000
vn 0.9980 -0.0639 -0.0000
vn 0.9848 -0.1537 -0.0808
vn 0.0924 0.0924 0.9914
vn 0.2959 0.0872 0.9512
vn 0.2213 0.0711 0.9726
vn 0.3654 0.0214 0.9306
vn 0.4413 -0.0000 0.8974
vn 0.2689 -0.0717 0.9605
vn 0.1642 -0.0760 0.9835
vn 0.0901 -0.1561 0.9836
vn 0.0482 -0.1800 0.9825
vn -0.0000 -0.1802 0.9836
vn -0.9779 0.0972 0.1849
vn 0.3660 0.9289 -0.0555
vn 0.3493 0.9337 -0.0787
vn 0.3694 0.9228 0.1096
vn 0.3670 0.8860 0.2833
vn 0.3658 0.8832 0.2934
vn 0.3785 0.9139 0.1468
vn 0.3827 0.9239 0.0001
vn -0.9165 0.3998 -0.0089
vn -0.9089 0.4169 0.0146
vn -0.9097 0.3906 0.1409
vn -0.8860 0.3670 0.2833
vn -0.8832 0.3658 0.2934
vn -0.9139 0.3785 0.1468
vn -0.9239 0.3827 0.0001
vn -0.3660 -0.9289 -0.0555
vn -0.3493 -0.9337 -0.0787
vn -0.3694 -0.9228 0.1096
vn -0.3670 -0.8860 0.2833
vn -0.3659 -0.8832 0.2934
vn -0.3785 -0.9139 0.1468
vn -0.3827 -0.9239 0.0001
vn 0.9165 -0.3998 -0.0089
vn 0.9089 -0.4169 0.0146
vn 0.9097 -0.3906 0.1409
vn 0.8860 -0.3670 0.2833
vn 0.8832 -0.3658 0.2934
vn 0.9139 -0.3785 0.1468
vn 0.9239 -0.3827 0.0001
vn 0.2040 0.4926 -0.8460
vn 0.4241 0.0301 -0.9051
vn 0.4926 -0.2040 -0.8460
vn 0.0301 -0.4241 -0.9051
vn -0.2040 -0.4926 -0.8460
vn -0.4241 -0.0301 -0.9051
vn -0.4926 0.2040 -0.8460
vn 0.3827 0.9239 -0.0000
vn -0.9239 0.3827 -0.0000
vn -0.3827 -0.9239 -0.0000
vn 0.9239 -0.3827 -0.0000
vn -0.1267 0.0528 -0.9905
vn -0.2550 0.0800 -0.9636
vn -0.1268 0.0528 -0.9905
vn 0.0037 0.0247 -0.9997
vn 0.1069 -0.9943 -0.0000
vn 0.0869 0.9962 -0.0000
vn 1.0000 -0.0016 -0.0000
vn -0.0464 -0.0355 0.9983
vn -0.0866 0.0001 0.9962
vn -0.0060 -0.0709 0.9975
vn 0.1206 -0.9927 -0.0032
vn 0.1093 -0.9940 -0.0000
vn 0.1319 -0.9912 -0.0064
vn 0.1205 -0.9927 0.0027
vn 0.1316 -0.9913 -0.0000
vn 0.1094 -0.9940 0.0053
vn 0.0848 0.9964 -0.0000
vn 1.0000 -0.0008 -0.0000
vn -0.0638 -0.0490 -0.9968
vn -0.1191 -0.0002 -0.9929
vn -0.0081 -0.0976 -0.9952
vn 0.0833 0.9965 -0.0000
vn 1.0000 0.0021 -0.0000
vn 0.1122 -0.9935 0.0177
vn 0.1032 -0.9944 0.0232
vn 0.1159 -0.9916 -0.0570
vn 0.1214 -0.9838 -0.1322
vn 0.1229 -0.9319 -0.3413
vn 0.1226 -0.8717 -0.4745
vn 0.1222 -0.7166 -0.6867
vn 0.1266 -0.6154 -0.7780
vn 0.1358 -0.4121 -0.9010
vn 0.0019 -0.4097 -0.9122
vn 0.0386 -0.2076 -0.9775
vn -0.0000 0.2754 -0.9613
vn -0.0000 0.3970 -0.9178
vn -0.0000 0.1470 -0.9891
vn -0.0541 -0.2773 -0.9593
vn -0.1354 -0.3974 -0.9076
vn -0.1243 -0.6078 -0.7843
vn -0.1223 -0.7099 -0.6936
vn -0.1226 -0.8717 -0.4745
vn -0.1230 -0.9319 -0.3413
vn -0.1166 -0.9888 -0.0932
vn -0.1220 -0.9883 -0.0916
vn -0.1111 -0.9936 0.0180
vn -0.1012 -0.9948 0.0123
vn -0.0000 0.0362 -0.9993
vn -0.0000 -0.1723 0.9850
vn 1.0000 -0.0051 -0.0016
vn 0.9999 -0.0101 -0.0032
vn -1.0000 0.0012 -0.0004
vn -1.0000 0.0020 -0.0008
vn -1.0000 0.0018 -0.0001
vn -1.0000 0.0006 -0.0001
vn -1.0000 0.0027 0.0005
vn -1.0000 0.0034 0.0011
vn -1.0000 0.0017 0.0006
vn -1.0000 0.0015 0.0006
vn -0.9995 -0.0324 -0.0033
vn -1.0000 -0.0056 -0.0038
vn -0.9658 0.2594 -0.0001
vn -0.9997 0.0237 -0.0028
vn -0.9994 0.0357 -0.0021
vn -0.9970 0.0780 0.0008
vn -0.9823 -0.1871 -0.0000
vn -0.9687 0.2482 -0.0029
vn -0.8756 0.4830 -0.0000
vn -0.6993 0.7149 -0.0006
vn -0.7095 0.7047 -0.0012
vn -0.8237 0.5670 -0.0009
vn -0.7894 0.6139 0.0010
vn -0.9868 0.1556 0.0455
vn -0.9961 -0.0276 0.0833
vn -0.9843 -0.0000 0.1766
vn -0.2560 -0.5274 0.8101
vn -0.2320 -0.2534 0.9391
vn -0.2413 -0.3096 0.9197
vn -0.3967 -0.0879 0.9137
vn -0.4992 0.0027 0.8665
vn -0.4742 0.0482 0.8791
vn -0.3327 0.0610 0.9411
vn -0.3735 0.1540 0.9147
vn -0.3497 0.1963 0.9161
vn -0.3963 0.3303 0.8566
vn -0.4214 0.3825 0.8223
vn -0.3516 0.5462 0.7603
vn -0.1198 -0.8943 -0.4312
vn -0.1848 -0.7850 -0.5912
vn -0.1206 -0.8372 -0.5334
vn -0.2558 -0.8833 -0.3930
vn -0.3181 -0.8614 -0.3960
vn -0.2681 -0.9626 0.0388
vn -0.2561 -0.9662 0.0297
vn -0.2679 -0.8689 0.4162
vn -0.2750 -0.8678 0.4139
vn -0.2492 -0.5323 0.8091
vn -0.6771 -0.7358 -0.0046
vn -0.7558 -0.6548 0.0010
vn -0.6771 -0.7359 -0.0046
vn -0.5898 -0.8075 -0.0100
vn 0.0178 0.5761 0.8172
vn -0.0000 0.8079 0.5894
vn -0.0222 0.5067 0.8618
vn -0.0413 0.3780 0.9249
vn -0.0429 0.3776 0.9250
vn -0.0000 0.3880 0.9217
vn 0.0429 0.3776 0.9250
vn 0.0413 0.3780 0.9249
vn -0.4862 -0.8738 -0.0031
vn -1.0000 -0.0049 0.0006
vn -0.9650 -0.2586 -0.0434
vn -0.4862 -0.8739 -0.0031
vn -0.8964 -0.4225 -0.1344
vn -0.1792 -0.9838 -0.0101
vn -0.1764 -0.9843 0.0073
vn -0.3772 -0.9261 -0.0011
vn -0.7635 -0.6458 -0.0027
vn -0.9396 -0.3421 0.0079
vn -0.9961 0.0882 0.0081
vn -0.9765 0.2153 -0.0117
vn -0.8974 0.4402 -0.0307
vn -0.9848 0.1695 -0.0379
vn -0.6182 0.7860 -0.0047
vn -0.9333 0.3588 -0.0135
vn -0.7421 0.6703 0.0063
vn -0.0000 1.0000 -0.0000
vn 0.6083 0.7937 -0.0029
vn 0.7071 0.7071 0.0044
vn 0.8952 0.4457 -0.0048
vn 0.9780 0.2062 -0.0333
vn 0.9978 -0.0569 -0.0344
vn 0.9679 -0.2503 -0.0226
vn 0.9988 -0.0347 -0.0333
vn 0.9621 0.2715 -0.0267
vn 0.9402 0.3400 -0.0195
vn 0.9590 0.2773 -0.0580
vn 0.9995 0.0209 -0.0252
vn 0.9571 -0.2865 -0.0432
vn 0.9737 -0.1899 -0.1257
vn 0.9641 -0.2617 -0.0445
vn 0.9808 0.1951 -0.0000
vn 0.8245 -0.5419 -0.1627
vn 0.9217 -0.2285 -0.3135
vn 0.8192 -0.5722 -0.0394
vn 0.4778 -0.8785 -0.0006
vn 0.9718 -0.2302 0.0508
vn 0.8979 0.4390 -0.0307
vn 0.9767 0.2144 -0.0117
vn 0.9961 0.0884 0.0083
vn 0.9399 -0.3413 0.0083
vn 0.7637 -0.6455 -0.0037
vn 0.3772 -0.9261 -0.0011
vn 0.1764 -0.9843 0.0073
vn 0.1792 -0.9838 -0.0101
vn -0.9506 -0.3080 -0.0374
vn -0.9550 -0.2674 -0.1282
vn -0.9568 -0.2897 -0.0254
vn -0.9770 -0.2114 0.0266
vn -0.9988 -0.0226 -0.0435
vn -0.8216 0.0126 -0.5700
vn -0.4380 0.0286 -0.8985
vn -0.3582 -0.0015 -0.9336
vn -0.4816 0.0402 -0.8755
vn -0.7781 -0.0060 -0.6281
vn -0.9988 -0.0455 0.0151
vn -0.8538 -0.5146 0.0793
vn -0.9178 -0.3965 0.0207
vn -0.8993 -0.4372 -0.0132
vn -0.9957 -0.0924 -0.0011
vn -0.9982 0.0605 -0.0008
vn -0.9995 -0.0074 -0.0323
vn -0.9807 0.0414 0.1909
vn -0.9723 -0.2337 0.0031
vn -0.9201 -0.3758 -0.1105
vn -0.9997 -0.0238 -0.0100
vn -1.0000 0.0099 0.0010
vn -0.9579 -0.2866 0.0164
vn -0.9661 -0.2580 -0.0027
vn -0.9413 -0.3363 -0.0296
vn -0.9882 -0.1514 0.0237
vn -0.9978 0.0232 0.0615
vn -0.9815 -0.0251 0.1901
vn -1.0000 -0.0001 0.0010
vn -1.0000 0.0001 0.0004
vn -1.0000 0.0001 -0.0001
vn -0.4056 -0.0137 -0.9139
vn -0.2903 0.1175 0.9497
vn -0.3399 0.1756 0.9239
vn -0.2238 0.3664 0.9032
vn -0.3163 -0.0112 0.9486
vn -0.1882 0.0017 0.9821
vn -0.4476 -0.2201 -0.8668
vn -0.4075 0.0797 -0.9097
vn -0.8445 -0.0386 -0.5341
vn -0.3935 0.1111 -0.9126
vn -0.3625 0.1307 -0.9228
vn -0.3473 0.1052 -0.9318
vn -0.9976 -0.0677 -0.0128
vn -0.9976 -0.0682 -0.0123
vn -0.9972 -0.0752 -0.0017
vn -0.7137 -0.2807 -0.6417
vn -0.3962 -0.5890 -0.7044
vn -0.6488 -0.7597 -0.0433
vn -1.0000 -0.0015 0.0035
vn -0.9999 0.0080 0.0080
vn -0.9999 -0.0110 -0.0010
vn 0.9795 -0.1862 -0.0771
vn 0.9941 -0.0254 -0.1051
vn 0.9958 -0.0310 -0.0862
vn 0.9290 -0.3688 -0.0286
vn 0.9555 -0.2948 -0.0075
vn 0.8317 -0.5540 0.0370
vn -0.9802 0.1943 -0.0380
vn -0.9518 0.3053 -0.0292
vn -0.9992 -0.0278 -0.0302
vn -0.9650 -0.2586 -0.0435
vn -0.9545 -0.2182 -0.2035
vn -0.9721 -0.2152 -0.0939
vn -0.9641 -0.2617 -0.0445
vn -0.9527 -0.3017 -0.0371
vn -0.9727 0.2287 -0.0403
vn -0.9621 0.2715 -0.0267
vn -0.9988 -0.0347 -0.0333
vn -0.9661 -0.2575 -0.0212
vn -0.9841 -0.1732 -0.0389
vn 0.5676 -0.3755 0.7327
vn 0.5697 -0.3761 0.7307
vn 0.5913 -0.5056 0.6283
vn 0.5982 -0.6243 0.5023
vn 0.6265 -0.7695 0.1243
vn 0.6238 -0.7689 -0.1400
vn 0.5930 -0.6215 -0.5118
vn 0.5833 -0.5067 -0.6348
vn 0.5603 -0.3784 -0.7368
vn 0.5552 -0.3839 -0.7378
vn 0.7093 -0.4462 -0.5456
vn 0.8151 -0.4484 -0.3667
vn 0.8297 -0.1673 -0.5326
vn 0.8318 -0.0991 -0.5462
vn 0.8913 -0.4405 -0.1073
vn 0.9707 -0.2363 -0.0427
vn 0.9999 -0.0117 0.0108
vn 0.9962 -0.0864 0.0096
vn 0.9770 -0.2114 0.0266
vn 0.9568 -0.2898 -0.0254
vn 0.9506 -0.3081 -0.0374
vn 0.9550 -0.2675 -0.1282
vn 0.9999 -0.0110 0.0007
vn 0.9629 -0.2697 -0.0121
vn 0.9969 -0.0781 0.0043
vn 0.9994 -0.0293 0.0155
vn 0.9998 -0.0149 0.0120
vn 0.9964 -0.0472 -0.0700
vn 0.9927 -0.0754 -0.0946
vn 0.9971 -0.0469 -0.0606
vn 0.9962 -0.0687 -0.0531
vn 0.9964 -0.0841 -0.0123
vn 1.0000 -0.0015 -0.0000
vn 1.0000 -0.0038 -0.0000
vn 1.0000 -0.0028 -0.0001
vn 0.9837 -0.0181 -0.1791
vn 0.7319 0.0318 -0.6807
vn 0.9836 0.0373 -0.1765
vn 0.8353 -0.5497 -0.0000
vn 0.9999 0.0103 -0.0000
vn 0.9987 0.0517 -0.0000
vn 0.9324 0.1232 -0.3397
vn 0.9750 0.1164 0.1891
vn 0.9708 0.1373 0.1967
vn 0.9750 0.1163 0.1891
vn 0.9788 0.0954 0.1814
vn 0.3946 -0.9187 0.0176
vn 0.4017 -0.9156 0.0183
vn 0.3875 -0.9217 0.0169
vn 0.4618 -0.0129 0.8869
vn 0.4921 -0.0199 0.8703
vn 0.3957 0.1072 0.9121
vn 0.3424 0.1709 0.9239
vn 0.2405 0.3410 0.9088
vn 0.5089 -0.7895 0.3432
vn 0.5484 -0.7791 0.3037
vn 0.5022 -0.7349 0.4557
vn 0.4733 -0.6689 0.5732
vn 0.4773 -0.4763 0.7385
vn 0.4783 -0.3489 0.8059
vn 0.4729 -0.1325 0.8711
vn 0.4727 -0.0459 0.8800
vn 0.4659 -0.0442 0.8837
vn 0.4632 -0.1322 0.8763
vn 0.4550 -0.2170 0.8636
vn 0.4616 -0.2228 0.8587
vn -0.0434 -0.5598 0.8275
vn -0.0513 -0.4178 0.9071
vn -0.0428 -0.7741 0.6316
vn -0.0443 -0.8611 0.5064
vn -0.0450 -0.9277 0.3706
vn -0.0478 -0.9244 0.3783
vn -0.0000 0.2352 0.9719
vn -0.0000 0.1176 0.9931
vn -0.0000 0.4298 0.9029
vn -0.0000 0.5088 0.8609
vn -0.0000 0.5451 0.8384
vn -0.0000 0.5057 0.8627
vn -0.0000 0.3322 0.9432
vn -0.0146 0.2385 0.9710
vn -0.0344 -0.0026 0.9994
vn -0.0507 -0.1246 0.9909
vn -0.0000 -0.9415 -0.3369
vn -0.0000 -0.8337 -0.5522
vn -0.0000 -0.9980 0.0627
vn -0.0000 -0.9697 0.2442
vn -0.0000 -0.8795 0.4759
vn -0.0000 -0.8431 0.5377
vn -0.0000 -0.7011 0.7130
vn -0.0000 -0.5798 0.8148
vn -0.0000 -0.3054 0.9522
vn -0.0000 -0.1527 0.9883
vn -0.0000 -0.9499 -0.3125
vn -0.0000 -0.9892 -0.1466
vn -0.0000 -0.8033 -0.5956
vn -0.0000 -0.6997 -0.7144
vn -0.0000 -0.4878 -0.8729
vn -0.0000 -0.3865 -0.9223
vn -0.0000 -0.2106 -0.9776
vn -0.0000 -0.1380 -0.9904
vn -0.0000 -0.2875 -0.9578
vn -0.0000 -0.5062 -0.8624
vn -0.0000 -0.9814 0.1922
vn -0.0000 -0.9956 0.0935
vn -0.0000 -0.9259 0.3777
vn -0.0000 -0.8855 0.4646
vn -0.0000 -0.8105 0.5857
vn -0.0000 -0.7817 0.6236
vn -0.0000 -0.8221 0.5693
vn -0.0000 -0.8828 0.4697
vn -0.0000 -0.9674 0.2532
vn -0.0000 -0.9907 0.1363
vn -0.0000 -0.4400 -0.8980
vn -0.0000 -0.4957 -0.8685
vn -0.0000 -0.4299 -0.9029
vn -0.0000 -0.4760 -0.8795
vn -0.0000 -0.6075 -0.7943
vn -0.0000 -0.6885 -0.7253
vn -0.0000 -0.8394 -0.5435
vn -0.0000 -0.9044 -0.4268
vn -0.0000 -0.9784 -0.2069
vn -0.0000 -0.9944 -0.1061
vn -0.6356 0.7716 -0.0268
vn -0.6148 0.7886 -0.0119
vn -0.6020 0.7596 -0.2462
vn -0.5817 0.7271 -0.3647
vn -0.4433 0.6200 -0.6473
vn 0.4431 -0.0011 -0.8965
vn -0.0343 0.9992 -0.0221
vn -0.0677 0.9973 -0.0269
vn -0.0009 0.9998 -0.0173
vn -0.4243 -0.9055 0.0052
vn -0.3802 -0.9249 -0.0000
vn -0.4244 -0.9055 0.0052
vn -0.4674 -0.8840 0.0104
vn -0.5553 -0.0005 0.8316
vn -0.5392 -0.0053 0.8421
vn -0.5712 0.0042 0.8208
vn 0.5208 -0.8537 -0.0000
vn 0.7266 -0.6871 -0.0000
vn 0.8815 -0.4723 -0.0000
vn 0.7628 -0.6466 -0.0000
vn 0.9472 0.3206 -0.0000
vn 0.8755 0.4833 -0.0000
vn 0.8755 0.4832 -0.0000
vn 0.7842 0.6204 -0.0000
vn 0.7923 0.6102 -0.0000
vn 0.9491 0.3150 -0.0000
vn 1.0000 -0.0023 -0.0000
vn -0.6918 -0.0778 -0.7179
vn -0.7261 -0.2744 -0.6305
vn -0.6247 0.1226 -0.7712
vn 0.6915 -0.0791 -0.7180
vn 0.6241 0.1226 -0.7717
vn 0.7257 -0.2770 -0.6298
vn 0.0014 -0.0162 -0.9999
vn 0.0150 -0.0054 -0.9999
vn 0.0116 -0.0081 -0.9999
vn 0.0218 -0.0000 -0.9998
vn 0.2296 0.6138 -0.7553
vn -0.0153 -0.0052 -0.9999
vn -0.0218 -0.0000 -0.9998
vn -0.0120 -0.0078 -0.9999
vn -0.0023 -0.0155 -0.9999
vn -0.0000 0.9999 0.0149
vn -0.9997 -0.0244 0.0038
vn -0.9951 -0.0975 0.0152
vn -0.9988 -0.0488 0.0076
vn -0.5710 0.2619 -0.7781
vn -0.0000 -0.1449 0.9895
vn -0.0000 0.5774 0.8164
vn -0.0000 0.5195 0.8545
vn -0.0000 0.6328 0.7743
vn -0.0015 0.8390 0.5441
vn -0.0022 0.9017 0.4323
vn -0.0042 0.9970 0.0778
vn -0.0000 -0.1296 0.9916
vn -0.0000 -0.2592 0.9658
vn -0.0000 -0.3822 0.9241
vn -0.9989 -0.0449 -0.0105
vn -0.9970 -0.0769 -0.0000
vn -0.9989 -0.0445 -0.0145
vn -0.9993 -0.0280 -0.0243
vn -0.9924 -0.1229 -0.0059
vn -0.9950 -0.0992 -0.0098
vn -0.9963 -0.0851 0.0082
vn -0.9859 -0.1671 0.0043
vn -0.9683 -0.2499 0.0031
vn -0.9917 -0.1287 -0.0000
vn -0.0000 1.0000 -0.0005
vn -0.0000 0.9749 -0.2227
vn -0.1600 0.8687 -0.4687
vn -0.2263 0.7140 -0.6626
vn -0.4399 0.6139 -0.6555
vn -0.0000 0.6055 0.7959
vn 0.0015 0.8390 0.5441
vn 0.0022 0.9017 0.4324
vn 0.0042 0.9970 0.0778
vn -0.0000 -0.2049 -0.9788
vn -0.0000 0.0392 -0.9992
vn -0.0000 -0.4367 -0.8996
vn 0.5225 0.8390 -0.1519
vn 0.3326 0.6716 0.6621
vn -0.0000 0.7727 0.6347
vn -0.0000 0.7727 -0.6347
vn 0.1165 0.7675 -0.6304
vn 0.6079 0.5383 -0.5837
vn 0.7202 0.6348 -0.2800
vn 0.6285 0.6511 0.4254
vn 0.4477 0.4471 0.7744
vn -0.2296 -0.6138 -0.7554
vn -0.0000 -0.7728 0.6347
vn 0.1164 -0.7675 0.6304
vn 0.4627 -0.7414 0.4860
vn 0.6079 -0.5383 0.5837
vn 0.7202 -0.6348 0.2800
vn 0.5055 -0.8628 -0.0000
vn 0.5710 -0.2619 -0.7781
vn -0.0000 -0.4789 0.8778
vn -0.0000 -0.5547 0.8321
vn -0.0000 -0.3989 0.9170
vn -0.0000 -0.2133 0.9770
vn -0.0000 -0.1067 0.9943
vn -0.0000 0.0913 0.9958
vn -0.0000 0.1827 0.9832
vn -0.0000 0.1414 0.9900
vn -0.0000 0.0086 1.0000
vn -0.0000 -0.9916 -0.1293
vn -0.0000 -0.3807 -0.9247
vn -0.0000 -0.4394 -0.8983
vn -0.0000 -0.4680 -0.8837
vn -0.0000 -0.4103 -0.9119
vn -0.0000 -0.2784 -0.9605
vn -0.0000 -0.1715 -0.9852
vn -0.0000 0.0147 -0.9999
vn -0.0000 0.0935 -0.9956
vn -0.0000 0.2742 -0.9617
vn -0.0000 0.3750 -0.9270
vn -0.0000 0.4705 -0.8824
vn 0.0095 0.4868 -0.8735
vn 0.0274 0.3018 -0.9530
vn 0.0022 0.3069 -0.9517
vn -0.0054 0.5721 -0.8202
vn -0.0000 0.7855 -0.6188
vn -0.0000 0.7856 -0.6188
vn -0.0207 0.3014 -0.9533
vn -0.7268 0.6868 -0.0000
vn -0.7425 0.6512 -0.1573
vn -0.7806 -0.6195 -0.0827
vn -0.9010 -0.3996 -0.1685
vn -0.7736 0.6205 -0.1289
vn -0.9183 0.3958 -0.0000
vn -0.2446 0.9696 0.0017
vn -0.7899 -0.6132 -0.0000
vn -0.2446 -0.9696 0.0017
vn -0.3192 -0.9105 0.2629
vn -0.4380 -0.8963 -0.0696
vn -0.6421 -0.7376 0.2088
vn -0.6914 -0.5660 -0.4490
vn -0.3776 -0.8316 0.4072
vn -0.8355 -0.4931 0.2425
vn -0.7756 0.5841 0.2395
vn -0.2022 0.9505 0.2360
vn -0.3747 0.8260 0.4211
vn -0.4188 0.9059 0.0634
vn -0.6872 0.6735 -0.2723
vn -0.6959 0.1072 -0.7101
vn -0.9998 -0.0138 -0.0149
vn -0.4222 0.7898 -0.4450
vn -0.4576 0.5048 -0.7320
vn -0.4360 0.0106 -0.8999
vn -0.4586 -0.3824 -0.8022
vn -0.4203 -0.7806 -0.4626
vn -0.4072 -0.0000 0.9133
vn -0.0000 -0.9424 -0.3346
vn -0.0000 -0.9855 -0.1698
vn -0.0000 -0.9936 0.1130
vn -0.0000 -0.9741 0.2260
vn -0.0000 -0.8980 0.4401
vn -0.0000 -0.8410 0.5410
vn -0.0000 -0.6944 0.7196
vn -0.0000 -0.6042 0.7968
vn -0.0000 -0.4056 0.9140
vn -0.0000 -0.2978 0.9546
vn -0.0000 -0.0643 0.9979
vn -0.0000 0.0617 0.9981
vn -0.0000 0.2969 0.9549
vn -0.0000 0.4065 0.9136
vn -0.0000 0.6056 0.7957
vn -0.0000 0.6950 0.7190
vn -0.0000 0.8410 0.5410
vn -0.0000 0.8979 0.4401
vn -0.0000 0.9741 0.2260
vn -0.0000 0.9936 0.1130
vn -0.0000 0.9936 -0.1130
vn -0.0000 0.9741 -0.2260
vn -0.0000 0.8988 -0.4384
vn -0.0000 0.8430 -0.5379
vn -0.0000 0.6968 -0.7173
vn -0.0000 0.6051 -0.7962
vn -0.0000 0.4021 -0.9156
vn -0.0000 0.2912 -0.9567
vn -0.0000 0.0601 -0.9982
vn -0.0000 -0.0601 -0.9982
vn -0.0000 -0.2924 -0.9563
vn -0.0000 -0.4044 -0.9146
vn -0.0000 -0.6056 -0.7957
vn -0.0000 -0.6950 -0.7190
vn -0.0000 -0.7737 -0.6335
vn 0.9825 -0.1862 -0.0089
vn -0.0002 0.8122 -0.5834
vn -0.0011 0.8085 -0.5885
vn 0.0006 0.8159 -0.5783
vn 0.0008 0.9804 0.1969
vn 0.0010 0.9803 0.1977
vn 0.0009 0.9803 0.1976
vn 0.0008 0.9804 0.1968
vn 0.7581 0.3802 0.5299
vn -0.7911 -0.2576 -0.5548
vn -0.7573 -0.3799 -0.5312
vn -0.8122 -0.1288 -0.5690
vn -0.8125 0.1289 -0.5686
vn -0.7919 0.2578 -0.5536
vn -0.7581 0.3802 -0.5299
vn 0.9996 0.0282 -0.0025
vn 0.9958 0.0915 0.0018
vn 0.9991 0.0425 -0.0016
vn -0.8660 -0.0000 0.5000
vn 0.6117 0.7910 -0.0082
vn 0.6552 0.7555 -0.0000
vn 0.5663 0.8240 -0.0164
vn 0.5479 -0.8364 -0.0144
vn 0.6164 -0.7874 -0.0000
vn 0.4753 -0.8793 -0.0287
vn -0.0083 0.0195 -0.9998
vn -0.0125 0.0296 -0.9995
vn -0.0249 0.0587 -0.9980
vn 0.0250 0.0587 -0.9980
vn 0.0083 0.0196 -0.9998
vn 0.0124 0.0293 -0.9995
vn 0.0049 0.1829 0.9831
vn 0.0667 0.2304 0.9708
vn 0.0024 0.0917 0.9958
vn -0.0285 0.0673 0.9973
vn 0.0001 -0.0000 1.0000
vn -0.0001 -0.0000 1.0000
vn 0.0190 0.0449 0.9988
vn -0.0033 0.1223 0.9925
vn -0.0049 0.1829 0.9831
vn -0.0667 0.2304 0.9708
vn 0.9105 0.4135 -0.0002
vn 0.7160 0.6981 -0.0001
vn 0.7141 0.7001 -0.0002
vn 0.9100 0.4147 -0.0003
vn 0.9970 0.0769 -0.0001
vn 0.9970 0.0775 -0.0000
vn -0.9994 0.0354 -0.0000
vn -0.9929 -0.1191 -0.0000
vn -0.9616 -0.2744 -0.0000
vn -0.7874 -0.6165 -0.0000
vn -0.6143 -0.7891 -0.0000
vn -0.4168 -0.9090 -0.0000
vn -0.6117 0.7910 -0.0082
vn -0.5663 0.8240 -0.0164
vn -0.6552 0.7555 -0.0000
vn -0.0000 -0.7018 -0.7124
vn 0.9971 -0.0456 -0.0605
vn 0.9906 -0.0800 -0.1107
vn -0.9104 0.4137 -0.0002
vn -0.7119 0.7023 -0.0001
vn -0.7139 0.7002 -0.0002
vn -0.9109 0.4126 -0.0002
vn -0.9970 0.0774 -0.0001
vn -0.9970 0.0769 -0.0000
vn -1.0000 -0.0055 -0.0017
vn -0.9999 -0.0101 -0.0032
vn -1.0000 -0.0054 -0.0017
vn -1.0000 -0.0008 -0.0002
vn 0.8578 0.4926 0.1469
vn 0.9447 0.1579 0.2874
vn 0.9296 -0.1882 -0.3169
vn 0.9221 0.0010 -0.3870
vn 0.9394 -0.2404 0.2445
vn 0.9372 -0.3067 0.1660
vn 0.9577 -0.0684 -0.2795
vn 0.7657 -0.2681 -0.5847
vn 0.8436 -0.2938 -0.4495
vn 0.7694 -0.3539 -0.5317
vn 0.7834 0.5549 -0.2800
vn 0.7876 0.4945 0.3676
vn 0.9367 -0.3493 0.0259
vn 0.9197 -0.1090 -0.3772
vn 0.8609 -0.4252 -0.2794
vn 0.7562 -0.5517 0.3518
vn 0.7610 -0.6295 0.1568
vn 0.7546 -0.6211 -0.2115
vn 0.7684 -0.3210 -0.5536
vn 0.7776 -0.0836 -0.6232
vn 0.8500 0.2618 0.4571
vn 0.7593 0.1534 0.6324
vn 0.9101 0.0490 0.4114
vn 0.7623 -0.0988 0.6396
vn 0.8617 -0.1550 0.4832
vn 0.7624 -0.3751 0.5272
vn 0.9714 0.1386 0.1930
vn -0.0000 -0.1598 0.9872
vn -0.0000 -0.8043 -0.5943
vn -0.0000 -0.6780 -0.7351
vn -0.0000 -0.9551 -0.2964
vn -0.0000 -0.9885 -0.1512
vn -0.0000 -0.9900 -0.1409
vn -0.0000 -0.9612 -0.2758
vn -0.0000 -0.8230 -0.5680
vn -0.0000 -0.6965 -0.7176
vn -0.9961 -0.0786 -0.0413
vn -0.0000 0.9991 -0.0414
vn -0.0000 0.9966 -0.0829
vn -0.0000 0.9923 -0.1242
vn -0.0001 0.5318 0.8469
vn 0.0010 0.5255 0.8508
vn 0.0010 0.3245 0.9459
vn -0.0004 0.0900 0.9959
vn 0.0001 -0.1416 0.9899
vn -0.0012 -0.1401 0.9901
vn 0.7313 -0.6820 -0.0078
vn 0.6105 -0.7919 -0.0164
vn 0.9577 -0.2878 -0.0027
vn 0.9816 -0.1909 0.0008
vn 1.0000 0.0017 0.0006
vn 1.0000 0.0029 0.0006
vn 1.0000 0.0018 -0.0000
vn 1.0000 0.0006 -0.0001
vn 1.0000 0.0013 -0.0004
vn 1.0000 0.0019 -0.0007
vn 0.9994 0.0354 -0.0000
vn 0.9929 -0.1191 -0.0000
vn 0.9616 -0.2744 -0.0000
vn 0.7874 -0.6165 -0.0000
vn 0.6143 -0.7891 -0.0000
vn 0.4168 -0.9090 -0.0000
vn -0.9647 0.2634 -0.0035
vn -0.9560 0.2935 -0.0026
vn -0.9203 0.3912 -0.0025
vn -0.9806 0.1960 -0.0025
vn -0.9974 -0.0708 -0.0107
vn -0.9145 -0.4030 -0.0348
vn -0.0000 0.5054 -0.8629
vn -0.0000 0.7071 -0.7071
vn -0.0000 0.2528 -0.9675
vn 0.9951 -0.0976 0.0152
vn 0.9997 -0.0244 0.0038
vn 0.9988 -0.0488 0.0076
vn 0.1018 -0.9944 0.0289
vn 0.0735 -0.9952 0.0642
vn 0.0310 -0.9991 0.0288
vn 0.0234 -0.9964 0.0816
vn -0.0159 -0.9939 0.1087
vn -0.0886 -0.9951 0.0443
vn -0.0316 -0.9991 0.0288
vn -0.1026 -0.9943 0.0289
vn -0.0955 -0.9875 -0.1256
vn 0.0636 -0.9839 -0.1672
vn 0.1268 -0.9884 -0.0836
vn 0.1600 0.8687 -0.4688
vn 0.4399 0.6139 -0.6555
vn 0.2263 0.7140 -0.6626
vn 0.9989 -0.0445 -0.0146
vn 0.9970 -0.0769 -0.0000
vn 0.9989 -0.0449 -0.0105
vn 0.9993 -0.0280 -0.0243
vn 0.9924 -0.1229 -0.0059
vn 0.9950 -0.0992 -0.0098
vn 0.9963 -0.0851 0.0082
vn 0.9859 -0.1671 0.0043
vn 0.9683 -0.2499 0.0031
vn 0.9917 -0.1287 -0.0000
vn -0.9902 -0.0000 -0.1399
vn -0.9902 -0.1212 -0.0700
vn -0.9902 -0.1212 0.0700
vn -0.9902 -0.0000 0.1399
vn -0.9902 0.1212 0.0700
vn -0.9902 0.1212 -0.0700
vn -0.0000 -0.7728 -0.6347
vn 0.3326 -0.6716 -0.6621
vn 0.4318 -0.6970 -0.5725
vn 0.6337 -0.4813 -0.6057
vn 0.4476 -0.4471 -0.7744
vn 0.1168 -0.8946 -0.4314
vn 0.1177 -0.8375 -0.5336
vn 0.1806 -0.7855 -0.5919
vn 0.2501 -0.8847 -0.3934
vn 0.3115 -0.8634 -0.3968
vn 0.2620 -0.9643 0.0391
vn 0.2501 -0.9677 0.0301
vn 0.2616 -0.8705 0.4169
vn 0.2686 -0.8694 0.4147
vn 0.2499 -0.5283 0.8114
vn 0.2433 -0.5331 0.8103
vn 0.2359 -0.3021 0.9236
vn 0.2234 -0.2220 0.9491
vn 0.2484 -0.1233 0.9608
vn 0.2681 -0.0151 0.9633
vn 0.3287 0.0631 0.9423
vn 0.3542 0.1100 0.9287
vn 0.4134 0.2407 0.8782
vn 0.4385 0.2682 0.8578
vn 0.4770 0.3914 0.7869
vn -0.9941 0.1049 0.0281
vn -0.9999 -0.0000 0.0161
vn -0.9770 0.2097 0.0395
vn -0.8510 0.5023 0.1535
vn -0.6942 0.6721 0.2574
vn -0.3945 0.8101 0.4337
vn -0.2708 0.8102 0.5198
vn -0.0038 0.6726 0.7400
vn 0.1459 0.5030 0.8519
vn 0.2970 0.2096 0.9316
vn 0.3133 0.1044 0.9439
vn 0.3134 -0.1050 0.9438
vn 0.2970 -0.2098 0.9316
vn 0.1469 -0.5024 0.8521
vn -0.0042 -0.6722 0.7403
vn -0.2725 -0.8102 0.5190
vn -0.3959 -0.8102 0.4323
vn -0.6941 -0.6725 0.2568
vn -0.8504 -0.5029 0.1544
vn -0.9492 -0.3104 0.0507
vn -0.9494 -0.3097 0.0515
vn -0.2999 -0.0393 0.9532
vn -0.2924 -0.0000 0.9563
vn -0.2925 -0.0000 0.9563
vn -0.3067 -0.0785 0.9486
vn -0.3692 -0.1844 0.9109
vn -0.4251 -0.2483 0.8704
vn -0.5229 -0.3103 0.7939
vn -0.5684 -0.3115 0.7615
vn -0.6726 -0.2493 0.6967
vn -0.7288 -0.1863 0.6589
vn -0.7867 -0.0790 0.6123
vn -0.7932 -0.0398 0.6077
vn -0.7930 0.0393 0.6079
vn -0.7864 0.0786 0.6128
vn -0.7296 0.1845 0.6585
vn -0.6726 0.2482 0.6972
vn -0.5673 0.3100 0.7630
vn -0.5212 0.3113 0.7947
vn -0.4248 0.2492 0.8703
vn -0.3700 0.1862 0.9102
vn -0.3126 0.1183 0.9425
vn -0.3119 0.1195 0.9426
vn 0.7932 -0.0399 -0.6077
vn 0.7979 0.0001 -0.6028
vn 0.7983 -0.0000 -0.6023
vn 0.7867 -0.0790 -0.6123
vn 0.7288 -0.1863 -0.6589
vn 0.6726 -0.2492 -0.6968
vn 0.5685 -0.3113 -0.7615
vn 0.5230 -0.3100 -0.7940
vn 0.4251 -0.2481 -0.8705
vn 0.3691 -0.1844 -0.9109
vn 0.3067 -0.0785 -0.9486
vn 0.2999 -0.0393 -0.9532
vn 0.2997 0.0399 -0.9532
vn 0.3063 0.0790 -0.9486
vn 0.3699 0.1862 -0.9102
vn 0.4247 0.2491 -0.8704
vn 0.5212 0.3112 -0.7947
vn 0.5673 0.3100 -0.7629
vn 0.6727 0.2481 -0.6971
vn 0.7297 0.1845 -0.6585
vn 0.7787 0.1177 -0.6163
vn -0.3133 0.1044 -0.9439
vn -0.3268 -0.0000 -0.9451
vn -0.2970 0.2096 -0.9316
vn -0.1459 0.5030 -0.8519
vn 0.0039 0.6726 -0.7400
vn 0.2709 0.8101 -0.5199
vn 0.3945 0.8100 -0.4338
vn 0.6942 0.6721 -0.2575
vn 0.8510 0.5023 -0.1535
vn 0.9770 0.2097 -0.0395
vn 0.9941 0.1049 -0.0281
vn 0.9941 -0.1044 -0.0282
vn 0.9770 -0.2095 -0.0394
vn 0.8504 -0.5029 -0.1544
vn 0.6941 -0.6725 -0.2569
vn 0.3960 -0.8101 -0.4324
vn 0.2727 -0.8101 -0.5191
vn 0.0044 -0.6722 -0.7404
vn -0.1469 -0.5024 -0.8521
vn -0.2771 -0.3111 -0.9091
vn -0.2760 -0.3114 -0.9093
vn 0.0700 -0.9964 0.0487
vn 0.2043 -0.9686 0.1420
vn 0.2039 -0.9686 0.1422
vn -0.0700 -0.9964 -0.0487
vn -0.2036 -0.9687 -0.1423
vn -0.2043 -0.9686 -0.1420
vn 0.8122 -0.1288 0.5690
vn 0.8197 0.0001 0.5728
vn 0.8192 -0.0000 0.5736
vn 0.7911 -0.2576 0.5549
vn 0.7573 -0.3799 0.5312
vn -0.0697 0.9964 -0.0492
vn -0.2033 0.9685 -0.1434
vn -0.2034 0.9686 -0.1430
vn 0.0697 0.9964 0.0491
vn 0.2033 0.9686 0.1430
vn 0.2033 0.9686 0.1434
vt 0.522083 0.571687
vt 0.515118 0.564571
vt 0.523676 0.569423
vt 0.978983 0.786113
vt 0.982994 0.788274
vt 0.985874 0.792142
vt 0.987457 0.797357
vt 0.975027 0.785856
vt 0.982525 0.775552
vt 0.990482 0.780079
vt 0.995664 0.787044
vt 0.998367 0.795615
vt 0.987610 0.897866
vt 0.998218 0.904162
vt 0.938540 0.796988
vt 0.938886 0.794656
vt 0.942044 0.792055
vt 0.941393 0.803165
vt 0.943054 0.810623
vt 0.933426 0.806063
vt 0.930681 0.797622
vt 0.930838 0.789166
vt 0.938209 0.781591
vt 0.974679 0.774829
vt 0.960804 0.905440
vt 0.951160 0.904652
vt 0.951382 0.895978
vt 0.943394 0.897430
vt 0.940119 0.905305
vt 0.935664 0.901565
vt 0.935442 0.885163
vt 0.934322 0.811572
vt 0.962625 0.896904
vt 0.973336 0.900816
vt 0.979588 0.903558
vt 0.980019 0.912506
vt 0.970126 0.908767
vt 0.685188 0.043711
vt 0.683772 0.077258
vt 0.607037 0.077311
vt 0.606143 0.044488
vt 0.598009 0.068144
vt 0.020610 0.604963
vt 0.029117 0.606214
vt 0.021249 0.644034
vt 0.013251 0.642697
vt 0.002960 0.727482
vt 0.011059 0.728049
vt 0.001079 0.770176
vt 0.009196 0.770334
vt 0.003994 0.855694
vt 0.011319 0.854959
vt 0.013163 0.933345
vt 0.022115 0.941093
vt 0.350631 0.499736
vt 0.336380 0.537420
vt 0.341955 0.503104
vt 0.361560 0.505481
vt 0.366511 0.514081
vt 0.374294 0.520413
vt 0.383933 0.523829
vt 0.429640 0.534339
vt 0.436110 0.543115
vt 0.432070 0.535682
vt 0.444218 0.545145
vt 0.474091 0.501496
vt 0.481945 0.507932
vt 0.463876 0.497357
vt 0.422629 0.523982
vt 0.432494 0.520870
vt 0.440632 0.514353
vt 0.445648 0.505857
vt 0.462223 0.492629
vt 0.463775 0.481188
vt 0.455786 0.481083
vt 0.447323 0.496207
vt 0.449108 0.478485
vt 0.445480 0.486584
vt 0.440348 0.478035
vt 0.443782 0.473940
vt 0.432544 0.471981
vt 0.434581 0.468228
vt 0.423580 0.465041
vt 0.423037 0.468727
vt 0.384710 0.468753
vt 0.384205 0.465247
vt 0.373435 0.468539
vt 0.375166 0.471948
vt 0.364830 0.475477
vt 0.367255 0.478021
vt 0.358811 0.484536
vt 0.361927 0.486321
vt 0.354824 0.493319
vt 0.359787 0.495936
vt 0.563345 0.980141
vt 0.559259 0.971250
vt 0.623255 0.979470
vt 0.559259 0.959426
vt 0.623255 0.951206
vt 0.563724 0.951079
vt 0.604041 0.051177
vt 0.103463 0.618361
vt 0.095583 0.656983
vt 0.086338 0.733321
vt 0.084645 0.771780
vt 0.087458 0.849658
vt 0.097172 0.918587
vt 0.709622 0.625543
vt 0.632007 0.616471
vt 0.632569 0.610343
vt 0.710171 0.618676
vt 0.794953 0.619405
vt 0.795221 0.627520
vt 0.837209 0.616979
vt 0.837884 0.625070
vt 0.921080 0.605682
vt 0.922523 0.613662
vt 0.960841 0.598793
vt 0.960157 0.605806
vt 0.934271 0.011179
vt 0.934886 0.035203
vt 0.891438 0.034893
vt 0.891329 0.011190
vt 0.795959 0.034899
vt 0.796022 0.011176
vt 0.748328 0.011173
vt 0.748382 0.034901
vt 0.653090 0.034899
vt 0.653013 0.015343
vt 0.566904 0.034888
vt 0.566861 0.015349
vt 0.697345 0.332300
vt 0.765725 0.332262
vt 0.765745 0.366871
vt 0.697357 0.366908
vt 0.620660 0.366925
vt 0.620659 0.332318
vt 0.582310 0.332314
vt 0.582304 0.366921
vt 0.505608 0.366895
vt 0.505621 0.332286
vt 0.468280 0.366871
vt 0.469304 0.332272
vt 0.626244 0.810810
vt 0.634927 0.810810
vt 0.643610 0.810810
vt 0.617562 0.810810
vt 0.365836 0.418911
vt 0.365836 0.430748
vt 0.347150 0.430748
vt 0.347150 0.418911
vt 0.183159 0.090658
vt 0.181053 0.070388
vt 0.185631 0.070543
vt 0.186137 0.090759
vt 0.005571 0.088726
vt 0.002591 0.088778
vt 0.003424 0.068573
vt 0.008004 0.068492
vt 0.015442 0.089534
vt 0.015272 0.069376
vt 0.565353 0.808419
vt 0.563094 0.808695
vt 0.562698 0.804034
vt 0.564568 0.803684
vt 0.559820 0.728485
vt 0.558655 0.802367
vt 0.558092 0.723392
vt 0.561136 0.721325
vt 0.563493 0.725082
vt 0.593903 0.804981
vt 0.593522 0.809643
vt 0.591263 0.809375
vt 0.592033 0.804637
vt 0.597940 0.803301
vt 0.596539 0.729423
vt 0.598251 0.724325
vt 0.592855 0.726033
vt 0.595199 0.722268
vt 0.568856 0.799449
vt 0.568856 0.796566
vt 0.586222 0.796566
vt 0.586222 0.799448
vt 0.586222 0.804377
vt 0.586222 0.808837
vt 0.568856 0.808838
vt 0.568856 0.804377
vt 0.455515 0.955588
vt 0.436844 0.955588
vt 0.436844 0.951161
vt 0.455515 0.951161
vt 0.586220 0.701524
vt 0.586220 0.705639
vt 0.568854 0.705640
vt 0.568854 0.701524
vt 0.586220 0.711201
vt 0.568854 0.711201
vt 0.586221 0.716239
vt 0.568854 0.716239
vt 0.586222 0.791535
vt 0.568856 0.791535
vt 0.907150 0.531525
vt 0.940721 0.524270
vt 0.830934 0.541778
vt 0.792495 0.543982
vt 0.714475 0.542164
vt 0.645471 0.533477
vt 0.882890 0.634459
vt 0.871627 0.732285
vt 0.872142 0.634419
vt 0.882890 0.629976
vt 0.907744 0.629976
vt 0.907744 0.634459
vt 0.918245 0.634419
vt 0.918759 0.732286
vt 0.589553 0.889820
vt 0.591711 0.891180
vt 0.591602 0.893693
vt 0.587039 0.892320
vt 0.588948 0.894830
vt 0.587143 0.890997
vt 0.566716 0.894551
vt 0.564039 0.893422
vt 0.563966 0.890948
vt 0.568499 0.890707
vt 0.566082 0.889544
vt 0.568611 0.892029
vt 0.591552 0.896549
vt 0.625015 0.896679
vt 0.625003 0.899831
vt 0.591525 0.899698
vt 0.625073 0.893822
vt 0.625165 0.891315
vt 0.591895 0.888697
vt 0.625357 0.888836
vt 0.629694 0.892743
vt 0.627628 0.895126
vt 0.627343 0.890087
vt 0.629673 0.891416
vt 0.525253 0.890655
vt 0.527650 0.889449
vt 0.529746 0.890821
vt 0.527104 0.894467
vt 0.529755 0.893292
vt 0.525165 0.891979
vt 0.564039 0.896247
vt 0.564035 0.899386
vt 0.529746 0.899259
vt 0.529786 0.896118
vt 0.563883 0.888587
vt 0.529632 0.888463
vt 0.563651 0.887295
vt 0.563738 0.886004
vt 0.592152 0.886050
vt 0.592223 0.887403
vt 0.624771 0.844313
vt 0.530144 0.844145
vt 0.531147 0.841919
vt 0.623783 0.842272
vt 0.649693 0.851573
vt 0.649496 0.853614
vt 0.638730 0.853614
vt 0.638320 0.851573
vt 0.638731 0.849530
vt 0.649497 0.849530
vt 0.639552 0.847488
vt 0.649103 0.847488
vt 0.709626 0.665339
vt 0.710210 0.663382
vt 0.712738 0.663540
vt 0.718629 0.668719
vt 0.713894 0.661149
vt 0.718508 0.653553
vt 0.712600 0.658618
vt 0.710092 0.658550
vt 0.709547 0.656443
vt 0.708802 0.660970
vt 0.707455 0.660913
vt 0.664720 0.665227
vt 0.650359 0.665830
vt 0.646520 0.661895
vt 0.662577 0.654298
vt 0.649214 0.654501
vt 0.650088 0.649089
vt 0.662098 0.649088
vt 0.727915 0.629493
vt 0.718294 0.629508
vt 0.704592 0.652495
vt 0.704431 0.629527
vt 0.699261 0.629533
vt 0.699402 0.653695
vt 0.691036 0.629541
vt 0.699464 0.668860
vt 0.674651 0.692242
vt 0.666353 0.692242
vt 0.666353 0.629548
vt 0.674598 0.629548
vt 0.682977 0.692243
vt 0.682817 0.629546
vt 0.691301 0.692246
vt 0.699617 0.692248
vt 0.704873 0.692251
vt 0.704714 0.669990
vt 0.718821 0.692257
vt 0.722681 0.692259
vt 0.728601 0.693765
vt 0.736231 0.629474
vt 0.730176 0.698421
vt 0.736905 0.733652
vt 0.731771 0.734728
vt 0.731725 0.952512
vt 0.752348 0.629474
vt 0.760009 0.629470
vt 0.759902 0.733660
vt 0.752112 0.733661
vt 0.744435 0.733662
vt 0.744423 0.629468
vt 0.737088 0.952502
vt 0.744680 0.952497
vt 0.752208 0.952496
vt 0.759912 0.952497
vt 0.767632 0.733654
vt 0.767891 0.629458
vt 0.776015 0.629459
vt 0.793927 0.630297
vt 0.807807 0.630297
vt 0.807736 0.692267
vt 0.793752 0.692270
vt 0.789855 0.692271
vt 0.784298 0.629471
vt 0.783915 0.693647
vt 0.782332 0.698314
vt 0.775494 0.733647
vt 0.767570 0.952497
vt 0.782157 0.732601
vt 0.775659 0.952502
vt 0.781121 0.952513
vt 0.609795 0.678498
vt 0.614817 0.685848
vt 0.609897 0.685759
vt 0.596506 0.680212
vt 0.586039 0.685849
vt 0.591060 0.678498
vt 0.600427 0.666179
vt 0.609781 0.665688
vt 0.606053 0.664672
vt 0.610172 0.660555
vt 0.613177 0.662290
vt 0.615150 0.654928
vt 0.611679 0.654928
vt 0.613177 0.647568
vt 0.591074 0.665688
vt 0.610171 0.649303
vt 0.606053 0.645186
vt 0.607789 0.642180
vt 0.600427 0.643678
vt 0.600427 0.640208
vt 0.593066 0.642180
vt 0.594802 0.645186
vt 0.590684 0.649303
vt 0.587678 0.647568
vt 0.589176 0.654929
vt 0.585706 0.654929
vt 0.590684 0.660555
vt 0.587678 0.662291
vt 0.594802 0.664672
vt 0.614817 0.693559
vt 0.604350 0.699150
vt 0.610961 0.700238
vt 0.604283 0.704090
vt 0.596573 0.704090
vt 0.590959 0.693603
vt 0.589895 0.700238
vt 0.586039 0.693560
vt 0.704513 0.693281
vt 0.718459 0.693297
vt 0.721620 0.695445
vt 0.700820 0.696983
vt 0.721609 0.699460
vt 0.726668 0.699111
vt 0.692857 0.699204
vt 0.791580 0.699419
vt 0.786577 0.699089
vt 0.791579 0.695397
vt 0.812219 0.697004
vt 0.808566 0.693320
vt 0.794730 0.693276
vt 0.820141 0.699169
vt 0.811150 0.925669
vt 0.807724 0.925737
vt 0.806810 0.738646
vt 0.811674 0.957918
vt 0.802199 0.957076
vt 0.782587 0.957101
vt 0.784831 0.739538
vt 0.784767 0.705482
vt 0.860455 0.970209
vt 0.850148 0.962675
vt 0.851771 0.956633
vt 0.817913 0.953226
vt 0.817295 0.958697
vt 0.822935 0.923384
vt 0.809644 0.739043
vt 0.811041 0.727706
vt 0.786407 0.700840
vt 0.820589 0.717722
vt 0.820591 0.739367
vt 0.873099 0.944823
vt 0.879790 0.957159
vt 0.848785 0.951083
vt 0.834612 0.936579
vt 0.834638 0.919638
vt 0.831536 0.738932
vt 0.861922 0.927049
vt 0.869997 0.938547
vt 0.856667 0.912468
vt 0.845713 0.915485
vt 0.842518 0.737746
vt 0.846314 0.933630
vt 0.829497 0.717344
vt 0.838268 0.716488
vt 0.828152 0.698826
vt 0.836128 0.698003
vt 0.844188 0.696893
vt 0.846604 0.715052
vt 0.853655 0.736081
vt 0.649103 0.855656
vt 0.648906 0.857698
vt 0.639962 0.857698
vt 0.639551 0.855656
vt 0.696215 0.954904
vt 0.695221 0.960669
vt 0.662254 0.965077
vt 0.702766 0.959756
vt 0.681830 0.739398
vt 0.677277 0.921463
vt 0.665961 0.917385
vt 0.665613 0.935666
vt 0.677510 0.938490
vt 0.663303 0.953108
vt 0.660517 0.959034
vt 0.653516 0.973419
vt 0.632842 0.960941
vt 0.637316 0.947877
vt 0.641839 0.941301
vt 0.649708 0.929347
vt 0.654821 0.914408
vt 0.670856 0.738274
vt 0.659657 0.736627
vt 0.674775 0.716773
vt 0.666378 0.715386
vt 0.692752 0.739764
vt 0.689233 0.925147
vt 0.692500 0.717969
vt 0.683582 0.717592
vt 0.668655 0.697074
vt 0.676783 0.698131
vt 0.684812 0.698919
vt 0.702087 0.727994
vt 0.728484 0.705478
vt 0.706224 0.738984
vt 0.726738 0.700810
vt 0.703479 0.739217
vt 0.701299 0.927429
vt 0.704884 0.927521
vt 0.728562 0.739923
vt 0.729057 0.959080
vt 0.710487 0.959146
vt 0.103510 0.837810
vt 0.166861 0.829896
vt 0.161305 0.839529
vt 0.098763 0.856284
vt 0.096570 0.838677
vt 0.105439 0.855675
vt 0.169161 0.847490
vt 0.109865 0.745368
vt 0.166719 0.779166
vt 0.120750 0.779194
vt 0.110013 0.777351
vt 0.111002 0.727396
vt 0.111919 0.719046
vt 0.195945 0.719270
vt 0.110494 0.737086
vt 0.192358 0.737088
vt 0.195945 0.745755
vt 0.176697 0.780920
vt 0.277294 0.745851
vt 0.323404 0.745288
vt 0.282409 0.737856
vt 0.325263 0.738395
vt 0.327469 0.720957
vt 0.280698 0.719815
vt 0.328800 0.712442
vt 0.533318 0.755920
vt 0.334457 0.760904
vt 0.331689 0.739653
vt 0.532666 0.739773
vt 0.332491 0.728466
vt 0.531755 0.728661
vt 0.530891 0.715922
vt 0.530799 0.706081
vt 0.327451 0.698375
vt 0.530762 0.699313
vt 0.327449 0.692207
vt 0.530735 0.692658
vt 0.287829 0.705967
vt 0.305492 0.705209
vt 0.305392 0.708513
vt 0.325220 0.709043
vt 0.327564 0.705447
vt 0.305487 0.701123
vt 0.287916 0.701160
vt 0.253774 0.691711
vt 0.327391 0.685758
vt 0.530759 0.686007
vt 0.530804 0.679248
vt 0.252315 0.685236
vt 0.326866 0.679164
vt 0.327339 0.672577
vt 0.530759 0.672488
vt 0.530735 0.665848
vt 0.327339 0.665995
vt 0.530625 0.657777
vt 0.326187 0.658303
vt 0.253401 0.665822
vt 0.253457 0.658037
vt 0.252141 0.672722
vt 0.251755 0.679155
vt 0.326134 0.647987
vt 0.530586 0.647775
vt 0.530550 0.641757
vt 0.326341 0.645135
vt 0.253720 0.648062
vt 0.112569 0.671503
vt 0.112564 0.664958
vt 0.140123 0.665003
vt 0.140110 0.658555
vt 0.112558 0.658414
vt 0.112566 0.649154
vt 0.254257 0.655719
vt 0.112580 0.645462
vt 0.326853 0.639133
vt 0.154807 0.665407
vt 0.140127 0.679691
vt 0.112578 0.684595
vt 0.112582 0.691136
vt 0.140126 0.691156
vt 0.112581 0.697670
vt 0.140115 0.697571
vt 0.156038 0.679608
vt 0.155268 0.691648
vt 0.190233 0.700988
vt 0.172388 0.700958
vt 0.140122 0.704188
vt 0.172388 0.705492
vt 0.112573 0.704203
vt 0.143318 0.708200
vt 0.172549 0.708340
vt 0.190188 0.705967
vt 0.224295 0.705967
vt 0.224425 0.700970
vt 0.252456 0.705967
vt 0.112567 0.706953
vt 0.112544 0.711296
vt 0.252473 0.700967
vt 0.529409 0.874938
vt 0.529532 0.886058
vt 0.528234 0.886233
vt 0.528235 0.874920
vt 0.529041 0.871380
vt 0.527777 0.871394
vt 0.528550 0.859520
vt 0.527387 0.859504
vt 0.528996 0.847594
vt 0.527834 0.847492
vt 0.529065 0.843611
vt 0.625902 0.847721
vt 0.625836 0.843765
vt 0.627071 0.847625
vt 0.626573 0.859616
vt 0.627740 0.859580
vt 0.626242 0.871322
vt 0.627514 0.871433
vt 0.625755 0.874909
vt 0.626913 0.874969
vt 0.625526 0.886212
vt 0.626820 0.886310
vt 0.625598 0.902547
vt 0.625556 0.914033
vt 0.592392 0.902384
vt 0.624477 0.944178
vt 0.530733 0.943718
vt 0.529818 0.940620
vt 0.625422 0.941090
vt 0.529872 0.929403
vt 0.625478 0.929872
vt 0.625536 0.918127
vt 0.529930 0.917658
vt 0.529950 0.913564
vt 0.564054 0.902245
vt 0.530044 0.902078
vt 0.704834 0.663918
vt 0.706133 0.661493
vt 0.707513 0.661463
vt 0.705471 0.656705
vt 0.704807 0.658998
vt 0.702169 0.658926
vt 0.700894 0.661361
vt 0.702239 0.663841
vt 0.705415 0.666109
vt 0.074134 0.457062
vt 0.217765 0.457062
vt 0.217763 0.462023
vt 0.074134 0.462022
vt 0.074134 0.466983
vt 0.217763 0.466983
vt 0.074134 0.437220
vt 0.074134 0.432260
vt 0.217765 0.432260
vt 0.217765 0.437220
vt 0.217765 0.442181
vt 0.074134 0.442181
vt 0.217765 0.447141
vt 0.074134 0.447141
vt 0.074134 0.452101
vt 0.217765 0.452102
vt 0.074134 0.407457
vt 0.217765 0.407458
vt 0.217765 0.412418
vt 0.074134 0.412418
vt 0.217765 0.417379
vt 0.074134 0.417378
vt 0.217765 0.422339
vt 0.074134 0.422339
vt 0.074134 0.427299
vt 0.217765 0.427300
vt 0.615547 0.727170
vt 0.651693 0.727170
vt 0.651362 0.760737
vt 0.615548 0.760738
vt 0.615548 0.765744
vt 0.651621 0.765744
vt 0.646505 0.636316
vt 0.650335 0.632359
vt 0.664708 0.632887
vt 0.662572 0.643878
vt 0.649217 0.643675
vt 0.615548 0.770540
vt 0.652055 0.770540
vt 0.615546 0.673989
vt 0.652054 0.673989
vt 0.652411 0.678895
vt 0.615546 0.678895
vt 0.953889 0.074398
vt 0.961143 0.084763
vt 0.962336 0.098981
vt 0.940780 0.069499
vt 0.966752 0.145055
vt 0.933552 0.304915
vt 0.971226 0.180900
vt 0.977688 0.215059
vt 0.948475 0.307447
vt 0.993304 0.259739
vt 0.966532 0.306410
vt 0.997252 0.276183
vt 0.983257 0.300557
vt 0.993349 0.290565
vt 0.821891 0.186431
vt 0.824984 0.232247
vt 0.820354 0.237511
vt 0.813490 0.237292
vt 0.621867 0.223733
vt 0.808296 0.231939
vt 0.731714 0.116172
vt 0.805574 0.186387
vt 0.794493 0.093079
vt 0.810080 0.181117
vt 0.816866 0.181237
vt 0.601691 0.095726
vt 0.598586 0.110904
vt 0.565982 0.089045
vt 0.629114 0.115499
vt 0.628825 0.133400
vt 0.669791 0.133477
vt 0.666889 0.112612
vt 0.727767 0.098640
vt 0.725256 0.085000
vt 0.792760 0.073580
vt 0.630372 0.101297
vt 0.665623 0.099135
vt 0.500280 0.107979
vt 0.546127 0.107012
vt 0.539734 0.143719
vt 0.538530 0.082125
vt 0.499549 0.084829
vt 0.498952 0.070862
vt 0.538724 0.068060
vt 0.551522 0.084322
vt 0.554255 0.069766
vt 0.570604 0.075303
vt 0.918998 0.331597
vt 0.616047 0.252106
vt 0.592070 0.217524
vt 0.593172 0.126799
vt 0.561543 0.216247
vt 0.589203 0.246954
vt 0.562883 0.246118
vt 0.518958 0.253343
vt 0.514973 0.225736
vt 0.548596 0.207132
vt 0.512325 0.213634
vt 0.502788 0.147436
vt 0.734032 0.952507
vt 0.415852 0.093556
vt 0.430944 0.120768
vt 0.115975 0.186014
vt 0.108511 0.158940
vt 0.316789 0.230974
vt 0.317730 0.184599
vt 0.313775 0.178723
vt 0.307262 0.177553
vt 0.302395 0.182366
vt 0.300849 0.228357
vt 0.305444 0.234652
vt 0.227444 0.298823
vt 0.312105 0.235662
vt 0.290944 0.324277
vt 0.439183 0.352773
vt 0.469951 0.278239
vt 0.476479 0.241568
vt 0.482366 0.206062
vt 0.494191 0.159027
vt 0.462587 0.324334
vt 0.452787 0.348465
vt 0.460579 0.338499
vt 0.444248 0.116714
vt 0.496215 0.141489
vt 0.461813 0.115529
vt 0.490402 0.127542
vt 0.479041 0.119023
vt 0.837812 0.629484
vt 0.846083 0.629484
vt 0.846083 0.692268
vt 0.837810 0.692267
vt 0.829542 0.629484
vt 0.829537 0.692267
vt 0.821272 0.629483
vt 0.821264 0.692267
vt 0.813002 0.629483
vt 0.812990 0.692267
vt 0.724156 0.959800
vt 0.278566 0.064822
vt 0.227271 0.064743
vt 0.234450 0.033591
vt 0.207894 0.033598
vt 0.204971 0.064721
vt 0.185712 0.064712
vt 0.191295 0.033597
vt 0.174073 0.033589
vt 0.166147 0.064736
vt 0.227261 0.002466
vt 0.205032 0.002464
vt 0.185802 0.002459
vt 0.166245 0.002447
vt 0.004078 0.033358
vt 0.005031 0.064685
vt 0.005130 0.002401
vt 0.278539 0.002469
vt 0.278594 0.033592
vt 0.318383 0.002478
vt 0.318368 0.033658
vt 0.357897 0.002490
vt 0.439245 0.002534
vt 0.438112 0.033684
vt 0.414876 0.033681
vt 0.412739 0.002520
vt 0.358181 0.033667
vt 0.318352 0.064840
vt 0.439280 0.064796
vt 0.412714 0.064804
vt 0.357852 0.064839
vt 0.461828 0.064811
vt 0.460217 0.033686
vt 0.482747 0.064823
vt 0.481249 0.033689
vt 0.506400 0.064839
vt 0.505312 0.033687
vt 0.529277 0.064870
vt 0.529430 0.033667
vt 0.547919 0.064834
vt 0.562226 0.033540
vt 0.547783 0.002569
vt 0.529155 0.002551
vt 0.506288 0.002550
vt 0.482652 0.002545
vt 0.461761 0.002539
vt 0.717024 0.963062
vt 0.048741 0.313339
vt 0.040685 0.277399
vt 0.045107 0.213416
vt 0.057013 0.202623
vt 0.055810 0.336176
vt 0.043096 0.339443
vt 0.069683 0.330161
vt 0.098766 0.303930
vt 0.092670 0.288289
vt 0.126677 0.278378
vt 0.087141 0.197290
vt 0.044004 0.353612
vt 0.059491 0.350579
vt 0.075288 0.343597
vt 0.103241 0.319681
vt 0.127888 0.296138
vt 0.166341 0.278023
vt 0.165071 0.297258
vt 0.224429 0.316396
vt 0.289370 0.343060
vt 0.222218 0.330561
vt 0.164201 0.312355
vt 0.129971 0.310145
vt 0.081330 0.168061
vt 0.055236 0.172901
vt 0.010911 0.170211
vt 0.009918 0.198399
vt 0.008551 0.210154
vt 0.003612 0.276234
vt 0.003462 0.315496
vt 0.004137 0.337647
vt 0.003978 0.351436
vt 0.797923 0.960949
vt 0.793762 0.961021
vt 0.788720 0.957850
vt 0.047791 0.557176
vt 0.060050 0.601320
vt 0.045047 0.596459
vt 0.090832 0.599258
vt 0.090874 0.557335
vt 0.100820 0.594809
vt 0.100527 0.544943
vt 0.089261 0.548796
vt 0.084388 0.533178
vt 0.091300 0.516547
vt 0.096780 0.602779
vt 0.685842 0.997567
vt 0.678144 0.993048
vt 0.690425 0.980942
vt 0.673736 0.985286
vt 0.673800 0.976360
vt 0.678318 0.968662
vt 0.686080 0.964255
vt 0.695006 0.964318
vt 0.702704 0.968836
vt 0.707113 0.976599
vt 0.707049 0.985525
vt 0.702530 0.993223
vt 0.694768 0.997631
vt 0.174189 0.936257
vt 0.190470 0.936279
vt 0.190470 0.964460
vt 0.174189 0.964480
vt 0.163847 0.936269
vt 0.163846 0.964468
vt 0.153530 0.936266
vt 0.153529 0.964471
vt 0.620332 0.838210
vt 0.614780 0.838241
vt 0.614706 0.816612
vt 0.622169 0.816612
vt 0.629632 0.816612
vt 0.626055 0.838177
vt 0.584857 0.838220
vt 0.577394 0.838220
vt 0.577394 0.816612
vt 0.584857 0.816612
vt 0.592320 0.838220
vt 0.592320 0.816612
vt 0.599782 0.838220
vt 0.599782 0.816612
vt 0.607245 0.838219
vt 0.607245 0.816612
vt 0.549382 0.838210
vt 0.543657 0.838155
vt 0.540084 0.816612
vt 0.547546 0.816612
vt 0.554935 0.838241
vt 0.555008 0.816612
vt 0.562470 0.838220
vt 0.562470 0.816612
vt 0.569933 0.838220
vt 0.569933 0.816612
vt 0.116589 0.964458
vt 0.111750 0.965378
vt 0.111412 0.936129
vt 0.116589 0.936277
vt 0.143212 0.936268
vt 0.143211 0.964468
vt 0.132870 0.936256
vt 0.132868 0.964479
vt 0.629552 0.390709
vt 0.629562 0.404615
vt 0.622162 0.404801
vt 0.622142 0.376628
vt 0.629543 0.376803
vt 0.107325 0.884096
vt 0.101081 0.883333
vt 0.296812 0.886838
vt 0.300613 0.858688
vt 0.306644 0.859328
vt 0.302989 0.886517
vt 0.108897 0.884288
vt 0.167313 0.891423
vt 0.163711 0.910617
vt 0.106186 0.902033
vt 0.104637 0.901802
vt 0.098488 0.900884
vt 0.195428 0.892798
vt 0.195508 0.890740
vt 0.201940 0.890964
vt 0.189252 0.892894
vt 0.189223 0.890814
vt 0.183046 0.893244
vt 0.182846 0.890516
vt 0.177067 0.894301
vt 0.172229 0.897476
vt 0.169916 0.902582
vt 0.170544 0.908195
vt 0.182178 0.874122
vt 0.181086 0.847500
vt 0.188549 0.847524
vt 0.173401 0.847563
vt 0.166206 0.874703
vt 0.195673 0.847556
vt 0.202781 0.847668
vt 0.208375 0.890993
vt 0.209887 0.847834
vt 0.214650 0.891309
vt 0.217007 0.848084
vt 0.222304 0.874926
vt 0.224445 0.848387
vt 0.232080 0.848798
vt 0.236246 0.849000
vt 0.238249 0.876084
vt 0.299130 0.858312
vt 0.295512 0.886713
vt 0.236532 0.892464
vt 0.221041 0.891223
vt 0.271393 0.376074
vt 0.264031 0.377049
vt 0.265417 0.371788
vt 0.231481 0.898440
vt 0.226728 0.895138
vt 0.220758 0.893939
vt 0.214551 0.893385
vt 0.208376 0.893053
vt 0.201899 0.893103
vt 0.574014 0.409576
vt 0.576012 0.404726
vt 0.585571 0.404885
vt 0.180130 0.806974
vt 0.179246 0.812613
vt 0.172347 0.813226
vt 0.173270 0.805123
vt 0.169493 0.813396
vt 0.170204 0.804650
vt 0.121091 0.813393
vt 0.121664 0.804638
vt 0.181859 0.818020
vt 0.174986 0.821157
vt 0.171368 0.821806
vt 0.122540 0.821847
vt 0.186401 0.821722
vt 0.178118 0.827425
vt 0.172729 0.827523
vt 0.123408 0.827592
vt 0.184664 0.801861
vt 0.177070 0.797113
vt 0.172371 0.796717
vt 0.123205 0.796656
vt 0.550120 0.460915
vt 0.550111 0.457571
vt 0.553984 0.452288
vt 0.554018 0.466178
vt 0.549109 0.476109
vt 0.549095 0.470159
vt 0.554053 0.480066
vt 0.550189 0.488692
vt 0.550181 0.485348
vt 0.554087 0.493955
vt 0.549180 0.503886
vt 0.549164 0.497937
vt 0.554123 0.507843
vt 0.565820 0.466148
vt 0.565786 0.452259
vt 0.565889 0.493926
vt 0.565924 0.507814
vt 0.565855 0.480036
vt 0.176053 0.091407
vt 0.173609 0.071175
vt 0.544770 0.468679
vt 0.538971 0.467403
vt 0.540074 0.464200
vt 0.543434 0.463563
vt 0.544770 0.496949
vt 0.539598 0.497373
vt 0.539911 0.468679
vt 0.540074 0.501427
vt 0.543434 0.502064
vt 0.534790 0.496948
vt 0.531258 0.496949
vt 0.531258 0.468679
vt 0.534791 0.468679
vt 0.530223 0.445102
vt 0.528574 0.450030
vt 0.525375 0.448920
vt 0.524746 0.445558
vt 0.548174 0.444236
vt 0.548600 0.449407
vt 0.529857 0.449094
vt 0.499319 0.444187
vt 0.498044 0.449984
vt 0.494841 0.448882
vt 0.494204 0.445522
vt 0.517131 0.445053
vt 0.518065 0.449357
vt 0.499319 0.449045
vt 0.552653 0.448931
vt 0.553290 0.445571
vt 0.548174 0.454215
vt 0.548174 0.457748
vt 0.529857 0.457748
vt 0.529857 0.454215
vt 0.522119 0.448871
vt 0.522747 0.445509
vt 0.517638 0.454166
vt 0.517638 0.457699
vt 0.499320 0.457699
vt 0.499320 0.454166
vt 0.337704 0.440272
vt 0.337702 0.462838
vt 0.291916 0.462837
vt 0.291916 0.440267
vt 0.282343 0.462832
vt 0.282343 0.440263
vt 0.275162 0.462827
vt 0.275118 0.440257
vt 0.268755 0.462847
vt 0.268563 0.437039
vt 0.262074 0.460109
vt 0.233890 0.460362
vt 0.224071 0.460443
vt 0.221034 0.414676
vt 0.233474 0.414574
vt 0.261625 0.414320
vt 0.268365 0.411238
vt 0.274922 0.433779
vt 0.274874 0.411209
vt 0.282108 0.433779
vt 0.282108 0.411209
vt 0.291686 0.433779
vt 0.291686 0.411209
vt 0.337477 0.411208
vt 0.337476 0.433779
vt 0.202147 0.070129
vt 0.202653 0.090346
vt 0.078127 0.076095
vt 0.079786 0.068569
vt 0.109175 0.069136
vt 0.110473 0.089890
vt 0.302670 0.511898
vt 0.306455 0.512792
vt 0.309431 0.514948
vt 0.297677 0.511445
vt 0.283715 0.516997
vt 0.321211 0.561438
vt 0.279886 0.518133
vt 0.185956 0.559664
vt 0.186646 0.531166
vt 0.183080 0.520644
vt 0.165701 0.579748
vt 0.175474 0.578183
vt 0.322314 0.613480
vt 0.319026 0.565456
vt 0.181356 0.573769
vt 0.186141 0.566440
vt 0.112516 0.639600
vt 0.326833 0.635517
vt 0.112329 0.635230
vt 0.111430 0.629152
vt 0.325092 0.628297
vt 0.324163 0.618599
vt 0.109727 0.618139
vt 0.108705 0.612416
vt 0.120059 0.579532
vt 0.109650 0.580767
vt 0.316526 0.510087
vt 0.329276 0.559601
vt 0.340825 0.598233
vt 0.333146 0.601944
vt 0.330755 0.619007
vt 0.331779 0.630230
vt 0.281468 0.507638
vt 0.297738 0.502708
vt 0.305514 0.503739
vt 0.311560 0.505535
vt 0.644733 0.266887
vt 0.651184 0.267830
vt 0.651086 0.299645
vt 0.644602 0.300523
vt 0.613013 0.303569
vt 0.618941 0.294301
vt 0.621005 0.283627
vt 0.619031 0.272951
vt 0.613186 0.263676
vt 0.972714 0.478563
vt 0.970119 0.472659
vt 0.976563 0.437559
vt 0.976015 0.396929
vt 0.989839 0.398180
vt 0.997825 0.519669
vt 0.968920 0.519864
vt 0.956239 0.519712
vt 0.956387 0.479742
vt 0.890296 0.518671
vt 0.890847 0.478691
vt 0.851746 0.517894
vt 0.852237 0.477187
vt 0.828657 0.517574
vt 0.847578 0.396113
vt 0.834123 0.395396
vt 0.824229 0.395384
vt 0.814559 0.395366
vt 0.814561 0.517676
vt 0.800467 0.517575
vt 0.804889 0.395387
vt 0.794995 0.395406
vt 0.784903 0.395474
vt 0.776532 0.476736
vt 0.774794 0.395578
vt 0.760239 0.395807
vt 0.754124 0.471870
vt 0.742429 0.396210
vt 0.731249 0.472337
vt 0.726969 0.397004
vt 0.716129 0.417080
vt 0.703799 0.397737
vt 0.692539 0.413540
vt 0.692066 0.397771
vt 0.719863 0.473216
vt 0.653150 0.396844
vt 0.659254 0.413346
vt 0.655221 0.435359
vt 0.656402 0.478465
vt 0.658997 0.472820
vt 0.777381 0.517883
vt 0.738311 0.478648
vt 0.738836 0.518630
vt 0.672766 0.479640
vt 0.672907 0.519612
vt 0.660244 0.519756
vt 0.631345 0.519599
vt 0.639322 0.398098
vt 0.437030 0.945575
vt 0.457224 0.945578
vt 0.457224 0.950318
vt 0.437030 0.950321
vt 0.304849 0.502274
vt 0.340377 0.574181
vt 0.341623 0.595811
vt 0.336110 0.571013
vt 0.389522 0.570764
vt 0.444493 0.547317
vt 0.452891 0.546272
vt 0.501135 0.546380
vt 0.389857 0.599972
vt 0.487498 0.516620
vt 0.491691 0.525931
vt 0.508099 0.526721
vt 0.505891 0.538409
vt 0.504935 0.549247
vt 0.475001 0.571257
vt 0.522063 0.595783
vt 0.520936 0.599690
vt 0.531608 0.602338
vt 0.526238 0.593666
vt 0.533354 0.594126
vt 0.533866 0.569304
vt 0.508603 0.557181
vt 0.251116 0.123460
vt 0.238748 0.129412
vt 0.214515 0.126073
vt 0.218681 0.068542
vt 0.267988 0.069260
vt 0.255421 0.078517
vt 0.263838 0.080352
vt 0.279204 0.085716
vt 0.295976 0.079346
vt 0.214159 0.126136
vt 0.209183 0.108233
vt 0.211748 0.079039
vt 0.210140 0.072688
vt 0.385872 0.574542
vt 0.386116 0.596519
vt 0.535709 0.763853
vt 0.536975 0.788819
vt 0.529322 0.789633
vt 0.528656 0.764543
vt 0.522969 0.758941
vt 0.909305 0.473335
vt 0.898099 0.472090
vt 0.913301 0.416749
vt 0.969914 0.413431
vt 0.936637 0.413639
vt 0.937104 0.397869
vt 0.925375 0.397844
vt 0.902218 0.397123
vt 0.886766 0.396327
vt 0.875035 0.470543
vt 0.868971 0.395893
vt 0.859744 0.395756
vt 0.437108 0.826635
vt 0.434083 0.822851
vt 0.438368 0.815499
vt 0.441300 0.819663
vt 0.447338 0.811423
vt 0.447242 0.816716
vt 0.456488 0.815945
vt 0.453403 0.820024
vt 0.460359 0.822787
vt 0.457370 0.826732
vt 0.341147 0.820751
vt 0.337716 0.824291
vt 0.335312 0.819300
vt 0.339089 0.816738
vt 0.344683 0.822903
vt 0.342251 0.827543
vt 0.317777 0.848161
vt 0.343191 0.856698
vt 0.312703 0.852684
vt 0.305781 0.855666
vt 0.306528 0.854256
vt 0.298609 0.854865
vt 0.352028 0.860479
vt 0.387040 0.836147
vt 0.377075 0.840048
vt 0.368788 0.846583
vt 0.363261 0.855148
vt 0.361101 0.864645
vt 0.356028 0.867129
vt 0.363016 0.874336
vt 0.359860 0.876098
vt 0.447903 0.853463
vt 0.443033 0.844810
vt 0.442553 0.833059
vt 0.435379 0.838330
vt 0.425864 0.834830
vt 0.508914 0.825662
vt 0.511434 0.832064
vt 0.333735 0.799524
vt 0.338748 0.762808
vt 0.477087 0.787776
vt 0.506041 0.821915
vt 0.507188 0.810124
vt 0.509787 0.800073
vt 0.524490 0.762491
vt 0.338552 0.758839
vt 0.507183 0.818446
vt 0.516592 0.792052
vt 0.524597 0.787433
vt 0.576037 0.376575
vt 0.572869 0.372404
vt 0.581317 0.371845
vt 0.585607 0.376685
vt 0.519800 0.795551
vt 0.513976 0.802224
vt 0.511845 0.810970
vt 0.511681 0.819212
vt 0.602602 0.404813
vt 0.602572 0.376640
vt 0.611601 0.376664
vt 0.611620 0.404780
vt 0.450588 0.404733
vt 0.450596 0.376663
vt 0.459288 0.376572
vt 0.459271 0.404829
vt 0.593384 0.376711
vt 0.593796 0.404817
vt 0.374481 0.404697
vt 0.374492 0.376725
vt 0.385498 0.376585
vt 0.385493 0.404836
vt 0.425072 0.376561
vt 0.425070 0.404847
vt 0.432525 0.376681
vt 0.432523 0.404724
vt 0.441672 0.376663
vt 0.441669 0.404737
vt 0.264213 0.403962
vt 0.271345 0.405468
vt 0.350323 0.376414
vt 0.350262 0.404916
vt 0.355753 0.376472
vt 0.355718 0.404916
vt 0.363973 0.376838
vt 0.363953 0.404578
vt 0.219048 0.404810
vt 0.218998 0.376723
vt 0.231225 0.376640
vt 0.231305 0.404829
vt 0.242462 0.376661
vt 0.242570 0.404730
vt 0.249640 0.376548
vt 0.249776 0.404776
vt 0.256506 0.376580
vt 0.256669 0.404662
vt 0.132800 0.404874
vt 0.132782 0.376754
vt 0.142731 0.376715
vt 0.142743 0.404905
vt 0.154256 0.376685
vt 0.154272 0.404926
vt 0.166100 0.376704
vt 0.166124 0.404887
vt 0.178193 0.376655
vt 0.178224 0.404907
vt 0.993942 0.903474
vt 0.997494 0.903975
vt 0.040463 0.574150
vt 0.571830 0.532274
vt 0.571338 0.541627
vt 0.570323 0.537899
vt 0.475026 0.275345
vt 0.479826 0.275345
vt 0.478863 0.281295
vt 0.474081 0.281295
vt 0.478863 0.285357
vt 0.479826 0.291306
vt 0.475026 0.291306
vt 0.474081 0.285356
vt 0.713509 0.977723
vt 0.715807 0.966712
vt 0.720535 0.968341
vt 0.719136 0.973836
vt 0.713509 0.981088
vt 0.719914 0.985251
vt 0.720535 0.990470
vt 0.715809 0.992104
vt 0.523178 0.297809
vt 0.523311 0.303580
vt 0.509989 0.303596
vt 0.523142 0.268477
vt 0.509939 0.262724
vt 0.523260 0.262708
vt 0.491272 0.262746
vt 0.493857 0.246649
vt 0.512051 0.249570
vt 0.491323 0.303620
vt 0.512134 0.316744
vt 0.493949 0.319711
vt 0.495194 0.238314
vt 0.502241 0.240205
vt 0.512967 0.243872
vt 0.186476 0.811184
vt 0.513063 0.322440
vt 0.502345 0.326123
vt 0.495303 0.328021
vt 0.100347 0.341579
vt 0.181481 0.341480
vt 0.181503 0.359874
vt 0.100369 0.359975
vt 0.725104 0.988084
vt 0.810355 0.989390
vt 0.813120 0.992154
vt 0.813119 0.996990
vt 0.725104 0.996990
vt 0.813120 0.961835
vt 0.813120 0.966671
vt 0.810355 0.969435
vt 0.725104 0.970735
vt 0.725104 0.961834
vt 0.459430 0.972377
vt 0.457081 0.971890
vt 0.480361 0.971888
vt 0.478012 0.972377
vt 0.036435 0.387109
vt 0.035016 0.459972
vt 0.018745 0.459972
vt 0.017330 0.387109
vt 0.038339 0.440611
vt 0.040144 0.442360
vt 0.045890 0.445975
vt 0.040876 0.459206
vt 0.045752 0.454778
vt 0.035016 0.465819
vt 0.018745 0.465819
vt 0.373068 0.951643
vt 0.367768 0.958144
vt 0.366581 0.955981
vt 0.371058 0.949747
vt 0.374490 0.950088
vt 0.373408 0.947618
vt 0.433727 0.944025
vt 0.017523 0.385782
vt 0.036242 0.385782
vt 0.017828 0.383829
vt 0.035936 0.383829
vt 0.357037 0.955774
vt 0.351188 0.950451
vt 0.350077 0.940926
vt 0.432522 0.941114
vt 0.351099 0.938595
vt 0.432473 0.938450
vt 0.388218 0.953645
vt 0.387035 0.955810
vt 0.377491 0.956035
vt 0.376235 0.953849
vt 0.371653 0.961369
vt 0.370980 0.959459
vt 0.393530 0.960136
vt 0.391522 0.962036
vt 0.393878 0.964160
vt 0.394955 0.961689
vt 0.454203 0.967641
vt 0.436700 0.944735
vt 0.436700 0.939395
vt 0.457552 0.939395
vt 0.457552 0.944735
vt 0.479091 0.960139
vt 0.458350 0.960139
vt 0.458318 0.957388
vt 0.479122 0.957388
vt 0.626244 0.787890
vt 0.634927 0.787889
vt 0.617562 0.787890
vt 0.617562 0.786605
vt 0.623350 0.786605
vt 0.629138 0.786606
vt 0.634928 0.784992
vt 0.643610 0.787889
vt 0.640715 0.786606
vt 0.646504 0.786606
vt 0.139093 0.527187
vt 0.139741 0.525427
vt 0.142075 0.525033
vt 0.144330 0.536180
vt 0.148535 0.533981
vt 0.145815 0.543169
vt 0.151824 0.542740
vt 0.145603 0.551141
vt 0.152163 0.551815
vt 0.143008 0.558181
vt 0.150039 0.560573
vt 0.138694 0.565714
vt 0.150214 0.566605
vt 0.247561 0.512019
vt 0.239058 0.512019
vt 0.239058 0.506416
vt 0.247561 0.506416
vt 0.254770 0.512019
vt 0.254770 0.506416
vt 0.261768 0.512019
vt 0.261768 0.506416
vt 0.268711 0.512019
vt 0.268711 0.506416
vt 0.273361 0.506416
vt 0.273361 0.512019
vt 0.237235 0.512019
vt 0.237235 0.506416
vt 0.235789 0.512019
vt 0.235789 0.506416
vt 0.210340 0.512019
vt 0.203468 0.512019
vt 0.203469 0.506416
vt 0.210340 0.506416
vt 0.216120 0.512019
vt 0.216120 0.506416
vt 0.222265 0.512019
vt 0.222265 0.506416
vt 0.227771 0.512019
vt 0.227771 0.506416
vt 0.825786 0.366236
vt 0.815265 0.348516
vt 0.827488 0.347470
vt 0.846381 0.356732
vt 0.847722 0.360694
vt 0.829332 0.369077
vt 0.839590 0.337476
vt 0.396765 0.486168
vt 0.396552 0.477030
vt 0.405262 0.478817
vt 0.405393 0.484238
vt 0.418915 0.484375
vt 0.421816 0.492044
vt 0.418870 0.478483
vt 0.421652 0.470768
vt 0.388340 0.473380
vt 0.380463 0.471231
vt 0.382860 0.475469
vt 0.376847 0.477415
vt 0.385348 0.471894
vt 0.387476 0.477476
vt 0.386172 0.486817
vt 0.388667 0.489950
vt 0.385495 0.491624
vt 0.380613 0.492372
vt 0.379605 0.487928
vt 0.375377 0.483451
vt 0.381729 0.481777
vt 0.375709 0.490713
vt 0.372221 0.486960
vt 0.370895 0.481868
vt 0.372152 0.476759
vt 0.375587 0.472963
vt 0.427126 0.486327
vt 0.427052 0.476408
vt 0.336707 0.471673
vt 0.336657 0.499456
vt 0.326947 0.499402
vt 0.326996 0.471692
vt 0.288589 0.471569
vt 0.288540 0.499389
vt 0.278833 0.471569
vt 0.278785 0.499356
vt 0.269148 0.471546
vt 0.269100 0.499346
vt 0.259524 0.471548
vt 0.259476 0.499313
vt 0.250015 0.471449
vt 0.249968 0.499381
vt 0.240436 0.471497
vt 0.240390 0.499301
vt 0.230834 0.471479
vt 0.230788 0.499287
vt 0.221142 0.471441
vt 0.221095 0.499293
vt 0.211516 0.471506
vt 0.211466 0.499196
vt 0.173204 0.471378
vt 0.173150 0.499173
vt 0.163442 0.471362
vt 0.163388 0.499150
vt 0.153800 0.471301
vt 0.153745 0.499173
vt 0.144142 0.471315
vt 0.144088 0.499120
vt 0.134593 0.471293
vt 0.134541 0.499105
vt 0.125046 0.471276
vt 0.124994 0.499085
vt 0.115443 0.471265
vt 0.115392 0.499061
vt 0.105760 0.471254
vt 0.105710 0.499036
vt 0.615547 0.722264
vt 0.652047 0.722264
vt 0.615547 0.717469
vt 0.652482 0.717469
vt 0.369125 0.994903
vt 0.371555 0.992830
vt 0.373241 0.995269
vt 0.370976 0.997038
vt 0.419051 0.988270
vt 0.422844 0.987916
vt 0.422944 0.990840
vt 0.419238 0.991075
vt 0.385482 0.988579
vt 0.385757 0.991450
vt 0.381855 0.989029
vt 0.382477 0.991894
vt 0.322133 0.793948
vt 0.187570 0.791537
vt 0.182810 0.785351
vt 0.639962 0.845447
vt 0.648906 0.845447
vt 0.324436 0.861705
vt 0.320788 0.888912
vt 0.305838 0.895570
vt 0.114023 0.969064
vt 0.118018 0.969064
vt 0.118018 0.997218
vt 0.114023 0.997218
vt 0.195646 0.936132
vt 0.195308 0.965380
vt 0.143219 0.965687
vt 0.132878 0.965740
vt 0.116517 0.965751
vt 0.190541 0.965753
vt 0.174179 0.965741
vt 0.163839 0.965687
vt 0.153529 0.965691
vt 0.112087 0.934585
vt 0.116517 0.934984
vt 0.132878 0.934995
vt 0.143219 0.935050
vt 0.153530 0.935046
vt 0.163840 0.935050
vt 0.174180 0.934996
vt 0.190542 0.934986
vt 0.194971 0.934587
vt 0.523059 0.540105
vt 0.518422 0.539325
vt 0.474147 0.473795
vt 0.476860 0.470117
vt 0.489283 0.451671
vt 0.544495 0.535318
vt 0.188544 0.969063
vt 0.188544 0.997218
vt 0.172705 0.997218
vt 0.172705 0.969063
vt 0.162928 0.997218
vt 0.162928 0.969063
vt 0.153280 0.997218
vt 0.153280 0.969063
vt 0.192539 0.969063
vt 0.192539 0.997218
vt 0.011708 0.369798
vt 0.041796 0.369779
vt 0.050730 0.372894
vt 0.002532 0.372925
vt 0.368366 0.882663
vt 0.365946 0.885244
vt 0.376415 0.888641
vt 0.374736 0.892105
vt 0.386088 0.891650
vt 0.385655 0.895190
vt 0.425288 0.894582
vt 0.424689 0.890878
vt 0.434265 0.887527
vt 0.436323 0.891304
vt 0.445596 0.885598
vt 0.442168 0.881452
vt 0.450998 0.881082
vt 0.447437 0.872887
vt 0.449428 0.863215
vt 0.457747 0.878554
vt 0.465779 0.878573
vt 0.470779 0.876422
vt 0.929373 0.356708
vt 0.927783 0.360750
vt 0.937849 0.337396
vt 0.869534 0.899576
vt 0.869141 0.796260
vt 0.914132 0.810070
vt 0.912939 0.931225
vt 0.877871 0.784703
vt 0.881909 0.784424
vt 0.915902 0.802665
vt 0.922610 0.811378
vt 0.921145 0.885565
vt 0.921522 0.891695
vt 0.918778 0.941789
vt 0.862010 0.902790
vt 0.915332 0.791521
vt 0.918920 0.796483
vt 0.918554 0.794165
vt 0.882542 0.773091
vt 0.919296 0.781315
vt 0.926788 0.788788
vt 0.926556 0.797483
vt 0.923523 0.806403
vt 0.858074 0.794621
vt 0.860837 0.785767
vt 0.870808 0.790901
vt 0.866154 0.778583
vt 0.873762 0.786932
vt 0.874357 0.773916
vt 0.859398 0.905893
vt 0.491301 0.285224
vt 0.497327 0.285216
vt 0.497322 0.281154
vt 0.491296 0.281162
vt 0.072738 0.405088
vt 0.056569 0.405660
vt 0.056550 0.376406
vt 0.072699 0.376969
vt 0.079431 0.376965
vt 0.079495 0.405073
vt 0.116690 0.376756
vt 0.116754 0.404907
vt 0.125073 0.376675
vt 0.125109 0.404965
vt 0.486497 0.281168
vt 0.474968 0.262766
vt 0.474992 0.271207
vt 0.253408 0.409140
vt 0.721469 0.973008
vt 0.615547 0.712461
vt 0.652742 0.712461
vt 0.324455 0.797696
vt 0.188672 0.798888
vt 0.189102 0.827146
vt 0.282461 0.837803
vt 0.184783 0.835845
vt 0.285726 0.839103
vt 0.310659 0.843174
vt 0.299010 0.845924
vt 0.303921 0.845753
vt 0.307666 0.845096
vt 0.133857 0.969064
vt 0.133857 0.997218
vt 0.143633 0.969064
vt 0.143634 0.997218
vt 0.531065 0.629268
vt 0.531772 0.618439
vt 0.814265 0.989390
vt 0.814265 0.969435
vt 0.819101 0.989390
vt 0.819101 0.969435
vt 0.015422 0.440611
vt 0.013617 0.442360
vt 0.007870 0.445976
vt 0.012885 0.459207
vt 0.008009 0.454779
vt 0.005214 0.382906
vt 0.015458 0.382899
vt 0.015454 0.376632
vt 0.038058 0.376617
vt 0.038063 0.382885
vt 0.048082 0.382879
vt 0.048378 0.472506
vt 0.051034 0.475582
vt 0.002837 0.475852
vt 0.005489 0.472773
vt 0.355785 0.957963
vt 0.350520 0.952362
vt 0.370559 0.970896
vt 0.453004 0.970554
vt 0.371584 0.973225
vt 0.452960 0.973219
vt 0.542805 0.667326
vt 0.549269 0.671073
vt 0.542805 0.674790
vt 0.549269 0.678507
vt 0.542805 0.682254
vt 0.536342 0.678507
vt 0.536342 0.671073
vt 0.486502 0.285230
vt 0.475019 0.303640
vt 0.475028 0.295219
vt 0.613221 0.810810
vt 0.613221 0.787890
vt 0.613221 0.786605
vt 0.282676 0.848633
vt 0.439522 0.982750
vt 0.473645 0.982745
vt 0.472749 0.985664
vt 0.438986 0.985703
vt 0.435056 0.982387
vt 0.434839 0.985037
vt 0.428772 0.982148
vt 0.428746 0.985097
vt 0.422542 0.982280
vt 0.422696 0.984961
vt 0.418231 0.982670
vt 0.418631 0.985528
vt 0.384788 0.982563
vt 0.385189 0.985581
vt 0.380510 0.983478
vt 0.381150 0.986107
vt 0.374408 0.985457
vt 0.375438 0.988134
vt 0.368263 0.988181
vt 0.369603 0.990435
vt 0.363642 0.990364
vt 0.366191 0.993255
vt 0.471426 0.988556
vt 0.438244 0.988460
vt 0.434541 0.987990
vt 0.428700 0.987971
vt 0.376573 0.990755
vt 0.439249 0.976831
vt 0.472551 0.976884
vt 0.473265 0.979786
vt 0.439464 0.979735
vt 0.435202 0.976910
vt 0.435137 0.979771
vt 0.428770 0.976413
vt 0.428770 0.979240
vt 0.422248 0.976830
vt 0.422398 0.979665
vt 0.418017 0.976861
vt 0.418032 0.979738
vt 0.383759 0.977037
vt 0.384249 0.979747
vt 0.379256 0.978228
vt 0.379913 0.980951
vt 0.372649 0.980129
vt 0.373536 0.982778
vt 0.366877 0.982829
vt 0.367536 0.985690
vt 0.363554 0.983301
vt 0.363103 0.986581
vt 0.434316 0.990912
vt 0.428663 0.990822
vt 0.471067 0.991444
vt 0.437886 0.991251
vt 0.377638 0.993387
vt 0.440504 0.956978
vt 0.449004 0.956978
vt 0.449004 0.959508
vt 0.440457 0.959508
vt 0.439813 0.960007
vt 0.439813 0.956434
vt 0.438769 0.960289
vt 0.438769 0.956151
vt 0.437725 0.960007
vt 0.437725 0.956434
vt 0.436982 0.959264
vt 0.436982 0.957176
vt 0.436700 0.958220
vt 0.127068 0.572938
vt 0.124735 0.572540
vt 0.124089 0.570779
vt 0.129343 0.561795
vt 0.133544 0.564002
vt 0.130842 0.554808
vt 0.136849 0.555248
vt 0.130644 0.546836
vt 0.137205 0.546175
vt 0.128063 0.539792
vt 0.135099 0.537413
vt 0.123763 0.532250
vt 0.127374 0.531052
s 1
usemtl MP44
f 1/1/1 2/2/1 3/3/1
f 4/4/2 5/5/3 6/6/4
f 4/4/2 6/6/4 7/7/5
f 4/4/6 7/7/6 8/8/7
f 9/9/8 10/10/9 5/5/8
f 6/6/4 5/5/3 10/10/10
f 10/10/10 11/11/11 6/6/4
f 7/7/12 6/6/12 11/11/12
f 11/11/13 12/12/14 7/7/15
f 13/13/16 7/7/15 12/12/14
f 12/12/14 14/14/17 13/13/16
f 15/15/18 16/16/19 17/17/20
f 17/17/20 18/18/21 15/15/18
f 18/18/21 17/17/20 8/8/7
f 18/18/21 8/8/7 7/7/22
f 18/18/6 7/7/6 19/19/23
f 19/19/24 7/7/15 13/13/16
f 20/20/25 21/21/26 15/15/25
f 16/16/27 15/15/28 21/21/29
f 21/21/30 22/22/31 16/16/19
f 17/17/20 16/16/19 22/22/31
f 22/22/31 23/23/32 17/17/20
f 8/8/7 17/17/20 23/23/32
f 23/23/32 24/24/33 8/8/7
f 4/4/34 8/8/7 24/24/33
f 24/24/33 9/9/35 4/4/34
f 5/5/3 4/4/2 9/9/8
f 25/25/36 26/26/37 27/27/38
f 28/28/39 27/27/38 26/26/37
f 26/26/37 29/29/40 28/28/39
f 29/29/40 30/30/41 28/28/39
f 19/19/42 28/28/42 30/30/42
f 31/31/43 19/19/23 30/30/44
f 31/31/43 32/32/45 19/19/23
f 18/18/21 19/19/23 32/32/45
f 32/32/45 20/20/46 18/18/21
f 15/15/18 18/18/21 20/20/46
f 19/19/24 27/27/38 28/28/39
f 19/19/24 33/33/47 27/27/38
f 19/19/24 13/13/16 33/33/47
f 13/13/16 34/34/48 33/33/47
f 13/13/16 35/35/49 34/34/48
f 34/34/48 35/35/49 36/36/50
f 36/36/50 37/37/51 34/34/48
f 33/33/47 34/34/48 37/37/51
f 37/37/51 25/25/36 33/33/47
f 27/27/38 33/33/47 25/25/36
f 38/38/52 39/39/52 40/40/53
f 40/40/53 41/41/54 38/38/52
f 41/41/54 40/40/53 42/42/55
f 42/43/56 40/44/57 43/45/58
f 43/45/58 44/46/59 42/43/56
f 45/47/60 44/46/59 43/45/58
f 43/45/58 46/48/61 45/47/60
f 47/49/62 45/47/60 46/48/61
f 46/48/61 48/50/63 47/49/62
f 49/51/64 47/49/62 48/50/63
f 48/50/63 50/52/65 49/51/64
f 51/53/66 49/51/64 50/52/65
f 50/52/65 52/54/67 51/53/66
f 53/55/68 54/56/69 55/57/70
f 53/55/68 56/58/6 57/59/71
f 53/55/68 57/59/71 54/56/69
f 57/59/72 58/60/73 54/56/72
f 58/60/73 59/61/74 54/56/69
f 60/62/75 54/56/69 59/61/74
f 61/63/76 54/56/69 60/62/75
f 62/64/77 61/63/76 60/62/75
f 61/63/76 62/64/77 63/65/78
f 63/65/78 62/64/77 26/66/79
f 26/66/79 25/67/80 63/65/78
f 29/68/81 26/66/79 62/64/77
f 59/61/74 64/69/82 60/62/75
f 60/62/75 64/69/82 65/70/83
f 65/70/83 62/64/77 60/62/75
f 66/71/84 62/64/77 65/70/83
f 66/71/84 29/68/81 62/64/77
f 66/71/84 67/72/85 29/68/81
f 30/73/86 29/68/81 67/72/85
f 68/74/87 30/73/86 67/72/85
f 69/75/6 68/74/87 67/72/85
f 67/72/85 70/76/6 69/75/6
f 71/77/6 69/75/6 70/76/6
f 70/76/6 72/78/6 71/77/6
f 71/77/6 72/78/6 73/79/6
f 73/79/6 74/80/6 71/77/6
f 74/80/6 73/79/6 75/81/6
f 75/81/6 76/82/6 74/80/6
f 77/83/6 76/82/6 75/81/6
f 75/81/6 78/84/6 77/83/6
f 77/83/6 78/84/6 79/85/6
f 79/85/6 80/86/6 77/83/6
f 81/87/6 80/86/6 79/85/6
f 79/85/6 82/88/6 81/87/6
f 83/89/6 81/87/6 82/88/6
f 82/88/6 84/90/6 83/89/6
f 85/91/6 83/89/6 84/90/6
f 84/90/6 86/92/6 85/91/6
f 87/93/6 85/91/6 86/92/6
f 86/92/6 88/94/6 87/93/6
f 53/55/68 87/93/6 88/94/6
f 88/94/6 56/58/6 53/55/68
f 89/95/88 90/96/89 91/97/90
f 91/97/90 90/96/89 51/98/91
f 51/98/91 92/99/92 91/97/90
f 51/98/91 52/100/93 92/99/92
f 42/42/94 93/101/94 41/41/94
f 40/44/95 39/102/96 94/103/97
f 94/103/97 43/45/98 40/44/95
f 46/48/98 43/45/98 94/103/97
f 94/103/97 95/104/98 46/48/98
f 48/50/98 46/48/98 95/104/98
f 95/104/98 96/105/98 48/50/98
f 50/52/99 48/50/98 96/105/98
f 96/105/98 97/106/100 50/52/99
f 52/54/101 50/52/99 97/106/100
f 97/106/100 92/107/102 52/54/101
f 98/108/103 90/109/104 89/110/105
f 89/110/105 99/111/106 98/108/103
f 98/108/103 99/111/106 100/112/107
f 100/112/107 101/113/108 98/108/103
f 101/113/108 100/112/107 102/114/109
f 102/114/109 103/115/110 101/113/108
f 103/115/110 102/114/109 104/116/111
f 104/116/111 105/117/112 103/115/110
f 105/117/112 104/116/111 41/118/113
f 41/118/113 93/119/114 105/117/112
f 93/120/115 42/121/115 44/122/116
f 44/122/116 105/123/117 93/120/115
f 105/123/117 44/122/116 45/124/118
f 45/124/118 103/125/118 105/123/117
f 101/126/119 103/125/118 45/124/118
f 45/124/118 47/127/119 101/126/119
f 101/126/119 47/127/119 49/128/120
f 49/128/120 98/129/121 101/126/119
f 98/129/121 49/128/120 51/130/122
f 51/130/122 90/131/122 98/129/121
f 106/132/123 91/133/124 92/134/124
f 92/134/124 97/135/123 106/132/123
f 106/132/123 97/135/123 96/136/125
f 96/136/125 107/137/125 106/132/123
f 108/138/126 107/137/125 96/136/125
f 96/136/125 95/139/126 108/138/126
f 108/138/126 95/139/126 94/140/127
f 94/140/127 109/141/128 108/138/126
f 109/141/128 94/140/127 39/142/129
f 39/142/129 38/143/129 109/141/128
f 110/144/98 111/145/98 112/146/98
f 112/146/98 113/147/98 110/144/98
f 114/148/130 115/149/130 116/150/130
f 116/150/130 117/151/130 114/148/130
f 118/152/6 119/153/6 120/154/6
f 120/154/6 121/155/6 118/152/6
f 122/156/98 123/157/98 124/158/98
f 124/158/98 125/159/98 122/156/98
f 126/160/131 122/156/132 125/159/131
f 125/159/131 127/161/133 126/160/131
f 128/162/98 129/163/98 130/164/98
f 130/164/98 131/165/98 128/162/98
f 132/166/98 131/165/98 130/164/98
f 133/167/98 132/166/98 130/164/98
f 133/167/98 134/168/98 132/166/98
f 132/166/98 134/168/98 135/169/98
f 135/169/98 136/170/98 132/166/98
f 137/171/6 138/172/6 139/173/6
f 139/173/6 140/174/6 137/171/6
f 141/175/6 137/171/6 140/174/6
f 141/175/6 140/174/6 142/176/6
f 141/175/6 142/176/6 143/177/6
f 143/177/6 142/176/6 144/178/6
f 144/178/6 145/179/6 143/177/6
f 129/180/134 128/181/134 139/182/134
f 139/182/134 138/183/134 129/180/134
f 137/184/135 141/185/135 133/186/135
f 133/186/135 130/187/135 137/184/135
f 141/188/136 143/189/136 134/190/136
f 134/190/136 133/191/136 141/188/136
f 143/192/137 145/193/137 135/194/137
f 135/194/137 134/195/137 143/192/137
f 145/193/138 144/196/138 136/197/138
f 136/197/138 135/194/138 145/193/138
f 144/196/139 142/198/139 132/199/139
f 132/199/139 136/197/139 144/196/139
f 140/200/140 139/182/141 128/181/141
f 128/181/141 131/201/142 140/200/140
f 142/198/143 140/200/140 131/201/142
f 131/201/142 132/199/143 142/198/143
f 109/202/144 38/203/145 41/118/146
f 41/118/146 104/116/147 109/202/144
f 109/202/144 104/116/147 102/114/6
f 102/114/6 108/204/6 109/202/144
f 108/204/6 102/114/6 100/112/6
f 100/112/6 107/205/6 108/204/6
f 107/205/6 100/112/6 99/111/148
f 99/111/148 106/206/149 107/205/6
f 91/207/150 106/206/149 99/111/148
f 99/111/148 89/110/151 91/207/150
f 118/208/152 146/209/153 147/210/154
f 118/208/152 121/211/155 123/212/156
f 118/208/152 123/212/156 146/209/153
f 123/212/156 122/213/157 146/209/153
f 122/213/157 126/214/158 146/209/153
f 126/214/158 148/215/159 146/209/153
f 138/183/160 137/184/160 130/187/160
f 130/187/160 129/180/160 138/183/160
f 149/216/161 150/217/161 151/218/161
f 149/216/161 151/218/161 152/219/161
f 151/218/161 153/220/161 152/219/161
f 149/216/161 152/219/161 154/221/161
f 155/222/162 156/223/162 157/224/162
f 155/222/162 157/224/162 158/225/162
f 157/224/162 159/226/162 158/225/162
f 155/222/162 158/225/162 160/227/162
f 153/228/163 161/229/163 162/230/163
f 162/230/163 152/231/163 153/228/163
f 151/218/164 163/232/164 161/229/164
f 161/229/164 153/228/164 151/218/164
f 150/217/165 164/233/165 163/232/165
f 163/232/165 151/218/165 150/217/165
f 149/234/166 165/235/166 164/233/166
f 164/233/166 150/217/166 149/234/166
f 162/236/167 161/237/168 163/232/169
f 162/236/167 163/232/169 165/238/170
f 163/232/169 164/233/162 165/238/170
f 162/236/167 165/238/170 166/239/171
f 167/240/172 168/241/173 169/242/174
f 167/240/172 169/242/174 170/243/175
f 169/242/174 171/244/161 170/243/175
f 167/240/172 170/243/175 172/245/176
f 155/246/163 160/247/163 172/248/163
f 172/248/163 170/249/163 155/246/163
f 156/223/164 155/246/164 170/249/164
f 170/249/164 171/244/164 156/223/164
f 157/224/165 156/223/165 171/244/165
f 171/244/165 169/242/165 157/224/165
f 159/250/166 157/224/166 169/242/166
f 169/242/166 168/251/166 159/250/166
f 160/252/177 158/253/177 154/254/177
f 154/254/177 152/255/177 160/252/177
f 173/256/155 174/257/155 175/258/155
f 175/258/155 176/259/155 173/256/155
f 177/260/178 178/261/178 179/262/178
f 179/262/178 180/263/178 177/260/178
f 177/260/179 180/263/179 181/264/179
f 181/264/179 182/265/179 177/260/179
f 183/266/161 184/267/161 182/265/161
f 182/265/161 181/264/161 183/266/161
f 185/268/180 186/269/181 178/270/182
f 178/270/182 187/271/183 185/268/180
f 178/270/182 177/272/184 187/271/183
f 177/272/184 188/273/185 187/271/183
f 188/273/185 177/272/184 182/274/186
f 188/273/185 182/274/186 184/275/187
f 188/273/185 184/275/187 189/276/188
f 189/276/188 184/275/187 190/277/189
f 190/277/189 191/278/190 189/276/188
f 191/278/190 190/277/189 186/269/181
f 186/269/181 185/268/180 191/278/190
f 187/279/191 192/280/192 193/281/193
f 185/282/194 187/279/191 193/281/193
f 193/281/193 194/283/195 185/282/194
f 185/282/194 194/283/195 195/284/196
f 195/284/196 191/285/197 185/282/194
f 187/271/198 188/273/199 196/286/200
f 188/273/199 197/287/201 196/286/200
f 197/287/201 188/273/199 198/288/202
f 198/288/202 199/289/202 197/287/201
f 200/290/203 199/289/202 198/288/202
f 198/288/202 201/291/204 200/290/203
f 200/290/203 201/291/204 202/292/205
f 201/291/204 193/293/206 202/292/205
f 203/294/207 204/295/208 205/296/208
f 205/296/208 206/297/209 203/294/207
f 207/298/210 203/294/207 206/297/209
f 206/297/209 208/299/211 207/298/210
f 209/300/98 207/298/210 208/299/211
f 208/299/211 202/292/205 209/300/98
f 202/292/205 193/293/206 209/300/98
f 193/293/206 210/301/212 209/300/98
f 211/302/213 210/301/212 193/293/206
f 193/293/206 192/303/214 211/302/213
f 212/304/215 211/302/213 192/303/214
f 192/303/214 187/271/198 212/304/215
f 212/304/215 187/271/198 213/305/216
f 187/271/198 196/286/200 213/305/216
f 196/286/200 214/306/217 213/305/216
f 214/306/217 196/286/200 215/307/218
f 215/307/218 216/308/219 214/306/217
f 215/307/218 217/309/220 216/308/219
f 216/308/219 217/309/220 218/310/221
f 219/311/222 218/310/221 217/309/220
f 220/312/223 221/313/224 222/314/225
f 222/314/225 223/315/226 220/312/223
f 220/312/223 223/315/226 224/316/227
f 224/316/227 225/317/228 220/312/223
f 215/307/218 225/317/228 224/316/227
f 224/316/227 217/309/220 215/307/218
f 219/311/222 217/309/220 226/318/229
f 226/318/229 217/309/220 224/316/227
f 224/316/227 227/319/230 226/318/229
f 228/320/231 227/319/230 224/316/227
f 224/316/227 223/315/226 228/320/231
f 229/321/232 228/320/231 223/315/226
f 223/315/226 222/314/225 229/321/232
f 229/321/232 222/314/225 230/322/233
f 230/322/233 222/314/225 221/313/224
f 221/313/224 231/323/234 230/322/233
f 230/322/233 231/323/234 232/324/235
f 233/325/236 234/326/237 235/327/238
f 235/327/238 236/328/239 233/325/236
f 233/325/236 236/328/239 237/329/240
f 237/329/240 238/330/241 233/325/236
f 238/330/241 237/329/240 239/331/242
f 232/324/235 238/330/241 239/331/242
f 239/331/242 240/332/243 232/324/235
f 240/332/243 241/333/244 232/324/235
f 232/324/235 241/333/244 230/322/233
f 242/334/245 230/322/233 241/333/244
f 230/322/233 242/334/245 229/321/232
f 240/332/243 243/335/246 241/333/244
f 244/336/247 241/333/244 243/335/246
f 241/333/244 244/336/247 242/334/245
f 243/335/246 245/337/248 244/336/247
f 233/338/249 238/339/250 246/340/251
f 233/338/249 246/340/251 247/341/252
f 196/342/162 197/343/253 247/341/252
f 247/341/252 197/343/253 233/338/249
f 248/344/254 233/338/249 197/343/253
f 248/344/254 234/345/255 233/338/249
f 248/344/254 249/346/256 234/345/255
f 234/345/255 249/346/256 250/347/257
f 250/347/257 251/348/258 234/345/255
f 252/349/162 251/348/258 250/347/257
f 250/347/257 253/350/162 252/349/162
f 254/351/162 252/349/162 253/350/162
f 248/344/254 197/343/253 199/352/162
f 253/350/162 255/353/162 254/351/162
f 254/351/162 255/353/162 256/354/162
f 256/354/162 257/355/162 254/351/162
f 257/355/162 256/354/162 258/356/162
f 258/356/162 205/357/162 257/355/162
f 206/358/162 205/357/162 258/356/162
f 258/356/162 259/359/162 206/358/162
f 206/358/162 259/359/162 260/360/162
f 260/360/162 208/361/162 206/358/162
f 208/361/162 260/360/162 261/362/162
f 261/362/162 202/363/162 208/361/162
f 202/363/162 261/362/162 262/364/162
f 262/364/162 200/365/162 202/363/162
f 199/352/162 200/365/162 262/364/162
f 262/364/162 263/366/162 199/352/162
f 238/339/250 232/367/259 246/340/251
f 264/368/259 246/340/251 232/367/259
f 232/367/259 231/369/260 264/368/259
f 231/369/260 221/370/259 264/368/259
f 264/368/259 221/370/259 220/371/261
f 265/372/162 264/368/259 220/371/261
f 220/371/261 225/373/262 265/372/162
f 225/373/262 215/374/162 265/372/162
f 215/374/162 196/342/162 265/372/162
f 247/341/252 265/372/162 196/342/162
f 211/375/162 212/376/162 213/377/263
f 213/377/263 210/378/162 211/375/162
f 210/378/162 213/377/263 266/379/264
f 266/379/264 213/377/263 214/380/265
f 266/379/264 209/381/162 210/378/162
f 267/382/266 239/383/265 237/384/263
f 267/382/266 237/384/263 268/385/162
f 235/386/162 268/385/162 237/384/263
f 237/384/263 236/387/259 235/386/162
f 268/385/162 269/388/162 267/382/266
f 270/389/267 271/390/268 272/391/269
f 271/390/268 270/389/267 273/392/270
f 273/392/270 274/393/271 271/390/268
f 274/393/271 245/394/272 271/390/268
f 272/391/269 271/390/268 245/394/272
f 245/394/272 243/395/273 272/391/269
f 272/391/269 243/395/273 240/396/274
f 275/397/275 276/398/276 277/399/277
f 278/400/278 277/399/277 276/398/276
f 276/398/276 279/401/279 278/400/278
f 278/400/278 279/401/279 273/392/270
f 278/400/278 273/392/270 280/402/280
f 273/392/270 270/389/267 280/402/280
f 280/402/280 270/389/267 281/403/281
f 272/391/269 281/403/281 270/389/267
f 282/404/282 281/403/281 272/391/269
f 272/391/269 240/396/274 282/404/282
f 240/396/274 267/382/283 282/404/282
f 240/396/274 239/405/284 267/382/283
f 267/382/283 269/388/285 283/406/286
f 267/382/283 283/406/286 282/404/282
f 281/403/281 282/404/282 283/406/286
f 281/403/281 283/406/286 284/407/287
f 281/403/281 284/407/287 280/402/280
f 285/408/288 286/409/289 275/397/275
f 275/397/275 277/399/277 285/408/288
f 285/408/288 277/399/277 287/410/290
f 287/410/290 277/399/277 278/400/278
f 288/411/291 287/410/290 278/400/278
f 288/411/291 278/400/278 280/402/280
f 288/411/291 280/402/280 289/412/292
f 289/412/292 280/402/280 284/407/287
f 284/407/287 290/413/293 289/412/292
f 290/413/293 284/407/287 283/406/286
f 291/414/294 292/415/295 287/410/290
f 287/410/290 292/415/295 285/408/288
f 293/416/296 294/417/297 295/418/298
f 294/417/297 293/416/296 291/414/294
f 291/414/294 296/419/299 294/417/297
f 287/410/290 296/419/299 291/414/294
f 296/419/299 287/410/290 288/411/291
f 296/419/299 288/411/291 289/412/292
f 296/419/299 289/412/292 294/417/297
f 294/417/297 289/412/292 290/413/293
f 290/413/293 295/418/298 294/417/297
f 295/418/298 290/413/293 297/420/300
f 297/420/300 298/421/301 295/418/298
f 283/406/286 297/420/300 290/413/293
f 297/420/300 283/406/286 269/388/285
f 269/388/285 299/422/302 297/420/300
f 298/421/301 297/420/300 299/422/302
f 299/422/302 300/423/303 298/421/301
f 298/421/301 300/423/303 204/424/304
f 204/424/304 301/425/305 298/421/301
f 298/421/301 301/425/305 302/426/306
f 302/426/306 295/418/298 298/421/301
f 295/418/298 302/426/306 293/416/296
f 186/427/307 190/428/307 303/429/307
f 303/429/307 304/430/307 186/427/307
f 178/261/162 186/427/162 304/430/162
f 304/430/162 179/262/162 178/261/162
f 305/431/308 306/432/309 307/433/310
f 306/432/309 305/431/308 308/434/311
f 309/435/312 310/436/313 311/437/314
f 312/438/315 311/437/314 310/436/313
f 312/438/315 310/436/313 313/439/316
f 314/440/317 312/438/315 313/439/316
f 305/431/308 314/440/317 313/439/316
f 305/431/308 315/441/318 314/440/317
f 307/433/310 315/441/318 305/431/308
f 307/433/310 316/442/319 315/441/318
f 315/441/318 316/442/319 286/443/320
f 286/443/320 285/444/321 315/441/318
f 314/440/317 315/441/318 285/444/321
f 285/444/321 292/445/322 314/440/317
f 314/440/317 292/445/322 291/446/323
f 291/446/323 312/438/315 314/440/317
f 311/437/314 312/438/315 291/446/323
f 291/446/323 293/447/324 311/437/314
f 317/448/325 311/437/314 293/447/324
f 293/447/324 302/449/326 317/448/325
f 318/450/327 317/448/325 302/449/326
f 302/449/326 301/451/328 318/450/327
f 311/437/314 317/448/325 309/435/312
f 319/452/329 320/453/330 310/436/313
f 310/436/313 309/435/312 319/452/329
f 321/454/331 319/452/329 309/435/312
f 309/435/312 322/455/332 321/454/331
f 322/455/332 309/435/312 317/448/325
f 317/448/325 318/450/327 322/455/332
f 318/450/327 301/451/328 204/456/208
f 204/456/208 203/457/207 318/450/327
f 322/455/332 318/450/327 203/457/207
f 203/457/207 207/458/210 322/455/332
f 322/455/332 207/458/210 209/381/333
f 209/381/333 321/454/331 322/455/332
f 321/454/331 209/381/333 266/379/334
f 323/459/335 321/454/331 266/379/334
f 323/459/335 266/379/334 216/460/336
f 324/461/337 323/459/335 216/460/336
f 216/460/336 266/379/334 214/462/338
f 320/453/330 319/452/329 325/463/339
f 325/463/339 319/452/329 321/454/331
f 325/463/339 321/454/331 323/459/335
f 323/459/335 324/461/337 325/463/339
f 326/464/340 325/463/339 324/461/337
f 324/461/337 327/465/341 326/464/340
f 325/463/339 326/464/340 320/453/330
f 324/461/337 216/460/336 218/466/342
f 324/461/337 218/466/342 219/467/343
f 219/467/343 327/465/341 324/461/337
f 327/465/341 219/467/343 328/468/344
f 327/465/341 328/468/344 308/434/311
f 308/434/311 326/464/340 327/465/341
f 305/431/308 326/464/340 308/434/311
f 305/431/308 320/453/330 326/464/340
f 305/431/308 313/439/316 320/453/330
f 313/439/316 310/436/313 320/453/330
f 329/469/345 330/470/346 331/471/347
f 332/472/347 333/473/347 329/469/345
f 329/469/345 334/474/348 332/472/347
f 329/469/345 331/471/347 334/474/348
f 331/471/347 335/475/349 334/474/348
f 306/476/350 336/477/351 316/478/352
f 306/476/350 316/478/352 307/479/353
f 328/480/354 337/481/355 338/482/356
f 328/480/354 338/482/356 308/483/357
f 338/482/356 339/484/358 308/483/357
f 306/476/350 308/483/357 339/484/358
f 339/484/358 340/485/359 306/476/350
f 306/476/350 340/485/359 336/477/351
f 340/485/359 341/486/360 336/477/351
f 340/485/359 342/487/361 341/486/360
f 342/487/361 343/488/362 341/486/360
f 343/488/362 342/487/361 344/489/363
f 344/489/363 345/490/364 343/488/362
f 346/491/365 345/490/364 344/489/363
f 344/489/363 347/492/366 346/491/365
f 346/491/365 347/492/366 348/493/367
f 348/493/367 347/492/366 338/482/356
f 338/482/368 347/492/368 344/489/368
f 344/489/363 339/484/358 338/482/356
f 339/484/358 344/489/363 342/487/361
f 342/487/361 340/485/359 339/484/358
f 349/494/369 350/495/370 351/496/371
f 351/496/371 352/497/372 349/494/369
f 352/497/372 351/496/371 353/498/373
f 353/498/373 354/499/374 352/497/372
f 346/491/365 354/499/374 353/498/373
f 346/491/365 355/500/375 354/499/374
f 346/491/365 348/493/367 355/500/375
f 356/501/376 355/500/375 348/493/367
f 356/501/376 348/493/367 357/502/377
f 356/501/376 357/502/377 358/503/378
f 358/503/378 357/502/377 359/504/379
f 359/504/379 360/505/380 358/503/378
f 361/506/381 362/507/382 363/508/383
f 364/509/384 363/508/383 362/507/382
f 364/509/384 348/493/367 363/508/383
f 364/509/384 365/510/385 348/493/367
f 348/493/367 365/510/385 357/502/377
f 357/502/377 365/510/385 366/511/386
f 357/502/377 366/511/386 367/512/387
f 368/513/388 357/502/377 367/512/387
f 368/513/388 359/504/379 357/502/377
f 369/514/389 359/504/379 368/513/388
f 360/505/380 359/504/379 369/514/389
f 369/514/389 370/515/390 360/505/380
f 371/516/391 370/515/390 369/514/389
f 368/513/388 372/517/392 369/514/389
f 362/507/382 365/510/385 364/509/384
f 366/511/386 365/510/385 362/507/382
f 373/518/393 369/514/389 372/517/392
f 369/514/389 373/518/393 371/516/391
f 371/516/391 373/518/393 374/519/394
f 374/519/394 375/520/395 371/516/391
f 376/521/396 375/520/395 374/519/394
f 374/519/394 377/522/397 376/521/396
f 378/523/398 376/521/396 377/522/397
f 377/522/397 379/524/399 378/523/398
f 379/524/399 377/522/397 380/525/400
f 380/525/400 381/526/401 379/524/399
f 380/525/400 377/522/397 374/519/394
f 374/519/394 382/527/402 380/525/400
f 382/527/402 374/519/394 373/518/393
f 373/518/393 383/528/403 382/527/402
f 372/517/392 383/528/403 373/518/393
f 378/523/398 379/524/399 384/529/404
f 384/529/404 385/530/405 378/523/398
f 386/531/406 385/530/405 384/529/404
f 384/529/404 387/532/407 386/531/406
f 387/532/407 384/529/404 388/533/408
f 381/526/401 388/533/408 384/529/404
f 384/529/404 379/524/399 381/526/401
f 229/534/409 242/535/410 389/536/411
f 390/537/412 389/536/411 242/535/410
f 242/535/410 244/538/413 390/537/412
f 245/539/414 390/537/412 244/538/413
f 245/539/414 381/540/415 390/537/412
f 245/539/414 388/533/408 381/540/415
f 388/533/408 245/539/414 391/541/416
f 388/533/408 391/541/416 387/532/407
f 392/542/417 387/532/407 391/541/416
f 386/531/406 387/532/407 392/542/417
f 390/537/412 381/526/401 380/525/400
f 380/525/400 393/543/418 390/537/412
f 393/543/418 389/536/411 390/537/412
f 394/544/419 389/536/411 393/543/418
f 389/536/411 394/544/419 229/534/409
f 229/534/409 394/544/419 228/545/420
f 227/546/421 228/545/420 394/544/419
f 394/544/419 395/547/422 227/546/421
f 226/548/423 227/546/421 395/547/422
f 395/547/422 396/549/424 226/548/423
f 393/543/418 397/550/425 394/544/419
f 394/544/419 397/550/425 398/551/426
f 398/551/426 395/547/422 394/544/419
f 396/549/424 395/547/422 398/551/426
f 399/552/427 398/551/426 368/513/388
f 398/551/426 399/552/427 400/553/428
f 400/553/428 396/549/424 398/551/426
f 400/553/428 401/554/429 396/549/424
f 400/553/428 402/555/430 401/554/429
f 403/556/431 226/548/423 396/549/424
f 396/549/424 401/554/429 403/556/431
f 403/556/431 401/554/429 404/557/432
f 404/557/432 401/554/429 402/555/430
f 402/555/430 405/558/433 404/557/432
f 405/558/433 402/555/430 406/559/434
f 405/558/433 406/559/434 407/560/435
f 407/560/435 406/559/434 399/552/427
f 399/552/427 408/561/436 407/560/435
f 368/513/388 408/561/436 399/552/427
f 405/558/433 407/560/435 409/562/437
f 403/556/431 404/557/432 219/563/438
f 404/557/432 410/564/439 219/563/438
f 410/564/439 404/557/432 405/558/433
f 368/513/388 411/565/440 408/561/436
f 368/513/388 367/512/387 411/565/440
f 411/565/440 367/512/387 361/506/381
f 361/506/381 409/562/437 411/565/440
f 409/562/437 361/506/381 363/508/383
f 405/558/433 409/562/437 363/508/383
f 405/558/433 363/508/383 348/493/367
f 405/558/433 348/493/367 410/564/439
f 338/482/356 410/564/439 348/493/367
f 338/482/356 337/481/355 410/564/439
f 412/566/441 167/567/442 172/568/443
f 172/568/443 413/569/444 412/566/441
f 414/570/161 412/566/441 413/569/444
f 413/569/444 415/571/161 414/570/161
f 416/572/161 414/570/161 415/571/161
f 415/571/161 417/573/161 416/572/161
f 418/574/445 416/572/161 417/573/161
f 417/573/161 419/575/446 418/574/445
f 174/257/447 418/574/445 419/575/446
f 419/575/446 175/576/448 174/257/447
f 420/577/449 173/256/450 176/578/451
f 176/578/451 421/579/452 420/577/449
f 422/580/162 420/577/449 421/579/452
f 421/579/452 423/581/162 422/580/162
f 424/582/162 422/580/162 423/581/162
f 423/581/162 425/583/162 424/582/162
f 426/584/453 424/582/162 425/583/162
f 425/583/162 427/585/453 426/584/453
f 166/586/171 426/584/453 427/585/453
f 427/585/453 162/587/167 166/586/171
f 162/588/454 427/589/455 152/590/454
f 176/591/6 175/592/6 419/593/456
f 419/593/456 421/594/457 176/591/6
f 421/594/457 419/593/456 417/595/458
f 417/595/458 423/596/458 421/594/457
f 425/597/459 423/596/458 417/595/458
f 417/595/458 415/598/460 425/597/459
f 427/589/455 425/597/459 415/598/460
f 415/598/460 413/599/461 427/589/455
f 152/590/454 427/589/455 413/599/461
f 413/599/461 160/600/454 152/590/454
f 413/599/461 172/601/454 160/600/454
f 304/602/462 303/603/463 195/604/464
f 428/605/465 195/604/464 303/603/463
f 303/603/463 183/606/466 428/605/465
f 201/291/467 428/605/465 183/606/466
f 183/606/466 181/607/468 201/291/467
f 201/291/467 181/607/468 180/608/469
f 193/293/470 201/291/467 180/608/469
f 193/293/470 180/608/469 179/609/471
f 194/610/472 193/293/470 179/609/471
f 179/609/471 304/602/462 194/610/472
f 195/604/464 194/610/472 304/602/462
f 255/611/473 429/612/474 430/613/475
f 430/613/475 256/614/475 255/611/473
f 258/615/476 256/614/475 430/613/475
f 430/613/475 431/616/476 258/615/476
f 248/617/477 263/618/478 432/619/478
f 432/619/478 433/620/477 248/617/477
f 248/617/477 433/620/477 434/621/479
f 434/621/479 249/622/480 248/617/477
f 249/622/480 434/621/479 435/623/481
f 435/623/481 250/624/481 249/622/480
f 253/625/482 250/624/481 435/623/481
f 435/623/481 436/626/482 253/625/482
f 253/625/482 436/626/482 429/612/474
f 429/612/474 255/611/473 253/625/482
f 258/627/483 431/628/483 437/629/484
f 437/629/484 259/630/485 258/627/483
f 259/630/485 437/629/484 438/631/486
f 438/631/486 260/632/487 259/630/485
f 260/632/487 438/631/486 439/633/488
f 439/633/488 261/634/488 260/632/487
f 262/635/489 261/634/488 439/633/488
f 439/633/488 440/636/489 262/635/489
f 262/635/489 440/636/489 432/619/478
f 432/619/478 263/618/478 262/635/489
f 441/637/490 442/638/491 443/639/492
f 443/639/492 444/640/493 441/637/490
f 445/641/494 444/640/493 443/639/492
f 443/639/492 446/642/495 445/641/494
f 201/643/496 198/644/497 188/645/498
f 201/643/496 188/645/498 189/646/499
f 189/646/499 428/647/500 201/643/496
f 428/647/500 189/646/499 191/285/501
f 191/285/501 195/284/502 428/647/500
f 447/648/503 445/641/503 446/642/504
f 446/642/504 448/649/504 447/648/503
f 447/650/505 448/651/506 449/652/507
f 449/652/507 450/653/505 447/650/505
f 451/654/98 452/655/98 453/656/98
f 453/656/98 454/657/508 451/654/98
f 454/657/508 453/656/98 455/658/98
f 455/658/98 456/659/509 454/657/508
f 456/659/509 455/658/98 457/660/98
f 456/659/509 457/660/98 458/661/98
f 459/662/98 456/659/509 458/661/98
f 458/661/98 460/663/98 459/662/98
f 461/664/98 459/662/98 460/663/98
f 460/663/98 462/665/98 461/664/98
f 463/666/98 461/664/98 462/665/98
f 462/665/98 464/667/98 463/666/98
f 444/668/510 454/657/508 456/659/509
f 456/659/509 441/669/511 444/668/510
f 456/659/509 465/670/512 441/669/511
f 466/671/513 465/670/512 456/659/509
f 456/659/509 467/672/514 466/671/513
f 467/672/514 468/673/515 466/671/513
f 469/674/516 468/673/515 467/672/514
f 469/674/516 450/675/517 468/673/515
f 450/675/517 469/674/516 470/676/518
f 470/676/518 447/677/519 450/675/517
f 445/678/520 447/677/519 470/676/518
f 445/678/520 470/676/518 454/657/508
f 454/657/508 444/668/510 445/678/520
f 471/679/521 472/680/522 473/681/523
f 474/682/524 472/680/522 471/679/521
f 472/680/522 474/682/524 475/683/525
f 476/684/526 475/683/525 474/682/524
f 467/672/514 475/683/525 476/684/526
f 469/674/516 467/672/514 476/684/526
f 469/674/516 476/684/526 477/685/527
f 477/685/527 478/686/528 469/674/516
f 479/687/529 478/686/528 477/685/527
f 478/686/528 479/687/529 480/688/530
f 470/676/518 478/686/528 480/688/530
f 469/674/516 478/686/528 470/676/518
f 471/679/521 481/689/531 474/682/524
f 477/685/527 474/682/524 481/689/531
f 474/682/524 477/685/527 476/684/526
f 481/689/531 482/690/532 477/685/527
f 477/685/527 482/690/532 479/687/529
f 483/691/533 484/692/534 485/693/535
f 486/694/536 484/692/534 483/691/533
f 483/691/533 487/695/537 486/694/536
f 486/694/536 487/695/537 488/696/538
f 488/696/538 489/697/539 486/694/536
f 490/698/540 486/694/536 489/697/539
f 489/697/539 491/699/541 490/698/540
f 473/681/523 490/698/540 491/699/541
f 491/699/541 492/700/542 473/681/523
f 473/681/523 492/700/542 471/679/521
f 467/672/514 456/659/509 493/701/543
f 493/701/543 494/702/544 467/672/514
f 495/703/545 467/672/514 494/702/544
f 475/683/525 467/672/514 495/703/545
f 495/703/545 496/704/546 475/683/525
f 475/683/525 496/704/546 472/680/522
f 472/680/522 496/704/546 484/692/534
f 484/692/534 473/681/523 472/680/522
f 490/698/540 473/681/523 484/692/534
f 490/698/540 484/692/534 486/694/536
f 497/705/547 484/692/534 496/704/546
f 496/704/546 495/703/545 497/705/547
f 494/702/544 498/706/548 495/703/545
f 497/705/547 495/703/545 498/706/548
f 498/706/548 499/707/549 497/705/547
f 497/705/547 499/707/549 500/708/550
f 500/708/550 501/709/551 497/705/547
f 502/710/552 497/705/547 501/709/551
f 502/710/552 501/709/551 503/711/553
f 502/710/552 503/711/553 504/712/554
f 504/712/554 485/693/535 502/710/552
f 485/693/535 504/712/554 483/691/533
f 219/311/162 226/318/162 403/713/162
f 493/714/555 505/715/556 506/716/557
f 506/716/557 494/717/558 493/714/555
f 443/718/559 442/719/560 505/715/556
f 442/719/560 507/720/561 505/715/556
f 505/715/556 507/720/561 508/721/562
f 508/721/562 506/716/557 505/715/556
f 508/721/562 509/722/563 506/716/557
f 506/716/557 509/722/563 449/723/564
f 449/723/564 448/724/565 510/725/566
f 510/725/566 448/724/565 446/726/567
f 446/726/567 511/727/568 510/725/566
f 511/727/568 446/726/567 443/718/559
f 443/718/559 512/728/569 511/727/568
f 505/715/556 512/728/569 443/718/559
f 512/728/569 505/715/556 513/729/6
f 513/729/6 505/715/556 514/730/6
f 514/730/6 505/715/556 515/731/6
f 516/732/6 515/731/6 505/715/556
f 513/729/6 517/733/6 512/728/569
f 518/734/6 512/728/569 517/733/6
f 517/733/6 519/735/6 518/734/6
f 505/715/556 520/736/6 516/732/6
f 521/737/6 516/732/6 520/736/6
f 520/736/6 522/738/6 521/737/6
f 523/739/6 521/737/6 522/738/6
f 522/738/6 524/740/6 523/739/6
f 257/741/570 205/742/304 204/743/304
f 204/743/304 300/744/303 257/741/570
f 254/745/571 257/741/570 300/744/303
f 300/744/303 299/746/302 254/745/571
f 252/747/572 254/745/571 299/746/302
f 299/746/302 269/748/573 252/747/572
f 251/749/574 252/747/572 269/748/573
f 269/748/573 268/750/575 251/749/574
f 234/326/237 251/749/574 268/750/575
f 268/750/575 235/327/238 234/326/237
f 328/468/162 219/467/162 410/751/162
f 455/752/576 453/753/577 525/754/578
f 526/755/579 525/754/578 453/753/577
f 453/753/577 452/756/580 526/755/579
f 526/755/579 452/756/580 451/757/581
f 451/757/581 527/758/582 526/755/579
f 528/759/583 527/758/582 451/757/581
f 451/757/581 454/760/584 528/759/583
f 517/761/585 525/754/578 526/755/579
f 526/755/579 519/762/586 517/761/585
f 519/762/586 526/755/579 527/758/582
f 527/758/582 518/763/587 519/762/586
f 512/764/588 518/763/587 527/758/582
f 527/758/582 528/759/583 512/764/588
f 512/764/588 528/759/583 480/765/589
f 480/765/589 528/759/583 454/760/584
f 454/760/584 470/766/590 480/765/589
f 480/765/589 511/767/591 512/764/588
f 517/761/585 513/768/592 529/769/593
f 529/769/593 513/768/592 514/770/594
f 514/770/594 530/771/595 529/769/593
f 530/771/595 514/770/594 515/772/596
f 521/773/597 531/774/598 532/775/599
f 532/775/599 516/776/600 521/773/597
f 515/772/596 516/776/600 532/775/599
f 532/775/599 533/777/601 515/772/596
f 515/772/596 533/777/601 530/771/595
f 457/778/602 530/771/595 533/777/601
f 530/771/595 457/778/602 455/752/576
f 455/752/576 529/769/593 530/771/595
f 525/754/578 529/769/593 455/752/576
f 529/769/593 525/754/578 517/761/585
f 532/775/599 531/774/598 462/779/603
f 462/779/603 460/780/604 532/775/599
f 533/777/601 532/775/599 460/780/604
f 460/780/604 458/781/605 533/777/601
f 533/777/601 458/781/605 457/778/602
f 464/782/606 462/779/603 531/774/598
f 531/774/598 534/783/607 464/782/606
f 463/784/608 464/782/606 534/783/607
f 534/783/607 535/785/609 463/784/608
f 461/786/610 463/784/608 535/785/609
f 535/785/609 536/787/611 461/786/610
f 459/788/612 461/786/610 536/787/611
f 536/787/611 537/789/613 459/788/612
f 537/789/613 456/790/614 459/788/612
f 537/789/613 493/791/615 456/790/614
f 537/789/613 505/792/616 493/791/615
f 537/789/613 520/793/617 505/792/616
f 520/793/617 537/789/613 536/787/611
f 536/787/611 522/794/618 520/793/617
f 522/794/618 536/787/611 535/785/609
f 535/785/609 524/795/619 522/794/618
f 524/795/619 535/785/609 534/783/607
f 534/783/607 523/796/620 524/795/619
f 523/796/620 534/783/607 531/774/598
f 531/774/598 521/773/597 523/796/620
f 337/797/161 328/468/161 410/751/161
f 538/798/621 539/799/622 540/800/621
f 540/800/621 541/801/623 538/798/621
f 542/802/624 543/803/625 538/798/626
f 542/802/624 538/798/626 544/804/627
f 545/805/628 544/804/627 538/798/626
f 538/798/626 546/806/629 545/805/628
f 545/805/628 546/806/629 547/807/630
f 547/807/630 546/806/629 548/808/631
f 541/801/632 548/808/631 546/806/629
f 546/806/629 538/798/626 541/801/632
f 489/809/633 543/803/625 542/802/624
f 542/802/624 491/810/634 489/809/633
f 491/810/634 542/802/624 544/804/627
f 544/804/627 492/811/635 491/810/634
f 471/812/636 492/811/635 544/804/627
f 544/804/627 545/805/628 471/812/636
f 471/812/636 545/805/628 549/813/637
f 547/807/630 549/813/637 545/805/628
f 549/813/637 547/807/630 550/814/638
f 550/814/638 551/815/639 549/813/637
f 551/815/639 550/814/638 510/725/566
f 510/725/566 552/816/640 551/815/639
f 510/725/566 511/727/568 552/816/640
f 511/727/568 480/817/641 552/816/640
f 552/816/640 480/817/641 479/818/642
f 551/815/639 552/816/640 479/818/642
f 479/818/642 482/819/643 551/815/639
f 551/815/639 482/819/643 481/820/644
f 481/820/644 549/813/637 551/815/639
f 549/813/637 481/820/644 471/812/636
f 510/725/566 550/814/638 449/723/564
f 449/723/564 550/814/638 547/807/630
f 506/716/557 449/723/564 547/807/630
f 548/808/631 506/716/557 547/807/630
f 494/717/558 506/716/557 548/808/631
f 548/808/631 498/821/645 494/717/558
f 498/821/645 548/808/631 541/801/632
f 541/801/632 499/822/646 498/821/645
f 500/823/647 499/822/646 541/801/632
f 541/801/632 553/824/648 500/823/647
f 540/800/649 553/824/648 541/801/632
f 540/800/649 554/825/650 553/824/648
f 555/826/651 554/825/650 540/800/649
f 540/800/649 539/799/652 555/826/651
f 556/827/653 555/826/651 539/799/652
f 539/799/652 538/798/626 556/827/653
f 557/828/654 556/827/653 538/798/626
f 538/798/626 543/803/625 557/828/654
f 488/829/655 557/828/654 543/803/625
f 543/803/625 489/809/633 488/829/655
f 274/393/161 558/830/161 559/831/161
f 559/831/161 391/832/161 274/393/161
f 274/393/161 391/832/161 245/394/161
f 484/692/656 497/705/657 502/710/656
f 502/710/656 485/693/658 484/692/656
f 560/833/659 561/834/660 562/835/661
f 560/833/659 563/836/662 561/834/660
f 560/833/659 564/837/663 563/836/662
f 565/838/664 563/836/662 564/837/663
f 564/837/663 566/839/665 565/838/664
f 566/839/665 564/837/663 567/840/666
f 568/841/667 566/839/665 567/840/666
f 569/842/668 566/839/665 568/841/667
f 563/836/662 565/838/664 570/843/669
f 571/844/670 572/845/671 573/846/162
f 572/845/671 574/847/672 573/846/162
f 574/847/672 575/848/673 573/846/162
f 575/848/673 576/849/674 573/846/162
f 576/849/674 577/850/675 573/846/162
f 577/850/675 578/851/676 573/846/162
f 578/851/676 579/852/677 573/846/162
f 579/852/677 580/853/678 573/846/162
f 580/853/678 581/854/679 573/846/162
f 581/854/679 582/855/680 573/846/162
f 582/855/680 583/856/681 573/846/162
f 583/856/681 571/844/670 573/846/162
f 584/857/682 585/858/683 586/859/683
f 586/859/683 587/860/684 584/857/682
f 588/861/685 584/857/682 587/860/684
f 587/860/684 589/862/686 588/861/685
f 590/863/687 588/861/685 589/862/686
f 589/862/686 591/864/687 590/863/687
f 330/865/688 592/866/689 577/867/690
f 577/867/690 576/868/691 330/865/688
f 330/865/688 576/868/691 575/869/692
f 575/869/692 331/870/693 330/865/688
f 593/871/694 594/872/695 582/873/696
f 582/873/696 581/874/697 593/871/694
f 595/875/698 593/871/694 581/874/697
f 581/874/697 580/876/699 595/875/698
f 596/877/700 595/875/698 580/876/699
f 580/876/699 579/878/701 596/877/700
f 597/879/702 596/877/700 579/878/701
f 579/878/701 578/880/703 597/879/702
f 592/866/689 597/879/702 578/880/703
f 578/880/703 577/867/690 592/866/689
f 335/881/704 331/882/705 575/883/706
f 575/883/706 574/884/707 335/881/704
f 598/885/708 335/881/704 574/884/707
f 574/884/707 572/886/709 598/885/708
f 599/887/710 598/885/708 572/886/709
f 572/886/709 571/888/711 599/887/710
f 600/889/712 599/887/710 571/888/711
f 571/888/711 583/890/713 600/889/712
f 594/872/695 600/889/712 583/890/713
f 583/890/713 582/873/696 594/872/695
f 601/891/714 334/892/715 602/893/714
f 602/893/714 603/894/716 601/891/714
f 604/895/717 590/863/718 591/864/718
f 591/864/718 605/896/719 604/895/717
f 606/897/720 604/895/717 605/896/719
f 605/896/719 607/898/721 606/897/720
f 603/894/722 606/897/720 607/898/721
f 607/898/721 601/891/722 603/894/722
f 608/899/723 609/900/724 3/901/725
f 608/899/723 3/901/725 610/902/726
f 610/902/726 611/903/727 608/899/723
f 334/474/728 612/904/729 613/905/728
f 613/905/728 332/472/730 334/474/728
f 614/906/731 329/907/732 333/908/733
f 333/908/733 615/909/734 614/906/731
f 602/910/735 616/911/736 617/912/737
f 617/912/737 618/913/735 602/910/735
f 602/910/735 618/913/735 614/914/735
f 614/914/735 612/904/735 602/910/735
f 612/904/735 614/914/735 615/915/735
f 615/915/735 613/905/735 612/904/735
f 430/916/738 619/917/739 620/918/740
f 619/917/739 430/916/738 429/919/741
f 429/919/741 621/920/742 619/917/739
f 621/920/742 429/919/741 436/921/743
f 436/921/743 622/922/744 621/920/742
f 622/922/744 436/921/743 435/923/745
f 435/923/745 616/911/736 622/922/744
f 435/923/745 434/924/746 616/911/736
f 434/924/746 433/925/747 616/911/736
f 433/925/747 617/912/737 616/911/736
f 433/925/747 432/926/748 617/912/737
f 623/927/749 599/928/750 600/929/751
f 598/930/752 599/928/750 623/927/749
f 598/930/752 623/927/749 624/931/753
f 624/931/753 335/475/754 598/930/752
f 334/474/755 335/475/754 624/931/753
f 602/910/756 334/474/755 624/931/753
f 624/931/753 616/911/757 602/910/756
f 616/911/757 624/931/753 623/927/749
f 623/927/749 622/922/758 616/911/757
f 621/920/759 622/922/758 623/927/749
f 623/927/749 600/929/751 621/920/759
f 619/917/760 621/920/759 600/929/751
f 600/929/751 594/932/761 619/917/760
f 620/918/762 619/917/760 594/932/761
f 594/932/761 593/933/763 620/918/762
f 625/934/764 620/918/762 593/933/763
f 593/933/763 595/935/765 625/934/764
f 626/936/766 625/934/764 595/935/765
f 595/935/767 596/937/768 626/936/767
f 626/936/769 596/937/768 627/938/770
f 627/938/770 596/937/768 597/939/771
f 597/939/771 592/940/772 627/938/770
f 627/938/770 592/940/772 330/941/773
f 330/941/773 628/942/774 627/938/770
f 628/942/774 330/941/773 329/943/775
f 628/942/774 329/943/775 618/944/776
f 618/944/776 617/945/777 628/942/774
f 627/938/770 628/942/774 617/945/777
f 617/945/777 629/946/778 627/938/770
f 627/938/770 629/946/778 626/936/769
f 630/947/779 631/948/779 632/949/779
f 432/950/780 440/951/781 617/945/782
f 629/946/783 617/945/782 440/951/781
f 440/951/781 439/952/784 629/946/783
f 629/946/783 439/952/784 438/953/785
f 438/953/785 626/936/786 629/946/783
f 626/936/786 438/953/785 437/954/787
f 437/954/787 625/934/787 626/936/786
f 620/918/788 625/934/787 437/954/787
f 437/954/787 431/955/789 620/918/740
f 620/918/740 431/955/789 430/916/738
f 633/956/790 14/957/790 634/958/790
f 635/959/791 636/960/792 637/961/793
f 637/961/793 638/962/794 635/959/791
f 638/962/794 637/961/793 639/963/795
f 639/963/795 640/964/796 638/962/794
f 640/964/796 639/963/795 641/965/797
f 641/965/797 642/966/797 640/964/796
f 636/960/798 643/967/799 644/968/800
f 644/968/800 637/961/801 636/960/798
f 637/961/801 644/968/800 645/969/802
f 645/969/802 639/963/803 637/961/801
f 639/963/803 645/969/802 646/970/804
f 646/970/804 641/965/804 639/963/803
f 643/967/805 647/971/806 648/972/807
f 648/972/807 644/968/808 643/967/805
f 644/968/808 648/972/807 649/973/809
f 649/973/809 645/969/810 644/968/808
f 645/969/810 649/973/809 650/974/811
f 650/974/811 646/970/811 645/969/810
f 647/975/812 635/959/813 638/962/814
f 638/962/814 648/976/815 647/975/812
f 648/976/815 638/962/814 640/964/816
f 640/964/816 649/977/817 648/976/815
f 649/977/817 640/964/816 642/966/818
f 642/966/818 650/978/818 649/977/817
f 642/979/819 641/980/819 651/981/819
f 651/981/819 652/982/820 642/979/819
f 650/983/821 642/984/821 652/982/820
f 652/982/820 653/985/822 650/983/821
f 646/986/823 650/987/823 653/985/822
f 653/985/822 654/988/824 646/986/823
f 641/989/825 646/990/825 654/988/824
f 654/988/824 651/991/825 641/989/825
f 265/992/826 652/982/826 651/981/826
f 651/981/826 264/993/826 265/992/826
f 651/991/827 654/988/827 246/994/827
f 246/994/827 264/995/827 651/991/827
f 246/994/828 654/988/828 653/985/828
f 653/985/828 247/996/828 246/994/828
f 247/996/829 653/985/829 652/982/829
f 652/982/829 265/992/829 247/996/829
f 147/997/830 655/998/831 119/153/832
f 119/153/832 118/152/833 147/997/830
f 409/999/161 656/1000/161 657/1001/161
f 657/1001/161 411/1002/161 409/999/161
f 407/1003/834 658/1004/834 656/1005/834
f 656/1005/834 409/999/834 407/1003/834
f 659/1006/162 658/1004/162 407/1003/162
f 407/1003/162 408/1007/162 659/1006/162
f 659/1008/835 408/1009/835 411/1010/835
f 411/1010/835 657/1011/835 659/1008/835
f 659/1008/836 657/1011/836 656/1005/836
f 656/1005/836 658/1004/836 659/1008/836
f 362/1012/837 660/1013/838 661/1014/837
f 661/1014/837 366/1015/839 362/1012/837
f 361/1016/840 662/1017/841 660/1018/840
f 660/1018/840 362/1012/842 361/1016/840
f 406/1019/161 663/1020/161 664/1021/161
f 664/1021/161 399/1022/161 406/1019/161
f 402/1023/843 665/1024/844 663/1025/843
f 663/1025/843 406/1019/845 402/1023/843
f 666/1026/162 662/1017/162 361/1016/162
f 361/1016/162 367/1027/162 666/1026/162
f 666/1028/846 367/1029/846 366/1030/846
f 366/1030/846 661/1031/846 666/1028/846
f 666/1028/847 661/1031/847 660/1018/847
f 660/1018/847 662/1017/847 666/1028/847
f 667/1032/848 665/1024/849 402/1023/848
f 402/1023/848 400/1033/850 667/1032/848
f 667/1034/851 400/1035/851 399/1036/851
f 399/1036/851 664/1037/851 667/1034/851
f 667/1034/852 664/1037/852 663/1025/852
f 663/1025/852 665/1024/852 667/1034/852
f 286/1038/853 316/1039/854 336/1040/855
f 336/1040/855 668/1041/856 286/1038/853
f 668/1041/856 336/1040/855 341/1042/857
f 341/1042/857 669/1043/858 668/1041/856
f 669/1043/858 341/1042/857 670/1044/859
f 670/1044/859 671/1045/860 669/1043/858
f 671/1045/860 670/1044/859 672/1046/861
f 672/1046/861 673/1047/862 671/1045/860
f 672/1046/861 674/1048/863 673/1047/862
f 675/1049/864 676/1050/865 677/1051/865
f 677/1051/865 678/1052/866 675/1049/864
f 674/1048/863 675/1049/864 678/1052/866
f 678/1052/866 679/1053/867 674/1048/863
f 674/1048/863 679/1053/867 673/1047/862
f 680/1054/868 673/1047/862 679/1053/867
f 671/1055/869 673/1047/862 680/1054/868
f 680/1054/868 681/1056/870 671/1055/869
f 669/1057/871 671/1055/869 681/1056/870
f 681/1056/870 682/1058/872 669/1057/871
f 668/1059/873 669/1057/871 682/1058/872
f 682/1058/872 683/1060/874 668/1059/873
f 668/1059/873 683/1060/874 275/1061/875
f 275/1061/875 286/1062/876 668/1059/873
f 121/155/877 120/154/877 124/1063/877
f 124/1063/877 123/1064/877 121/155/877
f 148/1065/878 684/1066/878 685/1067/878
f 685/1067/878 146/1068/878 148/1065/878
f 148/1065/879 126/160/880 127/161/879
f 127/161/879 684/1066/98 148/1065/879
f 686/1069/881 687/1070/882 688/1071/883
f 688/1071/883 689/1072/884 686/1069/881
f 690/1073/885 689/1072/884 688/1071/883
f 690/1073/885 688/1071/883 691/1074/886
f 692/1075/887 690/1073/885 691/1074/886
f 691/1074/886 679/1076/888 692/1075/887
f 679/1076/888 678/1077/6 692/1075/887
f 678/1077/6 677/1078/6 692/1075/887
f 683/1079/889 682/1080/890 693/1081/891
f 694/1082/892 693/1081/891 682/1080/890
f 682/1080/890 681/1083/893 694/1082/892
f 694/1082/892 681/1083/893 680/1084/894
f 391/541/416 559/1085/895 392/542/417
f 695/1086/896 392/542/417 559/1085/895
f 559/1085/895 558/1087/897 695/1086/896
f 695/1086/896 558/1087/897 274/1088/898
f 695/1086/896 274/1088/898 696/1089/899
f 697/1090/900 696/1089/899 274/1088/898
f 274/1088/898 273/1091/901 697/1090/900
f 693/1081/891 697/1090/900 273/1091/901
f 273/1091/901 279/1092/902 693/1081/891
f 683/1079/889 693/1081/891 279/1092/902
f 275/1093/903 683/1079/889 279/1092/902
f 276/1094/904 275/1093/903 279/1092/902
f 698/1095/905 699/1096/906 691/1074/907
f 694/1082/908 691/1074/907 699/1096/906
f 694/1082/908 699/1096/906 700/1097/909
f 701/1098/910 694/1082/908 700/1097/909
f 701/1098/910 693/1081/911 694/1082/908
f 693/1081/911 701/1098/910 702/1099/912
f 702/1099/912 697/1090/913 693/1081/911
f 696/1089/914 697/1090/913 702/1099/912
f 702/1099/912 703/1100/915 696/1089/914
f 696/1089/914 703/1100/915 695/1086/916
f 692/1075/917 704/1101/918 690/1073/919
f 689/1072/920 690/1073/919 704/1101/918
f 704/1101/918 705/1102/921 689/1072/920
f 689/1072/920 705/1102/921 706/1103/922
f 706/1103/922 686/1069/923 689/1072/920
f 687/1070/924 686/1069/923 706/1103/922
f 706/1103/922 707/1104/925 687/1070/924
f 687/1070/924 707/1104/925 698/1095/905
f 698/1095/905 688/1071/926 687/1070/924
f 691/1074/907 688/1071/926 698/1095/905
f 680/1084/927 679/1076/928 691/1074/929
f 691/1074/929 694/1082/930 680/1084/927
f 708/1105/931 709/1106/932 710/1107/932
f 710/1107/932 711/1108/933 708/1105/931
f 711/1108/933 380/1109/934 382/1110/935
f 711/1108/933 382/1110/935 383/1111/936
f 708/1105/931 711/1108/933 383/1111/936
f 708/1105/931 383/1111/936 372/1112/937
f 708/1105/931 372/1112/937 368/1113/938
f 712/1114/939 713/1115/940 714/1116/941
f 712/1114/942 609/1117/943 608/1118/944
f 608/1118/944 500/1119/945 712/1114/942
f 500/1119/945 553/1120/946 712/1114/942
f 712/1114/942 553/1120/946 554/1121/947
f 554/1121/947 715/1122/948 712/1114/942
f 715/1122/948 554/1121/947 555/1123/949
f 555/1123/949 716/1124/950 715/1122/948
f 716/1124/950 555/1123/949 556/1125/951
f 556/1125/951 717/1126/952 716/1124/950
f 557/1127/953 717/1126/952 556/1125/951
f 557/1127/953 378/1128/954 717/1126/952
f 557/1127/953 376/1129/955 378/1128/954
f 557/1127/953 375/1130/395 376/1129/955
f 371/1131/391 375/1130/395 557/1127/953
f 557/1127/953 488/1132/956 371/1131/391
f 371/1131/391 488/1132/956 487/1133/957
f 487/1133/957 370/1134/390 371/1131/391
f 360/1135/958 370/1134/390 487/1133/957
f 487/1133/957 358/1136/959 360/1135/958
f 487/1133/957 569/1137/960 358/1136/959
f 569/1137/960 356/1138/961 358/1136/959
f 355/1139/962 356/1138/961 569/1137/960
f 569/1137/960 568/1140/963 355/1139/962
f 354/1141/964 355/1139/962 568/1140/963
f 354/1141/964 568/1140/963 567/1142/965
f 567/1142/965 352/1143/966 354/1141/964
f 567/1142/965 560/1144/967 352/1143/966
f 349/1145/968 352/1143/966 560/1144/967
f 349/1145/968 560/1144/967 718/1146/969
f 718/1146/969 719/1147/970 349/1145/968
f 564/1148/971 560/1144/967 567/1142/965
f 611/1149/972 719/1147/970 718/1146/969
f 718/1146/969 562/1150/973 611/1149/972
f 561/1151/974 611/1149/972 562/1150/973
f 611/1149/972 561/1151/974 570/1152/975
f 561/1151/974 563/1153/976 570/1152/975
f 487/1133/957 483/1154/977 569/1137/960
f 566/1155/978 569/1137/960 483/1154/977
f 483/1154/977 504/1156/979 566/1155/978
f 565/1157/980 566/1155/978 504/1156/979
f 504/1156/979 503/1158/981 565/1157/980
f 570/1152/975 565/1157/980 503/1158/981
f 503/1158/981 501/1159/982 570/1152/975
f 570/1152/975 501/1159/982 500/1160/983
f 570/1152/975 500/1160/983 608/1161/984
f 608/1161/984 611/1149/972 570/1152/975
f 709/1162/956 720/1163/956 721/1164/956
f 721/1164/956 710/1165/956 709/1162/956
f 706/1103/985 705/1102/986 722/1166/987
f 707/1104/988 706/1103/985 722/1166/987
f 722/1166/987 55/57/70 707/1104/988
f 55/57/70 698/1095/989 707/1104/988
f 55/57/70 54/56/69 698/1095/989
f 54/56/69 699/1096/990 698/1095/989
f 723/1167/991 724/1168/992 700/1097/993
f 700/1097/993 725/1169/994 723/1167/991
f 725/1169/994 700/1097/993 699/1096/990
f 725/1169/994 699/1096/990 54/56/69
f 726/1170/995 725/1169/994 54/56/69
f 726/1170/995 54/56/69 61/63/76
f 61/63/76 727/1171/996 726/1170/995
f 63/65/78 727/1171/996 61/63/76
f 63/65/78 728/1172/997 727/1171/996
f 727/1171/996 728/1172/997 729/1173/998
f 730/1174/999 726/1170/995 727/1171/996
f 25/67/80 37/1175/1000 63/65/78
f 728/1172/997 63/65/78 37/1175/1000
f 37/1175/1000 36/1176/1001 728/1172/997
f 36/1176/1001 729/1173/998 728/1172/997
f 36/1176/1001 633/1177/1002 729/1173/998
f 633/1177/1002 634/1178/1003 729/1173/998
f 634/1178/1003 731/1179/1004 729/1173/998
f 729/1173/998 731/1179/1004 727/1171/996
f 732/1180/1005 727/1171/996 731/1179/1004
f 732/1180/1005 730/1174/999 727/1171/996
f 733/1181/1006 730/1174/999 732/1180/1005
f 734/1182/1007 730/1174/999 733/1181/1006
f 730/1174/999 734/1182/1007 735/1183/1008
f 735/1183/1008 734/1182/1007 736/1184/1009
f 736/1184/1009 737/1185/1010 735/1183/1008
f 737/1185/1010 736/1184/1009 3/3/1011
f 3/3/1011 609/1186/1012 737/1185/1010
f 1/1/1013 733/1181/1006 2/2/1014
f 738/1187/1015 2/2/1014 733/1181/1006
f 738/1187/1015 733/1181/1006 732/1180/1005
f 732/1180/1005 731/1179/1004 738/1187/1015
f 739/1188/1016 740/1189/1016 741/1190/1016
f 733/1181/1017 736/1184/1018 734/1182/1019
f 3/3/1020 736/1184/1018 733/1181/1017
f 733/1181/1017 1/1/1021 3/3/1020
f 715/1191/1022 716/1192/1023 742/1193/1024
f 716/1192/1023 743/1194/1025 742/1193/1024
f 744/1195/1026 743/1194/1025 716/1192/1023
f 717/1196/1027 744/1195/1026 716/1192/1023
f 742/1193/1024 739/1188/1028 741/1197/1029
f 742/1193/1024 741/1197/1029 714/1198/1030
f 742/1193/1024 714/1198/1030 713/1199/1031
f 742/1193/1024 713/1199/1031 715/1191/1022
f 713/1199/1031 712/1200/1032 715/1191/1022
f 609/1117/1033 712/1114/1033 714/1116/1033
f 745/1201/1034 746/1202/1035 724/1168/1034
f 724/1168/1034 723/1167/1036 745/1201/1034
f 719/1203/1037 611/1204/1038 610/1205/1039
f 610/1205/1039 747/1206/1040 719/1203/1037
f 349/494/1041 719/1203/1037 747/1206/1040
f 747/1206/1040 748/1207/1042 349/494/1041
f 742/1208/1043 743/1209/1044 739/1210/1045
f 714/1116/1046 741/1211/1047 609/1117/943
f 609/1117/943 741/1211/1047 740/1212/1048
f 740/1212/1048 737/1213/1049 609/1117/943
f 735/1214/1050 737/1213/1049 740/1212/1048
f 740/1212/1048 739/1210/1045 735/1214/1050
f 739/1210/1045 749/1215/1051 735/1214/1050
f 743/1209/1044 749/1215/1051 739/1210/1045
f 750/1216/1052 749/1215/1051 743/1209/1044
f 743/1209/1044 744/1217/1053 750/1216/1052
f 750/1216/1052 744/1217/1053 386/1218/1054
f 386/1218/1054 744/1217/1053 717/1126/952
f 717/1126/952 385/1219/1055 386/1218/1054
f 717/1126/952 378/1128/954 385/1219/1055
f 751/1220/1056 752/1221/1057 753/1222/1058
f 753/1222/1058 754/1223/1059 751/1220/1056
f 754/1223/1059 753/1222/1058 755/1224/1060
f 755/1224/1060 756/1225/1061 754/1223/1059
f 756/1225/1061 755/1224/1060 757/1226/1062
f 757/1226/1062 758/1227/1063 756/1225/1061
f 758/1227/1063 757/1226/1062 759/1228/1064
f 759/1228/1064 760/1229/1065 758/1227/1063
f 761/1230/1066 762/1231/1067 763/1232/1068
f 763/1232/1068 764/1233/1069 761/1230/1066
f 761/1230/1066 764/1233/1069 765/1234/1070
f 762/1231/1067 761/1230/1066 765/1234/1070
f 765/1234/1070 766/1235/1071 762/1231/1067
f 766/1235/1071 767/1236/1072 762/1231/1067
f 768/1237/1073 767/1236/1072 766/1235/1071
f 768/1237/1073 769/1238/1074 767/1236/1072
f 769/1238/1074 768/1237/1073 770/1239/1075
f 770/1239/1075 771/1240/1076 769/1238/1074
f 771/1240/1076 770/1239/1075 772/1241/1077
f 773/1242/1078 768/1237/1073 766/1235/1071
f 751/1220/1079 766/1235/1071 765/1234/1070
f 774/1243/1080 766/1235/1071 751/1220/1079
f 775/1244/1081 766/1235/1071 774/1243/1080
f 776/1245/1082 766/1235/1071 775/1244/1081
f 773/1242/1078 766/1235/1071 776/1245/1082
f 773/1242/1078 776/1245/1082 777/1246/98
f 773/1242/1078 777/1246/98 778/1247/98
f 778/1247/98 779/1248/98 773/1242/1078
f 779/1248/98 778/1247/98 780/1249/98
f 780/1249/98 781/1250/98 779/1248/98
f 782/1251/1083 783/1252/1084 784/1253/1085
f 784/1253/1085 783/1252/1084 785/1254/1086
f 785/1254/1086 751/1220/1079 784/1253/1085
f 786/1255/1087 751/1220/1079 785/1254/1086
f 751/1220/1079 786/1255/1087 774/1243/1080
f 760/1229/1088 787/1256/98 788/1257/98
f 788/1257/98 784/1253/1085 760/1229/1088
f 760/1229/1088 784/1253/1085 751/1220/1079
f 758/1227/1089 760/1229/1088 751/1220/1079
f 758/1227/1089 751/1220/1079 754/1223/1090
f 758/1227/1089 754/1223/1090 756/1225/98
f 762/1231/1067 767/1236/1072 763/1232/1068
f 763/1232/1068 767/1236/1072 789/1258/1091
f 763/1232/1068 789/1258/1091 350/495/1092
f 764/1233/1069 763/1232/1068 350/495/1092
f 350/495/1092 790/1259/1093 764/1233/1069
f 765/1234/1070 764/1233/1069 790/1259/1093
f 765/1234/1070 790/1259/1093 755/1224/98
f 765/1234/1070 755/1224/98 753/1222/98
f 765/1234/1070 753/1222/98 752/1221/1094
f 765/1234/1070 752/1221/1094 751/1220/1079
f 791/1260/98 755/1224/98 790/1259/1093
f 757/1226/98 792/1261/98 759/1228/98
f 792/1261/98 757/1226/98 755/1224/98
f 755/1224/98 793/1262/98 792/1261/98
f 791/1260/98 793/1262/98 755/1224/98
f 794/1263/98 793/1262/98 791/1260/98
f 794/1263/98 791/1260/98 795/1264/1095
f 790/1259/1093 795/1264/1095 791/1260/98
f 748/1207/1096 795/1264/1095 790/1259/1093
f 790/1259/1093 796/1265/1097 748/1207/1096
f 796/1265/1097 790/1259/1093 350/495/1092
f 792/1261/98 793/1262/98 797/1266/98
f 794/1263/98 795/1264/1095 798/1267/98
f 798/1267/98 795/1264/1095 799/1268/98
f 800/1269/1098 788/1270/1099 787/1271/1100
f 800/1269/1098 787/1271/1100 801/1272/1101
f 759/1228/1102 792/1261/1103 787/1256/1102
f 787/1256/1102 760/1229/1104 759/1228/1102
f 610/1205/1105 799/1268/1106 795/1264/1107
f 795/1264/1107 747/1206/1108 610/1205/1105
f 747/1206/1108 795/1264/1107 748/1207/1109
f 799/1268/1110 610/1205/1111 802/1273/1112
f 802/1273/1112 798/1267/1113 799/1268/1110
f 798/1267/1113 802/1273/1112 803/1274/1114
f 803/1274/1114 794/1263/1115 798/1267/1113
f 794/1263/1115 803/1274/1114 804/1275/1116
f 804/1275/1116 793/1262/1117 794/1263/1115
f 793/1262/1117 804/1275/1116 801/1276/1118
f 801/1276/1118 797/1266/1119 793/1262/1117
f 797/1266/1119 801/1276/1118 787/1256/1120
f 787/1256/1120 792/1261/1121 797/1266/1119
f 738/1277/1122 803/1278/1123 802/1279/1124
f 802/1279/1124 2/1280/1125 738/1277/1122
f 2/1280/1125 802/1279/1124 610/902/1126
f 610/902/1126 3/901/1127 2/1280/1125
f 11/1281/1128 805/1282/1129 806/1283/1130
f 806/1283/1130 12/1284/1131 11/1281/1128
f 12/1284/1131 806/1283/1130 800/1269/1132
f 800/1269/1132 14/957/1133 12/1284/1131
f 14/957/1133 800/1269/1132 801/1272/1134
f 801/1272/1134 634/958/1135 14/957/1133
f 634/958/1135 801/1272/1134 804/1285/1136
f 804/1285/1136 731/1286/1137 634/958/1135
f 731/1286/1137 804/1285/1136 803/1278/1123
f 803/1278/1123 738/1277/1122 731/1286/1137
f 22/1287/1138 807/1288/1139 808/1289/1140
f 808/1289/1140 23/1290/1141 22/1287/1138
f 23/1290/1141 808/1289/1140 809/1291/1142
f 809/1291/1142 24/1292/1143 23/1290/1141
f 24/1292/1143 809/1291/1142 810/1293/1144
f 810/1293/1144 9/1294/1145 24/1292/1143
f 9/1294/1145 810/1293/1144 811/1295/1146
f 811/1295/1146 10/1296/1147 9/1294/1145
f 10/1296/1147 811/1295/1146 805/1282/1129
f 805/1282/1129 11/1281/1128 10/1296/1147
f 68/1297/1148 631/948/1149 630/947/1150
f 630/947/1150 31/1298/1151 68/1297/1148
f 31/1298/1151 630/947/1150 812/1299/1152
f 812/1299/1152 32/1300/1153 31/1298/1151
f 32/1300/1153 812/1299/1152 813/1301/1154
f 813/1301/1154 20/1302/1155 32/1300/1153
f 20/1302/1155 813/1301/1154 814/1303/1156
f 814/1303/1156 21/1304/1157 20/1302/1155
f 21/1304/1157 814/1303/1156 807/1288/1139
f 807/1288/1139 22/1287/1138 21/1304/1157
f 77/1305/1158 815/1306/1159 816/1307/1160
f 816/1307/1160 76/1308/1161 77/1305/1158
f 76/1308/1161 816/1307/1160 817/1309/1162
f 817/1309/1162 74/1310/1163 76/1308/1161
f 74/1310/1163 817/1309/1162 818/1311/1164
f 818/1311/1164 71/1312/1165 74/1310/1163
f 71/1312/1165 818/1311/1164 819/1313/1166
f 819/1313/1166 69/1314/1167 71/1312/1165
f 69/1314/1167 819/1313/1166 631/948/1149
f 631/948/1149 68/1297/1148 69/1314/1167
f 87/1315/1168 779/1316/1169 781/1317/1170
f 781/1317/1170 85/1318/1171 87/1315/1168
f 85/1318/1171 781/1317/1170 820/1319/1172
f 820/1319/1172 83/1320/1173 85/1318/1171
f 83/1320/1173 820/1319/1172 821/1321/1174
f 821/1321/1174 81/1322/1175 83/1320/1173
f 81/1322/1175 821/1321/1174 822/1323/1176
f 822/1323/1176 80/1324/1177 81/1322/1175
f 80/1324/1177 822/1323/1176 815/1306/1159
f 815/1306/1159 77/1305/1158 80/1324/1177
f 36/36/1178 35/35/1179 13/13/1180
f 13/13/1180 633/1325/1181 36/36/1178
f 14/1326/1182 633/1325/1181 13/13/1180
f 560/833/1183 562/835/1183 718/1327/1183
f 746/1202/1184 730/1174/1185 700/1097/1184
f 700/1097/1184 724/1168/1186 746/1202/1184
f 723/1167/1187 725/1169/1188 726/1170/1189
f 726/1170/1189 745/1201/1190 723/1167/1187
f 745/1201/1191 726/1170/1192 730/1174/1191
f 730/1174/1191 746/1202/1193 745/1201/1191
f 165/235/1194 149/234/1194 154/254/1195
f 154/254/1195 166/586/1195 165/235/1194
f 426/584/1196 166/586/1195 154/254/1195
f 426/584/1196 154/254/1195 158/253/1197
f 158/253/1197 412/566/1196 426/584/1196
f 412/566/1196 158/253/1197 167/567/1195
f 168/251/1194 167/567/1195 158/253/1197
f 158/253/1197 159/250/1194 168/251/1194
f 248/1328/162 199/1329/162 263/1330/162
f 426/584/1198 412/566/1198 414/570/1199
f 414/570/1199 424/582/1200 426/584/1198
f 422/580/1201 424/582/1200 414/570/1199
f 414/570/1199 416/572/1202 422/580/1201
f 420/577/1203 422/580/1201 416/572/1202
f 416/572/1202 418/574/1203 420/577/1203
f 420/577/1203 418/574/1203 174/257/1204
f 174/257/1204 173/256/1204 420/577/1203
f 823/1331/98 824/1332/98 825/1333/98
f 825/1333/98 826/1334/98 823/1331/98
f 827/1335/6 828/1336/6 829/1337/6
f 829/1337/6 830/1338/6 827/1335/6
f 826/1334/956 825/1333/956 827/1335/956
f 827/1335/956 830/1338/956 826/1334/956
f 829/1339/1205 831/1340/1206 832/1341/1205
f 832/1341/1205 830/1342/1207 829/1339/1205
f 823/1343/1208 826/1344/1209 833/1345/1208
f 833/1345/1208 834/1346/1210 823/1343/1208
f 835/1347/155 836/1348/155 837/1349/155
f 838/1350/155 835/1347/155 837/1349/155
f 837/1349/155 839/1351/155 838/1350/155
f 838/1350/155 839/1351/155 840/1352/155
f 839/1351/6 841/1353/6 842/1354/6
f 842/1354/6 840/1355/6 839/1351/6
f 843/1356/98 837/1349/98 836/1357/98
f 836/1357/98 844/1358/98 843/1356/98
f 834/1359/1211 833/1360/1212 842/1354/1213
f 840/1355/1214 842/1354/1213 833/1360/1212
f 833/1360/1212 838/1361/1214 840/1355/1214
f 635/959/1215 845/1362/1215 636/960/1215
f 844/1358/1216 836/1357/1217 835/1363/1217
f 835/1363/1217 832/1364/1218 844/1358/1216
f 831/1365/1219 844/1358/1216 832/1364/1218
f 838/1366/155 846/1367/155 847/1368/155
f 847/1368/155 835/1369/155 838/1366/155
f 833/1370/6 848/1371/6 849/1372/6
f 833/1370/6 849/1372/6 846/1373/6
f 833/1370/6 846/1373/6 838/1374/6
f 847/1375/98 850/1376/98 851/1377/98
f 847/1375/98 851/1377/98 832/1378/98
f 847/1375/98 832/1378/98 835/1379/98
f 852/1380/956 853/1381/956 854/1382/956
f 854/1382/956 855/1383/956 852/1380/956
f 856/1384/1220 857/1385/1220 858/1386/1220
f 858/1386/1220 859/1387/1220 856/1384/1220
f 857/1385/1221 856/1384/1222 860/1388/1223
f 857/1385/1221 860/1388/1223 861/1389/6
f 857/1385/1221 861/1389/6 862/1390/6
f 852/1391/6 857/1385/1221 862/1390/6
f 862/1390/6 863/1392/6 852/1391/6
f 636/960/1224 845/1362/1224 643/967/1224
f 857/1385/1225 852/1393/1225 855/1394/1225
f 855/1394/1225 858/1386/1225 857/1385/1225
f 864/1395/1226 865/1396/1227 866/1397/1227
f 866/1397/1227 867/1398/1228 864/1395/1226
f 868/1399/1229 864/1395/1226 867/1398/1228
f 867/1398/1228 869/1400/1230 868/1399/1229
f 859/1401/1231 868/1399/1229 869/1400/1230
f 856/1384/161 859/1387/161 870/1402/1232
f 870/1402/1232 871/1403/1233 856/1384/161
f 871/1403/1233 870/1402/1232 872/1404/1234
f 872/1404/1234 873/1405/1234 871/1403/1233
f 866/1397/1235 874/1406/1236 854/1407/1237
f 854/1407/1237 867/1398/1238 866/1397/1235
f 867/1398/1238 854/1407/1237 875/1408/1239
f 869/1400/1240 867/1398/1238 875/1408/1239
f 859/1401/1241 869/1400/1240 875/1408/1239
f 875/1408/1239 870/1409/1242 859/1401/1241
f 870/1409/1242 875/1408/1239 876/1410/1243
f 876/1410/1243 872/1411/1244 870/1409/1242
f 862/1412/1245 877/1413/1245 878/1414/1246
f 878/1414/1246 863/1415/1247 862/1412/1245
f 863/1415/1247 878/1414/1246 853/1416/1248
f 853/1416/1248 852/1417/1249 863/1415/1247
f 877/1413/1227 862/1412/1227 861/1418/1250
f 861/1418/1250 879/1419/1250 877/1413/1227
f 880/1420/1251 879/1419/1250 861/1418/1250
f 861/1418/1250 860/1421/1252 880/1420/1251
f 860/1421/1252 856/1422/1253 880/1420/1251
f 873/1423/155 872/1424/155 876/1425/155
f 876/1425/155 881/1426/155 873/1423/155
f 875/1427/1254 854/1382/1255 853/1381/1255
f 853/1381/1255 882/1428/1254 875/1427/1254
f 875/1427/1254 882/1428/1254 881/1429/1256
f 881/1429/1256 876/1430/1256 875/1427/1254
f 110/144/956 883/1431/1257 884/1432/1258
f 110/144/956 884/1432/1258 111/145/1259
f 113/147/1260 885/1433/1261 110/144/956
f 885/1433/1261 883/1431/1257 110/144/956
f 883/1431/1257 885/1433/1261 886/1434/1262
f 886/1434/1262 887/1435/1263 883/1431/1257
f 883/1431/1257 887/1435/1263 888/1436/1264
f 884/1432/1258 883/1431/1257 888/1436/1264
f 888/1436/1264 889/1437/1265 884/1432/1258
f 643/967/1266 845/1362/1266 647/971/1266
f 111/145/1267 884/1432/1268 112/146/1267
f 884/1432/1268 890/1438/1269 112/146/1267
f 890/1438/1269 884/1432/1268 889/1437/1270
f 889/1437/1270 891/1439/1271 890/1438/1269
f 890/1438/1269 891/1439/1271 892/1440/1272
f 893/1441/6 894/1442/6 895/1443/6
f 896/1444/6 893/1441/6 895/1443/6
f 895/1443/6 897/1445/6 896/1444/6
f 898/1446/6 896/1444/6 897/1445/6
f 897/1445/6 899/1447/6 898/1446/6
f 900/1448/6 898/1446/6 899/1447/6
f 899/1447/6 901/1449/6 900/1448/6
f 902/1450/6 900/1448/6 901/1449/6
f 901/1449/6 903/1451/6 902/1450/6
f 115/1452/6 902/1450/6 903/1451/6
f 903/1451/6 116/1453/6 115/1452/6
f 647/975/1273 845/1362/1273 635/959/1273
f 897/1454/1274 895/1455/1275 904/1456/1275
f 904/1456/1275 905/1457/1276 897/1454/1274
f 899/1458/1277 897/1454/1274 905/1457/1276
f 905/1457/1276 906/1459/1278 899/1458/1277
f 901/1460/1279 899/1458/1277 906/1459/1278
f 906/1459/1278 907/1461/1280 901/1460/1279
f 903/1462/1281 901/1460/1279 907/1461/1280
f 907/1461/1280 908/1463/1281 903/1462/1281
f 903/1462/1281 908/1463/1281 117/1464/1282
f 117/1464/1282 116/1465/1282 903/1462/1281
f 895/1455/1283 894/1466/1283 909/1467/1283
f 909/1467/1283 904/1456/1283 895/1455/1283
f 894/1466/1284 893/1468/1284 910/1469/1284
f 910/1469/1284 909/1467/1284 894/1466/1284
f 902/1470/1285 115/1471/1286 114/1472/1286
f 114/1472/1286 911/1473/1287 902/1470/1285
f 900/1474/1288 902/1470/1285 911/1473/1287
f 911/1473/1287 912/1475/1289 900/1474/1288
f 898/1476/1290 900/1474/1288 912/1475/1289
f 912/1475/1289 913/1477/1291 898/1476/1290
f 896/1478/1292 898/1476/1290 913/1477/1291
f 913/1477/1291 914/1479/1293 896/1478/1292
f 893/1468/1294 896/1478/1292 914/1479/1293
f 914/1479/1293 910/1469/1294 893/1468/1294
f 915/1480/1295 398/1481/1296 397/1482/1297
f 916/1483/1298 721/1484/1299 720/1485/1300
f 720/1485/1300 915/1480/1295 916/1483/1298
f 916/1483/1298 915/1480/1295 397/1482/1297
f 916/1483/1298 397/1482/1297 393/1486/1301
f 748/1207/1302 796/1265/1302 350/495/1302
f 917/1487/1303 918/1488/1304 919/1489/1305
f 919/1489/1305 920/1490/1306 917/1487/1303
f 920/1490/1306 921/1491/1307 922/1492/1308
f 921/1491/1307 920/1490/1306 919/1489/1305
f 919/1489/1305 923/1493/1309 921/1491/1307
f 924/1494/1310 923/1493/1309 919/1489/1305
f 919/1489/1305 918/1488/1304 924/1494/1310
f 924/1494/1310 918/1488/1304 925/1495/1311
f 926/1496/1312 927/1497/1313 928/1498/1314
f 929/1499/1315 927/1497/1313 926/1496/1312
f 927/1497/1313 929/1499/1315 925/1495/1311
f 925/1495/1311 930/1500/1316 927/1497/1313
f 925/1495/1311 918/1488/1304 930/1500/1316
f 931/1501/1317 930/1500/1316 918/1488/1304
f 918/1488/1304 917/1487/1303 931/1501/1317
f 932/1502/1318 931/1501/1317 917/1487/1303
f 932/1502/1318 917/1487/1303 922/1492/1308
f 922/1492/1308 917/1487/1303 920/1490/1306
f 933/1503/1319 931/1501/1317 932/1502/1318
f 931/1501/1317 933/1503/1319 934/1504/1320
f 935/1505/1321 936/1506/1322 937/1507/1323
f 936/1506/1322 928/1498/1314 937/1507/1323
f 928/1498/1314 927/1497/1313 937/1507/1323
f 927/1497/1313 930/1500/1316 937/1507/1323
f 930/1500/1316 931/1501/1317 937/1507/1323
f 931/1501/1317 935/1505/1321 937/1507/1323
f 934/1504/1320 935/1505/1321 931/1501/1317
f 938/1508/1324 935/1505/1321 934/1504/1320
f 935/1505/1321 938/1508/1324 939/1509/1325
f 939/1509/1325 936/1506/1322 935/1505/1321
f 940/1510/1326 936/1506/1322 939/1509/1325
f 936/1506/1322 940/1510/1326 941/1511/1327
f 941/1511/1327 928/1498/1314 936/1506/1322
f 942/1512/1328 928/1498/1314 941/1511/1327
f 928/1498/1314 942/1512/1328 926/1496/1312
f 922/1513/1329 921/1491/1329 923/1493/1329
f 923/1493/1329 924/1514/1329 922/1513/1329
f 785/1515/1330 65/1516/1330 64/1517/1331
f 64/1517/1331 786/1518/1331 785/1515/1330
f 774/1519/1332 786/1518/1331 64/1517/1331
f 64/1517/1331 59/1520/1333 774/1519/1332
f 775/1521/1334 774/1519/1332 59/1520/1333
f 59/1520/1333 58/1522/1335 775/1521/1334
f 776/1523/1336 775/1521/1334 58/1522/1335
f 58/1522/1335 57/1524/1337 776/1523/1336
f 777/1525/1338 776/1523/1336 57/1524/1337
f 57/1524/1337 56/1526/1339 777/1525/1338
f 778/1527/1340 777/1525/1338 56/1526/1339
f 56/1526/1339 88/1528/1341 778/1527/1340
f 780/1529/1342 778/1527/1340 88/1528/1341
f 88/1528/1341 86/1530/1343 780/1529/1342
f 943/1531/1344 780/1529/1342 86/1530/1343
f 86/1530/1343 84/1532/1345 943/1531/1344
f 944/1533/1346 943/1531/1344 84/1532/1345
f 84/1532/1345 82/1534/1347 944/1533/1346
f 945/1535/1348 944/1533/1346 82/1534/1347
f 82/1534/1347 79/1536/1349 945/1535/1348
f 946/1537/1350 945/1535/1348 79/1536/1349
f 79/1536/1349 78/1538/1351 946/1537/1350
f 947/1539/1352 946/1537/1350 78/1538/1351
f 78/1538/1351 75/1540/1353 947/1539/1352
f 948/1541/1354 947/1539/1352 75/1540/1353
f 75/1540/1353 73/1542/1355 948/1541/1354
f 949/1543/1356 948/1541/1354 73/1542/1355
f 73/1542/1355 72/1544/1357 949/1543/1356
f 950/1545/1358 949/1543/1356 72/1544/1357
f 72/1544/1357 70/1546/1359 950/1545/1358
f 782/1547/1360 950/1545/1358 70/1546/1359
f 70/1546/1359 67/1548/1361 782/1547/1360
f 783/1549/1362 782/1547/1360 67/1548/1361
f 67/1548/1361 66/1550/1363 783/1549/1362
f 785/1551/1364 783/1549/1362 66/1550/1363
f 66/1550/1363 65/1552/1364 785/1551/1364
f 350/495/1365 349/494/1365 748/1207/1365
f 442/638/1366 441/637/1367 465/1553/1366
f 465/1553/1366 507/1554/1368 442/638/1366
f 507/1554/1369 465/1553/1370 466/1555/1371
f 466/1555/1371 508/1556/1372 507/1554/1369
f 951/1557/1373 952/1558/1373 953/1559/1373
f 953/1559/1373 954/1560/1373 951/1557/1373
f 955/1561/1374 956/1562/1375 957/1563/1375
f 957/1563/1375 958/1564/1376 955/1561/1374
f 959/1565/1377 955/1561/1374 958/1564/1376
f 958/1564/1376 960/1566/1378 959/1565/1377
f 961/1567/1379 959/1565/1377 960/1566/1378
f 960/1566/1378 962/1568/1379 961/1567/1379
f 963/1569/1380 672/1570/1381 670/1571/1382
f 963/1569/1380 670/1571/1382 341/486/360
f 341/486/360 343/488/362 963/1569/1380
f 303/1572/1383 190/1573/1383 184/267/1383
f 184/267/1383 183/266/1383 303/1572/1383
f 332/1574/956 613/1575/956 615/1576/956
f 615/1576/956 333/908/956 332/1574/956
f 334/1577/1384 964/1578/1385 965/1579/1384
f 965/1579/1384 612/1580/1386 334/1577/1384
f 586/859/1387 585/858/1388 618/1581/1387
f 618/1581/1387 329/1582/1389 586/859/1387
f 966/1583/162 967/1584/162 607/898/162
f 601/891/1390 607/898/162 967/1584/162
f 967/1584/162 964/1585/1391 601/891/1390
f 964/1585/1391 334/892/1392 601/891/1390
f 329/1582/1393 968/1586/1394 586/859/1395
f 587/860/162 586/859/1395 968/1586/1394
f 968/1586/1394 969/1587/162 587/860/162
f 589/862/162 587/860/162 969/1587/162
f 969/1587/162 970/1588/162 589/862/162
f 591/864/162 589/862/162 970/1588/162
f 970/1588/162 971/1589/162 591/864/162
f 605/896/162 591/864/162 971/1589/162
f 971/1589/162 966/1583/162 605/896/162
f 607/898/162 605/896/162 966/1583/162
f 602/893/1396 612/1590/1397 965/1591/1398
f 965/1591/1398 603/894/1399 602/893/1396
f 606/897/1400 603/894/1399 965/1591/1398
f 965/1591/1398 972/1592/1400 606/897/1400
f 604/895/161 606/897/1400 972/1592/1400
f 972/1592/1400 973/1593/161 604/895/161
f 590/863/161 604/895/161 973/1593/161
f 973/1593/161 974/1594/161 590/863/161
f 588/861/1401 590/863/161 974/1594/161
f 974/1594/161 975/1595/161 588/861/1401
f 584/857/161 588/861/1401 975/1595/161
f 975/1595/161 976/1596/161 584/857/161
f 585/858/1402 584/857/161 976/1596/161
f 976/1596/161 977/1597/1403 585/858/1402
f 618/1581/1404 585/858/1402 977/1597/1403
f 977/1597/1403 614/1598/1405 618/1581/1404
f 915/1599/1406 720/1600/1407 709/1601/1408
f 709/1601/1408 708/1602/1409 915/1599/1406
f 915/1599/1406 708/1602/1409 368/1603/1410
f 368/1603/1410 398/1604/1411 915/1599/1406
f 968/1605/1412 977/1606/1412 976/1607/1413
f 976/1607/1413 969/1608/1414 968/1605/1412
f 969/1608/1414 976/1607/1413 975/1609/1415
f 975/1609/1415 970/1610/1416 969/1608/1414
f 970/1610/1416 975/1609/1415 974/1611/1417
f 974/1611/1417 971/1612/1417 970/1610/1416
f 329/1613/1418 614/1614/1419 977/1606/1418
f 977/1606/1418 968/1605/1420 329/1613/1418
f 978/1615/1421 704/1616/1421 692/1617/1421
f 692/1617/1421 979/1618/1421 978/1615/1421
f 781/1250/98 780/1249/98 943/1619/98
f 943/1619/98 820/1620/98 781/1250/98
f 820/1620/98 943/1619/98 944/1621/98
f 944/1621/98 821/1622/98 820/1620/98
f 821/1622/98 944/1621/98 945/1623/98
f 945/1623/98 822/1624/98 821/1622/98
f 815/1625/98 822/1624/98 945/1623/98
f 945/1623/98 946/1626/98 815/1625/98
f 815/1625/98 946/1626/98 947/1627/98
f 947/1627/98 816/1628/98 815/1625/98
f 817/1629/98 816/1628/98 947/1627/98
f 947/1627/98 948/1630/98 817/1629/98
f 818/1631/98 817/1629/98 948/1630/98
f 948/1630/98 949/1632/98 818/1631/98
f 818/1631/98 949/1632/98 950/1633/98
f 950/1633/98 819/1634/98 818/1631/98
f 819/1634/98 950/1633/98 782/1251/1083
f 782/1251/1083 631/1635/1422 819/1634/98
f 632/1636/1423 631/1635/1422 782/1251/1083
f 782/1251/1083 784/1253/1085 632/1636/1423
f 711/1637/1424 710/1638/1425 721/1484/1426
f 721/1484/1426 916/1483/1427 711/1637/1424
f 711/1637/1424 916/1483/1427 393/1486/1428
f 393/1486/1428 380/1639/1429 711/1637/1424
f 655/998/1430 147/997/1431 146/1068/1432
f 655/998/1430 146/1068/1432 685/1067/1433
f 980/1640/1434 981/1641/1435 982/1642/1436
f 982/1642/1436 983/1643/1437 980/1640/1434
f 984/1644/1438 985/1645/1439 981/1641/1435
f 986/1646/1440 981/1641/1435 985/1645/1439
f 986/1646/1440 982/1642/1436 981/1641/1435
f 812/1647/1441 982/1642/1436 986/1646/1440
f 982/1642/1436 812/1647/1441 630/1648/1442
f 632/1649/1443 982/1642/1436 630/1648/1442
f 632/1649/1443 983/1643/1437 982/1642/1436
f 784/1650/1444 983/1643/1437 632/1649/1443
f 980/1640/1434 983/1643/1437 784/1650/1444
f 784/1650/1444 788/1651/1445 980/1640/1434
f 986/1646/1440 985/1645/1439 987/1652/1446
f 988/1653/1447 986/1646/1440 987/1652/1446
f 987/1652/1446 989/1654/1448 988/1653/1447
f 985/1645/1439 809/1655/1449 808/1656/1450
f 808/1656/1450 987/1652/1446 985/1645/1439
f 987/1652/1446 808/1656/1450 807/1657/1451
f 807/1657/1451 989/1654/1448 987/1652/1446
f 989/1654/1448 807/1657/1451 814/1658/1452
f 814/1658/1452 988/1653/1447 989/1654/1448
f 988/1653/1447 814/1658/1452 813/1659/1453
f 813/1659/1453 986/1646/1440 988/1653/1447
f 986/1646/1440 813/1659/1453 812/1647/1441
f 981/1641/1435 980/1640/1434 788/1651/1445
f 981/1641/1435 788/1651/1445 806/1660/1454
f 981/1641/1435 806/1660/1454 805/1661/1455
f 805/1661/1455 990/1662/1456 981/1641/1435
f 990/1662/1456 805/1661/1455 811/1663/1457
f 811/1663/1457 991/1664/1458 990/1662/1456
f 991/1664/1458 811/1663/1457 810/1665/1459
f 810/1665/1459 984/1644/1438 991/1664/1458
f 984/1644/1438 810/1665/1459 809/1655/1449
f 809/1655/1449 985/1645/1439 984/1644/1438
f 984/1644/1438 981/1641/1435 990/1662/1456
f 984/1644/1438 990/1662/1456 991/1664/1458
f 788/1651/1445 800/1666/1460 806/1660/1454
f 843/1356/1461 828/1667/1461 827/1668/1461
f 827/1668/1461 837/1349/1461 843/1356/1461
f 839/1351/1461 837/1349/1461 827/1668/1461
f 827/1668/1461 825/1669/1461 839/1351/1461
f 841/1353/1461 839/1351/1461 825/1669/1461
f 825/1669/1461 824/1670/1461 841/1353/1461
f 705/1671/1462 704/1672/1463 978/1673/1463
f 978/1673/1463 772/1674/1462 705/1671/1462
f 705/1671/1462 772/1674/1462 770/1675/1464
f 770/1675/1464 722/1676/1465 705/1671/1462
f 722/1676/1465 770/1675/1464 768/1677/1466
f 768/1677/1466 55/1678/1467 722/1676/1465
f 55/1678/1467 768/1677/1466 773/1679/1468
f 773/1679/1468 53/1680/1469 55/1678/1467
f 53/1680/1469 773/1679/1468 779/1316/1169
f 779/1316/1169 87/1315/1168 53/1680/1469
f 841/1353/956 824/1670/956 823/1681/956
f 842/1682/956 841/1353/956 823/1681/956
f 823/1681/956 834/1683/956 842/1682/956
f 68/1297/1470 31/1298/1470 30/1684/1470
f 851/1377/956 848/1371/956 833/1370/1471
f 833/1370/1471 832/1378/1472 851/1377/956
f 832/1378/1472 833/1370/1471 826/1344/1473
f 826/1344/1473 830/1685/1473 832/1378/1472
f 508/1556/1474 466/1555/1475 468/1686/1476
f 468/1686/1476 509/1687/1477 508/1556/1474
f 509/1687/1477 468/1686/1476 450/653/1478
f 450/653/1478 449/652/1479 509/1687/1477
f 672/1570/1480 963/1569/1481 992/1688/1482
f 992/1688/1482 674/1689/1483 672/1570/1480
f 675/1690/98 979/1691/1484 676/1692/98
f 979/1691/1484 675/1690/98 674/1689/1483
f 674/1689/1483 992/1688/1482 979/1691/1484
f 979/1691/1484 992/1688/1482 993/1693/1485
f 993/1693/1485 992/1688/1482 994/1694/1486
f 993/1693/1485 994/1694/1486 995/1695/1487
f 996/1696/1488 995/1695/1487 994/1694/1486
f 994/1694/1486 997/1697/1489 996/1696/1488
f 965/1579/1490 964/1578/1490 967/1698/1491
f 967/1698/1491 972/1699/1492 965/1579/1490
f 972/1699/1492 967/1698/1491 966/1700/1493
f 966/1700/1493 973/1701/1494 972/1699/1492
f 973/1701/1494 966/1700/1493 971/1612/1495
f 971/1612/1495 974/1611/1495 973/1701/1494
f 695/1086/896 386/531/406 392/542/417
f 750/1702/1496 386/531/406 695/1086/896
f 703/1100/1497 750/1702/1496 695/1086/896
f 750/1702/1496 703/1100/1497 702/1099/1498
f 702/1099/1498 749/1703/1499 750/1702/1496
f 749/1703/1499 702/1099/1498 701/1098/1500
f 701/1098/1500 735/1183/1008 749/1703/1499
f 735/1183/1008 701/1098/1500 730/1174/999
f 730/1174/999 701/1098/1500 700/1097/1501
f 849/1704/1502 848/1371/1503 851/1377/1503
f 851/1377/1503 850/1705/1504 849/1704/1502
f 846/1706/162 849/1704/1502 850/1705/1504
f 850/1705/1504 847/1707/162 846/1706/162
f 859/1387/1505 858/1386/1506 868/1708/1507
f 864/1709/98 868/1708/1507 858/1386/1506
f 865/1710/98 864/1709/98 858/1386/1506
f 865/1710/98 858/1386/1506 855/1711/98
f 855/1711/98 998/1712/98 865/1710/98
f 655/1713/1508 979/1618/1509 119/1714/1510
f 119/1714/1510 979/1618/1509 120/1715/1511
f 124/1716/1512 120/1715/1511 979/1618/1509
f 979/1618/1509 692/1617/1513 124/1716/1512
f 125/1717/1514 124/1716/1512 692/1617/1513
f 127/1718/1515 125/1717/1514 692/1617/1513
f 684/1719/1516 127/1718/1515 692/1617/1513
f 692/1617/1513 677/1720/1516 684/1719/1516
f 684/1719/1516 677/1720/1516 676/1721/1517
f 676/1721/1517 685/1722/1518 684/1719/1516
f 685/1722/1518 676/1721/1517 979/1618/1509
f 979/1618/1509 655/1713/1508 685/1722/1518
f 998/1723/1519 855/1724/1520 854/1407/1521
f 854/1407/1521 874/1406/1246 998/1723/1519
f 865/1396/1245 998/1723/1519 874/1406/1246
f 874/1406/1246 866/1397/1245 865/1396/1245
f 853/1416/1522 878/1414/1523 877/1413/1524
f 877/1413/1524 879/1419/1525 853/1416/1522
f 882/1725/1526 853/1416/1522 879/1419/1525
f 882/1725/1526 879/1419/1525 880/1420/1527
f 882/1725/1526 880/1420/1527 856/1422/1528
f 856/1422/1528 871/1726/1529 882/1725/1526
f 881/1727/1530 882/1725/1526 871/1726/1529
f 871/1726/1529 873/1728/1531 881/1727/1530
f 889/1729/1532 888/1730/1533 999/1731/6
f 888/1730/1533 887/1732/1534 999/1731/6
f 999/1731/6 887/1732/1534 886/1733/1535
f 886/1733/1535 892/1734/1536 999/1731/6
f 892/1734/1536 891/1735/1537 999/1731/6
f 891/1735/1537 889/1729/1532 999/1731/6
f 828/1667/956 843/1356/956 829/1736/956
f 829/1736/956 843/1356/956 844/1737/956
f 844/1737/956 831/1738/956 829/1736/956
f 112/1739/1538 885/1433/1539 113/147/1538
f 112/1739/1538 890/1740/1540 885/1433/1539
f 885/1433/1539 890/1740/1540 892/1741/1541
f 892/1741/1541 886/1434/1542 885/1433/1539
f 979/1691/1543 993/1693/1544 978/1742/1545
f 978/1742/1545 993/1693/1544 995/1695/1546
f 995/1695/1546 772/1241/1547 978/1742/1545
f 771/1240/1548 772/1241/1547 995/1695/1546
f 995/1695/1546 996/1696/1549 771/1240/1548
f 771/1240/1548 996/1696/1549 997/1697/1550
f 997/1697/1550 769/1238/1551 771/1240/1548
f 767/1236/1552 769/1238/1551 997/1697/1550
f 997/1697/1550 994/1694/1553 767/1236/1552
f 767/1236/1552 994/1694/1553 992/1688/1554
f 992/1688/1554 789/1258/1555 767/1236/1552
f 789/1258/1555 992/1688/1554 963/1569/1556
f 350/495/1557 789/1258/1555 963/1569/1556
f 343/488/1558 350/495/1557 963/1569/1556
f 351/496/1559 350/495/1557 343/488/1558
f 343/488/1558 345/490/1560 351/496/1559
f 353/498/1561 351/496/1559 345/490/1560
f 346/491/1562 353/498/1561 345/490/1560
f 1000/1743/1563 1001/1744/1564 1002/1745/1564
f 1002/1745/1564 1003/1746/1565 1000/1743/1563
f 1004/1747/1566 1000/1743/1563 1003/1746/1565
f 1003/1746/1565 1005/1748/1567 1004/1747/1566
f 1006/1749/1568 1004/1747/1566 1005/1748/1567
f 1005/1748/1567 1007/1750/1569 1006/1749/1568
f 1008/1751/1570 1006/1749/1568 1007/1750/1569
f 1007/1750/1569 1009/1752/1571 1008/1751/1570
f 1010/1753/1572 1008/1751/1570 1009/1752/1571
f 1009/1752/1571 1011/1754/1573 1010/1753/1572
f 1012/1755/1574 1010/1753/1572 1011/1754/1573
f 1011/1754/1573 1013/1756/1575 1012/1755/1574
f 1014/1757/1576 1012/1755/1574 1013/1756/1575
f 1013/1756/1575 1015/1758/1577 1014/1757/1576
f 1016/1759/1578 1014/1757/1576 1015/1758/1577
f 1015/1758/1577 1017/1760/1579 1016/1759/1578
f 1018/1761/1580 1016/1759/1578 1017/1760/1579
f 1017/1760/1579 1019/1762/1581 1018/1761/1580
f 1001/1763/1582 1018/1761/1580 1019/1762/1581
f 1019/1762/1581 1002/1764/1583 1001/1763/1582
f 1003/1746/1584 1002/1745/1585 951/1765/1586
f 951/1765/1586 1020/1766/1587 1003/1746/1584
f 1005/1748/1588 1003/1746/1584 1020/1766/1587
f 1020/1766/1587 1021/1767/1589 1005/1748/1588
f 1007/1750/1590 1005/1748/1588 1021/1767/1589
f 1021/1767/1589 1022/1768/1591 1007/1750/1590
f 1009/1752/1592 1007/1750/1590 1022/1768/1591
f 1022/1768/1591 956/1562/1593 1009/1752/1592
f 1011/1754/1594 1009/1752/1592 956/1562/1593
f 956/1562/1593 955/1561/1595 1011/1754/1594
f 1013/1756/1596 1011/1754/1594 955/1561/1595
f 955/1561/1595 959/1565/1597 1013/1756/1596
f 1015/1758/1598 1013/1756/1596 959/1565/1597
f 959/1565/1597 961/1567/1599 1015/1758/1598
f 1017/1760/1600 1015/1758/1598 961/1567/1599
f 961/1567/1599 1023/1769/1601 1017/1760/1600
f 1019/1762/1602 1017/1760/1600 1023/1769/1601
f 1023/1769/1601 952/1558/1603 1019/1762/1602
f 1002/1764/1604 1019/1762/1602 952/1558/1603
f 952/1558/1603 951/1557/1605 1002/1764/1604
f 1024/1770/1606 954/1771/1607 1025/1772/1608
f 1025/1772/1608 1026/1773/1609 1024/1770/1606
f 1027/1774/1610 1024/1770/1606 1026/1773/1609
f 1026/1773/1609 1028/1775/1611 1027/1774/1610
f 1029/1776/1612 1027/1774/1610 1028/1775/1611
f 1028/1775/1611 1030/1777/1613 1029/1776/1612
f 957/1778/1614 1029/1776/1612 1030/1777/1613
f 1030/1777/1613 1031/1779/1615 957/1778/1614
f 958/1780/1616 957/1778/1614 1031/1779/1615
f 1031/1779/1615 1032/1781/1617 958/1780/1616
f 960/1782/1618 958/1780/1616 1032/1781/1617
f 1032/1781/1617 1033/1783/1619 960/1782/1618
f 962/1784/1620 960/1782/1618 1033/1783/1619
f 1033/1783/1619 1034/1785/1621 962/1784/1620
f 1035/1786/1622 962/1784/1620 1034/1785/1621
f 1034/1785/1621 1036/1787/1623 1035/1786/1622
f 953/1788/1624 1035/1786/1622 1036/1787/1623
f 1036/1787/1623 1037/1789/1625 953/1788/1624
f 954/1790/1626 953/1788/1624 1037/1789/1625
f 1037/1789/1625 1025/1791/1626 954/1790/1626
f 1026/1773/1627 1025/1772/1628 1001/1744/1628
f 1001/1744/1628 1000/1743/1629 1026/1773/1627
f 1028/1775/1630 1026/1773/1627 1000/1743/1629
f 1000/1743/1629 1004/1747/1631 1028/1775/1630
f 1030/1777/1632 1028/1775/1630 1004/1747/1631
f 1004/1747/1631 1006/1749/1633 1030/1777/1632
f 1031/1779/1634 1030/1777/1632 1006/1749/1633
f 1006/1749/1633 1008/1751/1635 1031/1779/1634
f 1032/1781/1636 1031/1779/1634 1008/1751/1635
f 1008/1751/1635 1010/1753/1637 1032/1781/1636
f 1033/1783/1638 1032/1781/1636 1010/1753/1637
f 1010/1753/1637 1012/1755/1639 1033/1783/1638
f 1034/1785/1640 1033/1783/1638 1012/1755/1639
f 1012/1755/1639 1014/1757/1641 1034/1785/1640
f 1036/1787/1642 1034/1785/1640 1014/1757/1641
f 1014/1757/1641 1016/1759/1643 1036/1787/1642
f 1037/1789/1644 1036/1787/1642 1016/1759/1643
f 1016/1759/1643 1018/1761/1645 1037/1789/1644
f 1025/1791/1646 1037/1789/1644 1018/1761/1645
f 1018/1761/1645 1001/1763/1647 1025/1791/1646
f 1022/1768/1648 1021/1767/1649 1027/1792/1650
f 1027/1792/1650 1029/1793/1651 1022/1768/1648
f 956/1562/1652 1022/1768/1648 1029/1793/1651
f 1029/1793/1651 957/1563/1653 956/1562/1652
f 1020/1766/1654 951/1765/1655 954/1794/1656
f 954/1794/1656 1024/1795/1657 1020/1766/1654
f 1021/1767/1658 1020/1766/1654 1024/1795/1657
f 1024/1795/1657 1027/1792/1658 1021/1767/1658
f 1023/1769/1659 961/1567/1660 962/1568/1661
f 962/1568/1661 1035/1796/1662 1023/1769/1659
f 952/1558/1663 1023/1769/1659 1035/1796/1662
f 1035/1796/1662 953/1559/1664 952/1558/1663
f 932/1797/98 922/1798/98 924/1799/98
f 924/1799/98 925/1800/98 932/1797/98
f 932/1797/98 925/1800/98 929/1801/98
f 929/1801/98 933/1802/98 932/1797/98
f 933/1802/98 929/1801/98 926/1803/98
f 926/1803/98 934/1804/98 933/1802/98
f 934/1804/98 926/1803/98 942/1805/98
f 942/1805/98 938/1806/98 934/1804/98
f 938/1806/98 942/1805/98 941/1807/98
f 941/1807/98 939/1808/98 938/1806/98
f 941/1807/98 940/1809/98 939/1808/98
f 904/1810/98 909/1811/98 910/1812/98
f 904/1810/98 910/1812/98 914/1813/98
f 914/1813/98 905/1814/98 904/1810/98
f 905/1814/98 914/1813/98 913/1815/98
f 913/1815/98 906/1816/98 905/1814/98
f 906/1816/98 913/1815/98 912/1817/98
f 912/1817/98 907/1818/98 906/1816/98
f 907/1818/98 912/1817/98 911/1819/98
f 911/1819/98 908/1820/98 907/1818/98
f 908/1820/98 911/1819/98 114/1821/98
f 114/1821/98 117/1822/98 908/1820/98
