mtllib source/Table.mtl
o pCube6
usemtl blinn1
v -9.967733119035643 37.52489144988772 12.093805933926888
v 9.967733119035643 37.52489144988772 12.093805933926888
v 10.302667413131473 37.96560593342156 12.500181777716136
v -9.967733119035643 37.52489144988772 12.093805933926888
v 10.302667413131473 37.96560593342156 12.500181777716136
v -10.302667413131473 37.96560593342156 12.500181777716136
v -10.471179667570482 39.34341047637395 -12.704636209373746
v 10.471179667570482 39.34341047637395 -12.704636209373746
v 9.967733119035643 38.84704196497614 -12.093805933926888
v -10.471179667570482 39.34341047637395 -12.704636209373746
v 9.967733119035643 38.84704196497614 -12.093805933926888
v -9.967733119035643 38.84704196497614 -12.093805933926888
v 9.967733119035643 37.52489144988772 12.093805933926888
v 9.967733119035643 37.52489144988772 -11.08598675341841
v 9.967733119035643 37.52489144988772 -12.093805933926888
v 9.967733119035643 37.52489144988772 12.093805933926888
v 9.967733119035643 37.52489144988772 -12.093805933926888
v 10.302667413131473 37.96560593342156 -12.500181777716136
v 9.967733119035643 37.52489144988772 12.093805933926888
v 10.302667413131473 37.96560593342156 -12.500181777716136
v 10.302667413131473 37.96560593342156 12.500181777716136
v -10.302667413131473 37.96560593342156 12.500181777716136
v -10.302667413131473 37.96560593342156 -12.500181777716136
v -9.967733119035643 37.52489144988772 -12.093805933926888
v -10.302667413131473 37.96560593342156 12.500181777716136
v -9.967733119035643 37.52489144988772 -12.093805933926888
v -9.967733119035643 37.52489144988772 12.093805933926888
v 10.302667413131473 37.96560593342156 12.500181777716136
v 9.967733119035643 38.406327481442304 12.093805933926888
v -9.967733119035643 38.406327481442304 12.093805933926888
v 10.302667413131473 37.96560593342156 12.500181777716136
v -9.967733119035643 38.406327481442304 12.093805933926888
v -10.302667413131473 37.96560593342156 12.500181777716136
v -9.967733119035643 38.84704196497614 12.093805933926888
v 9.967733119035643 38.84704196497614 12.093805933926888
v 10.471179667570482 39.34341047637395 12.704636209373746
v -9.967733119035643 38.84704196497614 12.093805933926888
v 10.471179667570482 39.34341047637395 12.704636209373746
v -10.471179667570482 39.34341047637395 12.704636209373746
v -9.967733119035643 38.406327481442304 12.093805933926888
v 9.967733119035643 38.406327481442304 12.093805933926888
v 9.967733119035643 38.84704196497614 12.093805933926888
v -9.967733119035643 38.406327481442304 12.093805933926888
v 9.967733119035643 38.84704196497614 12.093805933926888
v -9.967733119035643 38.84704196497614 12.093805933926888
v 9.967733119035643 38.84704196497614 -12.093805933926888
v 9.967733119035643 38.406327481442304 -12.093805933926888
v -9.967733119035643 38.406327481442304 -12.093805933926888
v 9.967733119035643 38.84704196497614 -12.093805933926888
v -9.967733119035643 38.406327481442304 -12.093805933926888
v -9.967733119035643 38.84704196497614 -12.093805933926888
v -10.302667413131473 37.96560593342156 -12.500181777716136
v 10.302667413131473 37.96560593342156 -12.500181777716136
v 9.967733119035643 37.52489144988772 -12.093805933926888
v -10.302667413131473 37.96560593342156 -12.500181777716136
v 9.967733119035643 37.52489144988772 -12.093805933926888
v -9.967733119035643 37.52489144988772 -12.093805933926888
v -9.967733119035643 38.406327481442304 -12.093805933926888
v 9.967733119035643 38.406327481442304 -12.093805933926888
v 10.302667413131473 37.96560593342156 -12.500181777716136
v -9.967733119035643 38.406327481442304 -12.093805933926888
v 10.302667413131473 37.96560593342156 -12.500181777716136
v -10.302667413131473 37.96560593342156 -12.500181777716136
v 10.302667413131473 37.96560593342156 -12.500181777716136
v 9.967733119035643 38.406327481442304 -12.093805933926888
v 9.967733119035643 38.406327481442304 12.093805933926888
v 10.302667413131473 37.96560593342156 -12.500181777716136
v 9.967733119035643 38.406327481442304 12.093805933926888
v 10.302667413131473 37.96560593342156 12.500181777716136
v 9.967733119035643 38.84704196497614 12.093805933926888
v 9.967733119035643 38.84704196497614 -12.093805933926888
v 10.471179667570482 39.34341047637395 -12.704636209373746
v 9.967733119035643 38.84704196497614 12.093805933926888
v 10.471179667570482 39.34341047637395 -12.704636209373746
v 10.471179667570482 39.34341047637395 12.704636209373746
v 9.967733119035643 38.406327481442304 12.093805933926888
v 9.967733119035643 38.406327481442304 -12.093805933926888
v 9.967733119035643 38.84704196497614 -12.093805933926888
v 9.967733119035643 38.406327481442304 12.093805933926888
v 9.967733119035643 38.84704196497614 -12.093805933926888
v 9.967733119035643 38.84704196497614 12.093805933926888
v -9.967733119035643 38.406327481442304 -12.093805933926888
v -10.302667413131473 37.96560593342156 -12.500181777716136
v -10.302667413131473 37.96560593342156 12.500181777716136
v -9.967733119035643 38.406327481442304 -12.093805933926888
v -10.302667413131473 37.96560593342156 12.500181777716136
v -9.967733119035643 38.406327481442304 12.093805933926888
v -10.471179667570482 39.34341047637395 -12.704636209373746
v -9.967733119035643 38.84704196497614 -12.093805933926888
v -9.967733119035643 38.84704196497614 12.093805933926888
v -10.471179667570482 39.34341047637395 -12.704636209373746
v -9.967733119035643 38.84704196497614 12.093805933926888
v -10.471179667570482 39.34341047637395 12.704636209373746
v -9.967733119035643 38.84704196497614 -12.093805933926888
v -9.967733119035643 38.406327481442304 -12.093805933926888
v -9.967733119035643 38.406327481442304 12.093805933926888
v -9.967733119035643 38.84704196497614 -12.093805933926888
v -9.967733119035643 38.406327481442304 12.093805933926888
v -9.967733119035643 38.84704196497614 12.093805933926888
v 6.371179995207342 39.34341047637395 8.604637039501029
v 6.371179995207342 39.34341047637395 -8.604637039501029
v -6.371179995207342 39.34341047637395 -8.604637039501029
v 6.371179995207342 39.34341047637395 8.604637039501029
v -6.371179995207342 39.34341047637395 -8.604637039501029
v -6.371179995207342 39.34341047637395 8.604637039501029
v 9.967733119035643 37.52489144988772 -11.08598675341841
v 9.967733119035643 37.52489144988772 12.093805933926888
v -9.967733119035643 37.52489144988772 12.093805933926888
v 9.967733119035643 37.52489144988772 -11.08598675341841
v -9.967733119035643 37.52489144988772 12.093805933926888
v -9.967733119035643 37.52489144988772 -12.093805933926888
v 9.967733119035643 37.52489144988772 -11.08598675341841
v -9.967733119035643 37.52489144988772 -12.093805933926888
v 9.967733119035643 37.52489144988772 -12.093805933926888
v 9.967733119035643 37.52489144988772 -11.08598675341841
v 9.967733119035643 37.52489144988772 -12.093805933926888
v 9.13708775625281 37.52489144988772 11.085979180863774
v 9.967733119035643 37.52489144988772 -11.08598675341841
v 9.13708775625281 37.52489144988772 11.085979180863774
v 9.137086507990773 37.52489144988772 7.03889399377033
v 9.967733119035643 37.52489144988772 -11.08598675341841
v 9.137086507990773 37.52489144988772 7.03889399377033
v 9.13708775625281 37.52489144988772 -7.038910653390531
v 9.967733119035643 37.52489144988772 -11.08598675341841
v 9.13708775625281 37.52489144988772 -7.038910653390531
v 9.13708775625281 37.52489144988772 -11.08598675341841
v 9.967733119035643 37.52489144988772 -11.08598675341841
v 9.13708775625281 37.52489144988772 -11.08598675341841
v 5.245232033895718 37.52489144988772 -11.08598675341841
v 9.967733119035643 37.52489144988772 -11.08598675341841
v 5.245232033895718 37.52489144988772 -11.08598675341841
v -5.245213309965152 37.52489144988772 -11.08598675341841
v 9.967733119035643 37.52489144988772 -11.08598675341841
v -5.245213309965152 37.52489144988772 -11.08598675341841
v -9.137080890811603 37.52489144988772 -11.08598675341841
v 9.967733119035643 37.52489144988772 -11.08598675341841
v -9.137080890811603 37.52489144988772 -11.08598675341841
v -9.137080890811603 37.52489144988772 -7.038910653390531
v 9.967733119035643 37.52489144988772 -11.08598675341841
v -9.137080890811603 37.52489144988772 -7.038910653390531
v -9.137080890811603 37.52489144988772 7.03889399377033
v 9.967733119035643 37.52489144988772 -11.08598675341841
v -9.137080890811603 37.52489144988772 7.03889399377033
v -9.137080890811603 37.52489144988772 11.085979180863774
v 9.967733119035643 37.52489144988772 -11.08598675341841
v -9.137080890811603 37.52489144988772 11.085979180863774
v -5.245213309965152 37.52489144988772 11.085979180863774
v 9.967733119035643 37.52489144988772 -11.08598675341841
v -5.245213309965152 37.52489144988772 11.085979180863774
v 5.245232033895718 37.52489144988772 11.085979180863774
v 7.837087129447696 31.135617603509218 -8.338910039256177
v 6.5452307883077765 31.135617603509218 -8.338910039256177
v 6.5452307883077765 31.135617603509218 -9.7859866102973
v 7.837087129447696 31.135617603509218 -8.338910039256177
v 6.5452307883077765 31.135617603509218 -9.7859866102973
v 7.837087129447696 31.135617603509218 -9.7859866102973
v -6.545213312639248 31.135617603509218 -8.338913825533496
v -7.837080888137507 31.135617603509218 -8.338913825533496
v -7.837080888137507 31.135617603509218 -9.785990396574618
v -6.545213312639248 31.135617603509218 -8.338913825533496
v -7.837080888137507 31.135617603509218 -9.785990396574618
v -6.545213312639248 31.135617603509218 -9.785990396574618
v 5.245232658026737 37.52489144988772 -7.038910653390531
v -5.245213934096171 37.52489144988772 -7.038910653390531
v -5.245213309965152 37.52489144988772 -11.08598675341841
v 5.245232658026737 37.52489144988772 -7.038910653390531
v -5.245213309965152 37.52489144988772 -11.08598675341841
v 5.245232033895718 37.52489144988772 -11.08598675341841
v 6.5452307883077765 31.135617603509218 9.785979794998127
v 6.5452307883077765 31.135617603509218 8.338892622380513
v 7.837087129447696 31.135617603509218 8.338892622380513
v 6.5452307883077765 31.135617603509218 9.785979794998127
v 7.837087129447696 31.135617603509218 8.338892622380513
v 7.837087129447696 31.135617603509218 9.785979794998127
v -5.245213309965152 37.52489144988772 11.085979180863774
v -5.245213309965152 37.52489144988772 7.03889399377033
v 5.245232658026737 37.52489144988772 7.03889399377033
v -5.245213309965152 37.52489144988772 11.085979180863774
v 5.245232658026737 37.52489144988772 7.03889399377033
v 5.245232033895718 37.52489144988772 11.085979180863774
v -7.837080888137507 31.135617603509218 9.785979794998127
v -7.837080888137507 31.135617603509218 8.338892622380513
v -6.545212688508229 31.135617603509218 8.338892622380513
v -7.837080888137507 31.135617603509218 9.785979794998127
v -6.545212688508229 31.135617603509218 8.338892622380513
v -6.545212688508229 31.135617603509218 9.785979794998127
v 9.137086507990773 37.52489144988772 7.03889399377033
v 5.245232658026737 37.52489144988772 7.03889399377033
v 5.245232658026737 37.52489144988772 -7.038910653390531
v 9.137086507990773 37.52489144988772 7.03889399377033
v 5.245232658026737 37.52489144988772 -7.038910653390531
v 9.13708775625281 37.52489144988772 -7.038910653390531
v 5.245232658026737 36.22489163350042 7.03889399377033
v -5.245213309965152 36.22489163350042 7.03889399377033
v -5.245213934096171 36.22489163350042 -7.038909896135067
v 5.245232658026737 36.22489163350042 7.03889399377033
v -5.245213934096171 36.22489163350042 -7.038909896135067
v 5.245232658026737 36.22489163350042 -7.038909896135067
v -5.245213309965152 37.52489144988772 7.03889399377033
v -9.137080890811603 37.52489144988772 7.03889399377033
v -9.137080890811603 37.52489144988772 -7.038910653390531
v -5.245213309965152 37.52489144988772 7.03889399377033
v -9.137080890811603 37.52489144988772 -7.038910653390531
v -5.245213934096171 37.52489144988772 -7.038910653390531
v 9.13708775625281 37.52489144988772 -7.038910653390531
v 5.245232658026737 37.52489144988772 -7.038910653390531
v 5.245232658026737 35.7356158669586 -7.038910653390531
v 9.13708775625281 37.52489144988772 -7.038910653390531
v 5.245232658026737 35.7356158669586 -7.038910653390531
v 9.13708775625281 35.7356158669586 -7.038910653390531
v 5.245232658026737 37.52489144988772 -7.038910653390531
v 5.245232033895718 37.52489144988772 -11.08598675341841
v 5.245232033895718 35.7356158669586 -11.08598675341841
v 5.245232658026737 37.52489144988772 -7.038910653390531
v 5.245232033895718 35.7356158669586 -11.08598675341841
v 5.245232658026737 35.7356158669586 -7.038910653390531
v 5.245232033895718 37.52489144988772 -11.08598675341841
v 9.13708775625281 37.52489144988772 -11.08598675341841
v 9.13708775625281 35.7356158669586 -11.08598675341841
v 5.245232033895718 37.52489144988772 -11.08598675341841
v 9.13708775625281 35.7356158669586 -11.08598675341841
v 5.245232033895718 35.7356158669586 -11.08598675341841
v 9.13708775625281 37.52489144988772 -11.08598675341841
v 9.13708775625281 37.52489144988772 -7.038910653390531
v 9.13708775625281 35.7356158669586 -7.038910653390531
v 9.13708775625281 37.52489144988772 -11.08598675341841
v 9.13708775625281 35.7356158669586 -7.038910653390531
v 9.13708775625281 35.7356158669586 -11.08598675341841
v -5.245213934096171 37.52489144988772 -7.038910653390531
v -9.137080890811603 37.52489144988772 -7.038910653390531
v -9.137080890811603 35.7356158669586 -7.038910653390531
v -5.245213934096171 37.52489144988772 -7.038910653390531
v -9.137080890811603 35.7356158669586 -7.038910653390531
v -5.245213934096171 35.7356158669586 -7.038910653390531
v -9.137080890811603 37.52489144988772 -7.038910653390531
v -9.137080890811603 37.52489144988772 -11.08598675341841
v -9.137080890811603 35.7356158669586 -11.08598675341841
v -9.137080890811603 37.52489144988772 -7.038910653390531
v -9.137080890811603 35.7356158669586 -11.08598675341841
v -9.137080890811603 35.7356158669586 -7.038910653390531
v -9.137080890811603 37.52489144988772 -11.08598675341841
v -5.245213309965152 37.52489144988772 -11.08598675341841
v -5.245213309965152 35.7356158669586 -11.08598675341841
v -9.137080890811603 37.52489144988772 -11.08598675341841
v -5.245213309965152 35.7356158669586 -11.08598675341841
v -9.137080890811603 35.7356158669586 -11.08598675341841
v -5.245213309965152 37.52489144988772 -11.08598675341841
v -5.245213934096171 37.52489144988772 -7.038910653390531
v -5.245213934096171 35.7356158669586 -7.038910653390531
v -5.245213309965152 37.52489144988772 -11.08598675341841
v -5.245213934096171 35.7356158669586 -7.038910653390531
v -5.245213309965152 35.7356158669586 -11.08598675341841
v 5.245232033895718 37.52489144988772 11.085979180863774
v 5.245232658026737 37.52489144988772 7.03889399377033
v 5.245232658026737 35.7356158669586 7.03889399377033
v 5.245232033895718 37.52489144988772 11.085979180863774
v 5.245232658026737 35.7356158669586 7.03889399377033
v 5.245232033895718 35.7356158669586 11.085979180863774
v 5.245232658026737 37.52489144988772 7.03889399377033
v 9.137086507990773 37.52489144988772 7.03889399377033
v 9.137086507990773 35.7356158669586 7.03889399377033
v 5.245232658026737 37.52489144988772 7.03889399377033
v 9.137086507990773 35.7356158669586 7.03889399377033
v 5.245232658026737 35.7356158669586 7.03889399377033
v 9.137086507990773 37.52489144988772 7.03889399377033
v 9.13708775625281 37.52489144988772 11.085979180863774
v 9.13708775625281 35.7356158669586 11.085979180863774
v 9.137086507990773 37.52489144988772 7.03889399377033
v 9.13708775625281 35.7356158669586 11.085979180863774
v 9.137086507990773 35.7356158669586 7.03889399377033
v 9.13708775625281 37.52489144988772 11.085979180863774
v 5.245232033895718 37.52489144988772 11.085979180863774
v 5.245232033895718 35.7356158669586 11.085979180863774
v 9.13708775625281 37.52489144988772 11.085979180863774
v 5.245232033895718 35.7356158669586 11.085979180863774
v 9.13708775625281 35.7356158669586 11.085979180863774
v -9.137080890811603 37.52489144988772 11.085979180863774
v -9.137080890811603 37.52489144988772 7.03889399377033
v -9.137080890811603 35.7356158669586 7.03889399377033
v -9.137080890811603 37.52489144988772 11.085979180863774
v -9.137080890811603 35.7356158669586 7.03889399377033
v -9.137080890811603 35.7356158669586 11.085979180863774
v -9.137080890811603 37.52489144988772 7.03889399377033
v -5.245213309965152 37.52489144988772 7.03889399377033
v -5.245213309965152 35.7356158669586 7.03889399377033
v -9.137080890811603 37.52489144988772 7.03889399377033
v -5.245213309965152 35.7356158669586 7.03889399377033
v -9.137080890811603 35.7356158669586 7.03889399377033
v -5.245213309965152 37.52489144988772 7.03889399377033
v -5.245213309965152 37.52489144988772 11.085979180863774
v -5.245213309965152 35.7356158669586 11.085979180863774
v -5.245213309965152 37.52489144988772 7.03889399377033
v -5.245213309965152 35.7356158669586 11.085979180863774
v -5.245213309965152 35.7356158669586 7.03889399377033
v -5.245213309965152 37.52489144988772 11.085979180863774
v -9.137080890811603 37.52489144988772 11.085979180863774
v -9.137080890811603 35.7356158669586 11.085979180863774
v -5.245213309965152 37.52489144988772 11.085979180863774
v -9.137080890811603 35.7356158669586 11.085979180863774
v -5.245213309965152 35.7356158669586 11.085979180863774
v 5.245232658026737 37.52489144988772 7.03889399377033
v -5.245213309965152 37.52489144988772 7.03889399377033
v -5.245213309965152 36.22489163350042 7.03889399377033
v 5.245232658026737 37.52489144988772 7.03889399377033
v -5.245213309965152 36.22489163350042 7.03889399377033
v 5.245232658026737 36.22489163350042 7.03889399377033
v -5.245213309965152 37.52489144988772 7.03889399377033
v -5.245213934096171 37.52489144988772 -7.038910653390531
v -5.245213934096171 36.22489163350042 -7.038909896135067
v -5.245213309965152 37.52489144988772 7.03889399377033
v -5.245213934096171 36.22489163350042 -7.038909896135067
v -5.245213309965152 36.22489163350042 7.03889399377033
v -5.245213934096171 37.52489144988772 -7.038910653390531
v 5.245232658026737 37.52489144988772 -7.038910653390531
v 5.245232658026737 36.22489163350042 -7.038909896135067
v -5.245213934096171 37.52489144988772 -7.038910653390531
v 5.245232658026737 36.22489163350042 -7.038909896135067
v -5.245213934096171 36.22489163350042 -7.038909896135067
v 5.245232658026737 37.52489144988772 -7.038910653390531
v 5.245232658026737 37.52489144988772 7.03889399377033
v 5.245232658026737 36.22489163350042 7.03889399377033
v 5.245232658026737 37.52489144988772 -7.038910653390531
v 5.245232658026737 36.22489163350042 7.03889399377033
v 5.245232658026737 36.22489163350042 -7.038909896135067
v 9.13708775625281 35.7356158669586 -7.038910653390531
v 5.245232658026737 35.7356158669586 -7.038910653390531
v 5.745232130944373 34.93561570823999 -7.538909776430387
v 9.13708775625281 35.7356158669586 -7.038910653390531
v 5.745232130944373 34.93561570823999 -7.538909776430387
v 8.637087659204155 34.93561570823999 -7.538909776430387
v 5.245232658026737 35.7356158669586 -7.038910653390531
v 5.245232033895718 35.7356158669586 -11.08598675341841
v 5.745232130944373 34.93561570823999 -10.58598687312309
v 5.245232658026737 35.7356158669586 -7.038910653390531
v 5.745232130944373 34.93561570823999 -10.58598687312309
v 5.745232130944373 34.93561570823999 -7.538909776430387
v 5.245232033895718 35.7356158669586 -11.08598675341841
v 9.13708775625281 35.7356158669586 -11.08598675341841
v 8.637087659204155 34.93561570823999 -10.58598687312309
v 5.245232033895718 35.7356158669586 -11.08598675341841
v 8.637087659204155 34.93561570823999 -10.58598687312309
v 5.745232130944373 34.93561570823999 -10.58598687312309
v 9.13708775625281 35.7356158669586 -11.08598675341841
v 9.13708775625281 35.7356158669586 -7.038910653390531
v 8.637087659204155 34.93561570823999 -7.538909776430387
v 9.13708775625281 35.7356158669586 -11.08598675341841
v 8.637087659204155 34.93561570823999 -7.538909776430387
v 8.637087659204155 34.93561570823999 -10.58598687312309
v -5.245213934096171 35.7356158669586 -7.038910653390531
v -9.137080890811603 35.7356158669586 -7.038910653390531
v -8.637080793762948 34.93561570823999 -7.538909776430387
v -5.245213934096171 35.7356158669586 -7.038910653390531
v -8.637080793762948 34.93561570823999 -7.538909776430387
v -5.745214031144826 34.93561570823999 -7.538909776430387
v -9.137080890811603 35.7356158669586 -7.038910653390531
v -9.137080890811603 35.7356158669586 -11.08598675341841
v -8.637080793762948 34.93561570823999 -10.58598687312309
v -9.137080890811603 35.7356158669586 -7.038910653390531
v -8.637080793762948 34.93561570823999 -10.58598687312309
v -8.637080793762948 34.93561570823999 -7.538909776430387
v -9.137080890811603 35.7356158669586 -11.08598675341841
v -5.245213309965152 35.7356158669586 -11.08598675341841
v -5.745213407013807 34.93561570823999 -10.58598687312309
v -9.137080890811603 35.7356158669586 -11.08598675341841
v -5.745213407013807 34.93561570823999 -10.58598687312309
v -8.637080793762948 34.93561570823999 -10.58598687312309
v -5.245213309965152 35.7356158669586 -11.08598675341841
v -5.245213934096171 35.7356158669586 -7.038910653390531
v -5.745214031144826 34.93561570823999 -7.538909776430387
v -5.245213309965152 35.7356158669586 -11.08598675341841
v -5.745214031144826 34.93561570823999 -7.538909776430387
v -5.745213407013807 34.93561570823999 -10.58598687312309
v 5.245232033895718 35.7356158669586 11.085979180863774
v 5.245232658026737 35.7356158669586 7.03889399377033
v 5.745232130944373 34.93561570823999 7.538893116810186
v 5.245232033895718 35.7356158669586 11.085979180863774
v 5.745232130944373 34.93561570823999 7.538893116810186
v 5.745232130944373 34.93561570823999 10.585979300568454
v 5.245232658026737 35.7356158669586 7.03889399377033
v 9.137086507990773 35.7356158669586 7.03889399377033
v 8.637086410942118 34.93561570823999 7.538893116810186
v 5.245232658026737 35.7356158669586 7.03889399377033
v 8.637086410942118 34.93561570823999 7.538893116810186
v 5.745232130944373 34.93561570823999 7.538893116810186
v 9.137086507990773 35.7356158669586 7.03889399377033
v 9.13708775625281 35.7356158669586 11.085979180863774
v 8.637087659204155 34.93561570823999 10.585979300568454
v 9.137086507990773 35.7356158669586 7.03889399377033
v 8.637087659204155 34.93561570823999 10.585979300568454
v 8.637086410942118 34.93561570823999 7.538893116810186
v 9.13708775625281 35.7356158669586 11.085979180863774
v 5.245232033895718 35.7356158669586 11.085979180863774
v 5.745232130944373 34.93561570823999 10.585979300568454
v 9.13708775625281 35.7356158669586 11.085979180863774
v 5.745232130944373 34.93561570823999 10.585979300568454
v 8.637087659204155 34.93561570823999 10.585979300568454
v -9.137080890811603 35.7356158669586 11.085979180863774
v -9.137080890811603 35.7356158669586 7.03889399377033
v -8.637080793762948 34.93561570823999 7.538893116810186
v -9.137080890811603 35.7356158669586 11.085979180863774
v -8.637080793762948 34.93561570823999 7.538893116810186
v -8.637080793762948 34.93561570823999 10.585979300568454
v -9.137080890811603 35.7356158669586 7.03889399377033
v -5.245213309965152 35.7356158669586 7.03889399377033
v -5.745213407013807 34.93561570823999 7.538893116810186
v -9.137080890811603 35.7356158669586 7.03889399377033
v -5.745213407013807 34.93561570823999 7.538893116810186
v -8.637080793762948 34.93561570823999 7.538893116810186
v -5.245213309965152 35.7356158669586 7.03889399377033
v -5.245213309965152 35.7356158669586 11.085979180863774
v -5.745213407013807 34.93561570823999 10.585979300568454
v -5.245213309965152 35.7356158669586 7.03889399377033
v -5.745213407013807 34.93561570823999 10.585979300568454
v -5.745213407013807 34.93561570823999 7.538893116810186
v -5.245213309965152 35.7356158669586 11.085979180863774
v -9.137080890811603 35.7356158669586 11.085979180863774
v -8.637080793762948 34.93561570823999 10.585979300568454
v -5.245213309965152 35.7356158669586 11.085979180863774
v -8.637080793762948 34.93561570823999 10.585979300568454
v -5.745213407013807 34.93561570823999 10.585979300568454
v 8.637087659204155 34.93561570823999 -7.538909776430387
v 5.745232130944373 34.93561570823999 -7.538909776430387
v 6.145232083757094 34.93561570823999 -7.938910286471014
v 8.637087659204155 34.93561570823999 -7.538909776430387
v 6.145232083757094 34.93561570823999 -7.938910286471014
v 8.237087082260416 34.93561570823999 -7.938910286471014
v 5.745232130944373 34.93561570823999 -7.538909776430387
v 5.745232130944373 34.93561570823999 -10.58598687312309
v 6.145232083757094 34.93561570823999 -10.185987120337927
v 5.745232130944373 34.93561570823999 -7.538909776430387
v 6.145232083757094 34.93561570823999 -10.185987120337927
v 6.145232083757094 34.93561570823999 -7.938910286471014
v 5.745232130944373 34.93561570823999 -10.58598687312309
v 8.637087659204155 34.93561570823999 -10.58598687312309
v 8.237087082260416 34.93561570823999 -10.185987120337927
v 5.745232130944373 34.93561570823999 -10.58598687312309
v 8.237087082260416 34.93561570823999 -10.185987120337927
v 6.145232083757094 34.93561570823999 -10.185987120337927
v 8.637087659204155 34.93561570823999 -10.58598687312309
v 8.637087659204155 34.93561570823999 -7.538909776430387
v 8.237087082260416 34.93561570823999 -7.938910286471014
v 8.637087659204155 34.93561570823999 -10.58598687312309
v 8.237087082260416 34.93561570823999 -7.938910286471014
v 8.237087082260416 34.93561570823999 -10.185987120337927
v -5.745214031144826 34.93561570823999 -7.538909776430387
v -8.637080793762948 34.93561570823999 -7.538909776430387
v -8.237081465081246 34.93561570823999 -7.938910286471014
v -5.745214031144826 34.93561570823999 -7.538909776430387
v -8.237081465081246 34.93561570823999 -7.938910286471014
v -6.145213983957547 34.93561570823999 -7.938910286471014
v -8.637080793762948 34.93561570823999 -7.538909776430387
v -8.637080793762948 34.93561570823999 -10.58598687312309
v -8.237081465081246 34.93561570823999 -10.185987120337927
v -8.637080793762948 34.93561570823999 -7.538909776430387
v -8.237081465081246 34.93561570823999 -10.185987120337927
v -8.237081465081246 34.93561570823999 -7.938910286471014
v -8.637080793762948 34.93561570823999 -10.58598687312309
v -5.745213407013807 34.93561570823999 -10.58598687312309
v -6.14521211156449 34.93561570823999 -10.185987120337927
v -8.637080793762948 34.93561570823999 -10.58598687312309
v -6.14521211156449 34.93561570823999 -10.185987120337927
v -8.237081465081246 34.93561570823999 -10.185987120337927
v -5.745213407013807 34.93561570823999 -10.58598687312309
v -5.745214031144826 34.93561570823999 -7.538909776430387
v -6.145213983957547 34.93561570823999 -7.938910286471014
v -5.745213407013807 34.93561570823999 -10.58598687312309
v -6.145213983957547 34.93561570823999 -7.938910286471014
v -6.14521211156449 34.93561570823999 -10.185987120337927
v 5.745232130944373 34.93561570823999 10.585979300568454
v 5.745232130944373 34.93561570823999 7.538893116810186
v 6.145232083757094 34.93561570823999 7.938893626850813
v 5.745232130944373 34.93561570823999 10.585979300568454
v 6.145232083757094 34.93561570823999 7.938893626850813
v 6.145232083757094 34.93561570823999 10.18597954778329
v 5.745232130944373 34.93561570823999 7.538893116810186
v 8.637086410942118 34.93561570823999 7.538893116810186
v 8.237087082260416 34.93561570823999 7.938893626850813
v 5.745232130944373 34.93561570823999 7.538893116810186
v 8.237087082260416 34.93561570823999 7.938893626850813
v 6.145232083757094 34.93561570823999 7.938893626850813
v 8.637086410942118 34.93561570823999 7.538893116810186
v 8.637087659204155 34.93561570823999 10.585979300568454
v 8.237087082260416 34.93561570823999 10.18597954778329
v 8.637086410942118 34.93561570823999 7.538893116810186
v 8.237087082260416 34.93561570823999 10.18597954778329
v 8.237087082260416 34.93561570823999 7.938893626850813
v 8.637087659204155 34.93561570823999 10.585979300568454
v 5.745232130944373 34.93561570823999 10.585979300568454
v 6.145232083757094 34.93561570823999 10.18597954778329
v 8.637087659204155 34.93561570823999 10.585979300568454
v 6.145232083757094 34.93561570823999 10.18597954778329
v 8.237087082260416 34.93561570823999 10.18597954778329
v -8.637080793762948 34.93561570823999 10.585979300568454
v -8.637080793762948 34.93561570823999 7.538893116810186
v -8.237081465081246 34.93561570823999 7.938893626850813
v -8.637080793762948 34.93561570823999 10.585979300568454
v -8.237081465081246 34.93561570823999 7.938893626850813
v -8.237081465081246 34.93561570823999 10.18597954778329
v -8.637080793762948 34.93561570823999 7.538893116810186
v -5.745213407013807 34.93561570823999 7.538893116810186
v -6.14521211156449 34.93561570823999 7.938893626850813
v -8.637080793762948 34.93561570823999 7.538893116810186
v -6.14521211156449 34.93561570823999 7.938893626850813
v -8.237081465081246 34.93561570823999 7.938893626850813
v -5.745213407013807 34.93561570823999 7.538893116810186
v -5.745213407013807 34.93561570823999 10.585979300568454
v -6.14521211156449 34.93561570823999 10.18597954778329
v -5.745213407013807 34.93561570823999 7.538893116810186
v -6.14521211156449 34.93561570823999 10.18597954778329
v -6.14521211156449 34.93561570823999 7.938893626850813
v -5.745213407013807 34.93561570823999 10.585979300568454
v -8.637080793762948 34.93561570823999 10.585979300568454
v -8.237081465081246 34.93561570823999 10.18597954778329
v -5.745213407013807 34.93561570823999 10.585979300568454
v -8.237081465081246 34.93561570823999 10.18597954778329
v -6.14521211156449 34.93561570823999 10.18597954778329
v 8.237087082260416 31.335616760128005 -7.938910286471014
v 6.145232083757094 31.335616760128005 -7.938910286471014
v 6.5452307883077765 31.135617603509218 -8.338910039256177
v 8.237087082260416 31.335616760128005 -7.938910286471014
v 6.5452307883077765 31.135617603509218 -8.338910039256177
v 7.837087129447696 31.135617603509218 -8.338910039256177
v 6.145232083757094 31.335616760128005 -7.938910286471014
v 6.145232083757094 31.335616760128005 -10.185987120337927
v 6.5452307883077765 31.135617603509218 -9.7859866102973
v 6.145232083757094 31.335616760128005 -7.938910286471014
v 6.5452307883077765 31.135617603509218 -9.7859866102973
v 6.5452307883077765 31.135617603509218 -8.338910039256177
v 6.145232083757094 31.335616760128005 -10.185987120337927
v 8.237087082260416 31.335616760128005 -10.185987120337927
v 7.837087129447696 31.135617603509218 -9.7859866102973
v 6.145232083757094 31.335616760128005 -10.185987120337927
v 7.837087129447696 31.135617603509218 -9.7859866102973
v 6.5452307883077765 31.135617603509218 -9.7859866102973
v 8.237087082260416 31.335616760128005 -10.185987120337927
v 8.237087082260416 31.335616760128005 -7.938910286471014
v 7.837087129447696 31.135617603509218 -8.338910039256177
v 8.237087082260416 31.335616760128005 -10.185987120337927
v 7.837087129447696 31.135617603509218 -8.338910039256177
v 7.837087129447696 31.135617603509218 -9.7859866102973
v -6.145213983957547 31.335616760128005 -7.938914072748332
v -8.237081465081246 31.335616760128005 -7.938914072748332
v -7.837080888137507 31.135617603509218 -8.338913825533496
v -6.145213983957547 31.335616760128005 -7.938914072748332
v -7.837080888137507 31.135617603509218 -8.338913825533496
v -6.545213312639248 31.135617603509218 -8.338913825533496
v -8.237081465081246 31.335616760128005 -7.938914072748332
v -8.237081465081246 31.335616760128005 -10.185990906615245
v -7.837080888137507 31.135617603509218 -9.785990396574618
v -8.237081465081246 31.335616760128005 -7.938914072748332
v -7.837080888137507 31.135617603509218 -9.785990396574618
v -7.837080888137507 31.135617603509218 -8.338913825533496
v -8.237081465081246 31.335616760128005 -10.185990906615245
v -6.145212735695509 31.335616760128005 -10.185990906615245
v -6.545213312639248 31.135617603509218 -9.785990396574618
v -8.237081465081246 31.335616760128005 -10.185990906615245
v -6.545213312639248 31.135617603509218 -9.785990396574618
v -7.837080888137507 31.135617603509218 -9.785990396574618
v -6.145212735695509 31.335616760128005 -10.185990906615245
v -6.145213983957547 31.335616760128005 -7.938914072748332
v -6.545213312639248 31.135617603509218 -8.338913825533496
v -6.145212735695509 31.335616760128005 -10.185990906615245
v -6.545213312639248 31.135617603509218 -8.338913825533496
v -6.545213312639248 31.135617603509218 -9.785990396574618
v 6.145232083757094 31.335616760128005 10.18597954778329
v 6.145232083757094 31.335616760128005 7.938893626850813
v 6.5452307883077765 31.135617603509218 8.338892622380513
v 6.145232083757094 31.335616760128005 10.18597954778329
v 6.5452307883077765 31.135617603509218 8.338892622380513
v 6.5452307883077765 31.135617603509218 9.785979794998127
v 6.145232083757094 31.335616760128005 7.938893626850813
v 8.237087082260416 31.335616760128005 7.938893626850813
v 7.837087129447696 31.135617603509218 8.338892622380513
v 6.145232083757094 31.335616760128005 7.938893626850813
v 7.837087129447696 31.135617603509218 8.338892622380513
v 6.5452307883077765 31.135617603509218 8.338892622380513
v 8.237087082260416 31.335616760128005 7.938893626850813
v 8.237087082260416 31.335616760128005 10.18597954778329
v 7.837087129447696 31.135617603509218 9.785979794998127
v 8.237087082260416 31.335616760128005 7.938893626850813
v 7.837087129447696 31.135617603509218 9.785979794998127
v 7.837087129447696 31.135617603509218 8.338892622380513
v 8.237087082260416 31.335616760128005 10.18597954778329
v 6.145232083757094 31.335616760128005 10.18597954778329
v 6.5452307883077765 31.135617603509218 9.785979794998127
v 8.237087082260416 31.335616760128005 10.18597954778329
v 6.5452307883077765 31.135617603509218 9.785979794998127
v 7.837087129447696 31.135617603509218 9.785979794998127
v -8.237081465081246 31.335616760128005 10.18597954778329
v -8.237081465081246 31.335616760128005 7.938893626850813
v -7.837080888137507 31.135617603509218 8.338892622380513
v -8.237081465081246 31.335616760128005 10.18597954778329
v -7.837080888137507 31.135617603509218 8.338892622380513
v -7.837080888137507 31.135617603509218 9.785979794998127
v -8.237081465081246 31.335616760128005 7.938893626850813
v -6.14521211156449 31.335616760128005 7.938893626850813
v -6.545212688508229 31.135617603509218 8.338892622380513
v -8.237081465081246 31.335616760128005 7.938893626850813
v -6.545212688508229 31.135617603509218 8.338892622380513
v -7.837080888137507 31.135617603509218 8.338892622380513
v -6.14521211156449 31.335616760128005 7.938893626850813
v -6.14521211156449 31.335616760128005 10.18597954778329
v -6.545212688508229 31.135617603509218 9.785979794998127
v -6.14521211156449 31.335616760128005 7.938893626850813
v -6.545212688508229 31.135617603509218 9.785979794998127
v -6.545212688508229 31.135617603509218 8.338892622380513
v -6.14521211156449 31.335616760128005 10.18597954778329
v -8.237081465081246 31.335616760128005 10.18597954778329
v -7.837080888137507 31.135617603509218 9.785979794998127
v -6.14521211156449 31.335616760128005 10.18597954778329
v -7.837080888137507 31.135617603509218 9.785979794998127
v -6.545212688508229 31.135617603509218 9.785979794998127
v 6.145232083757094 32.68561548260914 -7.938910286471014
v 8.237087082260416 32.68561548260914 -7.938910286471014
v 7.879224711055485 33.135616234184 -8.323325721813887
v 6.145232083757094 32.68561548260914 -7.938910286471014
v 7.879224711055485 33.135616234184 -8.323325721813887
v 6.503093206699987 33.135616234184 -8.323325721813887
v 6.145232083757094 32.68561548260914 -10.185987120337927
v 6.145232083757094 32.68561548260914 -7.938910286471014
v 6.503093206699987 33.135616234184 -8.323325721813887
v 6.145232083757094 32.68561548260914 -10.185987120337927
v 6.503093206699987 33.135616234184 -8.323325721813887
v 6.503093206699987 33.135616234184 -9.801571684995054
v 8.237087082260416 32.68561548260914 -10.185987120337927
v 6.145232083757094 32.68561548260914 -10.185987120337927
v 6.503093206699987 33.135616234184 -9.801571684995054
v 8.237087082260416 32.68561548260914 -10.185987120337927
v 6.503093206699987 33.135616234184 -9.801571684995054
v 7.879224711055485 33.135616234184 -9.801571684995054
v 8.237087082260416 32.68561548260914 -7.938910286471014
v 8.237087082260416 32.68561548260914 -10.185987120337927
v 7.879224711055485 33.135616234184 -9.801571684995054
v 8.237087082260416 32.68561548260914 -7.938910286471014
v 7.879224711055485 33.135616234184 -9.801571684995054
v 7.879224711055485 33.135616234184 -8.323325721813887
v -8.237081465081246 32.68561548260914 -7.938911800981941
v -6.145213983957547 32.68561548260914 -7.938911800981941
v -6.483061721649449 33.135616234184 -8.30182723920035
v -8.237081465081246 32.68561548260914 -7.938911800981941
v -6.483061721649449 33.135616234184 -8.30182723920035
v -7.899233103258325 33.135616234184 -8.30182723920035
v -8.237081465081246 32.68561548260914 -10.185987120337927
v -8.237081465081246 32.68561548260914 -7.938911800981941
v -7.899233103258325 33.135616234184 -8.30182723920035
v -8.237081465081246 32.68561548260914 -10.185987120337927
v -7.899233103258325 33.135616234184 -8.30182723920035
v -7.899233103258325 33.135616234184 -9.823073196630446
v -6.14521211156449 32.68561548260914 -10.185987120337927
v -8.237081465081246 32.68561548260914 -10.185987120337927
v -7.899233103258325 33.135616234184 -9.823073196630446
v -6.14521211156449 32.68561548260914 -10.185987120337927
v -7.899233103258325 33.135616234184 -9.823073196630446
v -6.483059849256392 33.135616234184 -9.823073196630446
v -6.145213983957547 32.68561548260914 -7.938911800981941
v -6.14521211156449 32.68561548260914 -10.185987120337927
v -6.483059849256392 33.135616234184 -9.823073196630446
v -6.145213983957547 32.68561548260914 -7.938911800981941
v -6.483059849256392 33.135616234184 -9.823073196630446
v -6.483061721649449 33.135616234184 -8.30182723920035
v 6.145232083757094 32.68561548260914 7.938893626850813
v 6.145232083757094 32.68561548260914 10.18597954778329
v 6.527638407278971 33.135616234184 9.77519571994003
v 6.145232083757094 32.68561548260914 7.938893626850813
v 6.527638407278971 33.135616234184 9.77519571994003
v 6.527638407278971 33.135616234184 8.34967669743861
v 8.237087082260416 32.68561548260914 7.938893626850813
v 6.145232083757094 32.68561548260914 7.938893626850813
v 6.527638407278971 33.135616234184 8.34967669743861
v 8.237087082260416 32.68561548260914 7.938893626850813
v 6.527638407278971 33.135616234184 8.34967669743861
v 7.854679510476501 33.135616234184 8.34967669743861
v 8.237087082260416 32.68561548260914 10.18597954778329
v 8.237087082260416 32.68561548260914 7.938893626850813
v 7.854679510476501 33.135616234184 8.34967669743861
v 8.237087082260416 32.68561548260914 10.18597954778329
v 7.854679510476501 33.135616234184 8.34967669743861
v 7.854679510476501 33.135616234184 9.77519571994003
v 6.145232083757094 32.68561548260914 10.18597954778329
v 8.237087082260416 32.68561548260914 10.18597954778329
v 7.854679510476501 33.135616234184 9.77519571994003
v 6.145232083757094 32.68561548260914 10.18597954778329
v 7.854679510476501 33.135616234184 9.77519571994003
v 6.527638407278971 33.135616234184 9.77519571994003
v -8.237081465081246 32.68561548260914 7.938893626850813
v -8.237081465081246 32.68561548260914 10.18597954778329
v -7.889139032290188 33.135616234184 9.812220211325155
v -8.237081465081246 32.68561548260914 7.938893626850813
v -7.889139032290188 33.135616234184 9.812220211325155
v -7.889139032290188 33.135616234184 8.312652206053485
v -6.14521211156449 32.68561548260914 7.938893626850813
v -8.237081465081246 32.68561548260914 7.938893626850813
v -7.889139032290188 33.135616234184 8.312652206053485
v -6.14521211156449 32.68561548260914 7.938893626850813
v -7.889139032290188 33.135616234184 8.312652206053485
v -6.493152047831472 33.135616234184 8.312652206053485
v -6.14521211156449 32.68561548260914 10.18597954778329
v -6.14521211156449 32.68561548260914 7.938893626850813
v -6.493152047831472 33.135616234184 8.312652206053485
v -6.14521211156449 32.68561548260914 10.18597954778329
v -6.493152047831472 33.135616234184 8.312652206053485
v -6.493152047831472 33.135616234184 9.812220211325155
v -8.237081465081246 32.68561548260914 10.18597954778329
v -6.14521211156449 32.68561548260914 10.18597954778329
v -6.493152047831472 33.135616234184 9.812220211325155
v -8.237081465081246 32.68561548260914 10.18597954778329
v -6.493152047831472 33.135616234184 9.812220211325155
v -7.889139032290188 33.135616234184 9.812220211325155
v 6.04736896412976 34.48561495666513 -10.291111595570726
v 6.04736896412976 34.48561495666513 -7.833785811238215
v 6.145232083757094 34.93561570823999 -7.938910286471014
v 6.04736896412976 34.48561495666513 -10.291111595570726
v 6.145232083757094 34.93561570823999 -7.938910286471014
v 6.145232083757094 34.93561570823999 -10.185987120337927
v 8.334948329494694 34.48561495666513 -10.291111595570726
v 6.04736896412976 34.48561495666513 -10.291111595570726
v 6.145232083757094 34.93561570823999 -10.185987120337927
v 8.334948329494694 34.48561495666513 -10.291111595570726
v 6.145232083757094 34.93561570823999 -10.185987120337927
v 8.237087082260416 34.93561570823999 -10.185987120337927
v 8.334948329494694 34.48561495666513 -7.833785811238215
v 8.334948329494694 34.48561495666513 -10.291111595570726
v 8.237087082260416 34.93561570823999 -10.185987120337927
v 8.334948329494694 34.48561495666513 -7.833785811238215
v 8.237087082260416 34.93561570823999 -10.185987120337927
v 8.237087082260416 34.93561570823999 -7.938910286471014
v 6.04736896412976 34.48561495666513 -7.833785811238215
v 8.334948329494694 34.48561495666513 -7.833785811238215
v 8.237087082260416 34.93561570823999 -7.938910286471014
v 6.04736896412976 34.48561495666513 -7.833785811238215
v 8.237087082260416 34.93561570823999 -7.938910286471014
v 6.145232083757094 34.93561570823999 -7.938910286471014
v -8.35236345731414 34.48561495666513 -10.309822620822501
v -8.35236345731414 34.48561495666513 -7.81507478598644
v -8.237081465081246 34.93561570823999 -7.938910286471014
v -8.35236345731414 34.48561495666513 -10.309822620822501
v -8.237081465081246 34.93561570823999 -7.938910286471014
v -8.237081465081246 34.93561570823999 -10.185987120337927
v -6.0299301193315955 34.48561495666513 -10.309822620822501
v -8.35236345731414 34.48561495666513 -10.309822620822501
v -8.237081465081246 34.93561570823999 -10.185987120337927
v -6.0299301193315955 34.48561495666513 -10.309822620822501
v -8.237081465081246 34.93561570823999 -10.185987120337927
v -6.14521211156449 34.93561570823999 -10.185987120337927
v -6.029931991724652 34.48561495666513 -7.81507478598644
v -6.0299301193315955 34.48561495666513 -10.309822620822501
v -6.14521211156449 34.93561570823999 -10.185987120337927
v -6.029931991724652 34.48561495666513 -7.81507478598644
v -6.14521211156449 34.93561570823999 -10.185987120337927
v -6.145213983957547 34.93561570823999 -7.938910286471014
v -8.35236345731414 34.48561495666513 -7.81507478598644
v -6.029931991724652 34.48561495666513 -7.81507478598644
v -6.145213983957547 34.93561570823999 -7.938910286471014
v -8.35236345731414 34.48561495666513 -7.81507478598644
v -6.145213983957547 34.93561570823999 -7.938910286471014
v -8.237081465081246 34.93561570823999 -7.938910286471014
v 8.341035479321704 34.48561495666513 7.82723025068924
v 6.041283062564787 34.48561495666513 7.82723025068924
v 6.145232083757094 34.93561570823999 7.938893626850813
v 8.341035479321704 34.48561495666513 7.82723025068924
v 6.145232083757094 34.93561570823999 7.938893626850813
v 8.237087082260416 34.93561570823999 7.938893626850813
v 8.341035479321704 34.48561495666513 10.297641409433936
v 8.341035479321704 34.48561495666513 7.82723025068924
v 8.237087082260416 34.93561570823999 7.938893626850813
v 8.341035479321704 34.48561495666513 10.297641409433936
v 8.237087082260416 34.93561570823999 7.938893626850813
v 8.237087082260416 34.93561570823999 10.18597954778329
v 6.041283062564787 34.48561495666513 10.297641409433936
v 8.341035479321704 34.48561495666513 10.297641409433936
v 8.237087082260416 34.93561570823999 10.18597954778329
v 6.041283062564787 34.48561495666513 10.297641409433936
v 8.237087082260416 34.93561570823999 10.18597954778329
v 6.145232083757094 34.93561570823999 10.18597954778329
v 6.041283062564787 34.48561495666513 7.82723025068924
v 6.041283062564787 34.48561495666513 10.297641409433936
v 6.145232083757094 34.93561570823999 10.18597954778329
v 6.041283062564787 34.48561495666513 7.82723025068924
v 6.145232083757094 34.93561570823999 10.18597954778329
v 6.145232083757094 34.93561570823999 7.938893626850813
v -6.037036475112416 34.48561495666513 7.8226912614400135
v -8.345256477402302 34.48561495666513 7.8226912614400135
v -8.237081465081246 34.93561570823999 7.938893626850813
v -6.037036475112416 34.48561495666513 7.8226912614400135
v -8.237081465081246 34.93561570823999 7.938893626850813
v -6.14521211156449 34.93561570823999 7.938893626850813
v -6.037036475112416 34.48561495666513 10.302178884172235
v -6.037036475112416 34.48561495666513 7.8226912614400135
v -6.14521211156449 34.93561570823999 7.938893626850813
v -6.037036475112416 34.48561495666513 10.302178884172235
v -6.14521211156449 34.93561570823999 7.938893626850813
v -6.14521211156449 34.93561570823999 10.18597954778329
v -8.345256477402302 34.48561495666513 10.302178884172235
v -6.037036475112416 34.48561495666513 10.302178884172235
v -6.14521211156449 34.93561570823999 10.18597954778329
v -8.345256477402302 34.48561495666513 10.302178884172235
v -6.14521211156449 34.93561570823999 10.18597954778329
v -8.237081465081246 34.93561570823999 10.18597954778329
v -8.345256477402302 34.48561495666513 7.8226912614400135
v -8.345256477402302 34.48561495666513 10.302178884172235
v -8.237081465081246 34.93561570823999 10.18597954778329
v -8.345256477402302 34.48561495666513 7.8226912614400135
v -8.237081465081246 34.93561570823999 10.18597954778329
v -8.237081465081246 34.93561570823999 7.938893626850813
v 8.092635702729751 31.785617511702867 -8.094079503531248
v 6.28968283915674 31.785617511702867 -8.094079503531248
v 6.145232083757094 31.335616760128005 -7.938910286471014
v 8.092635702729751 31.785617511702867 -8.094079503531248
v 6.145232083757094 31.335616760128005 -7.938910286471014
v 8.237087082260416 31.335616760128005 -7.938910286471014
v 8.092635702729751 31.785617511702867 -8.094079503531248
v 8.237087082260416 32.23561826327773 -7.938910286471014
v 8.237087082260416 32.68561548260914 -7.938910286471014
v 8.092635702729751 31.785617511702867 -8.094079503531248
v 8.237087082260416 32.68561548260914 -7.938910286471014
v 6.145232083757094 32.68561548260914 -7.938910286471014
v 8.092635702729751 31.785617511702867 -8.094079503531248
v 6.145232083757094 32.68561548260914 -7.938910286471014
v 6.145232083757094 32.23561826327773 -7.938910286471014
v 8.092635702729751 31.785617511702867 -8.094079503531248
v 6.145232083757094 32.23561826327773 -7.938910286471014
v 6.28968283915674 31.785617511702867 -8.094079503531248
v 6.145232083757094 32.68561548260914 -10.185987120337927
v 6.145232083757094 32.23561826327773 -10.185987120337927
v 6.145232083757094 32.23561826327773 -7.938910286471014
v 6.145232083757094 32.68561548260914 -10.185987120337927
v 6.145232083757094 32.23561826327773 -7.938910286471014
v 6.145232083757094 32.68561548260914 -7.938910286471014
v 6.28968283915674 31.785617511702867 -8.094079503531248
v 6.28968283915674 31.785617511702867 -10.030815631511302
v 6.145232083757094 31.335616760128005 -10.185987120337927
v 6.28968283915674 31.785617511702867 -8.094079503531248
v 6.145232083757094 31.335616760128005 -10.185987120337927
v 6.145232083757094 31.335616760128005 -7.938910286471014
v 6.28968283915674 31.785617511702867 -8.094079503531248
v 6.145232083757094 32.23561826327773 -7.938910286471014
v 6.145232083757094 32.23561826327773 -10.185987120337927
v 6.28968283915674 31.785617511702867 -8.094079503531248
v 6.145232083757094 32.23561826327773 -10.185987120337927
v 6.28968283915674 31.785617511702867 -10.030815631511302
v 8.237087082260416 32.68561548260914 -10.185987120337927
v 8.237087082260416 32.23561826327773 -10.185987120337927
v 6.145232083757094 32.23561826327773 -10.185987120337927
v 8.237087082260416 32.68561548260914 -10.185987120337927
v 6.145232083757094 32.23561826327773 -10.185987120337927
v 6.145232083757094 32.68561548260914 -10.185987120337927
v 6.28968283915674 31.785617511702867 -10.030815631511302
v 8.092635702729751 31.785617511702867 -10.030815631511302
v 8.237087082260416 31.335616760128005 -10.185987120337927
v 6.28968283915674 31.785617511702867 -10.030815631511302
v 8.237087082260416 31.335616760128005 -10.185987120337927
v 6.145232083757094 31.335616760128005 -10.185987120337927
v 6.28968283915674 31.785617511702867 -10.030815631511302
v 6.145232083757094 32.23561826327773 -10.185987120337927
v 8.237087082260416 32.23561826327773 -10.185987120337927
v 6.28968283915674 31.785617511702867 -10.030815631511302
v 8.237087082260416 32.23561826327773 -10.185987120337927
v 8.092635702729751 31.785617511702867 -10.030815631511302
v 8.237087082260416 32.68561548260914 -7.938910286471014
v 8.237087082260416 32.23561826327773 -7.938910286471014
v 8.237087082260416 32.23561826327773 -10.185987120337927
v 8.237087082260416 32.68561548260914 -7.938910286471014
v 8.237087082260416 32.23561826327773 -10.185987120337927
v 8.237087082260416 32.68561548260914 -10.185987120337927
v 8.092635702729751 31.785617511702867 -10.030815631511302
v 8.092635702729751 31.785617511702867 -8.094079503531248
v 8.237087082260416 31.335616760128005 -7.938910286471014
v 8.092635702729751 31.785617511702867 -10.030815631511302
v 8.237087082260416 31.335616760128005 -7.938910286471014
v 8.237087082260416 31.335616760128005 -10.185987120337927
v 8.092635702729751 31.785617511702867 -10.030815631511302
v 8.237087082260416 32.23561826327773 -10.185987120337927
v 8.237087082260416 32.23561826327773 -7.938910286471014
v 8.092635702729751 31.785617511702867 -10.030815631511302
v 8.237087082260416 32.23561826327773 -7.938910286471014
v 8.092635702729751 31.785617511702867 -8.094079503531248
v -8.237081465081246 32.68561548260914 -7.938911800981941
v -8.237081465081246 32.23561826327773 -7.938913315492869
v -6.145213983957547 32.23561826327773 -7.938913315492869
v -8.237081465081246 32.68561548260914 -7.938911800981941
v -6.145213983957547 32.23561826327773 -7.938913315492869
v -6.145213983957547 32.68561548260914 -7.938911800981941
v -6.305883408013472 31.785617511702867 -8.111503194494787
v -8.076410792763284 31.785617511702867 -8.111503194494787
v -8.237081465081246 31.335616760128005 -7.938914072748332
v -6.305883408013472 31.785617511702867 -8.111503194494787
v -8.237081465081246 31.335616760128005 -7.938914072748332
v -6.145213983957547 31.335616760128005 -7.938914072748332
v -6.305883408013472 31.785617511702867 -8.111503194494787
v -6.145213983957547 32.23561826327773 -7.938913315492869
v -8.237081465081246 32.23561826327773 -7.938913315492869
v -6.305883408013472 31.785617511702867 -8.111503194494787
v -8.237081465081246 32.23561826327773 -7.938913315492869
v -8.076410792763284 31.785617511702867 -8.111503194494787
v -8.237081465081246 32.68561548260914 -10.185987120337927
v -8.237081465081246 32.23561826327773 -10.185990149359782
v -8.237081465081246 32.23561826327773 -7.938913315492869
v -8.237081465081246 32.68561548260914 -10.185987120337927
v -8.237081465081246 32.23561826327773 -7.938913315492869
v -8.237081465081246 32.68561548260914 -7.938911800981941
v -8.076410792763284 31.785617511702867 -8.111503194494787
v -8.076410792763284 31.785617511702867 -10.013398755846936
v -8.237081465081246 31.335616760128005 -10.185990906615245
v -8.076410792763284 31.785617511702867 -8.111503194494787
v -8.237081465081246 31.335616760128005 -10.185990906615245
v -8.237081465081246 31.335616760128005 -7.938914072748332
v -8.076410792763284 31.785617511702867 -8.111503194494787
v -8.237081465081246 32.23561826327773 -7.938913315492869
v -8.237081465081246 32.23561826327773 -10.185990149359782
v -8.076410792763284 31.785617511702867 -8.111503194494787
v -8.237081465081246 32.23561826327773 -10.185990149359782
v -8.076410792763284 31.785617511702867 -10.013398755846936
v -6.14521211156449 32.68561548260914 -10.185987120337927
v -6.14521211156449 32.23561826327773 -10.185990149359782
v -8.237081465081246 32.23561826327773 -10.185990149359782
v -6.14521211156449 32.68561548260914 -10.185987120337927
v -8.237081465081246 32.23561826327773 -10.185990149359782
v -8.237081465081246 32.68561548260914 -10.185987120337927
v -8.076410792763284 31.785617511702867 -10.013398755846936
v -6.305881535620415 31.785617511702867 -10.013398755846936
v -6.145212735695509 31.335616760128005 -10.185990906615245
v -8.076410792763284 31.785617511702867 -10.013398755846936
v -6.145212735695509 31.335616760128005 -10.185990906615245
v -8.237081465081246 31.335616760128005 -10.185990906615245
v -8.076410792763284 31.785617511702867 -10.013398755846936
v -8.237081465081246 32.23561826327773 -10.185990149359782
v -6.14521211156449 32.23561826327773 -10.185990149359782
v -8.076410792763284 31.785617511702867 -10.013398755846936
v -6.14521211156449 32.23561826327773 -10.185990149359782
v -6.305881535620415 31.785617511702867 -10.013398755846936
v -6.145213983957547 32.68561548260914 -7.938911800981941
v -6.145213983957547 32.23561826327773 -7.938913315492869
v -6.14521211156449 32.23561826327773 -10.185990149359782
v -6.145213983957547 32.68561548260914 -7.938911800981941
v -6.14521211156449 32.23561826327773 -10.185990149359782
v -6.14521211156449 32.68561548260914 -10.185987120337927
v -6.305881535620415 31.785617511702867 -10.013398755846936
v -6.305883408013472 31.785617511702867 -8.111503194494787
v -6.145213983957547 31.335616760128005 -7.938914072748332
v -6.305881535620415 31.785617511702867 -10.013398755846936
v -6.145213983957547 31.335616760128005 -7.938914072748332
v -6.145212735695509 31.335616760128005 -10.185990906615245
v -6.305881535620415 31.785617511702867 -10.013398755846936
v -6.14521211156449 32.23561826327773 -10.185990149359782
v -6.145213983957547 32.23561826327773 -7.938913315492869
v -6.305881535620415 31.785617511702867 -10.013398755846936
v -6.145213983957547 32.23561826327773 -7.938913315492869
v -6.305883408013472 31.785617511702867 -8.111503194494787
v 6.145232083757094 32.68561548260914 7.938893626850813
v 6.145232083757094 32.23561826327773 7.938893626850813
v 6.145232083757094 32.23561826327773 10.18597954778329
v 6.145232083757094 32.68561548260914 7.938893626850813
v 6.145232083757094 32.23561826327773 10.18597954778329
v 6.145232083757094 32.68561548260914 10.18597954778329
v 6.319858325656924 31.785617511702867 9.998394496089816
v 6.319858325656924 31.785617511702867 8.126478678544288
v 6.145232083757094 31.335616760128005 7.938893626850813
v 6.319858325656924 31.785617511702867 9.998394496089816
v 6.145232083757094 31.335616760128005 7.938893626850813
v 6.145232083757094 31.335616760128005 10.18597954778329
v 6.319858325656924 31.785617511702867 9.998394496089816
v 6.145232083757094 32.23561826327773 10.18597954778329
v 6.145232083757094 32.23561826327773 7.938893626850813
v 6.319858325656924 31.785617511702867 9.998394496089816
v 6.145232083757094 32.23561826327773 7.938893626850813
v 6.319858325656924 31.785617511702867 8.126478678544288
v 8.237087082260416 32.68561548260914 7.938893626850813
v 8.237087082260416 32.23561826327773 7.938893626850813
v 6.145232083757094 32.23561826327773 7.938893626850813
v 8.237087082260416 32.68561548260914 7.938893626850813
v 6.145232083757094 32.23561826327773 7.938893626850813
v 6.145232083757094 32.68561548260914 7.938893626850813
v 6.319858325656924 31.785617511702867 8.126478678544288
v 8.062459592098548 31.785617511702867 8.126478678544288
v 8.237087082260416 31.335616760128005 7.938893626850813
v 6.319858325656924 31.785617511702867 8.126478678544288
v 8.237087082260416 31.335616760128005 7.938893626850813
v 6.145232083757094 31.335616760128005 7.938893626850813
v 6.319858325656924 31.785617511702867 8.126478678544288
v 6.145232083757094 32.23561826327773 7.938893626850813
v 8.237087082260416 32.23561826327773 7.938893626850813
v 6.319858325656924 31.785617511702867 8.126478678544288
v 8.237087082260416 32.23561826327773 7.938893626850813
v 8.062459592098548 31.785617511702867 8.126478678544288
v 8.237087082260416 32.68561548260914 10.18597954778329
v 8.237087082260416 32.23561826327773 10.18597954778329
v 8.237087082260416 32.23561826327773 7.938893626850813
v 8.237087082260416 32.68561548260914 10.18597954778329
v 8.237087082260416 32.23561826327773 7.938893626850813
v 8.237087082260416 32.68561548260914 7.938893626850813
v 8.062459592098548 31.785617511702867 8.126478678544288
v 8.062459592098548 31.785617511702867 9.998394496089816
v 8.237087082260416 31.335616760128005 10.18597954778329
v 8.062459592098548 31.785617511702867 8.126478678544288
v 8.237087082260416 31.335616760128005 10.18597954778329
v 8.237087082260416 31.335616760128005 7.938893626850813
v 8.062459592098548 31.785617511702867 8.126478678544288
v 8.237087082260416 32.23561826327773 7.938893626850813
v 8.237087082260416 32.23561826327773 10.18597954778329
v 8.062459592098548 31.785617511702867 8.126478678544288
v 8.237087082260416 32.23561826327773 10.18597954778329
v 8.062459592098548 31.785617511702867 9.998394496089816
v 6.145232083757094 32.68561548260914 10.18597954778329
v 6.145232083757094 32.23561826327773 10.18597954778329
v 8.237087082260416 32.23561826327773 10.18597954778329
v 6.145232083757094 32.68561548260914 10.18597954778329
v 8.237087082260416 32.23561826327773 10.18597954778329
v 8.237087082260416 32.68561548260914 10.18597954778329
v 8.062459592098548 31.785617511702867 9.998394496089816
v 6.319858325656924 31.785617511702867 9.998394496089816
v 6.145232083757094 31.335616760128005 10.18597954778329
v 8.062459592098548 31.785617511702867 9.998394496089816
v 6.145232083757094 31.335616760128005 10.18597954778329
v 8.237087082260416 31.335616760128005 10.18597954778329
v 8.062459592098548 31.785617511702867 9.998394496089816
v 8.237087082260416 32.23561826327773 10.18597954778329
v 6.145232083757094 32.23561826327773 10.18597954778329
v 8.062459592098548 31.785617511702867 9.998394496089816
v 6.145232083757094 32.23561826327773 10.18597954778329
v 6.319858325656924 31.785617511702867 9.998394496089816
v -8.237081465081246 32.68561548260914 7.938893626850813
v -8.237081465081246 32.23561826327773 7.938893626850813
v -8.237081465081246 32.23561826327773 10.18597954778329
v -8.237081465081246 32.68561548260914 7.938893626850813
v -8.237081465081246 32.23561826327773 10.18597954778329
v -8.237081465081246 32.68561548260914 10.18597954778329
v -8.076284094166454 31.785617511702867 10.013251848286984
v -8.076284094166454 31.785617511702867 8.111620569091656
v -8.237081465081246 31.335616760128005 7.938893626850813
v -8.076284094166454 31.785617511702867 10.013251848286984
v -8.237081465081246 31.335616760128005 7.938893626850813
v -8.237081465081246 31.335616760128005 10.18597954778329
v -8.076284094166454 31.785617511702867 10.013251848286984
v -8.237081465081246 32.23561826327773 10.18597954778329
v -8.237081465081246 32.23561826327773 7.938893626850813
v -8.076284094166454 31.785617511702867 10.013251848286984
v -8.237081465081246 32.23561826327773 7.938893626850813
v -8.076284094166454 31.785617511702867 8.111620569091656
v -6.14521211156449 32.68561548260914 7.938893626850813
v -6.14521211156449 32.23561826327773 7.938893626850813
v -8.237081465081246 32.23561826327773 7.938893626850813
v -6.14521211156449 32.68561548260914 7.938893626850813
v -8.237081465081246 32.23561826327773 7.938893626850813
v -8.237081465081246 32.68561548260914 7.938893626850813
v -8.076284094166454 31.785617511702867 8.111620569091656
v -6.306008858348264 31.785617511702867 8.111620569091656
v -6.14521211156449 31.335616760128005 7.938893626850813
v -8.076284094166454 31.785617511702867 8.111620569091656
v -6.14521211156449 31.335616760128005 7.938893626850813
v -8.237081465081246 31.335616760128005 7.938893626850813
v -8.076284094166454 31.785617511702867 8.111620569091656
v -8.237081465081246 32.23561826327773 7.938893626850813
v -6.14521211156449 32.23561826327773 7.938893626850813
v -8.076284094166454 31.785617511702867 8.111620569091656
v -6.14521211156449 32.23561826327773 7.938893626850813
v -6.306008858348264 31.785617511702867 8.111620569091656
v -6.14521211156449 32.68561548260914 10.18597954778329
v -6.14521211156449 32.23561826327773 10.18597954778329
v -6.14521211156449 32.23561826327773 7.938893626850813
v -6.14521211156449 32.68561548260914 10.18597954778329
v -6.14521211156449 32.23561826327773 7.938893626850813
v -6.14521211156449 32.68561548260914 7.938893626850813
v -6.306008858348264 31.785617511702867 8.111620569091656
v -6.306008858348264 31.785617511702867 10.013251848286984
v -6.14521211156449 31.335616760128005 10.18597954778329
v -6.306008858348264 31.785617511702867 8.111620569091656
v -6.14521211156449 31.335616760128005 10.18597954778329
v -6.14521211156449 31.335616760128005 7.938893626850813
v -6.306008858348264 31.785617511702867 8.111620569091656
v -6.14521211156449 32.23561826327773 7.938893626850813
v -6.14521211156449 32.23561826327773 10.18597954778329
v -6.306008858348264 31.785617511702867 8.111620569091656
v -6.14521211156449 32.23561826327773 10.18597954778329
v -6.306008858348264 31.785617511702867 10.013251848286984
v -8.237081465081246 32.68561548260914 10.18597954778329
v -8.237081465081246 32.23561826327773 10.18597954778329
v -6.14521211156449 32.23561826327773 10.18597954778329
v -8.237081465081246 32.68561548260914 10.18597954778329
v -6.14521211156449 32.23561826327773 10.18597954778329
v -6.14521211156449 32.68561548260914 10.18597954778329
v -6.306008858348264 31.785617511702867 10.013251848286984
v -8.076284094166454 31.785617511702867 10.013251848286984
v -8.237081465081246 31.335616760128005 10.18597954778329
v -6.306008858348264 31.785617511702867 10.013251848286984
v -8.237081465081246 31.335616760128005 10.18597954778329
v -6.14521211156449 31.335616760128005 10.18597954778329
v -6.306008858348264 31.785617511702867 10.013251848286984
v -6.14521211156449 32.23561826327773 10.18597954778329
v -8.237081465081246 32.23561826327773 10.18597954778329
v -6.306008858348264 31.785617511702867 10.013251848286984
v -8.237081465081246 32.23561826327773 10.18597954778329
v -8.076284094166454 31.785617511702867 10.013251848286984
v 6.04736896412976 34.48561495666513 -10.291111595570726
v 6.005437345758196 34.03561420509027 -10.336155422316097
v 6.005437345758196 34.03561420509027 -7.7887419844928445
v 6.04736896412976 34.48561495666513 -10.291111595570726
v 6.005437345758196 34.03561420509027 -7.7887419844928445
v 6.04736896412976 34.48561495666513 -7.833785811238215
v 6.047381446750137 33.58561698575886 -7.833798684581097
v 6.047381446750137 33.58561698575886 -10.291097207716916
v 6.503093206699987 33.135616234184 -9.801571684995054
v 6.047381446750137 33.58561698575886 -7.833798684581097
v 6.503093206699987 33.135616234184 -9.801571684995054
v 6.503093206699987 33.135616234184 -8.323325721813887
v 6.047381446750137 33.58561698575886 -7.833798684581097
v 6.005437345758196 34.03561420509027 -7.7887419844928445
v 6.005437345758196 34.03561420509027 -10.336155422316097
v 6.047381446750137 33.58561698575886 -7.833798684581097
v 6.005437345758196 34.03561420509027 -10.336155422316097
v 6.047381446750137 33.58561698575886 -10.291097207716916
v 8.334948329494694 34.48561495666513 -10.291111595570726
v 8.376881196128295 34.03561420509027 -10.336155422316097
v 6.005437345758196 34.03561420509027 -10.336155422316097
v 8.334948329494694 34.48561495666513 -10.291111595570726
v 6.005437345758196 34.03561420509027 -10.336155422316097
v 6.04736896412976 34.48561495666513 -10.291111595570726
v 6.047381446750137 33.58561698575886 -10.291097207716916
v 8.334935846874316 33.58561698575886 -10.291097207716916
v 7.879224711055485 33.135616234184 -9.801571684995054
v 6.047381446750137 33.58561698575886 -10.291097207716916
v 7.879224711055485 33.135616234184 -9.801571684995054
v 6.503093206699987 33.135616234184 -9.801571684995054
v 6.047381446750137 33.58561698575886 -10.291097207716916
v 6.005437345758196 34.03561420509027 -10.336155422316097
v 8.376881196128295 34.03561420509027 -10.336155422316097
v 6.047381446750137 33.58561698575886 -10.291097207716916
v 8.376881196128295 34.03561420509027 -10.336155422316097
v 8.334935846874316 33.58561698575886 -10.291097207716916
v 8.334948329494694 34.48561495666513 -7.833785811238215
v 8.376881196128295 34.03561420509027 -7.7887419844928445
v 8.376881196128295 34.03561420509027 -10.336155422316097
v 8.334948329494694 34.48561495666513 -7.833785811238215
v 8.376881196128295 34.03561420509027 -10.336155422316097
v 8.334948329494694 34.48561495666513 -10.291111595570726
v 8.334935846874316 33.58561698575886 -10.291097207716916
v 8.334935846874316 33.58561698575886 -7.833798684581097
v 7.879224711055485 33.135616234184 -8.323325721813887
v 8.334935846874316 33.58561698575886 -10.291097207716916
v 7.879224711055485 33.135616234184 -8.323325721813887
v 7.879224711055485 33.135616234184 -9.801571684995054
v 8.334935846874316 33.58561698575886 -10.291097207716916
v 8.376881196128295 34.03561420509027 -10.336155422316097
v 8.376881196128295 34.03561420509027 -7.7887419844928445
v 8.334935846874316 33.58561698575886 -10.291097207716916
v 8.376881196128295 34.03561420509027 -7.7887419844928445
v 8.334935846874316 33.58561698575886 -7.833798684581097
v 6.04736896412976 34.48561495666513 -7.833785811238215
v 6.005437345758196 34.03561420509027 -7.7887419844928445
v 8.376881196128295 34.03561420509027 -7.7887419844928445
v 6.04736896412976 34.48561495666513 -7.833785811238215
v 8.376881196128295 34.03561420509027 -7.7887419844928445
v 8.334948329494694 34.48561495666513 -7.833785811238215
v 8.334935846874316 33.58561698575886 -7.833798684581097
v 6.047381446750137 33.58561698575886 -7.833798684581097
v 6.503093206699987 33.135616234184 -8.323325721813887
v 8.334935846874316 33.58561698575886 -7.833798684581097
v 6.503093206699987 33.135616234184 -8.323325721813887
v 7.879224711055485 33.135616234184 -8.323325721813887
v 8.334935846874316 33.58561698575886 -7.833798684581097
v 8.376881196128295 34.03561420509027 -7.7887419844928445
v 6.005437345758196 34.03561420509027 -7.7887419844928445
v 8.334935846874316 33.58561698575886 -7.833798684581097
v 6.005437345758196 34.03561420509027 -7.7887419844928445
v 6.047381446750137 33.58561698575886 -7.833798684581097
v -8.35236345731414 34.48561495666513 -10.309822620822501
v -8.342352395771513 34.03561420509027 -10.299068078727487
v -8.342352395771513 34.03561420509027 -7.825829328081454
v -8.35236345731414 34.48561495666513 -10.309822620822501
v -8.342352395771513 34.03561420509027 -7.825829328081454
v -8.35236345731414 34.48561495666513 -7.81507478598644
v -8.357350888285907 33.58561698575886 -7.809717960836451
v -8.357350888285907 33.58561698575886 -10.31517944597249
v -7.899233103258325 33.135616234184 -9.823073196630446
v -8.357350888285907 33.58561698575886 -7.809717960836451
v -7.899233103258325 33.135616234184 -9.823073196630446
v -7.899233103258325 33.135616234184 -8.30182723920035
v -8.357350888285907 33.58561698575886 -7.809717960836451
v -8.342352395771513 34.03561420509027 -7.825829328081454
v -8.342352395771513 34.03561420509027 -10.299068078727487
v -8.357350888285907 33.58561698575886 -7.809717960836451
v -8.342352395771513 34.03561420509027 -10.299068078727487
v -8.357350888285907 33.58561698575886 -10.31517944597249
v -6.0299301193315955 34.48561495666513 -10.309822620822501
v -6.039939932612185 34.03561420509027 -10.299068078727487
v -8.342352395771513 34.03561420509027 -10.299068078727487
v -6.0299301193315955 34.48561495666513 -10.309822620822501
v -8.342352395771513 34.03561420509027 -10.299068078727487
v -8.35236345731414 34.48561495666513 -10.309822620822501
v -8.357350888285907 33.58561698575886 -10.31517944597249
v -6.024942688359829 33.58561698575886 -10.31517944597249
v -6.483059849256392 33.135616234184 -9.823073196630446
v -8.357350888285907 33.58561698575886 -10.31517944597249
v -6.483059849256392 33.135616234184 -9.823073196630446
v -7.899233103258325 33.135616234184 -9.823073196630446
v -8.357350888285907 33.58561698575886 -10.31517944597249
v -8.342352395771513 34.03561420509027 -10.299068078727487
v -6.039939932612185 34.03561420509027 -10.299068078727487
v -8.357350888285907 33.58561698575886 -10.31517944597249
v -6.039939932612185 34.03561420509027 -10.299068078727487
v -6.024942688359829 33.58561698575886 -10.31517944597249
v -6.029931991724652 34.48561495666513 -7.81507478598644
v -6.0399430532672795 34.03561420509027 -7.825829328081454
v -6.039939932612185 34.03561420509027 -10.299068078727487
v -6.029931991724652 34.48561495666513 -7.81507478598644
v -6.039939932612185 34.03561420509027 -10.299068078727487
v -6.0299301193315955 34.48561495666513 -10.309822620822501
v -6.024942688359829 33.58561698575886 -10.31517944597249
v -6.0249445607528855 33.58561698575886 -7.809717960836451
v -6.483061721649449 33.135616234184 -8.30182723920035
v -6.024942688359829 33.58561698575886 -10.31517944597249
v -6.483061721649449 33.135616234184 -8.30182723920035
v -6.483059849256392 33.135616234184 -9.823073196630446
v -6.024942688359829 33.58561698575886 -10.31517944597249
v -6.039939932612185 34.03561420509027 -10.299068078727487
v -6.0399430532672795 34.03561420509027 -7.825829328081454
v -6.024942688359829 33.58561698575886 -10.31517944597249
v -6.0399430532672795 34.03561420509027 -7.825829328081454
v -6.0249445607528855 33.58561698575886 -7.809717960836451
v -8.35236345731414 34.48561495666513 -7.81507478598644
v -8.342352395771513 34.03561420509027 -7.825829328081454
v -6.0399430532672795 34.03561420509027 -7.825829328081454
v -8.35236345731414 34.48561495666513 -7.81507478598644
v -6.0399430532672795 34.03561420509027 -7.825829328081454
v -6.029931991724652 34.48561495666513 -7.81507478598644
v -6.0249445607528855 33.58561698575886 -7.809717960836451
v -8.357350888285907 33.58561698575886 -7.809717960836451
v -7.899233103258325 33.135616234184 -8.30182723920035
v -6.0249445607528855 33.58561698575886 -7.809717960836451
v -7.899233103258325 33.135616234184 -8.30182723920035
v -6.483061721649449 33.135616234184 -8.30182723920035
v -6.0249445607528855 33.58561698575886 -7.809717960836451
v -6.0399430532672795 34.03561420509027 -7.825829328081454
v -8.342352395771513 34.03561420509027 -7.825829328081454
v -6.0249445607528855 33.58561698575886 -7.809717960836451
v -8.342352395771513 34.03561420509027 -7.825829328081454
v -8.357350888285907 33.58561698575886 -7.809717960836451
v 8.341035479321704 34.48561495666513 7.82723025068924
v 8.384226594089341 34.03561420509027 7.780835480196686
v 5.9980931960591874 34.03561420509027 7.780835480196686
v 8.341035479321704 34.48561495666513 7.82723025068924
v 5.9980931960591874 34.03561420509027 7.780835480196686
v 6.041283062564787 34.48561495666513 7.82723025068924
v 5.998123154348093 33.58561698575886 7.780868042181623
v 8.384196011669417 33.58561698575886 7.780868042181623
v 7.854679510476501 33.135616234184 8.34967669743861
v 5.998123154348093 33.58561698575886 7.780868042181623
v 7.854679510476501 33.135616234184 8.34967669743861
v 6.527638407278971 33.135616234184 8.34967669743861
v 5.998123154348093 33.58561698575886 7.780868042181623
v 5.9980931960591874 34.03561420509027 7.780835480196686
v 8.384226594089341 34.03561420509027 7.780835480196686
v 5.998123154348093 33.58561698575886 7.780868042181623
v 8.384226594089341 34.03561420509027 7.780835480196686
v 8.384196011669417 33.58561698575886 7.780868042181623
v 8.341035479321704 34.48561495666513 10.297641409433936
v 8.384226594089341 34.03561420509027 10.344037694437418
v 8.384226594089341 34.03561420509027 7.780835480196686
v 8.341035479321704 34.48561495666513 10.297641409433936
v 8.384226594089341 34.03561420509027 7.780835480196686
v 8.341035479321704 34.48561495666513 7.82723025068924
v 8.384196011669417 33.58561698575886 7.780868042181623
v 8.384196011669417 33.58561698575886 10.34400513245248
v 7.854679510476501 33.135616234184 9.77519571994003
v 8.384196011669417 33.58561698575886 7.780868042181623
v 7.854679510476501 33.135616234184 9.77519571994003
v 7.854679510476501 33.135616234184 8.34967669743861
v 8.384196011669417 33.58561698575886 7.780868042181623
v 8.384226594089341 34.03561420509027 7.780835480196686
v 8.384226594089341 34.03561420509027 10.344037694437418
v 8.384196011669417 33.58561698575886 7.780868042181623
v 8.384226594089341 34.03561420509027 10.344037694437418
v 8.384196011669417 33.58561698575886 10.34400513245248
v 6.041283062564787 34.48561495666513 10.297641409433936
v 5.9980931960591874 34.03561420509027 10.344037694437418
v 8.384226594089341 34.03561420509027 10.344037694437418
v 6.041283062564787 34.48561495666513 10.297641409433936
v 8.384226594089341 34.03561420509027 10.344037694437418
v 8.341035479321704 34.48561495666513 10.297641409433936
v 8.384196011669417 33.58561698575886 10.34400513245248
v 5.998123154348093 33.58561698575886 10.34400513245248
v 6.527638407278971 33.135616234184 9.77519571994003
v 8.384196011669417 33.58561698575886 10.34400513245248
v 6.527638407278971 33.135616234184 9.77519571994003
v 7.854679510476501 33.135616234184 9.77519571994003
v 8.384196011669417 33.58561698575886 10.34400513245248
v 8.384226594089341 34.03561420509027 10.344037694437418
v 5.9980931960591874 34.03561420509027 10.344037694437418
v 8.384196011669417 33.58561698575886 10.34400513245248
v 5.9980931960591874 34.03561420509027 10.344037694437418
v 5.998123154348093 33.58561698575886 10.34400513245248
v 6.041283062564787 34.48561495666513 7.82723025068924
v 5.9980931960591874 34.03561420509027 7.780835480196686
v 5.9980931960591874 34.03561420509027 10.344037694437418
v 6.041283062564787 34.48561495666513 7.82723025068924
v 5.9980931960591874 34.03561420509027 10.344037694437418
v 6.041283062564787 34.48561495666513 10.297641409433936
v 5.998123154348093 33.58561698575886 10.34400513245248
v 5.998123154348093 33.58561698575886 7.780868042181623
v 6.527638407278971 33.135616234184 8.34967669743861
v 5.998123154348093 33.58561698575886 10.34400513245248
v 6.527638407278971 33.135616234184 8.34967669743861
v 6.527638407278971 33.135616234184 9.77519571994003
v 5.998123154348093 33.58561698575886 10.34400513245248
v 5.9980931960591874 34.03561420509027 10.344037694437418
v 5.9980931960591874 34.03561420509027 7.780835480196686
v 5.998123154348093 33.58561698575886 10.34400513245248
v 5.9980931960591874 34.03561420509027 7.780835480196686
v 5.998123154348093 33.58561698575886 7.780868042181623
v -6.037036475112416 34.48561495666513 7.8226912614400135
v -6.0010646838400135 34.03561420509027 7.7840485151290295
v -8.381228268674704 34.03561420509027 7.7840485151290295
v -6.037036475112416 34.48561495666513 7.8226912614400135
v -8.381228268674704 34.03561420509027 7.7840485151290295
v -8.345256477402302 34.48561495666513 7.8226912614400135
v -8.381143386856138 33.58561698575886 7.784142414806524
v -6.001150189789598 33.58561698575886 7.784142414806524
v -6.493152047831472 33.135616234184 8.312652206053485
v -8.381143386856138 33.58561698575886 7.784142414806524
v -6.493152047831472 33.135616234184 8.312652206053485
v -7.889139032290188 33.135616234184 8.312652206053485
v -8.381143386856138 33.58561698575886 7.784142414806524
v -8.381228268674704 34.03561420509027 7.7840485151290295
v -6.0010646838400135 34.03561420509027 7.7840485151290295
v -8.381143386856138 33.58561698575886 7.784142414806524
v -6.0010646838400135 34.03561420509027 7.7840485151290295
v -6.001150189789598 33.58561698575886 7.784142414806524
v -6.037036475112416 34.48561495666513 10.302178884172235
v -6.0010646838400135 34.03561420509027 10.340820873227756
v -6.0010646838400135 34.03561420509027 7.7840485151290295
v -6.037036475112416 34.48561495666513 10.302178884172235
v -6.0010646838400135 34.03561420509027 7.7840485151290295
v -6.037036475112416 34.48561495666513 7.8226912614400135
v -6.001150189789598 33.58561698575886 7.784142414806524
v -6.001150189789598 33.58561698575886 10.340729245316652
v -6.493152047831472 33.135616234184 9.812220211325155
v -6.001150189789598 33.58561698575886 7.784142414806524
v -6.493152047831472 33.135616234184 9.812220211325155
v -6.493152047831472 33.135616234184 8.312652206053485
v -6.001150189789598 33.58561698575886 7.784142414806524
v -6.0010646838400135 34.03561420509027 7.7840485151290295
v -6.0010646838400135 34.03561420509027 10.340820873227756
v -6.001150189789598 33.58561698575886 7.784142414806524
v -6.0010646838400135 34.03561420509027 10.340820873227756
v -6.001150189789598 33.58561698575886 10.340729245316652
v -8.345256477402302 34.48561495666513 10.302178884172235
v -8.381228268674704 34.03561420509027 10.340820873227756
v -6.0010646838400135 34.03561420509027 10.340820873227756
v -8.345256477402302 34.48561495666513 10.302178884172235
v -6.0010646838400135 34.03561420509027 10.340820873227756
v -6.037036475112416 34.48561495666513 10.302178884172235
v -6.001150189789598 33.58561698575886 10.340729245316652
v -8.381143386856138 33.58561698575886 10.340729245316652
v -7.889139032290188 33.135616234184 9.812220211325155
v -6.001150189789598 33.58561698575886 10.340729245316652
v -7.889139032290188 33.135616234184 9.812220211325155
v -6.493152047831472 33.135616234184 9.812220211325155
v -6.001150189789598 33.58561698575886 10.340729245316652
v -6.0010646838400135 34.03561420509027 10.340820873227756
v -8.381228268674704 34.03561420509027 10.340820873227756
v -6.001150189789598 33.58561698575886 10.340729245316652
v -8.381228268674704 34.03561420509027 10.340820873227756
v -8.381143386856138 33.58561698575886 10.340729245316652
v -8.345256477402302 34.48561495666513 7.8226912614400135
v -8.381228268674704 34.03561420509027 7.7840485151290295
v -8.381228268674704 34.03561420509027 10.340820873227756
v -8.345256477402302 34.48561495666513 7.8226912614400135
v -8.381228268674704 34.03561420509027 10.340820873227756
v -8.345256477402302 34.48561495666513 10.302178884172235
v -8.381143386856138 33.58561698575886 10.340729245316652
v -8.381143386856138 33.58561698575886 7.784142414806524
v -7.889139032290188 33.135616234184 8.312652206053485
v -8.381143386856138 33.58561698575886 10.340729245316652
v -7.889139032290188 33.135616234184 8.312652206053485
v -7.889139032290188 33.135616234184 9.812220211325155
v -8.381143386856138 33.58561698575886 10.340729245316652
v -8.381228268674704 34.03561420509027 10.340820873227756
v -8.381228268674704 34.03561420509027 7.7840485151290295
v -8.381143386856138 33.58561698575886 10.340729245316652
v -8.381228268674704 34.03561420509027 7.7840485151290295
v -8.381143386856138 33.58561698575886 7.784142414806524
v 10.471179667570482 39.34341047637395 12.704636209373746
v 10.471179667570482 39.34341047637395 -12.704636209373746
v 6.371179995207342 39.34341047637395 -8.604637039501029
v 10.471179667570482 39.34341047637395 12.704636209373746
v 6.371179995207342 39.34341047637395 -8.604637039501029
v 6.371179995207342 39.34341047637395 8.604637039501029
v 10.471179667570482 39.34341047637395 -12.704636209373746
v -10.471179667570482 39.34341047637395 -12.704636209373746
v -6.371179995207342 39.34341047637395 -8.604637039501029
v 10.471179667570482 39.34341047637395 -12.704636209373746
v -6.371179995207342 39.34341047637395 -8.604637039501029
v 6.371179995207342 39.34341047637395 -8.604637039501029
v -10.471179667570482 39.34341047637395 -12.704636209373746
v -10.471179667570482 39.34341047637395 12.704636209373746
v -6.371179995207342 39.34341047637395 8.604637039501029
v -10.471179667570482 39.34341047637395 -12.704636209373746
v -6.371179995207342 39.34341047637395 8.604637039501029
v -6.371179995207342 39.34341047637395 -8.604637039501029
v -10.471179667570482 39.34341047637395 12.704636209373746
v 10.471179667570482 39.34341047637395 12.704636209373746
v 6.371179995207342 39.34341047637395 8.604637039501029
v -10.471179667570482 39.34341047637395 12.704636209373746
v 6.371179995207342 39.34341047637395 8.604637039501029
v -6.371179995207342 39.34341047637395 8.604637039501029
vt 0.06296471506357193 0.3953593969345093
vt 0.06452969461679459 0.6166206300258636
vt 0.06944728642702103 0.6203036606311798
vt 0.06296471506357193 0.3953593969345093
vt 0.06944728642702103 0.6203036606311798
vt 0.06782970577478409 0.3916069269180298
vt 0.373900830745697 0.3857611417770386
vt 0.3755705952644348 0.6218201518058777
vt 0.3810275197029114 0.6143818795681
vt 0.373900830745697 0.3857611417770386
vt 0.3810275197029114 0.6143818795681
vt 0.3794628977775574 0.3931213617324829
vt 0.09191616624593735 0.6464522182941437
vt 0.3572051525115967 0.6445758044719696
vt 0.3687397241592407 0.6444941461086273
vt 0.09191616624593735 0.6464522182941437
vt 0.3687397241592407 0.6444941461086273
vt 0.37335503101348877 0.6394170224666595
vt 0.09191616624593735 0.6464522182941437
vt 0.37335503101348877 0.6394170224666595
vt 0.08722812682390213 0.641441136598587
vt 0.08530987054109573 0.37022149562835693
vt 0.3714366555213928 0.36819708347320557
vt 0.3667498826980591 0.3631860017776489
vt 0.08530987054109573 0.37022149562835693
vt 0.3667498826980591 0.3631860017776489
vt 0.08992619067430496 0.36514413356781006
vt 0.06944728642702103 0.6203036606311798
vt 0.0743124857544899 0.6165513098239899
vt 0.07274746149778366 0.3952908515930176
vt 0.06944728642702103 0.6203036606311798
vt 0.07274746149778366 0.3952908515930176
vt 0.06782970577478409 0.3916069269180298
vt 0.07763893157243729 0.39525604248046875
vt 0.07920391112565994 0.6165167391300201
vt 0.08476526290178299 0.6238773465156555
vt 0.07763893157243729 0.39525604248046875
vt 0.08476526290178299 0.6238773465156555
vt 0.08309546858072281 0.3878178596496582
vt 0.07274746149778366 0.3952908515930176
vt 0.0743124857544899 0.6165513098239899
vt 0.07920391112565994 0.6165167391300201
vt 0.07274746149778366 0.3952908515930176
vt 0.07920391112565994 0.6165167391300201
vt 0.07763893157243729 0.39525604248046875
vt 0.3810275197029114 0.6143818795681
vt 0.38591909408569336 0.6143475770950317
vt 0.3843543529510498 0.39308691024780273
vt 0.3810275197029114 0.6143818795681
vt 0.3843543529510498 0.39308691024780273
vt 0.3794628977775574 0.3931213617324829
vt 0.389218807220459 0.38933348655700684
vt 0.39083629846572876 0.6180305778980255
vt 0.39570140838623047 0.6142785847187042
vt 0.389218807220459 0.38933348655700684
vt 0.39570140838623047 0.6142785847187042
vt 0.39413660764694214 0.39301741123199463
vt 0.3843543529510498 0.39308691024780273
vt 0.38591909408569336 0.6143475770950317
vt 0.39083629846572876 0.6180305778980255
vt 0.3843543529510498 0.39308691024780273
vt 0.39083629846572876 0.6180305778980255
vt 0.389218807220459 0.38933348655700684
vt 0.37335503101348877 0.6394170224666595
vt 0.3686685562133789 0.6344068348407745
vt 0.09184470027685165 0.6363649070262909
vt 0.37335503101348877 0.6394170224666595
vt 0.09184470027685165 0.6363649070262909
vt 0.08722812682390213 0.641441136598587
vt 0.09180913120508194 0.6313212811946869
vt 0.3686327338218689 0.6293628513813019
vt 0.3755705952644348 0.6218201518058777
vt 0.09180913120508194 0.6313212811946869
vt 0.3755705952644348 0.6218201518058777
vt 0.08476526290178299 0.6238773465156555
vt 0.09184470027685165 0.6363649070262909
vt 0.3686685562133789 0.6344068348407745
vt 0.3686327338218689 0.6293628513813019
vt 0.09184470027685165 0.6363649070262909
vt 0.3686327338218689 0.6293628513813019
vt 0.09180913120508194 0.6313212811946869
vt 0.3668213486671448 0.3732736110687256
vt 0.3714366555213928 0.36819708347320557
vt 0.08530987054109573 0.37022149562835693
vt 0.3668213486671448 0.3732736110687256
vt 0.08530987054109573 0.37022149562835693
vt 0.08999741822481155 0.37523138523101807
vt 0.373900830745697 0.3857611417770386
vt 0.3668568730354309 0.37831664085388184
vt 0.09003324061632156 0.38027501106262207
vt 0.373900830745697 0.3857611417770386
vt 0.09003324061632156 0.38027501106262207
vt 0.08309546858072281 0.3878178596496582
vt 0.3668568730354309 0.37831664085388184
vt 0.3668213486671448 0.3732736110687256
vt 0.08999741822481155 0.37523138523101807
vt 0.3668568730354309 0.37831664085388184
vt 0.08999741822481155 0.37523138523101807
vt 0.09003324061632156 0.38027501106262207
vt 0.31611907482147217 0.43924540281295776
vt 0.14079147577285767 0.43924540281295776
vt 0.14079147577285767 0.5690642297267914
vt 0.31611907482147217 0.43924540281295776
vt 0.14079147577285767 0.5690642297267914
vt 0.31611907482147217 0.5690642297267914
vt 0.40470802783966064 0.3558714985847473
vt 0.030363351106643677 0.3559877276420593
vt 0.030263401567935944 0.03403878211975098
vt 0.40470802783966064 0.3558714985847473
vt 0.030263401567935944 0.03403878211975098
vt 0.4208815395832062 0.03391760587692261
vt 0.40470802783966064 0.3558714985847473
vt 0.4208815395832062 0.03391760587692261
vt 0.4209812879562378 0.35586684942245483
vt 0.40470802783966064 0.3558714985847473
vt 0.4209812879562378 0.35586684942245483
vt 0.04663670063018799 0.34256863594055176
vt 0.40470802783966064 0.3558714985847473
vt 0.04663670063018799 0.34256863594055176
vt 0.11199430376291275 0.3425484299659729
vt 0.40470802783966064 0.3558714985847473
vt 0.11199430376291275 0.3425484299659729
vt 0.33934444189071655 0.3424779772758484
vt 0.40470802783966064 0.3558714985847473
vt 0.33934444189071655 0.3424779772758484
vt 0.40470385551452637 0.34245771169662476
vt 0.40470802783966064 0.3558714985847473
vt 0.40470385551452637 0.34245771169662476
vt 0.40468406677246094 0.27960658073425293
vt 0.40470802783966064 0.3558714985847473
vt 0.40468406677246094 0.27960658073425293
vt 0.4046315550804138 0.11018890142440796
vt 0.40470802783966064 0.3558714985847473
vt 0.4046315550804138 0.11018890142440796
vt 0.40461209416389465 0.04733908176422119
vt 0.40470802783966064 0.3558714985847473
vt 0.40461209416389465 0.04733908176422119
vt 0.3392537236213684 0.047358810901641846
vt 0.40470802783966064 0.3558714985847473
vt 0.3392537236213684 0.047358810901641846
vt 0.11190319806337357 0.047429680824279785
vt 0.40470802783966064 0.3558714985847473
vt 0.11190319806337357 0.047429680824279785
vt 0.046545155346393585 0.04744994640350342
vt 0.40470802783966064 0.3558714985847473
vt 0.046545155346393585 0.04744994640350342
vt 0.0465642511844635 0.11030018329620361
vt 0.40470802783966064 0.3558714985847473
vt 0.0465642511844635 0.11030018329620361
vt 0.04661738872528076 0.2797176241874695
vt 0.7914741635322571 0.7113070487976074
vt 0.7567808628082275 0.7115523815155029
vt 0.7565059661865234 0.6726901531219482
vt 0.7914741635322571 0.7113070487976074
vt 0.7565059661865234 0.6726901531219482
vt 0.7911993265151978 0.6724448204040527
vt 0.7602047920227051 0.9413593709468842
vt 0.7903621792793274 0.9411464035511017
vt 0.7901238203048706 0.9073662161827087
vt 0.7602047920227051 0.9413593709468842
vt 0.7901238203048706 0.9073662161827087
vt 0.7599664926528931 0.9075789749622345
vt 0.3236545920372009 0.26551884412765503
vt 0.3236120939254761 0.12792271375656128
vt 0.37669575214385986 0.12790626287460327
vt 0.3236545920372009 0.26551884412765503
vt 0.37669575214385986 0.12790626287460327
vt 0.37673860788345337 0.265502393245697
vt 0.7520064115524292 0.47450125217437744
vt 0.7517307996749878 0.43553006649017334
vt 0.7865216732025146 0.43528395891189575
vt 0.7520064115524292 0.47450125217437744
vt 0.7865216732025146 0.43528395891189575
vt 0.7867971658706665 0.47425514459609985
vt 0.08588231354951859 0.127996563911438
vt 0.13896597921848297 0.12798011302947998
vt 0.1390089988708496 0.26557642221450806
vt 0.08588231354951859 0.127996563911438
vt 0.1390089988708496 0.26557642221450806
vt 0.08592495322227478 0.26559293270111084
vt 0.764498233795166 0.23914945125579834
vt 0.764244556427002 0.2032538652420044
vt 0.7962895035743713 0.20302724838256836
vt 0.764498233795166 0.23914945125579834
vt 0.7962895035743713 0.20302724838256836
vt 0.7965434193611145 0.2389228343963623
vt 0.139024555683136 0.3166225552558899
vt 0.1390089988708496 0.26557642221450806
vt 0.3236545920372009 0.26551884412765503
vt 0.139024555683136 0.3166225552558899
vt 0.3236545920372009 0.26551884412765503
vt 0.32367074489593506 0.3165651559829712
vt 0.09202989935874939 0.9112624749541283
vt 0.09168580919504166 0.6945571005344391
vt 0.38249820470809937 0.6940954923629761
vt 0.09202989935874939 0.9112624749541283
vt 0.38249820470809937 0.6940954923629761
vt 0.3828423321247101 0.9108008444309235
vt 0.13896597921848297 0.12798011302947998
vt 0.13895025849342346 0.0769338607788086
vt 0.32359617948532104 0.07687687873840332
vt 0.13896597921848297 0.12798011302947998
vt 0.32359617948532104 0.07687687873840332
vt 0.3236120939254761 0.12792271375656128
vt 0.722435474395752 0.49915409088134766
vt 0.6256256699562073 0.4998388886451721
vt 0.6259404420852661 0.5443472862243652
vt 0.722435474395752 0.49915409088134766
vt 0.6259404420852661 0.5443472862243652
vt 0.7227504253387451 0.5436624884605408
vt 0.7221952080726624 0.49909573793411255
vt 0.8227460980415344 0.49865245819091797
vt 0.8230212330818176 0.5432499051094055
vt 0.7221952080726624 0.49909573793411255
vt 0.8230212330818176 0.5432499051094055
vt 0.7225099802017212 0.5436024069786072
vt 0.8227460980415344 0.49865245819091797
vt 0.9194366931915283 0.49823635816574097
vt 0.9197515249252319 0.5427447557449341
vt 0.8227460980415344 0.49865245819091797
vt 0.9197515249252319 0.5427447557449341
vt 0.8230212330818176 0.5432499051094055
vt 0.6249710321426392 0.4986433982849121
vt 0.5243012309074402 0.4993553161621094
vt 0.5246159434318542 0.5438632369041443
vt 0.6249710321426392 0.4986433982849121
vt 0.5246159434318542 0.5438632369041443
vt 0.625285804271698 0.5431511402130127
vt 0.6245509386062622 0.7352334260940552
vt 0.5275490283966064 0.7360701560974121
vt 0.527863621711731 0.7805781066417694
vt 0.6245509386062622 0.7352334260940552
vt 0.527863621711731 0.7805781066417694
vt 0.6249293684959412 0.7796908318996429
vt 0.922893762588501 0.7329761981964111
vt 0.8222231268882751 0.7336875796318054
vt 0.8225374817848206 0.7781956195831299
vt 0.922893762588501 0.7329761981964111
vt 0.8225374817848206 0.7781956195831299
vt 0.9232081174850464 0.7774847149848938
vt 0.8222231268882751 0.7336875796318054
vt 0.7254145741462708 0.7343716025352478
vt 0.7257286310195923 0.7788796126842499
vt 0.8222231268882751 0.7336875796318054
vt 0.7257286310195923 0.7788796126842499
vt 0.8225374817848206 0.7781956195831299
vt 0.7254145741462708 0.7343716025352478
vt 0.6245509386062622 0.7352334260940552
vt 0.6249293684959412 0.7796908318996429
vt 0.7254145741462708 0.7343716025352478
vt 0.6249293684959412 0.7796908318996429
vt 0.7257286310195923 0.7788796126842499
vt 0.7158612608909607 0.2602713108062744
vt 0.8165318369865417 0.2595592737197876
vt 0.8168466687202454 0.30406737327575684
vt 0.7158612608909607 0.2602713108062744
vt 0.8168466687202454 0.30406737327575684
vt 0.7161760926246643 0.3047792315483093
vt 0.5215140581130981 0.26190030574798584
vt 0.6183243989944458 0.2612156867980957
vt 0.6186391115188599 0.3057236075401306
vt 0.5215140581130981 0.26190030574798584
vt 0.6186391115188599 0.3057236075401306
vt 0.5218289494514465 0.30640852451324463
vt 0.9186491370201111 0.2592322826385498
vt 0.8179765939712524 0.25994420051574707
vt 0.818291425704956 0.30445241928100586
vt 0.9186491370201111 0.2592322826385498
vt 0.818291425704956 0.30445241928100586
vt 0.9189642071723938 0.3037405014038086
vt 0.7142091989517212 0.26069676876068115
vt 0.6174010038375854 0.26138150691986084
vt 0.61771559715271 0.3058895468711853
vt 0.7142091989517212 0.26069676876068115
vt 0.61771559715271 0.3058895468711853
vt 0.7145240306854248 0.30520474910736084
vt 0.6306799650192261 0.03054755926132202
vt 0.7316476702690125 0.02979302406311035
vt 0.7320612072944641 0.0742868185043335
vt 0.6306799650192261 0.03054755926132202
vt 0.7320612072944641 0.0742868185043335
vt 0.6309947967529297 0.07505536079406738
vt 0.7316476702690125 0.02979302406311035
vt 0.8287532329559326 0.029065966606140137
vt 0.8290678858757019 0.07357418537139893
vt 0.7316476702690125 0.02979302406311035
vt 0.8290678858757019 0.07357418537139893
vt 0.7320612072944641 0.0742868185043335
vt 0.9299944639205933 0.02825605869293213
vt 0.8293230533599854 0.028968214988708496
vt 0.829637885093689 0.07347595691680908
vt 0.9299944639205933 0.02825605869293213
vt 0.829637885093689 0.07347595691680908
vt 0.9303091764450073 0.07276403903961182
vt 0.6305627822875977 0.030655741691589355
vt 0.5337529182434082 0.03134036064147949
vt 0.5340677499771118 0.07584881782531738
vt 0.6305627822875977 0.030655741691589355
vt 0.5340677499771118 0.07584881782531738
vt 0.6308775544166565 0.07516396045684814
vt 0.08515185117721558 0.9115212559700012
vt 0.08480503410100937 0.6930336654186249
vt 0.057729534804821014 0.6930767595767975
vt 0.08515185117721558 0.9115212559700012
vt 0.057729534804821014 0.6930767595767975
vt 0.058076441287994385 0.9115642309188843
vt 0.38335496187210083 0.9452705085277557
vt 0.09254547953605652 0.9439757764339447
vt 0.09266486763954163 0.9171206653118134
vt 0.38335496187210083 0.9452705085277557
vt 0.09266486763954163 0.9171206653118134
vt 0.3834744691848755 0.9184154868125916
vt 0.4174407124519348 0.6921325623989105
vt 0.4177878797054291 0.9107418954372406
vt 0.3906974494457245 0.9107849299907684
vt 0.4174407124519348 0.6921325623989105
vt 0.3906974494457245 0.9107849299907684
vt 0.3903504014015198 0.6921755969524384
vt 0.38301709294319153 0.6602868735790253
vt 0.0922054722905159 0.6595576405525208
vt 0.09213832765817642 0.6864128410816193
vt 0.38301709294319153 0.6602868735790253
vt 0.09213832765817642 0.6864128410816193
vt 0.3829496204853058 0.6871422827243805
vt 0.7227504253387451 0.5436624884605408
vt 0.6259404420852661 0.5443472862243652
vt 0.6385193467140198 0.564159095287323
vt 0.7227504253387451 0.5436624884605408
vt 0.6385193467140198 0.564159095287323
vt 0.7104527354240417 0.5636506080627441
vt 0.7225099802017212 0.5436024069786072
vt 0.8230212330818176 0.5432499051094055
vt 0.8105292320251465 0.5629500150680542
vt 0.7225099802017212 0.5436024069786072
vt 0.8105292320251465 0.5629500150680542
vt 0.7352460622787476 0.5632127523422241
vt 0.8230212330818176 0.5432499051094055
vt 0.9197515249252319 0.5427447557449341
vt 0.907585620880127 0.5625656843185425
vt 0.8230212330818176 0.5432499051094055
vt 0.907585620880127 0.5625656843185425
vt 0.8358734846115112 0.5630728006362915
vt 0.625285804271698 0.5431511402130127
vt 0.5246159434318542 0.5438632369041443
vt 0.5371934175491333 0.5636745095252991
vt 0.625285804271698 0.5431511402130127
vt 0.5371934175491333 0.5636745095252991
vt 0.6129892468452454 0.5631383657455444
vt 0.6249293684959412 0.7796908318996429
vt 0.527863621711731 0.7805781066417694
vt 0.5404419898986816 0.800389975309372
vt 0.6249293684959412 0.7796908318996429
vt 0.5404419898986816 0.800389975309372
vt 0.6123768091201782 0.7998811602592468
vt 0.9232081174850464 0.7774847149848938
vt 0.8225374817848206 0.7781956195831299
vt 0.8347049355506897 0.7980102896690369
vt 0.9232081174850464 0.7774847149848938
vt 0.8347049355506897 0.7980102896690369
vt 0.9113214612007141 0.7974691390991211
vt 0.8225374817848206 0.7781956195831299
vt 0.7257286310195923 0.7788796126842499
vt 0.7379484176635742 0.7986942827701569
vt 0.8225374817848206 0.7781956195831299
vt 0.7379484176635742 0.7986942827701569
vt 0.8105999231338501 0.7981806695461273
vt 0.7257286310195923 0.7788796126842499
vt 0.6249293684959412 0.7796908318996429
vt 0.6376346349716187 0.7994014918804169
vt 0.7257286310195923 0.7788796126842499
vt 0.6376346349716187 0.7994014918804169
vt 0.7134305238723755 0.7988671064376831
vt 0.7161760926246643 0.3047792315483093
vt 0.8168466687202454 0.30406737327575684
vt 0.805966854095459 0.3238389492034912
vt 0.7161760926246643 0.3047792315483093
vt 0.805966854095459 0.3238389492034912
vt 0.7286801934242249 0.32435381412506104
vt 0.5218289494514465 0.30640852451324463
vt 0.6186391115188599 0.3057236075401306
vt 0.6064711809158325 0.3258633017539978
vt 0.5218289494514465 0.30640852451324463
vt 0.6064711809158325 0.3258633017539978
vt 0.5347193479537964 0.3263706564903259
vt 0.9189642071723938 0.3037405014038086
vt 0.818291425704956 0.30445241928100586
vt 0.8308708667755127 0.3242642879486084
vt 0.9189642071723938 0.3037405014038086
vt 0.8308708667755127 0.3242642879486084
vt 0.9066662192344666 0.32372820377349854
vt 0.7145240306854248 0.30520474910736084
vt 0.61771559715271 0.3058895468711853
vt 0.6302931308746338 0.3257012367248535
vt 0.7145240306854248 0.30520474910736084
vt 0.6302931308746338 0.3257012367248535
vt 0.7022273540496826 0.325192391872406
vt 0.6309947967529297 0.07505536079406738
vt 0.7320612072944641 0.0742868185043335
vt 0.7195907831192017 0.09453177452087402
vt 0.6309947967529297 0.07505536079406738
vt 0.7195907831192017 0.09453177452087402
vt 0.6436254382133484 0.09491807222366333
vt 0.7320612072944641 0.0742868185043335
vt 0.8290678858757019 0.07357418537139893
vt 0.815804123878479 0.09361207485198975
vt 0.7320612072944641 0.0742868185043335
vt 0.815804123878479 0.09361207485198975
vt 0.7449157238006592 0.09411370754241943
vt 0.9303091764450073 0.07276403903961182
vt 0.829637885093689 0.07347595691680908
vt 0.8422166109085083 0.09328782558441162
vt 0.9303091764450073 0.07276403903961182
vt 0.8422166109085083 0.09328782558441162
vt 0.9180123805999756 0.09275209903717041
vt 0.6308775544166565 0.07516396045684814
vt 0.5340677499771118 0.07584881782531738
vt 0.5466465353965759 0.09566068649291992
vt 0.6308775544166565 0.07516396045684814
vt 0.5466465353965759 0.09566068649291992
vt 0.6185811161994934 0.09515213966369629
vt 0.6390422582626343 0.5644341707229614
vt 0.711297869682312 0.5646044611930847
vt 0.7012801170349121 0.5745755434036255
vt 0.6390422582626343 0.5644341707229614
vt 0.7012801170349121 0.5745755434036255
vt 0.6490132212638855 0.5744521617889404
vt 0.7352460622787476 0.5632127523422241
vt 0.8105292320251465 0.5629500150680542
vt 0.8006459474563599 0.5724006295204163
vt 0.7352460622787476 0.5632127523422241
vt 0.8006459474563599 0.5724006295204163
vt 0.7451279163360596 0.5725943446159363
vt 0.8358734846115112 0.5630728006362915
vt 0.907585620880127 0.5625656843185425
vt 0.8979871273040771 0.5723891258239746
vt 0.8358734846115112 0.5630728006362915
vt 0.8979871273040771 0.5723891258239746
vt 0.8461137413978577 0.5727558732032776
vt 0.5373227596282959 0.5634819269180298
vt 0.612507164478302 0.5635766386985779
vt 0.6026250720024109 0.5734341740608215
vt 0.5373227596282959 0.5634819269180298
vt 0.6026250720024109 0.5734341740608215
vt 0.5471799969673157 0.5733641386032104
vt 0.5404945611953735 0.8015041649341583
vt 0.6122140884399414 0.8015199303627014
vt 0.6022915840148926 0.8114378452301025
vt 0.5404945611953735 0.8015041649341583
vt 0.6022915840148926 0.8114378452301025
vt 0.5504125952720642 0.8114262223243713
vt 0.9113214612007141 0.7974691390991211
vt 0.8347049355506897 0.7980102896690369
vt 0.8448342084884644 0.8081044554710388
vt 0.9113214612007141 0.7974691390991211
vt 0.8448342084884644 0.8081044554710388
vt 0.9013355374336243 0.8077057898044586
vt 0.8105999231338501 0.7981806695461273
vt 0.7379484176635742 0.7986942827701569
vt 0.7480689883232117 0.808771401643753
vt 0.8105999231338501 0.7981806695461273
vt 0.7480689883232117 0.808771401643753
vt 0.8006227612495422 0.8083997666835785
vt 0.6375836133956909 0.7995782792568207
vt 0.7131947875022888 0.7996441721916199
vt 0.7032614946365356 0.8109732568264008
vt 0.6375836133956909 0.7995782792568207
vt 0.7032614946365356 0.8109732568264008
vt 0.6475014686584473 0.8109243512153625
vt 0.7286801934242249 0.32435381412506104
vt 0.805966854095459 0.3238389492034912
vt 0.7968524694442749 0.33498716354370117
vt 0.7286801934242249 0.32435381412506104
vt 0.7968524694442749 0.33498716354370117
vt 0.7398571372032166 0.33536696434020996
vt 0.5347193479537964 0.3263706564903259
vt 0.6064711809158325 0.3258633017539978
vt 0.5965814590454102 0.3368673324584961
vt 0.5347193479537964 0.3263706564903259
vt 0.5965814590454102 0.3368673324584961
vt 0.544678807258606 0.3372344970703125
vt 0.8314214944839478 0.3230806589126587
vt 0.9079485535621643 0.32280945777893066
vt 0.8979381918907166 0.3328913450241089
vt 0.8314214944839478 0.3230806589126587
vt 0.8979381918907166 0.3328913450241089
vt 0.8415035009384155 0.333091139793396
vt 0.628711462020874 0.32460641860961914
vt 0.7063193321228027 0.32434016466140747
vt 0.6956214308738708 0.3351117968559265
vt 0.628711462020874 0.32460641860961914
vt 0.6956214308738708 0.3351117968559265
vt 0.6394830942153931 0.3353043794631958
vt 0.6436254382133484 0.09491807222366333
vt 0.7195907831192017 0.09453177452087402
vt 0.7097605466842651 0.10489988327026367
vt 0.6436254382133484 0.09491807222366333
vt 0.7097605466842651 0.10489988327026367
vt 0.653740406036377 0.10518491268157959
vt 0.7449157238006592 0.09411370754241943
vt 0.815804123878479 0.09361207485198975
vt 0.805498480796814 0.10327374935150146
vt 0.7449157238006592 0.09411370754241943
vt 0.805498480796814 0.10327374935150146
vt 0.7542200684547424 0.10363650321960449
vt 0.8434671759605408 0.09349203109741211
vt 0.916743278503418 0.09344911575317383
vt 0.9071297645568848 0.10307395458221436
vt 0.8434671759605408 0.09349203109741211
vt 0.9071297645568848 0.10307395458221436
vt 0.8530921936035156 0.10310590267181396
vt 0.5472161769866943 0.09573894739151001
vt 0.61931973695755 0.09580093622207642
vt 0.6093377470970154 0.10576558113098145
vt 0.5472161769866943 0.09573894739151001
vt 0.6093377470970154 0.10576558113098145
vt 0.5571809411048889 0.10572069883346558
vt 0.80229252576828 0.7219731211662292
vt 0.7461147308349609 0.722370445728302
vt 0.7567808628082275 0.7115523815155029
vt 0.80229252576828 0.7219731211662292
vt 0.7567808628082275 0.7115523815155029
vt 0.7914741635322571 0.7113070487976074
vt 0.7461147308349609 0.722370445728302
vt 0.7456880211830139 0.6620235443115234
vt 0.7565059661865234 0.6726901531219482
vt 0.7461147308349609 0.722370445728302
vt 0.7565059661865234 0.6726901531219482
vt 0.7567808628082275 0.7115523815155029
vt 0.7456880211830139 0.6620235443115234
vt 0.8018659353256226 0.6616263389587402
vt 0.7911993265151978 0.6724448204040527
vt 0.7456880211830139 0.6620235443115234
vt 0.7911993265151978 0.6724448204040527
vt 0.7565059661865234 0.6726901531219482
vt 0.8018659353256226 0.6616263389587402
vt 0.80229252576828 0.7219731211662292
vt 0.7914741635322571 0.7113070487976074
vt 0.8018659353256226 0.6616263389587402
vt 0.7914741635322571 0.7113070487976074
vt 0.7911993265151978 0.6724448204040527
vt 0.7509334683418274 0.9507627487182617
vt 0.7997657060623169 0.9504180550575256
vt 0.7903621792793274 0.9411464035511017
vt 0.7509334683418274 0.9507627487182617
vt 0.7903621792793274 0.9411464035511017
vt 0.7602047920227051 0.9413593709468842
vt 0.7997657060623169 0.9504180550575256
vt 0.8001959919929504 0.8979568183422089
vt 0.7901238203048706 0.9073662161827087
vt 0.7997657060623169 0.9504180550575256
vt 0.7901238203048706 0.9073662161827087
vt 0.7903621792793274 0.9411464035511017
vt 0.8001959919929504 0.8979568183422089
vt 0.7497625946998596 0.8983131349086761
vt 0.7599664926528931 0.9075789749622345
vt 0.8001959919929504 0.8979568183422089
vt 0.7599664926528931 0.9075789749622345
vt 0.7901238203048706 0.9073662161827087
vt 0.7497625946998596 0.8983131349086761
vt 0.7509334683418274 0.9507627487182617
vt 0.7602047920227051 0.9413593709468842
vt 0.7497625946998596 0.8983131349086761
vt 0.7602047920227051 0.9413593709468842
vt 0.7599664926528931 0.9075789749622345
vt 0.7413097620010376 0.48534995317459106
vt 0.7408820390701294 0.42483413219451904
vt 0.7517307996749878 0.43553006649017334
vt 0.7413097620010376 0.48534995317459106
vt 0.7517307996749878 0.43553006649017334
vt 0.7520064115524292 0.47450125217437744
vt 0.7408820390701294 0.42483413219451904
vt 0.797217607498169 0.42443549633026123
vt 0.7865216732025146 0.43528395891189575
vt 0.7408820390701294 0.42483413219451904
vt 0.7865216732025146 0.43528395891189575
vt 0.7517307996749878 0.43553006649017334
vt 0.797217607498169 0.42443549633026123
vt 0.7976453304290771 0.48495131731033325
vt 0.7867971658706665 0.47425514459609985
vt 0.797217607498169 0.42443549633026123
vt 0.7867971658706665 0.47425514459609985
vt 0.7865216732025146 0.43528395891189575
vt 0.7976453304290771 0.48495131731033325
vt 0.7413097620010376 0.48534995317459106
vt 0.7520064115524292 0.47450125217437744
vt 0.7976453304290771 0.48495131731033325
vt 0.7520064115524292 0.47450125217437744
vt 0.7867971658706665 0.47425514459609985
vt 0.7546461820602417 0.24914175271987915
vt 0.7543013691902161 0.19323760271072388
vt 0.764244556427002 0.2032538652420044
vt 0.7546461820602417 0.24914175271987915
vt 0.764244556427002 0.2032538652420044
vt 0.764498233795166 0.23914945125579834
vt 0.7543013691902161 0.19323760271072388
vt 0.8062636852264404 0.19287002086639404
vt 0.7962895035743713 0.20302724838256836
vt 0.7543013691902161 0.19323760271072388
vt 0.7962895035743713 0.20302724838256836
vt 0.764244556427002 0.2032538652420044
vt 0.8062636852264404 0.19287002086639404
vt 0.8065361976623535 0.24877476692199707
vt 0.7965434193611145 0.2389228343963623
vt 0.8062636852264404 0.19287002086639404
vt 0.7965434193611145 0.2389228343963623
vt 0.7962895035743713 0.20302724838256836
vt 0.8065361976623535 0.24877476692199707
vt 0.7546461820602417 0.24914175271987915
vt 0.764498233795166 0.23914945125579834
vt 0.8065361976623535 0.24877476692199707
vt 0.764498233795166 0.23914945125579834
vt 0.7965434193611145 0.2389228343963623
vt 0.6502801179885864 0.63149493932724
vt 0.7023153901100159 0.6311268210411072
vt 0.6933342814445496 0.6199949979782104
vt 0.6502801179885864 0.63149493932724
vt 0.6933342814445496 0.6199949979782104
vt 0.6591030359268188 0.6202371120452881
vt 0.801329493522644 0.627933919429779
vt 0.7454335689544678 0.6283293962478638
vt 0.7549176216125488 0.617068886756897
vt 0.801329493522644 0.627933919429779
vt 0.7549176216125488 0.617068886756897
vt 0.7916879653930664 0.6168087720870972
vt 0.8984716534614563 0.6283900141716003
vt 0.8464376926422119 0.6287581324577332
vt 0.8552592992782593 0.6175004243850708
vt 0.8984716534614563 0.6283900141716003
vt 0.8552592992782593 0.6175004243850708
vt 0.8894909024238586 0.6172581911087036
vt 0.5476809144020081 0.63030606508255
vt 0.6035768985748291 0.6299105882644653
vt 0.5939364433288574 0.6187854409217834
vt 0.5476809144020081 0.63030606508255
vt 0.5939364433288574 0.6187854409217834
vt 0.557166337966919 0.6190453767776489
vt 0.5518761873245239 0.8680596053600311
vt 0.6039110422134399 0.8676916658878326
vt 0.5954283475875854 0.8565577864646912
vt 0.5518761873245239 0.8680596053600311
vt 0.5954283475875854 0.8565577864646912
vt 0.5602022409439087 0.8568069338798523
vt 0.8455312252044678 0.8640709221363068
vt 0.9014270901679993 0.8636773228645325
vt 0.8923205137252808 0.8525470495223999
vt 0.8455312252044678 0.8640709221363068
vt 0.8923205137252808 0.8525470495223999
vt 0.8544797301292419 0.8528135716915131
vt 0.7487243413925171 0.8647378981113434
vt 0.8007591366767883 0.8643699288368225
vt 0.7922762036323547 0.8532360792160034
vt 0.7487243413925171 0.8647378981113434
vt 0.7922762036323547 0.8532360792160034
vt 0.7570502161979675 0.8534852266311646
vt 0.6464959979057312 0.8693171441555023
vt 0.70402991771698 0.8689102530479431
vt 0.6946566104888916 0.8574540317058563
vt 0.6464959979057312 0.8693171441555023
vt 0.6946566104888916 0.8574540317058563
vt 0.6557072401046753 0.8577294647693634
vt 0.7969939112663269 0.39191389083862305
vt 0.7410973906517029 0.39230936765670776
vt 0.7512367367744446 0.3810434937477112
vt 0.7969939112663269 0.39191389083862305
vt 0.7512367367744446 0.3810434937477112
vt 0.7866961359977722 0.3807927966117859
vt 0.5967881679534912 0.3937183618545532
vt 0.5447531938552856 0.39408648014068604
vt 0.5541865229606628 0.38282549381256104
vt 0.5967881679534912 0.3937183618545532
vt 0.5541865229606628 0.38282549381256104
vt 0.5871962308883667 0.3825921416282654
vt 0.8421525359153748 0.3886386752128601
vt 0.8980484008789062 0.38824325799942017
vt 0.8877509832382202 0.37712210416793823
vt 0.8421525359153748 0.3886386752128601
vt 0.8877509832382202 0.37712210416793823
vt 0.8522912263870239 0.3773728609085083
vt 0.6422648429870605 0.3904121518135071
vt 0.6942991018295288 0.39004403352737427
vt 0.6847072839736938 0.378917932510376
vt 0.6422648429870605 0.3904121518135071
vt 0.6847072839736938 0.378917932510376
vt 0.6516976356506348 0.3791511058807373
vt 0.710068941116333 0.1610109806060791
vt 0.6541734933853149 0.16140639781951904
vt 0.6633915901184082 0.1501469612121582
vt 0.710068941116333 0.1610109806060791
vt 0.6633915901184082 0.1501469612121582
vt 0.7006934881210327 0.149882972240448
vt 0.8061480522155762 0.15912389755249023
vt 0.7541131973266602 0.15949207544326782
vt 0.7626892924308777 0.14823698997497559
vt 0.8061480522155762 0.15912389755249023
vt 0.7626892924308777 0.14823698997497559
vt 0.7974143028259277 0.14799141883850098
vt 0.8530200719833374 0.15853846073150635
vt 0.9081382155418396 0.1581486463546753
vt 0.8988929986953735 0.14717555046081543
vt 0.8530200719833374 0.15853846073150635
vt 0.8988929986953735 0.14717555046081543
vt 0.8621101379394531 0.14743578433990479
vt 0.5573568940162659 0.16276919841766357
vt 0.609391987323761 0.16240108013153076
vt 0.60065758228302 0.1512681245803833
vt 0.5573568940162659 0.16276919841766357
vt 0.60065758228302 0.1512681245803833
vt 0.5659321546554565 0.15151387453079224
vt 0.8036278486251831 0.5831413865089417
vt 0.742501974105835 0.5835739374160767
vt 0.7451279163360596 0.5725943446159363
vt 0.8036278486251831 0.5831413865089417
vt 0.7451279163360596 0.5725943446159363
vt 0.8006459474563599 0.5724006295204163
vt 0.900589108467102 0.583597719669342
vt 0.8436862230300903 0.5840000510215759
vt 0.8461137413978577 0.5727558732032776
vt 0.900589108467102 0.583597719669342
vt 0.8461137413978577 0.5727558732032776
vt 0.8979871273040771 0.5723891258239746
vt 0.5447508096694946 0.5855504870414734
vt 0.6058756113052368 0.5851181149482727
vt 0.6031810641288757 0.5739431977272034
vt 0.5447508096694946 0.5855504870414734
vt 0.6031810641288757 0.5739431977272034
vt 0.5472851395606995 0.5743382573127747
vt 0.647530198097229 0.5867366790771484
vt 0.7044323086738586 0.586334228515625
vt 0.7019197940826416 0.5751578211784363
vt 0.647530198097229 0.5867366790771484
vt 0.7019197940826416 0.5751578211784363
vt 0.6498844623565674 0.5755259394645691
vt 0.8421352505683899 0.8193176090717316
vt 0.9041923880577087 0.8188804090023041
vt 0.9013355374336243 0.8077057898044586
vt 0.8421352505683899 0.8193176090717316
vt 0.9013355374336243 0.8077057898044586
vt 0.8448342084884644 0.8081044554710388
vt 0.7455403208732605 0.8199830651283264
vt 0.8033112287521362 0.8195744156837463
vt 0.8006227612495422 0.8083997666835785
vt 0.7455403208732605 0.8199830651283264
vt 0.8006227612495422 0.8083997666835785
vt 0.7480689883232117 0.808771401643753
vt 0.6429992914199829 0.8232525289058685
vt 0.706874668598175 0.8228007853031158
vt 0.7036224007606506 0.8113012313842773
vt 0.6429992914199829 0.8232525289058685
vt 0.7036224007606506 0.8113012313842773
vt 0.6460882425308228 0.8117081522941589
vt 0.5486928224563599 0.8233049809932709
vt 0.6064631938934326 0.8228962421417236
vt 0.6035151481628418 0.811723381280899
vt 0.5486928224563599 0.8233049809932709
vt 0.6035151481628418 0.811723381280899
vt 0.5514804124832153 0.8120913505554199
vt 0.5990564823150635 0.3489254117012024
vt 0.541850209236145 0.34932994842529297
vt 0.544678807258606 0.3372344970703125
vt 0.5990564823150635 0.3489254117012024
vt 0.544678807258606 0.3372344970703125
vt 0.5965814590454102 0.3368673324584961
vt 0.839059054851532 0.3438833951950073
vt 0.900510311126709 0.3434487581253052
vt 0.897652268409729 0.3322746753692627
vt 0.839059054851532 0.3438833951950073
vt 0.897652268409729 0.3322746753692627
vt 0.8417566418647766 0.3326701521873474
vt 0.6393622756004333 0.3456556797027588
vt 0.6965691447257996 0.3452509641647339
vt 0.6939033269882202 0.3340755105018616
vt 0.6393622756004333 0.3456556797027588
vt 0.6939033269882202 0.3340755105018616
vt 0.641869068145752 0.33444344997406006
vt 0.7994546294212341 0.34711968898773193
vt 0.7380039691925049 0.347554087638855
vt 0.7398571372032166 0.33536696434020996
vt 0.7994546294212341 0.34711968898773193
vt 0.7398571372032166 0.33536696434020996
vt 0.7968524694442749 0.33498716354370117
vt 0.8085223436355591 0.1143302321434021
vt 0.751105785369873 0.11473631858825684
vt 0.7542200684547424 0.10363650321960449
vt 0.8085223436355591 0.1143302321434021
vt 0.7542200684547424 0.10363650321960449
vt 0.805498480796814 0.10327374935150146
vt 0.8498582243919373 0.11440706253051758
vt 0.9106760025024414 0.11397695541381836
vt 0.9077479243278503 0.1029590368270874
vt 0.8498582243919373 0.11440706253051758
vt 0.9077479243278503 0.1029590368270874
vt 0.8526297807693481 0.10334861278533936
vt 0.5543498992919922 0.11801314353942871
vt 0.6117658019065857 0.1176067590713501
vt 0.6089962124824524 0.10643243789672852
vt 0.5543498992919922 0.11801314353942871
vt 0.6089962124824524 0.10643243789672852
vt 0.5569608211517334 0.10680055618286133
vt 0.7126429080963135 0.11621594429016113
vt 0.6509666442871094 0.11665225028991699
vt 0.653740406036377 0.10518491268157959
vt 0.7126429080963135 0.11621594429016113
vt 0.653740406036377 0.10518491268157959
vt 0.7097605466842651 0.10489988327026367
vt 0.6988804936408997 0.65353924036026
vt 0.6540320515632629 0.6538563966751099
vt 0.6505177021026611 0.6650746464729309
vt 0.6988804936408997 0.65353924036026
vt 0.6505177021026611 0.6650746464729309
vt 0.7025530338287354 0.6647066473960876
vt 0.6988804936408997 0.65353924036026
vt 0.7023948431015015 0.6423196792602539
vt 0.7023153901100159 0.6311268210411072
vt 0.6988804936408997 0.65353924036026
vt 0.7023153901100159 0.6311268210411072
vt 0.6502801179885864 0.63149493932724
vt 0.6988804936408997 0.65353924036026
vt 0.6502801179885864 0.63149493932724
vt 0.6503595113754272 0.6426877379417419
vt 0.6988804936408997 0.65353924036026
vt 0.6503595113754272 0.6426877379417419
vt 0.6540320515632629 0.6538563966751099
vt 0.801329493522644 0.627933919429779
vt 0.8014087080955505 0.6391289830207825
vt 0.7455127239227295 0.6395241618156433
vt 0.801329493522644 0.627933919429779
vt 0.7455127239227295 0.6395241618156433
vt 0.7454335689544678 0.6283293962478638
vt 0.7494513392448425 0.6506904363632202
vt 0.7976281642913818 0.6503495573997498
vt 0.8015671372413635 0.6615150570869446
vt 0.7494513392448425 0.6506904363632202
vt 0.8015671372413635 0.6615150570869446
vt 0.7456711530685425 0.661910355091095
vt 0.7494513392448425 0.6506904363632202
vt 0.7455127239227295 0.6395241618156433
vt 0.8014087080955505 0.6391289830207825
vt 0.7494513392448425 0.6506904363632202
vt 0.8014087080955505 0.6391289830207825
vt 0.7976281642913818 0.6503495573997498
vt 0.8984716534614563 0.6283900141716003
vt 0.8985510468482971 0.6395828723907471
vt 0.8465167284011841 0.6399509906768799
vt 0.8984716534614563 0.6283900141716003
vt 0.8465167284011841 0.6399509906768799
vt 0.8464376926422119 0.6287581324577332
vt 0.8501895666122437 0.6511197686195374
vt 0.8950360417366028 0.6508025527000427
vt 0.8987092971801758 0.6619701385498047
vt 0.8501895666122437 0.6511197686195374
vt 0.8987092971801758 0.6619701385498047
vt 0.8466750383377075 0.6623380780220032
vt 0.8501895666122437 0.6511197686195374
vt 0.8465167284011841 0.6399509906768799
vt 0.8985510468482971 0.6395828723907471
vt 0.8501895666122437 0.6511197686195374
vt 0.8985510468482971 0.6395828723907471
vt 0.8950360417366028 0.6508025527000427
vt 0.5476809144020081 0.63030606508255
vt 0.5477599501609802 0.6415008902549744
vt 0.6036561131477356 0.6411054730415344
vt 0.5476809144020081 0.63030606508255
vt 0.6036561131477356 0.6411054730415344
vt 0.6035768985748291 0.6299105882644653
vt 0.5998759269714355 0.652326226234436
vt 0.55170077085495 0.6526668667793274
vt 0.5479183793067932 0.6638870239257812
vt 0.5998759269714355 0.652326226234436
vt 0.5479183793067932 0.6638870239257812
vt 0.6038143038749695 0.6634917855262756
vt 0.5998759269714355 0.652326226234436
vt 0.6036561131477356 0.6411054730415344
vt 0.5477599501609802 0.6415008902549744
vt 0.5998759269714355 0.652326226234436
vt 0.5477599501609802 0.6415008902549744
vt 0.55170077085495 0.6526668667793274
vt 0.5518761873245239 0.8680596053600311
vt 0.5519554615020752 0.8792539238929749
vt 0.6039903163909912 0.8788858652114868
vt 0.5518761873245239 0.8680596053600311
vt 0.6039903163909912 0.8788858652114868
vt 0.6039110422134399 0.8676916658878326
vt 0.6000735759735107 0.8901078701019287
vt 0.5560317039489746 0.8904195129871368
vt 0.5521137714385986 0.9016408026218414
vt 0.6000735759735107 0.8901078701019287
vt 0.5521137714385986 0.9016408026218414
vt 0.6041488647460938 0.9012730121612549
vt 0.6000735759735107 0.8901078701019287
vt 0.6039903163909912 0.8788858652114868
vt 0.5519554615020752 0.8792539238929749
vt 0.6000735759735107 0.8901078701019287
vt 0.5519554615020752 0.8792539238929749
vt 0.5560317039489746 0.8904195129871368
vt 0.8455312252044678 0.8640709221363068
vt 0.8456100821495056 0.8752640783786774
vt 0.9015057682991028 0.8748704791069031
vt 0.8455312252044678 0.8640709221363068
vt 0.9015057682991028 0.8748704791069031
vt 0.9014270901679993 0.8636773228645325
vt 0.8972913026809692 0.8860945105552673
vt 0.8499820828437805 0.886427640914917
vt 0.8457676768302917 0.8976518213748932
vt 0.8972913026809692 0.8860945105552673
vt 0.8457676768302917 0.8976518213748932
vt 0.9016637206077576 0.8972581326961517
vt 0.8972913026809692 0.8860945105552673
vt 0.9015057682991028 0.8748704791069031
vt 0.8456100821495056 0.8752640783786774
vt 0.8972913026809692 0.8860945105552673
vt 0.8456100821495056 0.8752640783786774
vt 0.8499820828437805 0.886427640914917
vt 0.7487243413925171 0.8647378981113434
vt 0.748803436756134 0.8759320676326752
vt 0.8008384108543396 0.8755640089511871
vt 0.7487243413925171 0.8647378981113434
vt 0.8008384108543396 0.8755640089511871
vt 0.8007591366767883 0.8643699288368225
vt 0.7969216108322144 0.8867861032485962
vt 0.7528799176216125 0.8870976567268372
vt 0.7497625946998596 0.8983131349086761
vt 0.7969216108322144 0.8867861032485962
vt 0.7497625946998596 0.8983131349086761
vt 0.8001959919929504 0.8979568183422089
vt 0.7969216108322144 0.8867861032485962
vt 0.8008384108543396 0.8755640089511871
vt 0.748803436756134 0.8759320676326752
vt 0.7969216108322144 0.8867861032485962
vt 0.748803436756134 0.8759320676326752
vt 0.7528799176216125 0.8870976567268372
vt 0.6464959979057312 0.8693171441555023
vt 0.6465775966644287 0.8808383643627167
vt 0.7041111588478088 0.8804314434528351
vt 0.6464959979057312 0.8693171441555023
vt 0.7041111588478088 0.8804314434528351
vt 0.70402991771698 0.8689102530479431
vt 0.6997748613357544 0.8919844627380371
vt 0.6510781049728394 0.8923289775848389
vt 0.6467404365539551 0.9038820862770081
vt 0.6997748613357544 0.8919844627380371
vt 0.6467404365539551 0.9038820862770081
vt 0.7042742371559143 0.9034751951694489
vt 0.6997748613357544 0.8919844627380371
vt 0.7041111588478088 0.8804314434528351
vt 0.6465775966644287 0.8808383643627167
vt 0.6997748613357544 0.8919844627380371
vt 0.6465775966644287 0.8808383643627167
vt 0.6510781049728394 0.8923289775848389
vt 0.7969939112663269 0.39191389083862305
vt 0.7970731854438782 0.40310776233673096
vt 0.741176426410675 0.40350282192230225
vt 0.7969939112663269 0.39191389083862305
vt 0.741176426410675 0.40350282192230225
vt 0.7410973906517029 0.39230936765670776
vt 0.7459215521812439 0.4146636128425598
vt 0.792485773563385 0.4143342971801758
vt 0.7972314953804016 0.4254952669143677
vt 0.7459215521812439 0.4146636128425598
vt 0.7972314953804016 0.4254952669143677
vt 0.7413349747657776 0.4258905053138733
vt 0.7459215521812439 0.4146636128425598
vt 0.741176426410675 0.40350282192230225
vt 0.7970731854438782 0.40310776233673096
vt 0.7459215521812439 0.4146636128425598
vt 0.7970731854438782 0.40310776233673096
vt 0.792485773563385 0.4143342971801758
vt 0.5967881679534912 0.3937183618545532
vt 0.5968673229217529 0.40491199493408203
vt 0.5448323488235474 0.40527987480163574
vt 0.5967881679534912 0.3937183618545532
vt 0.5448323488235474 0.40527987480163574
vt 0.5447531938552856 0.39408648014068604
vt 0.5492553114891052 0.4164433479309082
vt 0.5926017761230469 0.4161367416381836
vt 0.5970256328582764 0.4272992014884949
vt 0.5492553114891052 0.4164433479309082
vt 0.5970256328582764 0.4272992014884949
vt 0.5449907183647156 0.42766714096069336
vt 0.5492553114891052 0.4164433479309082
vt 0.5448323488235474 0.40527987480163574
vt 0.5968673229217529 0.40491199493408203
vt 0.5492553114891052 0.4164433479309082
vt 0.5968673229217529 0.40491199493408203
vt 0.5926017761230469 0.4161367416381836
vt 0.8421525359153748 0.3886386752128601
vt 0.8422316908836365 0.3998321294784546
vt 0.8981273174285889 0.399436891078949
vt 0.8421525359153748 0.3886386752128601
vt 0.8981273174285889 0.399436891078949
vt 0.8980484008789062 0.38824325799942017
vt 0.8935407400131226 0.410663366317749
vt 0.8469765186309814 0.41099274158477783
vt 0.8423899412155151 0.4222198724746704
vt 0.8935407400131226 0.410663366317749
vt 0.8423899412155151 0.4222198724746704
vt 0.8982858657836914 0.42182457447052
vt 0.8935407400131226 0.410663366317749
vt 0.8981273174285889 0.399436891078949
vt 0.8422316908836365 0.3998321294784546
vt 0.8935407400131226 0.410663366317749
vt 0.8422316908836365 0.3998321294784546
vt 0.8469765186309814 0.41099274158477783
vt 0.6422648429870605 0.3904121518135071
vt 0.6423441171646118 0.401605486869812
vt 0.6943783760070801 0.40123748779296875
vt 0.6422648429870605 0.3904121518135071
vt 0.6943783760070801 0.40123748779296875
vt 0.6942991018295288 0.39004403352737427
vt 0.6901134848594666 0.41246235370635986
vt 0.6467663645744324 0.4127688407897949
vt 0.6425023078918457 0.4239928722381592
vt 0.6901134848594666 0.41246235370635986
vt 0.6425023078918457 0.4239928722381592
vt 0.6945366859436035 0.4236248731613159
vt 0.6901134848594666 0.41246235370635986
vt 0.6943783760070801 0.40123748779296875
vt 0.6423441171646118 0.401605486869812
vt 0.6901134848594666 0.41246235370635986
vt 0.6423441171646118 0.401605486869812
vt 0.6467663645744324 0.4127688407897949
vt 0.710068941116333 0.1610109806060791
vt 0.7101483345031738 0.172204852104187
vt 0.6542526483535767 0.1726001501083374
vt 0.710068941116333 0.1610109806060791
vt 0.6542526483535767 0.1726001501083374
vt 0.6541734933853149 0.16140639781951904
vt 0.6586283445358276 0.1837635040283203
vt 0.7059319019317627 0.18342888355255127
vt 0.7103064060211182 0.19459199905395508
vt 0.6586283445358276 0.1837635040283203
vt 0.7103064060211182 0.19459199905395508
vt 0.6544109582901001 0.19498741626739502
vt 0.6586283445358276 0.1837635040283203
vt 0.6542526483535767 0.1726001501083374
vt 0.7101483345031738 0.172204852104187
vt 0.6586283445358276 0.1837635040283203
vt 0.7101483345031738 0.172204852104187
vt 0.7059319019317627 0.18342888355255127
vt 0.8061480522155762 0.15912389755249023
vt 0.8062273263931274 0.17031753063201904
vt 0.7541923522949219 0.1706855297088623
vt 0.8061480522155762 0.15912389755249023
vt 0.7541923522949219 0.1706855297088623
vt 0.7541131973266602 0.15949207544326782
vt 0.7582718729972839 0.18185102939605713
vt 0.80230712890625 0.1815396547317505
vt 0.8062636852264404 0.19287002086639404
vt 0.7582718729972839 0.18185102939605713
vt 0.8062636852264404 0.19287002086639404
vt 0.7543013691902161 0.19323760271072388
vt 0.7582718729972839 0.18185102939605713
vt 0.7541923522949219 0.1706855297088623
vt 0.8062273263931274 0.17031753063201904
vt 0.7582718729972839 0.18185102939605713
vt 0.8062273263931274 0.17031753063201904
vt 0.80230712890625 0.1815396547317505
vt 0.8530200719833374 0.15853846073150635
vt 0.8530982136726379 0.1695765256881714
vt 0.9082158803939819 0.1691867709159851
vt 0.8530200719833374 0.15853846073150635
vt 0.9082158803939819 0.1691867709159851
vt 0.9081382155418396 0.1581486463546753
vt 0.9040577411651611 0.18025457859039307
vt 0.8574137091636658 0.18058443069458008
vt 0.8532540798187256 0.1916523575782776
vt 0.9040577411651611 0.18025457859039307
vt 0.8532540798187256 0.1916523575782776
vt 0.9083721041679382 0.1912623643875122
vt 0.9040577411651611 0.18025457859039307
vt 0.9082158803939819 0.1691867709159851
vt 0.8530982136726379 0.1695765256881714
vt 0.9040577411651611 0.18025457859039307
vt 0.8530982136726379 0.1695765256881714
vt 0.8574137091636658 0.18058443069458008
vt 0.5573568940162659 0.16276919841766357
vt 0.5574358105659485 0.17396235466003418
vt 0.6094712018966675 0.17359411716461182
vt 0.5573568940162659 0.16276919841766357
vt 0.6094712018966675 0.17359411716461182
vt 0.609391987323761 0.16240108013153076
vt 0.6055507063865662 0.18481671810150146
vt 0.5615147948265076 0.18512821197509766
vt 0.557594358921051 0.19634950160980225
vt 0.6055507063865662 0.18481671810150146
vt 0.557594358921051 0.19634950160980225
vt 0.6096293330192566 0.19598174095153809
vt 0.6055507063865662 0.18481671810150146
vt 0.6094712018966675 0.17359411716461182
vt 0.5574358105659485 0.17396235466003418
vt 0.6055507063865662 0.18481671810150146
vt 0.5574358105659485 0.17396235466003418
vt 0.5615147948265076 0.18512821197509766
vt 0.8036278486251831 0.5831413865089417
vt 0.8048275113105774 0.5943276882171631
vt 0.7414613962173462 0.5947758555412292
vt 0.8036278486251831 0.5831413865089417
vt 0.7414613962173462 0.5947758555412292
vt 0.742501974105835 0.5835739374160767
vt 0.7426602840423584 0.6059607267379761
vt 0.8037862181663513 0.6055285334587097
vt 0.7916879653930664 0.6168087720870972
vt 0.7426602840423584 0.6059607267379761
vt 0.7916879653930664 0.6168087720870972
vt 0.7549176216125488 0.617068886756897
vt 0.7426602840423584 0.6059607267379761
vt 0.7414613962173462 0.5947758555412292
vt 0.8048275113105774 0.5943276882171631
vt 0.7426602840423584 0.6059607267379761
vt 0.8048275113105774 0.5943276882171631
vt 0.8037862181663513 0.6055285334587097
vt 0.900589108467102 0.583597719669342
vt 0.9017112851142883 0.5947842001914978
vt 0.8427221179008484 0.5952014327049255
vt 0.900589108467102 0.583597719669342
vt 0.8427221179008484 0.5952014327049255
vt 0.8436862230300903 0.5840000510215759
vt 0.8438446521759033 0.6063876152038574
vt 0.9007469415664673 0.6059853434562683
vt 0.8894909024238586 0.6172581911087036
vt 0.8438446521759033 0.6063876152038574
vt 0.8894909024238586 0.6172581911087036
vt 0.8552592992782593 0.6175004243850708
vt 0.8438446521759033 0.6063876152038574
vt 0.8427221179008484 0.5952014327049255
vt 0.9017112851142883 0.5947842001914978
vt 0.8438446521759033 0.6063876152038574
vt 0.9017112851142883 0.5947842001914978
vt 0.9007469415664673 0.6059853434562683
vt 0.5447508096694946 0.5855504870414734
vt 0.5437086224555969 0.5967525243759155
vt 0.6070753335952759 0.5963042378425598
vt 0.5447508096694946 0.5855504870414734
vt 0.6070753335952759 0.5963042378425598
vt 0.6058756113052368 0.5851181149482727
vt 0.6060338020324707 0.6075049638748169
vt 0.5449090003967285 0.6079373359680176
vt 0.557166337966919 0.6190453767776489
vt 0.6060338020324707 0.6075049638748169
vt 0.557166337966919 0.6190453767776489
vt 0.5939364433288574 0.6187854409217834
vt 0.6060338020324707 0.6075049638748169
vt 0.6070753335952759 0.5963042378425598
vt 0.5437086224555969 0.5967525243759155
vt 0.6060338020324707 0.6075049638748169
vt 0.5437086224555969 0.5967525243759155
vt 0.5449090003967285 0.6079373359680176
vt 0.647530198097229 0.5867366790771484
vt 0.6465664505958557 0.5979381799697876
vt 0.7055562734603882 0.5975211262702942
vt 0.647530198097229 0.5867366790771484
vt 0.7055562734603882 0.5975211262702942
vt 0.7044323086738586 0.586334228515625
vt 0.7045907378196716 0.6087219715118408
vt 0.6476885676383972 0.6091244220733643
vt 0.6591030359268188 0.6202371120452881
vt 0.7045907378196716 0.6087219715118408
vt 0.6591030359268188 0.6202371120452881
vt 0.6933342814445496 0.6199949979782104
vt 0.7045907378196716 0.6087219715118408
vt 0.7055562734603882 0.5975211262702942
vt 0.6465664505958557 0.5979381799697876
vt 0.7045907378196716 0.6087219715118408
vt 0.6465664505958557 0.5979381799697876
vt 0.6476885676383972 0.6091244220733643
vt 0.8421352505683899 0.8193176090717316
vt 0.8424823880195618 0.8305094540119171
vt 0.9040036201477051 0.8300761580467224
vt 0.8421352505683899 0.8193176090717316
vt 0.9040036201477051 0.8300761580467224
vt 0.9041923880577087 0.8188804090023041
vt 0.9044831395149231 0.841266930103302
vt 0.8421598672866821 0.8417059183120728
vt 0.8544797301292419 0.8528135716915131
vt 0.9044831395149231 0.841266930103302
vt 0.8544797301292419 0.8528135716915131
vt 0.8923205137252808 0.8525470495223999
vt 0.9044831395149231 0.841266930103302
vt 0.9040036201477051 0.8300761580467224
vt 0.8424823880195618 0.8305094540119171
vt 0.9044831395149231 0.841266930103302
vt 0.8424823880195618 0.8305094540119171
vt 0.8421598672866821 0.8417059183120728
vt 0.7455403208732605 0.8199830651283264
vt 0.745868444442749 0.8311754763126373
vt 0.8031412363052368 0.8307704329490662
vt 0.7455403208732605 0.8199830651283264
vt 0.8031412363052368 0.8307704329490662
vt 0.8033112287521362 0.8195744156837463
vt 0.8035934567451477 0.8419612050056458
vt 0.7455752491950989 0.8423716425895691
vt 0.7570502161979675 0.8534852266311646
vt 0.8035934567451477 0.8419612050056458
vt 0.7570502161979675 0.8534852266311646
vt 0.7922762036323547 0.8532360792160034
vt 0.8035934567451477 0.8419612050056458
vt 0.8031412363052368 0.8307704329490662
vt 0.745868444442749 0.8311754763126373
vt 0.8035934567451477 0.8419612050056458
vt 0.745868444442749 0.8311754763126373
vt 0.7455752491950989 0.8423716425895691
vt 0.6429992914199829 0.8232525289058685
vt 0.6433568596839905 0.8347722291946411
vt 0.7066805958747864 0.8343242406845093
vt 0.6429992914199829 0.8232525289058685
vt 0.7066805958747864 0.8343242406845093
vt 0.706874668598175 0.8228007853031158
vt 0.7071753740310669 0.8458431661128998
vt 0.6430264711380005 0.8462966978549957
vt 0.6557072401046753 0.8577294647693634
vt 0.7071753740310669 0.8458431661128998
vt 0.6557072401046753 0.8577294647693634
vt 0.6946566104888916 0.8574540317058563
vt 0.7071753740310669 0.8458431661128998
vt 0.7066805958747864 0.8343242406845093
vt 0.6433568596839905 0.8347722291946411
vt 0.7071753740310669 0.8458431661128998
vt 0.6433568596839905 0.8347722291946411
vt 0.6430264711380005 0.8462966978549957
vt 0.5486928224563599 0.8233049809932709
vt 0.5490206480026245 0.8344973027706146
vt 0.6062935590744019 0.8340923488140106
vt 0.5486928224563599 0.8233049809932709
vt 0.6062935590744019 0.8340923488140106
vt 0.6064631938934326 0.8228962421417236
vt 0.6067448854446411 0.8452831208705902
vt 0.5487270355224609 0.8456934094429016
vt 0.5602022409439087 0.8568069338798523
vt 0.6067448854446411 0.8452831208705902
vt 0.5602022409439087 0.8568069338798523
vt 0.5954283475875854 0.8565577864646912
vt 0.6067448854446411 0.8452831208705902
vt 0.6062935590744019 0.8340923488140106
vt 0.5490206480026245 0.8344973027706146
vt 0.6067448854446411 0.8452831208705902
vt 0.5490206480026245 0.8344973027706146
vt 0.5487270355224609 0.8456934094429016
vt 0.5990564823150635 0.3489254117012024
vt 0.6002110242843628 0.36011117696762085
vt 0.540855884552002 0.3605309724807739
vt 0.5990564823150635 0.3489254117012024
vt 0.540855884552002 0.3605309724807739
vt 0.541850209236145 0.34932994842529297
vt 0.5409348607063293 0.37172484397888184
vt 0.6002888679504395 0.371304988861084
vt 0.5871962308883667 0.3825921416282654
vt 0.5409348607063293 0.37172484397888184
vt 0.5871962308883667 0.3825921416282654
vt 0.5541865229606628 0.38282549381256104
vt 0.5409348607063293 0.37172484397888184
vt 0.540855884552002 0.3605309724807739
vt 0.6002110242843628 0.36011117696762085
vt 0.5409348607063293 0.37172484397888184
vt 0.6002110242843628 0.36011117696762085
vt 0.6002888679504395 0.371304988861084
vt 0.839059054851532 0.3438833951950073
vt 0.8379843235015869 0.3550853729248047
vt 0.9017428159713745 0.35463452339172363
vt 0.839059054851532 0.3438833951950073
vt 0.9017428159713745 0.35463452339172363
vt 0.900510311126709 0.3434487581253052
vt 0.9018210172653198 0.3658279776573181
vt 0.8380628824234009 0.36627888679504395
vt 0.8522912263870239 0.3773728609085083
vt 0.9018210172653198 0.3658279776573181
vt 0.8522912263870239 0.3773728609085083
vt 0.8877509832382202 0.37712210416793823
vt 0.9018210172653198 0.3658279776573181
vt 0.9017428159713745 0.35463452339172363
vt 0.8379843235015869 0.3550853729248047
vt 0.9018210172653198 0.3658279776573181
vt 0.8379843235015869 0.3550853729248047
vt 0.8380628824234009 0.36627888679504395
vt 0.6393622756004333 0.3456556797027588
vt 0.6383668780326843 0.35685664415359497
vt 0.6977220773696899 0.3564368486404419
vt 0.6393622756004333 0.3456556797027588
vt 0.6977220773696899 0.3564368486404419
vt 0.6965691447257996 0.3452509641647339
vt 0.6977999806404114 0.36763083934783936
vt 0.6384473443031311 0.3680504560470581
vt 0.6516976356506348 0.3791511058807373
vt 0.6977999806404114 0.36763083934783936
vt 0.6516976356506348 0.3791511058807373
vt 0.6847072839736938 0.378917932510376
vt 0.6977999806404114 0.36763083934783936
vt 0.6977220773696899 0.3564368486404419
vt 0.6383668780326843 0.35685664415359497
vt 0.6977999806404114 0.36763083934783936
vt 0.6383668780326843 0.35685664415359497
vt 0.6384473443031311 0.3680504560470581
vt 0.7994546294212341 0.34711968898773193
vt 0.8006895184516907 0.3583052158355713
vt 0.73692786693573 0.3587561845779419
vt 0.7994546294212341 0.34711968898773193
vt 0.73692786693573 0.3587561845779419
vt 0.7380039691925049 0.347554087638855
vt 0.7370090484619141 0.3699495792388916
vt 0.8007674813270569 0.36949872970581055
vt 0.7866961359977722 0.3807927966117859
vt 0.7370090484619141 0.3699495792388916
vt 0.7866961359977722 0.3807927966117859
vt 0.7512367367744446 0.3810434937477112
vt 0.7370090484619141 0.3699495792388916
vt 0.73692786693573 0.3587561845779419
vt 0.8006895184516907 0.3583052158355713
vt 0.7370090484619141 0.3699495792388916
vt 0.8006895184516907 0.3583052158355713
vt 0.8007674813270569 0.36949872970581055
vt 0.8085223436355591 0.1143302321434021
vt 0.8094964027404785 0.12551748752593994
vt 0.7502902150154114 0.12593615055084229
vt 0.8085223436355591 0.1143302321434021
vt 0.7502902150154114 0.12593615055084229
vt 0.751105785369873 0.11473631858825684
vt 0.7503712773323059 0.13713037967681885
vt 0.8095732927322388 0.1367117166519165
vt 0.7974143028259277 0.14799141883850098
vt 0.7503712773323059 0.13713037967681885
vt 0.7974143028259277 0.14799141883850098
vt 0.7626892924308777 0.14823698997497559
vt 0.7503712773323059 0.13713037967681885
vt 0.7502902150154114 0.12593615055084229
vt 0.8094964027404785 0.12551748752593994
vt 0.7503712773323059 0.13713037967681885
vt 0.8094964027404785 0.12551748752593994
vt 0.8095732927322388 0.1367117166519165
vt 0.8498582243919373 0.11440706253051758
vt 0.8489876389503479 0.12545156478881836
vt 0.9117024540901184 0.12500804662704468
vt 0.8498582243919373 0.11440706253051758
vt 0.9117024540901184 0.12500804662704468
vt 0.9106760025024414 0.11397695541381836
vt 0.9117785692214966 0.1360456943511963
vt 0.8490681648254395 0.13648927211761475
vt 0.8621101379394531 0.14743578433990479
vt 0.9117785692214966 0.1360456943511963
vt 0.8621101379394531 0.14743578433990479
vt 0.8988929986953735 0.14717555046081543
vt 0.9117785692214966 0.1360456943511963
vt 0.9117024540901184 0.12500804662704468
vt 0.8489876389503479 0.12545156478881836
vt 0.9117785692214966 0.1360456943511963
vt 0.8489876389503479 0.12545156478881836
vt 0.8490681648254395 0.13648927211761475
vt 0.5543498992919922 0.11801314353942871
vt 0.5535333156585693 0.12921297550201416
vt 0.6127403378486633 0.12879407405853271
vt 0.5543498992919922 0.11801314353942871
vt 0.6127403378486633 0.12879407405853271
vt 0.6117658019065857 0.1176067590713501
vt 0.6128174066543579 0.13998842239379883
vt 0.5536155700683594 0.14040714502334595
vt 0.5659321546554565 0.15151387453079224
vt 0.6128174066543579 0.13998842239379883
vt 0.5659321546554565 0.15151387453079224
vt 0.60065758228302 0.1512681245803833
vt 0.6128174066543579 0.13998842239379883
vt 0.6127403378486633 0.12879407405853271
vt 0.5535333156585693 0.12921297550201416
vt 0.6128174066543579 0.13998842239379883
vt 0.5535333156585693 0.12921297550201416
vt 0.5536155700683594 0.14040714502334595
vt 0.7126429080963135 0.11621594429016113
vt 0.7136837244033813 0.12740254402160645
vt 0.6500837802886963 0.12785279750823975
vt 0.7126429080963135 0.11621594429016113
vt 0.6500837802886963 0.12785279750823975
vt 0.6509666442871094 0.11665225028991699
vt 0.6501654386520386 0.13904595375061035
vt 0.713760495185852 0.13859617710113525
vt 0.7006934881210327 0.149882972240448
vt 0.6501654386520386 0.13904595375061035
vt 0.7006934881210327 0.149882972240448
vt 0.6633915901184082 0.1501469612121582
vt 0.6501654386520386 0.13904595375061035
vt 0.6500837802886963 0.12785279750823975
vt 0.7136837244033813 0.12740254402160645
vt 0.6501654386520386 0.13904595375061035
vt 0.7136837244033813 0.12740254402160645
vt 0.713760495185852 0.13859617710113525
vt 0.36826765537261963 0.38961613178253174
vt 0.08903992176055908 0.38961613178253174
vt 0.13409548997879028 0.43467187881469727
vt 0.36826765537261963 0.38961613178253174
vt 0.13409548997879028 0.43467187881469727
vt 0.3232119679450989 0.4346719980239868
vt 0.08903992176055908 0.38961613178253174
vt 0.0890398919582367 0.6197562217712402
vt 0.13409554958343506 0.5747004747390747
vt 0.08903992176055908 0.38961613178253174
vt 0.13409554958343506 0.5747004747390747
vt 0.13409548997879028 0.43467187881469727
vt 0.0890398919582367 0.6197562217712402
vt 0.3682677447795868 0.6197561919689178
vt 0.3232119679450989 0.5747004747390747
vt 0.0890398919582367 0.6197562217712402
vt 0.3232119679450989 0.5747004747390747
vt 0.13409554958343506 0.5747004747390747
vt 0.3682677447795868 0.6197561919689178
vt 0.36826765537261963 0.38961613178253174
vt 0.3232119679450989 0.4346719980239868
vt 0.3682677447795868 0.6197561919689178
vt 0.3232119679450989 0.4346719980239868
vt 0.3232119679450989 0.5747004747390747
vn 0 -0.6778859361280112 0.7351670950197989
vn 0 -0.6778859361280112 0.7351670950197989
vn 0 -0.6778859361280112 0.7351670950197989
vn 0 -0.6778859361280112 0.7351670950197989
vn 0 -0.6778859361280112 0.7351670950197989
vn 0 -0.6778859361280112 0.7351670950197989
vn 0 -0.7760711028407747 -0.6306454180722346
vn 0 -0.7760711028407747 -0.6306454180722346
vn 0 -0.7760711028407747 -0.6306454180722346
vn 0 -0.7760711028407747 -0.6306454180722346
vn 0 -0.7760711028407747 -0.6306454180722346
vn 0 -0.7760711028407747 -0.6306454180722346
vn 0.7961699200495503 -0.6050731017061431 0
vn 0.7961698876608788 -0.6050731443239433 0
vn 0.7961699200495503 -0.6050731017061431 0
vn 0.7961699200495503 -0.6050731017061431 0
vn 0.7961699200495503 -0.6050731017061431 0
vn 0.7961698876608788 -0.6050731443239433 0
vn 0.7961699200495503 -0.6050731017061431 0
vn 0.7961698876608788 -0.6050731443239433 0
vn 0.7961698876608788 -0.6050731443239433 0
vn -0.7961698876608788 -0.6050731443239433 0
vn -0.7961698876608788 -0.6050731443239433 0
vn -0.7961699200495503 -0.6050731017061431 0
vn -0.7961698876608788 -0.6050731443239433 0
vn -0.7961699200495503 -0.6050731017061431 0
vn -0.7961699200495503 -0.6050731017061431 0
vn 0 0.6778800519700966 0.7351725206650608
vn 0 0.6778800519700966 0.7351725206650608
vn 0 0.6778800519700966 0.7351725206650608
vn 0 0.6778800519700966 0.7351725206650608
vn 0 0.6778800519700966 0.7351725206650608
vn 0 0.6778800519700966 0.7351725206650608
vn 0 -0.7760711028407747 0.6306454180722346
vn 0 -0.7760711028407747 0.6306454180722346
vn 0 -0.7760711028407747 0.6306454180722346
vn 0 -0.7760711028407747 0.6306454180722346
vn 0 -0.7760711028407747 0.6306454180722346
vn 0 -0.7760711028407747 0.6306454180722346
vn 0 0 1
vn 0 0 1
vn 0 0 1
vn 0 0 1
vn 0 0 1
vn 0 0 1
vn 0 0 -1
vn 0 0 -1
vn 0 0 -1
vn 0 0 -1
vn 0 0 -1
vn 0 0 -1
vn 0 -0.6778858954182437 -0.7351671325576288
vn 0 -0.6778858954182437 -0.7351671325576288
vn 0 -0.6778858954182437 -0.7351671325576288
vn 0 -0.6778858954182437 -0.7351671325576288
vn 0 -0.6778858954182437 -0.7351671325576288
vn 0 -0.6778858954182437 -0.7351671325576288
vn 0 0.6778800926807568 -0.7351724831270064
vn 0 0.6778800926807568 -0.7351724831270064
vn 0 0.6778800926807568 -0.7351724831270064
vn 0 0.6778800926807568 -0.7351724831270064
vn 0 0.6778800926807568 -0.7351724831270064
vn 0 0.6778800926807568 -0.7351724831270064
vn 0.7961745540705191 0.6050670041000501 0
vn 0.7961745216818008 0.6050670467185895 0
vn 0.7961745216818008 0.6050670467185895 0
vn 0.7961745540705191 0.6050670041000501 0
vn 0.7961745216818008 0.6050670467185895 0
vn 0.7961745540705191 0.6050670041000501 0
vn 0.7020834795767071 -0.7120946479966433 0
vn 0.7020834795767071 -0.7120946479966433 0
vn 0.7020835389621884 -0.7120945894460434 0
vn 0.7020834795767071 -0.7120946479966433 0
vn 0.7020835389621884 -0.7120945894460434 0
vn 0.7020835389621884 -0.7120945894460434 0
vn 0.9999999999999999 0 0
vn 0.9999999999999999 0 0
vn 0.9999999999999999 0 0
vn 0.9999999999999999 0 0
vn 0.9999999999999999 0 0
vn 0.9999999999999999 0 0
vn -0.7961745216818008 0.6050670467185895 0
vn -0.7961745540705191 0.6050670041000501 0
vn -0.7961745540705191 0.6050670041000501 0
vn -0.7961745216818008 0.6050670467185895 0
vn -0.7961745540705191 0.6050670041000501 0
vn -0.7961745216818008 0.6050670467185895 0
vn -0.7020835983476751 -0.7120945308954286 0
vn -0.7020835983476751 -0.7120945308954286 0
vn -0.7020835983476751 -0.7120945308954286 0
vn -0.7020835983476751 -0.7120945308954286 0
vn -0.7020835983476751 -0.7120945308954286 0
vn -0.7020835983476751 -0.7120945308954286 0
vn -0.9999999999999999 0 0
vn -0.9999999999999999 0 0
vn -0.9999999999999999 0 0
vn -0.9999999999999999 0 0
vn -0.9999999999999999 0 0
vn -0.9999999999999999 0 0
vn 0 1 0
vn 0 1 0
vn 0 1 0
vn 0 1 0
vn 0 1 0
vn 0 1 0
vn 0 -1 0
vn 0 -1 0
vn 0 -1 0
vn 0 -1 0
vn 0 -1 0
vn 0 -1 0
vn 0 -1 0
vn 0 -1 0
vn 0 -1 0
vn 0 -1 0
vn 0 -1 0
vn 0 -1 0
vn 0 -1 0
vn 0 -1 0
vn 0 -1 1.4164793908465535e-10
vn 0 -1 0
vn 0 -1 1.4164793908465535e-10
vn 0 -1 1.4164793908465535e-10
vn 0 -1 0
vn 0 -1 1.4164793908465535e-10
vn 0 -1 0
vn 0 -1 0
vn 0 -1 0
vn 0 -1 -7.392234499737132e-11
vn 0 -1 0
vn 0 -1 -7.392234499737132e-11
vn 0 -1 -7.392234499737132e-11
vn 0 -1 0
vn 0 -1 -7.392234499737132e-11
vn 0 -1 0
vn 0 -1 0
vn 0 -1 0
vn 0 -1 -7.082392099227341e-11
vn 0 -1 0
vn 0 -1 -7.082392099227341e-11
vn 0 -1 -7.082392099227341e-11
vn 0 -1 0
vn 0 -1 -7.082392099227341e-11
vn 0 -1 0
vn 0 -1 0
vn 0 -1 0
vn 0 -1 2.0499618259891872e-9
vn 0 -1 0
vn 0 -1 2.0499618259891872e-9
vn 0 -1 2.0499622143896216e-9
vn 0.11609838866487447 -0.9873215261229293 0.10824679304122328
vn -0.11609852538836855 -0.987321499787537 0.10824688660619695
vn -0.11609851852031526 -0.9873215068478991 -0.10824682957473654
vn 0.11609838866487447 -0.9873215261229293 0.10824679304122328
vn -0.11609851852031526 -0.9873215068478991 -0.10824682957473654
vn 0.11609838122049147 -0.9873215288140539 -0.10824677647976864
vn 0.11609781571876751 -0.9873215804909438 0.10824691165199883
vn -0.11609774322608428 -0.9873215917913098 0.10824688633159128
vn -0.11609768294604826 -0.9873216071510773 -0.10824681088684693
vn 0.11609781571876751 -0.9873215804909438 0.10824691165199883
vn -0.11609768294604826 -0.9873216071510773 -0.10824681088684693
vn 0.11609773216648264 -0.9873215964703002 -0.10824685551616621
vn 0 -1 -4.908635111559408e-10
vn 0 -1 -4.908635111559408e-10
vn 0 -1 -7.392234499737132e-11
vn 0 -1 -4.908635111559408e-10
vn 0 -1 -7.392234499737132e-11
vn 0 -1 -7.392234499737132e-11
vn -0.11609856353282659 -0.987321553791845 0.10824635311949693
vn -0.11609859367308696 -0.9873215461119355 -0.1082463908417678
vn 0.1160984419401334 -0.987321576801242 -0.10824627366234257
vn -0.11609856353282659 -0.987321553791845 0.10824635311949693
vn 0.1160984419401334 -0.987321576801242 -0.10824627366234257
vn 0.11609839679029846 -0.9873215888351582 0.10824621232514951
vn 0 -1 2.0499618259891872e-9
vn 0 -0.9999999999999998 1.3612254479834662e-8
vn 0 -0.9999999999999998 1.3612254479834662e-8
vn 0 -1 2.0499618259891872e-9
vn 0 -0.9999999999999998 1.3612254479834662e-8
vn 0 -1 2.0499622143896216e-9
vn -0.1160976519731566 -0.9873216684110674 0.10824628535107439
vn -0.11609767059792621 -0.9873216620692098 -0.10824632321990683
vn 0.11609768967830464 -0.9873216590683285 -0.10824633012681484
vn -0.1160976519731566 -0.9873216684110674 0.10824628535107439
vn 0.11609768967830464 -0.9873216590683285 -0.10824633012681484
vn 0.11609765965926666 -0.9873216677763349 0.10824628289690792
vn 0 -1 1.4164793908465535e-10
vn 0 -1 7.607371442218101e-10
vn 0 -1 7.607371442218101e-10
vn 0 -1 1.4164793908465535e-10
vn 0 -1 7.607371442218101e-10
vn 0 -1 1.4164793908465535e-10
vn 0 -0.9999999999999998 -1.5652995291116558e-8
vn 0 -0.9999999999999998 -1.5652995291116558e-8
vn 0 -0.9999999999999998 -1.5652996326851052e-8
vn 0 -0.9999999999999998 -1.5652995291116558e-8
vn 0 -0.9999999999999998 -1.5652996326851052e-8
vn 0 -0.9999999999999998 -1.5652995291116558e-8
vn 0 -1 -3.8036721270938546e-10
vn 0 -1 -7.082392099227341e-11
vn 0 -1 -7.082392099227341e-11
vn 0 -1 -3.8036721270938546e-10
vn 0 -1 -7.082392099227341e-11
vn 0 -1 -3.8036718034268263e-10
vn 0 0 1
vn 0 0 1
vn 0 0 1
vn 0 0 1
vn 0 0 1
vn 0 0 1
vn -0.999999999999988 0 1.542177223699593e-7
vn -0.999999999999988 0 1.542177223699593e-7
vn -0.999999999999988 0 1.542177223699593e-7
vn -0.999999999999988 0 1.542177223699593e-7
vn -0.999999999999988 0 1.542177223699593e-7
vn -0.999999999999988 0 1.542177223699593e-7
vn 0 0 -1
vn 0 0 -1
vn 0 0 -1
vn 0 0 -1
vn 0 0 -1
vn 0 0 -1
vn 0.9999999999999999 0 0
vn 0.9999999999999999 0 0
vn 0.9999999999999999 0 0
vn 0.9999999999999999 0 0
vn 0.9999999999999999 0 0
vn 0.9999999999999999 0 0
vn 0 0 1
vn 0 0 1
vn 0 0 1
vn 0 0 1
vn 0 0 1
vn 0 0 1
vn -0.9999999999999999 0 0
vn -0.9999999999999999 0 0
vn -0.9999999999999999 0 0
vn -0.9999999999999999 0 0
vn -0.9999999999999999 0 0
vn -0.9999999999999999 0 0
vn 0 0 -1
vn 0 0 -1
vn 0 0 -1
vn 0 0 -1
vn 0 0 -1
vn 0 0 -1
vn 0.999999999999988 0 1.542177223699593e-7
vn 0.999999999999988 0 1.542177223699593e-7
vn 0.999999999999988 0 1.542177223699593e-7
vn 0.999999999999988 0 1.542177223699593e-7
vn 0.999999999999988 0 1.542177223699593e-7
vn 0.999999999999988 0 1.542177223699593e-7
vn -0.999999999999988 0 -1.5421739441697855e-7
vn -0.999999999999988 0 -1.5421739441697855e-7
vn -0.999999999999988 0 -1.5421739441697855e-7
vn -0.999999999999988 0 -1.5421739441697855e-7
vn -0.999999999999988 0 -1.5421739441697855e-7
vn -0.999999999999988 0 -1.5421739441697855e-7
vn 0 0 -1
vn 0 0 -1
vn 0 0 -1
vn 0 0 -1
vn 0 0 -1
vn 0 0 -1
vn 0.9999999999999523 0 -3.084347888339461e-7
vn 0.9999999999999523 0 -3.084347888339461e-7
vn 0.9999999999999523 0 -3.084347888339461e-7
vn 0.9999999999999523 0 -3.084347888339461e-7
vn 0.9999999999999523 0 -3.084347888339461e-7
vn 0.9999999999999523 0 -3.084347888339461e-7
vn 0 0 1
vn 0 0 1
vn 0 0 1
vn 0 0 1
vn 0 0 1
vn 0 0 1
vn -0.9999999999999999 0 0
vn -0.9999999999999999 0 0
vn -0.9999999999999999 0 0
vn -0.9999999999999999 0 0
vn -0.9999999999999999 0 0
vn -0.9999999999999999 0 0
vn 0 0 -1
vn 0 0 -1
vn 0 0 -1
vn 0 0 -1
vn 0 0 -1
vn 0 0 -1
vn 0.9999999999999999 0 0
vn 0.9999999999999999 0 0
vn 0.9999999999999999 0 0
vn 0.9999999999999999 0 0
vn 0.9999999999999999 0 0
vn 0.9999999999999999 0 0
vn 0 0 1
vn 0 0 1
vn 0 0 1
vn 0 0 1
vn 0 0 1
vn 0 0 1
vn 0 0 1
vn 0 0 1
vn 0 0 1
vn 0 0 1
vn 0 0 1
vn 0 0 1
vn -0.9999999999999989 0 4.4334399835915094e-8
vn -0.9999999999999989 0 4.433440569221832e-8
vn -0.9999999999999989 0 4.4334399835915094e-8
vn -0.9999999999999989 0 4.4334399835915094e-8
vn -0.9999999999999989 0 4.4334399835915094e-8
vn -0.9999999999999989 0 4.4334399835915094e-8
vn 0 -5.825043640556936e-7 -0.9999999999998302
vn 0 -5.825043640556936e-7 -0.9999999999998302
vn 0 -5.825043640556936e-7 -0.9999999999998302
vn 0 -5.825043640556936e-7 -0.9999999999998302
vn 0 -5.825043640556936e-7 -0.9999999999998302
vn 0 -5.825043640556936e-7 -0.9999999999998302
vn 0.9999999999999766 -2.1623667173624731e-7 0
vn 0.9999999999999766 -2.1623667173624731e-7 0
vn 0.9999999999999766 -2.1623667173624731e-7 0
vn 0.9999999999999766 -2.1623667173624731e-7 0
vn 0.9999999999999766 -2.1623667173624731e-7 0
vn 0.9999999999999766 -2.1623667173624731e-7 0
vn 0 -0.5299980907228478 0.8479988348047041
vn 0 -0.5299980907228478 0.8479988348047041
vn 0 -0.5299981531247344 0.8479987958036088
vn 0 -0.5299980907228478 0.8479988348047041
vn 0 -0.5299981531247344 0.8479987958036088
vn 0 -0.5299981531247344 0.8479987958036088
vn -0.8479981978033855 -0.5299991099258642 4.317582202472673e-8
vn -0.8479981978033855 -0.5299991099258642 4.317582202472673e-8
vn -0.8479981978033855 -0.5299991099258642 4.317582202472673e-8
vn -0.8479981978033855 -0.5299991099258642 4.317582202472673e-8
vn -0.8479981978033855 -0.5299991099258642 4.317582202472673e-8
vn -0.8479981978033855 -0.5299991099258642 4.3175826998440225e-8
vn 0 -0.5299989331475897 -0.8479983082898318
vn 0 -0.5299989331475897 -0.8479983082898318
vn 0 -0.52999899554936 -0.8479982692887229
vn 0 -0.5299989331475897 -0.8479983082898318
vn 0 -0.52999899554936 -0.8479982692887229
vn 0 -0.52999899554936 -0.8479982692887229
vn 0.8479980691614651 -0.5299993157527914 0
vn 0.8479980530812241 -0.5299993414811505 0
vn 0.8479980530812241 -0.5299993414811505 0
vn 0.8479980691614651 -0.5299993157527914 0
vn 0.8479980530812241 -0.5299993414811505 0
vn 0.8479980691614651 -0.5299993157527914 0
vn 0 -0.529998309129413 0.847998698300866
vn 0 -0.529998309129413 0.847998698300866
vn 0 -0.529998309129413 0.847998698300866
vn 0 -0.529998309129413 0.847998698300866
vn 0 -0.529998309129413 0.847998698300866
vn 0 -0.529998309129413 0.847998698300866
vn -0.8479982782045814 -0.529998981283988 0
vn -0.8479982782045814 -0.529998981283988 0
vn -0.8479982621243428 -0.5299990070123664 0
vn -0.8479982782045814 -0.529998981283988 0
vn -0.8479982621243428 -0.5299990070123664 0
vn -0.8479982621243428 -0.5299990070123664 0
vn 0 -0.5299987771431263 -0.8479984057925998
vn 0 -0.5299987771431263 -0.8479984057925998
vn 0 -0.5299987771431263 -0.8479984057925998
vn 0 -0.5299987771431263 -0.8479984057925998
vn 0 -0.5299987771431263 -0.8479984057925998
vn 0 -0.5299987771431263 -0.8479984057925998
vn 0.8479983907662406 -0.529998801185295 1.295275054957165e-7
vn 0.8479984068464779 -0.5299987754569049 1.2952750795189216e-7
vn 0.847998374686003 -0.5299988269136834 1.2952751298696983e-7
vn 0.8479983907662406 -0.529998801185295 1.295275054957165e-7
vn 0.847998374686003 -0.5299988269136834 1.2952751298696983e-7
vn 0.8479984068464779 -0.5299987754569049 1.2952749800446275e-7
vn -0.8479982621243419 -0.5299990070123658 -4.317572582535038e-8
vn -0.8479982621243419 -0.5299990070123658 -4.317572582535038e-8
vn -0.8479982621243419 -0.5299990070123658 -4.317572582535038e-8
vn -0.8479982621243419 -0.5299990070123658 -4.317572582535038e-8
vn -0.8479982621243419 -0.5299990070123658 -4.317572582535038e-8
vn -0.8479982460441031 -0.5299990327407427 -4.3175725006627024e-8
vn 0 -0.5299979971200018 -0.8479988933063454
vn 0 -0.5299979971200018 -0.8479988933063454
vn 0 -0.5299980283209527 -0.8479988738057985
vn 0 -0.5299979971200018 -0.8479988933063454
vn 0 -0.5299980283209527 -0.8479988738057985
vn 0 -0.5299980283209527 -0.8479988738057985
vn 0.8479984550871573 -0.5299986982717064 -3.022301197079065e-7
vn 0.8479984390069203 -0.5299987240001007 -3.0223009408198463e-7
vn 0.8479984390069203 -0.5299987240001007 -3.0223011397684425e-7
vn 0.8479984550871573 -0.5299986982717064 -3.022301197079065e-7
vn 0.8479984390069203 -0.5299987240001007 -3.0223011397684425e-7
vn 0.8479984390069203 -0.5299987240001007 -3.022301338717039e-7
vn 0 -0.5299989331475897 0.8479983082898318
vn 0 -0.5299989331475897 0.8479983082898318
vn 0 -0.52999899554936 0.8479982692887229
vn 0 -0.5299989331475897 0.8479983082898318
vn 0 -0.52999899554936 0.8479982692887229
vn 0 -0.52999899554936 0.8479982692887229
vn -0.8479981817231467 -0.5299991356542356 0
vn -0.847998165642907 -0.5299991613826052 0
vn -0.8479981817231467 -0.5299991356542356 0
vn -0.8479981817231467 -0.5299991356542356 0
vn -0.8479981817231467 -0.5299991356542356 0
vn -0.847998165642907 -0.5299991613826052 0
vn 0 -0.5299981531247344 -0.8479987958036088
vn 0 -0.5299981531247344 -0.8479987958036088
vn 0 -0.5299981843256745 -0.8479987763030608
vn 0 -0.5299981531247344 -0.8479987958036088
vn 0 -0.5299981843256745 -0.8479987763030608
vn 0 -0.5299981843256745 -0.8479987763030608
vn 0.8479981978033864 -0.5299991099258647 0
vn 0.8479981978033864 -0.5299991099258647 0
vn 0.8479981817231467 -0.5299991356542356 0
vn 0.8479981978033864 -0.5299991099258647 0
vn 0.8479981817231467 -0.5299991356542356 0
vn 0.8479981978033864 -0.5299991099258647 0
vn 0 -0.5299987771431263 0.8479984057925998
vn 0 -0.5299987771431263 0.8479984057925998
vn 0 -0.5299987771431263 0.8479984057925998
vn 0 -0.5299987771431263 0.8479984057925998
vn 0 -0.5299987771431263 0.8479984057925998
vn 0 -0.5299987771431263 0.8479984057925998
vn 0 -0.9999999999999698 2.458472086202247e-7
vn 0 -0.9999999999999698 2.45847407481247e-7
vn 0 -0.999999999999957 2.9297113935421204e-7
vn 0 -0.9999999999999698 2.458472086202247e-7
vn 0 -0.999999999999957 2.9297113935421204e-7
vn 0 -0.999999999999957 2.92971371358738e-7
vn 0 -0.9999999999999698 2.45847407481247e-7
vn 0 -0.9999999999999527 -3.073091516351665e-7
vn 0 -0.9999999999999329 -3.662144710605675e-7
vn 0 -0.9999999999999698 2.45847407481247e-7
vn 0 -0.9999999999999329 -3.662144710605675e-7
vn 0 -0.999999999999957 2.9297113935421204e-7
vn 0 -0.9999999999999527 -3.073091516351665e-7
vn 0 -0.9999999999999527 -3.0730895277414415e-7
vn 0 -0.9999999999999329 -3.662147362085972e-7
vn 0 -0.9999999999999527 -3.073091516351665e-7
vn 0 -0.9999999999999329 -3.662147362085972e-7
vn 0 -0.9999999999999329 -3.662144710605675e-7
vn 0 -0.9999999999999527 -3.0730895277414415e-7
vn 0 -0.9999999999999698 2.458472086202247e-7
vn 0 -0.999999999999957 2.92971371358738e-7
vn 0 -0.9999999999999527 -3.0730895277414415e-7
vn 0 -0.999999999999957 2.92971371358738e-7
vn 0 -0.9999999999999329 -3.662147362085972e-7
vn 0 -0.9999999999999982 6.146178972624404e-8
vn 0 -0.9999999999999982 6.146189744263112e-8
vn 0 -0.9999999999999973 7.32426854080448e-8
vn 0 -0.9999999999999982 6.146178972624404e-8
vn 0 -0.9999999999999973 7.32426854080448e-8
vn 0 -0.9999999999999973 7.32426854080448e-8
vn 0 -0.9999999999999982 6.146189744263112e-8
vn 0 -0.9999999999999925 -1.2292367888299851e-7
vn 0 -0.9999999999999891 -1.4648551996185513e-7
vn 0 -0.9999999999999982 6.146189744263112e-8
vn 0 -0.9999999999999891 -1.4648551996185513e-7
vn 0 -0.9999999999999973 7.32426854080448e-8
vn 0 -0.9999999999999925 -1.2292367888299851e-7
vn 0 -0.9999999999999925 -1.229237865993856e-7
vn 0 -0.9999999999999891 -1.464853708160884e-7
vn 0 -0.9999999999999925 -1.2292367888299851e-7
vn 0 -0.9999999999999891 -1.464853708160884e-7
vn 0 -0.9999999999999891 -1.4648551996185513e-7
vn 0 -0.9999999999999925 -1.229237865993856e-7
vn 0 -0.9999999999999982 6.146178972624404e-8
vn 0 -0.9999999999999973 7.32426854080448e-8
vn 0 -0.9999999999999925 -1.229237865993856e-7
vn 0 -0.9999999999999973 7.32426854080448e-8
vn 0 -0.9999999999999891 -1.464853708160884e-7
vn 0 -0.9999999999999698 2.4584677775467645e-7
vn 0 -0.9999999999999829 1.8438519931827276e-7
vn 0 -0.9999999999999758 2.197279733653704e-7
vn 0 -0.9999999999999698 2.4584677775467645e-7
vn 0 -0.9999999999999758 2.197279733653704e-7
vn 0 -0.999999999999957 2.9297100678019713e-7
vn 0 -0.9999999999999829 1.8438519931827276e-7
vn 0 -0.9999999999999829 1.8438543132279877e-7
vn 0 -0.9999999999999758 2.1972798993712224e-7
vn 0 -0.9999999999999829 1.8438519931827276e-7
vn 0 -0.9999999999999758 2.1972798993712224e-7
vn 0 -0.9999999999999758 2.197279733653704e-7
vn 0 -0.9999999999999829 1.8438543132279877e-7
vn 0 -0.9999999999999698 2.45846711467669e-7
vn 0 -0.999999999999957 2.9297117249771574e-7
vn 0 -0.9999999999999829 1.8438543132279877e-7
vn 0 -0.999999999999957 2.9297117249771574e-7
vn 0 -0.9999999999999758 2.1972798993712224e-7
vn 0 -0.9999999999999698 2.45846711467669e-7
vn 0 -0.9999999999999698 2.4584677775467645e-7
vn 0 -0.999999999999957 2.9297100678019713e-7
vn 0 -0.9999999999999698 2.45846711467669e-7
vn 0 -0.999999999999957 2.9297100678019713e-7
vn 0 -0.999999999999957 2.9297117249771574e-7
vn 0 -0.9999999999999982 -6.146171101042272e-8
vn 0 -0.9999999999999925 -1.229234800219762e-7
vn 0 -0.9999999999999891 -1.4648503938105126e-7
vn 0 -0.9999999999999982 -6.146171101042272e-8
vn 0 -0.9999999999999891 -1.4648503938105126e-7
vn 0 -0.9999999999999973 -7.324261083516144e-8
vn 0 -0.9999999999999925 -1.229234800219762e-7
vn 0 -0.9999999999999925 -1.2292383631464117e-7
vn 0 -0.9999999999999891 -1.4648520509856984e-7
vn 0 -0.9999999999999925 -1.229234800219762e-7
vn 0 -0.9999999999999891 -1.4648520509856984e-7
vn 0 -0.9999999999999891 -1.4648503938105126e-7
vn 0 -0.9999999999999925 -1.2292383631464117e-7
vn 0 -0.9999999999999982 -6.146188087087925e-8
vn 0 -0.9999999999999973 -7.324269369392073e-8
vn 0 -0.9999999999999925 -1.2292383631464117e-7
vn 0 -0.9999999999999973 -7.324269369392073e-8
vn 0 -0.9999999999999891 -1.4648520509856984e-7
vn 0 -0.9999999999999982 -6.146188087087925e-8
vn 0 -0.9999999999999982 -6.146171101042272e-8
vn 0 -0.9999999999999973 -7.324261083516144e-8
vn 0 -0.9999999999999982 -6.146188087087925e-8
vn 0 -0.9999999999999973 -7.324261083516144e-8
vn 0 -0.9999999999999973 -7.324269369392073e-8
vn 0 -0.8944278367078997 0.44721230408165963
vn 0 -0.8944278736676159 0.44721223016195305
vn -0.11609852538836855 -0.987321499787537 0.10824688660619695
vn 0 -0.8944278367078997 0.44721230408165963
vn -0.11609852538836855 -0.987321499787537 0.10824688660619695
vn 0.11609838866487447 -0.9873215261229293 0.10824679304122328
vn -0.44721354925607176 -0.8944272141218573 0
vn -0.44721351864432285 -0.8944272294277293 0
vn -0.11609851852031526 -0.9873215068478991 -0.10824682957473654
vn -0.44721354925607176 -0.8944272141218573 0
vn -0.11609851852031526 -0.9873215068478991 -0.10824682957473654
vn -0.11609852538836855 -0.987321499787537 0.10824688660619695
vn 0 -0.8944281139053234 -0.4472117496843813
vn 0 -0.8944281139053234 -0.4472117496843813
vn 0.11609838122049147 -0.9873215288140539 -0.10824677647976864
vn 0 -0.8944281139053234 -0.4472117496843813
vn 0.11609838122049147 -0.9873215288140539 -0.10824677647976864
vn -0.11609851852031526 -0.9873215068478991 -0.10824682957473654
vn 0.4472120978079942 -0.8944279398443304 0
vn 0.4472121284195767 -0.8944279245386026 0
vn 0.11609838866487447 -0.9873215261229293 0.10824679304122328
vn 0.4472120978079942 -0.8944279398443304 0
vn 0.11609838866487447 -0.9873215261229293 0.10824679304122328
vn 0.11609838122049147 -0.9873215288140539 -0.10824677647976864
vn 0 -0.894427567214321 0.4472128430703566
vn 0 -0.8944275856942471 0.44721280611042485
vn -0.11609774322608428 -0.9873215917913098 0.10824688633159128
vn 0 -0.894427567214321 0.4472128430703566
vn -0.11609774322608428 -0.9873215917913098 0.10824688633159128
vn 0.11609781571876751 -0.9873215804909438 0.10824691165199883
vn -0.4472114333099135 -0.8944282720916712 0
vn -0.44721146392141825 -0.8944282567860108 0
vn -0.11609768294604826 -0.9873216071510773 -0.10824681088684693
vn -0.4472114333099135 -0.8944282720916712 0
vn -0.11609768294604826 -0.9873216071510773 -0.10824681088684693
vn -0.11609774322608428 -0.9873215917913098 0.10824688633159128
vn 0 -0.8944281878244622 -0.44721160184531017
vn 0 -0.8944281878244622 -0.44721160184531017
vn 0.11609773216648264 -0.9873215964703002 -0.10824685551616621
vn 0 -0.8944281878244622 -0.44721160184531017
vn 0.11609773216648264 -0.9873215964703002 -0.10824685551616621
vn -0.11609768294604826 -0.9873216071510773 -0.10824681088684693
vn 0.44721215903116274 -0.8944279092328715 0
vn 0.44721215903116274 -0.8944279092328715 0
vn 0.11609781571876751 -0.9873215804909438 0.10824691165199883
vn 0.44721215903116274 -0.8944279092328715 0
vn 0.11609781571876751 -0.9873215804909438 0.10824691165199883
vn 0.11609773216648264 -0.9873215964703002 -0.10824685551616621
vn -0.44721351864432285 -0.8944272294277293 0
vn -0.44721348803257754 -0.8944272447335981 0
vn -0.11609859367308696 -0.9873215461119355 -0.1082463908417678
vn -0.44721351864432285 -0.8944272294277293 0
vn -0.11609859367308696 -0.9873215461119355 -0.1082463908417678
vn -0.11609856353282659 -0.987321553791845 0.10824635311949693
vn 0 -0.8944274563346686 -0.447213064830059
vn 0 -0.8944274563346686 -0.447213064830059
vn 0.1160984419401334 -0.987321576801242 -0.10824627366234257
vn 0 -0.8944274563346686 -0.447213064830059
vn 0.1160984419401334 -0.987321576801242 -0.10824627366234257
vn -0.11609859367308696 -0.9873215461119355 -0.1082463908417678
vn 0.4472114333099135 -0.8944282720916712 0
vn 0.44721146392141825 -0.8944282567860108 0
vn 0.11609839679029846 -0.9873215888351582 0.10824621232514951
vn 0.4472114333099135 -0.8944282720916712 0
vn 0.11609839679029846 -0.9873215888351582 0.10824621232514951
vn 0.1160984419401334 -0.987321576801242 -0.10824627366234257
vn 0 -0.8944278367078997 0.44721230408165963
vn 0 -0.8944278736676159 0.44721223016195305
vn -0.11609856353282659 -0.987321553791845 0.10824635311949693
vn 0 -0.8944278367078997 0.44721230408165963
vn -0.11609856353282659 -0.987321553791845 0.10824635311949693
vn 0.11609839679029846 -0.9873215888351582 0.10824621232514951
vn -0.44721116676231704 -0.8944284053646147 0
vn -0.44721116676231704 -0.8944284053646147 0
vn -0.11609767059792621 -0.9873216620692098 -0.10824632321990683
vn -0.44721116676231704 -0.8944284053646147 0
vn -0.11609767059792621 -0.9873216620692098 -0.10824632321990683
vn -0.1160976519731566 -0.9873216684110674 0.10824628535107439
vn 0 -0.8944275487343903 -0.4472128800302936
vn 0 -0.8944275487343903 -0.4472128800302936
vn 0.11609768967830464 -0.9873216590683285 -0.10824633012681484
vn 0 -0.8944275487343903 -0.4472128800302936
vn 0.11609768967830464 -0.9873216590683285 -0.10824633012681484
vn -0.11609767059792621 -0.9873216620692098 -0.10824632321990683
vn 0.4472114333099135 -0.8944282720916712 0
vn 0.44721146392141825 -0.8944282567860108 0
vn 0.11609765965926666 -0.9873216677763349 0.10824628289690792
vn 0.4472114333099135 -0.8944282720916712 0
vn 0.11609765965926666 -0.9873216677763349 0.10824628289690792
vn 0.11609768967830464 -0.9873216590683285 -0.10824633012681484
vn 0 -0.8944278736676159 0.44721223016195305
vn 0 -0.8944278736676159 0.44721223016195305
vn -0.1160976519731566 -0.9873216684110674 0.10824628535107439
vn 0 -0.8944278736676159 0.44721223016195305
vn -0.1160976519731566 -0.9873216684110674 0.10824628535107439
vn 0.11609765965926666 -0.9873216677763349 0.10824628289690792
vn 0 0.6495244893394845 0.7603406721649724
vn 0 0.649524466828385 0.7603406913951811
vn 0 0.6495244893394845 0.7603406721649724
vn 0 0.6495244893394845 0.7603406721649724
vn 0 0.6495244893394845 0.7603406721649724
vn 0 0.6495244893394845 0.7603406721649724
vn -0.7826809958589426 0.6224230544583433 0
vn -0.7826809958589426 0.6224230544583433 0
vn -0.7826810280638234 0.6224230139615314 0
vn -0.7826809958589426 0.6224230544583433 0
vn -0.7826810280638234 0.6224230139615314 0
vn -0.7826810280638234 0.6224230139615314 0
vn 0 0.649524466828385 -0.7603406913951811
vn 0 0.6495244893394845 -0.7603406721649724
vn 0 0.6495244893394845 -0.7603406721649724
vn 0 0.649524466828385 -0.7603406913951811
vn 0 0.6495244893394845 -0.7603406721649724
vn 0 0.6495244893394845 -0.7603406721649724
vn 0.7826795788447423 0.6224248363131222 0
vn 0.7826795788447423 0.6224248363131222 0
vn 0.7826796110495986 0.6224247958165301 0
vn 0.7826795788447423 0.6224248363131222 0
vn 0.7826796110495986 0.6224247958165301 0
vn 0.7826796110495986 0.6224247958165301 0
vn 0 0.6277646105872372 0.7784032333529032
vn 0 0.6277645864384835 0.7784032528283267
vn 0 0.6277645864384835 0.7784032528283267
vn 0 0.6277646105872372 0.7784032333529032
vn 0 0.6277645864384835 0.7784032528283267
vn 0 0.6277646105872372 0.7784032333529032
vn -0.7997035315413354 0.6003950879548539 0
vn -0.7997035639637523 0.600395044769419 0
vn -0.7997035639637523 0.600395044769419 0
vn -0.7997035315413354 0.6003950879548539 0
vn -0.7997035639637523 0.600395044769419 0
vn -0.7997035315413354 0.6003950879548539 0
vn 0 0.6277624854899683 -0.7784049471910217
vn 0 0.6277624854899683 -0.7784049471910217
vn 0 0.6277624854899683 -0.7784049471910217
vn 0 0.6277624854899683 -0.7784049471910217
vn 0 0.6277624854899683 -0.7784049471910217
vn 0 0.6277624371921399 -0.7784049861419083
vn 0.7997029155151995 0.6003959084769158 8.17626550314187e-7
vn 0.7997029155151995 0.6003959084769158 8.17626550314187e-7
vn 0.7997028830927884 0.6003959516622457 8.176264420672995e-7
vn 0.7997029155151995 0.6003959084769158 8.17626550314187e-7
vn 0.7997028830927884 0.6003959516622457 8.176264420672995e-7
vn 0.7997028830927884 0.6003959516622457 8.176264420672995e-7
vn -0.7620183111762494 0.6475554751772983 0
vn -0.7620183429468768 0.6475554377908473 0
vn -0.7620183429468768 0.6475554377908473 0
vn -0.7620183111762494 0.6475554751772983 0
vn -0.7620183429468768 0.6475554377908473 0
vn -0.7620183429468768 0.6475554377908473 0
vn 0 0.6741913600779273 -0.7385567073666547
vn 0 0.6741913188043112 -0.7385567450432661
vn 0 0.6741913600779273 -0.7385567073666547
vn 0 0.6741913600779273 -0.7385567073666547
vn 0 0.6741913600779273 -0.7385567073666547
vn 0 0.6741914013515373 -0.738556669690045
vn 0.762016640005166 0.6475574417418405 0
vn 0.7620166082345805 0.647557479128043 0
vn 0.762016640005166 0.6475574417418405 0
vn 0.762016640005166 0.6475574417418405 0
vn 0.762016640005166 0.6475574417418405 0
vn 0.762016640005166 0.6475574417418405 0
vn 0 0.6741913600779273 0.7385567073666547
vn 0 0.6741913600779273 0.7385567073666547
vn 0 0.6741913188043112 0.7385567450432661
vn 0 0.6741913600779273 0.7385567073666547
vn 0 0.6741913188043112 0.7385567450432661
vn 0 0.6741913600779273 0.7385567073666547
vn -0.7911025822320928 0.6116835001744894 0
vn -0.7911026145616965 0.61168345836196 0
vn -0.7911026145616965 0.61168345836196 0
vn -0.7911025822320928 0.6116835001744894 0
vn -0.7911026145616965 0.61168345836196 0
vn -0.7911025822320928 0.6116835001744894 0
vn 0 0.6389300855596955 -0.7692648086105851
vn 0 0.6389300855596955 -0.7692648086105851
vn 0 0.6389300622490779 -0.7692648279717391
vn 0 0.6389300855596955 -0.7692648086105851
vn 0 0.6389300622490779 -0.7692648279717391
vn 0 0.6389300855596955 -0.7692648086105851
vn 0.7911048776350247 0.611680531472167 0
vn 0.7911048453053907 0.6116805732850552 0
vn 0.7911048453053907 0.6116805732850552 0
vn 0.7911048776350247 0.611680531472167 0
vn 0.7911048453053907 0.6116805732850552 0
vn 0.7911048453053907 0.6116805732850552 0
vn 0 0.6389312977093864 0.7692638018309451
vn 0 0.6389312977093864 0.7692638018309451
vn 0 0.6389313210199108 0.7692637824698053
vn 0 0.6389312977093864 0.7692638018309451
vn 0 0.6389313210199108 0.7692637824698053
vn 0 0.6389312977093864 0.7692638018309451
vn -0.9771596859683652 0.2125063484185964 0
vn -0.9771596859683652 0.2125063484185964 0
vn -0.977159690243192 0.2125063287618258 0
vn -0.9771596859683652 0.2125063484185964 0
vn -0.977159690243192 0.2125063287618258 0
vn -0.977159690243192 0.2125063287618258 0
vn 0 0.22748468961558208 -0.9737816572468914
vn 0 0.22748468961558208 -0.9737816572468914
vn 0 0.22748468961558208 -0.9737816572468914
vn 0 0.22748468961558208 -0.9737816572468914
vn 0 0.22748468961558208 -0.9737816572468914
vn 0 0.22748468961558208 -0.9737816572468914
vn 0.9771608641627885 0.21250093070062673 0
vn 0.9771608641627885 0.21250093070062673 0
vn 0.9771608684375163 0.21250091104378616 0
vn 0.9771608641627885 0.21250093070062673 0
vn 0.9771608684375163 0.21250091104378616 0
vn 0.9771608684375163 0.21250091104378616 0
vn 0 0.22748468961558208 0.9737816572468914
vn 0 0.22748468961558208 0.9737816572468914
vn 0 0.22748468961558208 0.9737816572468914
vn 0 0.22748468961558208 0.9737816572468914
vn 0 0.22748468961558208 0.9737816572468914
vn 0 0.22748468961558208 0.9737816572468914
vn -0.9687172102691195 0.24816721485404697 0
vn -0.9687172102691195 0.24816721485404697 0
vn -0.9687172102691195 0.24816721485404697 0
vn -0.9687172102691195 0.24816721485404697 0
vn -0.9687172102691195 0.24816721485404697 0
vn -0.9687172102691195 0.24816721485404697 0
vn 0 0.26532647053070296 -0.9641586301204382
vn 0 0.26532647053070296 -0.9641586301204382
vn 0 0.26532647053070296 -0.9641586301204382
vn 0 0.26532647053070296 -0.9641586301204382
vn 0 0.26532647053070296 -0.9641586301204382
vn 0 0.26532647053070296 -0.9641586301204382
vn 0.9687170679758319 0.2481677702919699 7.870924633044995e-7
vn 0.9687170679758319 0.2481677702919699 7.870924633044995e-7
vn 0.9687170679758319 0.2481677702919699 7.870925540974003e-7
vn 0.9687170679758319 0.2481677702919699 7.870924633044995e-7
vn 0.9687170679758319 0.2481677702919699 7.870925540974003e-7
vn 0.9687170679758319 0.2481677702919699 7.870925540974003e-7
vn 0 0.26532637888867405 0.964158655339371
vn 0 0.26532637888867405 0.964158655339371
vn 0 0.2653263330676569 0.9641586679488344
vn 0 0.26532637888867405 0.964158655339371
vn 0 0.2653263330676569 0.9641586679488344
vn 0 0.2653263330676569 0.9641586679488344
vn 0 0.24083664996193418 -0.9705656639481498
vn 0 0.24083662659252836 -0.9705656697470455
vn 0 0.24083667333133962 -0.9705656581492536
vn 0 0.24083664996193418 -0.9705656639481498
vn 0 0.24083667333133962 -0.9705656581492536
vn 0 0.24083669670074456 -0.9705656523503567
vn 0.9743427923060713 0.225069151776089 0
vn 0.9743428013092383 0.2250691128006375 0
vn 0.9743427923060713 0.225069151776089 0
vn 0.9743427923060713 0.225069151776089 0
vn 0.9743427923060713 0.225069151776089 0
vn 0.974342787804487 0.2250691712638143 0
vn 0 0.24083351845782192 0.9705664409957856
vn 0 0.24083354182728345 0.9705664351969554
vn 0 0.2408335651967446 0.970566429398125
vn 0 0.24083351845782192 0.9705664409957856
vn 0 0.2408335651967446 0.970566429398125
vn 0 0.2408335651967446 0.970566429398125
vn -0.9743424096701806 0.22507080823177786 0
vn -0.974342414171794 0.22507078874407524 0
vn -0.9743424051685672 0.22507082771948028 0
vn -0.9743424096701806 0.22507080823177786 0
vn -0.9743424051685672 0.22507082771948028 0
vn -0.9743424096701806 0.22507080823177786 0
vn 0 0.25002560429060783 -0.9682392251913349
vn 0 0.25002560429060783 -0.9682392251913349
vn 0 0.2500256274926822 -0.9682392191999302
vn 0 0.25002560429060783 -0.9682392251913349
vn 0 0.2500256274926822 -0.9682392191999302
vn 0 0.25002560429060783 -0.9682392251913349
vn 0.9723011117916848 0.23373178647469736 0
vn 0.9723011164470381 0.2337317671088867 0
vn 0.9723011164470381 0.2337317671088867 0
vn 0.9723011117916848 0.23373178647469736 0
vn 0.9723011164470381 0.2337317671088867 0
vn 0.9723011117916848 0.23373178647469736 0
vn 0 0.2500194881568396 0.9682408045221974
vn 0 0.2500195113590261 0.96824079853092
vn 0 0.2500195113590261 0.96824079853092
vn 0 0.2500194881568396 0.9682408045221974
vn 0 0.2500195113590261 0.96824079853092
vn 0 0.2500195113590261 0.96824079853092
vn -0.9723016843975979 0.23372940447790053 0
vn -0.9723016843975979 0.23372940447790053 0
vn -0.9723016797422859 0.23372942384374507 0
vn -0.9723016843975979 0.23372940447790053 0
vn -0.9723016797422859 0.23372942384374507 0
vn -0.9723016843975979 0.23372940447790053 0
vn 0 0.325983907812332 0.9453753179808541
vn 0 0.32598388621242985 0.9453753254289228
vn 0 0.325983907812332 0.9453753179808541
vn 0 0.325983907812332 0.9453753179808541
vn 0 0.325983907812332 0.9453753179808541
vn 0 0.325983907812332 0.9453753179808541
vn -1.9026991364504343e-7 -0.16399428722928422 0.9864612885238442
vn -1.9026989663526088e-7 -0.16399428722928422 0.9864612885238442
vn -1.9026989663526088e-7 -0.16399428722928422 0.9864612885238442
vn -1.9026991364504343e-7 -0.16399428722928422 0.9864612885238442
vn -1.9026989663526088e-7 -0.16399428722928422 0.9864612885238442
vn -1.9026989663526088e-7 -0.16399428722928422 0.9864612885238442
vn -1.9026991364504343e-7 -0.16399428722928422 0.9864612885238442
vn -1.9026989663526088e-7 -0.16399428722928422 0.9864612885238442
vn -1.9026989663526088e-7 -0.16399428722928422 0.9864612885238442
vn -1.9026991364504343e-7 -0.16399428722928422 0.9864612885238442
vn -1.9026989663526088e-7 -0.16399428722928422 0.9864612885238442
vn -1.9026989624190773e-7 -0.16399429949644048 0.9864612864844904
vn -0.9999999999999999 0 0
vn -0.9999999999999999 0 0
vn -0.9999999999999999 0 0
vn -0.9999999999999999 0 0
vn -0.9999999999999999 0 0
vn -0.9999999999999999 0 0
vn -0.9521472927588978 0.30563954732969667 0
vn -0.9521472927588978 0.30563954732969667 0
vn -0.9521472927588978 0.30563954732969667 0
vn -0.9521472927588978 0.30563954732969667 0
vn -0.9521472927588978 0.30563954732969667 0
vn -0.9521472927588978 0.30563954732969667 0
vn -0.9521472343702984 -0.3056397292254265 0
vn -0.9521472343702984 -0.3056397292254265 0
vn -0.9521472402091595 -0.305639711035855 0
vn -0.9521472343702984 -0.3056397292254265 0
vn -0.9521472402091595 -0.305639711035855 0
vn -0.9521472402091595 -0.305639711035855 0
vn 0 0 -1
vn 0 0 -1
vn 0 0 -1
vn 0 0 -1
vn 0 0 -1
vn 0 0 -1
vn 0 0.325988270982097 -0.9453738134632792
vn 0 0.32598831418169344 -0.9453737985669888
vn 0 0.3259882493822979 -0.9453738209114237
vn 0 0.325988270982097 -0.9453738134632792
vn 0 0.3259882493822979 -0.9453738209114237
vn 0 0.325988270982097 -0.9453738134632792
vn 0 -0.32598857337922954 -0.945373709189215
vn 0 -0.32598855177943764 -0.9453737166373649
vn 0 -0.32598855177943764 -0.9453737166373649
vn 0 -0.32598857337922954 -0.945373709189215
vn 0 -0.32598855177943764 -0.9453737166373649
vn 0 -0.32598857337922954 -0.945373709189215
vn 0.9999999999999999 0 0
vn 0.9999999999999999 0 0
vn 0.9999999999999999 0 0
vn 0.9999999999999999 0 0
vn 0.9999999999999999 0 0
vn 0.9999999999999999 0 0
vn 0.9521465687383162 0.30564180283438136 0
vn 0.9521465745772087 0.30564178464484804 0
vn 0.9521465745772087 0.30564178464484804 0
vn 0.9521465687383162 0.30564180283438136 0
vn 0.9521465745772087 0.30564178464484804 0
vn 0.9521465862549932 0.3056417482657804 0
vn 0.9521463585379979 -0.30564245765735837 0
vn 0.9521463643769006 -0.3056424394678371 0
vn 0.9521463585379979 -0.30564245765735837 0
vn 0.9521463585379979 -0.30564245765735837 0
vn 0.9521463585379979 -0.30564245765735837 0
vn 0.9521463585379979 -0.30564245765735837 0
vn 0 -0.0000033656030628916215 0.9999999999943363
vn 0 -0.0000033656030628916215 0.9999999999943363
vn 0 -0.0000033656030628916215 0.9999999999943363
vn 0 -0.0000033656030628916215 0.9999999999943363
vn 0 -0.0000033656030628916215 0.9999999999943363
vn 0 -0.0000033656030628916215 0.9999999999943363
vn 0 0.35809665502194743 0.9336845214857599
vn 0 0.3580966342119522 0.9336845294670312
vn 0 0.35809665502194743 0.9336845214857599
vn 0 0.35809665502194743 0.9336845214857599
vn 0 0.35809665502194743 0.9336845214857599
vn 0 0.3580966342119522 0.9336845294670312
vn 0 -0.3580982781999341 0.933683898945592
vn 0 -0.3580982990098872 0.9336838909642948
vn 0 -0.3580982990098872 0.9336838909642948
vn 0 -0.3580982781999341 0.933683898945592
vn 0 -0.3580982990098872 0.9336838909642948
vn 0 -0.3580982781999341 0.933683898945592
vn -0.9999999999999999 0 0
vn -0.9999999999999999 0 0
vn -0.9999999999999999 0 0
vn -0.9999999999999999 0 0
vn -0.9999999999999999 0 0
vn -0.9999999999999999 0 0
vn -0.9417702107177142 0.3362571489272944 0
vn -0.9417702232879374 0.3362571137213136 0
vn -0.9417702232879374 0.3362571137213136 0
vn -0.9417702107177142 0.3362571489272944 0
vn -0.9417702232879374 0.3362571137213136 0
vn -0.9417702232879374 0.3362571137213136 0
vn -0.9417708266575106 -0.33625542383258183 0
vn -0.9417708266575106 -0.33625542383258183 0
vn -0.9417708266575106 -0.33625542383258183 0
vn -0.9417708266575106 -0.33625542383258183 0
vn -0.9417708266575106 -0.33625542383258183 0
vn -0.9417708266575106 -0.33625542383258183 0
vn 0 0.000006731204565822071 -0.9999999999773455
vn 0 0.000006731204565822071 -0.9999999999773455
vn 0 0.000006731204565822071 -0.9999999999773455
vn 0 0.000006731204565822071 -0.9999999999773455
vn 0 0.000006731204565822071 -0.9999999999773455
vn 0 0.000006731204565822071 -0.9999999999773455
vn 0 0.35810204479275337 -0.9336824543254784
vn 0 0.35810204479275337 -0.9336824543254784
vn 0 0.3581020656026099 -0.9336824463441219
vn 0 0.35810204479275337 -0.9336824543254784
vn 0 0.3581020656026099 -0.9336824463441219
vn 0 0.3581020656026099 -0.9336824463441219
vn 0 -0.35810075458060714 -0.9336829491689348
vn 0 -0.3581007753904968 -0.9336829411875988
vn 0 -0.3581007753904968 -0.9336829411875988
vn 0 -0.35810075458060714 -0.9336829491689348
vn 0 -0.3581007753904968 -0.9336829411875988
vn 0 -0.35810075458060714 -0.9336829491689348
vn 0.9999999999996528 0 8.332575925649076e-7
vn 0.9999999999996528 0 8.332575925649076e-7
vn 0.9999999999996528 0 8.332574988640561e-7
vn 0.9999999999996528 0 8.332575925649076e-7
vn 0.9999999999996528 0 8.332574988640561e-7
vn 0.9999999999996528 0 8.332575925649076e-7
vn 0.9417717945579458 0.3362527129625513 6.559047637734032e-7
vn 0.9417717945579458 0.3362527129625513 6.559047637734032e-7
vn 0.9417717945579458 0.3362527129625513 6.559047196290072e-7
vn 0.9417717945579458 0.3362527129625513 6.559047637734032e-7
vn 0.9417717945579458 0.3362527129625513 6.559047196290072e-7
vn 0.941771781987845 0.33625274816870826 6.559047991632479e-7
vn 0.9417714551647264 -0.33625366352823943 8.666415871130995e-7
vn 0.9417714425945991 -0.33625369873435834 8.66641752123273e-7
vn 0.9417714551647264 -0.33625366352823943 8.666416754018597e-7
vn 0.9417714551647264 -0.33625366352823943 8.666415871130995e-7
vn 0.9417714551647264 -0.33625366352823943 8.666416754018597e-7
vn 0.9417714677348529 -0.33625362832211925 8.66641686969205e-7
vn -0.9999999999999999 0 0
vn -0.9999999999999999 0 0
vn -0.9999999999999999 0 0
vn -0.9999999999999999 0 0
vn -0.9999999999999999 0 0
vn -0.9999999999999999 0 0
vn -0.9322662483636973 0.3617729151855856 0
vn -0.9322662483636973 0.3617729151855856 0
vn -0.9322662483636973 0.3617729151855856 0
vn -0.9322662483636973 0.3617729151855856 0
vn -0.9322662483636973 0.3617729151855856 0
vn -0.9322662483636973 0.3617729151855856 0
vn -0.9322662218563194 -0.3617729834934391 0
vn -0.9322662086026289 -0.3617730176473637 0
vn -0.9322662086026289 -0.3617730176473637 0
vn -0.9322662218563194 -0.3617729834934391 0
vn -0.9322662086026289 -0.3617730176473637 0
vn -0.9322662218563194 -0.3617729834934391 0
vn 0 0 -1
vn 0 0 -1
vn 0 0 -1
vn 0 0 -1
vn 0 0 -1
vn 0 0 -1
vn 0 0.3847634704447607 -0.9230152067064246
vn 0 0.3847634704447607 -0.9230152067064246
vn 0 0.38476349055090525 -0.9230151983250783
vn 0 0.3847634704447607 -0.9230152067064246
vn 0 0.38476349055090525 -0.9230151983250783
vn 0 0.3847634704447607 -0.9230152067064246
vn 0 -0.3847632894894351 -0.9230152821385296
vn 0 -0.3847632894894351 -0.9230152821385296
vn 0 -0.38476334980788196 -0.9230152569944972
vn 0 -0.3847632894894351 -0.9230152821385296
vn 0 -0.38476334980788196 -0.9230152569944972
vn 0 -0.3847633297017335 -0.9230152653758416
vn 0.9999999999999999 0 0
vn 0.9999999999999999 0 0
vn 0.9999999999999999 0 0
vn 0.9999999999999999 0 0
vn 0.9999999999999999 0 0
vn 0.9999999999999999 0 0
vn 0.9322648892058997 0.36177641763098894 0
vn 0.9322648892058997 0.36177641763098894 0
vn 0.9322648892058997 0.36177641763098894 0
vn 0.9322648892058997 0.36177641763098894 0
vn 0.9322648892058997 0.36177641763098894 0
vn 0.9322648892058997 0.36177641763098894 0
vn 0.9322651807888186 -0.3617756662474568 0
vn 0.9322651940425777 -0.3617756320936431 0
vn 0.9322651940425777 -0.3617756320936431 0
vn 0.9322651807888186 -0.3617756662474568 0
vn 0.9322651940425777 -0.3617756320936431 0
vn 0.9322651807888186 -0.3617756662474568 0
vn 0 0 1
vn 0 0 1
vn 0 0 1
vn 0 0 1
vn 0 0 1
vn 0 0 1
vn 0 0.38476318895867956 0.9230153240452444
vn 0 0.38476318895867956 0.9230153240452444
vn 0 0.38476318895867956 0.9230153240452444
vn 0 0.38476318895867956 0.9230153240452444
vn 0 0.38476318895867956 0.9230153240452444
vn 0 0.38476318895867956 0.9230153240452444
vn 0 -0.3847633297017335 0.9230152653758416
vn 0 -0.38476334980788196 0.9230152569944972
vn 0 -0.3847632894894351 0.9230152821385296
vn 0 -0.3847633297017335 0.9230152653758416
vn 0 -0.3847632894894351 0.9230152821385296
vn 0 -0.3847632894894351 0.9230152821385296
vn -0.9999999999999999 0 0
vn -0.9999999999999999 0 0
vn -0.9999999999999999 0 0
vn -0.9999999999999999 0 0
vn -0.9999999999999999 0 0
vn -0.9999999999999999 0 0
vn -0.9416875079556545 0.33648868830953166 0
vn -0.9416874828022923 0.33648875870299516 0
vn -0.9416874828022923 0.33648875870299516 0
vn -0.9416875079556545 0.33648868830953166 0
vn -0.9416874828022923 0.33648875870299516 0
vn -0.9416874953789739 0.33648872350626413 0
vn -0.9416870300411025 -0.33649002578437237 0
vn -0.9416870174643848 -0.3364900609810512 0
vn -0.9416870174643848 -0.3364900609810512 0
vn -0.9416870300411025 -0.33649002578437237 0
vn -0.9416870174643848 -0.3364900609810512 0
vn -0.9416870174643848 -0.3364900609810512 0
vn 0 0 -1
vn 0 0 -1
vn 0 0 -1
vn 0 0 -1
vn 0 0 -1
vn 0 0 -1
vn 0 0.35834591946635264 -0.9335888827539744
vn 0 0.35834591946635264 -0.9335888827539744
vn 0 0.35834594026996563 -0.9335888747687786
vn 0 0.35834591946635264 -0.9335888827539744
vn 0 0.35834594026996563 -0.9335888747687786
vn 0 0.35834591946635264 -0.9335888827539744
vn 0 -0.35834575303742944 -0.9335889466355295
vn 0 -0.3583457738410467 -0.9335889386503363
vn 0 -0.3583457738410467 -0.9335889386503363
vn 0 -0.35834575303742944 -0.9335889466355295
vn 0 -0.3583457738410467 -0.9335889386503363
vn 0 -0.35834573223381166 -0.9335889546207224
vn 0.9999999999999999 0 0
vn 0.9999999999999999 0 0
vn 0.9999999999999999 0 0
vn 0.9999999999999999 0 0
vn 0.9999999999999999 0 0
vn 0.9999999999999999 0 0
vn 0.9416877720657211 0.3364879491778251 0
vn 0.94168778464238 0.3364879139810616 0
vn 0.9416877720657211 0.3364879491778251 0
vn 0.9416877720657211 0.3364879491778251 0
vn 0.9416877720657211 0.3364879491778251 0
vn 0.9416877594890609 0.3364879843745871 0
vn 0.9416876462990765 -0.336488301145382 0
vn 0.9416876462990765 -0.336488301145382 0
vn 0.9416876462990765 -0.336488301145382 0
vn 0.9416876462990765 -0.336488301145382 0
vn 0.9416876462990765 -0.336488301145382 0
vn 0.9416876462990765 -0.336488301145382 0
vn 0 0 1
vn 0 0 1
vn 0 0 1
vn 0 0 1
vn 0 0 1
vn 0 0 1
vn 0 0.35834700125352054 0.9335884675233566
vn 0 0.35834700125352054 0.9335884675233566
vn 0 0.3583470220571058 0.9335884595381437
vn 0 0.35834700125352054 0.9335884675233566
vn 0 0.3583470220571058 0.9335884595381437
vn 0 0.3583470220571058 0.9335884595381437
vn 0 -0.35834712607502395 0.9335884196120745
vn 0 -0.3583471468786059 0.9335884116268596
vn 0 -0.3583471468786059 0.9335884116268596
vn 0 -0.35834712607502395 0.9335884196120745
vn 0 -0.3583471468786059 0.9335884116268596
vn 0 -0.35834712607502395 0.9335884196120745
vn -0.9956866304687759 0.09278002967091305 0
vn -0.9956866314375439 0.09278001927439226 0
vn -0.9956866314375439 0.09278001927439226 0
vn -0.9956866304687759 0.09278002967091305 0
vn -0.9956866314375439 0.09278001927439226 0
vn -0.9956866304687759 0.09278002967091305 0
vn -0.7026338653150056 -0.711551580219238 0
vn -0.7026338355987409 -0.7115516095630741 0
vn -0.7026338355987409 -0.7115516095630741 0
vn -0.7026338653150056 -0.711551580219238 0
vn -0.7026338355987409 -0.7115516095630741 0
vn -0.7026338950312715 -0.711551550875398 0
vn -0.995684170422596 -0.09280642633927322 0
vn -0.995684170422596 -0.09280642633927322 0
vn -0.995684170422596 -0.09280642633927322 0
vn -0.995684170422596 -0.09280642633927322 0
vn -0.995684170422596 -0.09280642633927322 0
vn -0.995684170422596 -0.09280642633927322 0
vn 0 0.09959960380151761 -0.9950275970658204
vn 0 0.09959960380151761 -0.9950275970658204
vn 0 0.09959961639044745 -0.9950275958057021
vn 0 0.09959960380151761 -0.9950275970658204
vn 0 0.09959961639044745 -0.9950275958057021
vn 0 0.09959960380151761 -0.9950275970658204
vn 0 -0.7362026631516663 -0.6767611386363687
vn 0 -0.7362026631516663 -0.6767611386363687
vn 0 -0.7362026313661788 -0.6767611732136488
vn 0 -0.7362026631516663 -0.6767611386363687
vn 0 -0.7362026313661788 -0.6767611732136488
vn 0 -0.7362026631516663 -0.6767611386363687
vn 0 -0.09963163576402469 -0.9950243902312066
vn 0 -0.09963162317521576 -0.9950243914917221
vn 0 -0.09963162946962023 -0.9950243908614644
vn 0 -0.09963163576402469 -0.9950243902312066
vn 0 -0.09963162946962023 -0.9950243908614644
vn 0 -0.09963162946962023 -0.9950243908614644
vn 0.9956864686830059 0.09278176588945504 0
vn 0.9956864696517919 0.09278175549293935 0
vn 0.9956864696517919 0.09278175549293935 0
vn 0.9956864686830059 0.09278176588945504 0
vn 0.9956864696517919 0.09278175549293935 0
vn 0.9956864686830059 0.09278176588945504 0
vn 0.7026344596405681 -0.7115509933417329 0
vn 0.7026344596405681 -0.7115509933417329 0
vn 0.7026344596405681 -0.7115509933417329 0
vn 0.7026344596405681 -0.7115509933417329 0
vn 0.7026344596405681 -0.7115509933417329 0
vn 0.7026344596405681 -0.7115509933417329 0
vn 0.9956837653549783 -0.0928107720500836 0
vn 0.9956837643858947 -0.0928107824465146 0
vn 0.9956837653549783 -0.0928107720500836 0
vn 0.9956837653549783 -0.0928107720500836 0
vn 0.9956837653549783 -0.0928107720500836 0
vn 0.9956837643858947 -0.0928107824465146 0
vn 0 0.09959960380151761 0.9950275970658204
vn 0 0.09959961639044745 0.9950275958057021
vn 0 0.09959960380151761 0.9950275970658204
vn 0 0.09959960380151761 0.9950275970658204
vn 0 0.09959960380151761 0.9950275970658204
vn 0 0.09959960380151761 0.9950275970658204
vn 0 -0.7362037004455158 0.6767600102328218
vn 0 -0.7362037322308412 0.6767599756556083
vn 0 -0.7362037004455158 0.6767600102328218
vn 0 -0.7362037004455158 0.6767600102328218
vn 0 -0.7362037004455158 0.6767600102328218
vn 0 -0.7362037004455158 0.6767600102328218
vn 0 -0.09962831231680805 0.9950247230018481
vn 0 -0.09962831231680805 0.9950247230018481
vn 0 -0.09962830602239728 0.9950247236320852
vn 0 -0.09962831231680805 0.9950247230018481
vn 0 -0.09962830602239728 0.9950247236320852
vn 0 -0.09962831231680805 0.9950247230018481
vn -0.9997526512179579 -0.022240422268124723 0
vn -0.9997526512179579 -0.022240422268124723 0
vn -0.9997526512179579 -0.022240422268124723 0
vn -0.9997526512179579 -0.022240422268124723 0
vn -0.9997526512179579 -0.022240422268124723 0
vn -0.9997526512179579 -0.022240422268124723 0
vn -0.7007585236715934 -0.7133985502519673 0
vn -0.7007584940357721 -0.713398579362699 0
vn -0.7007584643999517 -0.7133986084734268 0
vn -0.7007585236715934 -0.7133985502519673 0
vn -0.7007584643999517 -0.7133986084734268 0
vn -0.7007584940357721 -0.713398579362699 0
vn -0.9994450446873118 0.03331069873144711 0
vn -0.9994450448625299 0.03331069347425445 0
vn -0.9994450448625299 0.03331069347425445 0
vn -0.9994450446873118 0.03331069873144711 0
vn -0.9994450448625299 0.03331069347425445 0
vn -0.9994450446873118 0.03331069873144711 0
vn 0 -0.023892124587148136 -0.9997145424483493
vn 0 -0.02389212299123011 -0.9997145424864899
vn 0 -0.023892121395312084 -0.9997145425246308
vn 0 -0.023892124587148136 -0.9997145424483493
vn 0 -0.023892121395312084 -0.9997145425246308
vn 0 -0.02389212299123011 -0.9997145424864899
vn 0 -0.7379727954876727 -0.67483046250159
vn 0 -0.7379727639724042 -0.6748304969656679
vn 0 -0.7379727954876727 -0.67483046250159
vn 0 -0.7379727954876727 -0.67483046250159
vn 0 -0.7379727954876727 -0.67483046250159
vn 0 -0.7379727639724042 -0.6748304969656679
vn 0 0.03578035796463419 -0.9993596779858204
vn 0 0.03578036115307855 -0.9993596778716636
vn 0 0.03578036434152291 -0.9993596777575067
vn 0 0.03578035796463419 -0.9993596779858204
vn 0 0.03578036434152291 -0.9993596777575067
vn 0 0.03578035796463419 -0.9993596779858204
vn 0.9997526314926466 -0.022241308921058456 0.0000010032443577570624
vn 0.9997526314926466 -0.022241308921058456 0.000001003244170401359
vn 0.9997526314926466 -0.022241308921058456 0.000001003244170401359
vn 0.9997526314926466 -0.022241308921058456 0.0000010032443577570624
vn 0.9997526314926466 -0.022241308921058456 0.000001003244170401359
vn 0.9997526314926466 -0.022241308921058456 0.0000010032443577570624
vn 0.7007592562750714 -0.7133978306278316 5.587427286328222e-7
vn 0.7007592562750714 -0.7133978306278316 5.587427286328222e-7
vn 0.7007592859109246 -0.7133978015170068 5.587427522626457e-7
vn 0.7007592562750714 -0.7133978306278316 5.587427286328222e-7
vn 0.7007592859109246 -0.7133978015170068 5.587427522626457e-7
vn 0.7007592859109246 -0.7133978015170068 5.587427522626457e-7
vn 0.9994450446868138 0.03331069873143051 9.98186852479219e-7
vn 0.999445044862032 0.03331069347423786 9.981867590049572e-7
vn 0.999445044862032 0.03331069347423786 9.981867590049572e-7
vn 0.9994450446868138 0.03331069873143051 9.98186852479219e-7
vn 0.999445044862032 0.03331069347423786 9.981867590049572e-7
vn 0.9994450446868138 0.03331069873143051 9.98186852479219e-7
vn 0 -0.02389209905245972 0.9997145430586011
vn 0 -0.023892100648377743 0.9997145430204603
vn 0 -0.023892100648377743 0.9997145430204603
vn 0 -0.02389209905245972 0.9997145430586011
vn 0 -0.023892100648377743 0.9997145430204603
vn 0 -0.02389209905245972 0.9997145430586011
vn 0 -0.737974990124304 0.6748280625100244
vn 0 -0.7379750216392333 0.6748280280460892
vn 0 -0.7379750216392333 0.6748280280460892
vn 0 -0.737974990124304 0.6748280625100244
vn 0 -0.7379750216392333 0.6748280280460892
vn 0 -0.7379750216392333 0.6748280280460892
vn 0 0.03578036434152291 0.9993596777575067
vn 0 0.03578036434152291 0.9993596777575067
vn 0 0.03578036434152291 0.9993596777575067
vn 0 0.03578036434152291 0.9993596777575067
vn 0 0.03578036434152291 0.9993596777575067
vn 0 0.03578036434152291 0.9993596777575067
vn 0 0.10255575052588627 -0.9947272581135354
vn 0 0.10255575681466365 -0.9947272574651665
vn 0 0.10255574423710889 -0.9947272587619045
vn 0 0.10255575052588627 -0.9947272581135354
vn 0 0.10255574423710889 -0.9947272587619045
vn 0 0.10255575681466365 -0.9947272574651665
vn 0 -0.7842511243540251 -0.6204435300246488
vn 0 -0.7842511243540251 -0.6204435300246488
vn 0 -0.7842511243540251 -0.6204435300246488
vn 0 -0.7842511243540251 -0.6204435300246488
vn 0 -0.7842511243540251 -0.6204435300246488
vn 0 -0.7842510998349624 -0.6204435610171579
vn 0 -0.00007236042569206465 -0.9999999973819843
vn 0 -0.00007236042569206465 -0.9999999973819843
vn 0 -0.00007236042569206465 -0.9999999973819843
vn 0 -0.00007236042569206465 -0.9999999973819843
vn 0 -0.00007236042569206465 -0.9999999973819843
vn 0 -0.00007236043193145182 -0.999999997381984
vn 0.9954255008849442 0.09554094508616845 0
vn 0.9954254998878687 0.09554095547453256 0
vn 0.9954254988907935 0.09554096586289668 0
vn 0.9954255008849442 0.09554094508616845 0
vn 0.9954254988907935 0.09554096586289668 0
vn 0.9954254998878687 0.09554095547453256 0
vn 0.6475745169317655 -0.7620021292756278 0
vn 0.6475745169317655 -0.7620021292756278 0
vn 0.6475745440005922 -0.7620021062716461 0
vn 0.6475745169317655 -0.7620021292756278 0
vn 0.6475745440005922 -0.7620021062716461 0
vn 0.6475745169317655 -0.7620021292756278 0
vn 0.9999999977536336 -0.00006702785242244399 0
vn 0.9999999977536336 -0.00006702785242244399 0
vn 0.9999999977536336 -0.00006702785242244399 0
vn 0.9999999977536336 -0.00006702785242244399 0
vn 0.9999999977536336 -0.00006702785242244399 0
vn 0.9999999977536336 -0.00006702785242244399 0
vn 0 0.10255907728740406 0.9947269151209072
vn 0 0.10255908357617495 0.9947269144725176
vn 0 0.10255907728740406 0.9947269151209072
vn 0 0.10255907728740406 0.9947269151209072
vn 0 0.10255907728740406 0.9947269151209072
vn 0 0.1025590898649458 0.9947269138241279
vn 0 -0.7842514856911995 0.6204430732880706
vn 0 -0.7842514611721895 0.6204431042805503
vn 0 -0.7842514366531756 0.620443135273032
vn 0 -0.7842514856911995 0.6204430732880706
vn 0 -0.7842514366531756 0.620443135273032
vn 0 -0.7842514856911995 0.6204430732880706
vn 0 -0.00007236042569206465 0.9999999973819843
vn 0 -0.00007236043193145182 0.999999997381984
vn 0 -0.00007236042569206465 0.9999999973819843
vn 0 -0.00007236042569206465 0.9999999973819843
vn 0 -0.00007236042569206465 0.9999999973819843
vn 0 -0.00007236042569206465 0.9999999973819843
vn -0.9954257481563332 0.09553836877089975 0
vn -0.9954257481563332 0.09553836877089975 0
vn -0.9954257491533819 0.09553835838252783 0
vn -0.9954257481563332 0.09553836877089975 0
vn -0.9954257491533819 0.09553835838252783 0
vn -0.9954257491533819 0.09553835838252783 0
vn -0.647575974114644 -0.762000890911205 0
vn -0.647575974114644 -0.762000890911205 0
vn -0.6475759470457423 -0.7620009139153378 0
vn -0.647575974114644 -0.762000890911205 0
vn -0.6475759470457423 -0.7620009139153378 0
vn -0.647575974114644 -0.762000890911205 0
vn -0.9999999977536336 -0.00006702785242244399 0
vn -0.9999999977536336 -0.00006702785242244399 0
vn -0.9999999977536336 -0.00006702785242244399 0
vn -0.9999999977536336 -0.00006702785242244399 0
vn -0.9999999977536336 -0.00006702785242244399 0
vn -0.9999999977536336 -0.00006702785242244399 0
vn 0 0.08555780178987198 -0.9963332085968454
vn 0 0.085557795470641 -0.9963332091394946
vn 0 0.085557795470641 -0.9963332091394946
vn 0 0.08555780178987198 -0.9963332085968454
vn 0 0.085557795470641 -0.9963332091394946
vn 0 0.08555780178987198 -0.9963332085968454
vn 0 -0.7613935447571503 -0.6482899582764965
vn 0 -0.7613935447571503 -0.6482899582764965
vn 0 -0.7613935168024353 -0.6482899911083154
vn 0 -0.7613935447571503 -0.6482899582764965
vn 0 -0.7613935168024353 -0.6482899911083154
vn 0 -0.7613935447571503 -0.6482899582764965
vn 0 -0.000208667166199095 -0.9999999782290065
vn 0 -0.0002086671412415478 -0.9999999782290118
vn 0 -0.0002086671412415478 -0.9999999782290118
vn 0 -0.000208667166199095 -0.9999999782290065
vn 0 -0.0002086671412415478 -0.9999999782290118
vn 0 -0.000208667166199095 -0.9999999782290065
vn 0.9968202276633715 0.07968333402377206 0
vn 0.9968202272464183 0.07968333923976048 0
vn 0.9968202276633715 0.07968333402377206 0
vn 0.9968202276633715 0.07968333402377206 0
vn 0.9968202276633715 0.07968333402377206 0
vn 0.9968202280803248 0.07968332880778363 0
vn 0.6749084833503627 -0.73790144267491 0
vn 0.6749085118017684 -0.7379014166523347 0
vn 0.6749084833503627 -0.73790144267491 0
vn 0.6749084833503627 -0.73790144267491 0
vn 0.6749084833503627 -0.73790144267491 0
vn 0.6749084833503627 -0.73790144267491 0
vn 0.9999999818749788 -0.00019039443740268434 0
vn 0.9999999818749788 -0.00019039443740268434 0
vn 0.9999999818749751 -0.0001903944579727301 0
vn 0.9999999818749788 -0.00019039443740268434 0
vn 0.9999999818749751 -0.0001903944579727301 0
vn 0.9999999818749788 -0.00019039443740268434 0
vn 0 0.08555612719330216 0.9963333523975214
vn 0 0.08555612719330216 0.9963333523975214
vn 0 0.08555612719330216 0.9963333523975214
vn 0 0.08555612719330216 0.9963333523975214
vn 0 0.08555612719330216 0.9963333523975214
vn 0 0.08555612719330216 0.9963333523975214
vn 0 -0.7613931533907549 0.6482904179221549
vn 0 -0.7613931533907549 0.6482904179221549
vn 0 -0.7613931533907549 0.6482904179221549
vn 0 -0.7613931533907549 0.6482904179221549
vn 0 -0.7613931533907549 0.6482904179221549
vn 0 -0.7613931254359805 0.6482904507540035
vn 0 -0.0002036187535423664 0.9999999792697013
vn 0 -0.00020361876602114002 0.9999999792696987
vn 0 -0.00020361876602114002 0.9999999792696987
vn 0 -0.0002036187535423664 0.9999999792697013
vn 0 -0.00020361876602114002 0.9999999792696987
vn 0 -0.0002036187535423664 0.9999999792697013
vn -0.9968202972941744 0.07968246295361257 0
vn -0.9968202972941744 0.07968246295361257 0
vn -0.9968202972941744 0.07968246295361257 0
vn -0.9968202972941744 0.07968246295361257 0
vn -0.9968202972941744 0.07968246295361257 0
vn -0.9968202968772258 0.0796824681696021 0
vn -0.6749070956784509 -0.7379027118820464 0
vn -0.6749071241297901 -0.73790268585963 0
vn -0.6749071525811309 -0.7379026598372105 0
vn -0.6749070956784509 -0.7379027118820464 0
vn -0.6749071525811309 -0.7379026598372105 0
vn -0.6749071241297901 -0.73790268585963 0
vn -0.9999999820386353 -0.00018953292274613077 0
vn -0.9999999820386276 -0.00018953296388622232 0
vn -0.9999999820386315 -0.00018953294331617657 0
vn -0.9999999820386353 -0.00018953292274613077 0
vn -0.9999999820386315 -0.00018953294331617657 0
vn -0.9999999820386315 -0.00018953294331617657 0
vn 0 1 0
vn 0 1 0
vn 0 1 0
vn 0 1 0
vn 0 1 0
vn 0 1 0
vn 0 1 0
vn 0 1 0
vn 0 1 0
vn 0 1 0
vn 0 1 0
vn 0 1 0
vn 0 1 0
vn 0 1 0
vn 0 1 0
vn 0 1 0
vn 0 1 0
vn 0 1 0
vn 0 1 0
vn 0 1 0
vn 0 1 0
vn 0 1 0
vn 0 1 0
vn 0 1 0
f 1/1/1 2/2/2 3/3/3
f 4/4/4 5/5/5 6/6/6
f 7/7/7 8/8/8 9/9/9
f 10/10/10 11/11/11 12/12/12
f 13/13/13 14/14/14 15/15/15
f 16/16/16 17/17/17 18/18/18
f 19/19/19 20/20/20 21/21/21
f 22/22/22 23/23/23 24/24/24
f 25/25/25 26/26/26 27/27/27
f 28/28/28 29/29/29 30/30/30
f 31/31/31 32/32/32 33/33/33
f 34/34/34 35/35/35 36/36/36
f 37/37/37 38/38/38 39/39/39
f 40/40/40 41/41/41 42/42/42
f 43/43/43 44/44/44 45/45/45
f 46/46/46 47/47/47 48/48/48
f 49/49/49 50/50/50 51/51/51
f 52/52/52 53/53/53 54/54/54
f 55/55/55 56/56/56 57/57/57
f 58/58/58 59/59/59 60/60/60
f 61/61/61 62/62/62 63/63/63
f 64/64/64 65/65/65 66/66/66
f 67/67/67 68/68/68 69/69/69
f 70/70/70 71/71/71 72/72/72
f 73/73/73 74/74/74 75/75/75
f 76/76/76 77/77/77 78/78/78
f 79/79/79 80/80/80 81/81/81
f 82/82/82 83/83/83 84/84/84
f 85/85/85 86/86/86 87/87/87
f 88/88/88 89/89/89 90/90/90
f 91/91/91 92/92/92 93/93/93
f 94/94/94 95/95/95 96/96/96
f 97/97/97 98/98/98 99/99/99
f 100/100/100 101/101/101 102/102/102
f 103/103/103 104/104/104 105/105/105
f 106/106/106 107/107/107 108/108/108
f 109/109/109 110/110/110 111/111/111
f 112/112/112 113/113/113 114/114/114
f 115/115/115 116/116/116 117/117/117
f 118/118/118 119/119/119 120/120/120
f 121/121/121 122/122/122 123/123/123
f 124/124/124 125/125/125 126/126/126
f 127/127/127 128/128/128 129/129/129
f 130/130/130 131/131/131 132/132/132
f 133/133/133 134/134/134 135/135/135
f 136/136/136 137/137/137 138/138/138
f 139/139/139 140/140/140 141/141/141
f 142/142/142 143/143/143 144/144/144
f 145/145/145 146/146/146 147/147/147
f 148/148/148 149/149/149 150/150/150
f 151/151/151 152/152/152 153/153/153
f 154/154/154 155/155/155 156/156/156
f 157/157/157 158/158/158 159/159/159
f 160/160/160 161/161/161 162/162/162
f 163/163/163 164/164/164 165/165/165
f 166/166/166 167/167/167 168/168/168
f 169/169/169 170/170/170 171/171/171
f 172/172/172 173/173/173 174/174/174
f 175/175/175 176/176/176 177/177/177
f 178/178/178 179/179/179 180/180/180
f 181/181/181 182/182/182 183/183/183
f 184/184/184 185/185/185 186/186/186
f 187/187/187 188/188/188 189/189/189
f 190/190/190 191/191/191 192/192/192
f 193/193/193 194/194/194 195/195/195
f 196/196/196 197/197/197 198/198/198
f 199/199/199 200/200/200 201/201/201
f 202/202/202 203/203/203 204/204/204
f 205/205/205 206/206/206 207/207/207
f 208/208/208 209/209/209 210/210/210
f 211/211/211 212/212/212 213/213/213
f 214/214/214 215/215/215 216/216/216
f 217/217/217 218/218/218 219/219/219
f 220/220/220 221/221/221 222/222/222
f 223/223/223 224/224/224 225/225/225
f 226/226/226 227/227/227 228/228/228
f 229/229/229 230/230/230 231/231/231
f 232/232/232 233/233/233 234/234/234
f 235/235/235 236/236/236 237/237/237
f 238/238/238 239/239/239 240/240/240
f 241/241/241 242/242/242 243/243/243
f 244/244/244 245/245/245 246/246/246
f 247/247/247 248/248/248 249/249/249
f 250/250/250 251/251/251 252/252/252
f 253/253/253 254/254/254 255/255/255
f 256/256/256 257/257/257 258/258/258
f 259/259/259 260/260/260 261/261/261
f 262/262/262 263/263/263 264/264/264
f 265/265/265 266/266/266 267/267/267
f 268/268/268 269/269/269 270/270/270
f 271/271/271 272/272/272 273/273/273
f 274/274/274 275/275/275 276/276/276
f 277/277/277 278/278/278 279/279/279
f 280/280/280 281/281/281 282/282/282
f 283/283/283 284/284/284 285/285/285
f 286/286/286 287/287/287 288/288/288
f 289/289/289 290/290/290 291/291/291
f 292/292/292 293/293/293 294/294/294
f 295/295/295 296/296/296 297/297/297
f 298/298/298 299/299/299 300/300/300
f 301/301/301 302/302/302 303/303/303
f 304/304/304 305/305/305 306/306/306
f 307/307/307 308/308/308 309/309/309
f 310/310/310 311/311/311 312/312/312
f 313/313/313 314/314/314 315/315/315
f 316/316/316 317/317/317 318/318/318
f 319/319/319 320/320/320 321/321/321
f 322/322/322 323/323/323 324/324/324
f 325/325/325 326/326/326 327/327/327
f 328/328/328 329/329/329 330/330/330
f 331/331/331 332/332/332 333/333/333
f 334/334/334 335/335/335 336/336/336
f 337/337/337 338/338/338 339/339/339
f 340/340/340 341/341/341 342/342/342
f 343/343/343 344/344/344 345/345/345
f 346/346/346 347/347/347 348/348/348
f 349/349/349 350/350/350 351/351/351
f 352/352/352 353/353/353 354/354/354
f 355/355/355 356/356/356 357/357/357
f 358/358/358 359/359/359 360/360/360
f 361/361/361 362/362/362 363/363/363
f 364/364/364 365/365/365 366/366/366
f 367/367/367 368/368/368 369/369/369
f 370/370/370 371/371/371 372/372/372
f 373/373/373 374/374/374 375/375/375
f 376/376/376 377/377/377 378/378/378
f 379/379/379 380/380/380 381/381/381
f 382/382/382 383/383/383 384/384/384
f 385/385/385 386/386/386 387/387/387
f 388/388/388 389/389/389 390/390/390
f 391/391/391 392/392/392 393/393/393
f 394/394/394 395/395/395 396/396/396
f 397/397/397 398/398/398 399/399/399
f 400/400/400 401/401/401 402/402/402
f 403/403/403 404/404/404 405/405/405
f 406/406/406 407/407/407 408/408/408
f 409/409/409 410/410/410 411/411/411
f 412/412/412 413/413/413 414/414/414
f 415/415/415 416/416/416 417/417/417
f 418/418/418 419/419/419 420/420/420
f 421/421/421 422/422/422 423/423/423
f 424/424/424 425/425/425 426/426/426
f 427/427/427 428/428/428 429/429/429
f 430/430/430 431/431/431 432/432/432
f 433/433/433 434/434/434 435/435/435
f 436/436/436 437/437/437 438/438/438
f 439/439/439 440/440/440 441/441/441
f 442/442/442 443/443/443 444/444/444
f 445/445/445 446/446/446 447/447/447
f 448/448/448 449/449/449 450/450/450
f 451/451/451 452/452/452 453/453/453
f 454/454/454 455/455/455 456/456/456
f 457/457/457 458/458/458 459/459/459
f 460/460/460 461/461/461 462/462/462
f 463/463/463 464/464/464 465/465/465
f 466/466/466 467/467/467 468/468/468
f 469/469/469 470/470/470 471/471/471
f 472/472/472 473/473/473 474/474/474
f 475/475/475 476/476/476 477/477/477
f 478/478/478 479/479/479 480/480/480
f 481/481/481 482/482/482 483/483/483
f 484/484/484 485/485/485 486/486/486
f 487/487/487 488/488/488 489/489/489
f 490/490/490 491/491/491 492/492/492
f 493/493/493 494/494/494 495/495/495
f 496/496/496 497/497/497 498/498/498
f 499/499/499 500/500/500 501/501/501
f 502/502/502 503/503/503 504/504/504
f 505/505/505 506/506/506 507/507/507
f 508/508/508 509/509/509 510/510/510
f 511/511/511 512/512/512 513/513/513
f 514/514/514 515/515/515 516/516/516
f 517/517/517 518/518/518 519/519/519
f 520/520/520 521/521/521 522/522/522
f 523/523/523 524/524/524 525/525/525
f 526/526/526 527/527/527 528/528/528
f 529/529/529 530/530/530 531/531/531
f 532/532/532 533/533/533 534/534/534
f 535/535/535 536/536/536 537/537/537
f 538/538/538 539/539/539 540/540/540
f 541/541/541 542/542/542 543/543/543
f 544/544/544 545/545/545 546/546/546
f 547/547/547 548/548/548 549/549/549
f 550/550/550 551/551/551 552/552/552
f 553/553/553 554/554/554 555/555/555
f 556/556/556 557/557/557 558/558/558
f 559/559/559 560/560/560 561/561/561
f 562/562/562 563/563/563 564/564/564
f 565/565/565 566/566/566 567/567/567
f 568/568/568 569/569/569 570/570/570
f 571/571/571 572/572/572 573/573/573
f 574/574/574 575/575/575 576/576/576
f 577/577/577 578/578/578 579/579/579
f 580/580/580 581/581/581 582/582/582
f 583/583/583 584/584/584 585/585/585
f 586/586/586 587/587/587 588/588/588
f 589/589/589 590/590/590 591/591/591
f 592/592/592 593/593/593 594/594/594
f 595/595/595 596/596/596 597/597/597
f 598/598/598 599/599/599 600/600/600
f 601/601/601 602/602/602 603/603/603
f 604/604/604 605/605/605 606/606/606
f 607/607/607 608/608/608 609/609/609
f 610/610/610 611/611/611 612/612/612
f 613/613/613 614/614/614 615/615/615
f 616/616/616 617/617/617 618/618/618
f 619/619/619 620/620/620 621/621/621
f 622/622/622 623/623/623 624/624/624
f 625/625/625 626/626/626 627/627/627
f 628/628/628 629/629/629 630/630/630
f 631/631/631 632/632/632 633/633/633
f 634/634/634 635/635/635 636/636/636
f 637/637/637 638/638/638 639/639/639
f 640/640/640 641/641/641 642/642/642
f 643/643/643 644/644/644 645/645/645
f 646/646/646 647/647/647 648/648/648
f 649/649/649 650/650/650 651/651/651
f 652/652/652 653/653/653 654/654/654
f 655/655/655 656/656/656 657/657/657
f 658/658/658 659/659/659 660/660/660
f 661/661/661 662/662/662 663/663/663
f 664/664/664 665/665/665 666/666/666
f 667/667/667 668/668/668 669/669/669
f 670/670/670 671/671/671 672/672/672
f 673/673/673 674/674/674 675/675/675
f 676/676/676 677/677/677 678/678/678
f 679/679/679 680/680/680 681/681/681
f 682/682/682 683/683/683 684/684/684
f 685/685/685 686/686/686 687/687/687
f 688/688/688 689/689/689 690/690/690
f 691/691/691 692/692/692 693/693/693
f 694/694/694 695/695/695 696/696/696
f 697/697/697 698/698/698 699/699/699
f 700/700/700 701/701/701 702/702/702
f 703/703/703 704/704/704 705/705/705
f 706/706/706 707/707/707 708/708/708
f 709/709/709 710/710/710 711/711/711
f 712/712/712 713/713/713 714/714/714
f 715/715/715 716/716/716 717/717/717
f 718/718/718 719/719/719 720/720/720
f 721/721/721 722/722/722 723/723/723
f 724/724/724 725/725/725 726/726/726
f 727/727/727 728/728/728 729/729/729
f 730/730/730 731/731/731 732/732/732
f 733/733/733 734/734/734 735/735/735
f 736/736/736 737/737/737 738/738/738
f 739/739/739 740/740/740 741/741/741
f 742/742/742 743/743/743 744/744/744
f 745/745/745 746/746/746 747/747/747
f 748/748/748 749/749/749 750/750/750
f 751/751/751 752/752/752 753/753/753
f 754/754/754 755/755/755 756/756/756
f 757/757/757 758/758/758 759/759/759
f 760/760/760 761/761/761 762/762/762
f 763/763/763 764/764/764 765/765/765
f 766/766/766 767/767/767 768/768/768
f 769/769/769 770/770/770 771/771/771
f 772/772/772 773/773/773 774/774/774
f 775/775/775 776/776/776 777/777/777
f 778/778/778 779/779/779 780/780/780
f 781/781/781 782/782/782 783/783/783
f 784/784/784 785/785/785 786/786/786
f 787/787/787 788/788/788 789/789/789
f 790/790/790 791/791/791 792/792/792
f 793/793/793 794/794/794 795/795/795
f 796/796/796 797/797/797 798/798/798
f 799/799/799 800/800/800 801/801/801
f 802/802/802 803/803/803 804/804/804
f 805/805/805 806/806/806 807/807/807
f 808/808/808 809/809/809 810/810/810
f 811/811/811 812/812/812 813/813/813
f 814/814/814 815/815/815 816/816/816
f 817/817/817 818/818/818 819/819/819
f 820/820/820 821/821/821 822/822/822
f 823/823/823 824/824/824 825/825/825
f 826/826/826 827/827/827 828/828/828
f 829/829/829 830/830/830 831/831/831
f 832/832/832 833/833/833 834/834/834
f 835/835/835 836/836/836 837/837/837
f 838/838/838 839/839/839 840/840/840
f 841/841/841 842/842/842 843/843/843
f 844/844/844 845/845/845 846/846/846
f 847/847/847 848/848/848 849/849/849
f 850/850/850 851/851/851 852/852/852
f 853/853/853 854/854/854 855/855/855
f 856/856/856 857/857/857 858/858/858
f 859/859/859 860/860/860 861/861/861
f 862/862/862 863/863/863 864/864/864
f 865/865/865 866/866/866 867/867/867
f 868/868/868 869/869/869 870/870/870
f 871/871/871 872/872/872 873/873/873
f 874/874/874 875/875/875 876/876/876
f 877/877/877 878/878/878 879/879/879
f 880/880/880 881/881/881 882/882/882
f 883/883/883 884/884/884 885/885/885
f 886/886/886 887/887/887 888/888/888
f 889/889/889 890/890/890 891/891/891
f 892/892/892 893/893/893 894/894/894
f 895/895/895 896/896/896 897/897/897
f 898/898/898 899/899/899 900/900/900
f 901/901/901 902/902/902 903/903/903
f 904/904/904 905/905/905 906/906/906
f 907/907/907 908/908/908 909/909/909
f 910/910/910 911/911/911 912/912/912
f 913/913/913 914/914/914 915/915/915
f 916/916/916 917/917/917 918/918/918
f 919/919/919 920/920/920 921/921/921
f 922/922/922 923/923/923 924/924/924
f 925/925/925 926/926/926 927/927/927
f 928/928/928 929/929/929 930/930/930
f 931/931/931 932/932/932 933/933/933
f 934/934/934 935/935/935 936/936/936
f 937/937/937 938/938/938 939/939/939
f 940/940/940 941/941/941 942/942/942
f 943/943/943 944/944/944 945/945/945
f 946/946/946 947/947/947 948/948/948
f 949/949/949 950/950/950 951/951/951
f 952/952/952 953/953/953 954/954/954
f 955/955/955 956/956/956 957/957/957
f 958/958/958 959/959/959 960/960/960
f 961/961/961 962/962/962 963/963/963
f 964/964/964 965/965/965 966/966/966
f 967/967/967 968/968/968 969/969/969
f 970/970/970 971/971/971 972/972/972
f 973/973/973 974/974/974 975/975/975
f 976/976/976 977/977/977 978/978/978
f 979/979/979 980/980/980 981/981/981
f 982/982/982 983/983/983 984/984/984
f 985/985/985 986/986/986 987/987/987
f 988/988/988 989/989/989 990/990/990
f 991/991/991 992/992/992 993/993/993
f 994/994/994 995/995/995 996/996/996
f 997/997/997 998/998/998 999/999/999
f 1000/1000/1000 1001/1001/1001 1002/1002/1002
f 1003/1003/1003 1004/1004/1004 1005/1005/1005
f 1006/1006/1006 1007/1007/1007 1008/1008/1008
f 1009/1009/1009 1010/1010/1010 1011/1011/1011
f 1012/1012/1012 1013/1013/1013 1014/1014/1014
f 1015/1015/1015 1016/1016/1016 1017/1017/1017
f 1018/1018/1018 1019/1019/1019 1020/1020/1020
f 1021/1021/1021 1022/1022/1022 1023/1023/1023
f 1024/1024/1024 1025/1025/1025 1026/1026/1026
f 1027/1027/1027 1028/1028/1028 1029/1029/1029
f 1030/1030/1030 1031/1031/1031 1032/1032/1032
f 1033/1033/1033 1034/1034/1034 1035/1035/1035
f 1036/1036/1036 1037/1037/1037 1038/1038/1038
f 1039/1039/1039 1040/1040/1040 1041/1041/1041
f 1042/1042/1042 1043/1043/1043 1044/1044/1044
f 1045/1045/1045 1046/1046/1046 1047/1047/1047
f 1048/1048/1048 1049/1049/1049 1050/1050/1050
f 1051/1051/1051 1052/1052/1052 1053/1053/1053
f 1054/1054/1054 1055/1055/1055 1056/1056/1056
f 1057/1057/1057 1058/1058/1058 1059/1059/1059
f 1060/1060/1060 1061/1061/1061 1062/1062/1062
f 1063/1063/1063 1064/1064/1064 1065/1065/1065
f 1066/1066/1066 1067/1067/1067 1068/1068/1068
f 1069/1069/1069 1070/1070/1070 1071/1071/1071
f 1072/1072/1072 1073/1073/1073 1074/1074/1074
f 1075/1075/1075 1076/1076/1076 1077/1077/1077
f 1078/1078/1078 1079/1079/1079 1080/1080/1080
f 1081/1081/1081 1082/1082/1082 1083/1083/1083
f 1084/1084/1084 1085/1085/1085 1086/1086/1086
f 1087/1087/1087 1088/1088/1088 1089/1089/1089
f 1090/1090/1090 1091/1091/1091 1092/1092/1092
f 1093/1093/1093 1094/1094/1094 1095/1095/1095
f 1096/1096/1096 1097/1097/1097 1098/1098/1098
f 1099/1099/1099 1100/1100/1100 1101/1101/1101
f 1102/1102/1102 1103/1103/1103 1104/1104/1104
f 1105/1105/1105 1106/1106/1106 1107/1107/1107
f 1108/1108/1108 1109/1109/1109 1110/1110/1110
f 1111/1111/1111 1112/1112/1112 1113/1113/1113
f 1114/1114/1114 1115/1115/1115 1116/1116/1116
f 1117/1117/1117 1118/1118/1118 1119/1119/1119
f 1120/1120/1120 1121/1121/1121 1122/1122/1122
f 1123/1123/1123 1124/1124/1124 1125/1125/1125
f 1126/1126/1126 1127/1127/1127 1128/1128/1128
f 1129/1129/1129 1130/1130/1130 1131/1131/1131
f 1132/1132/1132 1133/1133/1133 1134/1134/1134
f 1135/1135/1135 1136/1136/1136 1137/1137/1137
f 1138/1138/1138 1139/1139/1139 1140/1140/1140
f 1141/1141/1141 1142/1142/1142 1143/1143/1143
f 1144/1144/1144 1145/1145/1145 1146/1146/1146
f 1147/1147/1147 1148/1148/1148 1149/1149/1149
f 1150/1150/1150 1151/1151/1151 1152/1152/1152
f 1153/1153/1153 1154/1154/1154 1155/1155/1155
f 1156/1156/1156 1157/1157/1157 1158/1158/1158
f 1159/1159/1159 1160/1160/1160 1161/1161/1161
f 1162/1162/1162 1163/1163/1163 1164/1164/1164
f 1165/1165/1165 1166/1166/1166 1167/1167/1167
f 1168/1168/1168 1169/1169/1169 1170/1170/1170
f 1171/1171/1171 1172/1172/1172 1173/1173/1173
f 1174/1174/1174 1175/1175/1175 1176/1176/1176
f 1177/1177/1177 1178/1178/1178 1179/1179/1179
f 1180/1180/1180 1181/1181/1181 1182/1182/1182
f 1183/1183/1183 1184/1184/1184 1185/1185/1185
f 1186/1186/1186 1187/1187/1187 1188/1188/1188
f 1189/1189/1189 1190/1190/1190 1191/1191/1191
f 1192/1192/1192 1193/1193/1193 1194/1194/1194
f 1195/1195/1195 1196/1196/1196 1197/1197/1197
f 1198/1198/1198 1199/1199/1199 1200/1200/1200
f 1201/1201/1201 1202/1202/1202 1203/1203/1203
f 1204/1204/1204 1205/1205/1205 1206/1206/1206
f 1207/1207/1207 1208/1208/1208 1209/1209/1209
f 1210/1210/1210 1211/1211/1211 1212/1212/1212
f 1213/1213/1213 1214/1214/1214 1215/1215/1215
f 1216/1216/1216 1217/1217/1217 1218/1218/1218
f 1219/1219/1219 1220/1220/1220 1221/1221/1221
f 1222/1222/1222 1223/1223/1223 1224/1224/1224
f 1225/1225/1225 1226/1226/1226 1227/1227/1227
f 1228/1228/1228 1229/1229/1229 1230/1230/1230
f 1231/1231/1231 1232/1232/1232 1233/1233/1233
f 1234/1234/1234 1235/1235/1235 1236/1236/1236
f 1237/1237/1237 1238/1238/1238 1239/1239/1239
f 1240/1240/1240 1241/1241/1241 1242/1242/1242
f 1243/1243/1243 1244/1244/1244 1245/1245/1245
f 1246/1246/1246 1247/1247/1247 1248/1248/1248
f 1249/1249/1249 1250/1250/1250 1251/1251/1251
f 1252/1252/1252 1253/1253/1253 1254/1254/1254
f 1255/1255/1255 1256/1256/1256 1257/1257/1257
f 1258/1258/1258 1259/1259/1259 1260/1260/1260
f 1261/1261/1261 1262/1262/1262 1263/1263/1263
f 1264/1264/1264 1265/1265/1265 1266/1266/1266
f 1267/1267/1267 1268/1268/1268 1269/1269/1269
f 1270/1270/1270 1271/1271/1271 1272/1272/1272
f 1273/1273/1273 1274/1274/1274 1275/1275/1275
f 1276/1276/1276 1277/1277/1277 1278/1278/1278
f 1279/1279/1279 1280/1280/1280 1281/1281/1281
f 1282/1282/1282 1283/1283/1283 1284/1284/1284
f 1285/1285/1285 1286/1286/1286 1287/1287/1287
f 1288/1288/1288 1289/1289/1289 1290/1290/1290
f 1291/1291/1291 1292/1292/1292 1293/1293/1293
f 1294/1294/1294 1295/1295/1295 1296/1296/1296
f 1297/1297/1297 1298/1298/1298 1299/1299/1299
f 1300/1300/1300 1301/1301/1301 1302/1302/1302
f 1303/1303/1303 1304/1304/1304 1305/1305/1305
f 1306/1306/1306 1307/1307/1307 1308/1308/1308
f 1309/1309/1309 1310/1310/1310 1311/1311/1311
f 1312/1312/1312 1313/1313/1313 1314/1314/1314
f 1315/1315/1315 1316/1316/1316 1317/1317/1317
f 1318/1318/1318 1319/1319/1319 1320/1320/1320
f 1321/1321/1321 1322/1322/1322 1323/1323/1323
f 1324/1324/1324 1325/1325/1325 1326/1326/1326
f 1327/1327/1327 1328/1328/1328 1329/1329/1329
f 1330/1330/1330 1331/1331/1331 1332/1332/1332
f 1333/1333/1333 1334/1334/1334 1335/1335/1335
f 1336/1336/1336 1337/1337/1337 1338/1338/1338
f 1339/1339/1339 1340/1340/1340 1341/1341/1341
f 1342/1342/1342 1343/1343/1343 1344/1344/1344
f 1345/1345/1345 1346/1346/1346 1347/1347/1347
f 1348/1348/1348 1349/1349/1349 1350/1350/1350
f 1351/1351/1351 1352/1352/1352 1353/1353/1353
f 1354/1354/1354 1355/1355/1355 1356/1356/1356
f 1357/1357/1357 1358/1358/1358 1359/1359/1359
f 1360/1360/1360 1361/1361/1361 1362/1362/1362
f 1363/1363/1363 1364/1364/1364 1365/1365/1365
f 1366/1366/1366 1367/1367/1367 1368/1368/1368
f 1369/1369/1369 1370/1370/1370 1371/1371/1371
f 1372/1372/1372 1373/1373/1373 1374/1374/1374
f 1375/1375/1375 1376/1376/1376 1377/1377/1377
f 1378/1378/1378 1379/1379/1379 1380/1380/1380
f 1381/1381/1381 1382/1382/1382 1383/1383/1383
f 1384/1384/1384 1385/1385/1385 1386/1386/1386
f 1387/1387/1387 1388/1388/1388 1389/1389/1389
f 1390/1390/1390 1391/1391/1391 1392/1392/1392
f 1393/1393/1393 1394/1394/1394 1395/1395/1395
f 1396/1396/1396 1397/1397/1397 1398/1398/1398
f 1399/1399/1399 1400/1400/1400 1401/1401/1401
f 1402/1402/1402 1403/1403/1403 1404/1404/1404
