mtllib Banana/Banana_lp.mtl
o Banana
usemtl PM3D_Cylinder3D_1_2
v 0.04011749680432566 0.48110741493491366 0.8730673682018639 1 1 1
v 0.03517703116193797 0.4859996054802452 0.860907554228509 0.9960784316062927 0.9960784316062927 0.9960784316062927
v 0.027852815890836425 0.48771784851131905 0.8638064819009528 0.9960784316062927 0.9960784316062927 0.9960784316062927
v 0.023727645823728445 0.48836074017313436 0.8684535953752289 0.9960784316062927 0.9960784316062927 0.9960784316062927
v 0.027852815890836425 0.48771784851131905 0.8638064819009528 0.9960784316062927 0.9960784316062927 0.9960784316062927
v 0.022108096753428886 0.48662186767179716 0.8548954005997489 1 1 1
v 0.023727645823728445 0.48836074017313436 0.8684535953752289 0.9960784316062927 0.9960784316062927 0.9960784316062927
v 0.022108096753428886 0.48662186767179716 0.8548954005997489 1 1 1
v 0.013961699472735992 0.4887805796524624 0.8630520169700117 1 1 1
v 0.04011749680432566 0.48110741493491366 0.8730673682018639 1 1 1
v 0.027852815890836425 0.48771784851131905 0.8638064819009528 0.9960784316062927 0.9960784316062927 0.9960784316062927
v 0.023727645823728445 0.48836074017313436 0.8684535953752289 0.9960784316062927 0.9960784316062927 0.9960784316062927
v 0.021676323289108155 0.4864507371161136 0.8744258878782556 0.9960784316062927 0.9960784316062927 0.9960784316062927
v 0.023727645823728445 0.48836074017313436 0.8684535953752289 0.9960784316062927 0.9960784316062927 0.9960784316062927
v 0.013961699472735992 0.4887805796524624 0.8630520169700117 1 1 1
v 0.021676323289108155 0.4864507371161136 0.8744258878782556 0.9960784316062927 0.9960784316062927 0.9960784316062927
v 0.013961699472735992 0.4887805796524624 0.8630520169700117 1 1 1
v 0.01047912755575288 0.48534176391502526 0.873973916626903 1 1 1
v 0.04011749680432566 0.48110741493491366 0.8730673682018639 1 1 1
v 0.023727645823728445 0.48836074017313436 0.8684535953752289 0.9960784316062927 0.9960784316062927 0.9960784316062927
v 0.021676323289108155 0.4864507371161136 0.8744258878782556 0.9960784316062927 0.9960784316062927 0.9960784316062927
v 0.021363944693005007 0.4823111013806213 0.8804076799315405 0.9960784316062927 0.9960784316062927 0.9960784316062927
v 0.021676323289108155 0.4864507371161136 0.8744258878782556 0.9960784316062927 0.9960784316062927 0.9960784316062927
v 0.01047912755575288 0.48534176391502526 0.873973916626903 1 1 1
v 0.021363944693005007 0.4823111013806213 0.8804076799315405 0.9960784316062927 0.9960784316062927 0.9960784316062927
v 0.01047912755575288 0.48534176391502526 0.873973916626903 1 1 1
v 0.010762654386761892 0.4782054115761824 0.8835534079864438 1 1 1
v 0.04011749680432566 0.48110741493491366 0.8730673682018639 1 1 1
v 0.021676323289108155 0.4864507371161136 0.8744258878782556 0.9960784316062927 0.9960784316062927 0.9960784316062927
v 0.021363944693005007 0.4823111013806213 0.8804076799315405 0.9960784316062927 0.9960784316062927 0.9960784316062927
v 0.02464601008157131 0.4795532226543303 0.8844399344648113 0.9960784316062927 0.9960784316062927 0.9960784316062927
v 0.021363944693005007 0.4823111013806213 0.8804076799315405 0.9960784316062927 0.9960784316062927 0.9960784316062927
v 0.010762654386761892 0.4782054115761824 0.8835534079864438 1 1 1
v 0.02464601008157131 0.4795532226543303 0.8844399344648113 0.9960784316062927 0.9960784316062927 0.9960784316062927
v 0.010762654386761892 0.4782054115761824 0.8835534079864438 1 1 1
v 0.015229584627750021 0.47566038671377464 0.8919692118739341 1 1 1
v 0.04011749680432566 0.48110741493491366 0.8730673682018639 1 1 1
v 0.021363944693005007 0.4823111013806213 0.8804076799315405 0.9960784316062927 0.9960784316062927 0.9960784316062927
v 0.02464601008157131 0.4795532226543303 0.8844399344648113 0.9960784316062927 0.9960784316062927 0.9960784316062927
v 0.04056009041583081 0.47470042788239014 0.8872559752193774 0.9960784316062927 0.9960784316062927 0.9960784316062927
v 0.03219788417848918 0.476415178375443 0.886967916846401 0.9960784316062927 0.9960784316062927 0.9960784316062927
v 0.028075256577320063 0.47114822294184155 0.8974569377270307 1 1 1
v 0.04056009041583081 0.47470042788239014 0.8872559752193774 0.9960784316062927 0.9960784316062927 0.9960784316062927
v 0.028075256577320063 0.47114822294184155 0.8974569377270307 1 1 1
v 0.04130930760329655 0.46816231063451014 0.897210323949908 1 1 1
v 0.04011749680432566 0.48110741493491366 0.8730673682018639 1 1 1
v 0.02464601008157131 0.4795532226543303 0.8844399344648113 0.9960784316062927 0.9960784316062927 0.9960784316062927
v 0.03219788417848918 0.476415178375443 0.886967916846401 0.9960784316062927 0.9960784316062927 0.9960784316062927
v 0.0017932513880309908 0.45507927438744683 0.8972985188495627 0.9960784316062927 0.9960784316062927 0.9960784316062927
v 0.021433027421135686 0.447672141471391 0.9020992082375211 0.9960784316062927 0.9960784316062927 0.9960784316062927
v 0.028075256577320063 0.47114822294184155 0.8974569377270307 1 1 1
v 0.0017932513880309908 0.45507927438744683 0.8972985188495627 0.9960784316062927 0.9960784316062927 0.9960784316062927
v 0.028075256577320063 0.47114822294184155 0.8974569377270307 1 1 1
v 0.015229584627750021 0.47566038671377464 0.8919692118739341 1 1 1
v 0.04011749680432566 0.48110741493491366 0.8730673682018639 1 1 1
v 0.03219788417848918 0.476415178375443 0.886967916846401 0.9960784316062927 0.9960784316062927 0.9960784316062927
v 0.04056009041583081 0.47470042788239014 0.8872559752193774 0.9960784316062927 0.9960784316062927 0.9960784316062927
v 0.04799069463546897 0.4742678756736051 0.8847063866658031 0.9960784316062927 0.9960784316062927 0.9960784316062927
v 0.04056009041583081 0.47470042788239014 0.8872559752193774 0.9960784316062927 0.9960784316062927 0.9960784316062927
v 0.04130930760329655 0.46816231063451014 0.897210323949908 1 1 1
v 0.04799069463546897 0.4742678756736051 0.8847063866658031 0.9960784316062927 0.9960784316062927 0.9960784316062927
v 0.04130930760329655 0.46816231063451014 0.897210323949908 1 1 1
v 0.05282147975904932 0.46802154209650204 0.8945316542207358 1 1 1
v 0.04011749680432566 0.48110741493491366 0.8730673682018639 1 1 1
v 0.04056009041583081 0.47470042788239014 0.8872559752193774 0.9960784316062927 0.9960784316062927 0.9960784316062927
v 0.04799069463546897 0.4742678756736051 0.8847063866658031 0.9960784316062927 0.9960784316062927 0.9960784316062927
v 0.06149472382980423 0.3970922948653713 0.8960993498859453 1 1 1
v 0.08406005469273012 0.3985225752129724 0.8709903339960587 1 1 1
v 0.07858690652995073 0.44258447025965164 0.8839204445530003 0.9960784316062927 0.9960784316062927 0.9960784316062927
v 0.06149472382980423 0.3970922948653713 0.8960993498859453 1 1 1
v 0.07858690652995073 0.44258447025965164 0.8839204445530003 0.9960784316062927 0.9960784316062927 0.9960784316062927
v 0.057275776353011815 0.4427595107286047 0.9010042534585715 0.9960784316062927 0.9960784316062927 0.9960784316062927
v 0.05601226688594343 0.47362214377210743 0.8776045862920867 0.9960784316062927 0.9960784316062927 0.9960784316062927
v 0.04799069463546897 0.4742678756736051 0.8847063866658031 0.9960784316062927 0.9960784316062927 0.9960784316062927
v 0.05282147975904932 0.46802154209650204 0.8945316542207358 1 1 1
v 0.05601226688594343 0.47362214377210743 0.8776045862920867 0.9960784316062927 0.9960784316062927 0.9960784316062927
v 0.05282147975904932 0.46802154209650204 0.8945316542207358 1 1 1
v 0.06650043837111425 0.4677785610695177 0.8818658533045757 1 1 1
v 0.08406005469273012 0.3985225752129724 0.8709903339960587 1 1 1
v 0.10337138353420935 0.4263467699101496 0.832310922948409 1 1 1
v 0.08964480854168691 0.4575687993942611 0.8500190907988693 0.9960784316062927 0.9960784316062927 0.9960784316062927
v 0.08406005469273012 0.3985225752129724 0.8709903339960587 1 1 1
v 0.08964480854168691 0.4575687993942611 0.8500190907988693 0.9960784316062927 0.9960784316062927 0.9960784316062927
v 0.07858690652995073 0.44258447025965164 0.8839204445530003 0.9960784316062927 0.9960784316062927 0.9960784316062927
v 0.05953312035927336 0.47903121898516254 0.8672731451783734 0.9960784316062927 0.9960784316062927 0.9960784316062927
v 0.05601226688594343 0.47362214377210743 0.8776045862920867 0.9960784316062927 0.9960784316062927 0.9960784316062927
v 0.06650043837111425 0.4677785610695177 0.8818658533045757 1 1 1
v 0.05953312035927336 0.47903121898516254 0.8672731451783734 0.9960784316062927 0.9960784316062927 0.9960784316062927
v 0.06650043837111425 0.4677785610695177 0.8818658533045757 1 1 1
v 0.07247656137019694 0.47267722513092253 0.8604976804196087 1 1 1
v 0.10337138353420935 0.4263467699101496 0.832310922948409 1 1 1
v 0.07618360790928357 0.4412467648981585 0.8083834743651164 1 1 1
v 0.065776244167177 0.46108630982429927 0.8304149350692573 0.9960784316062927 0.9960784316062927 0.9960784316062927
v 0.10337138353420935 0.4263467699101496 0.832310922948409 1 1 1
v 0.065776244167177 0.46108630982429927 0.8304149350692573 0.9960784316062927 0.9960784316062927 0.9960784316062927
v 0.08964480854168691 0.4575687993942611 0.8500190907988693 0.9960784316062927 0.9960784316062927 0.9960784316062927
v 0.05953312035927336 0.47903121898516254 0.8672731451783734 0.9960784316062927 0.9960784316062927 0.9960784316062927
v 0.07247656137019694 0.47267722513092253 0.8604976804196087 1 1 1
v 0.0578632539354564 0.4770504820073989 0.8466092381978787 1 1 1
v 0.05953312035927336 0.47903121898516254 0.8672731451783734 0.9960784316062927 0.9960784316062927 0.9960784316062927
v 0.0578632539354564 0.4770504820073989 0.8466092381978787 1 1 1
v 0.051104283875109624 0.4833493420321363 0.8593157381494483 0.9960784316062927 0.9960784316062927 0.9960784316062927
v 0.13143251639867531 0.3233934153380015 0.774329385213695 1 1 1
v 0.10373302266692305 0.3821806594814624 0.738107779520523 1 1 1
v 0.07618360790928357 0.4412467648981585 0.8083834743651164 1 1 1
v 0.13143251639867531 0.3233934153380015 0.774329385213695 1 1 1
v 0.07618360790928357 0.4412467648981585 0.8083834743651164 1 1 1
v 0.10337138353420935 0.4263467699101496 0.832310922948409 1 1 1
v 0.04350878904267767 0.4842622704124591 0.8591318016717702 0.9960784316062927 0.9960784316062927 0.9960784316062927
v 0.051104283875109624 0.4833493420321363 0.8593157381494483 0.9960784316062927 0.9960784316062927 0.9960784316062927
v 0.0578632539354564 0.4770504820073989 0.8466092381978787 1 1 1
v 0.04350878904267767 0.4842622704124591 0.8591318016717702 0.9960784316062927 0.9960784316062927 0.9960784316062927
v 0.0578632539354564 0.4770504820073989 0.8466092381978787 1 1 1
v 0.04684922284779492 0.47974796388097873 0.8471236073045967 1 1 1
v 0.04011749680432566 0.48110741493491366 0.8730673682018639 1 1 1
v 0.051104283875109624 0.4833493420321363 0.8593157381494483 0.9960784316062927 0.9960784316062927 0.9960784316062927
v 0.04350878904267767 0.4842622704124591 0.8591318016717702 0.9960784316062927 0.9960784316062927 0.9960784316062927
v 0.03315919195799323 0.46946285542851507 0.8324596527677607 0.9960784316062927 0.9960784316062927 0.9960784316062927
v 0.018407999922520846 0.4764738040904074 0.8370448329240111 0.9960784316062927 0.9960784316062927 0.9960784316062927
v 0.022108096753428886 0.48662186767179716 0.8548954005997489 1 1 1
v 0.03315919195799323 0.46946285542851507 0.8324596527677607 0.9960784316062927 0.9960784316062927 0.9960784316062927
v 0.022108096753428886 0.48662186767179716 0.8548954005997489 1 1 1
v 0.034036781445568404 0.4828072178728917 0.8509154869184336 1 1 1
v 0.04011749680432566 0.48110741493491366 0.8730673682018639 1 1 1
v 0.04350878904267767 0.4842622704124591 0.8591318016717702 0.9960784316062927 0.9960784316062927 0.9960784316062927
v 0.03952399130413888 0.4850334052033968 0.858188371720058 0.9960784316062927 0.9960784316062927 0.9960784316062927
v 0.04011749680432566 0.48110741493491366 0.8730673682018639 1 1 1
v 0.03952399130413888 0.4850334052033968 0.858188371720058 0.9960784316062927 0.9960784316062927 0.9960784316062927
v 0.03517703116193797 0.4859996054802452 0.860907554228509 0.9960784316062927 0.9960784316062927 0.9960784316062927
v 0.04350878904267767 0.4842622704124591 0.8591318016717702 0.9960784316062927 0.9960784316062927 0.9960784316062927
v 0.04684922284779492 0.47974796388097873 0.8471236073045967 1 1 1
v 0.04087973283325452 0.4808028725105616 0.8488961003130181 0.9960784316062927 0.9960784316062927 0.9960784316062927
v 0.04350878904267767 0.4842622704124591 0.8591318016717702 0.9960784316062927 0.9960784316062927 0.9960784316062927
v 0.04087973283325452 0.4808028725105616 0.8488961003130181 0.9960784316062927 0.9960784316062927 0.9960784316062927
v 0.03952399130413888 0.4850334052033968 0.858188371720058 0.9960784316062927 0.9960784316062927 0.9960784316062927
v 0.03517703116193797 0.4859996054802452 0.860907554228509 0.9960784316062927 0.9960784316062927 0.9960784316062927
v 0.03952399130413888 0.4850334052033968 0.858188371720058 0.9960784316062927 0.9960784316062927 0.9960784316062927
v 0.04087973283325452 0.4808028725105616 0.8488961003130181 0.9960784316062927 0.9960784316062927 0.9960784316062927
v 0.03517703116193797 0.4859996054802452 0.860907554228509 0.9960784316062927 0.9960784316062927 0.9960784316062927
v 0.04087973283325452 0.4808028725105616 0.8488961003130181 0.9960784316062927 0.9960784316062927 0.9960784316062927
v 0.034036781445568404 0.4828072178728917 0.8509154869184336 1 1 1
v 0.034232388903412084 0.4553020957625108 0.8089226155946246 1 1 1
v 0.016456084788878177 0.46451878858173273 0.8123553770358046 1 1 1
v 0.018407999922520846 0.4764738040904074 0.8370448329240111 0.9960784316062927 0.9960784316062927 0.9960784316062927
v 0.034232388903412084 0.4553020957625108 0.8089226155946246 1 1 1
v 0.018407999922520846 0.4764738040904074 0.8370448329240111 0.9960784316062927 0.9960784316062927 0.9960784316062927
v 0.03315919195799323 0.46946285542851507 0.8324596527677607 0.9960784316062927 0.9960784316062927 0.9960784316062927
v 0.018407999922520846 0.4764738040904074 0.8370448329240111 0.9960784316062927 0.9960784316062927 0.9960784316062927
v 0.0030650259295203906 0.4793404138167113 0.8484019392358448 0.9960784316062927 0.9960784316062927 0.9960784316062927
v 0.013961699472735992 0.4887805796524624 0.8630520169700117 1 1 1
v 0.018407999922520846 0.4764738040904074 0.8370448329240111 0.9960784316062927 0.9960784316062927 0.9960784316062927
v 0.013961699472735992 0.4887805796524624 0.8630520169700117 1 1 1
v 0.022108096753428886 0.48662186767179716 0.8548954005997489 1 1 1
v 0.016456084788878177 0.46451878858173273 0.8123553770358046 1 1 1
v -0.006055500213440896 0.4614763422954011 0.8251912371602758 1 1 1
v 0.0030650259295203906 0.4793404138167113 0.8484019392358448 0.9960784316062927 0.9960784316062927 0.9960784316062927
v 0.016456084788878177 0.46451878858173273 0.8123553770358046 1 1 1
v 0.0030650259295203906 0.4793404138167113 0.8484019392358448 0.9960784316062927 0.9960784316062927 0.9960784316062927
v 0.018407999922520846 0.4764738040904074 0.8370448329240111 0.9960784316062927 0.9960784316062927 0.9960784316062927
v 0.0030650259295203906 0.4793404138167113 0.8484019392358448 0.9960784316062927 0.9960784316062927 0.9960784316062927
v -0.004433964818554244 0.47136223841510966 0.8636423817499604 0.9960784316062927 0.9960784316062927 0.9960784316062927
v 0.01047912755575288 0.48534176391502526 0.873973916626903 1 1 1
v 0.0030650259295203906 0.4793404138167113 0.8484019392358448 0.9960784316062927 0.9960784316062927 0.9960784316062927
v 0.01047912755575288 0.48534176391502526 0.873973916626903 1 1 1
v 0.013961699472735992 0.4887805796524624 0.8630520169700117 1 1 1
v -0.006055500213440896 0.4614763422954011 0.8251912371602758 1 1 1
v -0.0177570149421291 0.44907289423097474 0.8435856967196443 1 1 1
v -0.004433964818554244 0.47136223841510966 0.8636423817499604 0.9960784316062927 0.9960784316062927 0.9960784316062927
v -0.006055500213440896 0.4614763422954011 0.8251912371602758 1 1 1
v -0.004433964818554244 0.47136223841510966 0.8636423817499604 0.9960784316062927 0.9960784316062927 0.9960784316062927
v 0.0030650259295203906 0.4793404138167113 0.8484019392358448 0.9960784316062927 0.9960784316062927 0.9960784316062927
v -0.004433964818554244 0.47136223841510966 0.8636423817499604 0.9960784316062927 0.9960784316062927 0.9960784316062927
v -0.00239396541242058 0.46144383941398537 0.8813901313514904 0.9960784316062927 0.9960784316062927 0.9960784316062927
v 0.010762654386761892 0.4782054115761824 0.8835534079864438 1 1 1
v -0.004433964818554244 0.47136223841510966 0.8636423817499604 0.9960784316062927 0.9960784316062927 0.9960784316062927
v 0.010762654386761892 0.4782054115761824 0.8835534079864438 1 1 1
v 0.01047912755575288 0.48534176391502526 0.873973916626903 1 1 1
v -0.0177570149421291 0.44907289423097474 0.8435856967196443 1 1 1
v -0.015921201439403752 0.4312159481545413 0.867252746630277 1 1 1
v -0.00239396541242058 0.46144383941398537 0.8813901313514904 0.9960784316062927 0.9960784316062927 0.9960784316062927
v -0.0177570149421291 0.44907289423097474 0.8435856967196443 1 1 1
v -0.00239396541242058 0.46144383941398537 0.8813901313514904 0.9960784316062927 0.9960784316062927 0.9960784316062927
v -0.004433964818554244 0.47136223841510966 0.8636423817499604 0.9960784316062927 0.9960784316062927 0.9960784316062927
v -0.00239396541242058 0.46144383941398537 0.8813901313514904 0.9960784316062927 0.9960784316062927 0.9960784316062927
v 0.0017932513880309908 0.45507927438744683 0.8972985188495627 0.9960784316062927 0.9960784316062927 0.9960784316062927
v 0.015229584627750021 0.47566038671377464 0.8919692118739341 1 1 1
v -0.00239396541242058 0.46144383941398537 0.8813901313514904 0.9960784316062927 0.9960784316062927 0.9960784316062927
v 0.015229584627750021 0.47566038671377464 0.8919692118739341 1 1 1
v 0.010762654386761892 0.4782054115761824 0.8835534079864438 1 1 1
v -0.015921201439403752 0.4312159481545413 0.867252746630277 1 1 1
v -0.007160605887701586 0.4181228572684588 0.8910014737718177 1 1 1
v 0.0017932513880309908 0.45507927438744683 0.8972985188495627 0.9960784316062927 0.9960784316062927 0.9960784316062927
v -0.015921201439403752 0.4312159481545413 0.867252746630277 1 1 1
v 0.0017932513880309908 0.45507927438744683 0.8972985188495627 0.9960784316062927 0.9960784316062927 0.9960784316062927
v -0.00239396541242058 0.46144383941398537 0.8813901313514904 0.9960784316062927 0.9960784316062927 0.9960784316062927
v 0.021433027421135686 0.447672141471391 0.9020992082375211 0.9960784316062927 0.9960784316062927 0.9960784316062927
v 0.041129217781320324 0.44302866173363703 0.9006581734198448 0.9960784316062927 0.9960784316062927 0.9960784316062927
v 0.04130930760329655 0.46816231063451014 0.897210323949908 1 1 1
v 0.021433027421135686 0.447672141471391 0.9020992082375211 0.9960784316062927 0.9960784316062927 0.9960784316062927
v 0.04130930760329655 0.46816231063451014 0.897210323949908 1 1 1
v 0.028075256577320063 0.47114822294184155 0.8974569377270307 1 1 1
v -0.007160605887701586 0.4181228572684588 0.8910014737718177 1 1 1
v 0.01611518709578877 0.4080635973311822 0.8985806711924459 1 1 1
v 0.021433027421135686 0.447672141471391 0.9020992082375211 0.9960784316062927 0.9960784316062927 0.9960784316062927
v -0.007160605887701586 0.4181228572684588 0.8910014737718177 1 1 1
v 0.021433027421135686 0.447672141471391 0.9020992082375211 0.9960784316062927 0.9960784316062927 0.9960784316062927
v 0.0017932513880309908 0.45507927438744683 0.8972985188495627 0.9960784316062927 0.9960784316062927 0.9960784316062927
v -0.049402351059109215 0.30221931729017537 0.840236380093697 1 1 1
v -0.019913381454026283 0.2760893883050596 0.8726647553779314 1 1 1
v 0.01611518709578877 0.4080635973311822 0.8985806711924459 1 1 1
v -0.049402351059109215 0.30221931729017537 0.840236380093697 1 1 1
v 0.01611518709578877 0.4080635973311822 0.8985806711924459 1 1 1
v -0.007160605887701586 0.4181228572684588 0.8910014737718177 1 1 1
v 0.01611518709578877 0.4080635973311822 0.8985806711924459 1 1 1
v 0.04070600480339527 0.4008772348052323 0.8970971682307768 1 1 1
v 0.041129217781320324 0.44302866173363703 0.9006581734198448 0.9960784316062927 0.9960784316062927 0.9960784316062927
v 0.01611518709578877 0.4080635973311822 0.8985806711924459 1 1 1
v 0.041129217781320324 0.44302866173363703 0.9006581734198448 0.9960784316062927 0.9960784316062927 0.9960784316062927
v 0.021433027421135686 0.447672141471391 0.9020992082375211 0.9960784316062927 0.9960784316062927 0.9960784316062927
v 0.041129217781320324 0.44302866173363703 0.9006581734198448 0.9960784316062927 0.9960784316062927 0.9960784316062927
v 0.057275776353011815 0.4427595107286047 0.9010042534585715 0.9960784316062927 0.9960784316062927 0.9960784316062927
v 0.05282147975904932 0.46802154209650204 0.8945316542207358 1 1 1
v 0.041129217781320324 0.44302866173363703 0.9006581734198448 0.9960784316062927 0.9960784316062927 0.9960784316062927
v 0.05282147975904932 0.46802154209650204 0.8945316542207358 1 1 1
v 0.04130930760329655 0.46816231063451014 0.897210323949908 1 1 1
v 0.04070600480339527 0.4008772348052323 0.8970971682307768 1 1 1
v 0.06149472382980423 0.3970922948653713 0.8960993498859453 1 1 1
v 0.057275776353011815 0.4427595107286047 0.9010042534585715 0.9960784316062927 0.9960784316062927 0.9960784316062927
v 0.04070600480339527 0.4008772348052323 0.8970971682307768 1 1 1
v 0.057275776353011815 0.4427595107286047 0.9010042534585715 0.9960784316062927 0.9960784316062927 0.9960784316062927
v 0.041129217781320324 0.44302866173363703 0.9006581734198448 0.9960784316062927 0.9960784316062927 0.9960784316062927
v 0.06380055640184328 0.2559676814563685 0.8673264169783764 1 1 1
v 0.10977244537003836 0.2757332836266008 0.8253042105588536 1 1 1
v 0.08406005469273012 0.3985225752129724 0.8709903339960587 1 1 1
v 0.06380055640184328 0.2559676814563685 0.8673264169783764 1 1 1
v 0.08406005469273012 0.3985225752129724 0.8709903339960587 1 1 1
v 0.06149472382980423 0.3970922948653713 0.8960993498859453 1 1 1
v 0.057275776353011815 0.4427595107286047 0.9010042534585715 0.9960784316062927 0.9960784316062927 0.9960784316062927
v 0.07858690652995073 0.44258447025965164 0.8839204445530003 0.9960784316062927 0.9960784316062927 0.9960784316062927
v 0.06650043837111425 0.4677785610695177 0.8818658533045757 1 1 1
v 0.057275776353011815 0.4427595107286047 0.9010042534585715 0.9960784316062927 0.9960784316062927 0.9960784316062927
v 0.06650043837111425 0.4677785610695177 0.8818658533045757 1 1 1
v 0.05282147975904932 0.46802154209650204 0.8945316542207358 1 1 1
v 0.10977244537003836 0.2757332836266008 0.8253042105588536 1 1 1
v 0.13143251639867531 0.3233934153380015 0.774329385213695 1 1 1
v 0.10337138353420935 0.4263467699101496 0.832310922948409 1 1 1
v 0.10977244537003836 0.2757332836266008 0.8253042105588536 1 1 1
v 0.10337138353420935 0.4263467699101496 0.832310922948409 1 1 1
v 0.08406005469273012 0.3985225752129724 0.8709903339960587 1 1 1
v 0.07858690652995073 0.44258447025965164 0.8839204445530003 0.9960784316062927 0.9960784316062927 0.9960784316062927
v 0.08964480854168691 0.4575687993942611 0.8500190907988693 0.9960784316062927 0.9960784316062927 0.9960784316062927
v 0.07247656137019694 0.47267722513092253 0.8604976804196087 1 1 1
v 0.07858690652995073 0.44258447025965164 0.8839204445530003 0.9960784316062927 0.9960784316062927 0.9960784316062927
v 0.07247656137019694 0.47267722513092253 0.8604976804196087 1 1 1
v 0.06650043837111425 0.4677785610695177 0.8818658533045757 1 1 1
v 0.08964480854168691 0.4575687993942611 0.8500190907988693 0.9960784316062927 0.9960784316062927 0.9960784316062927
v 0.065776244167177 0.46108630982429927 0.8304149350692573 0.9960784316062927 0.9960784316062927 0.9960784316062927
v 0.0578632539354564 0.4770504820073989 0.8466092381978787 1 1 1
v 0.08964480854168691 0.4575687993942611 0.8500190907988693 0.9960784316062927 0.9960784316062927 0.9960784316062927
v 0.0578632539354564 0.4770504820073989 0.8466092381978787 1 1 1
v 0.07247656137019694 0.47267722513092253 0.8604976804196087 1 1 1
v 0.15396080466248718 0.197719212137979 0.6673134318844072 1 1 1
v 0.13344334312818362 0.28291771730186704 0.6281895457524881 1 1 1
v 0.10373302266692305 0.3821806594814624 0.738107779520523 1 1 1
v 0.15396080466248718 0.197719212137979 0.6673134318844072 1 1 1
v 0.10373302266692305 0.3821806594814624 0.738107779520523 1 1 1
v 0.13143251639867531 0.3233934153380015 0.774329385213695 1 1 1
v 0.065776244167177 0.46108630982429927 0.8304149350692573 0.9960784316062927 0.9960784316062927 0.9960784316062927
v 0.049498063248098405 0.46543479339459637 0.828887844810028 0.9960784316062927 0.9960784316062927 0.9960784316062927
v 0.04684922284779492 0.47974796388097873 0.8471236073045967 1 1 1
v 0.065776244167177 0.46108630982429927 0.8304149350692573 0.9960784316062927 0.9960784316062927 0.9960784316062927
v 0.04684922284779492 0.47974796388097873 0.8471236073045967 1 1 1
v 0.0578632539354564 0.4770504820073989 0.8466092381978787 1 1 1
v 0.07618360790928357 0.4412467648981585 0.8083834743651164 1 1 1
v 0.053786235513184004 0.4482101223992173 0.8075914768413825 1 1 1
v 0.049498063248098405 0.46543479339459637 0.828887844810028 0.9960784316062927 0.9960784316062927 0.9960784316062927
v 0.07618360790928357 0.4412467648981585 0.8083834743651164 1 1 1
v 0.049498063248098405 0.46543479339459637 0.828887844810028 0.9960784316062927 0.9960784316062927 0.9960784316062927
v 0.065776244167177 0.46108630982429927 0.8304149350692573 0.9960784316062927 0.9960784316062927 0.9960784316062927
v 0.008446532099915412 0.42015612189166546 0.7367994542406846 1 1 1
v -0.030980177877870538 0.41532953967208625 0.7446607005709409 1 1 1
v -0.006055500213440896 0.4614763422954011 0.8251912371602758 1 1 1
v 0.008446532099915412 0.42015612189166546 0.7367994542406846 1 1 1
v -0.006055500213440896 0.4614763422954011 0.8251912371602758 1 1 1
v 0.016456084788878177 0.46451878858173273 0.8123553770358046 1 1 1
v 0.04684922284779492 0.47974796388097873 0.8471236073045967 1 1 1
v 0.049498063248098405 0.46543479339459637 0.828887844810028 0.9960784316062927 0.9960784316062927 0.9960784316062927
v 0.04108110099647897 0.46726125602634044 0.8302499038554945 0.9960784316062927 0.9960784316062927 0.9960784316062927
v 0.04684922284779492 0.47974796388097873 0.8471236073045967 1 1 1
v 0.04108110099647897 0.46726125602634044 0.8302499038554945 0.9960784316062927 0.9960784316062927 0.9960784316062927
v 0.04087973283325452 0.4808028725105616 0.8488961003130181 0.9960784316062927 0.9960784316062927 0.9960784316062927
v 0.049498063248098405 0.46543479339459637 0.828887844810028 0.9960784316062927 0.9960784316062927 0.9960784316062927
v 0.053786235513184004 0.4482101223992173 0.8075914768413825 1 1 1
v 0.04376216249394364 0.4516343153525094 0.8077585557765241 0.9960784316062927 0.9960784316062927 0.9960784316062927
v 0.049498063248098405 0.46543479339459637 0.828887844810028 0.9960784316062927 0.9960784316062927 0.9960784316062927
v 0.04376216249394364 0.4516343153525094 0.8077585557765241 0.9960784316062927 0.9960784316062927 0.9960784316062927
v 0.04108110099647897 0.46726125602634044 0.8302499038554945 0.9960784316062927 0.9960784316062927 0.9960784316062927
v 0.04108110099647897 0.46726125602634044 0.8302499038554945 0.9960784316062927 0.9960784316062927 0.9960784316062927
v 0.04376216249394364 0.4516343153525094 0.8077585557765241 0.9960784316062927 0.9960784316062927 0.9960784316062927
v 0.034232388903412084 0.4553020957625108 0.8089226155946246 1 1 1
v 0.04108110099647897 0.46726125602634044 0.8302499038554945 0.9960784316062927 0.9960784316062927 0.9960784316062927
v 0.034232388903412084 0.4553020957625108 0.8089226155946246 1 1 1
v 0.03315919195799323 0.46946285542851507 0.8324596527677607 0.9960784316062927 0.9960784316062927 0.9960784316062927
v 0.04087973283325452 0.4808028725105616 0.8488961003130181 0.9960784316062927 0.9960784316062927 0.9960784316062927
v 0.04108110099647897 0.46726125602634044 0.8302499038554945 0.9960784316062927 0.9960784316062927 0.9960784316062927
v 0.03315919195799323 0.46946285542851507 0.8324596527677607 0.9960784316062927 0.9960784316062927 0.9960784316062927
v 0.04087973283325452 0.4808028725105616 0.8488961003130181 0.9960784316062927 0.9960784316062927 0.9960784316062927
v 0.03315919195799323 0.46946285542851507 0.8324596527677607 0.9960784316062927 0.9960784316062927 0.9960784316062927
v 0.034036781445568404 0.4828072178728917 0.8509154869184336 1 1 1
v -0.030980177877870538 0.41532953967208625 0.7446607005709409 1 1 1
v -0.05959325923257971 0.38094755277881304 0.7695050809309958 1 1 1
v -0.0177570149421291 0.44907289423097474 0.8435856967196443 1 1 1
v -0.030980177877870538 0.41532953967208625 0.7446607005709409 1 1 1
v -0.0177570149421291 0.44907289423097474 0.8435856967196443 1 1 1
v -0.006055500213440896 0.4614763422954011 0.8251912371602758 1 1 1
v -0.05959325923257971 0.38094755277881304 0.7695050809309958 1 1 1
v -0.05973354328666084 0.3367466806971344 0.8016584821971424 1 1 1
v -0.015921201439403752 0.4312159481545413 0.867252746630277 1 1 1
v -0.05959325923257971 0.38094755277881304 0.7695050809309958 1 1 1
v -0.015921201439403752 0.4312159481545413 0.867252746630277 1 1 1
v -0.0177570149421291 0.44907289423097474 0.8435856967196443 1 1 1
v -0.05973354328666084 0.3367466806971344 0.8016584821971424 1 1 1
v -0.049402351059109215 0.30221931729017537 0.840236380093697 1 1 1
v -0.007160605887701586 0.4181228572684588 0.8910014737718177 1 1 1
v -0.05973354328666084 0.3367466806971344 0.8016584821971424 1 1 1
v -0.007160605887701586 0.4181228572684588 0.8910014737718177 1 1 1
v -0.015921201439403752 0.4312159481545413 0.867252746630277 1 1 1
v -0.10329671871999073 0.14735056704490013 0.7393672465810343 1 1 1
v -0.07336368143639069 0.1017348901859998 0.7735473000326322 1 1 1
v -0.019913381454026283 0.2760893883050596 0.8726647553779314 1 1 1
v -0.10329671871999073 0.14735056704490013 0.7393672465810343 1 1 1
v -0.019913381454026283 0.2760893883050596 0.8726647553779314 1 1 1
v -0.049402351059109215 0.30221931729017537 0.840236380093697 1 1 1
v 0.024548901586999634 0.26132159586070663 0.8745868205255302 1 1 1
v 0.06380055640184328 0.2559676814563685 0.8673264169783764 1 1 1
v 0.06149472382980423 0.3970922948653713 0.8960993498859453 1 1 1
v 0.024548901586999634 0.26132159586070663 0.8745868205255302 1 1 1
v 0.06149472382980423 0.3970922948653713 0.8960993498859453 1 1 1
v 0.04070600480339527 0.4008772348052323 0.8970971682307768 1 1 1
v -0.019913381454026283 0.2760893883050596 0.8726647553779314 1 1 1
v 0.024548901586999634 0.26132159586070663 0.8745868205255302 1 1 1
v 0.04070600480339527 0.4008772348052323 0.8970971682307768 1 1 1
v -0.019913381454026283 0.2760893883050596 0.8726647553779314 1 1 1
v 0.04070600480339527 0.4008772348052323 0.8970971682307768 1 1 1
v 0.01611518709578877 0.4080635973311822 0.8985806711924459 1 1 1
v 0.032959393524827255 0.0778767945448533 0.7791940058567698 1 1 1
v 0.1275647734988303 0.12258017467434978 0.7304441593167014 1 1 1
v 0.10977244537003836 0.2757332836266008 0.8253042105588536 1 1 1
v 0.032959393524827255 0.0778767945448533 0.7791940058567698 1 1 1
v 0.10977244537003836 0.2757332836266008 0.8253042105588536 1 1 1
v 0.06380055640184328 0.2559676814563685 0.8673264169783764 1 1 1
v 0.1275647734988303 0.12258017467434978 0.7304441593167014 1 1 1
v 0.15396080466248718 0.197719212137979 0.6673134318844072 1 1 1
v 0.13143251639867531 0.3233934153380015 0.774329385213695 1 1 1
v 0.1275647734988303 0.12258017467434978 0.7304441593167014 1 1 1
v 0.13143251639867531 0.3233934153380015 0.774329385213695 1 1 1
v 0.10977244537003836 0.2757332836266008 0.8253042105588536 1 1 1
v 0.16565279351329631 0.08454005087603826 0.5276926182726129 1 1 1
v 0.1409703274797001 0.1910260519271712 0.4907036494089367 1 1 1
v 0.13344334312818362 0.28291771730186704 0.6281895457524881 1 1 1
v 0.16565279351329631 0.08454005087603826 0.5276926182726129 1 1 1
v 0.13344334312818362 0.28291771730186704 0.6281895457524881 1 1 1
v 0.15396080466248718 0.197719212137979 0.6673134318844072 1 1 1
v 0.10373302266692305 0.3821806594814624 0.738107779520523 1 1 1
v 0.06844755880272368 0.4006495750962968 0.7363718860790196 1 1 1
v 0.053786235513184004 0.4482101223992173 0.8075914768413825 1 1 1
v 0.10373302266692305 0.3821806594814624 0.738107779520523 1 1 1
v 0.053786235513184004 0.4482101223992173 0.8075914768413825 1 1 1
v 0.07618360790928357 0.4412467648981585 0.8083834743651164 1 1 1
v 0.06844755880272368 0.4006495750962968 0.7363718860790196 1 1 1
v 0.05267749553255318 0.40870425689063805 0.7363610356306959 0.9960784316062927 0.9960784316062927 0.9960784316062927
v 0.04376216249394364 0.4516343153525094 0.8077585557765241 0.9960784316062927 0.9960784316062927 0.9960784316062927
v 0.06844755880272368 0.4006495750962968 0.7363718860790196 1 1 1
v 0.04376216249394364 0.4516343153525094 0.8077585557765241 0.9960784316062927 0.9960784316062927 0.9960784316062927
v 0.053786235513184004 0.4482101223992173 0.8075914768413825 1 1 1
v -0.014394048817114799 0.3465034289594226 0.6188256505292118 1 1 1
v -0.0669139410277382 0.3292560759704611 0.6272159342263045 1 1 1
v -0.030980177877870538 0.41532953967208625 0.7446607005709409 1 1 1
v -0.014394048817114799 0.3465034289594226 0.6188256505292118 1 1 1
v -0.030980177877870538 0.41532953967208625 0.7446607005709409 1 1 1
v 0.008446532099915412 0.42015612189166546 0.7367994542406846 1 1 1
v 0.04376216249394364 0.4516343153525094 0.8077585557765241 0.9960784316062927 0.9960784316062927 0.9960784316062927
v 0.05267749553255318 0.40870425689063805 0.7363610356306959 0.9960784316062927 0.9960784316062927 0.9960784316062927
v 0.03956077347683558 0.41478625797387925 0.736139333831743 1 1 1
v 0.04376216249394364 0.4516343153525094 0.8077585557765241 0.9960784316062927 0.9960784316062927 0.9960784316062927
v 0.03956077347683558 0.41478625797387925 0.736139333831743 1 1 1
v 0.034232388903412084 0.4553020957625108 0.8089226155946246 1 1 1
v 0.03235652495478601 0.3469750775238432 0.6152898857978694 1 1 1
v -0.014394048817114799 0.3465034289594226 0.6188256505292118 1 1 1
v 0.008446532099915412 0.42015612189166546 0.7367994542406846 1 1 1
v 0.03235652495478601 0.3469750775238432 0.6152898857978694 1 1 1
v 0.008446532099915412 0.42015612189166546 0.7367994542406846 1 1 1
v 0.03956077347683558 0.41478625797387925 0.736139333831743 1 1 1
v -0.0669139410277382 0.3292560759704611 0.6272159342263045 1 1 1
v -0.10322296448014562 0.27150962653775185 0.6557530085161641 1 1 1
v -0.05959325923257971 0.38094755277881304 0.7695050809309958 1 1 1
v -0.0669139410277382 0.3292560759704611 0.6272159342263045 1 1 1
v -0.05959325923257971 0.38094755277881304 0.7695050809309958 1 1 1
v -0.030980177877870538 0.41532953967208625 0.7446607005709409 1 1 1
v -0.10322296448014562 0.27150962653775185 0.6557530085161641 1 1 1
v -0.10948618695840369 0.2049396896031448 0.696232852901817 1 1 1
v -0.05973354328666084 0.3367466806971344 0.8016584821971424 1 1 1
v -0.10322296448014562 0.27150962653775185 0.6557530085161641 1 1 1
v -0.05973354328666084 0.3367466806971344 0.8016584821971424 1 1 1
v -0.05959325923257971 0.38094755277881304 0.7695050809309958 1 1 1
v -0.10948618695840369 0.2049396896031448 0.696232852901817 1 1 1
v -0.10329671871999073 0.14735056704490013 0.7393672465810343 1 1 1
v -0.049402351059109215 0.30221931729017537 0.840236380093697 1 1 1
v -0.10948618695840369 0.2049396896031448 0.696232852901817 1 1 1
v -0.049402351059109215 0.30221931729017537 0.840236380093697 1 1 1
v -0.05973354328666084 0.3367466806971344 0.8016584821971424 1 1 1
v -0.13135738558391474 0.03442322367474354 0.583382487793634 1 1 1
v -0.1015827531413116 -0.02737017242222312 0.6095587080667224 1 1 1
v -0.07336368143639069 0.1017348901859998 0.7735473000326322 1 1 1
v -0.13135738558391474 0.03442322367474354 0.583382487793634 1 1 1
v -0.07336368143639069 0.1017348901859998 0.7735473000326322 1 1 1
v -0.10329671871999073 0.14735056704490013 0.7393672465810343 1 1 1
v -0.020345928120275237 0.08201524461680432 0.7816726726225118 1 1 1
v 0.032959393524827255 0.0778767945448533 0.7791940058567698 1 1 1
v 0.06380055640184328 0.2559676814563685 0.8673264169783764 1 1 1
v -0.020345928120275237 0.08201524461680432 0.7816726726225118 1 1 1
v 0.06380055640184328 0.2559676814563685 0.8673264169783764 1 1 1
v 0.024548901586999634 0.26132159586070663 0.8745868205255302 1 1 1
v -0.07336368143639069 0.1017348901859998 0.7735473000326322 1 1 1
v -0.020345928120275237 0.08201524461680432 0.7816726726225118 1 1 1
v 0.024548901586999634 0.26132159586070663 0.8745868205255302 1 1 1
v -0.07336368143639069 0.1017348901859998 0.7735473000326322 1 1 1
v 0.024548901586999634 0.26132159586070663 0.8745868205255302 1 1 1
v -0.019913381454026283 0.2760893883050596 0.8726647553779314 1 1 1
v 0.01729017112171275 -0.05644081262719491 0.6122655547680785 1 1 1
v 0.13966343879747173 -0.021391998967755788 0.5774156527343746 1 1 1
v 0.1275647734988303 0.12258017467434978 0.7304441593167014 1 1 1
v 0.01729017112171275 -0.05644081262719491 0.6122655547680785 1 1 1
v 0.1275647734988303 0.12258017467434978 0.7304441593167014 1 1 1
v 0.032959393524827255 0.0778767945448533 0.7791940058567698 1 1 1
v 0.13966343879747173 -0.021391998967755788 0.5774156527343746 1 1 1
v 0.16565279351329631 0.08454005087603826 0.5276926182726129 1 1 1
v 0.15396080466248718 0.197719212137979 0.6673134318844072 1 1 1
v 0.13966343879747173 -0.021391998967755788 0.5774156527343746 1 1 1
v 0.15396080466248718 0.197719212137979 0.6673134318844072 1 1 1
v 0.1275647734988303 0.12258017467434978 0.7304441593167014 1 1 1
v 0.17277015932271164 0.00431277070838092 0.35192219099779914 1 1 1
v 0.1432653959218874 0.13000774114751198 0.33002181258646446 1 1 1
v 0.1409703274797001 0.1910260519271712 0.4907036494089367 1 1 1
v 0.17277015932271164 0.00431277070838092 0.35192219099779914 1 1 1
v 0.1409703274797001 0.1910260519271712 0.4907036494089367 1 1 1
v 0.16565279351329631 0.08454005087603826 0.5276926182726129 1 1 1
v 0.13344334312818362 0.28291771730186704 0.6281895457524881 1 1 1
v 0.08313735511458573 0.32700538331601264 0.6159336177318255 1 1 1
v 0.06844755880272368 0.4006495750962968 0.7363718860790196 1 1 1
v 0.13344334312818362 0.28291771730186704 0.6281895457524881 1 1 1
v 0.06844755880272368 0.4006495750962968 0.7363718860790196 1 1 1
v 0.10373302266692305 0.3821806594814624 0.738107779520523 1 1 1
v 0.08313735511458573 0.32700538331601264 0.6159336177318255 1 1 1
v 0.057159215520679985 0.34143506049516587 0.6139047305122555 0.9960784316062927 0.9960784316062927 0.9960784316062927
v 0.05267749553255318 0.40870425689063805 0.7363610356306959 0.9960784316062927 0.9960784316062927 0.9960784316062927
v 0.08313735511458573 0.32700538331601264 0.6159336177318255 1 1 1
v 0.05267749553255318 0.40870425689063805 0.7363610356306959 0.9960784316062927 0.9960784316062927 0.9960784316062927
v 0.06844755880272368 0.4006495750962968 0.7363718860790196 1 1 1
v -0.04350477824004476 0.25516524582474964 0.4772845414080607 1 1 1
v -0.10285936732101825 0.22834825018577196 0.4936309743260914 1 1 1
v -0.0669139410277382 0.3292560759704611 0.6272159342263045 1 1 1
v -0.04350477824004476 0.25516524582474964 0.4772845414080607 1 1 1
v -0.0669139410277382 0.3292560759704611 0.6272159342263045 1 1 1
v -0.014394048817114799 0.3465034289594226 0.6188256505292118 1 1 1
v 0.05267749553255318 0.40870425689063805 0.7363610356306959 0.9960784316062927 0.9960784316062927 0.9960784316062927
v 0.057159215520679985 0.34143506049516587 0.6139047305122555 0.9960784316062927 0.9960784316062927 0.9960784316062927
v 0.03235652495478601 0.3469750775238432 0.6152898857978694 1 1 1
v 0.05267749553255318 0.40870425689063805 0.7363610356306959 0.9960784316062927 0.9960784316062927 0.9960784316062927
v 0.03235652495478601 0.3469750775238432 0.6152898857978694 1 1 1
v 0.03956077347683558 0.41478625797387925 0.736139333831743 1 1 1
v 0.019681813651948772 0.2548443866851864 0.47197288469898324 1 1 1
v -0.04350477824004476 0.25516524582474964 0.4772845414080607 1 1 1
v -0.014394048817114799 0.3465034289594226 0.6188256505292118 1 1 1
v 0.019681813651948772 0.2548443866851864 0.47197288469898324 1 1 1
v -0.014394048817114799 0.3465034289594226 0.6188256505292118 1 1 1
v 0.03235652495478601 0.3469750775238432 0.6152898857978694 1 1 1
v -0.10285936732101825 0.22834825018577196 0.4936309743260914 1 1 1
v -0.13529637619522414 0.17179058774575967 0.5185227588766799 1 1 1
v -0.10322296448014562 0.27150962653775185 0.6557530085161641 1 1 1
v -0.10285936732101825 0.22834825018577196 0.4936309743260914 1 1 1
v -0.10322296448014562 0.27150962653775185 0.6557530085161641 1 1 1
v -0.0669139410277382 0.3292560759704611 0.6272159342263045 1 1 1
v -0.13529637619522414 0.17179058774575967 0.5185227588766799 1 1 1
v -0.1392622698543115 0.10436074920992149 0.5496585503497811 1 1 1
v -0.10948618695840369 0.2049396896031448 0.696232852901817 1 1 1
v -0.13529637619522414 0.17179058774575967 0.5185227588766799 1 1 1
v -0.10948618695840369 0.2049396896031448 0.696232852901817 1 1 1
v -0.10322296448014562 0.27150962653775185 0.6557530085161641 1 1 1
v -0.1392622698543115 0.10436074920992149 0.5496585503497811 1 1 1
v -0.13135738558391474 0.03442322367474354 0.583382487793634 1 1 1
v -0.10329671871999073 0.14735056704490013 0.7393672465810343 1 1 1
v -0.1392622698543115 0.10436074920992149 0.5496585503497811 1 1 1
v -0.10329671871999073 0.14735056704490013 0.7393672465810343 1 1 1
v -0.10948618695840369 0.2049396896031448 0.696232852901817 1 1 1
v -0.15423326483887673 -0.03928550577532582 0.3946150797837107 1 1 1
v -0.11586479367524817 -0.10745374894944068 0.40488174884292705 1 1 1
v -0.1015827531413116 -0.02737017242222312 0.6095587080667224 1 1 1
v -0.15423326483887673 -0.03928550577532582 0.3946150797837107 1 1 1
v -0.1015827531413116 -0.02737017242222312 0.6095587080667224 1 1 1
v -0.13135738558391474 0.03442322367474354 0.583382487793634 1 1 1
v -0.044296803299159415 -0.04905470166442105 0.6147093897843173 1 1 1
v 0.01729017112171275 -0.05644081262719491 0.6122655547680785 1 1 1
v 0.032959393524827255 0.0778767945448533 0.7791940058567698 1 1 1
v -0.044296803299159415 -0.04905470166442105 0.6147093897843173 1 1 1
v 0.032959393524827255 0.0778767945448533 0.7791940058567698 1 1 1
v -0.020345928120275237 0.08201524461680432 0.7816726726225118 1 1 1
v -0.1015827531413116 -0.02737017242222312 0.6095587080667224 1 1 1
v -0.044296803299159415 -0.04905470166442105 0.6147093897843173 1 1 1
v -0.020345928120275237 0.08201524461680432 0.7816726726225118 1 1 1
v -0.1015827531413116 -0.02737017242222312 0.6095587080667224 1 1 1
v -0.020345928120275237 0.08201524461680432 0.7816726726225118 1 1 1
v -0.07336368143639069 0.1017348901859998 0.7735473000326322 1 1 1
v 0.015947993823955835 -0.15102844797742665 0.4029728213779258 1 1 1
v 0.14266367396944718 -0.11899120959912432 0.3757212547966545 1 1 1
v 0.13966343879747173 -0.021391998967755788 0.5774156527343746 1 1 1
v 0.015947993823955835 -0.15102844797742665 0.4029728213779258 1 1 1
v 0.13966343879747173 -0.021391998967755788 0.5774156527343746 1 1 1
v 0.01729017112171275 -0.05644081262719491 0.6122655547680785 1 1 1
v 0.14266367396944718 -0.11899120959912432 0.3757212547966545 1 1 1
v 0.17277015932271164 0.00431277070838092 0.35192219099779914 1 1 1
v 0.16565279351329631 0.08454005087603826 0.5276926182726129 1 1 1
v 0.14266367396944718 -0.11899120959912432 0.3757212547966545 1 1 1
v 0.16565279351329631 0.08454005087603826 0.5276926182726129 1 1 1
v 0.13966343879747173 -0.021391998967755788 0.5774156527343746 1 1 1
v 0.17647479525744428 -0.035537405120229786 0.1719023247499684 1 1 1
v 0.14379292951067002 0.08374596285318354 0.16406738581559097 1 1 1
v 0.1432653959218874 0.13000774114751198 0.33002181258646446 1 1 1
v 0.17647479525744428 -0.035537405120229786 0.1719023247499684 1 1 1
v 0.1432653959218874 0.13000774114751198 0.33002181258646446 1 1 1
v 0.17277015932271164 0.00431277070838092 0.35192219099779914 1 1 1
v 0.1409703274797001 0.1910260519271712 0.4907036494089367 1 1 1
v 0.08427003561699026 0.23490654475183698 0.47575978438610805 1 1 1
v 0.08313735511458573 0.32700538331601264 0.6159336177318255 1 1 1
v 0.1409703274797001 0.1910260519271712 0.4907036494089367 1 1 1
v 0.08313735511458573 0.32700538331601264 0.6159336177318255 1 1 1
v 0.13344334312818362 0.28291771730186704 0.6281895457524881 1 1 1
v 0.08427003561699026 0.23490654475183698 0.47575978438610805 1 1 1
v 0.052258398218936526 0.24833083547311186 0.4722203848006273 0.9960784316062927 0.9960784316062927 0.9960784316062927
v 0.057159215520679985 0.34143506049516587 0.6139047305122555 0.9960784316062927 0.9960784316062927 0.9960784316062927
v 0.08427003561699026 0.23490654475183698 0.47575978438610805 1 1 1
v 0.057159215520679985 0.34143506049516587 0.6139047305122555 0.9960784316062927 0.9960784316062927 0.9960784316062927
v 0.08313735511458573 0.32700538331601264 0.6159336177318255 1 1 1
v -0.06205090859595659 0.18866686846113528 0.33049829349488047 1 1 1
v -0.12480420527027153 0.16272797005503845 0.34307980803407523 1 1 1
v -0.10285936732101825 0.22834825018577196 0.4936309743260914 1 1 1
v -0.06205090859595659 0.18866686846113528 0.33049829349488047 1 1 1
v -0.10285936732101825 0.22834825018577196 0.4936309743260914 1 1 1
v -0.04350477824004476 0.25516524582474964 0.4772845414080607 1 1 1
v 0.057159215520679985 0.34143506049516587 0.6139047305122555 0.9960784316062927 0.9960784316062927 0.9960784316062927
v 0.052258398218936526 0.24833083547311186 0.4722203848006273 0.9960784316062927 0.9960784316062927 0.9960784316062927
v 0.019681813651948772 0.2548443866851864 0.47197288469898324 1 1 1
v 0.057159215520679985 0.34143506049516587 0.6139047305122555 0.9960784316062927 0.9960784316062927 0.9960784316062927
v 0.019681813651948772 0.2548443866851864 0.47197288469898324 1 1 1
v 0.03235652495478601 0.3469750775238432 0.6152898857978694 1 1 1
v 0.007584089679944575 0.19147677869983717 0.32240589392401725 1 1 1
v -0.06205090859595659 0.18866686846113528 0.33049829349488047 1 1 1
v -0.04350477824004476 0.25516524582474964 0.4772845414080607 1 1 1
v 0.007584089679944575 0.19147677869983717 0.32240589392401725 1 1 1
v -0.04350477824004476 0.25516524582474964 0.4772845414080607 1 1 1
v 0.019681813651948772 0.2548443866851864 0.47197288469898324 1 1 1
v -0.12480420527027153 0.16272797005503845 0.34307980803407523 1 1 1
v -0.15752866688922734 0.11082296234545935 0.3582264422137353 1 1 1
v -0.13529637619522414 0.17179058774575967 0.5185227588766799 1 1 1
v -0.12480420527027153 0.16272797005503845 0.34307980803407523 1 1 1
v -0.13529637619522414 0.17179058774575967 0.5185227588766799 1 1 1
v -0.10285936732101825 0.22834825018577196 0.4936309743260914 1 1 1
v -0.15752866688922734 0.11082296234545935 0.3582264422137353 1 1 1
v -0.16075723172369416 0.03970942003016563 0.37687934409051527 1 1 1
v -0.1392622698543115 0.10436074920992149 0.5496585503497811 1 1 1
v -0.15752866688922734 0.11082296234545935 0.3582264422137353 1 1 1
v -0.1392622698543115 0.10436074920992149 0.5496585503497811 1 1 1
v -0.13529637619522414 0.17179058774575967 0.5185227588766799 1 1 1
v -0.16075723172369416 0.03970942003016563 0.37687934409051527 1 1 1
v -0.15423326483887673 -0.03928550577532582 0.3946150797837107 1 1 1
v -0.13135738558391474 0.03442322367474354 0.583382487793634 1 1 1
v -0.16075723172369416 0.03970942003016563 0.37687934409051527 1 1 1
v -0.13135738558391474 0.03442322367474354 0.583382487793634 1 1 1
v -0.1392622698543115 0.10436074920992149 0.5496585503497811 1 1 1
v -0.1686412116504588 -0.08219707633456731 0.19853846586759863 1 1 1
v -0.1304521359828935 -0.15185461200320902 0.1967854851709215 1 1 1
v -0.11586479367524817 -0.10745374894944068 0.40488174884292705 1 1 1
v -0.1686412116504588 -0.08219707633456731 0.19853846586759863 1 1 1
v -0.11586479367524817 -0.10745374894944068 0.40488174884292705 1 1 1
v -0.15423326483887673 -0.03928550577532582 0.3946150797837107 1 1 1
v -0.05096539988906508 -0.137756792019609 0.4044696408044387 1 1 1
v 0.015947993823955835 -0.15102844797742665 0.4029728213779258 1 1 1
v 0.01729017112171275 -0.05644081262719491 0.6122655547680785 1 1 1
v -0.05096539988906508 -0.137756792019609 0.4044696408044387 1 1 1
v 0.01729017112171275 -0.05644081262719491 0.6122655547680785 1 1 1
v -0.044296803299159415 -0.04905470166442105 0.6147093897843173 1 1 1
v -0.11586479367524817 -0.10745374894944068 0.40488174884292705 1 1 1
v -0.05096539988906508 -0.137756792019609 0.4044696408044387 1 1 1
v -0.044296803299159415 -0.04905470166442105 0.6147093897843173 1 1 1
v -0.11586479367524817 -0.10745374894944068 0.40488174884292705 1 1 1
v -0.044296803299159415 -0.04905470166442105 0.6147093897843173 1 1 1
v -0.1015827531413116 -0.02737017242222312 0.6095587080667224 1 1 1
v 0.007003373159152966 -0.19996277935083015 0.17968669758813344 1 1 1
v 0.14344534321389818 -0.16131681704108078 0.1720039076343304 1 1 1
v 0.14266367396944718 -0.11899120959912432 0.3757212547966545 1 1 1
v 0.007003373159152966 -0.19996277935083015 0.17968669758813344 1 1 1
v 0.14266367396944718 -0.11899120959912432 0.3757212547966545 1 1 1
v 0.015947993823955835 -0.15102844797742665 0.4029728213779258 1 1 1
v 0.14344534321389818 -0.16131681704108078 0.1720039076343304 1 1 1
v 0.17647479525744428 -0.035537405120229786 0.1719023247499684 1 1 1
v 0.17277015932271164 0.00431277070838092 0.35192219099779914 1 1 1
v 0.14344534321389818 -0.16131681704108078 0.1720039076343304 1 1 1
v 0.17277015932271164 0.00431277070838092 0.35192219099779914 1 1 1
v 0.14266367396944718 -0.11899120959912432 0.3757212547966545 1 1 1
v 0.17829992659893235 -0.04416944975598538 -0.006527886625083132 1 1 1
v 0.14781725092360196 0.07333349155527155 -0.0033726426614525003 1 1 1
v 0.14379292951067002 0.08374596285318354 0.16406738581559097 1 1 1
v 0.17829992659893235 -0.04416944975598538 -0.006527886625083132 1 1 1
v 0.14379292951067002 0.08374596285318354 0.16406738581559097 1 1 1
v 0.17647479525744428 -0.035537405120229786 0.1719023247499684 1 1 1
v 0.1432653959218874 0.13000774114751198 0.33002181258646446 1 1 1
v 0.08043450378961545 0.1748465760801417 0.32210882778446975 1 1 1
v 0.08427003561699026 0.23490654475183698 0.47575978438610805 1 1 1
v 0.1432653959218874 0.13000774114751198 0.33002181258646446 1 1 1
v 0.08427003561699026 0.23490654475183698 0.47575978438610805 1 1 1
v 0.1409703274797001 0.1910260519271712 0.4907036494089367 1 1 1
v 0.08043450378961545 0.1748465760801417 0.32210882778446975 1 1 1
v 0.044362023330937 0.18641930408423832 0.32106425509777614 0.9960784316062927 0.9960784316062927 0.9960784316062927
v 0.052258398218936526 0.24833083547311186 0.4722203848006273 0.9960784316062927 0.9960784316062927 0.9960784316062927
v 0.08043450378961545 0.1748465760801417 0.32210882778446975 1 1 1
v 0.052258398218936526 0.24833083547311186 0.4722203848006273 0.9960784316062927 0.9960784316062927 0.9960784316062927
v 0.08427003561699026 0.23490654475183698 0.47575978438610805 1 1 1
v -0.06758555219509003 0.14365274181697482 0.17173079005237216 1 1 1
v -0.13374656983901118 0.11808866556528831 0.17930623583815855 1 1 1
v -0.12480420527027153 0.16272797005503845 0.34307980803407523 1 1 1
v -0.06758555219509003 0.14365274181697482 0.17173079005237216 1 1 1
v -0.12480420527027153 0.16272797005503845 0.34307980803407523 1 1 1
v -0.06205090859595659 0.18866686846113528 0.33049829349488047 1 1 1
v 0.052258398218936526 0.24833083547311186 0.4722203848006273 0.9960784316062927 0.9960784316062927 0.9960784316062927
v 0.044362023330937 0.18641930408423832 0.32106425509777614 0.9960784316062927 0.9960784316062927 0.9960784316062927
v 0.007584089679944575 0.19147677869983717 0.32240589392401725 1 1 1
v 0.052258398218936526 0.24833083547311186 0.4722203848006273 0.9960784316062927 0.9960784316062927 0.9960784316062927
v 0.007584089679944575 0.19147677869983717 0.32240589392401725 1 1 1
v 0.019681813651948772 0.2548443866851864 0.47197288469898324 1 1 1
v 0.005975222078927227 0.14904632743856291 0.1647984227898364 1 1 1
v -0.06758555219509003 0.14365274181697482 0.17173079005237216 1 1 1
v -0.06205090859595659 0.18866686846113528 0.33049829349488047 1 1 1
v 0.005975222078927227 0.14904632743856291 0.1647984227898364 1 1 1
v -0.06205090859595659 0.18866686846113528 0.33049829349488047 1 1 1
v 0.007584089679944575 0.19147677869983717 0.32240589392401725 1 1 1
v -0.13374656983901118 0.11808866556528831 0.17930623583815855 1 1 1
v -0.1709818107659926 0.06479997992451637 0.1882367919525378 1 1 1
v -0.15752866688922734 0.11082296234545935 0.3582264422137353 1 1 1
v -0.13374656983901118 0.11808866556528831 0.17930623583815855 1 1 1
v -0.15752866688922734 0.11082296234545935 0.3582264422137353 1 1 1
v -0.12480420527027153 0.16272797005503845 0.34307980803407523 1 1 1
v -0.1709818107659926 0.06479997992451637 0.1882367919525378 1 1 1
v -0.17478755086252418 -0.004961980184144315 0.1954092449329099 1 1 1
v -0.16075723172369416 0.03970942003016563 0.37687934409051527 1 1 1
v -0.1709818107659926 0.06479997992451637 0.1882367919525378 1 1 1
v -0.16075723172369416 0.03970942003016563 0.37687934409051527 1 1 1
v -0.15752866688922734 0.11082296234545935 0.3582264422137353 1 1 1
v -0.17478755086252418 -0.004961980184144315 0.1954092449329099 1 1 1
v -0.1686412116504588 -0.08219707633456731 0.19853846586759863 1 1 1
v -0.15423326483887673 -0.03928550577532582 0.3946150797837107 1 1 1
v -0.17478755086252418 -0.004961980184144315 0.1954092449329099 1 1 1
v -0.15423326483887673 -0.03928550577532582 0.3946150797837107 1 1 1
v -0.16075723172369416 0.03970942003016563 0.37687934409051527 1 1 1
v -0.17268723019552823 -0.09697972703626154 0.002998028199731691 1 1 1
v -0.13385603120250705 -0.16216670475069067 0.0012832413021993307 1 1 1
v -0.1304521359828935 -0.15185461200320902 0.1967854851709215 1 1 1
v -0.17268723019552823 -0.09697972703626154 0.002998028199731691 1 1 1
v -0.1304521359828935 -0.15185461200320902 0.1967854851709215 1 1 1
v -0.1686412116504588 -0.08219707633456731 0.19853846586759863 1 1 1
v -0.06494862746067082 -0.18752780069138703 0.18846175656105965 1 1 1
v 0.007003373159152966 -0.19996277935083015 0.17968669758813344 1 1 1
v 0.015947993823955835 -0.15102844797742665 0.4029728213779258 1 1 1
v -0.06494862746067082 -0.18752780069138703 0.18846175656105965 1 1 1
v 0.015947993823955835 -0.15102844797742665 0.4029728213779258 1 1 1
v -0.05096539988906508 -0.137756792019609 0.4044696408044387 1 1 1
v -0.1304521359828935 -0.15185461200320902 0.1967854851709215 1 1 1
v -0.06494862746067082 -0.18752780069138703 0.18846175656105965 1 1 1
v -0.05096539988906508 -0.137756792019609 0.4044696408044387 1 1 1
v -0.1304521359828935 -0.15185461200320902 0.1967854851709215 1 1 1
v -0.05096539988906508 -0.137756792019609 0.4044696408044387 1 1 1
v -0.11586479367524817 -0.10745374894944068 0.40488174884292705 1 1 1
v 0.006444428495464221 -0.20659288808478163 -0.004276322208957779 1 1 1
v 0.1439707788496859 -0.16958064011202212 -0.005393292011460698 1 1 1
v 0.14344534321389818 -0.16131681704108078 0.1720039076343304 1 1 1
v 0.006444428495464221 -0.20659288808478163 -0.004276322208957779 1 1 1
v 0.14344534321389818 -0.16131681704108078 0.1720039076343304 1 1 1
v 0.007003373159152966 -0.19996277935083015 0.17968669758813344 1 1 1
v 0.1439707788496859 -0.16958064011202212 -0.005393292011460698 1 1 1
v 0.17829992659893235 -0.04416944975598538 -0.006527886625083132 1 1 1
v 0.17647479525744428 -0.035537405120229786 0.1719023247499684 1 1 1
v 0.1439707788496859 -0.16958064011202212 -0.005393292011460698 1 1 1
v 0.17647479525744428 -0.035537405120229786 0.1719023247499684 1 1 1
v 0.14344534321389818 -0.16131681704108078 0.1720039076343304 1 1 1
v 0.1753697939164456 -0.040247397412173896 -0.1960219620654959 1 1 1
v 0.14438139745686254 0.08467863006919357 -0.1812110114237068 1 1 1
v 0.14781725092360196 0.07333349155527155 -0.0033726426614525003 1 1 1
v 0.1753697939164456 -0.040247397412173896 -0.1960219620654959 1 1 1
v 0.14781725092360196 0.07333349155527155 -0.0033726426614525003 1 1 1
v 0.17829992659893235 -0.04416944975598538 -0.006527886625083132 1 1 1
v 0.14379292951067002 0.08374596285318354 0.16406738581559097 1 1 1
v 0.08093707179522293 0.13019770296401018 0.1618335365078806 1 1 1
v 0.08043450378961545 0.1748465760801417 0.32210882778446975 1 1 1
v 0.14379292951067002 0.08374596285318354 0.16406738581559097 1 1 1
v 0.08043450378961545 0.1748465760801417 0.32210882778446975 1 1 1
v 0.1432653959218874 0.13000774114751198 0.33002181258646446 1 1 1
v 0.08093707179522293 0.13019770296401018 0.1618335365078806 1 1 1
v 0.04420541264390684 0.1433387199263317 0.16267197008191572 0.9960784316062927 0.9960784316062927 0.9960784316062927
v 0.044362023330937 0.18641930408423832 0.32106425509777614 0.9960784316062927 0.9960784316062927 0.9960784316062927
v 0.08093707179522293 0.13019770296401018 0.1618335365078806 1 1 1
v 0.044362023330937 0.18641930408423832 0.32106425509777614 0.9960784316062927 0.9960784316062927 0.9960784316062927
v 0.08043450378961545 0.1748465760801417 0.32210882778446975 1 1 1
v -0.06679907244209528 0.12826373063485644 0.003995050525150114 1 1 1
v -0.13517323255252853 0.10209876489094036 0.0063600870479645615 1 1 1
v -0.13374656983901118 0.11808866556528831 0.17930623583815855 1 1 1
v -0.06679907244209528 0.12826373063485644 0.003995050525150114 1 1 1
v -0.13374656983901118 0.11808866556528831 0.17930623583815855 1 1 1
v -0.06758555219509003 0.14365274181697482 0.17173079005237216 1 1 1
v 0.044362023330937 0.18641930408423832 0.32106425509777614 0.9960784316062927 0.9960784316062927 0.9960784316062927
v 0.04420541264390684 0.1433387199263317 0.16267197008191572 0.9960784316062927 0.9960784316062927 0.9960784316062927
v 0.005975222078927227 0.14904632743856291 0.1647984227898364 1 1 1
v 0.044362023330937 0.18641930408423832 0.32106425509777614 0.9960784316062927 0.9960784316062927 0.9960784316062927
v 0.005975222078927227 0.14904632743856291 0.1647984227898364 1 1 1
v 0.007584089679944575 0.19147677869983717 0.32240589392401725 1 1 1
v 0.011701714423865379 0.13383472193833726 0.0016065188254512624 1 1 1
v -0.06679907244209528 0.12826373063485644 0.003995050525150114 1 1 1
v -0.06758555219509003 0.14365274181697482 0.17173079005237216 1 1 1
v 0.011701714423865379 0.13383472193833726 0.0016065188254512624 1 1 1
v -0.06758555219509003 0.14365274181697482 0.17173079005237216 1 1 1
v 0.005975222078927227 0.14904632743856291 0.1647984227898364 1 1 1
v -0.13517323255252853 0.10209876489094036 0.0063600870479645615 1 1 1
v -0.17214494353440637 0.04535977360328983 0.0063098496582104325 1 1 1
v -0.1709818107659926 0.06479997992451637 0.1882367919525378 1 1 1
v -0.13517323255252853 0.10209876489094036 0.0063600870479645615 1 1 1
v -0.1709818107659926 0.06479997992451637 0.1882367919525378 1 1 1
v -0.13374656983901118 0.11808866556528831 0.17930623583815855 1 1 1
v -0.17214494353440637 0.04535977360328983 0.0063098496582104325 1 1 1
v -0.17711572142597626 -0.023698955467375184 0.004977785291267257 1 1 1
v -0.17478755086252418 -0.004961980184144315 0.1954092449329099 1 1 1
v -0.17214494353440637 0.04535977360328983 0.0063098496582104325 1 1 1
v -0.17478755086252418 -0.004961980184144315 0.1954092449329099 1 1 1
v -0.1709818107659926 0.06479997992451637 0.1882367919525378 1 1 1
v -0.17711572142597626 -0.023698955467375184 0.004977785291267257 1 1 1
v -0.17268723019552823 -0.09697972703626154 0.002998028199731691 1 1 1
v -0.1686412116504588 -0.08219707633456731 0.19853846586759863 1 1 1
v -0.17711572142597626 -0.023698955467375184 0.004977785291267257 1 1 1
v -0.1686412116504588 -0.08219707633456731 0.19853846586759863 1 1 1
v -0.17478755086252418 -0.004961980184144315 0.1954092449329099 1 1 1
v -0.17465200119986304 -0.08825712875296607 -0.17415355265224206 1 1 1
v -0.13376587380867058 -0.15219192564838357 -0.1774324005977136 1 1 1
v -0.13385603120250705 -0.16216670475069067 0.0012832413021993307 1 1 1
v -0.17465200119986304 -0.08825712875296607 -0.17415355265224206 1 1 1
v -0.13385603120250705 -0.16216670475069067 0.0012832413021993307 1 1 1
v -0.17268723019552823 -0.09697972703626154 0.002998028199731691 1 1 1
v -0.06745475721066888 -0.19470911283813308 -0.0012832228178702482 1 1 1
v 0.006444428495464221 -0.20659288808478163 -0.004276322208957779 1 1 1
v 0.007003373159152966 -0.19996277935083015 0.17968669758813344 1 1 1
v -0.06745475721066888 -0.19470911283813308 -0.0012832228178702482 1 1 1
v 0.007003373159152966 -0.19996277935083015 0.17968669758813344 1 1 1
v -0.06494862746067082 -0.18752780069138703 0.18846175656105965 1 1 1
v -0.13385603120250705 -0.16216670475069067 0.0012832413021993307 1 1 1
v -0.06745475721066888 -0.19470911283813308 -0.0012832228178702482 1 1 1
v -0.06494862746067082 -0.18752780069138703 0.18846175656105965 1 1 1
v -0.13385603120250705 -0.16216670475069067 0.0012832413021993307 1 1 1
v -0.06494862746067082 -0.18752780069138703 0.18846175656105965 1 1 1
v -0.1304521359828935 -0.15185461200320902 0.1967854851709215 1 1 1
v 0.005070628790653304 -0.1936773765729266 -0.18490964756704714 1 1 1
v 0.14220065493501335 -0.16500909204824465 -0.19272430113893416 1 1 1
v 0.1439707788496859 -0.16958064011202212 -0.005393292011460698 1 1 1
v 0.005070628790653304 -0.1936773765729266 -0.18490964756704714 1 1 1
v 0.1439707788496859 -0.16958064011202212 -0.005393292011460698 1 1 1
v 0.006444428495464221 -0.20659288808478163 -0.004276322208957779 1 1 1
v 0.14220065493501335 -0.16500909204824465 -0.19272430113893416 1 1 1
v 0.1753697939164456 -0.040247397412173896 -0.1960219620654959 1 1 1
v 0.17829992659893235 -0.04416944975598538 -0.006527886625083132 1 1 1
v 0.14220065493501335 -0.16500909204824465 -0.19272430113893416 1 1 1
v 0.17829992659893235 -0.04416944975598538 -0.006527886625083132 1 1 1
v 0.1439707788496859 -0.16958064011202212 -0.005393292011460698 1 1 1
v 0.17243013824957001 -0.029662771054454928 -0.394059312386632 1 1 1
v 0.14539250301788834 0.12207616752598661 -0.3664125356392027 1 1 1
v 0.14438139745686254 0.08467863006919357 -0.1812110114237068 1 1 1
v 0.17243013824957001 -0.029662771054454928 -0.394059312386632 1 1 1
v 0.14438139745686254 0.08467863006919357 -0.1812110114237068 1 1 1
v 0.1753697939164456 -0.040247397412173896 -0.1960219620654959 1 1 1
v 0.14781725092360196 0.07333349155527155 -0.0033726426614525003 1 1 1
v 0.08773394662285422 0.11566079418377634 -0.00090597636520476 1 1 1
v 0.08093707179522293 0.13019770296401018 0.1618335365078806 1 1 1
v 0.14781725092360196 0.07333349155527155 -0.0033726426614525003 1 1 1
v 0.08093707179522293 0.13019770296401018 0.1618335365078806 1 1 1
v 0.14379292951067002 0.08374596285318354 0.16406738581559097 1 1 1
v 0.08773394662285422 0.11566079418377634 -0.00090597636520476 1 1 1
v 0.05143967436045431 0.12924970748831666 0.0003761058284172362 0.9960784316062927 0.9960784316062927 0.9960784316062927
v 0.04420541264390684 0.1433387199263317 0.16267197008191572 0.9960784316062927 0.9960784316062927 0.9960784316062927
v 0.08773394662285422 0.11566079418377634 -0.00090597636520476 1 1 1
v 0.04420541264390684 0.1433387199263317 0.16267197008191572 0.9960784316062927 0.9960784316062927 0.9960784316062927
v 0.08093707179522293 0.13019770296401018 0.1618335365078806 1 1 1
v -0.0668229218025016 0.147500943469798 -0.1593949143071818 1 1 1
v -0.13481327207125593 0.11994076340582731 -0.15827434925651343 1 1 1
v -0.13517323255252853 0.10209876489094036 0.0063600870479645615 1 1 1
v -0.0668229218025016 0.147500943469798 -0.1593949143071818 1 1 1
v -0.13517323255252853 0.10209876489094036 0.0063600870479645615 1 1 1
v -0.06679907244209528 0.12826373063485644 0.003995050525150114 1 1 1
v 0.04420541264390684 0.1433387199263317 0.16267197008191572 0.9960784316062927 0.9960784316062927 0.9960784316062927
v 0.05143967436045431 0.12924970748831666 0.0003761058284172362 0.9960784316062927 0.9960784316062927 0.9960784316062927
v 0.011701714423865379 0.13383472193833726 0.0016065188254512624 1 1 1
v 0.04420541264390684 0.1433387199263317 0.16267197008191572 0.9960784316062927 0.9960784316062927 0.9960784316062927
v 0.011701714423865379 0.13383472193833726 0.0016065188254512624 1 1 1
v 0.005975222078927227 0.14904632743856291 0.1647984227898364 1 1 1
v 0.007073545959680142 0.15077496699375945 -0.1636483669628221 1 1 1
v -0.0668229218025016 0.147500943469798 -0.1593949143071818 1 1 1
v -0.06679907244209528 0.12826373063485644 0.003995050525150114 1 1 1
v 0.007073545959680142 0.15077496699375945 -0.1636483669628221 1 1 1
v -0.06679907244209528 0.12826373063485644 0.003995050525150114 1 1 1
v 0.011701714423865379 0.13383472193833726 0.0016065188254512624 1 1 1
v -0.13481327207125593 0.11994076340582731 -0.15827434925651343 1 1 1
v -0.17194836006085584 0.06156212632633678 -0.16239485940841936 1 1 1
v -0.17214494353440637 0.04535977360328983 0.0063098496582104325 1 1 1
v -0.13481327207125593 0.11994076340582731 -0.15827434925651343 1 1 1
v -0.17214494353440637 0.04535977360328983 0.0063098496582104325 1 1 1
v -0.13517323255252853 0.10209876489094036 0.0063600870479645615 1 1 1
v -0.17194836006085584 0.06156212632633678 -0.16239485940841936 1 1 1
v -0.17894940901416367 -0.013297482341605155 -0.16878361641444956 1 1 1
v -0.17711572142597626 -0.023698955467375184 0.004977785291267257 1 1 1
v -0.17194836006085584 0.06156212632633678 -0.16239485940841936 1 1 1
v -0.17711572142597626 -0.023698955467375184 0.004977785291267257 1 1 1
v -0.17214494353440637 0.04535977360328983 0.0063098496582104325 1 1 1
v -0.17894940901416367 -0.013297482341605155 -0.16878361641444956 1 1 1
v -0.17465200119986304 -0.08825712875296607 -0.17415355265224206 1 1 1
v -0.17268723019552823 -0.09697972703626154 0.002998028199731691 1 1 1
v -0.17894940901416367 -0.013297482341605155 -0.16878361641444956 1 1 1
v -0.17268723019552823 -0.09697972703626154 0.002998028199731691 1 1 1
v -0.17711572142597626 -0.023698955467375184 0.004977785291267257 1 1 1
v -0.16984488254615565 -0.0612311368049332 -0.34513103290970354 1 1 1
v -0.13133207940329755 -0.12411118778071539 -0.35400774689131326 1 1 1
v -0.13376587380867058 -0.15219192564838357 -0.1774324005977136 1 1 1
v -0.16984488254615565 -0.0612311368049332 -0.34513103290970354 1 1 1
v -0.13376587380867058 -0.15219192564838357 -0.1774324005977136 1 1 1
v -0.17465200119986304 -0.08825712875296607 -0.17415355265224206 1 1 1
v -0.06828290736112262 -0.1824616622509187 -0.1804342374291155 1 1 1
v 0.005070628790653304 -0.1936773765729266 -0.18490964756704714 1 1 1
v 0.006444428495464221 -0.20659288808478163 -0.004276322208957779 1 1 1
v -0.06828290736112262 -0.1824616622509187 -0.1804342374291155 1 1 1
v 0.006444428495464221 -0.20659288808478163 -0.004276322208957779 1 1 1
v -0.06745475721066888 -0.19470911283813308 -0.0012832228178702482 1 1 1
v -0.13376587380867058 -0.15219192564838357 -0.1774324005977136 1 1 1
v -0.06828290736112262 -0.1824616622509187 -0.1804342374291155 1 1 1
v -0.06745475721066888 -0.19470911283813308 -0.0012832228178702482 1 1 1
v -0.13376587380867058 -0.15219192564838357 -0.1774324005977136 1 1 1
v -0.06745475721066888 -0.19470911283813308 -0.0012832228178702482 1 1 1
v -0.13385603120250705 -0.16216670475069067 0.0012832413021993307 1 1 1
v 0.0038076471745023543 -0.16338938119945426 -0.37651832224854564 1 1 1
v 0.13758963589555573 -0.149271731587369 -0.39759959682543095 1 1 1
v 0.14220065493501335 -0.16500909204824465 -0.19272430113893416 1 1 1
v 0.0038076471745023543 -0.16338938119945426 -0.37651832224854564 1 1 1
v 0.14220065493501335 -0.16500909204824465 -0.19272430113893416 1 1 1
v 0.005070628790653304 -0.1936773765729266 -0.18490964756704714 1 1 1
v 0.13758963589555573 -0.149271731587369 -0.39759959682543095 1 1 1
v 0.17243013824957001 -0.029662771054454928 -0.394059312386632 1 1 1
v 0.1753697939164456 -0.040247397412173896 -0.1960219620654959 1 1 1
v 0.13758963589555573 -0.149271731587369 -0.39759959682543095 1 1 1
v 0.1753697939164456 -0.040247397412173896 -0.1960219620654959 1 1 1
v 0.14220065493501335 -0.16500909204824465 -0.19272430113893416 1 1 1
v 0.1674971114072042 0.016725783192736807 -0.5787025903848815 1 1 1
v 0.14435341626180148 0.1773920834083561 -0.5332383079081334 1 1 1
v 0.14539250301788834 0.12207616752598661 -0.3664125356392027 1 1 1
v 0.1674971114072042 0.016725783192736807 -0.5787025903848815 1 1 1
v 0.14539250301788834 0.12207616752598661 -0.3664125356392027 1 1 1
v 0.17243013824957001 -0.029662771054454928 -0.394059312386632 1 1 1
v 0.14438139745686254 0.08467863006919357 -0.1812110114237068 1 1 1
v 0.08140531716851393 0.13153271898547583 -0.170775450476004 1 1 1
v 0.08773394662285422 0.11566079418377634 -0.00090597636520476 1 1 1
v 0.14438139745686254 0.08467863006919357 -0.1812110114237068 1 1 1
v 0.08773394662285422 0.11566079418377634 -0.00090597636520476 1 1 1
v 0.14781725092360196 0.07333349155527155 -0.0033726426614525003 1 1 1
v 0.08140531716851393 0.13153271898547583 -0.170775450476004 1 1 1
v 0.0450068006474599 0.14578594467461914 -0.16647392864807475 0.9960784316062927 0.9960784316062927 0.9960784316062927
v 0.05143967436045431 0.12924970748831666 0.0003761058284172362 0.9960784316062927 0.9960784316062927 0.9960784316062927
v 0.08140531716851393 0.13153271898547583 -0.170775450476004 1 1 1
v 0.05143967436045431 0.12924970748831666 0.0003761058284172362 0.9960784316062927 0.9960784316062927 0.9960784316062927
v 0.08773394662285422 0.11566079418377634 -0.00090597636520476 1 1 1
v -0.059745042387109926 0.19380260040681047 -0.3233697913393305 1 1 1
v -0.12681524588674775 0.1644454335045884 -0.31885031778481204 1 1 1
v -0.13481327207125593 0.11994076340582731 -0.15827434925651343 1 1 1
v -0.059745042387109926 0.19380260040681047 -0.3233697913393305 1 1 1
v -0.13481327207125593 0.11994076340582731 -0.15827434925651343 1 1 1
v -0.0668229218025016 0.147500943469798 -0.1593949143071818 1 1 1
v 0.05143967436045431 0.12924970748831666 0.0003761058284172362 0.9960784316062927 0.9960784316062927 0.9960784316062927
v 0.0450068006474599 0.14578594467461914 -0.16647392864807475 0.9960784316062927 0.9960784316062927 0.9960784316062927
v 0.007073545959680142 0.15077496699375945 -0.1636483669628221 1 1 1
v 0.05143967436045431 0.12924970748831666 0.0003761058284172362 0.9960784316062927 0.9960784316062927 0.9960784316062927
v 0.007073545959680142 0.15077496699375945 -0.1636483669628221 1 1 1
v 0.011701714423865379 0.13383472193833726 0.0016065188254512624 1 1 1
v 0.010180706846267937 0.19749633579077358 -0.33454165571351036 1 1 1
v -0.059745042387109926 0.19380260040681047 -0.3233697913393305 1 1 1
v -0.0668229218025016 0.147500943469798 -0.1593949143071818 1 1 1
v 0.010180706846267937 0.19749633579077358 -0.33454165571351036 1 1 1
v -0.0668229218025016 0.147500943469798 -0.1593949143071818 1 1 1
v 0.007073545959680142 0.15077496699375945 -0.1636483669628221 1 1 1
v -0.12681524588674775 0.1644454335045884 -0.31885031778481204 1 1 1
v -0.16568449112383174 0.10093134974012273 -0.323267419326343 1 1 1
v -0.17194836006085584 0.06156212632633678 -0.16239485940841936 1 1 1
v -0.12681524588674775 0.1644454335045884 -0.31885031778481204 1 1 1
v -0.17194836006085584 0.06156212632633678 -0.16239485940841936 1 1 1
v -0.13481327207125593 0.11994076340582731 -0.15827434925651343 1 1 1
v -0.16568449112383174 0.10093134974012273 -0.323267419326343 1 1 1
v -0.17366669926799252 0.01729512294676262 -0.3346094157270339 1 1 1
v -0.17894940901416367 -0.013297482341605155 -0.16878361641444956 1 1 1
v -0.16568449112383174 0.10093134974012273 -0.323267419326343 1 1 1
v -0.17894940901416367 -0.013297482341605155 -0.16878361641444956 1 1 1
v -0.17194836006085584 0.06156212632633678 -0.16239485940841936 1 1 1
v -0.17366669926799252 0.01729512294676262 -0.3346094157270339 1 1 1
v -0.16984488254615565 -0.0612311368049332 -0.34513103290970354 1 1 1
v -0.17465200119986304 -0.08825712875296607 -0.17415355265224206 1 1 1
v -0.17366669926799252 0.01729512294676262 -0.3346094157270339 1 1 1
v -0.17465200119986304 -0.08825712875296607 -0.17415355265224206 1 1 1
v -0.17894940901416367 -0.013297482341605155 -0.16878361641444956 1 1 1
v -0.15312439262835434 0.006994260264959565 -0.5212921031292963 1 1 1
v -0.12284502857172032 -0.04843839323936676 -0.5476939808179514 1 1 1
v -0.13133207940329755 -0.12411118778071539 -0.35400774689131326 1 1 1
v -0.15312439262835434 0.006994260264959565 -0.5212921031292963 1 1 1
v -0.13133207940329755 -0.12411118778071539 -0.35400774689131326 1 1 1
v -0.16984488254615565 -0.0612311368049332 -0.34513103290970354 1 1 1
v -0.06813453782100602 -0.15230317881642472 -0.36456973487726935 1 1 1
v 0.0038076471745023543 -0.16338938119945426 -0.37651832224854564 1 1 1
v 0.005070628790653304 -0.1936773765729266 -0.18490964756704714 1 1 1
v -0.06813453782100602 -0.15230317881642472 -0.36456973487726935 1 1 1
v 0.005070628790653304 -0.1936773765729266 -0.18490964756704714 1 1 1
v -0.06828290736112262 -0.1824616622509187 -0.1804342374291155 1 1 1
v -0.13133207940329755 -0.12411118778071539 -0.35400774689131326 1 1 1
v -0.06813453782100602 -0.15230317881642472 -0.36456973487726935 1 1 1
v -0.06828290736112262 -0.1824616622509187 -0.1804342374291155 1 1 1
v -0.13133207940329755 -0.12411118778071539 -0.35400774689131326 1 1 1
v -0.06828290736112262 -0.1824616622509187 -0.1804342374291155 1 1 1
v -0.13376587380867058 -0.15219192564838357 -0.1774324005977136 1 1 1
v 0.00047831486102568475 -0.08757049214209127 -0.5833930162190534 1 1 1
v 0.12511502619340906 -0.09132162887371881 -0.6069198977462194 1 1 1
v 0.13758963589555573 -0.149271731587369 -0.39759959682543095 1 1 1
v 0.00047831486102568475 -0.08757049214209127 -0.5833930162190534 1 1 1
v 0.13758963589555573 -0.149271731587369 -0.39759959682543095 1 1 1
v 0.0038076471745023543 -0.16338938119945426 -0.37651832224854564 1 1 1
v 0.12511502619340906 -0.09132162887371881 -0.6069198977462194 1 1 1
v 0.1674971114072042 0.016725783192736807 -0.5787025903848815 1 1 1
v 0.17243013824957001 -0.029662771054454928 -0.394059312386632 1 1 1
v 0.12511502619340906 -0.09132162887371881 -0.6069198977462194 1 1 1
v 0.17243013824957001 -0.029662771054454928 -0.394059312386632 1 1 1
v 0.13758963589555573 -0.149271731587369 -0.39759959682543095 1 1 1
v 0.14910785298017207 0.11561711978862761 -0.731610258900659 1 1 1
v 0.129069886083791 0.2646918971679032 -0.6646054154108937 1 1 1
v 0.14435341626180148 0.1773920834083561 -0.5332383079081334 1 1 1
v 0.14910785298017207 0.11561711978862761 -0.731610258900659 1 1 1
v 0.14435341626180148 0.1773920834083561 -0.5332383079081334 1 1 1
v 0.1674971114072042 0.016725783192736807 -0.5787025903848815 1 1 1
v 0.14539250301788834 0.12207616752598661 -0.3664125356392027 1 1 1
v 0.08220913852872787 0.17713059826223737 -0.34808746137726515 1 1 1
v 0.08140531716851393 0.13153271898547583 -0.170775450476004 1 1 1
v 0.14539250301788834 0.12207616752598661 -0.3664125356392027 1 1 1
v 0.08140531716851393 0.13153271898547583 -0.170775450476004 1 1 1
v 0.14438139745686254 0.08467863006919357 -0.1812110114237068 1 1 1
v 0.08220913852872787 0.17713059826223737 -0.34808746137726515 1 1 1
v 0.04724814146743078 0.1935254352448353 -0.3400607188643591 0.9960784316062927 0.9960784316062927 0.9960784316062927
v 0.0450068006474599 0.14578594467461914 -0.16647392864807475 0.9960784316062927 0.9960784316062927 0.9960784316062927
v 0.08220913852872787 0.17713059826223737 -0.34808746137726515 1 1 1
v 0.0450068006474599 0.14578594467461914 -0.16647392864807475 0.9960784316062927 0.9960784316062927 0.9960784316062927
v 0.08140531716851393 0.13153271898547583 -0.170775450476004 1 1 1
v -0.04210594847599136 0.25638951602081733 -0.4796915010868601 1 1 1
v -0.10825228627999939 0.2314379124199028 -0.46958413833939644 1 1 1
v -0.12681524588674775 0.1644454335045884 -0.31885031778481204 1 1 1
v -0.04210594847599136 0.25638951602081733 -0.4796915010868601 1 1 1
v -0.12681524588674775 0.1644454335045884 -0.31885031778481204 1 1 1
v -0.059745042387109926 0.19380260040681047 -0.3233697913393305 1 1 1
v 0.0450068006474599 0.14578594467461914 -0.16647392864807475 0.9960784316062927 0.9960784316062927 0.9960784316062927
v 0.04724814146743078 0.1935254352448353 -0.3400607188643591 0.9960784316062927 0.9960784316062927 0.9960784316062927
v 0.010180706846267937 0.19749633579077358 -0.33454165571351036 1 1 1
v 0.0450068006474599 0.14578594467461914 -0.16647392864807475 0.9960784316062927 0.9960784316062927 0.9960784316062927
v 0.010180706846267937 0.19749633579077358 -0.33454165571351036 1 1 1
v 0.007073545959680142 0.15077496699375945 -0.1636483669628221 1 1 1
v 0.02210362565359529 0.26052731721832995 -0.4950748996822161 1 1 1
v -0.04210594847599136 0.25638951602081733 -0.4796915010868601 1 1 1
v -0.059745042387109926 0.19380260040681047 -0.3233697913393305 1 1 1
v 0.02210362565359529 0.26052731721832995 -0.4950748996822161 1 1 1
v -0.059745042387109926 0.19380260040681047 -0.3233697913393305 1 1 1
v 0.010180706846267937 0.19749633579077358 -0.33454165571351036 1 1 1
v -0.10825228627999939 0.2314379124199028 -0.46958413833939644 1 1 1
v -0.14136841403126582 0.16804477296763154 -0.47572742287941366 1 1 1
v -0.16568449112383174 0.10093134974012273 -0.323267419326343 1 1 1
v -0.10825228627999939 0.2314379124199028 -0.46958413833939644 1 1 1
v -0.16568449112383174 0.10093134974012273 -0.323267419326343 1 1 1
v -0.12681524588674775 0.1644454335045884 -0.31885031778481204 1 1 1
v -0.14136841403126582 0.16804477296763154 -0.47572742287941366 1 1 1
v -0.15443409502726363 0.0844637921366443 -0.4970160614642997 1 1 1
v -0.17366669926799252 0.01729512294676262 -0.3346094157270339 1 1 1
v -0.14136841403126582 0.16804477296763154 -0.47572742287941366 1 1 1
v -0.17366669926799252 0.01729512294676262 -0.3346094157270339 1 1 1
v -0.16568449112383174 0.10093134974012273 -0.323267419326343 1 1 1
v -0.15443409502726363 0.0844637921366443 -0.4970160614642997 1 1 1
v -0.15312439262835434 0.006994260264959565 -0.5212921031292963 1 1 1
v -0.16984488254615565 -0.0612311368049332 -0.34513103290970354 1 1 1
v -0.15443409502726363 0.0844637921366443 -0.4970160614642997 1 1 1
v -0.16984488254615565 -0.0612311368049332 -0.34513103290970354 1 1 1
v -0.17366669926799252 0.01729512294676262 -0.3346094157270339 1 1 1
v -0.12382932874643378 0.13152844268990754 -0.6939968484065254 1 1 1
v -0.10068886709800182 0.08554248310404676 -0.7355384465688425 1 1 1
v -0.12284502857172032 -0.04843839323936676 -0.5476939808179514 1 1 1
v -0.12382932874643378 0.13152844268990754 -0.6939968484065254 1 1 1
v -0.12284502857172032 -0.04843839323936676 -0.5476939808179514 1 1 1
v -0.15312439262835434 0.006994260264959565 -0.5212921031292963 1 1 1
v -0.06752138264453024 -0.07852449125949355 -0.5701472825659653 1 1 1
v 0.00047831486102568475 -0.08757049214209127 -0.5833930162190534 1 1 1
v 0.0038076471745023543 -0.16338938119945426 -0.37651832224854564 1 1 1
v -0.06752138264453024 -0.07852449125949355 -0.5701472825659653 1 1 1
v 0.0038076471745023543 -0.16338938119945426 -0.37651832224854564 1 1 1
v -0.06813453782100602 -0.15230317881642472 -0.36456973487726935 1 1 1
v -0.12284502857172032 -0.04843839323936676 -0.5476939808179514 1 1 1
v -0.06752138264453024 -0.07852449125949355 -0.5701472825659653 1 1 1
v -0.06813453782100602 -0.15230317881642472 -0.36456973487726935 1 1 1
v -0.12284502857172032 -0.04843839323936676 -0.5476939808179514 1 1 1
v -0.06813453782100602 -0.15230317881642472 -0.36456973487726935 1 1 1
v -0.13133207940329755 -0.12411118778071539 -0.35400774689131326 1 1 1
v 0.0023558299150057784 0.038942619171901165 -0.7728933277184907 1 1 1
v 0.10582326840779312 0.03590221966485542 -0.7880664788883619 1 1 1
v 0.12511502619340906 -0.09132162887371881 -0.6069198977462194 1 1 1
v 0.0023558299150057784 0.038942619171901165 -0.7728933277184907 1 1 1
v 0.12511502619340906 -0.09132162887371881 -0.6069198977462194 1 1 1
v 0.00047831486102568475 -0.08757049214209127 -0.5833930162190534 1 1 1
v 0.10582326840779312 0.03590221966485542 -0.7880664788883619 1 1 1
v 0.14910785298017207 0.11561711978862761 -0.731610258900659 1 1 1
v 0.1674971114072042 0.016725783192736807 -0.5787025903848815 1 1 1
v 0.10582326840779312 0.03590221966485542 -0.7880664788883619 1 1 1
v 0.1674971114072042 0.016725783192736807 -0.5787025903848815 1 1 1
v 0.12511502619340906 -0.09132162887371881 -0.6069198977462194 1 1 1
v 0.10843111828789527 0.2670482348557536 -0.817580092666267 1 1 1
v 0.10001762232439329 0.3575461992136718 -0.7573519712659514 1 1 1
v 0.129069886083791 0.2646918971679032 -0.6646054154108937 1 1 1
v 0.10843111828789527 0.2670482348557536 -0.817580092666267 1 1 1
v 0.129069886083791 0.2646918971679032 -0.6646054154108937 1 1 1
v 0.14910785298017207 0.11561711978862761 -0.731610258900659 1 1 1
v 0.14435341626180148 0.1773920834083561 -0.5332383079081334 1 1 1
v 0.08610267946603019 0.23549097308883146 -0.5118726048173964 1 1 1
v 0.08220913852872787 0.17713059826223737 -0.34808746137726515 1 1 1
v 0.14435341626180148 0.1773920834083561 -0.5332383079081334 1 1 1
v 0.08220913852872787 0.17713059826223737 -0.34808746137726515 1 1 1
v 0.14539250301788834 0.12207616752598661 -0.3664125356392027 1 1 1
v 0.08610267946603019 0.23549097308883146 -0.5118726048173964 1 1 1
v 0.054956071261897076 0.25271233586131464 -0.5027816863807669 0.9960784316062927 0.9960784316062927 0.9960784316062927
v 0.04724814146743078 0.1935254352448353 -0.3400607188643591 0.9960784316062927 0.9960784316062927 0.9960784316062927
v 0.08610267946603019 0.23549097308883146 -0.5118726048173964 1 1 1
v 0.04724814146743078 0.1935254352448353 -0.3400607188643591 0.9960784316062927 0.9960784316062927 0.9960784316062927
v 0.08220913852872787 0.17713059826223737 -0.34808746137726515 1 1 1
v -0.02114995608192055 0.32722246673467825 -0.618797246405883 1 1 1
v -0.08130811128200613 0.31328372974762275 -0.6136537398924117 1 1 1
v -0.10825228627999939 0.2314379124199028 -0.46958413833939644 1 1 1
v -0.02114995608192055 0.32722246673467825 -0.618797246405883 1 1 1
v -0.10825228627999939 0.2314379124199028 -0.46958413833939644 1 1 1
v -0.04210594847599136 0.25638951602081733 -0.4796915010868601 1 1 1
v 0.04724814146743078 0.1935254352448353 -0.3400607188643591 0.9960784316062927 0.9960784316062927 0.9960784316062927
v 0.054956071261897076 0.25271233586131464 -0.5027816863807669 0.9960784316062927 0.9960784316062927 0.9960784316062927
v 0.02210362565359529 0.26052731721832995 -0.4950748996822161 1 1 1
v 0.04724814146743078 0.1935254352448353 -0.3400607188643591 0.9960784316062927 0.9960784316062927 0.9960784316062927
v 0.02210362565359529 0.26052731721832995 -0.4950748996822161 1 1 1
v 0.010180706846267937 0.19749633579077358 -0.33454165571351036 1 1 1
v 0.02954802600261447 0.3269853558347733 -0.6293263591311508 1 1 1
v -0.02114995608192055 0.32722246673467825 -0.618797246405883 1 1 1
v -0.04210594847599136 0.25638951602081733 -0.4796915010868601 1 1 1
v 0.02954802600261447 0.3269853558347733 -0.6293263591311508 1 1 1
v -0.04210594847599136 0.25638951602081733 -0.4796915010868601 1 1 1
v 0.02210362565359529 0.26052731721832995 -0.4950748996822161 1 1 1
v -0.08130811128200613 0.31328372974762275 -0.6136537398924117 1 1 1
v -0.11114074548572263 0.26353038008356916 -0.6274166403457336 1 1 1
v -0.14136841403126582 0.16804477296763154 -0.47572742287941366 1 1 1
v -0.08130811128200613 0.31328372974762275 -0.6136537398924117 1 1 1
v -0.14136841403126582 0.16804477296763154 -0.47572742287941366 1 1 1
v -0.10825228627999939 0.2314379124199028 -0.46958413833939644 1 1 1
v -0.11114074548572263 0.26353038008356916 -0.6274166403457336 1 1 1
v -0.12358994999084112 0.19559349397304127 -0.6575977801277951 1 1 1
v -0.15443409502726363 0.0844637921366443 -0.4970160614642997 1 1 1
v -0.11114074548572263 0.26353038008356916 -0.6274166403457336 1 1 1
v -0.15443409502726363 0.0844637921366443 -0.4970160614642997 1 1 1
v -0.14136841403126582 0.16804477296763154 -0.47572742287941366 1 1 1
v -0.12358994999084112 0.19559349397304127 -0.6575977801277951 1 1 1
v -0.12382932874643378 0.13152844268990754 -0.6939968484065254 1 1 1
v -0.15312439262835434 0.006994260264959565 -0.5212921031292963 1 1 1
v -0.12358994999084112 0.19559349397304127 -0.6575977801277951 1 1 1
v -0.15312439262835434 0.006994260264959565 -0.5212921031292963 1 1 1
v -0.15443409502726363 0.0844637921366443 -0.4970160614642997 1 1 1
v -0.08470003501115453 0.25901935820818667 -0.8289195109840617 1 1 1
v -0.06820902062264805 0.23328696328272683 -0.8669198948050991 1 1 1
v -0.10068886709800182 0.08554248310404676 -0.7355384465688425 1 1 1
v -0.08470003501115453 0.25901935820818667 -0.8289195109840617 1 1 1
v -0.10068886709800182 0.08554248310404676 -0.7355384465688425 1 1 1
v -0.12382932874643378 0.13152844268990754 -0.6939968484065254 1 1 1
v -0.055427398802562415 0.0496833310525505 -0.7677649551163245 1 1 1
v 0.0023558299150057784 0.038942619171901165 -0.7728933277184907 1 1 1
v 0.00047831486102568475 -0.08757049214209127 -0.5833930162190534 1 1 1
v -0.055427398802562415 0.0496833310525505 -0.7677649551163245 1 1 1
v 0.00047831486102568475 -0.08757049214209127 -0.5833930162190534 1 1 1
v -0.06752138264453024 -0.07852449125949355 -0.5701472825659653 1 1 1
v -0.10068886709800182 0.08554248310404676 -0.7355384465688425 1 1 1
v -0.055427398802562415 0.0496833310525505 -0.7677649551163245 1 1 1
v -0.06752138264453024 -0.07852449125949355 -0.5701472825659653 1 1 1
v -0.10068886709800182 0.08554248310404676 -0.7355384465688425 1 1 1
v -0.06752138264453024 -0.07852449125949355 -0.5701472825659653 1 1 1
v -0.12284502857172032 -0.04843839323936676 -0.5476939808179514 1 1 1
v 0.008687871037706234 0.21188315069701844 -0.8804893558967931 1 1 1
v 0.08034966900837687 0.2192539223596143 -0.8805732656120885 1 1 1
v 0.10582326840779312 0.03590221966485542 -0.7880664788883619 1 1 1
v 0.008687871037706234 0.21188315069701844 -0.8804893558967931 1 1 1
v 0.10582326840779312 0.03590221966485542 -0.7880664788883619 1 1 1
v 0.0023558299150057784 0.038942619171901165 -0.7728933277184907 1 1 1
v 0.08034966900837687 0.2192539223596143 -0.8805732656120885 1 1 1
v 0.10843111828789527 0.2670482348557536 -0.817580092666267 1 1 1
v 0.14910785298017207 0.11561711978862761 -0.731610258900659 1 1 1
v 0.08034966900837687 0.2192539223596143 -0.8805732656120885 1 1 1
v 0.14910785298017207 0.11561711978862761 -0.731610258900659 1 1 1
v 0.10582326840779312 0.03590221966485542 -0.7880664788883619 1 1 1
v 0.0748019044468389 0.42598895362004285 -0.8865002960958281 1 1 1
v 0.06715754691303547 0.45312000945596437 -0.8513645672226618 1 1 1
v 0.07933298618867064 0.3967595346562096 -0.8010941000178088 0.9960784316062927 0.9960784316062927 0.9960784316062927
v 0.0748019044468389 0.42598895362004285 -0.8865002960958281 1 1 1
v 0.07933298618867064 0.3967595346562096 -0.8010941000178088 0.9960784316062927 0.9960784316062927 0.9960784316062927
v 0.08520856077989045 0.3423055931063876 -0.8473070733408359 0.9960784316062927 0.9960784316062927 0.9960784316062927
v 0.129069886083791 0.2646918971679032 -0.6646054154108937 1 1 1
v 0.08098541503062667 0.31560713571040366 -0.6389647083100226 1 1 1
v 0.08610267946603019 0.23549097308883146 -0.5118726048173964 1 1 1
v 0.129069886083791 0.2646918971679032 -0.6646054154108937 1 1 1
v 0.08610267946603019 0.23549097308883146 -0.5118726048173964 1 1 1
v 0.14435341626180148 0.1773920834083561 -0.5332383079081334 1 1 1
v 0.08098541503062667 0.31560713571040366 -0.6389647083100226 1 1 1
v 0.054826820150677365 0.3249065526244704 -0.6329894829658959 0.9960784316062927 0.9960784316062927 0.9960784316062927
v 0.054956071261897076 0.25271233586131464 -0.5027816863807669 0.9960784316062927 0.9960784316062927 0.9960784316062927
v 0.08098541503062667 0.31560713571040366 -0.6389647083100226 1 1 1
v 0.054956071261897076 0.25271233586131464 -0.5027816863807669 0.9960784316062927 0.9960784316062927 0.9960784316062927
v 0.08610267946603019 0.23549097308883146 -0.5118726048173964 1 1 1
v -0.0036421874885163926 0.3861607282466672 -0.7323526213904618 1 1 1
v -0.0467982727772918 0.3818475838809134 -0.7332370068287631 1 1 1
v -0.08130811128200613 0.31328372974762275 -0.6136537398924117 1 1 1
v -0.0036421874885163926 0.3861607282466672 -0.7323526213904618 1 1 1
v -0.08130811128200613 0.31328372974762275 -0.6136537398924117 1 1 1
v -0.02114995608192055 0.32722246673467825 -0.618797246405883 1 1 1
v 0.054956071261897076 0.25271233586131464 -0.5027816863807669 0.9960784316062927 0.9960784316062927 0.9960784316062927
v 0.054826820150677365 0.3249065526244704 -0.6329894829658959 0.9960784316062927 0.9960784316062927 0.9960784316062927
v 0.02954802600261447 0.3269853558347733 -0.6293263591311508 1 1 1
v 0.054956071261897076 0.25271233586131464 -0.5027816863807669 0.9960784316062927 0.9960784316062927 0.9960784316062927
v 0.02954802600261447 0.3269853558347733 -0.6293263591311508 1 1 1
v 0.02210362565359529 0.26052731721832995 -0.4950748996822161 1 1 1
v 0.03372953546155985 0.3877835839374863 -0.732648547874182 1 1 1
v -0.0036421874885163926 0.3861607282466672 -0.7323526213904618 1 1 1
v -0.02114995608192055 0.32722246673467825 -0.618797246405883 1 1 1
v 0.03372953546155985 0.3877835839374863 -0.732648547874182 1 1 1
v -0.02114995608192055 0.32722246673467825 -0.618797246405883 1 1 1
v 0.02954802600261447 0.3269853558347733 -0.6293263591311508 1 1 1
v -0.0467982727772918 0.3818475838809134 -0.7332370068287631 1 1 1
v -0.0670245022288343 0.35575874575100846 -0.7459833683121857 1 1 1
v -0.11114074548572263 0.26353038008356916 -0.6274166403457336 1 1 1
v -0.0467982727772918 0.3818475838809134 -0.7332370068287631 1 1 1
v -0.11114074548572263 0.26353038008356916 -0.6274166403457336 1 1 1
v -0.08130811128200613 0.31328372974762275 -0.6136537398924117 1 1 1
v -0.0670245022288343 0.35575874575100846 -0.7459833683121857 1 1 1
v -0.07884140951257804 0.30468939208304413 -0.7844678546006835 1 1 1
v -0.12358994999084112 0.19559349397304127 -0.6575977801277951 1 1 1
v -0.0670245022288343 0.35575874575100846 -0.7459833683121857 1 1 1
v -0.12358994999084112 0.19559349397304127 -0.6575977801277951 1 1 1
v -0.11114074548572263 0.26353038008356916 -0.6274166403457336 1 1 1
v -0.07884140951257804 0.30468939208304413 -0.7844678546006835 1 1 1
v -0.08470003501115453 0.25901935820818667 -0.8289195109840617 1 1 1
v -0.12382932874643378 0.13152844268990754 -0.6939968484065254 1 1 1
v -0.07884140951257804 0.30468939208304413 -0.7844678546006835 1 1 1
v -0.12382932874643378 0.13152844268990754 -0.6939968484065254 1 1 1
v -0.12358994999084112 0.19559349397304127 -0.6575977801277951 1 1 1
v -0.05391196172014183 0.32451932377145754 -0.8800079573765738 0.9960784316062927 0.9960784316062927 0.9960784316062927
v -0.03985918326499628 0.3091708726890418 -0.9030276443893375 0.9960784316062927 0.9960784316062927 0.9960784316062927
v -0.06820902062264805 0.23328696328272683 -0.8669198948050991 1 1 1
v -0.05391196172014183 0.32451932377145754 -0.8800079573765738 0.9960784316062927 0.9960784316062927 0.9960784316062927
v -0.06820902062264805 0.23328696328272683 -0.8669198948050991 1 1 1
v -0.08470003501115453 0.25901935820818667 -0.8289195109840617 1 1 1
v -0.03185389764124145 0.219649074056888 -0.8805759702882542 1 1 1
v 0.008687871037706234 0.21188315069701844 -0.8804893558967931 1 1 1
v 0.0023558299150057784 0.038942619171901165 -0.7728933277184907 1 1 1
v -0.03185389764124145 0.219649074056888 -0.8805759702882542 1 1 1
v 0.0023558299150057784 0.038942619171901165 -0.7728933277184907 1 1 1
v -0.055427398802562415 0.0496833310525505 -0.7677649551163245 1 1 1
v -0.06820902062264805 0.23328696328272683 -0.8669198948050991 1 1 1
v -0.03185389764124145 0.219649074056888 -0.8805759702882542 1 1 1
v -0.055427398802562415 0.0496833310525505 -0.7677649551163245 1 1 1
v -0.06820902062264805 0.23328696328272683 -0.8669198948050991 1 1 1
v -0.055427398802562415 0.0496833310525505 -0.7677649551163245 1 1 1
v -0.10068886709800182 0.08554248310404676 -0.7355384465688425 1 1 1
v 0.022465717720075017 0.40469365364051313 -0.9304408442155275 1 1 1
v 0.050268185919345815 0.4081769418669897 -0.9257821812479115 1 1 1
v 0.06079195757459134 0.3108043735177402 -0.9002929051991801 0.9960784316062927 0.9960784316062927 0.9960784316062927
v 0.022465717720075017 0.40469365364051313 -0.9304408442155275 1 1 1
v 0.06079195757459134 0.3108043735177402 -0.9002929051991801 0.9960784316062927 0.9960784316062927 0.9960784316062927
v 0.014456868369322733 0.30190791112552307 -0.9124328834175801 0.9960784316062927 0.9960784316062927 0.9960784316062927
v 0.07781212168751368 0.3172027704379149 -0.8775223459240171 0.9960784316062927 0.9960784316062927 0.9960784316062927
v 0.10843111828789527 0.2670482348557536 -0.817580092666267 1 1 1
v 0.08034966900837687 0.2192539223596143 -0.8805732656120885 1 1 1
v 0.06613272784915851 0.5272226923714088 -0.9186068055695301 0.9960784316062927 0.9960784316062927 0.9960784316062927
v 0.06715754691303547 0.45312000945596437 -0.8513645672226618 1 1 1
v 0.0748019044468389 0.42598895362004285 -0.8865002960958281 1 1 1
v 0.10001762232439329 0.3575461992136718 -0.7573519712659514 1 1 1
v 0.0677766275423744 0.38378732790642456 -0.7387303162561673 1 1 1
v 0.08098541503062667 0.31560713571040366 -0.6389647083100226 1 1 1
v 0.10001762232439329 0.3575461992136718 -0.7573519712659514 1 1 1
v 0.08098541503062667 0.31560713571040366 -0.6389647083100226 1 1 1
v 0.129069886083791 0.2646918971679032 -0.6646054154108937 1 1 1
v 0.0677766275423744 0.38378732790642456 -0.7387303162561673 1 1 1
v 0.0507620380196268 0.38770444608762683 -0.7344702143383341 0.9960784316062927 0.9960784316062927 0.9960784316062927
v 0.054826820150677365 0.3249065526244704 -0.6329894829658959 0.9960784316062927 0.9960784316062927 0.9960784316062927
v 0.0677766275423744 0.38378732790642456 -0.7387303162561673 1 1 1
v 0.054826820150677365 0.3249065526244704 -0.6329894829658959 0.9960784316062927 0.9960784316062927 0.9960784316062927
v 0.08098541503062667 0.31560713571040366 -0.6389647083100226 1 1 1
v 0.031872609174859005 0.41056503782399123 -0.784440563058302 0.9960784316062927 0.9960784316062927 0.9960784316062927
v 0.002386535520250295 0.40993667225676106 -0.7879018245894142 0.9960784316062927 0.9960784316062927 0.9960784316062927
v -0.0036421874885163926 0.3861607282466672 -0.7323526213904618 1 1 1
v 0.031872609174859005 0.41056503782399123 -0.784440563058302 0.9960784316062927 0.9960784316062927 0.9960784316062927
v -0.0036421874885163926 0.3861607282466672 -0.7323526213904618 1 1 1
v 0.03372953546155985 0.3877835839374863 -0.732648547874182 1 1 1
v 0.054826820150677365 0.3249065526244704 -0.6329894829658959 0.9960784316062927 0.9960784316062927 0.9960784316062927
v 0.0507620380196268 0.38770444608762683 -0.7344702143383341 0.9960784316062927 0.9960784316062927 0.9960784316062927
v 0.03372953546155985 0.3877835839374863 -0.732648547874182 1 1 1
v 0.054826820150677365 0.3249065526244704 -0.6329894829658959 0.9960784316062927 0.9960784316062927 0.9960784316062927
v 0.03372953546155985 0.3877835839374863 -0.732648547874182 1 1 1
v 0.02954802600261447 0.3269853558347733 -0.6293263591311508 1 1 1
v 0.0304445616247481 0.45221997654810203 -0.8442273775714035 1 1 1
v 0.005300290846055916 0.4545809239425409 -0.8518529549225248 1 1 1
v 0.002386535520250295 0.40993667225676106 -0.7879018245894142 0.9960784316062927 0.9960784316062927 0.9960784316062927
v 0.0304445616247481 0.45221997654810203 -0.8442273775714035 1 1 1
v 0.002386535520250295 0.40993667225676106 -0.7879018245894142 0.9960784316062927 0.9960784316062927 0.9960784316062927
v 0.031872609174859005 0.41056503782399123 -0.784440563058302 0.9960784316062927 0.9960784316062927 0.9960784316062927
v 0.002386535520250295 0.40993667225676106 -0.7879018245894142 0.9960784316062927 0.9960784316062927 0.9960784316062927
v -0.026328217785897685 0.4084462280065711 -0.7907745833297621 0.9960784316062927 0.9960784316062927 0.9960784316062927
v -0.0467982727772918 0.3818475838809134 -0.7332370068287631 1 1 1
v 0.002386535520250295 0.40993667225676106 -0.7879018245894142 0.9960784316062927 0.9960784316062927 0.9960784316062927
v -0.0467982727772918 0.3818475838809134 -0.7332370068287631 1 1 1
v -0.0036421874885163926 0.3861607282466672 -0.7323526213904618 1 1 1
v 0.005300290846055916 0.4545809239425409 -0.8518529549225248 1 1 1
v -0.00792362516307876 0.45480932980558725 -0.8553104906065222 1 1 1
v -0.026328217785897685 0.4084462280065711 -0.7907745833297621 0.9960784316062927 0.9960784316062927 0.9960784316062927
v 0.005300290846055916 0.4545809239425409 -0.8518529549225248 1 1 1
v -0.026328217785897685 0.4084462280065711 -0.7907745833297621 0.9960784316062927 0.9960784316062927 0.9960784316062927
v 0.002386535520250295 0.40993667225676106 -0.7879018245894142 0.9960784316062927 0.9960784316062927 0.9960784316062927
v -0.026328217785897685 0.4084462280065711 -0.7907745833297621 0.9960784316062927 0.9960784316062927 0.9960784316062927
v -0.04234744576164011 0.39651039668088073 -0.8030953302312777 0.9960784316062927 0.9960784316062927 0.9960784316062927
v -0.0670245022288343 0.35575874575100846 -0.7459833683121857 1 1 1
v -0.026328217785897685 0.4084462280065711 -0.7907745833297621 0.9960784316062927 0.9960784316062927 0.9960784316062927
v -0.0670245022288343 0.35575874575100846 -0.7459833683121857 1 1 1
v -0.0467982727772918 0.3818475838809134 -0.7332370068287631 1 1 1
v -0.00792362516307876 0.45480932980558725 -0.8553104906065222 1 1 1
v -0.015126569809878507 0.4505743726843596 -0.861995058967035 1 1 1
v -0.04234744576164011 0.39651039668088073 -0.8030953302312777 0.9960784316062927 0.9960784316062927 0.9960784316062927
v -0.00792362516307876 0.45480932980558725 -0.8553104906065222 1 1 1
v -0.04234744576164011 0.39651039668088073 -0.8030953302312777 0.9960784316062927 0.9960784316062927 0.9960784316062927
v -0.026328217785897685 0.4084462280065711 -0.7907745833297621 0.9960784316062927 0.9960784316062927 0.9960784316062927
v -0.04234744576164011 0.39651039668088073 -0.8030953302312777 0.9960784316062927 0.9960784316062927 0.9960784316062927
v -0.04906571777736994 0.3585951132909149 -0.8408952010863814 0.9960784316062927 0.9960784316062927 0.9960784316062927
v -0.07884140951257804 0.30468939208304413 -0.7844678546006835 1 1 1
v -0.04234744576164011 0.39651039668088073 -0.8030953302312777 0.9960784316062927 0.9960784316062927 0.9960784316062927
v -0.07884140951257804 0.30468939208304413 -0.7844678546006835 1 1 1
v -0.0670245022288343 0.35575874575100846 -0.7459833683121857 1 1 1
v -0.015126569809878507 0.4505743726843596 -0.861995058967035 1 1 1
v -0.01459164742698935 0.42800386326119644 -0.8906096670896083 1 1 1
v -0.04906571777736994 0.3585951132909149 -0.8408952010863814 0.9960784316062927 0.9960784316062927 0.9960784316062927
v -0.015126569809878507 0.4505743726843596 -0.861995058967035 1 1 1
v -0.04906571777736994 0.3585951132909149 -0.8408952010863814 0.9960784316062927 0.9960784316062927 0.9960784316062927
v -0.04234744576164011 0.39651039668088073 -0.8030953302312777 0.9960784316062927 0.9960784316062927 0.9960784316062927
v -0.04906571777736994 0.3585951132909149 -0.8408952010863814 0.9960784316062927 0.9960784316062927 0.9960784316062927
v -0.05391196172014183 0.32451932377145754 -0.8800079573765738 0.9960784316062927 0.9960784316062927 0.9960784316062927
v -0.08470003501115453 0.25901935820818667 -0.8289195109840617 1 1 1
v -0.04906571777736994 0.3585951132909149 -0.8408952010863814 0.9960784316062927 0.9960784316062927 0.9960784316062927
v -0.08470003501115453 0.25901935820818667 -0.8289195109840617 1 1 1
v -0.07884140951257804 0.30468939208304413 -0.7844678546006835 1 1 1
v -0.01459164742698935 0.42800386326119644 -0.8906096670896083 1 1 1
v -0.01750844836129605 0.4068950643582942 -0.9189113509295916 1 1 1
v -0.05391196172014183 0.32451932377145754 -0.8800079573765738 0.9960784316062927 0.9960784316062927 0.9960784316062927
v -0.01459164742698935 0.42800386326119644 -0.8906096670896083 1 1 1
v -0.05391196172014183 0.32451932377145754 -0.8800079573765738 0.9960784316062927 0.9960784316062927 0.9960784316062927
v -0.04906571777736994 0.3585951132909149 -0.8408952010863814 0.9960784316062927 0.9960784316062927 0.9960784316062927
v -0.03985918326499628 0.3091708726890418 -0.9030276443893375 0.9960784316062927 0.9960784316062927 0.9960784316062927
v -0.012936036795360071 0.3042779154622328 -0.9113037488092051 0.9960784316062927 0.9960784316062927 0.9960784316062927
v -0.03185389764124145 0.219649074056888 -0.8805759702882542 1 1 1
v -0.03985918326499628 0.3091708726890418 -0.9030276443893375 0.9960784316062927 0.9960784316062927 0.9960784316062927
v -0.03185389764124145 0.219649074056888 -0.8805759702882542 1 1 1
v -0.06820902062264805 0.23328696328272683 -0.8669198948050991 1 1 1
v -0.01750844836129605 0.4068950643582942 -0.9189113509295916 1 1 1
v -0.009067897591022962 0.40042861296321053 -0.9272901808672145 1 1 1
v -0.03985918326499628 0.3091708726890418 -0.9030276443893375 0.9960784316062927 0.9960784316062927 0.9960784316062927
v -0.01750844836129605 0.4068950643582942 -0.9189113509295916 1 1 1
v -0.03985918326499628 0.3091708726890418 -0.9030276443893375 0.9960784316062927 0.9960784316062927 0.9960784316062927
v -0.05391196172014183 0.32451932377145754 -0.8800079573765738 0.9960784316062927 0.9960784316062927 0.9960784316062927
v -0.003046038120466991 0.5052650345052329 -0.9612955635305147 0.9960784316062927 0.9960784316062927 0.9960784316062927
v 0.011479050848302542 0.5010358997905179 -0.9683372933725551 0.9960784316062927 0.9960784316062927 0.9960784316062927
v -0.009067897591022962 0.40042861296321053 -0.9272901808672145 1 1 1
v -0.003046038120466991 0.5052650345052329 -0.9612955635305147 0.9960784316062927 0.9960784316062927 0.9960784316062927
v -0.009067897591022962 0.40042861296321053 -0.9272901808672145 1 1 1
v -0.01750844836129605 0.4068950643582942 -0.9189113509295916 1 1 1
v -0.009067897591022962 0.40042861296321053 -0.9272901808672145 1 1 1
v 0.008166213639422505 0.4019507213141728 -0.9291480757744323 1 1 1
v -0.012936036795360071 0.3042779154622328 -0.9113037488092051 0.9960784316062927 0.9960784316062927 0.9960784316062927
v -0.009067897591022962 0.40042861296321053 -0.9272901808672145 1 1 1
v -0.012936036795360071 0.3042779154622328 -0.9113037488092051 0.9960784316062927 0.9960784316062927 0.9960784316062927
v -0.03985918326499628 0.3091708726890418 -0.9030276443893375 0.9960784316062927 0.9960784316062927 0.9960784316062927
v -0.012936036795360071 0.3042779154622328 -0.9113037488092051 0.9960784316062927 0.9960784316062927 0.9960784316062927
v 0.014456868369322733 0.30190791112552307 -0.9124328834175801 0.9960784316062927 0.9960784316062927 0.9960784316062927
v 0.008687871037706234 0.21188315069701844 -0.8804893558967931 1 1 1
v -0.012936036795360071 0.3042779154622328 -0.9113037488092051 0.9960784316062927 0.9960784316062927 0.9960784316062927
v 0.008687871037706234 0.21188315069701844 -0.8804893558967931 1 1 1
v -0.03185389764124145 0.219649074056888 -0.8805759702882542 1 1 1
v 0.008166213639422505 0.4019507213141728 -0.9291480757744323 1 1 1
v 0.022465717720075017 0.40469365364051313 -0.9304408442155275 1 1 1
v 0.014456868369322733 0.30190791112552307 -0.9124328834175801 0.9960784316062927 0.9960784316062927 0.9960784316062927
v 0.008166213639422505 0.4019507213141728 -0.9291480757744323 1 1 1
v 0.014456868369322733 0.30190791112552307 -0.9124328834175801 0.9960784316062927 0.9960784316062927 0.9960784316062927
v -0.012936036795360071 0.3042779154622328 -0.9113037488092051 0.9960784316062927 0.9960784316062927 0.9960784316062927
v 0.0629277976271041 0.5465911748830775 -0.996695879163843 1 1 1
v 0.04996472561184678 0.5112845954023336 -0.9693349248471214 0.9960784316062927 0.9960784316062927 0.9960784316062927
v 0.027447839304484755 0.5062404575059807 -0.972112129674386 0.9960784316062927 0.9960784316062927 0.9960784316062927
v 0.0629277976271041 0.5465911748830775 -0.996695879163843 1 1 1
v 0.027447839304484755 0.5062404575059807 -0.972112129674386 0.9960784316062927 0.9960784316062927 0.9960784316062927
v 0.03981196647446808 0.538495185996748 -1.0036675748331596 1 1 1
v 0.014456868369322733 0.30190791112552307 -0.9124328834175801 0.9960784316062927 0.9960784316062927 0.9960784316062927
v 0.06079195757459134 0.3108043735177402 -0.9002929051991801 0.9960784316062927 0.9960784316062927 0.9960784316062927
v 0.08034966900837687 0.2192539223596143 -0.8805732656120885 1 1 1
v 0.014456868369322733 0.30190791112552307 -0.9124328834175801 0.9960784316062927 0.9960784316062927 0.9960784316062927
v 0.08034966900837687 0.2192539223596143 -0.8805732656120885 1 1 1
v 0.008687871037706234 0.21188315069701844 -0.8804893558967931 1 1 1
v 0.050268185919345815 0.4081769418669897 -0.9257821812479115 1 1 1
v 0.06722819898232706 0.408352916547909 -0.9111942225250422 1 1 1
v 0.07781212168751368 0.3172027704379149 -0.8775223459240171 0.9960784316062927 0.9960784316062927 0.9960784316062927
v 0.050268185919345815 0.4081769418669897 -0.9257821812479115 1 1 1
v 0.07781212168751368 0.3172027704379149 -0.8775223459240171 0.9960784316062927 0.9960784316062927 0.9960784316062927
v 0.06079195757459134 0.3108043735177402 -0.9002929051991801 0.9960784316062927 0.9960784316062927 0.9960784316062927
v 0.07781212168751368 0.3172027704379149 -0.8775223459240171 0.9960784316062927 0.9960784316062927 0.9960784316062927
v 0.08520856077989045 0.3423055931063876 -0.8473070733408359 0.9960784316062927 0.9960784316062927 0.9960784316062927
v 0.10843111828789527 0.2670482348557536 -0.817580092666267 1 1 1
v 0.06722819898232706 0.408352916547909 -0.9111942225250422 1 1 1
v 0.0748019044468389 0.42598895362004285 -0.8865002960958281 1 1 1
v 0.08520856077989045 0.3423055931063876 -0.8473070733408359 0.9960784316062927 0.9960784316062927 0.9960784316062927
v 0.06722819898232706 0.408352916547909 -0.9111942225250422 1 1 1
v 0.08520856077989045 0.3423055931063876 -0.8473070733408359 0.9960784316062927 0.9960784316062927 0.9960784316062927
v 0.07781212168751368 0.3172027704379149 -0.8775223459240171 0.9960784316062927 0.9960784316062927 0.9960784316062927
v 0.08520856077989045 0.3423055931063876 -0.8473070733408359 0.9960784316062927 0.9960784316062927 0.9960784316062927
v 0.07933298618867064 0.3967595346562096 -0.8010941000178088 0.9960784316062927 0.9960784316062927 0.9960784316062927
v 0.10001762232439329 0.3575461992136718 -0.7573519712659514 1 1 1
v 0.08520856077989045 0.3423055931063876 -0.8473070733408359 0.9960784316062927 0.9960784316062927 0.9960784316062927
v 0.10001762232439329 0.3575461992136718 -0.7573519712659514 1 1 1
v 0.10843111828789527 0.2670482348557536 -0.817580092666267 1 1 1
v 0.07933298618867064 0.3967595346562096 -0.8010941000178088 0.9960784316062927 0.9960784316062927 0.9960784316062927
v 0.05807374135083221 0.4113122399037362 -0.7873130405221731 0.9960784316062927 0.9960784316062927 0.9960784316062927
v 0.0677766275423744 0.38378732790642456 -0.7387303162561673 1 1 1
v 0.07933298618867064 0.3967595346562096 -0.8010941000178088 0.9960784316062927 0.9960784316062927 0.9960784316062927
v 0.0677766275423744 0.38378732790642456 -0.7387303162561673 1 1 1
v 0.10001762232439329 0.3575461992136718 -0.7573519712659514 1 1 1
v 0.06715754691303547 0.45312000945596437 -0.8513645672226618 1 1 1
v 0.050372586871046135 0.4525542762907847 -0.8444316159401347 1 1 1
v 0.05807374135083221 0.4113122399037362 -0.7873130405221731 0.9960784316062927 0.9960784316062927 0.9960784316062927
v 0.06715754691303547 0.45312000945596437 -0.8513645672226618 1 1 1
v 0.05807374135083221 0.4113122399037362 -0.7873130405221731 0.9960784316062927 0.9960784316062927 0.9960784316062927
v 0.07933298618867064 0.3967595346562096 -0.8010941000178088 0.9960784316062927 0.9960784316062927 0.9960784316062927
v 0.024590162794266787 0.519322885194242 -0.9054683593768201 0.9960784316062927 0.9960784316062927 0.9960784316062927
v 0.010768173775077465 0.5228057977491288 -0.9108992745834389 0.9960784316062927 0.9960784316062927 0.9960784316062927
v 0.005300290846055916 0.4545809239425409 -0.8518529549225248 1 1 1
v 0.024590162794266787 0.519322885194242 -0.9054683593768201 0.9960784316062927 0.9960784316062927 0.9960784316062927
v 0.005300290846055916 0.4545809239425409 -0.8518529549225248 1 1 1
v 0.0304445616247481 0.45221997654810203 -0.8442273775714035 1 1 1
v 0.0677766275423744 0.38378732790642456 -0.7387303162561673 1 1 1
v 0.05807374135083221 0.4113122399037362 -0.7873130405221731 0.9960784316062927 0.9960784316062927 0.9960784316062927
v 0.04532647243597755 0.41134367107823716 -0.7849227083188131 0.9960784316062927 0.9960784316062927 0.9960784316062927
v 0.0677766275423744 0.38378732790642456 -0.7387303162561673 1 1 1
v 0.04532647243597755 0.41134367107823716 -0.7849227083188131 0.9960784316062927 0.9960784316062927 0.9960784316062927
v 0.0507620380196268 0.38770444608762683 -0.7344702143383341 0.9960784316062927 0.9960784316062927 0.9960784316062927
v 0.05807374135083221 0.4113122399037362 -0.7873130405221731 0.9960784316062927 0.9960784316062927 0.9960784316062927
v 0.050372586871046135 0.4525542762907847 -0.8444316159401347 1 1 1
v 0.041217606912349346 0.45206654196727664 -0.8430187067048096 0.9960784316062927 0.9960784316062927 0.9960784316062927
v 0.05807374135083221 0.4113122399037362 -0.7873130405221731 0.9960784316062927 0.9960784316062927 0.9960784316062927
v 0.041217606912349346 0.45206654196727664 -0.8430187067048096 0.9960784316062927 0.9960784316062927 0.9960784316062927
v 0.04532647243597755 0.41134367107823716 -0.7849227083188131 0.9960784316062927 0.9960784316062927 0.9960784316062927
v 0.04532647243597755 0.41134367107823716 -0.7849227083188131 0.9960784316062927 0.9960784316062927 0.9960784316062927
v 0.041217606912349346 0.45206654196727664 -0.8430187067048096 0.9960784316062927 0.9960784316062927 0.9960784316062927
v 0.0304445616247481 0.45221997654810203 -0.8442273775714035 1 1 1
v 0.04532647243597755 0.41134367107823716 -0.7849227083188131 0.9960784316062927 0.9960784316062927 0.9960784316062927
v 0.0304445616247481 0.45221997654810203 -0.8442273775714035 1 1 1
v 0.031872609174859005 0.41056503782399123 -0.784440563058302 0.9960784316062927 0.9960784316062927 0.9960784316062927
v 0.0507620380196268 0.38770444608762683 -0.7344702143383341 0.9960784316062927 0.9960784316062927 0.9960784316062927
v 0.04532647243597755 0.41134367107823716 -0.7849227083188131 0.9960784316062927 0.9960784316062927 0.9960784316062927
v 0.031872609174859005 0.41056503782399123 -0.784440563058302 0.9960784316062927 0.9960784316062927 0.9960784316062927
v 0.0507620380196268 0.38770444608762683 -0.7344702143383341 0.9960784316062927 0.9960784316062927 0.9960784316062927
v 0.031872609174859005 0.41056503782399123 -0.784440563058302 0.9960784316062927 0.9960784316062927 0.9960784316062927
v 0.03372953546155985 0.3877835839374863 -0.732648547874182 1 1 1
v 0.024590162794266787 0.519322885194242 -0.9054683593768201 0.9960784316062927 0.9960784316062927 0.9960784316062927
v 0.026988634635214472 0.5437469595929988 -0.9260198555776775 1 1 1
v 0.013209218814028503 0.5459325398046605 -0.9318812280983773 1 1 1
v 0.024590162794266787 0.519322885194242 -0.9054683593768201 0.9960784316062927 0.9960784316062927 0.9960784316062927
v 0.013209218814028503 0.5459325398046605 -0.9318812280983773 1 1 1
v 0.010768173775077465 0.5228057977491288 -0.9108992745834389 0.9960784316062927 0.9960784316062927 0.9960784316062927
v 0.015650262397794646 0.5690592352940631 -0.9528632747455779 1 1 1
v 0.006144126879256712 0.5767578263749137 -0.9588286758568021 1 1 1
v 0.005935230173641556 0.5516878799359695 -0.9368700442325638 1 1 1
v 0.015650262397794646 0.5690592352940631 -0.9528632747455779 1 1 1
v 0.005935230173641556 0.5516878799359695 -0.9368700442325638 1 1 1
v 0.013209218814028503 0.5459325398046605 -0.9318812280983773 1 1 1
v 0.010768173775077465 0.5228057977491288 -0.9108992745834389 0.9960784316062927 0.9960784316062927 0.9960784316062927
v 0.013209218814028503 0.5459325398046605 -0.9318812280983773 1 1 1
v 0.005935230173641556 0.5516878799359695 -0.9368700442325638 1 1 1
v 0.010768173775077465 0.5228057977491288 -0.9108992745834389 0.9960784316062927 0.9960784316062927 0.9960784316062927
v 0.005935230173641556 0.5516878799359695 -0.9368700442325638 1 1 1
v 0.0057263334680232114 0.5266179334970252 -0.9149113194760633 0.9960784316062927 0.9960784316062927 0.9960784316062927
v 0.006144126879256712 0.5767578263749137 -0.9588286758568021 1 1 1
v 0.005320817656003425 0.5772196691775073 -0.969973627428865 1 1 1
v 0.00350605696718656 0.5515183790439919 -0.945725432327531 1 1 1
v 0.006144126879256712 0.5767578263749137 -0.9588286758568021 1 1 1
v 0.00350605696718656 0.5515183790439919 -0.945725432327531 1 1 1
v 0.005935230173641556 0.5516878799359695 -0.9368700442325638 1 1 1
v 0.0057263334680232114 0.5266179334970252 -0.9149113194760633 0.9960784316062927 0.9960784316062927 0.9960784316062927
v 0.005935230173641556 0.5516878799359695 -0.9368700442325638 1 1 1
v 0.00350605696718656 0.5515183790439919 -0.945725432327531 1 1 1
v 0.0057263334680232114 0.5266179334970252 -0.9149113194760633 0.9960784316062927 0.9960784316062927 0.9960784316062927
v 0.00350605696718656 0.5515183790439919 -0.945725432327531 1 1 1
v 0.0016912960964707462 0.5258170889104765 -0.921477237226197 0.9960784316062927 0.9960784316062927 0.9960784316062927
v 0.005320817656003425 0.5772196691775073 -0.969973627428865 1 1 1
v 0.00534980734307883 0.5758083895162524 -0.9906800026627389 1 1 1
v 0.0025985044029870376 0.5454764237726556 -0.9656872151577781 1 1 1
v 0.005320817656003425 0.5772196691775073 -0.969973627428865 1 1 1
v 0.0025985044029870376 0.5454764237726556 -0.9656872151577781 1 1 1
v 0.00350605696718656 0.5515183790439919 -0.945725432327531 1 1 1
v 0.0016912960964707462 0.5258170889104765 -0.921477237226197 0.9960784316062927 0.9960784316062927 0.9960784316062927
v 0.00350605696718656 0.5515183790439919 -0.945725432327531 1 1 1
v 0.0025985044029870376 0.5454764237726556 -0.9656872151577781 1 1 1
v 0.0016912960964707462 0.5258170889104765 -0.921477237226197 0.9960784316062927 0.9960784316062927 0.9960784316062927
v 0.0025985044029870376 0.5454764237726556 -0.9656872151577781 1 1 1
v -0.0001527983552089932 0.5151444580290588 -0.9406943345205554 0.9960784316062927 0.9960784316062927 0.9960784316062927
v 0.00534980734307883 0.5758083895162524 -0.9906800026627389 1 1 1
v 0.019793394212487048 0.5693865489257094 -1.0114466339768167 1 1 1
v 0.008373678591707042 0.5373257684324069 -0.9863710521875345 1 1 1
v 0.00534980734307883 0.5758083895162524 -0.9906800026627389 1 1 1
v 0.008373678591707042 0.5373257684324069 -0.9863710521875345 1 1 1
v 0.0025985044029870376 0.5454764237726556 -0.9656872151577781 1 1 1
v -0.0001527983552089932 0.5151444580290588 -0.9406943345205554 0.9960784316062927 0.9960784316062927 0.9960784316062927
v 0.0025985044029870376 0.5454764237726556 -0.9656872151577781 1 1 1
v 0.008373678591707042 0.5373257684324069 -0.9863710521875345 1 1 1
v -0.0001527983552089932 0.5151444580290588 -0.9406943345205554 0.9960784316062927 0.9960784316062927 0.9960784316062927
v 0.008373678591707042 0.5373257684324069 -0.9863710521875345 1 1 1
v -0.003046038120466991 0.5052650345052329 -0.9612955635305147 0.9960784316062927 0.9960784316062927 0.9960784316062927
v 0.033178590847022967 0.5653994182959489 -1.029301112622759 1 1 1
v 0.045357493921336076 0.5668178700626987 -1.0343787762691679 1 1 1
v 0.03243211097451374 0.5348587433147407 -1.002893552855247 1 1 1
v 0.033178590847022967 0.5653994182959489 -1.029301112622759 1 1 1
v 0.03243211097451374 0.5348587433147407 -1.002893552855247 1 1 1
v 0.022328821939053264 0.5332176590432335 -0.9988191098653948 1 1 1
v -0.003046038120466991 0.5052650345052329 -0.9612955635305147 0.9960784316062927 0.9960784316062927 0.9960784316062927
v 0.008373678591707042 0.5373257684324069 -0.9863710521875345 1 1 1
v 0.022328821939053264 0.5332176590432335 -0.9988191098653948 1 1 1
v -0.003046038120466991 0.5052650345052329 -0.9612955635305147 0.9960784316062927 0.9960784316062927 0.9960784316062927
v 0.022328821939053264 0.5332176590432335 -0.9988191098653948 1 1 1
v 0.011479050848302542 0.5010358997905179 -0.9683372933725551 0.9960784316062927 0.9960784316062927 0.9960784316062927
v 0.011479050848302542 0.5010358997905179 -0.9683372933725551 0.9960784316062927 0.9960784316062927 0.9960784316062927
v 0.022328821939053264 0.5332176590432335 -0.9988191098653948 1 1 1
v 0.03243211097451374 0.5348587433147407 -1.002893552855247 1 1 1
v 0.011479050848302542 0.5010358997905179 -0.9683372933725551 0.9960784316062927 0.9960784316062927 0.9960784316062927
v 0.03243211097451374 0.5348587433147407 -1.002893552855247 1 1 1
v 0.01950672948288299 0.5028996165667827 -0.9714083294413258 0.9960784316062927 0.9960784316062927 0.9960784316062927
v 0.045357493921336076 0.5668178700626987 -1.0343787762691679 1 1 1
v 0.052176090734068224 0.5707499144875151 -1.0352230199919334 1 1 1
v 0.03981196647446808 0.538495185996748 -1.0036675748331596 1 1 1
v 0.045357493921336076 0.5668178700626987 -1.0343787762691679 1 1 1
v 0.03981196647446808 0.538495185996748 -1.0036675748331596 1 1 1
v 0.03243211097451374 0.5348587433147407 -1.002893552855247 1 1 1
v 0.01950672948288299 0.5028996165667827 -0.9714083294413258 0.9960784316062927 0.9960784316062927 0.9960784316062927
v 0.03243211097451374 0.5348587433147407 -1.002893552855247 1 1 1
v 0.03981196647446808 0.538495185996748 -1.0036675748331596 1 1 1
v 0.01950672948288299 0.5028996165667827 -0.9714083294413258 0.9960784316062927 0.9960784316062927 0.9960784316062927
v 0.03981196647446808 0.538495185996748 -1.0036675748331596 1 1 1
v 0.027447839304484755 0.5062404575059807 -0.972112129674386 0.9960784316062927 0.9960784316062927 0.9960784316062927
v 0.027447839304484755 0.5062404575059807 -0.972112129674386 0.9960784316062927 0.9960784316062927 0.9960784316062927
v 0.04996472561184678 0.5112845954023336 -0.9693349248471214 0.9960784316062927 0.9960784316062927 0.9960784316062927
v 0.050268185919345815 0.4081769418669897 -0.9257821812479115 1 1 1
v 0.027447839304484755 0.5062404575059807 -0.972112129674386 0.9960784316062927 0.9960784316062927 0.9960784316062927
v 0.050268185919345815 0.4081769418669897 -0.9257821812479115 1 1 1
v 0.022465717720075017 0.40469365364051313 -0.9304408442155275 1 1 1
v 0.07589086964235792 0.5818978009299502 -1.0240568334805646 1 1 1
v 0.07516159673007179 0.5837274306388526 -1.0066564673115463 1 1 1
v 0.07180678279339289 0.5448961219014935 -0.9861660659073767 1 1 1
v 0.07589086964235792 0.5818978009299502 -1.0240568334805646 1 1 1
v 0.07180678279339289 0.5448961219014935 -0.9861660659073767 1 1 1
v 0.0629277976271041 0.5465911748830775 -0.996695879163843 1 1 1
v 0.04996472561184678 0.5112845954023336 -0.9693349248471214 0.9960784316062927 0.9960784316062927 0.9960784316062927
v 0.0629277976271041 0.5465911748830775 -0.996695879163843 1 1 1
v 0.07180678279339289 0.5448961219014935 -0.9861660659073767 1 1 1
v 0.04996472561184678 0.5112845954023336 -0.9693349248471214 0.9960784316062927 0.9960784316062927 0.9960784316062927
v 0.07180678279339289 0.5448961219014935 -0.9861660659073767 1 1 1
v 0.06845195721517099 0.5060649062963911 -0.9656755713709453 0.9960784316062927 0.9960784316062927 0.9960784316062927
v 0.07516159673007179 0.5837274306388526 -1.0066564673115463 1 1 1
v 0.07894482604033676 0.5860767852512035 -0.9801900477993265 1 1 1
v 0.07209525859607699 0.5511932129454068 -0.9597603687496821 1 1 1
v 0.07516159673007179 0.5837274306388526 -1.0066564673115463 1 1 1
v 0.07209525859607699 0.5511932129454068 -0.9597603687496821 1 1 1
v 0.07180678279339289 0.5448961219014935 -0.9861660659073767 1 1 1
v 0.06845195721517099 0.5060649062963911 -0.9656755713709453 0.9960784316062927 0.9960784316062927 0.9960784316062927
v 0.07180678279339289 0.5448961219014935 -0.9861660659073767 1 1 1
v 0.07209525859607699 0.5511932129454068 -0.9597603687496821 1 1 1
v 0.06845195721517099 0.5060649062963911 -0.9656755713709453 0.9960784316062927 0.9960784316062927 0.9960784316062927
v 0.07209525859607699 0.5511932129454068 -0.9597603687496821 1 1 1
v 0.0652456969725734 0.516309733771868 -0.9393305965677753 0.9960784316062927 0.9960784316062927 0.9960784316062927
v 0.07791987462198734 0.5991976767001634 -0.9574242388871897 1 1 1
v 0.06746351981392933 0.5931944171608877 -0.9463080655702096 1 1 1
v 0.06459703891734458 0.5584254909647409 -0.9302325059030621 1 1 1
v 0.07791987462198734 0.5991976767001634 -0.9574242388871897 1 1 1
v 0.06459703891734458 0.5584254909647409 -0.9302325059030621 1 1 1
v 0.07202630414595947 0.5632101612527219 -0.938015568794491 1 1 1
v 0.0652456969725734 0.516309733771868 -0.9393305965677753 0.9960784316062927 0.9960784316062927 0.9960784316062927
v 0.07209525859607699 0.5511932129454068 -0.9597603687496821 1 1 1
v 0.07202630414595947 0.5632101612527219 -0.938015568794491 1 1 1
v 0.0652456969725734 0.516309733771868 -0.9393305965677753 0.9960784316062927 0.9960784316062927 0.9960784316062927
v 0.07202630414595947 0.5632101612527219 -0.938015568794491 1 1 1
v 0.06613272784915851 0.5272226923714088 -0.9186068055695301 0.9960784316062927 0.9960784316062927 0.9960784316062927
v 0.07209525859607699 0.5511932129454068 -0.9597603687496821 1 1 1
v 0.07894482604033676 0.5860767852512035 -0.9801900477993265 1 1 1
v 0.07913510028406019 0.5909599423549216 -0.9679226662258101 0.9960784316062927 0.9960784316062927 0.9960784316062927
v 0.07913510028406019 0.5909599423549216 -0.9679226662258101 0.9960784316062927 0.9960784316062927 0.9960784316062927
v 0.07791987462198734 0.5991976767001634 -0.9574242388871897 1 1 1
v 0.07202630414595947 0.5632101612527219 -0.938015568794491 1 1 1
v 0.06613272784915851 0.5272226923714088 -0.9186068055695301 0.9960784316062927 0.9960784316062927 0.9960784316062927
v 0.07202630414595947 0.5632101612527219 -0.938015568794491 1 1 1
v 0.06459703891734458 0.5584254909647409 -0.9302325059030621 1 1 1
v 0.06613272784915851 0.5272226923714088 -0.9186068055695301 0.9960784316062927 0.9960784316062927 0.9960784316062927
v 0.06459703891734458 0.5584254909647409 -0.9302325059030621 1 1 1
v 0.06173055220000017 0.5236565182024648 -0.9141570393681766 0.9960784316062927 0.9960784316062927 0.9960784316062927
v 0.06746351981392933 0.5931944171608877 -0.9463080655702096 1 1 1
v 0.04637956225117046 0.567185928821351 -0.9490140241679023 1 1 1
v 0.04595087852391357 0.5426668596686984 -0.9289658146441412 1 1 1
v 0.06746351981392933 0.5931944171608877 -0.9463080655702096 1 1 1
v 0.04595087852391357 0.5426668596686984 -0.9289658146441412 1 1 1
v 0.06459703891734458 0.5584254909647409 -0.9302325059030621 1 1 1
v 0.06173055220000017 0.5236565182024648 -0.9141570393681766 0.9960784316062927 0.9960784316062927 0.9960784316062927
v 0.06459703891734458 0.5584254909647409 -0.9302325059030621 1 1 1
v 0.04595087852391357 0.5426668596686984 -0.9289658146441412 1 1 1
v 0.06173055220000017 0.5236565182024648 -0.9141570393681766 0.9960784316062927 0.9960784316062927 0.9960784316062927
v 0.04595087852391357 0.5426668596686984 -0.9289658146441412 1 1 1
v 0.045522194796660205 0.5181477439499169 -0.9089176051203802 0.9960784316062927 0.9960784316062927 0.9960784316062927
v 0.050372586871046135 0.4525542762907847 -0.8444316159401347 1 1 1
v 0.045522194796660205 0.5181477439499169 -0.9089176051203802 0.9960784316062927 0.9960784316062927 0.9960784316062927
v 0.03588944052904014 0.5171897382562859 -0.9069506520740316 0.9960784316062927 0.9960784316062927 0.9960784316062927
v 0.050372586871046135 0.4525542762907847 -0.8444316159401347 1 1 1
v 0.03588944052904014 0.5171897382562859 -0.9069506520740316 0.9960784316062927 0.9960784316062927 0.9960784316062927
v 0.041217606912349346 0.45206654196727664 -0.8430187067048096 0.9960784316062927 0.9960784316062927 0.9960784316062927
v 0.04595087852391357 0.5426668596686984 -0.9289658146441412 1 1 1
v 0.04637956225117046 0.567185928821351 -0.9490140241679023 1 1 1
v 0.037092549837910306 0.5667201737006357 -0.9473368987094499 0.9960784316062927 0.9960784316062927 0.9960784316062927
v 0.04595087852391357 0.5426668596686984 -0.9289658146441412 1 1 1
v 0.037092549837910306 0.5667201737006357 -0.9473368987094499 0.9960784316062927 0.9960784316062927 0.9960784316062927
v 0.03649099518346852 0.5419550025445896 -0.9271436822594786 0.9960784316062927 0.9960784316062927 0.9960784316062927
v 0.03649099518346852 0.5419550025445896 -0.9271436822594786 0.9960784316062927 0.9960784316062927 0.9960784316062927
v 0.037092549837910306 0.5667201737006357 -0.9473368987094499 0.9960784316062927 0.9960784316062927 0.9960784316062927
v 0.029387103565775445 0.568171080557884 -0.946571351778535 1 1 1
v 0.03649099518346852 0.5419550025445896 -0.9271436822594786 0.9960784316062927 0.9960784316062927 0.9960784316062927
v 0.029387103565775445 0.568171080557884 -0.946571351778535 1 1 1
v 0.026988634635214472 0.5437469595929988 -0.9260198555776775 1 1 1
v 0.041217606912349346 0.45206654196727664 -0.8430187067048096 0.9960784316062927 0.9960784316062927 0.9960784316062927
v 0.03588944052904014 0.5171897382562859 -0.9069506520740316 0.9960784316062927 0.9960784316062927 0.9960784316062927
v 0.024590162794266787 0.519322885194242 -0.9054683593768201 0.9960784316062927 0.9960784316062927 0.9960784316062927
v 0.041217606912349346 0.45206654196727664 -0.8430187067048096 0.9960784316062927 0.9960784316062927 0.9960784316062927
v 0.024590162794266787 0.519322885194242 -0.9054683593768201 0.9960784316062927 0.9960784316062927 0.9960784316062927
v 0.0304445616247481 0.45221997654810203 -0.8442273775714035 1 1 1
v 0.01573814824547991 0.607259200211444 -0.9814969749971879 0.9960784316062927 0.9960784316062927 0.9960784316062927
v 0.012329725474882305 0.6122612869362462 -0.9850629162983279 0.9960784316062927 0.9960784316062927 0.9960784316062927
v 0.006144126879256712 0.5767578263749137 -0.9588286758568021 1 1 1
v 0.01573814824547991 0.607259200211444 -0.9814969749971879 0.9960784316062927 0.9960784316062927 0.9960784316062927
v 0.006144126879256712 0.5767578263749137 -0.9588286758568021 1 1 1
v 0.015650262397794646 0.5690592352940631 -0.9528632747455779 1 1 1
v 0.03239019519913565 0.6056288747356458 -0.9761782840695601 0.9960784316062927 0.9960784316062927 0.9960784316062927
v 0.045271496058844285 0.6167704273666683 -1.005191963512737 1 1 1
v 0.01573814824547991 0.607259200211444 -0.9814969749971879 0.9960784316062927 0.9960784316062927 0.9960784316062927
v 0.012329725474882305 0.6122612869362462 -0.9850629162983279 0.9960784316062927 0.9960784316062927 0.9960784316062927
v 0.013686320839826481 0.6128254822543684 -0.9943655253864344 0.9960784316062927 0.9960784316062927 0.9960784316062927
v 0.005320817656003425 0.5772196691775073 -0.969973627428865 1 1 1
v 0.012329725474882305 0.6122612869362462 -0.9850629162983279 0.9960784316062927 0.9960784316062927 0.9960784316062927
v 0.005320817656003425 0.5772196691775073 -0.969973627428865 1 1 1
v 0.006144126879256712 0.5767578263749137 -0.9588286758568021 1 1 1
v 0.01573814824547991 0.607259200211444 -0.9814969749971879 0.9960784316062927 0.9960784316062927 0.9960784316062927
v 0.045271496058844285 0.6167704273666683 -1.005191963512737 1 1 1
v 0.012329725474882305 0.6122612869362462 -0.9850629162983279 0.9960784316062927 0.9960784316062927 0.9960784316062927
v 0.013686320839826481 0.6128254822543684 -0.9943655253864344 0.9960784316062927 0.9960784316062927 0.9960784316062927
v 0.018908246127038977 0.609042403784396 -1.0095424517757219 0.9960784316062927 0.9960784316062927 0.9960784316062927
v 0.00534980734307883 0.5758083895162524 -0.9906800026627389 1 1 1
v 0.013686320839826481 0.6128254822543684 -0.9943655253864344 0.9960784316062927 0.9960784316062927 0.9960784316062927
v 0.00534980734307883 0.5758083895162524 -0.9906800026627389 1 1 1
v 0.005320817656003425 0.5772196691775073 -0.969973627428865 1 1 1
v 0.012329725474882305 0.6122612869362462 -0.9850629162983279 0.9960784316062927 0.9960784316062927 0.9960784316062927
v 0.045271496058844285 0.6167704273666683 -1.005191963512737 1 1 1
v 0.013686320839826481 0.6128254822543684 -0.9943655253864344 0.9960784316062927 0.9960784316062927 0.9960784316062927
v 0.018908246127038977 0.609042403784396 -1.0095424517757219 0.9960784316062927 0.9960784316062927 0.9960784316062927
v 0.023493201533149148 0.6103576178704225 -1.0211976748268465 0.9960784316062927 0.9960784316062927 0.9960784316062927
v 0.019793394212487048 0.5693865489257094 -1.0114466339768167 1 1 1
v 0.018908246127038977 0.609042403784396 -1.0095424517757219 0.9960784316062927 0.9960784316062927 0.9960784316062927
v 0.019793394212487048 0.5693865489257094 -1.0114466339768167 1 1 1
v 0.00534980734307883 0.5758083895162524 -0.9906800026627389 1 1 1
v 0.013686320839826481 0.6128254822543684 -0.9943655253864344 0.9960784316062927 0.9960784316062927 0.9960784316062927
v 0.045271496058844285 0.6167704273666683 -1.005191963512737 1 1 1
v 0.018908246127038977 0.609042403784396 -1.0095424517757219 0.9960784316062927 0.9960784316062927 0.9960784316062927
v 0.033463799042691714 0.611894719966456 -1.0285408739572766 0.9960784316062927 0.9960784316062927 0.9960784316062927
v 0.04516427883402399 0.6118603084806858 -1.0321065353444745 0.9960784316062927 0.9960784316062927 0.9960784316062927
v 0.045357493921336076 0.5668178700626987 -1.0343787762691679 1 1 1
v 0.033463799042691714 0.611894719966456 -1.0285408739572766 0.9960784316062927 0.9960784316062927 0.9960784316062927
v 0.045357493921336076 0.5668178700626987 -1.0343787762691679 1 1 1
v 0.033178590847022967 0.5653994182959489 -1.029301112622759 1 1 1
v 0.018908246127038977 0.609042403784396 -1.0095424517757219 0.9960784316062927 0.9960784316062927 0.9960784316062927
v 0.045271496058844285 0.6167704273666683 -1.005191963512737 1 1 1
v 0.023493201533149148 0.6103576178704225 -1.0211976748268465 0.9960784316062927 0.9960784316062927 0.9960784316062927
v 0.019793394212487048 0.5693865489257094 -1.0114466339768167 1 1 1
v 0.033178590847022967 0.5653994182959489 -1.029301112622759 1 1 1
v 0.022328821939053264 0.5332176590432335 -0.9988191098653948 1 1 1
v 0.019793394212487048 0.5693865489257094 -1.0114466339768167 1 1 1
v 0.022328821939053264 0.5332176590432335 -0.9988191098653948 1 1 1
v 0.008373678591707042 0.5373257684324069 -0.9863710521875345 1 1 1
v 0.023493201533149148 0.6103576178704225 -1.0211976748268465 0.9960784316062927 0.9960784316062927 0.9960784316062927
v 0.045271496058844285 0.6167704273666683 -1.005191963512737 1 1 1
v 0.033463799042691714 0.611894719966456 -1.0285408739572766 0.9960784316062927 0.9960784316062927 0.9960784316062927
v 0.04516427883402399 0.6118603084806858 -1.0321065353444745 0.9960784316062927 0.9960784316062927 0.9960784316062927
v 0.05168500084757595 0.6154349578450046 -1.0324568055591288 0.9960784316062927 0.9960784316062927 0.9960784316062927
v 0.052176090734068224 0.5707499144875151 -1.0352230199919334 1 1 1
v 0.04516427883402399 0.6118603084806858 -1.0321065353444745 0.9960784316062927 0.9960784316062927 0.9960784316062927
v 0.052176090734068224 0.5707499144875151 -1.0352230199919334 1 1 1
v 0.045357493921336076 0.5668178700626987 -1.0343787762691679 1 1 1
v 0.033463799042691714 0.611894719966456 -1.0285408739572766 0.9960784316062927 0.9960784316062927 0.9960784316062927
v 0.045271496058844285 0.6167704273666683 -1.005191963512737 1 1 1
v 0.04516427883402399 0.6118603084806858 -1.0321065353444745 0.9960784316062927 0.9960784316062927 0.9960784316062927
v 0.052176090734068224 0.5707499144875151 -1.0352230199919334 1 1 1
v 0.07589086964235792 0.5818978009299502 -1.0240568334805646 1 1 1
v 0.0629277976271041 0.5465911748830775 -0.996695879163843 1 1 1
v 0.052176090734068224 0.5707499144875151 -1.0352230199919334 1 1 1
v 0.0629277976271041 0.5465911748830775 -0.996695879163843 1 1 1
v 0.03981196647446808 0.538495185996748 -1.0036675748331596 1 1 1
v 0.04516427883402399 0.6118603084806858 -1.0321065353444745 0.9960784316062927 0.9960784316062927 0.9960784316062927
v 0.045271496058844285 0.6167704273666683 -1.005191963512737 1 1 1
v 0.05168500084757595 0.6154349578450046 -1.0324568055591288 0.9960784316062927 0.9960784316062927 0.9960784316062927
v 0.05168500084757595 0.6154349578450046 -1.0324568055591288 0.9960784316062927 0.9960784316062927 0.9960784316062927
v 0.06375475496088433 0.6207294810268063 -1.0209534806574625 0.9960784316062927 0.9960784316062927 0.9960784316062927
v 0.07589086964235792 0.5818978009299502 -1.0240568334805646 1 1 1
v 0.05168500084757595 0.6154349578450046 -1.0324568055591288 0.9960784316062927 0.9960784316062927 0.9960784316062927
v 0.07589086964235792 0.5818978009299502 -1.0240568334805646 1 1 1
v 0.052176090734068224 0.5707499144875151 -1.0352230199919334 1 1 1
v 0.06375475496088433 0.6207294810268063 -1.0209534806574625 0.9960784316062927 0.9960784316062927 0.9960784316062927
v 0.0708790815972441 0.6210666669028176 -1.0106589195551814 0.9960784316062927 0.9960784316062927 0.9960784316062927
v 0.07516159673007179 0.5837274306388526 -1.0066564673115463 1 1 1
v 0.06375475496088433 0.6207294810268063 -1.0209534806574625 0.9960784316062927 0.9960784316062927 0.9960784316062927
v 0.07516159673007179 0.5837274306388526 -1.0066564673115463 1 1 1
v 0.07589086964235792 0.5818978009299502 -1.0240568334805646 1 1 1
v 0.0708790815972441 0.6210666669028176 -1.0106589195551814 0.9960784316062927 0.9960784316062927 0.9960784316062927
v 0.07914333549749278 0.6201069396136104 -0.9980010341302178 0.9960784316062927 0.9960784316062927 0.9960784316062927
v 0.07894482604033676 0.5860767852512035 -0.9801900477993265 1 1 1
v 0.0708790815972441 0.6210666669028176 -1.0106589195551814 0.9960784316062927 0.9960784316062927 0.9960784316062927
v 0.07894482604033676 0.5860767852512035 -0.9801900477993265 1 1 1
v 0.07516159673007179 0.5837274306388526 -1.0066564673115463 1 1 1
v 0.06375475496088433 0.6207294810268063 -1.0209534806574625 0.9960784316062927 0.9960784316062927 0.9960784316062927
v 0.045271496058844285 0.6167704273666683 -1.005191963512737 1 1 1
v 0.0708790815972441 0.6210666669028176 -1.0106589195551814 0.9960784316062927 0.9960784316062927 0.9960784316062927
v 0.07782062462874462 0.6127120985729153 -0.9841463994651056 0.9960784316062927 0.9960784316062927 0.9960784316062927
v 0.07014430919899746 0.6007405982224898 -0.9776447433767 0.9960784316062927 0.9960784316062927 0.9960784316062927
v 0.06746351981392933 0.5931944171608877 -0.9463080655702096 1 1 1
v 0.07782062462874462 0.6127120985729153 -0.9841463994651056 0.9960784316062927 0.9960784316062927 0.9960784316062927
v 0.06746351981392933 0.5931944171608877 -0.9463080655702096 1 1 1
v 0.07791987462198734 0.5991976767001634 -0.9574242388871897 1 1 1
v 0.0708790815972441 0.6210666669028176 -1.0106589195551814 0.9960784316062927 0.9960784316062927 0.9960784316062927
v 0.045271496058844285 0.6167704273666683 -1.005191963512737 1 1 1
v 0.07914333549749278 0.6201069396136104 -0.9980010341302178 0.9960784316062927 0.9960784316062927 0.9960784316062927
v 0.07894482604033676 0.5860767852512035 -0.9801900477993265 1 1 1
v 0.07914333549749278 0.6201069396136104 -0.9980010341302178 0.9960784316062927 0.9960784316062927 0.9960784316062927
v 0.08434349181969171 0.6151921179493218 -0.9886552114480577 0.9960784316062927 0.9960784316062927 0.9960784316062927
v 0.07894482604033676 0.5860767852512035 -0.9801900477993265 1 1 1
v 0.08434349181969171 0.6151921179493218 -0.9886552114480577 0.9960784316062927 0.9960784316062927 0.9960784316062927
v 0.07913510028406019 0.5909599423549216 -0.9679226662258101 0.9960784316062927 0.9960784316062927 0.9960784316062927
v 0.07914333549749278 0.6201069396136104 -0.9980010341302178 0.9960784316062927 0.9960784316062927 0.9960784316062927
v 0.045271496058844285 0.6167704273666683 -1.005191963512737 1 1 1
v 0.07782062462874462 0.6127120985729153 -0.9841463994651056 0.9960784316062927 0.9960784316062927 0.9960784316062927
v 0.07914333549749278 0.6201069396136104 -0.9980010341302178 0.9960784316062927 0.9960784316062927 0.9960784316062927
v 0.07782062462874462 0.6127120985729153 -0.9841463994651056 0.9960784316062927 0.9960784316062927 0.9960784316062927
v 0.08434349181969171 0.6151921179493218 -0.9886552114480577 0.9960784316062927 0.9960784316062927 0.9960784316062927
v 0.07913510028406019 0.5909599423549216 -0.9679226662258101 0.9960784316062927 0.9960784316062927 0.9960784316062927
v 0.08434349181969171 0.6151921179493218 -0.9886552114480577 0.9960784316062927 0.9960784316062927 0.9960784316062927
v 0.07782062462874462 0.6127120985729153 -0.9841463994651056 0.9960784316062927 0.9960784316062927 0.9960784316062927
v 0.07913510028406019 0.5909599423549216 -0.9679226662258101 0.9960784316062927 0.9960784316062927 0.9960784316062927
v 0.07782062462874462 0.6127120985729153 -0.9841463994651056 0.9960784316062927 0.9960784316062927 0.9960784316062927
v 0.07791987462198734 0.5991976767001634 -0.9574242388871897 1 1 1
v 0.07014430919899746 0.6007405982224898 -0.9776447433767 0.9960784316062927 0.9960784316062927 0.9960784316062927
v 0.04545967047610657 0.5943422240067278 -0.9756364401211722 0.9960784316062927 0.9960784316062927 0.9960784316062927
v 0.04637956225117046 0.567185928821351 -0.9490140241679023 1 1 1
v 0.07014430919899746 0.6007405982224898 -0.9776447433767 0.9960784316062927 0.9960784316062927 0.9960784316062927
v 0.04637956225117046 0.567185928821351 -0.9490140241679023 1 1 1
v 0.06746351981392933 0.5931944171608877 -0.9463080655702096 1 1 1
v 0.07782062462874462 0.6127120985729153 -0.9841463994651056 0.9960784316062927 0.9960784316062927 0.9960784316062927
v 0.045271496058844285 0.6167704273666683 -1.005191963512737 1 1 1
v 0.07014430919899746 0.6007405982224898 -0.9776447433767 0.9960784316062927 0.9960784316062927 0.9960784316062927
v 0.029387103565775445 0.568171080557884 -0.946571351778535 1 1 1
v 0.015650262397794646 0.5690592352940631 -0.9528632747455779 1 1 1
v 0.013209218814028503 0.5459325398046605 -0.9318812280983773 1 1 1
v 0.029387103565775445 0.568171080557884 -0.946571351778535 1 1 1
v 0.013209218814028503 0.5459325398046605 -0.9318812280983773 1 1 1
v 0.026988634635214472 0.5437469595929988 -0.9260198555776775 1 1 1
v 0.07014430919899746 0.6007405982224898 -0.9776447433767 0.9960784316062927 0.9960784316062927 0.9960784316062927
v 0.045271496058844285 0.6167704273666683 -1.005191963512737 1 1 1
v 0.04545967047610657 0.5943422240067278 -0.9756364401211722 0.9960784316062927 0.9960784316062927 0.9960784316062927
v 0.04637956225117046 0.567185928821351 -0.9490140241679023 1 1 1
v 0.04545967047610657 0.5943422240067278 -0.9756364401211722 0.9960784316062927 0.9960784316062927 0.9960784316062927
v 0.03719321578402166 0.5955623956537601 -0.973029854651788 0.9960784316062927 0.9960784316062927 0.9960784316062927
v 0.04637956225117046 0.567185928821351 -0.9490140241679023 1 1 1
v 0.03719321578402166 0.5955623956537601 -0.973029854651788 0.9960784316062927 0.9960784316062927 0.9960784316062927
v 0.037092549837910306 0.5667201737006357 -0.9473368987094499 0.9960784316062927 0.9960784316062927 0.9960784316062927
v 0.04545967047610657 0.5943422240067278 -0.9756364401211722 0.9960784316062927 0.9960784316062927 0.9960784316062927
v 0.045271496058844285 0.6167704273666683 -1.005191963512737 1 1 1
v 0.03239019519913565 0.6056288747356458 -0.9761782840695601 0.9960784316062927 0.9960784316062927 0.9960784316062927
v 0.04545967047610657 0.5943422240067278 -0.9756364401211722 0.9960784316062927 0.9960784316062927 0.9960784316062927
v 0.03239019519913565 0.6056288747356458 -0.9761782840695601 0.9960784316062927 0.9960784316062927 0.9960784316062927
v 0.03719321578402166 0.5955623956537601 -0.973029854651788 0.9960784316062927 0.9960784316062927 0.9960784316062927
v 0.037092549837910306 0.5667201737006357 -0.9473368987094499 0.9960784316062927 0.9960784316062927 0.9960784316062927
v 0.03719321578402166 0.5955623956537601 -0.973029854651788 0.9960784316062927 0.9960784316062927 0.9960784316062927
v 0.03239019519913565 0.6056288747356458 -0.9761782840695601 0.9960784316062927 0.9960784316062927 0.9960784316062927
v 0.037092549837910306 0.5667201737006357 -0.9473368987094499 0.9960784316062927 0.9960784316062927 0.9960784316062927
v 0.03239019519913565 0.6056288747356458 -0.9761782840695601 0.9960784316062927 0.9960784316062927 0.9960784316062927
v 0.029387103565775445 0.568171080557884 -0.946571351778535 1 1 1
v 0.03588944052904014 0.5171897382562859 -0.9069506520740316 0.9960784316062927 0.9960784316062927 0.9960784316062927
v 0.03649099518346852 0.5419550025445896 -0.9271436822594786 0.9960784316062927 0.9960784316062927 0.9960784316062927
v 0.026988634635214472 0.5437469595929988 -0.9260198555776775 1 1 1
v 0.03588944052904014 0.5171897382562859 -0.9069506520740316 0.9960784316062927 0.9960784316062927 0.9960784316062927
v 0.026988634635214472 0.5437469595929988 -0.9260198555776775 1 1 1
v 0.024590162794266787 0.519322885194242 -0.9054683593768201 0.9960784316062927 0.9960784316062927 0.9960784316062927
v 0.045522194796660205 0.5181477439499169 -0.9089176051203802 0.9960784316062927 0.9960784316062927 0.9960784316062927
v 0.04595087852391357 0.5426668596686984 -0.9289658146441412 1 1 1
v 0.03649099518346852 0.5419550025445896 -0.9271436822594786 0.9960784316062927 0.9960784316062927 0.9960784316062927
v 0.045522194796660205 0.5181477439499169 -0.9089176051203802 0.9960784316062927 0.9960784316062927 0.9960784316062927
v 0.03649099518346852 0.5419550025445896 -0.9271436822594786 0.9960784316062927 0.9960784316062927 0.9960784316062927
v 0.03588944052904014 0.5171897382562859 -0.9069506520740316 0.9960784316062927 0.9960784316062927 0.9960784316062927
v 0.03239019519913565 0.6056288747356458 -0.9761782840695601 0.9960784316062927 0.9960784316062927 0.9960784316062927
v 0.01573814824547991 0.607259200211444 -0.9814969749971879 0.9960784316062927 0.9960784316062927 0.9960784316062927
v 0.015650262397794646 0.5690592352940631 -0.9528632747455779 1 1 1
v 0.03239019519913565 0.6056288747356458 -0.9761782840695601 0.9960784316062927 0.9960784316062927 0.9960784316062927
v 0.015650262397794646 0.5690592352940631 -0.9528632747455779 1 1 1
v 0.029387103565775445 0.568171080557884 -0.946571351778535 1 1 1
v 0.06173055220000017 0.5236565182024648 -0.9141570393681766 0.9960784316062927 0.9960784316062927 0.9960784316062927
v 0.045522194796660205 0.5181477439499169 -0.9089176051203802 0.9960784316062927 0.9960784316062927 0.9960784316062927
v 0.050372586871046135 0.4525542762907847 -0.8444316159401347 1 1 1
v 0.06173055220000017 0.5236565182024648 -0.9141570393681766 0.9960784316062927 0.9960784316062927 0.9960784316062927
v 0.050372586871046135 0.4525542762907847 -0.8444316159401347 1 1 1
v 0.06715754691303547 0.45312000945596437 -0.8513645672226618 1 1 1
v 0.07913510028406019 0.5909599423549216 -0.9679226662258101 0.9960784316062927 0.9960784316062927 0.9960784316062927
v 0.07202630414595947 0.5632101612527219 -0.938015568794491 1 1 1
v 0.07209525859607699 0.5511932129454068 -0.9597603687496821 1 1 1
v 0.06613272784915851 0.5272226923714088 -0.9186068055695301 0.9960784316062927 0.9960784316062927 0.9960784316062927
v 0.06173055220000017 0.5236565182024648 -0.9141570393681766 0.9960784316062927 0.9960784316062927 0.9960784316062927
v 0.06715754691303547 0.45312000945596437 -0.8513645672226618 1 1 1
v 0.06845195721517099 0.5060649062963911 -0.9656755713709453 0.9960784316062927 0.9960784316062927 0.9960784316062927
v 0.0652456969725734 0.516309733771868 -0.9393305965677753 0.9960784316062927 0.9960784316062927 0.9960784316062927
v 0.0748019044468389 0.42598895362004285 -0.8865002960958281 1 1 1
v 0.06845195721517099 0.5060649062963911 -0.9656755713709453 0.9960784316062927 0.9960784316062927 0.9960784316062927
v 0.0748019044468389 0.42598895362004285 -0.8865002960958281 1 1 1
v 0.06722819898232706 0.408352916547909 -0.9111942225250422 1 1 1
v 0.04996472561184678 0.5112845954023336 -0.9693349248471214 0.9960784316062927 0.9960784316062927 0.9960784316062927
v 0.06845195721517099 0.5060649062963911 -0.9656755713709453 0.9960784316062927 0.9960784316062927 0.9960784316062927
v 0.06722819898232706 0.408352916547909 -0.9111942225250422 1 1 1
v 0.04996472561184678 0.5112845954023336 -0.9693349248471214 0.9960784316062927 0.9960784316062927 0.9960784316062927
v 0.06722819898232706 0.408352916547909 -0.9111942225250422 1 1 1
v 0.050268185919345815 0.4081769418669897 -0.9257821812479115 1 1 1
v 0.045271496058844285 0.6167704273666683 -1.005191963512737 1 1 1
v 0.06375475496088433 0.6207294810268063 -1.0209534806574625 0.9960784316062927 0.9960784316062927 0.9960784316062927
v 0.05168500084757595 0.6154349578450046 -1.0324568055591288 0.9960784316062927 0.9960784316062927 0.9960784316062927
v 0.01950672948288299 0.5028996165667827 -0.9714083294413258 0.9960784316062927 0.9960784316062927 0.9960784316062927
v 0.027447839304484755 0.5062404575059807 -0.972112129674386 0.9960784316062927 0.9960784316062927 0.9960784316062927
v 0.022465717720075017 0.40469365364051313 -0.9304408442155275 1 1 1
v 0.01950672948288299 0.5028996165667827 -0.9714083294413258 0.9960784316062927 0.9960784316062927 0.9960784316062927
v 0.022465717720075017 0.40469365364051313 -0.9304408442155275 1 1 1
v 0.008166213639422505 0.4019507213141728 -0.9291480757744323 1 1 1
v 0.023493201533149148 0.6103576178704225 -1.0211976748268465 0.9960784316062927 0.9960784316062927 0.9960784316062927
v 0.033463799042691714 0.611894719966456 -1.0285408739572766 0.9960784316062927 0.9960784316062927 0.9960784316062927
v 0.033178590847022967 0.5653994182959489 -1.029301112622759 1 1 1
v 0.023493201533149148 0.6103576178704225 -1.0211976748268465 0.9960784316062927 0.9960784316062927 0.9960784316062927
v 0.033178590847022967 0.5653994182959489 -1.029301112622759 1 1 1
v 0.019793394212487048 0.5693865489257094 -1.0114466339768167 1 1 1
v 0.011479050848302542 0.5010358997905179 -0.9683372933725551 0.9960784316062927 0.9960784316062927 0.9960784316062927
v 0.01950672948288299 0.5028996165667827 -0.9714083294413258 0.9960784316062927 0.9960784316062927 0.9960784316062927
v 0.008166213639422505 0.4019507213141728 -0.9291480757744323 1 1 1
v 0.011479050848302542 0.5010358997905179 -0.9683372933725551 0.9960784316062927 0.9960784316062927 0.9960784316062927
v 0.008166213639422505 0.4019507213141728 -0.9291480757744323 1 1 1
v -0.009067897591022962 0.40042861296321053 -0.9272901808672145 1 1 1
v -0.0001527983552089932 0.5151444580290588 -0.9406943345205554 0.9960784316062927 0.9960784316062927 0.9960784316062927
v -0.003046038120466991 0.5052650345052329 -0.9612955635305147 0.9960784316062927 0.9960784316062927 0.9960784316062927
v -0.01750844836129605 0.4068950643582942 -0.9189113509295916 1 1 1
v -0.0001527983552089932 0.5151444580290588 -0.9406943345205554 0.9960784316062927 0.9960784316062927 0.9960784316062927
v -0.01750844836129605 0.4068950643582942 -0.9189113509295916 1 1 1
v -0.01459164742698935 0.42800386326119644 -0.8906096670896083 1 1 1
v 0.0016912960964707462 0.5258170889104765 -0.921477237226197 0.9960784316062927 0.9960784316062927 0.9960784316062927
v -0.0001527983552089932 0.5151444580290588 -0.9406943345205554 0.9960784316062927 0.9960784316062927 0.9960784316062927
v -0.01459164742698935 0.42800386326119644 -0.8906096670896083 1 1 1
v 0.0016912960964707462 0.5258170889104765 -0.921477237226197 0.9960784316062927 0.9960784316062927 0.9960784316062927
v -0.01459164742698935 0.42800386326119644 -0.8906096670896083 1 1 1
v -0.015126569809878507 0.4505743726843596 -0.861995058967035 1 1 1
v 0.0057263334680232114 0.5266179334970252 -0.9149113194760633 0.9960784316062927 0.9960784316062927 0.9960784316062927
v 0.0016912960964707462 0.5258170889104765 -0.921477237226197 0.9960784316062927 0.9960784316062927 0.9960784316062927
v -0.015126569809878507 0.4505743726843596 -0.861995058967035 1 1 1
v 0.0057263334680232114 0.5266179334970252 -0.9149113194760633 0.9960784316062927 0.9960784316062927 0.9960784316062927
v -0.015126569809878507 0.4505743726843596 -0.861995058967035 1 1 1
v -0.00792362516307876 0.45480932980558725 -0.8553104906065222 1 1 1
v 0.010768173775077465 0.5228057977491288 -0.9108992745834389 0.9960784316062927 0.9960784316062927 0.9960784316062927
v 0.0057263334680232114 0.5266179334970252 -0.9149113194760633 0.9960784316062927 0.9960784316062927 0.9960784316062927
v -0.00792362516307876 0.45480932980558725 -0.8553104906065222 1 1 1
v 0.010768173775077465 0.5228057977491288 -0.9108992745834389 0.9960784316062927 0.9960784316062927 0.9960784316062927
v -0.00792362516307876 0.45480932980558725 -0.8553104906065222 1 1 1
v 0.005300290846055916 0.4545809239425409 -0.8518529549225248 1 1 1
v 0.027852815890836425 0.48771784851131905 0.8638064819009528 0.9960784316062927 0.9960784316062927 0.9960784316062927
v 0.03517703116193797 0.4859996054802452 0.860907554228509 0.9960784316062927 0.9960784316062927 0.9960784316062927
v 0.034036781445568404 0.4828072178728917 0.8509154869184336 1 1 1
v 0.027852815890836425 0.48771784851131905 0.8638064819009528 0.9960784316062927 0.9960784316062927 0.9960784316062927
v 0.034036781445568404 0.4828072178728917 0.8509154869184336 1 1 1
v 0.022108096753428886 0.48662186767179716 0.8548954005997489 1 1 1
v 0.03956077347683558 0.41478625797387925 0.736139333831743 1 1 1
v 0.008446532099915412 0.42015612189166546 0.7367994542406846 1 1 1
v 0.016456084788878177 0.46451878858173273 0.8123553770358046 1 1 1
v 0.03956077347683558 0.41478625797387925 0.736139333831743 1 1 1
v 0.016456084788878177 0.46451878858173273 0.8123553770358046 1 1 1
v 0.034232388903412084 0.4553020957625108 0.8089226155946246 1 1 1
v 0.06079195757459134 0.3108043735177402 -0.9002929051991801 0.9960784316062927 0.9960784316062927 0.9960784316062927
v 0.07781212168751368 0.3172027704379149 -0.8775223459240171 0.9960784316062927 0.9960784316062927 0.9960784316062927
v 0.08034966900837687 0.2192539223596143 -0.8805732656120885 1 1 1
v 0.05601226688594343 0.47362214377210743 0.8776045862920867 0.9960784316062927 0.9960784316062927 0.9960784316062927
v 0.05953312035927336 0.47903121898516254 0.8672731451783734 0.9960784316062927 0.9960784316062927 0.9960784316062927
v 0.04011749680432566 0.48110741493491366 0.8730673682018639 1 1 1
v 0.0652456969725734 0.516309733771868 -0.9393305965677753 0.9960784316062927 0.9960784316062927 0.9960784316062927
v 0.06613272784915851 0.5272226923714088 -0.9186068055695301 0.9960784316062927 0.9960784316062927 0.9960784316062927
v 0.0748019044468389 0.42598895362004285 -0.8865002960958281 1 1 1
v 0.05953312035927336 0.47903121898516254 0.8672731451783734 0.9960784316062927 0.9960784316062927 0.9960784316062927
v 0.051104283875109624 0.4833493420321363 0.8593157381494483 0.9960784316062927 0.9960784316062927 0.9960784316062927
v 0.04011749680432566 0.48110741493491366 0.8730673682018639 1 1 1
v 0.03219788417848918 0.476415178375443 0.886967916846401 0.9960784316062927 0.9960784316062927 0.9960784316062927
v 0.02464601008157131 0.4795532226543303 0.8844399344648113 0.9960784316062927 0.9960784316062927 0.9960784316062927
v 0.015229584627750021 0.47566038671377464 0.8919692118739341 1 1 1
v 0.03219788417848918 0.476415178375443 0.886967916846401 0.9960784316062927 0.9960784316062927 0.9960784316062927
v 0.015229584627750021 0.47566038671377464 0.8919692118739341 1 1 1
v 0.028075256577320063 0.47114822294184155 0.8974569377270307 1 1 1
v 0.04799069463546897 0.4742678756736051 0.8847063866658031 0.9960784316062927 0.9960784316062927 0.9960784316062927
v 0.05601226688594343 0.47362214377210743 0.8776045862920867 0.9960784316062927 0.9960784316062927 0.9960784316062927
v 0.04011749680432566 0.48110741493491366 0.8730673682018639 1 1 1
vt 0.026405589655041695 0.9691098872572184
vt 0.018787769600749016 0.9662010669708252
vt 0.01713515631854534 0.9702180456370115
vt 0.01735151745378971 0.9733716920018196
vt 0.01713515631854534 0.9702180456370115
vt 0.011678889393806458 0.9692900590598583
vt 0.01735151745378971 0.9733716920018196
vt 0.011678889393806458 0.9692900590598583
vt 0.012363133952021599 0.9750591106712818
vt 0.026405589655041695 0.9691098872572184
vt 0.01713515631854534 0.9702180456370115
vt 0.01735151745378971 0.9733716920018196
vt 0.018867893144488335 0.9762172233313322
vt 0.01735151745378971 0.9733716920018196
vt 0.012363133952021599 0.9750591106712818
vt 0.018867893144488335 0.9762172233313322
vt 0.012363133952021599 0.9750591106712818
vt 0.015156012028455734 0.979929743334651
vt 0.026405589655041695 0.9691098872572184
vt 0.01735151745378971 0.9733716920018196
vt 0.018867893144488335 0.9762172233313322
vt 0.021344611421227455 0.9789298884570599
vt 0.018867893144488335 0.9762172233313322
vt 0.015156012028455734 0.979929743334651
vt 0.021344611421227455 0.9789298884570599
vt 0.015156012028455734 0.979929743334651
vt 0.018847081810235977 0.9845201736316085
vt 0.026405589655041695 0.9691098872572184
vt 0.018867893144488335 0.9762172233313322
vt 0.021344611421227455 0.9789298884570599
vt 0.024339715018868446 0.9796283040195704
vt 0.021344611421227455 0.9789298884570599
vt 0.018847081810235977 0.9845201736316085
vt 0.024339715018868446 0.9796283040195704
vt 0.018847081810235977 0.9845201736316085
vt 0.0236181803047657 0.9861778663471341
vt 0.026405589655041695 0.9691098872572184
vt 0.021344611421227455 0.9789298884570599
vt 0.024339715018868446 0.9796283040195704
vt 0.03285146504640579 0.9756838493049145
vt 0.02876368537545204 0.9783456567674875
vt 0.03095322474837303 0.9846199555322528
vt 0.03285146504640579 0.9756838493049145
vt 0.03095322474837303 0.9846199555322528
vt 0.037671785801649094 0.9809358473867178
vt 0.026405589655041695 0.9691098872572184
vt 0.024339715018868446 0.9796283040195704
vt 0.02876368537545204 0.9783456567674875
vt 0.022647680714726448 0.9996732384315692
vt 0.035434018820524216 0.997699883300811
vt 0.03095322474837303 0.9846199555322528
vt 0.022647680714726448 0.9996732384315692
vt 0.03095322474837303 0.9846199555322528
vt 0.0236181803047657 0.9861778663471341
vt 0.026405589655041695 0.9691098872572184
vt 0.02876368537545204 0.9783456567674875
vt 0.03285146504640579 0.9756838493049145
vt 0.03549481928348541 0.9696942269802094
vt 0.03423714265227318 0.9740643352270126
vt 0.04063925892114639 0.9770241025835276
vt 0.03549481928348541 0.9696942269802094
vt 0.04063925892114639 0.9770241025835276
vt 0.04231460392475128 0.9705352354794741
vt 0.026405589655041695 0.9691098872572184
vt 0.03423714265227318 0.9740643352270126
vt 0.03549481928348541 0.9696942269802094
vt 0.10793061554431915 0.9430508576333523
vt 0.11395721137523651 0.9248459413647652
vt 0.0872810035943985 0.9227554202079773
vt 0.10793061554431915 0.9430508576333523
vt 0.0872810035943985 0.9227554202079773
vt 0.08186657726764679 0.9379748664796352
vt 0.03529820591211319 0.9637046754360199
vt 0.03549481928348541 0.9696942269802094
vt 0.04231460392475128 0.9705352354794741
vt 0.03529820591211319 0.9637046754360199
vt 0.04231460392475128 0.9705352354794741
vt 0.04151521623134613 0.9605908058583736
vt 0.11395721137523651 0.9248459413647652
vt 0.1091206818819046 0.8962535560131073
vt 0.08740279823541641 0.8999743461608887
vt 0.11395721137523651 0.9248459413647652
vt 0.08740279823541641 0.8999743461608887
vt 0.0872810035943985 0.9227554202079773
vt 0.03113662637770176 0.9586324021220207
vt 0.03529820591211319 0.9637046754360199
vt 0.04151521623134613 0.9605908058583736
vt 0.03113662637770176 0.9586324021220207
vt 0.04151521623134613 0.9605908058583736
vt 0.034315984696149826 0.9506490938365459
vt 0.1091206818819046 0.8962535560131073
vt 0.10002965480089188 0.8758488371968269
vt 0.08292832970619202 0.882340133190155
vt 0.1091206818819046 0.8962535560131073
vt 0.08292832970619202 0.882340133190155
vt 0.08740279823541641 0.8999743461608887
vt 0.03113662637770176 0.9586324021220207
vt 0.034315984696149826 0.9506490938365459
vt 0.023160099983215332 0.9509164169430733
vt 0.03113662637770176 0.9586324021220207
vt 0.023160099983215332 0.9509164169430733
vt 0.024595072492957115 0.9591882228851318
vt 0.17531563341617584 0.8864995613694191
vt 0.15025848150253296 0.8545095920562744
vt 0.10002965480089188 0.8758488371968269
vt 0.17531563341617584 0.8864995613694191
vt 0.10002965480089188 0.8758488371968269
vt 0.1091206818819046 0.8962535560131073
vt 0.02148120477795601 0.9620350860059261
vt 0.024595072492957115 0.9591882228851318
vt 0.023160099983215332 0.9509164169430733
vt 0.02148120477795601 0.9620350860059261
vt 0.023160099983215332 0.9509164169430733
vt 0.018521970137953758 0.9551490284502506
vt 0.026405589655041695 0.9691098872572184
vt 0.024595072492957115 0.9591882228851318
vt 0.02148120477795601 0.9620350860059261
vt 0.00396205298602581 0.9541175477206707
vt 0.0015558688901364803 0.9638063907623291
vt 0.011678889393806458 0.9692900590598583
vt 0.00396205298602581 0.9541175477206707
vt 0.011678889393806458 0.9692900590598583
vt 0.014067813754081726 0.9625488519668579
vt 0.026405589655041695 0.9691098872572184
vt 0.02148120477795601 0.9620350860059261
vt 0.01945105940103531 0.9633021056652069
vt 0.026405589655041695 0.9691098872572184
vt 0.01945105940103531 0.9633021056652069
vt 0.018787769600749016 0.9662010669708252
vt 0.02148120477795601 0.9620350860059261
vt 0.018521970137953758 0.9551490284502506
vt 0.016411347314715385 0.9580704383552074
vt 0.02148120477795601 0.9620350860059261
vt 0.016411347314715385 0.9580704383552074
vt 0.01945105940103531 0.9633021056652069
vt 0.018787769600749016 0.9662010669708252
vt 0.01945105940103531 0.9633021056652069
vt 0.01564314402639866 0.9585708528757095
vt 0.018787769600749016 0.9662010669708252
vt 0.01564314402639866 0.9585708528757095
vt 0.014067813754081726 0.9625488519668579
vt 0.1233937218785286 0.8099363744258881
vt 0.1131010502576828 0.8053570240736008
vt 0.102874755859375 0.8167930096387863
vt 0.1233937218785286 0.8099363744258881
vt 0.102874755859375 0.8167930096387863
vt 0.11185453087091446 0.8201264142990112
vt 0.0015558688901364803 0.9638063907623291
vt 0.0015558688901364803 0.975267605856061
vt 0.012363133952021599 0.9750591106712818
vt 0.0015558688901364803 0.9638063907623291
vt 0.012363133952021599 0.9750591106712818
vt 0.011678889393806458 0.9692900590598583
vt 0.1131010502576828 0.8053570240736008
vt 0.09973210841417313 0.7995633780956268
vt 0.09213398396968842 0.8151242434978485
vt 0.1131010502576828 0.8053570240736008
vt 0.09213398396968842 0.8151242434978485
vt 0.102874755859375 0.8167930096387863
vt 0.0015558688901364803 0.975267605856061
vt 0.004793260712176561 0.9861352825537324
vt 0.015156012028455734 0.979929743334651
vt 0.0015558688901364803 0.975267605856061
vt 0.015156012028455734 0.979929743334651
vt 0.012363133952021599 0.9750591106712818
vt 0.09973210841417313 0.7995633780956268
vt 0.08647658675909042 0.7951808422803879
vt 0.08176527917385101 0.8129301518201828
vt 0.09973210841417313 0.7995633780956268
vt 0.08176527917385101 0.8129301518201828
vt 0.09213398396968842 0.8151242434978485
vt 0.004793260712176561 0.9861352825537324
vt 0.013280218467116356 0.9947735727764666
vt 0.018847081810235977 0.9845201736316085
vt 0.004793260712176561 0.9861352825537324
vt 0.018847081810235977 0.9845201736316085
vt 0.015156012028455734 0.979929743334651
vt 0.08647658675909042 0.7951808422803879
vt 0.07033438980579376 0.7925970405340195
vt 0.0702359601855278 0.812614694237709
vt 0.08647658675909042 0.7951808422803879
vt 0.0702359601855278 0.812614694237709
vt 0.08176527917385101 0.8129301518201828
vt 0.013280218467116356 0.9947735727764666
vt 0.022647680714726448 0.9996732384315692
vt 0.0236181803047657 0.9861778663471341
vt 0.013280218467116356 0.9947735727764666
vt 0.0236181803047657 0.9861778663471341
vt 0.018847081810235977 0.9845201736316085
vt 0.07033438980579376 0.7925970405340195
vt 0.054839882999658585 0.7932493835687637
vt 0.06037326902151108 0.8139266818761826
vt 0.07033438980579376 0.7925970405340195
vt 0.06037326902151108 0.8139266818761826
vt 0.0702359601855278 0.812614694237709
vt 0.035434018820524216 0.997699883300811
vt 0.04629966989159584 0.9929789677262306
vt 0.037671785801649094 0.9809358473867178
vt 0.035434018820524216 0.997699883300811
vt 0.037671785801649094 0.9809358473867178
vt 0.03095322474837303 0.9846199555322528
vt 0.054839882999658585 0.7932493835687637
vt 0.04036513715982437 0.7948022782802582
vt 0.04826026037335396 0.8160247504711151
vt 0.054839882999658585 0.7932493835687637
vt 0.04826026037335396 0.8160247504711151
vt 0.06037326902151108 0.8139266818761826
vt 0.05288924649357796 0.7216115295886993
vt 0.026122422888875008 0.7207476198673248
vt 0.04036513715982437 0.7948022782802582
vt 0.05288924649357796 0.7216115295886993
vt 0.04036513715982437 0.7948022782802582
vt 0.054839882999658585 0.7932493835687637
vt 0.04036513715982437 0.7948022782802582
vt 0.026073096320033073 0.7974124848842621
vt 0.03707878664135933 0.8188973069190979
vt 0.04036513715982437 0.7948022782802582
vt 0.03707878664135933 0.8188973069190979
vt 0.04826026037335396 0.8160247504711151
vt 0.0555630698800087 0.9798885099589825
vt 0.05743715912103653 0.9701050538569689
vt 0.04231460392475128 0.9705352354794741
vt 0.0555630698800087 0.9798885099589825
vt 0.04231460392475128 0.9705352354794741
vt 0.04063925892114639 0.9770241025835276
vt 0.10284633189439774 0.9540065638720989
vt 0.10793061554431915 0.9430508576333523
vt 0.08186657726764679 0.9379748664796352
vt 0.10284633189439774 0.9540065638720989
vt 0.08186657726764679 0.9379748664796352
vt 0.07915142923593521 0.9470091797411442
vt 0.1856391578912735 0.9579398110508919
vt 0.18678778409957886 0.9233418181538582
vt 0.11395721137523651 0.9248459413647652
vt 0.1856391578912735 0.9579398110508919
vt 0.11395721137523651 0.9248459413647652
vt 0.10793061554431915 0.9430508576333523
vt 0.05743715912103653 0.9701050538569689
vt 0.055791862308979034 0.9537363611161709
vt 0.04151521623134613 0.9605908058583736
vt 0.05743715912103653 0.9701050538569689
vt 0.04151521623134613 0.9605908058583736
vt 0.04231460392475128 0.9705352354794741
vt 0.18678778409957886 0.9233418181538582
vt 0.17531563341617584 0.8864995613694191
vt 0.1091206818819046 0.8962535560131073
vt 0.18678778409957886 0.9233418181538582
vt 0.1091206818819046 0.8962535560131073
vt 0.11395721137523651 0.9248459413647652
vt 0.055791862308979034 0.9537363611161709
vt 0.03979860618710518 0.937618974596262
vt 0.034315984696149826 0.9506490938365459
vt 0.055791862308979034 0.9537363611161709
vt 0.034315984696149826 0.9506490938365459
vt 0.04151521623134613 0.9605908058583736
vt 0.03979860618710518 0.937618974596262
vt 0.021406693384051323 0.9373412802815437
vt 0.023160099983215332 0.9509164169430733
vt 0.03979860618710518 0.937618974596262
vt 0.023160099983215332 0.9509164169430733
vt 0.034315984696149826 0.9506490938365459
vt 0.26026633381843567 0.8627181798219681
vt 0.22735533118247986 0.8231985419988632
vt 0.15025848150253296 0.8545095920562744
vt 0.26026633381843567 0.8627181798219681
vt 0.15025848150253296 0.8545095920562744
vt 0.17531563341617584 0.8864995613694191
vt 0.021406693384051323 0.9373412802815437
vt 0.012960009276866913 0.9430122002959251
vt 0.018521970137953758 0.9551490284502506
vt 0.021406693384051323 0.9373412802815437
vt 0.018521970137953758 0.9551490284502506
vt 0.023160099983215332 0.9509164169430733
vt 0.10002965480089188 0.8758488371968269
vt 0.08971678465604782 0.8669407665729523
vt 0.07590363174676895 0.8753725215792656
vt 0.10002965480089188 0.8758488371968269
vt 0.07590363174676895 0.8753725215792656
vt 0.08292832970619202 0.882340133190155
vt 0.1445503532886505 0.7686352431774139
vt 0.12751294672489166 0.7552836090326309
vt 0.09973210841417313 0.7995633780956268
vt 0.1445503532886505 0.7686352431774139
vt 0.09973210841417313 0.7995633780956268
vt 0.1131010502576828 0.8053570240736008
vt 0.018521970137953758 0.9551490284502506
vt 0.012960009276866913 0.9430122002959251
vt 0.009409724734723568 0.9467112608253956
vt 0.018521970137953758 0.9551490284502506
vt 0.009409724734723568 0.9467112608253956
vt 0.016411347314715385 0.9580704383552074
vt 0.07590363174676895 0.8753725215792656
vt 0.08971678465604782 0.8669407665729523
vt 0.08483307808637619 0.8631628751754761
vt 0.07590363174676895 0.8753725215792656
vt 0.08483307808637619 0.8631628751754761
vt 0.07171503454446793 0.872468963265419
vt 0.11616507917642593 0.8221766799688339
vt 0.12839296460151672 0.8127613812685013
vt 0.1233937218785286 0.8099363744258881
vt 0.11616507917642593 0.8221766799688339
vt 0.1233937218785286 0.8099363744258881
vt 0.11185453087091446 0.8201264142990112
vt 0.01564314402639866 0.9585708528757095
vt 0.005729879252612591 0.9494711086153984
vt 0.00396205298602581 0.9541175477206707
vt 0.01564314402639866 0.9585708528757095
vt 0.00396205298602581 0.9541175477206707
vt 0.014067813754081726 0.9625488519668579
vt 0.12751294672489166 0.7552836090326309
vt 0.10569509118795395 0.7396818995475769
vt 0.08647658675909042 0.7951808422803879
vt 0.12751294672489166 0.7552836090326309
vt 0.08647658675909042 0.7951808422803879
vt 0.09973210841417313 0.7995633780956268
vt 0.10569509118795395 0.7396818995475769
vt 0.08007251471281052 0.7270967364311218
vt 0.07033438980579376 0.7925970405340195
vt 0.10569509118795395 0.7396818995475769
vt 0.07033438980579376 0.7925970405340195
vt 0.08647658675909042 0.7951808422803879
vt 0.08007251471281052 0.7270967364311218
vt 0.05288924649357796 0.7216115295886993
vt 0.054839882999658585 0.7932493835687637
vt 0.08007251471281052 0.7270967364311218
vt 0.054839882999658585 0.7932493835687637
vt 0.07033438980579376 0.7925970405340195
vt 0.06420557200908661 0.6234281063079834
vt 0.03243083134293556 0.6137985587120056
vt 0.026122422888875008 0.7207476198673248
vt 0.06420557200908661 0.6234281063079834
vt 0.026122422888875008 0.7207476198673248
vt 0.05288924649357796 0.7216115295886993
vt 0.1796131730079651 0.9797892309725285
vt 0.1856391578912735 0.9579398110508919
vt 0.10793061554431915 0.9430508576333523
vt 0.1796131730079651 0.9797892309725285
vt 0.10793061554431915 0.9430508576333523
vt 0.10284633189439774 0.9540065638720989
vt 0.026122422888875008 0.7207476198673248
vt 0.00016068361583165824 0.7217070162296295
vt 0.026073096320033073 0.7974124848842621
vt 0.026122422888875008 0.7207476198673248
vt 0.026073096320033073 0.7974124848842621
vt 0.04036513715982437 0.7948022782802582
vt 0.28992781043052673 0.971123494207859
vt 0.2795599699020386 0.9119731858372688
vt 0.18678778409957886 0.9233418181538582
vt 0.28992781043052673 0.971123494207859
vt 0.18678778409957886 0.9233418181538582
vt 0.1856391578912735 0.9579398110508919
vt 0.2795599699020386 0.9119731858372688
vt 0.26026633381843567 0.8627181798219681
vt 0.17531563341617584 0.8864995613694191
vt 0.2795599699020386 0.9119731858372688
vt 0.17531563341617584 0.8864995613694191
vt 0.18678778409957886 0.9233418181538582
vt 0.34872302412986755 0.8270571529865265
vt 0.30797532200813293 0.7781429290771484
vt 0.22735533118247986 0.8231985419988632
vt 0.34872302412986755 0.8270571529865265
vt 0.22735533118247986 0.8231985419988632
vt 0.26026633381843567 0.8627181798219681
vt 0.15025848150253296 0.8545095920562744
vt 0.1325608342885971 0.840674102306366
vt 0.08971678465604782 0.8669407665729523
vt 0.15025848150253296 0.8545095920562744
vt 0.08971678465604782 0.8669407665729523
vt 0.10002965480089188 0.8758488371968269
vt 0.1325608342885971 0.840674102306366
vt 0.12437058240175247 0.834647998213768
vt 0.08483307808637619 0.8631628751754761
vt 0.1325608342885971 0.840674102306366
vt 0.08483307808637619 0.8631628751754761
vt 0.08971678465604782 0.8669407665729523
vt 0.18591438233852386 0.704152911901474
vt 0.1632876694202423 0.6838677227497101
vt 0.12751294672489166 0.7552836090326309
vt 0.18591438233852386 0.704152911901474
vt 0.12751294672489166 0.7552836090326309
vt 0.1445503532886505 0.7686352431774139
vt 0.12839296460151672 0.8127613812685013
vt 0.16492128372192383 0.78353650867939
vt 0.15814833343029022 0.7792210280895233
vt 0.12839296460151672 0.8127613812685013
vt 0.15814833343029022 0.7792210280895233
vt 0.1233937218785286 0.8099363744258881
vt 0.20641350746154785 0.7198379039764404
vt 0.18591438233852386 0.704152911901474
vt 0.1445503532886505 0.7686352431774139
vt 0.20641350746154785 0.7198379039764404
vt 0.1445503532886505 0.7686352431774139
vt 0.15814833343029022 0.7792210280895233
vt 0.1632876694202423 0.6838677227497101
vt 0.13324396312236786 0.6584131419658661
vt 0.10569509118795395 0.7396818995475769
vt 0.1632876694202423 0.6838677227497101
vt 0.10569509118795395 0.7396818995475769
vt 0.12751294672489166 0.7552836090326309
vt 0.13324396312236786 0.6584131419658661
vt 0.09822508692741394 0.6376142799854279
vt 0.08007251471281052 0.7270967364311218
vt 0.13324396312236786 0.6584131419658661
vt 0.08007251471281052 0.7270967364311218
vt 0.10569509118795395 0.7396818995475769
vt 0.09822508692741394 0.6376142799854279
vt 0.06420557200908661 0.6234281063079834
vt 0.05288924649357796 0.7216115295886993
vt 0.09822508692741394 0.6376142799854279
vt 0.05288924649357796 0.7216115295886993
vt 0.08007251471281052 0.7270967364311218
vt 0.1014397069811821 0.530520886182785
vt 0.06739242374897003 0.5112667381763458
vt 0.03243083134293556 0.6137985587120056
vt 0.1014397069811821 0.530520886182785
vt 0.03243083134293556 0.6137985587120056
vt 0.06420557200908661 0.6234281063079834
vt 0.29195636510849 0.9998393392452272
vt 0.28992781043052673 0.971123494207859
vt 0.1856391578912735 0.9579398110508919
vt 0.29195636510849 0.9998393392452272
vt 0.1856391578912735 0.9579398110508919
vt 0.1796131730079651 0.9797892309725285
vt 0.03243083134293556 0.6137985587120056
vt 0.002034398028627038 0.6081281006336212
vt 0.00016068361583165824 0.7217070162296295
vt 0.03243083134293556 0.6137985587120056
vt 0.00016068361583165824 0.7217070162296295
vt 0.026122422888875008 0.7207476198673248
vt 0.40022608637809753 0.9469508081674576
vt 0.38160982728004456 0.8801139295101166
vt 0.2795599699020386 0.9119731858372688
vt 0.40022608637809753 0.9469508081674576
vt 0.2795599699020386 0.9119731858372688
vt 0.28992781043052673 0.971123494207859
vt 0.38160982728004456 0.8801139295101166
vt 0.34872302412986755 0.8270571529865265
vt 0.26026633381843567 0.8627181798219681
vt 0.38160982728004456 0.8801139295101166
vt 0.26026633381843567 0.8627181798219681
vt 0.2795599699020386 0.9119731858372688
vt 0.43874144554138184 0.7738380432128906
vt 0.3882061541080475 0.720133364200592
vt 0.30797532200813293 0.7781429290771484
vt 0.43874144554138184 0.7738380432128906
vt 0.30797532200813293 0.7781429290771484
vt 0.34872302412986755 0.8270571529865265
vt 0.22735533118247986 0.8231985419988632
vt 0.2000587433576584 0.7971270531415939
vt 0.1325608342885971 0.840674102306366
vt 0.22735533118247986 0.8231985419988632
vt 0.1325608342885971 0.840674102306366
vt 0.15025848150253296 0.8545095920562744
vt 0.2000587433576584 0.7971270531415939
vt 0.1875666379928589 0.7855991870164871
vt 0.12437058240175247 0.834647998213768
vt 0.2000587433576584 0.7971270531415939
vt 0.12437058240175247 0.834647998213768
vt 0.1325608342885971 0.840674102306366
vt 0.23276762664318085 0.6205263733863831
vt 0.2021571397781372 0.5974486768245697
vt 0.1632876694202423 0.6838677227497101
vt 0.23276762664318085 0.6205263733863831
vt 0.1632876694202423 0.6838677227497101
vt 0.18591438233852386 0.704152911901474
vt 0.16492128372192383 0.78353650867939
vt 0.21846364438533783 0.7272811830043793
vt 0.20641350746154785 0.7198379039764404
vt 0.16492128372192383 0.78353650867939
vt 0.20641350746154785 0.7198379039764404
vt 0.15814833343029022 0.7792210280895233
vt 0.26233208179473877 0.6416012942790985
vt 0.23276762664318085 0.6205263733863831
vt 0.18591438233852386 0.704152911901474
vt 0.26233208179473877 0.6416012942790985
vt 0.18591438233852386 0.704152911901474
vt 0.20641350746154785 0.7198379039764404
vt 0.2021571397781372 0.5974486768245697
vt 0.1714913696050644 0.5733546316623688
vt 0.13324396312236786 0.6584131419658661
vt 0.2021571397781372 0.5974486768245697
vt 0.13324396312236786 0.6584131419658661
vt 0.1632876694202423 0.6838677227497101
vt 0.1714913696050644 0.5733546316623688
vt 0.13751313090324402 0.5513183176517487
vt 0.09822508692741394 0.6376142799854279
vt 0.1714913696050644 0.5733546316623688
vt 0.09822508692741394 0.6376142799854279
vt 0.13324396312236786 0.6584131419658661
vt 0.13751313090324402 0.5513183176517487
vt 0.1014397069811821 0.530520886182785
vt 0.06420557200908661 0.6234281063079834
vt 0.13751313090324402 0.5513183176517487
vt 0.06420557200908661 0.6234281063079834
vt 0.09822508692741394 0.6376142799854279
vt 0.16121546924114227 0.43912893533706665
vt 0.1283080130815506 0.4106473922729492
vt 0.06739242374897003 0.5112667381763458
vt 0.16121546924114227 0.43912893533706665
vt 0.06739242374897003 0.5112667381763458
vt 0.1014397069811821 0.530520886182785
vt 0.4094116985797882 0.980587475001812
vt 0.40022608637809753 0.9469508081674576
vt 0.28992781043052673 0.971123494207859
vt 0.4094116985797882 0.980587475001812
vt 0.28992781043052673 0.971123494207859
vt 0.29195636510849 0.9998393392452272
vt 0.06739242374897003 0.5112667381763458
vt 0.03738538548350334 0.4968423843383789
vt 0.002034398028627038 0.6081281006336212
vt 0.06739242374897003 0.5112667381763458
vt 0.002034398028627038 0.6081281006336212
vt 0.03243083134293556 0.6137985587120056
vt 0.5123551487922668 0.8929465040564537
vt 0.4835536479949951 0.8268382102251053
vt 0.38160982728004456 0.8801139295101166
vt 0.5123551487922668 0.8929465040564537
vt 0.38160982728004456 0.8801139295101166
vt 0.40022608637809753 0.9469508081674576
vt 0.4835536479949951 0.8268382102251053
vt 0.43874144554138184 0.7738380432128906
vt 0.34872302412986755 0.8270571529865265
vt 0.4835536479949951 0.8268382102251053
vt 0.34872302412986755 0.8270571529865265
vt 0.38160982728004456 0.8801139295101166
vt 0.5204837918281555 0.7115949988365173
vt 0.4702624976634979 0.6595363616943359
vt 0.3882061541080475 0.720133364200592
vt 0.5204837918281555 0.7115949988365173
vt 0.3882061541080475 0.720133364200592
vt 0.43874144554138184 0.7738380432128906
vt 0.30797532200813293 0.7781429290771484
vt 0.28115227818489075 0.7455319762229919
vt 0.2000587433576584 0.7971270531415939
vt 0.30797532200813293 0.7781429290771484
vt 0.2000587433576584 0.7971270531415939
vt 0.22735533118247986 0.8231985419988632
vt 0.28115227818489075 0.7455319762229919
vt 0.26813194155693054 0.7298762500286102
vt 0.1875666379928589 0.7855991870164871
vt 0.28115227818489075 0.7455319762229919
vt 0.1875666379928589 0.7855991870164871
vt 0.2000587433576584 0.7971270531415939
vt 0.28513628244400024 0.5426380634307861
vt 0.253923624753952 0.5179183483123779
vt 0.2021571397781372 0.5974486768245697
vt 0.28513628244400024 0.5426380634307861
vt 0.2021571397781372 0.5974486768245697
vt 0.23276762664318085 0.6205263733863831
vt 0.21846364438533783 0.7272811830043793
vt 0.277668297290802 0.6524847149848938
vt 0.26233208179473877 0.6416012942790985
vt 0.21846364438533783 0.7272811830043793
vt 0.26233208179473877 0.6416012942790985
vt 0.20641350746154785 0.7198379039764404
vt 0.31768563389778137 0.5663678050041199
vt 0.28513628244400024 0.5426380634307861
vt 0.23276762664318085 0.6205263733863831
vt 0.31768563389778137 0.5663678050041199
vt 0.23276762664318085 0.6205263733863831
vt 0.26233208179473877 0.6416012942790985
vt 0.253923624753952 0.5179183483123779
vt 0.22690153121948242 0.4942944645881653
vt 0.1714913696050644 0.5733546316623688
vt 0.253923624753952 0.5179183483123779
vt 0.1714913696050644 0.5733546316623688
vt 0.2021571397781372 0.5974486768245697
vt 0.22690153121948242 0.4942944645881653
vt 0.1952276974916458 0.46805453300476074
vt 0.13751313090324402 0.5513183176517487
vt 0.22690153121948242 0.4942944645881653
vt 0.13751313090324402 0.5513183176517487
vt 0.1714913696050644 0.5733546316623688
vt 0.1952276974916458 0.46805453300476074
vt 0.16121546924114227 0.43912893533706665
vt 0.1014397069811821 0.530520886182785
vt 0.1952276974916458 0.46805453300476074
vt 0.1014397069811821 0.530520886182785
vt 0.13751313090324402 0.5513183176517487
vt 0.2316644787788391 0.35404062271118164
vt 0.20286783576011658 0.32063502073287964
vt 0.1283080130815506 0.4106473922729492
vt 0.2316644787788391 0.35404062271118164
vt 0.1283080130815506 0.4106473922729492
vt 0.16121546924114227 0.43912893533706665
vt 0.5288161635398865 0.9279358461499214
vt 0.5123551487922668 0.8929465040564537
vt 0.40022608637809753 0.9469508081674576
vt 0.5288161635398865 0.9279358461499214
vt 0.40022608637809753 0.9469508081674576
vt 0.4094116985797882 0.980587475001812
vt 0.1283080130815506 0.4106473922729492
vt 0.09754176437854767 0.38551628589630127
vt 0.03738538548350334 0.4968423843383789
vt 0.1283080130815506 0.4106473922729492
vt 0.03738538548350334 0.4968423843383789
vt 0.06739242374897003 0.5112667381763458
vt 0.620078980922699 0.8253143280744553
vt 0.572995662689209 0.7616973668336868
vt 0.4835536479949951 0.8268382102251053
vt 0.620078980922699 0.8253143280744553
vt 0.4835536479949951 0.8268382102251053
vt 0.5123551487922668 0.8929465040564537
vt 0.572995662689209 0.7616973668336868
vt 0.5204837918281555 0.7115949988365173
vt 0.43874144554138184 0.7738380432128906
vt 0.572995662689209 0.7616973668336868
vt 0.43874144554138184 0.7738380432128906
vt 0.4835536479949951 0.8268382102251053
vt 0.5958378911018372 0.6428146958351135
vt 0.5455398559570312 0.592503160238266
vt 0.4702624976634979 0.6595363616943359
vt 0.5958378911018372 0.6428146958351135
vt 0.4702624976634979 0.6595363616943359
vt 0.5204837918281555 0.7115949988365173
vt 0.3882061541080475 0.720133364200592
vt 0.35813742876052856 0.6861583590507507
vt 0.28115227818489075 0.7455319762229919
vt 0.3882061541080475 0.720133364200592
vt 0.28115227818489075 0.7455319762229919
vt 0.30797532200813293 0.7781429290771484
vt 0.35813742876052856 0.6861583590507507
vt 0.343374639749527 0.6692042946815491
vt 0.26813194155693054 0.7298762500286102
vt 0.35813742876052856 0.6861583590507507
vt 0.26813194155693054 0.7298762500286102
vt 0.28115227818489075 0.7455319762229919
vt 0.34783264994621277 0.46887654066085815
vt 0.3165299892425537 0.4409447908401489
vt 0.253923624753952 0.5179183483123779
vt 0.34783264994621277 0.46887654066085815
vt 0.253923624753952 0.5179183483123779
vt 0.28513628244400024 0.5426380634307861
vt 0.277668297290802 0.6524847149848938
vt 0.3345446288585663 0.5792073607444763
vt 0.31768563389778137 0.5663678050041199
vt 0.277668297290802 0.6524847149848938
vt 0.31768563389778137 0.5663678050041199
vt 0.26233208179473877 0.6416012942790985
vt 0.3810708224773407 0.4966352581977844
vt 0.34783264994621277 0.46887654066085815
vt 0.28513628244400024 0.5426380634307861
vt 0.3810708224773407 0.4966352581977844
vt 0.28513628244400024 0.5426380634307861
vt 0.31768563389778137 0.5663678050041199
vt 0.3165299892425537 0.4409447908401489
vt 0.2887338101863861 0.41482412815093994
vt 0.22690153121948242 0.4942944645881653
vt 0.3165299892425537 0.4409447908401489
vt 0.22690153121948242 0.4942944645881653
vt 0.253923624753952 0.5179183483123779
vt 0.2887338101863861 0.41482412815093994
vt 0.2606513798236847 0.38634032011032104
vt 0.1952276974916458 0.46805453300476074
vt 0.2887338101863861 0.41482412815093994
vt 0.1952276974916458 0.46805453300476074
vt 0.22690153121948242 0.4942944645881653
vt 0.2606513798236847 0.38634032011032104
vt 0.2316644787788391 0.35404062271118164
vt 0.16121546924114227 0.43912893533706665
vt 0.2606513798236847 0.38634032011032104
vt 0.16121546924114227 0.43912893533706665
vt 0.1952276974916458 0.46805453300476074
vt 0.30834755301475525 0.27576959133148193
vt 0.2797834277153015 0.24391210079193115
vt 0.20286783576011658 0.32063502073287964
vt 0.30834755301475525 0.27576959133148193
vt 0.20286783576011658 0.32063502073287964
vt 0.2316644787788391 0.35404062271118164
vt 0.6408481001853943 0.8626716732978821
vt 0.620078980922699 0.8253143280744553
vt 0.5123551487922668 0.8929465040564537
vt 0.6408481001853943 0.8626716732978821
vt 0.5123551487922668 0.8929465040564537
vt 0.5288161635398865 0.9279358461499214
vt 0.20286783576011658 0.32063502073287964
vt 0.17593041062355042 0.2883839011192322
vt 0.09754176437854767 0.38551628589630127
vt 0.20286783576011658 0.32063502073287964
vt 0.09754176437854767 0.38551628589630127
vt 0.1283080130815506 0.4106473922729492
vt 0.7004023194313049 0.7575352787971497
vt 0.6464138031005859 0.6972222030162811
vt 0.572995662689209 0.7616973668336868
vt 0.7004023194313049 0.7575352787971497
vt 0.572995662689209 0.7616973668336868
vt 0.620078980922699 0.8253143280744553
vt 0.6464138031005859 0.6972222030162811
vt 0.5958378911018372 0.6428146958351135
vt 0.5204837918281555 0.7115949988365173
vt 0.6464138031005859 0.6972222030162811
vt 0.5204837918281555 0.7115949988365173
vt 0.572995662689209 0.7616973668336868
vt 0.6750147342681885 0.5686288774013519
vt 0.6201446056365967 0.5156533718109131
vt 0.5455398559570312 0.592503160238266
vt 0.6750147342681885 0.5686288774013519
vt 0.5455398559570312 0.592503160238266
vt 0.5958378911018372 0.6428146958351135
vt 0.4702624976634979 0.6595363616943359
vt 0.43771684169769287 0.6255020797252655
vt 0.35813742876052856 0.6861583590507507
vt 0.4702624976634979 0.6595363616943359
vt 0.35813742876052856 0.6861583590507507
vt 0.3882061541080475 0.720133364200592
vt 0.43771684169769287 0.6255020797252655
vt 0.4211994707584381 0.608712375164032
vt 0.343374639749527 0.6692042946815491
vt 0.43771684169769287 0.6255020797252655
vt 0.343374639749527 0.6692042946815491
vt 0.35813742876052856 0.6861583590507507
vt 0.4203205108642578 0.3992226719856262
vt 0.3900023102760315 0.3675363063812256
vt 0.3165299892425537 0.4409447908401489
vt 0.4203205108642578 0.3992226719856262
vt 0.3165299892425537 0.4409447908401489
vt 0.34783264994621277 0.46887654066085815
vt 0.3345446288585663 0.5792073607444763
vt 0.3980936110019684 0.5109341144561768
vt 0.3810708224773407 0.4966352581977844
vt 0.3345446288585663 0.5792073607444763
vt 0.3810708224773407 0.4966352581977844
vt 0.31768563389778137 0.5663678050041199
vt 0.4522925615310669 0.4329789876937866
vt 0.4203205108642578 0.3992226719856262
vt 0.34783264994621277 0.46887654066085815
vt 0.4522925615310669 0.4329789876937866
vt 0.34783264994621277 0.46887654066085815
vt 0.3810708224773407 0.4966352581977844
vt 0.3900023102760315 0.3675363063812256
vt 0.36269086599349976 0.3376534581184387
vt 0.2887338101863861 0.41482412815093994
vt 0.3900023102760315 0.3675363063812256
vt 0.2887338101863861 0.41482412815093994
vt 0.3165299892425537 0.4409447908401489
vt 0.36269086599349976 0.3376534581184387
vt 0.33594921231269836 0.30736440420150757
vt 0.2606513798236847 0.38634032011032104
vt 0.36269086599349976 0.3376534581184387
vt 0.2606513798236847 0.38634032011032104
vt 0.2887338101863861 0.41482412815093994
vt 0.33594921231269836 0.30736440420150757
vt 0.30834755301475525 0.27576959133148193
vt 0.2316644787788391 0.35404062271118164
vt 0.33594921231269836 0.30736440420150757
vt 0.2316644787788391 0.35404062271118164
vt 0.2606513798236847 0.38634032011032104
vt 0.3831806182861328 0.21067523956298828
vt 0.35524848103523254 0.1789156198501587
vt 0.2797834277153015 0.24391210079193115
vt 0.3831806182861328 0.21067523956298828
vt 0.2797834277153015 0.24391210079193115
vt 0.30834755301475525 0.27576959133148193
vt 0.7288947701454163 0.7913365662097931
vt 0.7004023194313049 0.7575352787971497
vt 0.620078980922699 0.8253143280744553
vt 0.7288947701454163 0.7913365662097931
vt 0.620078980922699 0.8253143280744553
vt 0.6408481001853943 0.8626716732978821
vt 0.2797834277153015 0.24391210079193115
vt 0.25230541825294495 0.21254050731658936
vt 0.17593041062355042 0.2883839011192322
vt 0.2797834277153015 0.24391210079193115
vt 0.17593041062355042 0.2883839011192322
vt 0.20286783576011658 0.32063502073287964
vt 0.775558590888977 0.6844890117645264
vt 0.7222375273704529 0.6250247657299042
vt 0.6464138031005859 0.6972222030162811
vt 0.775558590888977 0.6844890117645264
vt 0.6464138031005859 0.6972222030162811
vt 0.7004023194313049 0.7575352787971497
vt 0.7222375273704529 0.6250247657299042
vt 0.6750147342681885 0.5686288774013519
vt 0.5958378911018372 0.6428146958351135
vt 0.7222375273704529 0.6250247657299042
vt 0.5958378911018372 0.6428146958351135
vt 0.6464138031005859 0.6972222030162811
vt 0.7576526403427124 0.4952848553657532
vt 0.6950780153274536 0.4326474666595459
vt 0.6201446056365967 0.5156533718109131
vt 0.7576526403427124 0.4952848553657532
vt 0.6201446056365967 0.5156533718109131
vt 0.6750147342681885 0.5686288774013519
vt 0.5455398559570312 0.592503160238266
vt 0.5139883756637573 0.5617019236087799
vt 0.43771684169769287 0.6255020797252655
vt 0.5455398559570312 0.592503160238266
vt 0.43771684169769287 0.6255020797252655
vt 0.4702624976634979 0.6595363616943359
vt 0.5139883756637573 0.5617019236087799
vt 0.4971049129962921 0.5453448593616486
vt 0.4211994707584381 0.608712375164032
vt 0.5139883756637573 0.5617019236087799
vt 0.4211994707584381 0.608712375164032
vt 0.43771684169769287 0.6255020797252655
vt 0.4960038661956787 0.3364279866218567
vt 0.46664807200431824 0.304643452167511
vt 0.3900023102760315 0.3675363063812256
vt 0.4960038661956787 0.3364279866218567
vt 0.3900023102760315 0.3675363063812256
vt 0.4203205108642578 0.3992226719856262
vt 0.3980936110019684 0.5109341144561768
vt 0.4681607484817505 0.44972437620162964
vt 0.4522925615310669 0.4329789876937866
vt 0.3980936110019684 0.5109341144561768
vt 0.4522925615310669 0.4329789876937866
vt 0.3810708224773407 0.4966352581977844
vt 0.5250119566917419 0.3686959147453308
vt 0.4960038661956787 0.3364279866218567
vt 0.4203205108642578 0.3992226719856262
vt 0.5250119566917419 0.3686959147453308
vt 0.4203205108642578 0.3992226719856262
vt 0.4522925615310669 0.4329789876937866
vt 0.46664807200431824 0.304643452167511
vt 0.4394201636314392 0.2747769355773926
vt 0.36269086599349976 0.3376534581184387
vt 0.46664807200431824 0.304643452167511
vt 0.36269086599349976 0.3376534581184387
vt 0.3900023102760315 0.3675363063812256
vt 0.4394201636314392 0.2747769355773926
vt 0.41104280948638916 0.24237263202667236
vt 0.33594921231269836 0.30736440420150757
vt 0.4394201636314392 0.2747769355773926
vt 0.33594921231269836 0.30736440420150757
vt 0.36269086599349976 0.3376534581184387
vt 0.41104280948638916 0.24237263202667236
vt 0.3831806182861328 0.21067523956298828
vt 0.30834755301475525 0.27576959133148193
vt 0.41104280948638916 0.24237263202667236
vt 0.30834755301475525 0.27576959133148193
vt 0.33594921231269836 0.30736440420150757
vt 0.4582924544811249 0.15328985452651978
vt 0.4338896572589874 0.1211441159248352
vt 0.35524848103523254 0.1789156198501587
vt 0.4582924544811249 0.15328985452651978
vt 0.35524848103523254 0.1789156198501587
vt 0.3831806182861328 0.21067523956298828
vt 0.8062610626220703 0.7158727645874023
vt 0.775558590888977 0.6844890117645264
vt 0.7004023194313049 0.7575352787971497
vt 0.8062610626220703 0.7158727645874023
vt 0.7004023194313049 0.7575352787971497
vt 0.7288947701454163 0.7913365662097931
vt 0.35524848103523254 0.1789156198501587
vt 0.33020615577697754 0.14700019359588623
vt 0.25230541825294495 0.21254050731658936
vt 0.35524848103523254 0.1789156198501587
vt 0.25230541825294495 0.21254050731658936
vt 0.2797834277153015 0.24391210079193115
vt 0.8485700488090515 0.6015292108058929
vt 0.8001385927200317 0.5464510917663574
vt 0.7222375273704529 0.6250247657299042
vt 0.8485700488090515 0.6015292108058929
vt 0.7222375273704529 0.6250247657299042
vt 0.775558590888977 0.6844890117645264
vt 0.8001385927200317 0.5464510917663574
vt 0.7576526403427124 0.4952848553657532
vt 0.6750147342681885 0.5686288774013519
vt 0.8001385927200317 0.5464510917663574
vt 0.6750147342681885 0.5686288774013519
vt 0.7222375273704529 0.6250247657299042
vt 0.823580265045166 0.4222821593284607
vt 0.7624925971031189 0.3576080799102783
vt 0.6950780153274536 0.4326474666595459
vt 0.823580265045166 0.4222821593284607
vt 0.6950780153274536 0.4326474666595459
vt 0.7576526403427124 0.4952848553657532
vt 0.6201446056365967 0.5156533718109131
vt 0.5837817192077637 0.4844213128089905
vt 0.5139883756637573 0.5617019236087799
vt 0.6201446056365967 0.5156533718109131
vt 0.5139883756637573 0.5617019236087799
vt 0.5455398559570312 0.592503160238266
vt 0.5837817192077637 0.4844213128089905
vt 0.5653463006019592 0.46913033723831177
vt 0.4971049129962921 0.5453448593616486
vt 0.5837817192077637 0.4844213128089905
vt 0.4971049129962921 0.5453448593616486
vt 0.5139883756637573 0.5617019236087799
vt 0.5784663558006287 0.27990657091140747
vt 0.5479106307029724 0.2507748603820801
vt 0.46664807200431824 0.304643452167511
vt 0.5784663558006287 0.27990657091140747
vt 0.46664807200431824 0.304643452167511
vt 0.4960038661956787 0.3364279866218567
vt 0.4681607484817505 0.44972437620162964
vt 0.5396098494529724 0.3853145241737366
vt 0.5250119566917419 0.3686959147453308
vt 0.4681607484817505 0.44972437620162964
vt 0.5250119566917419 0.3686959147453308
vt 0.4522925615310669 0.4329789876937866
vt 0.6076911687850952 0.3083112835884094
vt 0.5784663558006287 0.27990657091140747
vt 0.4960038661956787 0.3364279866218567
vt 0.6076911687850952 0.3083112835884094
vt 0.4960038661956787 0.3364279866218567
vt 0.5250119566917419 0.3686959147453308
vt 0.5479106307029724 0.2507748603820801
vt 0.5174366235733032 0.22147399187088013
vt 0.4394201636314392 0.2747769355773926
vt 0.5479106307029724 0.2507748603820801
vt 0.4394201636314392 0.2747769355773926
vt 0.46664807200431824 0.304643452167511
vt 0.5174366235733032 0.22147399187088013
vt 0.4863026738166809 0.18620216846466064
vt 0.41104280948638916 0.24237263202667236
vt 0.5174366235733032 0.22147399187088013
vt 0.41104280948638916 0.24237263202667236
vt 0.4394201636314392 0.2747769355773926
vt 0.4863026738166809 0.18620216846466064
vt 0.4582924544811249 0.15328985452651978
vt 0.3831806182861328 0.21067523956298828
vt 0.4863026738166809 0.18620216846466064
vt 0.3831806182861328 0.21067523956298828
vt 0.41104280948638916 0.24237263202667236
vt 0.5479493141174316 0.1048898696899414
vt 0.5339531302452087 0.0705597996711731
vt 0.4338896572589874 0.1211441159248352
vt 0.5479493141174316 0.1048898696899414
vt 0.4338896572589874 0.1211441159248352
vt 0.4582924544811249 0.15328985452651978
vt 0.8791488409042358 0.6312807500362396
vt 0.8485700488090515 0.6015292108058929
vt 0.775558590888977 0.6844890117645264
vt 0.8791488409042358 0.6312807500362396
vt 0.775558590888977 0.6844890117645264
vt 0.8062610626220703 0.7158727645874023
vt 0.4338896572589874 0.1211441159248352
vt 0.4159775972366333 0.08678120374679565
vt 0.33020615577697754 0.14700019359588623
vt 0.4338896572589874 0.1211441159248352
vt 0.33020615577697754 0.14700019359588623
vt 0.35524848103523254 0.1789156198501587
vt 0.9172549247741699 0.5020890533924103
vt 0.866472601890564 0.4622693657875061
vt 0.8001385927200317 0.5464510917663574
vt 0.9172549247741699 0.5020890533924103
vt 0.8001385927200317 0.5464510917663574
vt 0.8485700488090515 0.6015292108058929
vt 0.866472601890564 0.4622693657875061
vt 0.823580265045166 0.4222821593284607
vt 0.7576526403427124 0.4952848553657532
vt 0.866472601890564 0.4622693657875061
vt 0.7576526403427124 0.4952848553657532
vt 0.8001385927200317 0.5464510917663574
vt 0.8699275255203247 0.34626245498657227
vt 0.8123658299446106 0.2837281823158264
vt 0.7624925971031189 0.3576080799102783
vt 0.8699275255203247 0.34626245498657227
vt 0.7624925971031189 0.3576080799102783
vt 0.823580265045166 0.4222821593284607
vt 0.6950780153274536 0.4326474666595459
vt 0.6563567519187927 0.40014904737472534
vt 0.5837817192077637 0.4844213128089905
vt 0.6950780153274536 0.4326474666595459
vt 0.5837817192077637 0.4844213128089905
vt 0.6201446056365967 0.5156533718109131
vt 0.6563567519187927 0.40014904737472534
vt 0.637187659740448 0.38586223125457764
vt 0.5653463006019592 0.46913033723831177
vt 0.6563567519187927 0.40014904737472534
vt 0.5653463006019592 0.46913033723831177
vt 0.5837817192077637 0.4844213128089905
vt 0.6629996299743652 0.23209327459335327
vt 0.631740927696228 0.20638859272003174
vt 0.5479106307029724 0.2507748603820801
vt 0.6629996299743652 0.23209327459335327
vt 0.5479106307029724 0.2507748603820801
vt 0.5784663558006287 0.27990657091140747
vt 0.5396098494529724 0.3853145241737366
vt 0.6222039461135864 0.32414841651916504
vt 0.6076911687850952 0.3083112835884094
vt 0.5396098494529724 0.3853145241737366
vt 0.6076911687850952 0.3083112835884094
vt 0.5250119566917419 0.3686959147453308
vt 0.6913936734199524 0.2565121650695801
vt 0.6629996299743652 0.23209327459335327
vt 0.5784663558006287 0.27990657091140747
vt 0.6913936734199524 0.2565121650695801
vt 0.5784663558006287 0.27990657091140747
vt 0.6076911687850952 0.3083112835884094
vt 0.631740927696228 0.20638859272003174
vt 0.6017839312553406 0.1795446276664734
vt 0.5174366235733032 0.22147399187088013
vt 0.631740927696228 0.20638859272003174
vt 0.5174366235733032 0.22147399187088013
vt 0.5479106307029724 0.2507748603820801
vt 0.6017839312553406 0.1795446276664734
vt 0.5721418261528015 0.1416296362876892
vt 0.4863026738166809 0.18620216846466064
vt 0.6017839312553406 0.1795446276664734
vt 0.4863026738166809 0.18620216846466064
vt 0.5174366235733032 0.22147399187088013
vt 0.5721418261528015 0.1416296362876892
vt 0.5479493141174316 0.1048898696899414
vt 0.4582924544811249 0.15328985452651978
vt 0.5721418261528015 0.1416296362876892
vt 0.4582924544811249 0.15328985452651978
vt 0.4863026738166809 0.18620216846466064
vt 0.6588484048843384 0.07246100902557373
vt 0.6546483635902405 0.036846041679382324
vt 0.5339531302452087 0.0705597996711731
vt 0.6588484048843384 0.07246100902557373
vt 0.5339531302452087 0.0705597996711731
vt 0.5479493141174316 0.1048898696899414
vt 0.9497763514518738 0.5244242250919342
vt 0.9172549247741699 0.5020890533924103
vt 0.8485700488090515 0.6015292108058929
vt 0.9497763514518738 0.5244242250919342
vt 0.8485700488090515 0.6015292108058929
vt 0.8791488409042358 0.6312807500362396
vt 0.5339531302452087 0.0705597996711731
vt 0.5255805850028992 0.03465360403060913
vt 0.4159775972366333 0.08678120374679565
vt 0.5339531302452087 0.0705597996711731
vt 0.4159775972366333 0.08678120374679565
vt 0.4338896572589874 0.1211441159248352
vt 0.961916983127594 0.3901869058609009
vt 0.9127879738807678 0.37184399366378784
vt 0.866472601890564 0.4622693657875061
vt 0.961916983127594 0.3901869058609009
vt 0.866472601890564 0.4622693657875061
vt 0.9172549247741699 0.5020890533924103
vt 0.9127879738807678 0.37184399366378784
vt 0.8699275255203247 0.34626245498657227
vt 0.823580265045166 0.4222821593284607
vt 0.9127879738807678 0.37184399366378784
vt 0.823580265045166 0.4222821593284607
vt 0.866472601890564 0.4622693657875061
vt 0.8944054245948792 0.25746607780456543
vt 0.8482208847999573 0.21538931131362915
vt 0.8123658299446106 0.2837281823158264
vt 0.8944054245948792 0.25746607780456543
vt 0.8123658299446106 0.2837281823158264
vt 0.8699275255203247 0.34626245498657227
vt 0.7624925971031189 0.3576080799102783
vt 0.7269566655158997 0.3228551745414734
vt 0.6563567519187927 0.40014904737472534
vt 0.7624925971031189 0.3576080799102783
vt 0.6563567519187927 0.40014904737472534
vt 0.6950780153274536 0.4326474666595459
vt 0.7269566655158997 0.3228551745414734
vt 0.7098238468170166 0.3086434006690979
vt 0.637187659740448 0.38586223125457764
vt 0.7269566655158997 0.3228551745414734
vt 0.637187659740448 0.38586223125457764
vt 0.6563567519187927 0.40014904737472534
vt 0.7407926321029663 0.19118469953536987
vt 0.7162740230560303 0.1678309440612793
vt 0.631740927696228 0.20638859272003174
vt 0.7407926321029663 0.19118469953536987
vt 0.631740927696228 0.20638859272003174
vt 0.6629996299743652 0.23209327459335327
vt 0.6222039461135864 0.32414841651916504
vt 0.7044955492019653 0.270963191986084
vt 0.6913936734199524 0.2565121650695801
vt 0.6222039461135864 0.32414841651916504
vt 0.6913936734199524 0.2565121650695801
vt 0.6076911687850952 0.3083112835884094
vt 0.7616984248161316 0.2106395959854126
vt 0.7407926321029663 0.19118469953536987
vt 0.6629996299743652 0.23209327459335327
vt 0.7616984248161316 0.2106395959854126
vt 0.6629996299743652 0.23209327459335327
vt 0.6913936734199524 0.2565121650695801
vt 0.7162740230560303 0.1678309440612793
vt 0.6948867440223694 0.1438049077987671
vt 0.6017839312553406 0.1795446276664734
vt 0.7162740230560303 0.1678309440612793
vt 0.6017839312553406 0.1795446276664734
vt 0.631740927696228 0.20638859272003174
vt 0.6948867440223694 0.1438049077987671
vt 0.6742501258850098 0.10896927118301392
vt 0.5721418261528015 0.1416296362876892
vt 0.6948867440223694 0.1438049077987671
vt 0.5721418261528015 0.1416296362876892
vt 0.6017839312553406 0.1795446276664734
vt 0.6742501258850098 0.10896927118301392
vt 0.6588484048843384 0.07246100902557373
vt 0.5479493141174316 0.1048898696899414
vt 0.6742501258850098 0.10896927118301392
vt 0.5479493141174316 0.1048898696899414
vt 0.5721418261528015 0.1416296362876892
vt 0.7578678131103516 0.05605614185333252
vt 0.7607714533805847 0.030588388442993164
vt 0.6546483635902405 0.036846041679382324
vt 0.7578678131103516 0.05605614185333252
vt 0.6546483635902405 0.036846041679382324
vt 0.6588484048843384 0.07246100902557373
vt 0.9948169589042664 0.39701002836227417
vt 0.961916983127594 0.3901869058609009
vt 0.9172549247741699 0.5020890533924103
vt 0.9948169589042664 0.39701002836227417
vt 0.9172549247741699 0.5020890533924103
vt 0.9497763514518738 0.5244242250919342
vt 0.6546483635902405 0.036846041679382324
vt 0.6522006392478943 0.00016075372695922852
vt 0.5255805850028992 0.03465360403060913
vt 0.6546483635902405 0.036846041679382324
vt 0.5255805850028992 0.03465360403060913
vt 0.5339531302452087 0.0705597996711731
vt 0.9758555293083191 0.2797471880912781
vt 0.9360462427139282 0.27386850118637085
vt 0.9127879738807678 0.37184399366378784
vt 0.9758555293083191 0.2797471880912781
vt 0.9127879738807678 0.37184399366378784
vt 0.961916983127594 0.3901869058609009
vt 0.9360462427139282 0.27386850118637085
vt 0.8944054245948792 0.25746607780456543
vt 0.8699275255203247 0.34626245498657227
vt 0.9360462427139282 0.27386850118637085
vt 0.8699275255203247 0.34626245498657227
vt 0.9127879738807678 0.37184399366378784
vt 0.9168530106544495 0.15318167209625244
vt 0.8922187685966492 0.14028006792068481
vt 0.8672494292259216 0.18206733465194702
vt 0.9168530106544495 0.15318167209625244
vt 0.8672494292259216 0.18206733465194702
vt 0.9036704301834106 0.20889031887054443
vt 0.8123658299446106 0.2837281823158264
vt 0.7827646732330322 0.25230592489242554
vt 0.7269566655158997 0.3228551745414734
vt 0.8123658299446106 0.2837281823158264
vt 0.7269566655158997 0.3228551745414734
vt 0.7624925971031189 0.3576080799102783
vt 0.7827646732330322 0.25230592489242554
vt 0.7702125906944275 0.24055802822113037
vt 0.7098238468170166 0.3086434006690979
vt 0.7827646732330322 0.25230592489242554
vt 0.7098238468170166 0.3086434006690979
vt 0.7269566655158997 0.3228551745414734
vt 0.8022707104682922 0.15576988458633423
vt 0.7869241237640381 0.13800936937332153
vt 0.7162740230560303 0.1678309440612793
vt 0.8022707104682922 0.15576988458633423
vt 0.7162740230560303 0.1678309440612793
vt 0.7407926321029663 0.19118469953536987
vt 0.7044955492019653 0.270963191986084
vt 0.7712650895118713 0.2212507724761963
vt 0.7616984248161316 0.2106395959854126
vt 0.7044955492019653 0.270963191986084
vt 0.7616984248161316 0.2106395959854126
vt 0.6913936734199524 0.2565121650695801
vt 0.8156214952468872 0.17160528898239136
vt 0.8022707104682922 0.15576988458633423
vt 0.7407926321029663 0.19118469953536987
vt 0.8156214952468872 0.17160528898239136
vt 0.7407926321029663 0.19118469953536987
vt 0.7616984248161316 0.2106395959854126
vt 0.7869241237640381 0.13800936937332153
vt 0.776193380355835 0.12219882011413574
vt 0.6948867440223694 0.1438049077987671
vt 0.7869241237640381 0.13800936937332153
vt 0.6948867440223694 0.1438049077987671
vt 0.7162740230560303 0.1678309440612793
vt 0.776193380355835 0.12219882011413574
vt 0.76466304063797 0.08922761678695679
vt 0.6742501258850098 0.10896927118301392
vt 0.776193380355835 0.12219882011413574
vt 0.6742501258850098 0.10896927118301392
vt 0.6948867440223694 0.1438049077987671
vt 0.76466304063797 0.08922761678695679
vt 0.7578678131103516 0.05605614185333252
vt 0.6588484048843384 0.07246100902557373
vt 0.76466304063797 0.08922761678695679
vt 0.6588484048843384 0.07246100902557373
vt 0.6742501258850098 0.10896927118301392
vt 0.8049119710922241 0.05283468961715698
vt 0.807402491569519 0.036044299602508545
vt 0.7607714533805847 0.030588388442993164
vt 0.8049119710922241 0.05283468961715698
vt 0.7607714533805847 0.030588388442993164
vt 0.7578678131103516 0.05605614185333252
vt 0.9998388290405273 0.2775577902793884
vt 0.9758555293083191 0.2797471880912781
vt 0.961916983127594 0.3901869058609009
vt 0.9998388290405273 0.2775577902793884
vt 0.961916983127594 0.3901869058609009
vt 0.9948169589042664 0.39701002836227417
vt 0.7607714533805847 0.030588388442993164
vt 0.7646968364715576 0.008572876453399658
vt 0.6522006392478943 0.00016075372695922852
vt 0.7607714533805847 0.030588388442993164
vt 0.6522006392478943 0.00016075372695922852
vt 0.6546483635902405 0.036846041679382324
vt 0.9656967520713806 0.15919393301010132
vt 0.9483013153076172 0.15822076797485352
vt 0.9432039260864258 0.2202264666557312
vt 0.9656967520713806 0.15919393301010132
vt 0.9432039260864258 0.2202264666557312
vt 0.9727955460548401 0.22296971082687378
vt 0.9255478978157043 0.2195304036140442
vt 0.8944054245948792 0.25746607780456543
vt 0.9360462427139282 0.27386850118637085
vt 0.0678311362862587 0.3096940517425537
vt 0.0036668686661869287 0.30185043811798096
vt 0.0019131766166538 0.32871323823928833
vt 0.8482208847999573 0.21538931131362915
vt 0.8292931318283081 0.19628864526748657
vt 0.7827646732330322 0.25230592489242554
vt 0.8482208847999573 0.21538931131362915
vt 0.7827646732330322 0.25230592489242554
vt 0.8123658299446106 0.2837281823158264
vt 0.8292931318283081 0.19628864526748657
vt 0.8213019371032715 0.18877005577087402
vt 0.7702125906944275 0.24055802822113037
vt 0.8292931318283081 0.19628864526748657
vt 0.7702125906944275 0.24055802822113037
vt 0.7827646732330322 0.25230592489242554
vt 0.8398358821868896 0.15090727806091309
vt 0.8306610584259033 0.13670951128005981
vt 0.8022707104682922 0.15576988458633423
vt 0.8398358821868896 0.15090727806091309
vt 0.8022707104682922 0.15576988458633423
vt 0.8156214952468872 0.17160528898239136
vt 0.7712650895118713 0.2212507724761963
vt 0.8222202658653259 0.1785292625427246
vt 0.8156214952468872 0.17160528898239136
vt 0.7712650895118713 0.2212507724761963
vt 0.8156214952468872 0.17160528898239136
vt 0.7616984248161316 0.2106395959854126
vt 0.8722309470176697 0.125532329082489
vt 0.8671598434448242 0.11156606674194336
vt 0.8306610584259033 0.13670951128005981
vt 0.8722309470176697 0.125532329082489
vt 0.8306610584259033 0.13670951128005981
vt 0.8398358821868896 0.15090727806091309
vt 0.8306610584259033 0.13670951128005981
vt 0.8211410045623779 0.12294632196426392
vt 0.7869241237640381 0.13800936937332153
vt 0.8306610584259033 0.13670951128005981
vt 0.7869241237640381 0.13800936937332153
vt 0.8022707104682922 0.15576988458633423
vt 0.8671598434448242 0.11156606674194336
vt 0.864084005355835 0.10458534955978394
vt 0.8211410045623779 0.12294632196426392
vt 0.8671598434448242 0.11156606674194336
vt 0.8211410045623779 0.12294632196426392
vt 0.8306610584259033 0.13670951128005981
vt 0.8211410045623779 0.12294632196426392
vt 0.8158490657806396 0.11052900552749634
vt 0.776193380355835 0.12219882011413574
vt 0.8211410045623779 0.12294632196426392
vt 0.776193380355835 0.12219882011413574
vt 0.7869241237640381 0.13800936937332153
vt 0.864084005355835 0.10458534955978394
vt 0.8624062538146973 0.09884905815124512
vt 0.8158490657806396 0.11052900552749634
vt 0.864084005355835 0.10458534955978394
vt 0.8158490657806396 0.11052900552749634
vt 0.8211410045623779 0.12294632196426392
vt 0.8158490657806396 0.11052900552749634
vt 0.809400200843811 0.0808945894241333
vt 0.76466304063797 0.08922761678695679
vt 0.8158490657806396 0.11052900552749634
vt 0.76466304063797 0.08922761678695679
vt 0.776193380355835 0.12219882011413574
vt 0.8624062538146973 0.09884905815124512
vt 0.8606455326080322 0.07844555377960205
vt 0.809400200843811 0.0808945894241333
vt 0.8624062538146973 0.09884905815124512
vt 0.809400200843811 0.0808945894241333
vt 0.8158490657806396 0.11052900552749634
vt 0.809400200843811 0.0808945894241333
vt 0.8049119710922241 0.05283468961715698
vt 0.7578678131103516 0.05605614185333252
vt 0.809400200843811 0.0808945894241333
vt 0.7578678131103516 0.05605614185333252
vt 0.76466304063797 0.08922761678695679
vt 0.8606455326080322 0.07844555377960205
vt 0.8587099313735962 0.05863243341445923
vt 0.8049119710922241 0.05283468961715698
vt 0.8606455326080322 0.07844555377960205
vt 0.8049119710922241 0.05283468961715698
vt 0.809400200843811 0.0808945894241333
vt 0.807402491569519 0.036044299602508545
vt 0.8141039609909058 0.021823525428771973
vt 0.7646968364715576 0.008572876453399658
vt 0.807402491569519 0.036044299602508545
vt 0.7646968364715576 0.008572876453399658
vt 0.7607714533805847 0.030588388442993164
vt 0.8587099313735962 0.05863243341445923
vt 0.8600846529006958 0.05121636390686035
vt 0.807402491569519 0.036044299602508545
vt 0.8587099313735962 0.05863243341445923
vt 0.807402491569519 0.036044299602508545
vt 0.8049119710922241 0.05283468961715698
vt 0.5844358801841736 0.9671199880540371
vt 0.5813454985618591 0.976700970903039
vt 0.6465489864349365 0.9901829892769456
vt 0.5844358801841736 0.9671199880540371
vt 0.6465489864349365 0.9901829892769456
vt 0.6474732756614685 0.9822465945035219
vt 0.8600846529006958 0.05121636390686035
vt 0.8664467930793762 0.043848276138305664
vt 0.8141039609909058 0.021823525428771973
vt 0.8600846529006958 0.05121636390686035
vt 0.8141039609909058 0.021823525428771973
vt 0.807402491569519 0.036044299602508545
vt 0.9895700812339783 0.2215939164161682
vt 0.9727955460548401 0.22296971082687378
vt 0.9758555293083191 0.2797471880912781
vt 0.9895700812339783 0.2215939164161682
vt 0.9758555293083191 0.2797471880912781
vt 0.9998388290405273 0.2775577902793884
vt 0.9746052622795105 0.16070038080215454
vt 0.9656967520713806 0.15919393301010132
vt 0.9727955460548401 0.22296971082687378
vt 0.9746052622795105 0.16070038080215454
vt 0.9727955460548401 0.22296971082687378
vt 0.9895700812339783 0.2215939164161682
vt 0.10082700103521347 0.3443779945373535
vt 0.07621292769908905 0.3535246253013611
vt 0.07596110552549362 0.36792248487472534
vt 0.10082700103521347 0.3443779945373535
vt 0.07596110552549362 0.36792248487472534
vt 0.10229980200529099 0.3585818409919739
vt 0.9727955460548401 0.22296971082687378
vt 0.9432039260864258 0.2202264666557312
vt 0.9360462427139282 0.27386850118637085
vt 0.9727955460548401 0.22296971082687378
vt 0.9360462427139282 0.27386850118637085
vt 0.9758555293083191 0.2797471880912781
vt 0.9483013153076172 0.15822076797485352
vt 0.9347682595252991 0.160350501537323
vt 0.9255478978157043 0.2195304036140442
vt 0.9483013153076172 0.15822076797485352
vt 0.9255478978157043 0.2195304036140442
vt 0.9432039260864258 0.2202264666557312
vt 0.9255478978157043 0.2195304036140442
vt 0.9036704301834106 0.20889031887054443
vt 0.8944054245948792 0.25746607780456543
vt 0.9347682595252991 0.160350501537323
vt 0.9168530106544495 0.15318167209625244
vt 0.9036704301834106 0.20889031887054443
vt 0.9347682595252991 0.160350501537323
vt 0.9036704301834106 0.20889031887054443
vt 0.9255478978157043 0.2195304036140442
vt 0.9036704301834106 0.20889031887054443
vt 0.8672494292259216 0.18206733465194702
vt 0.8482208847999573 0.21538931131362915
vt 0.9036704301834106 0.20889031887054443
vt 0.8482208847999573 0.21538931131362915
vt 0.8944054245948792 0.25746607780456543
vt 0.8672494292259216 0.18206733465194702
vt 0.8528038859367371 0.17000067234039307
vt 0.8292931318283081 0.19628864526748657
vt 0.8672494292259216 0.18206733465194702
vt 0.8292931318283081 0.19628864526748657
vt 0.8482208847999573 0.21538931131362915
vt 0.8922187685966492 0.14028006792068481
vt 0.8819584846496582 0.13577324151992798
vt 0.8528038859367371 0.17000067234039307
vt 0.8922187685966492 0.14028006792068481
vt 0.8528038859367371 0.17000067234039307
vt 0.8672494292259216 0.18206733465194702
vt 0.5946552157402039 0.9232159927487373
vt 0.5926401615142822 0.9321839734911919
vt 0.646465539932251 0.9247632622718811
vt 0.5946552157402039 0.9232159927487373
vt 0.646465539932251 0.9247632622718811
vt 0.6474732756614685 0.909001924097538
vt 0.8292931318283081 0.19628864526748657
vt 0.8528038859367371 0.17000067234039307
vt 0.8465648889541626 0.16470855474472046
vt 0.8292931318283081 0.19628864526748657
vt 0.8465648889541626 0.16470855474472046
vt 0.8213019371032715 0.18877005577087402
vt 0.8528038859367371 0.17000067234039307
vt 0.8819584846496582 0.13577324151992798
vt 0.8773807287216187 0.13222330808639526
vt 0.8528038859367371 0.17000067234039307
vt 0.8773807287216187 0.13222330808639526
vt 0.8465648889541626 0.16470855474472046
vt 0.8448490500450134 0.15664178133010864
vt 0.8753969669342041 0.1307511329650879
vt 0.8722309470176697 0.125532329082489
vt 0.8448490500450134 0.15664178133010864
vt 0.8722309470176697 0.125532329082489
vt 0.8398358821868896 0.15090727806091309
vt 0.8222202658653259 0.1785292625427246
vt 0.8448490500450134 0.15664178133010864
vt 0.8398358821868896 0.15090727806091309
vt 0.8222202658653259 0.1785292625427246
vt 0.8398358821868896 0.15090727806091309
vt 0.8156214952468872 0.17160528898239136
vt 0.5946552157402039 0.9232159927487373
vt 0.5756731033325195 0.9254568815231323
vt 0.5741776823997498 0.9341440796852112
vt 0.5946552157402039 0.9232159927487373
vt 0.5741776823997498 0.9341440796852112
vt 0.5926401615142822 0.9321839734911919
vt 0.5569972395896912 0.9362433329224586
vt 0.5533115863800049 0.9418937303125858
vt 0.5706860423088074 0.9390192404389381
vt 0.5569972395896912 0.9362433329224586
vt 0.5706860423088074 0.9390192404389381
vt 0.5741776823997498 0.9341440796852112
vt 0.5926401615142822 0.9321839734911919
vt 0.5741776823997498 0.9341440796852112
vt 0.5706860423088074 0.9390192404389381
vt 0.5926401615142822 0.9321839734911919
vt 0.5706860423088074 0.9390192404389381
vt 0.5899618864059448 0.9357919320464134
vt 0.5533115863800049 0.9418937303125858
vt 0.5500729084014893 0.9466940946877003
vt 0.5681926012039185 0.9434515908360481
vt 0.5533115863800049 0.9418937303125858
vt 0.5681926012039185 0.9434515908360481
vt 0.5706860423088074 0.9390192404389381
vt 0.5899618864059448 0.9357919320464134
vt 0.5706860423088074 0.9390192404389381
vt 0.5681926012039185 0.9434515908360481
vt 0.5899618864059448 0.9357919320464134
vt 0.5681926012039185 0.9434515908360481
vt 0.5884212255477905 0.9401744902133942
vt 0.5500729084014893 0.9466940946877003
vt 0.5447908639907837 0.9546061269938946
vt 0.5644433498382568 0.9546353928744793
vt 0.5500729084014893 0.9466940946877003
vt 0.5644433498382568 0.9546353928744793
vt 0.5681926012039185 0.9434515908360481
vt 0.5884212255477905 0.9401744902133942
vt 0.5681926012039185 0.9434515908360481
vt 0.5644433498382568 0.9546353928744793
vt 0.5884212255477905 0.9401744902133942
vt 0.5644433498382568 0.9546353928744793
vt 0.5870311856269836 0.9534603916108608
vt 0.5447908639907837 0.9546061269938946
vt 0.5384631752967834 0.9643608517944813
vt 0.5600149631500244 0.9666459262371063
vt 0.5447908639907837 0.9546061269938946
vt 0.5600149631500244 0.9666459262371063
vt 0.5644433498382568 0.9546353928744793
vt 0.5870311856269836 0.9534603916108608
vt 0.5644433498382568 0.9546353928744793
vt 0.5600149631500244 0.9666459262371063
vt 0.5870311856269836 0.9534603916108608
vt 0.5600149631500244 0.9666459262371063
vt 0.5844358801841736 0.9671199880540371
vt 0.5308166146278381 0.9726213607937098
vt 0.5249877572059631 0.9772837106138468
vt 0.5507736206054688 0.9806669298559427
vt 0.5308166146278381 0.9726213607937098
vt 0.5507736206054688 0.9806669298559427
vt 0.5547933578491211 0.9758252259343863
vt 0.5844358801841736 0.9671199880540371
vt 0.5600149631500244 0.9666459262371063
vt 0.5547933578491211 0.9758252259343863
vt 0.5844358801841736 0.9671199880540371
vt 0.5547933578491211 0.9758252259343863
vt 0.5813454985618591 0.976700970903039
vt 0.5813454985618591 0.976700970903039
vt 0.5547933578491211 0.9758252259343863
vt 0.5507736206054688 0.9806669298559427
vt 0.5813454985618591 0.976700970903039
vt 0.5507736206054688 0.9806669298559427
vt 0.577947735786438 0.9807222634553909
vt 0.12297334522008896 0.35051530599594116
vt 0.12247268110513687 0.3469027876853943
vt 0.10229980200529099 0.3585818409919739
vt 0.12297334522008896 0.35051530599594116
vt 0.10229980200529099 0.3585818409919739
vt 0.10128474235534668 0.36313891410827637
vt 0.07454044371843338 0.37306708097457886
vt 0.10128474235534668 0.36313891410827637
vt 0.10229980200529099 0.3585818409919739
vt 0.07454044371843338 0.37306708097457886
vt 0.10229980200529099 0.3585818409919739
vt 0.07596110552549362 0.36792248487472534
vt 0.07596110552549362 0.36792248487472534
vt 0.07621292769908905 0.3535246253013611
vt 0.007045752368867397 0.36120980978012085
vt 0.07596110552549362 0.36792248487472534
vt 0.007045752368867397 0.36120980978012085
vt 0.008231387473642826 0.37891560792922974
vt 0.1186806783080101 0.3372601866722107
vt 0.11477793753147125 0.3333424925804138
vt 0.09617976099252701 0.3391663432121277
vt 0.1186806783080101 0.3372601866722107
vt 0.09617976099252701 0.3391663432121277
vt 0.10082700103521347 0.3443779945373535
vt 0.07621292769908905 0.3535246253013611
vt 0.10082700103521347 0.3443779945373535
vt 0.09617976099252701 0.3391663432121277
vt 0.07621292769908905 0.3535246253013611
vt 0.09617976099252701 0.3391663432121277
vt 0.07125906646251678 0.3425906300544739
vt 0.11477793753147125 0.3333424925804138
vt 0.10932557284832001 0.3256077766418457
vt 0.09134944528341293 0.32590293884277344
vt 0.11477793753147125 0.3333424925804138
vt 0.09134944528341293 0.32590293884277344
vt 0.09617976099252701 0.3391663432121277
vt 0.07125906646251678 0.3425906300544739
vt 0.09617976099252701 0.3391663432121277
vt 0.09134944528341293 0.32590293884277344
vt 0.07125906646251678 0.3425906300544739
vt 0.09134944528341293 0.32590293884277344
vt 0.0677574947476387 0.3249078392982483
vt 0.10903683304786682 0.31554120779037476
vt 0.10600051283836365 0.31078261137008667
vt 0.08849979192018509 0.308319628238678
vt 0.10903683304786682 0.31554120779037476
vt 0.08849979192018509 0.308319628238678
vt 0.09239523857831955 0.3132810592651367
vt 0.0677574947476387 0.3249078392982483
vt 0.09134944528341293 0.32590293884277344
vt 0.09239523857831955 0.3132810592651367
vt 0.0677574947476387 0.3249078392982483
vt 0.09239523857831955 0.3132810592651367
vt 0.0678311362862587 0.3096940517425537
vt 0.09134944528341293 0.32590293884277344
vt 0.10932557284832001 0.3256077766418457
vt 0.10835253447294235 0.3200927972793579
vt 0.10835253447294235 0.3200927972793579
vt 0.10903683304786682 0.31554120779037476
vt 0.09239523857831955 0.3132810592651367
vt 0.0678311362862587 0.3096940517425537
vt 0.09239523857831955 0.3132810592651367
vt 0.08849979192018509 0.308319628238678
vt 0.0678311362862587 0.3096940517425537
vt 0.08849979192018509 0.308319628238678
vt 0.06449555605649948 0.3063506484031677
vt 0.10600051283836365 0.31078261137008667
vt 0.09968208521604538 0.2971413731575012
vt 0.0805574357509613 0.2961713671684265
vt 0.10600051283836365 0.31078261137008667
vt 0.0805574357509613 0.2961713671684265
vt 0.08849979192018509 0.308319628238678
vt 0.06449555605649948 0.3063506484031677
vt 0.08849979192018509 0.308319628238678
vt 0.0805574357509613 0.2961713671684265
vt 0.06449555605649948 0.3063506484031677
vt 0.0805574357509613 0.2961713671684265
vt 0.06026390567421913 0.2952314615249634
vt 0.0018122339388355613 0.2905222177505493
vt 0.06026390567421913 0.2952314615249634
vt 0.05948897451162338 0.28895097970962524
vt 0.0018122339388355613 0.2905222177505493
vt 0.05948897451162338 0.28895097970962524
vt 0.0017407411942258477 0.28464651107788086
vt 0.0805574357509613 0.2961713671684265
vt 0.09968208521604538 0.2971413731575012
vt 0.09966427832841873 0.2914941906929016
vt 0.0805574357509613 0.2961713671684265
vt 0.09966427832841873 0.2914941906929016
vt 0.0797259584069252 0.29015427827835083
vt 0.5748647451400757 0.9197934865951538
vt 0.5566126108169556 0.9237551912665367
vt 0.5574789047241211 0.9279841780662537
vt 0.5748647451400757 0.9197934865951538
vt 0.5574789047241211 0.9279841780662537
vt 0.5756731033325195 0.9254568815231323
vt 0.6467739343643188 0.9025308340787888
vt 0.5936567187309265 0.9163292273879051
vt 0.5946552157402039 0.9232159927487373
vt 0.6467739343643188 0.9025308340787888
vt 0.5946552157402039 0.9232159927487373
vt 0.6474732756614685 0.909001924097538
vt 0.536720871925354 0.942225519567728
vt 0.5353349447250366 0.9442808777093887
vt 0.5533115863800049 0.9418937303125858
vt 0.536720871925354 0.942225519567728
vt 0.5533115863800049 0.9418937303125858
vt 0.5569972395896912 0.9362433329224586
vt 0.534896969795227 0.9355931878089905
vt 0.5195513963699341 0.9405053555965424
vt 0.536720871925354 0.942225519567728
vt 0.5353349447250366 0.9442808777093887
vt 0.5331931710243225 0.9466490633785725
vt 0.5500729084014893 0.9466940946877003
vt 0.5353349447250366 0.9442808777093887
vt 0.5500729084014893 0.9466940946877003
vt 0.5533115863800049 0.9418937303125858
vt 0.536720871925354 0.942225519567728
vt 0.5195513963699341 0.9405053555965424
vt 0.5353349447250366 0.9442808777093887
vt 0.5331931710243225 0.9466490633785725
vt 0.5290629267692566 0.9506509639322758
vt 0.5447908639907837 0.9546061269938946
vt 0.5331931710243225 0.9466490633785725
vt 0.5447908639907837 0.9546061269938946
vt 0.5500729084014893 0.9466940946877003
vt 0.5353349447250366 0.9442808777093887
vt 0.5195513963699341 0.9405053555965424
vt 0.5331931710243225 0.9466490633785725
vt 0.5290629267692566 0.9506509639322758
vt 0.5248858332633972 0.953224640339613
vt 0.5384631752967834 0.9643608517944813
vt 0.5290629267692566 0.9506509639322758
vt 0.5384631752967834 0.9643608517944813
vt 0.5447908639907837 0.9546061269938946
vt 0.5331931710243225 0.9466490633785725
vt 0.5195513963699341 0.9405053555965424
vt 0.5290629267692566 0.9506509639322758
vt 0.5196614861488342 0.9546051323413849
vt 0.5132974982261658 0.9556035473942757
vt 0.5249877572059631 0.9772837106138468
vt 0.5196614861488342 0.9546051323413849
vt 0.5249877572059631 0.9772837106138468
vt 0.5308166146278381 0.9726213607937098
vt 0.5290629267692566 0.9506509639322758
vt 0.5195513963699341 0.9405053555965424
vt 0.5248858332633972 0.953224640339613
vt 0.5384631752967834 0.9643608517944813
vt 0.5308166146278381 0.9726213607937098
vt 0.5547933578491211 0.9758252259343863
vt 0.5384631752967834 0.9643608517944813
vt 0.5547933578491211 0.9758252259343863
vt 0.5600149631500244 0.9666459262371063
vt 0.5248858332633972 0.953224640339613
vt 0.5195513963699341 0.9405053555965424
vt 0.5196614861488342 0.9546051323413849
vt 0.13388755917549133 0.3344765305519104
vt 0.13111956417560577 0.33289581537246704
vt 0.12247268110513687 0.3469027876853943
vt 0.13388755917549133 0.3344765305519104
vt 0.12247268110513687 0.3469027876853943
vt 0.12297334522008896 0.35051530599594116
vt 0.5196614861488342 0.9546051323413849
vt 0.5195513963699341 0.9405053555965424
vt 0.5132974982261658 0.9556035473942757
vt 0.12247268110513687 0.3469027876853943
vt 0.1186806783080101 0.3372601866722107
vt 0.10082700103521347 0.3443779945373535
vt 0.12247268110513687 0.3469027876853943
vt 0.10082700103521347 0.3443779945373535
vt 0.10229980200529099 0.3585818409919739
vt 0.13388755917549133 0.3344765305519104
vt 0.13402000069618225 0.31995803117752075
vt 0.13111956417560577 0.33289581537246704
vt 0.13111956417560577 0.33289581537246704
vt 0.12699976563453674 0.32890909910202026
vt 0.1186806783080101 0.3372601866722107
vt 0.13111956417560577 0.33289581537246704
vt 0.1186806783080101 0.3372601866722107
vt 0.12247268110513687 0.3469027876853943
vt 0.12699976563453674 0.32890909910202026
vt 0.12394130229949951 0.3264685869216919
vt 0.11477793753147125 0.3333424925804138
vt 0.12699976563453674 0.32890909910202026
vt 0.11477793753147125 0.3333424925804138
vt 0.1186806783080101 0.3372601866722107
vt 0.12394130229949951 0.3264685869216919
vt 0.12053506821393967 0.32408416271209717
vt 0.10932557284832001 0.3256077766418457
vt 0.12394130229949951 0.3264685869216919
vt 0.10932557284832001 0.3256077766418457
vt 0.11477793753147125 0.3333424925804138
vt 0.12699976563453674 0.32890909910202026
vt 0.13402000069618225 0.31995803117752075
vt 0.12394130229949951 0.3264685869216919
vt 0.1177821159362793 0.32043343782424927
vt 0.11663468927145004 0.31486713886260986
vt 0.10600051283836365 0.31078261137008667
vt 0.1177821159362793 0.32043343782424927
vt 0.10600051283836365 0.31078261137008667
vt 0.10903683304786682 0.31554120779037476
vt 0.12394130229949951 0.3264685869216919
vt 0.13402000069618225 0.31995803117752075
vt 0.12053506821393967 0.32408416271209717
vt 0.10932557284832001 0.3256077766418457
vt 0.12053506821393967 0.32408416271209717
vt 0.11798907816410065 0.3226940631866455
vt 0.10932557284832001 0.3256077766418457
vt 0.11798907816410065 0.3226940631866455
vt 0.10835253447294235 0.3200927972793579
vt 0.12053506821393967 0.32408416271209717
vt 0.13402000069618225 0.31995803117752075
vt 0.1177821159362793 0.32043343782424927
vt 0.12053506821393967 0.32408416271209717
vt 0.1177821159362793 0.32043343782424927
vt 0.11798907816410065 0.3226940631866455
vt 0.10835253447294235 0.3200927972793579
vt 0.11798907816410065 0.3226940631866455
vt 0.1177821159362793 0.32043343782424927
vt 0.10835253447294235 0.3200927972793579
vt 0.1177821159362793 0.32043343782424927
vt 0.10903683304786682 0.31554120779037476
vt 0.11663468927145004 0.31486713886260986
vt 0.12117831408977509 0.30276358127593994
vt 0.09968208521604538 0.2971413731575012
vt 0.11663468927145004 0.31486713886260986
vt 0.09968208521604538 0.2971413731575012
vt 0.10600051283836365 0.31078261137008667
vt 0.1177821159362793 0.32043343782424927
vt 0.13402000069618225 0.31995803117752075
vt 0.11663468927145004 0.31486713886260986
vt 0.5574789047241211 0.9279841780662537
vt 0.5569972395896912 0.9362433329224586
vt 0.5741776823997498 0.9341440796852112
vt 0.5574789047241211 0.9279841780662537
vt 0.5741776823997498 0.9341440796852112
vt 0.5756731033325195 0.9254568815231323
vt 0.11663468927145004 0.31486713886260986
vt 0.13402000069618225 0.31995803117752075
vt 0.12117831408977509 0.30276358127593994
vt 0.09968208521604538 0.2971413731575012
vt 0.12117831408977509 0.30276358127593994
vt 0.12205871194601059 0.2976608872413635
vt 0.09968208521604538 0.2971413731575012
vt 0.12205871194601059 0.2976608872413635
vt 0.09966427832841873 0.2914941906929016
vt 0.5344545245170593 0.9272870719432831
vt 0.5195513963699341 0.9405053555965424
vt 0.534896969795227 0.9355931878089905
vt 0.5344545245170593 0.9272870719432831
vt 0.534896969795227 0.9355931878089905
vt 0.5374724864959717 0.931008405983448
vt 0.5566126108169556 0.9237551912665367
vt 0.5374724864959717 0.931008405983448
vt 0.534896969795227 0.9355931878089905
vt 0.5566126108169556 0.9237551912665367
vt 0.534896969795227 0.9355931878089905
vt 0.5574789047241211 0.9279841780662537
vt 0.5936567187309265 0.9163292273879051
vt 0.5748647451400757 0.9197934865951538
vt 0.5756731033325195 0.9254568815231323
vt 0.5936567187309265 0.9163292273879051
vt 0.5756731033325195 0.9254568815231323
vt 0.5946552157402039 0.9232159927487373
vt 0.06026390567421913 0.2952314615249634
vt 0.0805574357509613 0.2961713671684265
vt 0.0797259584069252 0.29015427827835083
vt 0.06026390567421913 0.2952314615249634
vt 0.0797259584069252 0.29015427827835083
vt 0.05948897451162338 0.28895097970962524
vt 0.534896969795227 0.9355931878089905
vt 0.536720871925354 0.942225519567728
vt 0.5569972395896912 0.9362433329224586
vt 0.534896969795227 0.9355931878089905
vt 0.5569972395896912 0.9362433329224586
vt 0.5574789047241211 0.9279841780662537
vt 0.06449555605649948 0.3063506484031677
vt 0.06026390567421913 0.2952314615249634
vt 0.0018122339388355613 0.2905222177505493
vt 0.06449555605649948 0.3063506484031677
vt 0.0018122339388355613 0.2905222177505493
vt 0.0036668686661869287 0.30185043811798096
vt 0.10835253447294235 0.3200927972793579
vt 0.09239523857831955 0.3132810592651367
vt 0.09134944528341293 0.32590293884277344
vt 0.0678311362862587 0.3096940517425537
vt 0.06449555605649948 0.3063506484031677
vt 0.0036668686661869287 0.30185043811798096
vt 0.07125906646251678 0.3425906300544739
vt 0.0677574947476387 0.3249078392982483
vt 0.0019131766166538 0.32871323823928833
vt 0.07125906646251678 0.3425906300544739
vt 0.0019131766166538 0.32871323823928833
vt 0.0017407562118023634 0.34840184450149536
vt 0.07621292769908905 0.3535246253013611
vt 0.07125906646251678 0.3425906300544739
vt 0.0017407562118023634 0.34840184450149536
vt 0.07621292769908905 0.3535246253013611
vt 0.0017407562118023634 0.34840184450149536
vt 0.007045752368867397 0.36120980978012085
vt 0.13402000069618225 0.31995803117752075
vt 0.12699976563453674 0.32890909910202026
vt 0.13111956417560577 0.33289581537246704
vt 0.07454044371843338 0.37306708097457886
vt 0.07596110552549362 0.36792248487472534
vt 0.008231387473642826 0.37891560792922974
vt 0.07454044371843338 0.37306708097457886
vt 0.008231387473642826 0.37891560792922974
vt 0.007382767740637064 0.388016939163208
vt 0.5248858332633972 0.953224640339613
vt 0.5196614861488342 0.9546051323413849
vt 0.5308166146278381 0.9726213607937098
vt 0.5248858332633972 0.953224640339613
vt 0.5308166146278381 0.9726213607937098
vt 0.5384631752967834 0.9643608517944813
vt 0.5813454985618591 0.976700970903039
vt 0.577947735786438 0.9807222634553909
vt 0.6415266990661621 0.9991435126285069
vt 0.5813454985618591 0.976700970903039
vt 0.6415266990661621 0.9991435126285069
vt 0.6465489864349365 0.9901829892769456
vt 0.5870311856269836 0.9534603916108608
vt 0.5844358801841736 0.9671199880540371
vt 0.6474732756614685 0.9822465945035219
vt 0.5870311856269836 0.9534603916108608
vt 0.6474732756614685 0.9822465945035219
vt 0.6473380327224731 0.9610371552407742
vt 0.5884212255477905 0.9401744902133942
vt 0.5870311856269836 0.9534603916108608
vt 0.6473380327224731 0.9610371552407742
vt 0.5884212255477905 0.9401744902133942
vt 0.6473380327224731 0.9610371552407742
vt 0.6469618678092957 0.9393466934561729
vt 0.5899618864059448 0.9357919320464134
vt 0.5884212255477905 0.9401744902133942
vt 0.6469618678092957 0.9393466934561729
vt 0.5899618864059448 0.9357919320464134
vt 0.6469618678092957 0.9393466934561729
vt 0.6466085910797119 0.9329696521162987
vt 0.5926401615142822 0.9321839734911919
vt 0.5899618864059448 0.9357919320464134
vt 0.6466085910797119 0.9329696521162987
vt 0.5926401615142822 0.9321839734911919
vt 0.6466085910797119 0.9329696521162987
vt 0.646465539932251 0.9247632622718811
vt 0.01713515631854534 0.9702180456370115
vt 0.018787769600749016 0.9662010669708252
vt 0.014067813754081726 0.9625488519668579
vt 0.01713515631854534 0.9702180456370115
vt 0.014067813754081726 0.9625488519668579
vt 0.011678889393806458 0.9692900590598583
vt 0.15814833343029022 0.7792210280895233
vt 0.1445503532886505 0.7686352431774139
vt 0.1131010502576828 0.8053570240736008
vt 0.15814833343029022 0.7792210280895233
vt 0.1131010502576828 0.8053570240736008
vt 0.1233937218785286 0.8099363744258881
vt 0.9432039260864258 0.2202264666557312
vt 0.9255478978157043 0.2195304036140442
vt 0.9360462427139282 0.27386850118637085
vt 0.03529820591211319 0.9637046754360199
vt 0.03113662637770176 0.9586324021220207
vt 0.026405589655041695 0.9691098872572184
vt 0.0677574947476387 0.3249078392982483
vt 0.0678311362862587 0.3096940517425537
vt 0.0019131766166538 0.32871323823928833
vt 0.03113662637770176 0.9586324021220207
vt 0.024595072492957115 0.9591882228851318
vt 0.026405589655041695 0.9691098872572184
vt 0.02876368537545204 0.9783456567674875
vt 0.024339715018868446 0.9796283040195704
vt 0.0236181803047657 0.9861778663471341
vt 0.02876368537545204 0.9783456567674875
vt 0.0236181803047657 0.9861778663471341
vt 0.03095322474837303 0.9846199555322528
vt 0.03549481928348541 0.9696942269802094
vt 0.03529820591211319 0.9637046754360199
vt 0.026405589655041695 0.9691098872572184
vn 0.24256869785455812 0.8961184188094808 0.3716614135090432
vn 0.2543662271198369 0.9670982130456685 0.004343826043278275
vn 0.26253241587702164 0.9643765905540587 0.03247340766078902
vn 0.22223794917999598 0.9622960445304287 0.15683308523828982
vn 0.26253241587702164 0.9643765905540587 0.03247340766078902
vn 0.07443283500401926 0.9097211275705526 -0.40849384710791775
vn 0.22223794917999598 0.9622960445304287 0.15683308523828982
vn 0.07443283500401926 0.9097211275705526 -0.40849384710791775
vn -0.29491483436147964 0.9476548797758988 -0.12237430004076617
vn 0.24256869785455812 0.8961184188094808 0.3716614135090432
vn 0.26253241587702164 0.9643765905540587 0.03247340766078902
vn 0.22223794917999598 0.9622960445304287 0.15683308523828982
vn 0.1368817458938431 0.8490927695348944 0.5102008000430971
vn 0.22223794917999598 0.9622960445304287 0.15683308523828982
vn -0.29491483436147964 0.9476548797758988 -0.12237430004076617
vn 0.1368817458938431 0.8490927695348944 0.5102008000430971
vn -0.29491483436147964 0.9476548797758988 -0.12237430004076617
vn -0.575894462022199 0.7163341305017158 0.393968250104641
vn 0.24256869785455812 0.8961184188094808 0.3716614135090432
vn 0.22223794917999598 0.9622960445304287 0.15683308523828982
vn 0.1368817458938431 0.8490927695348944 0.5102008000430971
vn 0.12932215655105392 0.800917383070433 0.5846427330606222
vn 0.1368817458938431 0.8490927695348944 0.5102008000430971
vn -0.575894462022199 0.7163341305017158 0.393968250104641
vn 0.12932215655105392 0.800917383070433 0.5846427330606222
vn -0.575894462022199 0.7163341305017158 0.393968250104641
vn -0.5851577282941093 0.6865988511031952 0.43147705695836225
vn 0.24256869785455812 0.8961184188094808 0.3716614135090432
vn 0.1368817458938431 0.8490927695348944 0.5102008000430971
vn 0.12932215655105392 0.800917383070433 0.5846427330606222
vn 0.1385182634884089 0.8880428445671379 0.43839776104955436
vn 0.12932215655105392 0.800917383070433 0.5846427330606222
vn -0.5851577282941093 0.6865988511031952 0.43147705695836225
vn 0.1385182634884089 0.8880428445671379 0.43839776104955436
vn -0.5851577282941093 0.6865988511031952 0.43147705695836225
vn -0.3261547996294314 0.6601235111188694 0.6766535278462541
vn 0.24256869785455812 0.8961184188094808 0.3716614135090432
vn 0.12932215655105392 0.800917383070433 0.5846427330606222
vn 0.1385182634884089 0.8880428445671379 0.43839776104955436
vn 0.1826449460146806 0.870209940159764 0.45757565903622316
vn 0.1703851493425974 0.8799620890983291 0.44343615395365027
vn -0.05407471970711644 0.4813954516699138 0.8748338949767074
vn 0.1826449460146806 0.870209940159764 0.45757565903622316
vn -0.05407471970711644 0.4813954516699138 0.8748338949767074
vn 0.22977952509837635 0.3833705526654251 0.8945548553300525
vn 0.24256869785455812 0.8961184188094808 0.3716614135090432
vn 0.1385182634884089 0.8880428445671379 0.43839776104955436
vn 0.1703851493425974 0.8799620890983291 0.44343615395365027
vn -0.5376926498242293 0.19560700574524162 0.820136887128228
vn 0.0002809332823102182 0.017776954136679502 0.9998419379972583
vn -0.05407471970711644 0.4813954516699138 0.8748338949767074
vn -0.5376926498242293 0.19560700574524162 0.820136887128228
vn -0.05407471970711644 0.4813954516699138 0.8748338949767074
vn -0.3261547996294314 0.6601235111188694 0.6766535278462541
vn 0.24256869785455812 0.8961184188094808 0.3716614135090432
vn 0.1703851493425974 0.8799620890983291 0.44343615395365027
vn 0.1826449460146806 0.870209940159764 0.45757565903622316
vn 0.27609092143930586 0.8845746306866812 0.37590095217266567
vn 0.1826449460146806 0.870209940159764 0.45757565903622316
vn 0.22977952509837635 0.3833705526654251 0.8945548553300525
vn 0.27609092143930586 0.8845746306866812 0.37590095217266567
vn 0.22977952509837635 0.3833705526654251 0.8945548553300525
vn 0.3144017673356767 0.5076321821289538 0.8021602685019994
vn 0.24256869785455812 0.8961184188094808 0.3716614135090432
vn 0.1826449460146806 0.870209940159764 0.45757565903622316
vn 0.27609092143930586 0.8845746306866812 0.37590095217266567
vn 0.18924113430926015 -0.1318394774595834 0.9730396421875774
vn 0.8873691839139747 -0.0466627492368304 0.4586921835757691
vn 0.8894415578127165 0.15823100120155903 0.4287851040957935
vn 0.18924113430926015 -0.1318394774595834 0.9730396421875774
vn 0.8894415578127165 0.15823100120155903 0.4287851040957935
vn 0.10574148775652394 0.03507383809398236 0.9937749059260824
vn 0.33469215097842114 0.8817716053526804 0.33235523174337833
vn 0.27609092143930586 0.8845746306866812 0.37590095217266567
vn 0.3144017673356767 0.5076321821289538 0.8021602685019994
vn 0.33469215097842114 0.8817716053526804 0.33235523174337833
vn 0.3144017673356767 0.5076321821289538 0.8021602685019994
vn 0.729566939874678 0.5984440741764833 0.33105402931387135
vn 0.8873691839139747 -0.0466627492368304 0.4586921835757691
vn 0.9267289052293516 0.06922730836910783 0.3692981397033781
vn 0.8651854727429982 0.37371668252500406 0.3343500246104078
vn 0.8873691839139747 -0.0466627492368304 0.4586921835757691
vn 0.8651854727429982 0.37371668252500406 0.3343500246104078
vn 0.8894415578127165 0.15823100120155903 0.4287851040957935
vn 0.3782019536264691 0.8248953471581884 0.4201320607974283
vn 0.33469215097842114 0.8817716053526804 0.33235523174337833
vn 0.729566939874678 0.5984440741764833 0.33105402931387135
vn 0.3782019536264691 0.8248953471581884 0.4201320607974283
vn 0.729566939874678 0.5984440741764833 0.33105402931387135
vn 0.6695703167577868 0.6492269789351202 0.3608045464509202
vn 0.9267289052293516 0.06922730836910783 0.3692981397033781
vn 0.26951563895214165 0.7743079811761672 -0.5725456057355669
vn 0.3563311923600533 0.7610516049978655 -0.542059531676582
vn 0.9267289052293516 0.06922730836910783 0.3692981397033781
vn 0.3563311923600533 0.7610516049978655 -0.542059531676582
vn 0.8651854727429982 0.37371668252500406 0.3343500246104078
vn 0.3782019536264691 0.8248953471581884 0.4201320607974283
vn 0.6695703167577868 0.6492269789351202 0.3608045464509202
vn 0.38199647506891093 0.8157761357662939 -0.4342671865903987
vn 0.3782019536264691 0.8248953471581884 0.4201320607974283
vn 0.38199647506891093 0.8157761357662939 -0.4342671865903987
vn 0.2014381101436097 0.9793852371733668 -0.01507464721441754
vn 0.9327924321287661 0.02509934415864689 0.3595390124675028
vn 0.5360211229706174 0.7210254695911016 -0.4390940991749371
vn 0.26951563895214165 0.7743079811761672 -0.5725456057355669
vn 0.9327924321287661 0.02509934415864689 0.3595390124675028
vn 0.26951563895214165 0.7743079811761672 -0.5725456057355669
vn 0.9267289052293516 0.06922730836910783 0.3692981397033781
vn 0.1063570894908966 0.9940262226743473 -0.024495676165285106
vn 0.2014381101436097 0.9793852371733668 -0.01507464721441754
vn 0.38199647506891093 0.8157761357662939 -0.4342671865903987
vn 0.1063570894908966 0.9940262226743473 -0.024495676165285106
vn 0.38199647506891093 0.8157761357662939 -0.4342671865903987
vn -0.014836892253939573 0.8475876617168681 -0.5304479449800678
vn 0.24256869785455812 0.8961184188094808 0.3716614135090432
vn 0.2014381101436097 0.9793852371733668 -0.01507464721441754
vn 0.1063570894908966 0.9940262226743473 -0.024495676165285106
vn 0.11863134653414008 0.8308756116497963 -0.5436656339930579
vn 0.21001964873137866 0.8558247843955458 -0.472710995811464
vn 0.07443283500401926 0.9097211275705526 -0.40849384710791775
vn 0.11863134653414008 0.8308756116497963 -0.5436656339930579
vn 0.07443283500401926 0.9097211275705526 -0.40849384710791775
vn 0.1272947130831394 0.853584197965182 -0.5051634121798788
vn 0.24256869785455812 0.8961184188094808 0.3716614135090432
vn 0.1063570894908966 0.9940262226743473 -0.024495676165285106
vn 0.12063635518210263 0.9308803267998851 -0.3448313892111864
vn 0.24256869785455812 0.8961184188094808 0.3716614135090432
vn 0.12063635518210263 0.9308803267998851 -0.3448313892111864
vn 0.2543662271198369 0.9670982130456685 0.004343826043278275
vn 0.1063570894908966 0.9940262226743473 -0.024495676165285106
vn -0.014836892253939573 0.8475876617168681 -0.5304479449800678
vn 0.04337774028278799 0.8440677156972205 -0.5344792446537425
vn 0.1063570894908966 0.9940262226743473 -0.024495676165285106
vn 0.04337774028278799 0.8440677156972205 -0.5344792446537425
vn 0.12063635518210263 0.9308803267998851 -0.3448313892111864
vn 0.2543662271198369 0.9670982130456685 0.004343826043278275
vn 0.12063635518210263 0.9308803267998851 -0.3448313892111864
vn 0.04337774028278799 0.8440677156972205 -0.5344792446537425
vn 0.2543662271198369 0.9670982130456685 0.004343826043278275
vn 0.04337774028278799 0.8440677156972205 -0.5344792446537425
vn 0.1272947130831394 0.853584197965182 -0.5051634121798788
vn 0.30344429314025584 0.8164524595987462 -0.49125038643828883
vn -0.03469600350981471 0.8636510445623439 -0.5028946813864897
vn 0.21001964873137866 0.8558247843955458 -0.472710995811464
vn 0.30344429314025584 0.8164524595987462 -0.49125038643828883
vn 0.21001964873137866 0.8558247843955458 -0.472710995811464
vn 0.11863134653414008 0.8308756116497963 -0.5436656339930579
vn 0.21001964873137866 0.8558247843955458 -0.472710995811464
vn -0.5396219044463942 0.791916138900104 -0.2857919333907058
vn -0.29491483436147964 0.9476548797758988 -0.12237430004076617
vn 0.21001964873137866 0.8558247843955458 -0.472710995811464
vn -0.29491483436147964 0.9476548797758988 -0.12237430004076617
vn 0.07443283500401926 0.9097211275705526 -0.40849384710791775
vn -0.03469600350981471 0.8636510445623439 -0.5028946813864897
vn -0.5683298406654822 0.7413053865756166 -0.35702593189168114
vn -0.5396219044463942 0.791916138900104 -0.2857919333907058
vn -0.03469600350981471 0.8636510445623439 -0.5028946813864897
vn -0.5396219044463942 0.791916138900104 -0.2857919333907058
vn 0.21001964873137866 0.8558247843955458 -0.472710995811464
vn -0.5396219044463942 0.791916138900104 -0.2857919333907058
vn -0.8552678613484295 0.44854025584524615 0.2594774060120936
vn -0.575894462022199 0.7163341305017158 0.393968250104641
vn -0.5396219044463942 0.791916138900104 -0.2857919333907058
vn -0.575894462022199 0.7163341305017158 0.393968250104641
vn -0.29491483436147964 0.9476548797758988 -0.12237430004076617
vn -0.5683298406654822 0.7413053865756166 -0.35702593189168114
vn -0.9095505055892281 0.3786186902655478 0.17136442210675107
vn -0.8552678613484295 0.44854025584524615 0.2594774060120936
vn -0.5683298406654822 0.7413053865756166 -0.35702593189168114
vn -0.8552678613484295 0.44854025584524615 0.2594774060120936
vn -0.5396219044463942 0.791916138900104 -0.2857919333907058
vn -0.8552678613484295 0.44854025584524615 0.2594774060120936
vn -0.8782507890920125 0.4189586349827988 0.23054113219251657
vn -0.5851577282941093 0.6865988511031952 0.43147705695836225
vn -0.8552678613484295 0.44854025584524615 0.2594774060120936
vn -0.5851577282941093 0.6865988511031952 0.43147705695836225
vn -0.575894462022199 0.7163341305017158 0.393968250104641
vn -0.9095505055892281 0.3786186902655478 0.17136442210675107
vn -0.9115860701025743 0.21740356147624762 0.3489219515198035
vn -0.8782507890920125 0.4189586349827988 0.23054113219251657
vn -0.9095505055892281 0.3786186902655478 0.17136442210675107
vn -0.8782507890920125 0.4189586349827988 0.23054113219251657
vn -0.8552678613484295 0.44854025584524615 0.2594774060120936
vn -0.8782507890920125 0.4189586349827988 0.23054113219251657
vn -0.5376926498242293 0.19560700574524162 0.820136887128228
vn -0.3261547996294314 0.6601235111188694 0.6766535278462541
vn -0.8782507890920125 0.4189586349827988 0.23054113219251657
vn -0.3261547996294314 0.6601235111188694 0.6766535278462541
vn -0.5851577282941093 0.6865988511031952 0.43147705695836225
vn -0.9115860701025743 0.21740356147624762 0.3489219515198035
vn -0.7378160035254435 0.050804196817244976 0.673087274079296
vn -0.5376926498242293 0.19560700574524162 0.820136887128228
vn -0.9115860701025743 0.21740356147624762 0.3489219515198035
vn -0.5376926498242293 0.19560700574524162 0.820136887128228
vn -0.8782507890920125 0.4189586349827988 0.23054113219251657
vn 0.0002809332823102182 0.017776954136679502 0.9998419379972583
vn 0.0048530989373301815 -0.0017154663054673213 0.9999867522152777
vn 0.22977952509837635 0.3833705526654251 0.8945548553300525
vn 0.0002809332823102182 0.017776954136679502 0.9998419379972583
vn 0.22977952509837635 0.3833705526654251 0.8945548553300525
vn -0.05407471970711644 0.4813954516699138 0.8748338949767074
vn -0.7378160035254435 0.050804196817244976 0.673087274079296
vn -0.009304462483346774 -0.07876484025655875 0.996849801583596
vn 0.0002809332823102182 0.017776954136679502 0.9998419379972583
vn -0.7378160035254435 0.050804196817244976 0.673087274079296
vn 0.0002809332823102182 0.017776954136679502 0.9998419379972583
vn -0.5376926498242293 0.19560700574524162 0.820136887128228
vn -0.9070178037510909 0.09794837000453312 0.4095422084376686
vn -0.3793073623256813 -0.2283812502267871 0.8966425873392275
vn -0.009304462483346774 -0.07876484025655875 0.996849801583596
vn -0.9070178037510909 0.09794837000453312 0.4095422084376686
vn -0.009304462483346774 -0.07876484025655875 0.996849801583596
vn -0.7378160035254435 0.050804196817244976 0.673087274079296
vn -0.009304462483346774 -0.07876484025655875 0.996849801583596
vn -0.007716156292378558 -0.0882656973235201 0.9960670798736722
vn 0.0048530989373301815 -0.0017154663054673213 0.9999867522152777
vn -0.009304462483346774 -0.07876484025655875 0.996849801583596
vn 0.0048530989373301815 -0.0017154663054673213 0.9999867522152777
vn 0.0002809332823102182 0.017776954136679502 0.9998419379972583
vn 0.0048530989373301815 -0.0017154663054673213 0.9999867522152777
vn 0.10574148775652394 0.03507383809398236 0.9937749059260824
vn 0.3144017673356767 0.5076321821289538 0.8021602685019994
vn 0.0048530989373301815 -0.0017154663054673213 0.9999867522152777
vn 0.3144017673356767 0.5076321821289538 0.8021602685019994
vn 0.22977952509837635 0.3833705526654251 0.8945548553300525
vn -0.007716156292378558 -0.0882656973235201 0.9960670798736722
vn 0.18924113430926015 -0.1318394774595834 0.9730396421875774
vn 0.10574148775652394 0.03507383809398236 0.9937749059260824
vn -0.007716156292378558 -0.0882656973235201 0.9960670798736722
vn 0.10574148775652394 0.03507383809398236 0.9937749059260824
vn 0.0048530989373301815 -0.0017154663054673213 0.9999867522152777
vn 0.2437783258865983 -0.29174438032396655 0.9249093708992857
vn 0.916687700562602 0.03352719518475995 0.39819541285691934
vn 0.8873691839139747 -0.0466627492368304 0.4586921835757691
vn 0.2437783258865983 -0.29174438032396655 0.9249093708992857
vn 0.8873691839139747 -0.0466627492368304 0.4586921835757691
vn 0.18924113430926015 -0.1318394774595834 0.9730396421875774
vn 0.10574148775652394 0.03507383809398236 0.9937749059260824
vn 0.8894415578127165 0.15823100120155903 0.4287851040957935
vn 0.729566939874678 0.5984440741764833 0.33105402931387135
vn 0.10574148775652394 0.03507383809398236 0.9937749059260824
vn 0.729566939874678 0.5984440741764833 0.33105402931387135
vn 0.3144017673356767 0.5076321821289538 0.8021602685019994
vn 0.916687700562602 0.03352719518475995 0.39819541285691934
vn 0.9327924321287661 0.02509934415864689 0.3595390124675028
vn 0.9267289052293516 0.06922730836910783 0.3692981397033781
vn 0.916687700562602 0.03352719518475995 0.39819541285691934
vn 0.9267289052293516 0.06922730836910783 0.3692981397033781
vn 0.8873691839139747 -0.0466627492368304 0.4586921835757691
vn 0.8894415578127165 0.15823100120155903 0.4287851040957935
vn 0.8651854727429982 0.37371668252500406 0.3343500246104078
vn 0.6695703167577868 0.6492269789351202 0.3608045464509202
vn 0.8894415578127165 0.15823100120155903 0.4287851040957935
vn 0.6695703167577868 0.6492269789351202 0.3608045464509202
vn 0.729566939874678 0.5984440741764833 0.33105402931387135
vn 0.8651854727429982 0.37371668252500406 0.3343500246104078
vn 0.3563311923600533 0.7610516049978655 -0.542059531676582
vn 0.38199647506891093 0.8157761357662939 -0.4342671865903987
vn 0.8651854727429982 0.37371668252500406 0.3343500246104078
vn 0.38199647506891093 0.8157761357662939 -0.4342671865903987
vn 0.6695703167577868 0.6492269789351202 0.3608045464509202
vn 0.9705874553003407 -0.11571251813287843 0.21111751410282706
vn 0.7519946843467846 0.5601771023499078 -0.3474271272037352
vn 0.5360211229706174 0.7210254695911016 -0.4390940991749371
vn 0.9705874553003407 -0.11571251813287843 0.21111751410282706
vn 0.5360211229706174 0.7210254695911016 -0.4390940991749371
vn 0.9327924321287661 0.02509934415864689 0.3595390124675028
vn 0.3563311923600533 0.7610516049978655 -0.542059531676582
vn 0.0921426398899406 0.78621111574639 -0.6110497650690401
vn -0.014836892253939573 0.8475876617168681 -0.5304479449800678
vn 0.3563311923600533 0.7610516049978655 -0.542059531676582
vn -0.014836892253939573 0.8475876617168681 -0.5304479449800678
vn 0.38199647506891093 0.8157761357662939 -0.4342671865903987
vn 0.26951563895214165 0.7743079811761672 -0.5725456057355669
vn 0.256329789096862 0.7819921783256868 -0.5681401871536684
vn 0.0921426398899406 0.78621111574639 -0.6110497650690401
vn 0.26951563895214165 0.7743079811761672 -0.5725456057355669
vn 0.0921426398899406 0.78621111574639 -0.6110497650690401
vn 0.3563311923600533 0.7610516049978655 -0.542059531676582
vn -0.013090419550599386 0.8853504634078021 -0.4647399249683411
vn -0.4956968276627335 0.814922623231341 -0.30030946237315276
vn -0.5683298406654822 0.7413053865756166 -0.35702593189168114
vn -0.013090419550599386 0.8853504634078021 -0.4647399249683411
vn -0.5683298406654822 0.7413053865756166 -0.35702593189168114
vn -0.03469600350981471 0.8636510445623439 -0.5028946813864897
vn -0.014836892253939573 0.8475876617168681 -0.5304479449800678
vn 0.0921426398899406 0.78621111574639 -0.6110497650690401
vn 0.07586030743143177 0.8158990404666194 -0.5731962748675699
vn -0.014836892253939573 0.8475876617168681 -0.5304479449800678
vn 0.07586030743143177 0.8158990404666194 -0.5731962748675699
vn 0.04337774028278799 0.8440677156972205 -0.5344792446537425
vn 0.0921426398899406 0.78621111574639 -0.6110497650690401
vn 0.256329789096862 0.7819921783256868 -0.5681401871536684
vn 0.25832602974434626 0.8108427797973324 -0.5251682100118568
vn 0.0921426398899406 0.78621111574639 -0.6110497650690401
vn 0.25832602974434626 0.8108427797973324 -0.5251682100118568
vn 0.07586030743143177 0.8158990404666194 -0.5731962748675699
vn 0.07586030743143177 0.8158990404666194 -0.5731962748675699
vn 0.25832602974434626 0.8108427797973324 -0.5251682100118568
vn 0.30344429314025584 0.8164524595987462 -0.49125038643828883
vn 0.07586030743143177 0.8158990404666194 -0.5731962748675699
vn 0.30344429314025584 0.8164524595987462 -0.49125038643828883
vn 0.11863134653414008 0.8308756116497963 -0.5436656339930579
vn 0.04337774028278799 0.8440677156972205 -0.5344792446537425
vn 0.07586030743143177 0.8158990404666194 -0.5731962748675699
vn 0.11863134653414008 0.8308756116497963 -0.5436656339930579
vn 0.04337774028278799 0.8440677156972205 -0.5344792446537425
vn 0.11863134653414008 0.8308756116497963 -0.5436656339930579
vn 0.1272947130831394 0.853584197965182 -0.5051634121798788
vn -0.4956968276627335 0.814922623231341 -0.30030946237315276
vn -0.9371922855947542 0.3180876406576276 0.14314633310897154
vn -0.9095505055892281 0.3786186902655478 0.17136442210675107
vn -0.4956968276627335 0.814922623231341 -0.30030946237315276
vn -0.9095505055892281 0.3786186902655478 0.17136442210675107
vn -0.5683298406654822 0.7413053865756166 -0.35702593189168114
vn -0.9371922855947542 0.3180876406576276 0.14314633310897154
vn -0.9308624300802038 0.16538629825642207 0.325795194277349
vn -0.9115860701025743 0.21740356147624762 0.3489219515198035
vn -0.9371922855947542 0.3180876406576276 0.14314633310897154
vn -0.9115860701025743 0.21740356147624762 0.3489219515198035
vn -0.9095505055892281 0.3786186902655478 0.17136442210675107
vn -0.9308624300802038 0.16538629825642207 0.325795194277349
vn -0.9070178037510909 0.09794837000453312 0.4095422084376686
vn -0.7378160035254435 0.050804196817244976 0.673087274079296
vn -0.9308624300802038 0.16538629825642207 0.325795194277349
vn -0.7378160035254435 0.050804196817244976 0.673087274079296
vn -0.9115860701025743 0.21740356147624762 0.3489219515198035
vn -0.9499917087095966 -0.001668542476196579 0.3122706668085015
vn -0.5928894848851183 -0.43456317179987647 0.6779652708125173
vn -0.3793073623256813 -0.2283812502267871 0.8966425873392275
vn -0.9499917087095966 -0.001668542476196579 0.3122706668085015
vn -0.3793073623256813 -0.2283812502267871 0.8966425873392275
vn -0.9070178037510909 0.09794837000453312 0.4095422084376686
vn -0.002888152021802317 -0.3116700472951725 0.9501860029472776
vn 0.2437783258865983 -0.29174438032396655 0.9249093708992857
vn 0.18924113430926015 -0.1318394774595834 0.9730396421875774
vn -0.002888152021802317 -0.3116700472951725 0.9501860029472776
vn 0.18924113430926015 -0.1318394774595834 0.9730396421875774
vn -0.007716156292378558 -0.0882656973235201 0.9960670798736722
vn -0.3793073623256813 -0.2283812502267871 0.8966425873392275
vn -0.002888152021802317 -0.3116700472951725 0.9501860029472776
vn -0.007716156292378558 -0.0882656973235201 0.9960670798736722
vn -0.3793073623256813 -0.2283812502267871 0.8966425873392275
vn -0.007716156292378558 -0.0882656973235201 0.9960670798736722
vn -0.009304462483346774 -0.07876484025655875 0.996849801583596
vn 0.1621537396294777 -0.6293766585304675 0.7599942015707742
vn 0.9416432948205863 -0.16744724997973184 0.29200911594273177
vn 0.916687700562602 0.03352719518475995 0.39819541285691934
vn 0.1621537396294777 -0.6293766585304675 0.7599942015707742
vn 0.916687700562602 0.03352719518475995 0.39819541285691934
vn 0.2437783258865983 -0.29174438032396655 0.9249093708992857
vn 0.9416432948205863 -0.16744724997973184 0.29200911594273177
vn 0.9705874553003407 -0.11571251813287843 0.21111751410282706
vn 0.9327924321287661 0.02509934415864689 0.3595390124675028
vn 0.9416432948205863 -0.16744724997973184 0.29200911594273177
vn 0.9327924321287661 0.02509934415864689 0.3595390124675028
vn 0.916687700562602 0.03352719518475995 0.39819541285691934
vn 0.9829301011605345 -0.11693216413740692 0.14203973114126947
vn 0.765988180251689 0.58169384337671 -0.2736683764930422
vn 0.7519946843467846 0.5601771023499078 -0.3474271272037352
vn 0.9829301011605345 -0.11693216413740692 0.14203973114126947
vn 0.7519946843467846 0.5601771023499078 -0.3474271272037352
vn 0.9705874553003407 -0.11571251813287843 0.21111751410282706
vn 0.5360211229706174 0.7210254695911016 -0.4390940991749371
vn 0.4123763957068958 0.8194783664856294 -0.39799612451107347
vn 0.256329789096862 0.7819921783256868 -0.5681401871536684
vn 0.5360211229706174 0.7210254695911016 -0.4390940991749371
vn 0.256329789096862 0.7819921783256868 -0.5681401871536684
vn 0.26951563895214165 0.7743079811761672 -0.5725456057355669
vn 0.4123763957068958 0.8194783664856294 -0.39799612451107347
vn 0.40562967918343895 0.8224317017259154 -0.3988366324220423
vn 0.25832602974434626 0.8108427797973324 -0.5251682100118568
vn 0.4123763957068958 0.8194783664856294 -0.39799612451107347
vn 0.25832602974434626 0.8108427797973324 -0.5251682100118568
vn 0.256329789096862 0.7819921783256868 -0.5681401871536684
vn -0.1735243303161942 0.8249018290250231 -0.5379835306582237
vn -0.6356644098821941 0.6817341554380497 -0.3621730240068843
vn -0.4956968276627335 0.814922623231341 -0.30030946237315276
vn -0.1735243303161942 0.8249018290250231 -0.5379835306582237
vn -0.4956968276627335 0.814922623231341 -0.30030946237315276
vn -0.013090419550599386 0.8853504634078021 -0.4647399249683411
vn 0.25832602974434626 0.8108427797973324 -0.5251682100118568
vn 0.40562967918343895 0.8224317017259154 -0.3988366324220423
vn 0.3240487783907586 0.8460466433033297 -0.423317217437025
vn 0.25832602974434626 0.8108427797973324 -0.5251682100118568
vn 0.3240487783907586 0.8460466433033297 -0.423317217437025
vn 0.30344429314025584 0.8164524595987462 -0.49125038643828883
vn 0.0851842427939777 0.8415826159215378 -0.533368864256509
vn -0.1735243303161942 0.8249018290250231 -0.5379835306582237
vn -0.013090419550599386 0.8853504634078021 -0.4647399249683411
vn 0.0851842427939777 0.8415826159215378 -0.533368864256509
vn -0.013090419550599386 0.8853504634078021 -0.4647399249683411
vn 0.3240487783907586 0.8460466433033297 -0.423317217437025
vn -0.6356644098821941 0.6817341554380497 -0.3621730240068843
vn -0.9552030850630555 0.2935847082103641 0.037350841905594706
vn -0.9371922855947542 0.3180876406576276 0.14314633310897154
vn -0.6356644098821941 0.6817341554380497 -0.3621730240068843
vn -0.9371922855947542 0.3180876406576276 0.14314633310897154
vn -0.4956968276627335 0.814922623231341 -0.30030946237315276
vn -0.9552030850630555 0.2935847082103641 0.037350841905594706
vn -0.9744072480900324 0.11592777475292282 0.19259092894123
vn -0.9308624300802038 0.16538629825642207 0.325795194277349
vn -0.9552030850630555 0.2935847082103641 0.037350841905594706
vn -0.9308624300802038 0.16538629825642207 0.325795194277349
vn -0.9371922855947542 0.3180876406576276 0.14314633310897154
vn -0.9744072480900324 0.11592777475292282 0.19259092894123
vn -0.9499917087095966 -0.001668542476196579 0.3122706668085015
vn -0.9070178037510909 0.09794837000453312 0.4095422084376686
vn -0.9744072480900324 0.11592777475292282 0.19259092894123
vn -0.9070178037510909 0.09794837000453312 0.4095422084376686
vn -0.9308624300802038 0.16538629825642207 0.325795194277349
vn -0.9747531805251879 -0.10591580948845714 0.19656571002195486
vn -0.6630190230103138 -0.6163010753653524 0.4249455960825565
vn -0.5928894848851183 -0.43456317179987647 0.6779652708125173
vn -0.9747531805251879 -0.10591580948845714 0.19656571002195486
vn -0.5928894848851183 -0.43456317179987647 0.6779652708125173
vn -0.9499917087095966 -0.001668542476196579 0.3122706668085015
vn -0.1778256870589061 -0.5943657620719083 0.7842878080773077
vn 0.1621537396294777 -0.6293766585304675 0.7599942015707742
vn 0.2437783258865983 -0.29174438032396655 0.9249093708992857
vn -0.1778256870589061 -0.5943657620719083 0.7842878080773077
vn 0.2437783258865983 -0.29174438032396655 0.9249093708992857
vn -0.002888152021802317 -0.3116700472951725 0.9501860029472776
vn -0.5928894848851183 -0.43456317179987647 0.6779652708125173
vn -0.1778256870589061 -0.5943657620719083 0.7842878080773077
vn -0.002888152021802317 -0.3116700472951725 0.9501860029472776
vn -0.5928894848851183 -0.43456317179987647 0.6779652708125173
vn -0.002888152021802317 -0.3116700472951725 0.9501860029472776
vn -0.3793073623256813 -0.2283812502267871 0.8966425873392275
vn -0.031958645517594045 -0.8659638166725757 0.4990844750045292
vn 0.8336736882538264 -0.4408025089692548 0.3326880364540813
vn 0.9416432948205863 -0.16744724997973184 0.29200911594273177
vn -0.031958645517594045 -0.8659638166725757 0.4990844750045292
vn 0.9416432948205863 -0.16744724997973184 0.29200911594273177
vn 0.1621537396294777 -0.6293766585304675 0.7599942015707742
vn 0.8336736882538264 -0.4408025089692548 0.3326880364540813
vn 0.9829301011605345 -0.11693216413740692 0.14203973114126947
vn 0.9705874553003407 -0.11571251813287843 0.21111751410282706
vn 0.8336736882538264 -0.4408025089692548 0.3326880364540813
vn 0.9705874553003407 -0.11571251813287843 0.21111751410282706
vn 0.9416432948205863 -0.16744724997973184 0.29200911594273177
vn 0.9877974029235843 -0.1402716727698962 0.0676767951055407
vn 0.739317755682083 0.6426569185163193 -0.20100084879501487
vn 0.765988180251689 0.58169384337671 -0.2736683764930422
vn 0.9877974029235843 -0.1402716727698962 0.0676767951055407
vn 0.765988180251689 0.58169384337671 -0.2736683764930422
vn 0.9829301011605345 -0.11693216413740692 0.14203973114126947
vn 0.7519946843467846 0.5601771023499078 -0.3474271272037352
vn 0.5327353085830205 0.7149781739685421 -0.4527684858043491
vn 0.4123763957068958 0.8194783664856294 -0.39799612451107347
vn 0.7519946843467846 0.5601771023499078 -0.3474271272037352
vn 0.4123763957068958 0.8194783664856294 -0.39799612451107347
vn 0.5360211229706174 0.7210254695911016 -0.4390940991749371
vn 0.5327353085830205 0.7149781739685421 -0.4527684858043491
vn 0.32176585216580134 0.8019348923260087 -0.5033559027667092
vn 0.40562967918343895 0.8224317017259154 -0.3988366324220423
vn 0.5327353085830205 0.7149781739685421 -0.4527684858043491
vn 0.40562967918343895 0.8224317017259154 -0.3988366324220423
vn 0.4123763957068958 0.8194783664856294 -0.39799612451107347
vn -0.24078180151728823 0.8584910805964888 -0.4527882381360655
vn -0.6889984758532036 0.6740825924465593 -0.2662588192576688
vn -0.6356644098821941 0.6817341554380497 -0.3621730240068843
vn -0.24078180151728823 0.8584910805964888 -0.4527882381360655
vn -0.6356644098821941 0.6817341554380497 -0.3621730240068843
vn -0.1735243303161942 0.8249018290250231 -0.5379835306582237
vn 0.40562967918343895 0.8224317017259154 -0.3988366324220423
vn 0.32176585216580134 0.8019348923260087 -0.5033559027667092
vn 0.0851842427939777 0.8415826159215378 -0.533368864256509
vn 0.40562967918343895 0.8224317017259154 -0.3988366324220423
vn 0.0851842427939777 0.8415826159215378 -0.533368864256509
vn 0.3240487783907586 0.8460466433033297 -0.423317217437025
vn 0.11373773817935834 0.8596283875384975 -0.49809914901734814
vn -0.24078180151728823 0.8584910805964888 -0.4527882381360655
vn -0.1735243303161942 0.8249018290250231 -0.5379835306582237
vn 0.11373773817935834 0.8596283875384975 -0.49809914901734814
vn -0.1735243303161942 0.8249018290250231 -0.5379835306582237
vn 0.0851842427939777 0.8415826159215378 -0.533368864256509
vn -0.6889984758532036 0.6740825924465593 -0.2662588192576688
vn -0.9649158530164147 0.2597985915391972 0.037974839457910955
vn -0.9552030850630555 0.2935847082103641 0.037350841905594706
vn -0.6889984758532036 0.6740825924465593 -0.2662588192576688
vn -0.9552030850630555 0.2935847082103641 0.037350841905594706
vn -0.6356644098821941 0.6817341554380497 -0.3621730240068843
vn -0.9649158530164147 0.2597985915391972 0.037974839457910955
vn -0.9895395814008198 0.024104132659423447 0.1422336374766088
vn -0.9744072480900324 0.11592777475292282 0.19259092894123
vn -0.9649158530164147 0.2597985915391972 0.037974839457910955
vn -0.9744072480900324 0.11592777475292282 0.19259092894123
vn -0.9552030850630555 0.2935847082103641 0.037350841905594706
vn -0.9895395814008198 0.024104132659423447 0.1422336374766088
vn -0.9747531805251879 -0.10591580948845714 0.19656571002195486
vn -0.9499917087095966 -0.001668542476196579 0.3122706668085015
vn -0.9895395814008198 0.024104132659423447 0.1422336374766088
vn -0.9499917087095966 -0.001668542476196579 0.3122706668085015
vn -0.9744072480900324 0.11592777475292282 0.19259092894123
vn -0.972436471344817 -0.17991063645859434 0.14832219013857786
vn -0.6296658460851163 -0.7344911727865113 0.25306844799897515
vn -0.6630190230103138 -0.6163010753653524 0.4249455960825565
vn -0.972436471344817 -0.17991063645859434 0.14832219013857786
vn -0.6630190230103138 -0.6163010753653524 0.4249455960825565
vn -0.9747531805251879 -0.10591580948845714 0.19656571002195486
vn -0.16202845700488608 -0.8555301296149753 0.4917468621573499
vn -0.031958645517594045 -0.8659638166725757 0.4990844750045292
vn 0.1621537396294777 -0.6293766585304675 0.7599942015707742
vn -0.16202845700488608 -0.8555301296149753 0.4917468621573499
vn 0.1621537396294777 -0.6293766585304675 0.7599942015707742
vn -0.1778256870589061 -0.5943657620719083 0.7842878080773077
vn -0.6630190230103138 -0.6163010753653524 0.4249455960825565
vn -0.16202845700488608 -0.8555301296149753 0.4917468621573499
vn -0.1778256870589061 -0.5943657620719083 0.7842878080773077
vn -0.6630190230103138 -0.6163010753653524 0.4249455960825565
vn -0.1778256870589061 -0.5943657620719083 0.7842878080773077
vn -0.5928894848851183 -0.43456317179987647 0.6779652708125173
vn -0.12774721512274287 -0.9444494349184748 0.3028133317913155
vn 0.7673939548300769 -0.6096534804244491 0.1985677514014039
vn 0.8336736882538264 -0.4408025089692548 0.3326880364540813
vn -0.12774721512274287 -0.9444494349184748 0.3028133317913155
vn 0.8336736882538264 -0.4408025089692548 0.3326880364540813
vn -0.031958645517594045 -0.8659638166725757 0.4990844750045292
vn 0.7673939548300769 -0.6096534804244491 0.1985677514014039
vn 0.9877974029235843 -0.1402716727698962 0.0676767951055407
vn 0.9829301011605345 -0.11693216413740692 0.14203973114126947
vn 0.7673939548300769 -0.6096534804244491 0.1985677514014039
vn 0.9829301011605345 -0.11693216413740692 0.14203973114126947
vn 0.8336736882538264 -0.4408025089692548 0.3326880364540813
vn 0.991328010220797 -0.12625595047124338 0.036444630911544526
vn 0.6744248781635664 0.7306018570410429 -0.10663962772927381
vn 0.739317755682083 0.6426569185163193 -0.20100084879501487
vn 0.991328010220797 -0.12625595047124338 0.036444630911544526
vn 0.739317755682083 0.6426569185163193 -0.20100084879501487
vn 0.9877974029235843 -0.1402716727698962 0.0676767951055407
vn 0.765988180251689 0.58169384337671 -0.2736683764930422
vn 0.45818096080169907 0.7798251334730731 -0.4265477328066994
vn 0.5327353085830205 0.7149781739685421 -0.4527684858043491
vn 0.765988180251689 0.58169384337671 -0.2736683764930422
vn 0.5327353085830205 0.7149781739685421 -0.4527684858043491
vn 0.7519946843467846 0.5601771023499078 -0.3474271272037352
vn 0.45818096080169907 0.7798251334730731 -0.4265477328066994
vn 0.2844649941501518 0.8306385784958762 -0.4786639938594756
vn 0.32176585216580134 0.8019348923260087 -0.5033559027667092
vn 0.45818096080169907 0.7798251334730731 -0.4265477328066994
vn 0.32176585216580134 0.8019348923260087 -0.5033559027667092
vn 0.5327353085830205 0.7149781739685421 -0.4527684858043491
vn -0.25051759683132524 0.9224426059060731 -0.2938376634930769
vn -0.6065765787646515 0.7686739056820676 -0.20299083924563235
vn -0.6889984758532036 0.6740825924465593 -0.2662588192576688
vn -0.25051759683132524 0.9224426059060731 -0.2938376634930769
vn -0.6889984758532036 0.6740825924465593 -0.2662588192576688
vn -0.24078180151728823 0.8584910805964888 -0.4527882381360655
vn 0.32176585216580134 0.8019348923260087 -0.5033559027667092
vn 0.2844649941501518 0.8306385784958762 -0.4786639938594756
vn 0.11373773817935834 0.8596283875384975 -0.49809914901734814
vn 0.32176585216580134 0.8019348923260087 -0.5033559027667092
vn 0.11373773817935834 0.8596283875384975 -0.49809914901734814
vn 0.0851842427939777 0.8415826159215378 -0.533368864256509
vn 0.06491377449537669 0.94508366856721 -0.3203171261239516
vn -0.25051759683132524 0.9224426059060731 -0.2938376634930769
vn -0.24078180151728823 0.8584910805964888 -0.4527882381360655
vn 0.06491377449537669 0.94508366856721 -0.3203171261239516
vn -0.24078180151728823 0.8584910805964888 -0.4527882381360655
vn 0.11373773817935834 0.8596283875384975 -0.49809914901734814
vn -0.6065765787646515 0.7686739056820676 -0.20299083924563235
vn -0.9697678380734114 0.24229993024809351 0.029001448932607955
vn -0.9649158530164147 0.2597985915391972 0.037974839457910955
vn -0.6065765787646515 0.7686739056820676 -0.20299083924563235
vn -0.9649158530164147 0.2597985915391972 0.037974839457910955
vn -0.6889984758532036 0.6740825924465593 -0.2662588192576688
vn -0.9697678380734114 0.24229993024809351 0.029001448932607955
vn -0.9944107437623816 -0.01595561696742535 0.10436805534806108
vn -0.9895395814008198 0.024104132659423447 0.1422336374766088
vn -0.9697678380734114 0.24229993024809351 0.029001448932607955
vn -0.9895395814008198 0.024104132659423447 0.1422336374766088
vn -0.9649158530164147 0.2597985915391972 0.037974839457910955
vn -0.9944107437623816 -0.01595561696742535 0.10436805534806108
vn -0.972436471344817 -0.17991063645859434 0.14832219013857786
vn -0.9747531805251879 -0.10591580948845714 0.19656571002195486
vn -0.9944107437623816 -0.01595561696742535 0.10436805534806108
vn -0.9747531805251879 -0.10591580948845714 0.19656571002195486
vn -0.9895395814008198 0.024104132659423447 0.1422336374766088
vn -0.9716493530188158 -0.22488236382502477 0.07297573033951538
vn -0.7054110202330666 -0.6984748454210685 0.12053291188616755
vn -0.6296658460851163 -0.7344911727865113 0.25306844799897515
vn -0.9716493530188158 -0.22488236382502477 0.07297573033951538
vn -0.6296658460851163 -0.7344911727865113 0.25306844799897515
vn -0.972436471344817 -0.17991063645859434 0.14832219013857786
vn -0.25898818358814 -0.9179865713374495 0.30037605697829756
vn -0.12774721512274287 -0.9444494349184748 0.3028133317913155
vn -0.031958645517594045 -0.8659638166725757 0.4990844750045292
vn -0.25898818358814 -0.9179865713374495 0.30037605697829756
vn -0.031958645517594045 -0.8659638166725757 0.4990844750045292
vn -0.16202845700488608 -0.8555301296149753 0.4917468621573499
vn -0.6296658460851163 -0.7344911727865113 0.25306844799897515
vn -0.25898818358814 -0.9179865713374495 0.30037605697829756
vn -0.16202845700488608 -0.8555301296149753 0.4917468621573499
vn -0.6296658460851163 -0.7344911727865113 0.25306844799897515
vn -0.16202845700488608 -0.8555301296149753 0.4917468621573499
vn -0.6630190230103138 -0.6163010753653524 0.4249455960825565
vn -0.09446385490681115 -0.9869338360551949 0.13053039249738946
vn 0.7471915477314923 -0.6585877411943057 0.08925793044429696
vn 0.7673939548300769 -0.6096534804244491 0.1985677514014039
vn -0.09446385490681115 -0.9869338360551949 0.13053039249738946
vn 0.7673939548300769 -0.6096534804244491 0.1985677514014039
vn -0.12774721512274287 -0.9444494349184748 0.3028133317913155
vn 0.7471915477314923 -0.6585877411943057 0.08925793044429696
vn 0.991328010220797 -0.12625595047124338 0.036444630911544526
vn 0.9877974029235843 -0.1402716727698962 0.0676767951055407
vn 0.7471915477314923 -0.6585877411943057 0.08925793044429696
vn 0.9877974029235843 -0.1402716727698962 0.0676767951055407
vn 0.7673939548300769 -0.6096534804244491 0.1985677514014039
vn 0.9939481024406919 -0.10973862220980561 -0.004960287294238375
vn 0.6779041252114809 0.7351388531622008 -0.004106530484577185
vn 0.6744248781635664 0.7306018570410429 -0.10663962772927381
vn 0.9939481024406919 -0.10973862220980561 -0.004960287294238375
vn 0.6744248781635664 0.7306018570410429 -0.10663962772927381
vn 0.991328010220797 -0.12625595047124338 0.036444630911544526
vn 0.739317755682083 0.6426569185163193 -0.20100084879501487
vn 0.397876807728531 0.8726211387989133 -0.2832426415514462
vn 0.45818096080169907 0.7798251334730731 -0.4265477328066994
vn 0.739317755682083 0.6426569185163193 -0.20100084879501487
vn 0.45818096080169907 0.7798251334730731 -0.4265477328066994
vn 0.765988180251689 0.58169384337671 -0.2736683764930422
vn 0.397876807728531 0.8726211387989133 -0.2832426415514462
vn 0.21047032799015755 0.9274910457286846 -0.3089702269294349
vn 0.2844649941501518 0.8306385784958762 -0.4786639938594756
vn 0.397876807728531 0.8726211387989133 -0.2832426415514462
vn 0.2844649941501518 0.8306385784958762 -0.4786639938594756
vn 0.45818096080169907 0.7798251334730731 -0.4265477328066994
vn -0.23291415978384242 0.9537965515266051 -0.18979760922662614
vn -0.5676063079726757 0.8114757842186776 -0.13903284063957694
vn -0.6065765787646515 0.7686739056820676 -0.20299083924563235
vn -0.23291415978384242 0.9537965515266051 -0.18979760922662614
vn -0.6065765787646515 0.7686739056820676 -0.20299083924563235
vn -0.25051759683132524 0.9224426059060731 -0.2938376634930769
vn 0.2844649941501518 0.8306385784958762 -0.4786639938594756
vn 0.21047032799015755 0.9274910457286846 -0.3089702269294349
vn 0.06491377449537669 0.94508366856721 -0.3203171261239516
vn 0.2844649941501518 0.8306385784958762 -0.4786639938594756
vn 0.06491377449537669 0.94508366856721 -0.3203171261239516
vn 0.11373773817935834 0.8596283875384975 -0.49809914901734814
vn 0.05972198751758795 0.9823892184818371 -0.17704436624076536
vn -0.23291415978384242 0.9537965515266051 -0.18979760922662614
vn -0.25051759683132524 0.9224426059060731 -0.2938376634930769
vn 0.05972198751758795 0.9823892184818371 -0.17704436624076536
vn -0.25051759683132524 0.9224426059060731 -0.2938376634930769
vn 0.06491377449537669 0.94508366856721 -0.3203171261239516
vn -0.5676063079726757 0.8114757842186776 -0.13903284063957694
vn -0.9605309271551714 0.277534298399792 -0.018842802078302617
vn -0.9697678380734114 0.24229993024809351 0.029001448932607955
vn -0.5676063079726757 0.8114757842186776 -0.13903284063957694
vn -0.9697678380734114 0.24229993024809351 0.029001448932607955
vn -0.6065765787646515 0.7686739056820676 -0.20299083924563235
vn -0.9605309271551714 0.277534298399792 -0.018842802078302617
vn -0.9985417845833411 -0.02849338098516971 0.04585228108993242
vn -0.9944107437623816 -0.01595561696742535 0.10436805534806108
vn -0.9605309271551714 0.277534298399792 -0.018842802078302617
vn -0.9944107437623816 -0.01595561696742535 0.10436805534806108
vn -0.9697678380734114 0.24229993024809351 0.029001448932607955
vn -0.9985417845833411 -0.02849338098516971 0.04585228108993242
vn -0.9716493530188158 -0.22488236382502477 0.07297573033951538
vn -0.972436471344817 -0.17991063645859434 0.14832219013857786
vn -0.9985417845833411 -0.02849338098516971 0.04585228108993242
vn -0.972436471344817 -0.17991063645859434 0.14832219013857786
vn -0.9944107437623816 -0.01595561696742535 0.10436805534806108
vn -0.969771041297385 -0.24297601363003463 0.02251186934581359
vn -0.6994545268977039 -0.7146745958041277 -0.001893915128974627
vn -0.7054110202330666 -0.6984748454210685 0.12053291188616755
vn -0.969771041297385 -0.24297601363003463 0.02251186934581359
vn -0.7054110202330666 -0.6984748454210685 0.12053291188616755
vn -0.9716493530188158 -0.22488236382502477 0.07297573033951538
vn -0.2360449675677658 -0.9615469734152193 0.14039298843590353
vn -0.09446385490681115 -0.9869338360551949 0.13053039249738946
vn -0.12774721512274287 -0.9444494349184748 0.3028133317913155
vn -0.2360449675677658 -0.9615469734152193 0.14039298843590353
vn -0.12774721512274287 -0.9444494349184748 0.3028133317913155
vn -0.25898818358814 -0.9179865713374495 0.30037605697829756
vn -0.7054110202330666 -0.6984748454210685 0.12053291188616755
vn -0.2360449675677658 -0.9615469734152193 0.14039298843590353
vn -0.25898818358814 -0.9179865713374495 0.30037605697829756
vn -0.7054110202330666 -0.6984748454210685 0.12053291188616755
vn -0.25898818358814 -0.9179865713374495 0.30037605697829756
vn -0.6296658460851163 -0.7344911727865113 0.25306844799897515
vn -0.12160712322234168 -0.9921639525917229 -0.028677495691847223
vn 0.7348201543268635 -0.6782494938030861 -0.004118853105172744
vn 0.7471915477314923 -0.6585877411943057 0.08925793044429696
vn -0.12160712322234168 -0.9921639525917229 -0.028677495691847223
vn 0.7471915477314923 -0.6585877411943057 0.08925793044429696
vn -0.09446385490681115 -0.9869338360551949 0.13053039249738946
vn 0.7348201543268635 -0.6782494938030861 -0.004118853105172744
vn 0.9939481024406919 -0.10973862220980561 -0.004960287294238375
vn 0.991328010220797 -0.12625595047124338 0.036444630911544526
vn 0.7348201543268635 -0.6782494938030861 -0.004118853105172744
vn 0.991328010220797 -0.12625595047124338 0.036444630911544526
vn 0.7471915477314923 -0.6585877411943057 0.08925793044429696
vn 0.9969539288888533 -0.07601198249979234 -0.01746545703754962
vn 0.7080596547972612 0.7008551475561884 0.08633416121314148
vn 0.6779041252114809 0.7351388531622008 -0.004106530484577185
vn 0.9969539288888533 -0.07601198249979234 -0.01746545703754962
vn 0.6779041252114809 0.7351388531622008 -0.004106530484577185
vn 0.9939481024406919 -0.10973862220980561 -0.004960287294238375
vn 0.6744248781635664 0.7306018570410429 -0.10663962772927381
vn 0.44580080901975033 0.880971568715693 -0.15858982877835226
vn 0.397876807728531 0.8726211387989133 -0.2832426415514462
vn 0.6744248781635664 0.7306018570410429 -0.10663962772927381
vn 0.397876807728531 0.8726211387989133 -0.2832426415514462
vn 0.739317755682083 0.6426569185163193 -0.20100084879501487
vn 0.44580080901975033 0.880971568715693 -0.15858982877835226
vn 0.23437896935879243 0.958061452568921 -0.16487799071992418
vn 0.21047032799015755 0.9274910457286846 -0.3089702269294349
vn 0.44580080901975033 0.880971568715693 -0.15858982877835226
vn 0.21047032799015755 0.9274910457286846 -0.3089702269294349
vn 0.397876807728531 0.8726211387989133 -0.2832426415514462
vn -0.2068098876924936 0.97824133189643 0.016539858588173792
vn -0.5763980486928931 0.8171398213003134 0.006913892414336935
vn -0.5676063079726757 0.8114757842186776 -0.13903284063957694
vn -0.2068098876924936 0.97824133189643 0.016539858588173792
vn -0.5676063079726757 0.8114757842186776 -0.13903284063957694
vn -0.23291415978384242 0.9537965515266051 -0.18979760922662614
vn 0.21047032799015755 0.9274910457286846 -0.3089702269294349
vn 0.23437896935879243 0.958061452568921 -0.16487799071992418
vn 0.05972198751758795 0.9823892184818371 -0.17704436624076536
vn 0.21047032799015755 0.9274910457286846 -0.3089702269294349
vn 0.05972198751758795 0.9823892184818371 -0.17704436624076536
vn 0.06491377449537669 0.94508366856721 -0.3203171261239516
vn 0.05845584786423769 0.9982899593774521 -0.00026618910211505427
vn -0.2068098876924936 0.97824133189643 0.016539858588173792
vn -0.23291415978384242 0.9537965515266051 -0.18979760922662614
vn 0.05845584786423769 0.9982899593774521 -0.00026618910211505427
vn -0.23291415978384242 0.9537965515266051 -0.18979760922662614
vn 0.05972198751758795 0.9823892184818371 -0.17704436624076536
vn -0.5763980486928931 0.8171398213003134 0.006913892414336935
vn -0.963557360965514 0.2675017954549098 -0.00003946610940055426
vn -0.9605309271551714 0.277534298399792 -0.018842802078302617
vn -0.5763980486928931 0.8171398213003134 0.006913892414336935
vn -0.9605309271551714 0.277534298399792 -0.018842802078302617
vn -0.5676063079726757 0.8114757842186776 -0.13903284063957694
vn -0.963557360965514 0.2675017954549098 -0.00003946610940055426
vn -0.9999211442630205 -0.007400100555236081 0.01014612081064825
vn -0.9985417845833411 -0.02849338098516971 0.04585228108993242
vn -0.963557360965514 0.2675017954549098 -0.00003946610940055426
vn -0.9985417845833411 -0.02849338098516971 0.04585228108993242
vn -0.9605309271551714 0.277534298399792 -0.018842802078302617
vn -0.9999211442630205 -0.007400100555236081 0.01014612081064825
vn -0.969771041297385 -0.24297601363003463 0.02251186934581359
vn -0.9716493530188158 -0.22488236382502477 0.07297573033951538
vn -0.9999211442630205 -0.007400100555236081 0.01014612081064825
vn -0.9716493530188158 -0.22488236382502477 0.07297573033951538
vn -0.9985417845833411 -0.02849338098516971 0.04585228108993242
vn -0.9598720617697846 -0.27825272275263435 -0.0349434874414153
vn -0.6911250198277277 -0.7186884380424473 -0.07637496967089687
vn -0.6994545268977039 -0.7146745958041277 -0.001893915128974627
vn -0.9598720617697846 -0.27825272275263435 -0.0349434874414153
vn -0.6994545268977039 -0.7146745958041277 -0.001893915128974627
vn -0.969771041297385 -0.24297601363003463 0.02251186934581359
vn -0.21470144258113988 -0.9763272322180835 -0.02623787687588465
vn -0.12160712322234168 -0.9921639525917229 -0.028677495691847223
vn -0.09446385490681115 -0.9869338360551949 0.13053039249738946
vn -0.21470144258113988 -0.9763272322180835 -0.02623787687588465
vn -0.09446385490681115 -0.9869338360551949 0.13053039249738946
vn -0.2360449675677658 -0.9615469734152193 0.14039298843590353
vn -0.6994545268977039 -0.7146745958041277 -0.001893915128974627
vn -0.21470144258113988 -0.9763272322180835 -0.02623787687588465
vn -0.2360449675677658 -0.9615469734152193 0.14039298843590353
vn -0.6994545268977039 -0.7146745958041277 -0.001893915128974627
vn -0.2360449675677658 -0.9615469734152193 0.14039298843590353
vn -0.7054110202330666 -0.6984748454210685 0.12053291188616755
vn -0.12539822394805966 -0.986566197424031 -0.10470159278139178
vn 0.698668875373175 -0.7146613847522384 -0.03347996010743861
vn 0.7348201543268635 -0.6782494938030861 -0.004118853105172744
vn -0.12539822394805966 -0.986566197424031 -0.10470159278139178
vn 0.7348201543268635 -0.6782494938030861 -0.004118853105172744
vn -0.12160712322234168 -0.9921639525917229 -0.028677495691847223
vn 0.698668875373175 -0.7146613847522384 -0.03347996010743861
vn 0.9969539288888533 -0.07601198249979234 -0.01746545703754962
vn 0.9939481024406919 -0.10973862220980561 -0.004960287294238375
vn 0.698668875373175 -0.7146613847522384 -0.03347996010743861
vn 0.9939481024406919 -0.10973862220980561 -0.004960287294238375
vn 0.7348201543268635 -0.6782494938030861 -0.004118853105172744
vn 0.9995528406280574 -0.014539113862675174 -0.026129159199437427
vn 0.7975178119821502 0.5856975362586546 0.14465039091459694
vn 0.7080596547972612 0.7008551475561884 0.08633416121314148
vn 0.9995528406280574 -0.014539113862675174 -0.026129159199437427
vn 0.7080596547972612 0.7008551475561884 0.08633416121314148
vn 0.9969539288888533 -0.07601198249979234 -0.01746545703754962
vn 0.6779041252114809 0.7351388531622008 -0.004106530484577185
vn 0.4467824152730604 0.8946052053254733 0.00818535322013511
vn 0.44580080901975033 0.880971568715693 -0.15858982877835226
vn 0.6779041252114809 0.7351388531622008 -0.004106530484577185
vn 0.44580080901975033 0.880971568715693 -0.15858982877835226
vn 0.6744248781635664 0.7306018570410429 -0.10663962772927381
vn 0.4467824152730604 0.8946052053254733 0.00818535322013511
vn 0.2325246784537724 0.9725901494143858 0.000821688549285867
vn 0.23437896935879243 0.958061452568921 -0.16487799071992418
vn 0.4467824152730604 0.8946052053254733 0.00818535322013511
vn 0.23437896935879243 0.958061452568921 -0.16487799071992418
vn 0.44580080901975033 0.880971568715693 -0.15858982877835226
vn -0.18392261753957323 0.96373737171618 0.19334618981242277
vn -0.5634343671803536 0.8138580276421066 0.14204515029586356
vn -0.5763980486928931 0.8171398213003134 0.006913892414336935
vn -0.18392261753957323 0.96373737171618 0.19334618981242277
vn -0.5763980486928931 0.8171398213003134 0.006913892414336935
vn -0.2068098876924936 0.97824133189643 0.016539858588173792
vn 0.23437896935879243 0.958061452568921 -0.16487799071992418
vn 0.2325246784537724 0.9725901494143858 0.000821688549285867
vn 0.05845584786423769 0.9982899593774521 -0.00026618910211505427
vn 0.23437896935879243 0.958061452568921 -0.16487799071992418
vn 0.05845584786423769 0.9982899593774521 -0.00026618910211505427
vn 0.05972198751758795 0.9823892184818371 -0.17704436624076536
vn 0.08969168820479229 0.9771441885809469 0.1927294367486635
vn -0.18392261753957323 0.96373737171618 0.19334618981242277
vn -0.2068098876924936 0.97824133189643 0.016539858588173792
vn 0.08969168820479229 0.9771441885809469 0.1927294367486635
vn -0.2068098876924936 0.97824133189643 0.016539858588173792
vn 0.05845584786423769 0.9982899593774521 -0.00026618910211505427
vn -0.5634343671803536 0.8138580276421066 0.14204515029586356
vn -0.978447986100977 0.20520394559288066 0.0230408161325918
vn -0.963557360965514 0.2675017954549098 -0.00003946610940055426
vn -0.5634343671803536 0.8138580276421066 0.14204515029586356
vn -0.963557360965514 0.2675017954549098 -0.00003946610940055426
vn -0.5763980486928931 0.8171398213003134 0.006913892414336935
vn -0.978447986100977 0.20520394559288066 0.0230408161325918
vn -0.9997741932515115 0.02121680183449487 0.001187361867663802
vn -0.9999211442630205 -0.007400100555236081 0.01014612081064825
vn -0.978447986100977 0.20520394559288066 0.0230408161325918
vn -0.9999211442630205 -0.007400100555236081 0.01014612081064825
vn -0.963557360965514 0.2675017954549098 -0.00003946610940055426
vn -0.9997741932515115 0.02121680183449487 0.001187361867663802
vn -0.9598720617697846 -0.27825272275263435 -0.0349434874414153
vn -0.969771041297385 -0.24297601363003463 0.02251186934581359
vn -0.9997741932515115 0.02121680183449487 0.001187361867663802
vn -0.969771041297385 -0.24297601363003463 0.02251186934581359
vn -0.9999211442630205 -0.007400100555236081 0.01014612081064825
vn -0.9584337637130889 -0.2583727444809271 -0.12102993631394164
vn -0.7089906403871898 -0.6787413686461102 -0.19142211557645974
vn -0.6911250198277277 -0.7186884380424473 -0.07637496967089687
vn -0.9584337637130889 -0.2583727444809271 -0.12102993631394164
vn -0.6911250198277277 -0.7186884380424473 -0.07637496967089687
vn -0.9598720617697846 -0.27825272275263435 -0.0349434874414153
vn -0.19818069383398396 -0.9742049782773887 -0.10793087088981342
vn -0.12539822394805966 -0.986566197424031 -0.10470159278139178
vn -0.12160712322234168 -0.9921639525917229 -0.028677495691847223
vn -0.19818069383398396 -0.9742049782773887 -0.10793087088981342
vn -0.12160712322234168 -0.9921639525917229 -0.028677495691847223
vn -0.21470144258113988 -0.9763272322180835 -0.02623787687588465
vn -0.6911250198277277 -0.7186884380424473 -0.07637496967089687
vn -0.19818069383398396 -0.9742049782773887 -0.10793087088981342
vn -0.21470144258113988 -0.9763272322180835 -0.02623787687588465
vn -0.6911250198277277 -0.7186884380424473 -0.07637496967089687
vn -0.21470144258113988 -0.9763272322180835 -0.02623787687588465
vn -0.6994545268977039 -0.7146745958041277 -0.001893915128974627
vn -0.1759331437446862 -0.9586498581571279 -0.223691703886018
vn 0.5755865027748513 -0.8020527906161796 -0.15940984564390878
vn 0.698668875373175 -0.7146613847522384 -0.03347996010743861
vn -0.1759331437446862 -0.9586498581571279 -0.223691703886018
vn 0.698668875373175 -0.7146613847522384 -0.03347996010743861
vn -0.12539822394805966 -0.986566197424031 -0.10470159278139178
vn 0.5755865027748513 -0.8020527906161796 -0.15940984564390878
vn 0.9995528406280574 -0.014539113862675174 -0.026129159199437427
vn 0.9969539288888533 -0.07601198249979234 -0.01746545703754962
vn 0.5755865027748513 -0.8020527906161796 -0.15940984564390878
vn 0.9969539288888533 -0.07601198249979234 -0.01746545703754962
vn 0.698668875373175 -0.7146613847522384 -0.03347996010743861
vn 0.9978015500101478 0.06324695524933359 -0.01979619784290098
vn 0.8508534276237089 0.4859076847490808 0.19985536420815425
vn 0.7975178119821502 0.5856975362586546 0.14465039091459694
vn 0.9978015500101478 0.06324695524933359 -0.01979619784290098
vn 0.7975178119821502 0.5856975362586546 0.14465039091459694
vn 0.9995528406280574 -0.014539113862675174 -0.026129159199437427
vn 0.7080596547972612 0.7008551475561884 0.08633416121314148
vn 0.47640735740301104 0.8663914804678368 0.1496724169145062
vn 0.4467824152730604 0.8946052053254733 0.00818535322013511
vn 0.7080596547972612 0.7008551475561884 0.08633416121314148
vn 0.4467824152730604 0.8946052053254733 0.00818535322013511
vn 0.6779041252114809 0.7351388531622008 -0.004106530484577185
vn 0.47640735740301104 0.8663914804678368 0.1496724169145062
vn 0.26275965412034386 0.9474257426726813 0.18259744326708194
vn 0.2325246784537724 0.9725901494143858 0.000821688549285867
vn 0.47640735740301104 0.8663914804678368 0.1496724169145062
vn 0.2325246784537724 0.9725901494143858 0.000821688549285867
vn 0.4467824152730604 0.8946052053254733 0.00818535322013511
vn -0.19234959274153923 0.9338928230500207 0.3014064186904896
vn -0.5375815690671317 0.8028544723524303 0.25774163967628777
vn -0.5634343671803536 0.8138580276421066 0.14204515029586356
vn -0.19234959274153923 0.9338928230500207 0.3014064186904896
vn -0.5634343671803536 0.8138580276421066 0.14204515029586356
vn -0.18392261753957323 0.96373737171618 0.19334618981242277
vn 0.2325246784537724 0.9725901494143858 0.000821688549285867
vn 0.26275965412034386 0.9474257426726813 0.18259744326708194
vn 0.08969168820479229 0.9771441885809469 0.1927294367486635
vn 0.2325246784537724 0.9725901494143858 0.000821688549285867
vn 0.08969168820479229 0.9771441885809469 0.1927294367486635
vn 0.05845584786423769 0.9982899593774521 -0.00026618910211505427
vn 0.12055259848522384 0.9370970634005782 0.3275914601519293
vn -0.19234959274153923 0.9338928230500207 0.3014064186904896
vn -0.18392261753957323 0.96373737171618 0.19334618981242277
vn 0.12055259848522384 0.9370970634005782 0.3275914601519293
vn -0.18392261753957323 0.96373737171618 0.19334618981242277
vn 0.08969168820479229 0.9771441885809469 0.1927294367486635
vn -0.5375815690671317 0.8028544723524303 0.25774163967628777
vn -0.9816629767407536 0.1874570747789958 -0.03460701102066367
vn -0.978447986100977 0.20520394559288066 0.0230408161325918
vn -0.5375815690671317 0.8028544723524303 0.25774163967628777
vn -0.978447986100977 0.20520394559288066 0.0230408161325918
vn -0.5634343671803536 0.8138580276421066 0.14204515029586356
vn -0.9816629767407536 0.1874570747789958 -0.03460701102066367
vn -0.9969455870509366 0.05346493748496815 -0.05692975425374513
vn -0.9997741932515115 0.02121680183449487 0.001187361867663802
vn -0.9816629767407536 0.1874570747789958 -0.03460701102066367
vn -0.9997741932515115 0.02121680183449487 0.001187361867663802
vn -0.978447986100977 0.20520394559288066 0.0230408161325918
vn -0.9969455870509366 0.05346493748496815 -0.05692975425374513
vn -0.9584337637130889 -0.2583727444809271 -0.12102993631394164
vn -0.9598720617697846 -0.27825272275263435 -0.0349434874414153
vn -0.9969455870509366 0.05346493748496815 -0.05692975425374513
vn -0.9598720617697846 -0.27825272275263435 -0.0349434874414153
vn -0.9997741932515115 0.02121680183449487 0.001187361867663802
vn -0.9673402363398157 -0.14158914395472194 -0.21025075855320646
vn -0.8040863395320004 -0.4938319887799223 -0.33102133682845164
vn -0.7089906403871898 -0.6787413686461102 -0.19142211557645974
vn -0.9673402363398157 -0.14158914395472194 -0.21025075855320646
vn -0.7089906403871898 -0.6787413686461102 -0.19142211557645974
vn -0.9584337637130889 -0.2583727444809271 -0.12102993631394164
vn -0.2035687237060543 -0.9528265029272477 -0.22512536518153523
vn -0.1759331437446862 -0.9586498581571279 -0.223691703886018
vn -0.12539822394805966 -0.986566197424031 -0.10470159278139178
vn -0.2035687237060543 -0.9528265029272477 -0.22512536518153523
vn -0.12539822394805966 -0.986566197424031 -0.10470159278139178
vn -0.19818069383398396 -0.9742049782773887 -0.10793087088981342
vn -0.7089906403871898 -0.6787413686461102 -0.19142211557645974
vn -0.2035687237060543 -0.9528265029272477 -0.22512536518153523
vn -0.19818069383398396 -0.9742049782773887 -0.10793087088981342
vn -0.7089906403871898 -0.6787413686461102 -0.19142211557645974
vn -0.19818069383398396 -0.9742049782773887 -0.10793087088981342
vn -0.6911250198277277 -0.7186884380424473 -0.07637496967089687
vn -0.22140495999151705 -0.8746564262510689 -0.43122613523401276
vn 0.48051598927522615 -0.7887490847984039 -0.38337874912484526
vn 0.5755865027748513 -0.8020527906161796 -0.15940984564390878
vn -0.22140495999151705 -0.8746564262510689 -0.43122613523401276
vn 0.5755865027748513 -0.8020527906161796 -0.15940984564390878
vn -0.1759331437446862 -0.9586498581571279 -0.223691703886018
vn 0.48051598927522615 -0.7887490847984039 -0.38337874912484526
vn 0.9978015500101478 0.06324695524933359 -0.01979619784290098
vn 0.9995528406280574 -0.014539113862675174 -0.026129159199437427
vn 0.48051598927522615 -0.7887490847984039 -0.38337874912484526
vn 0.9995528406280574 -0.014539113862675174 -0.026129159199437427
vn 0.5755865027748513 -0.8020527906161796 -0.15940984564390878
vn 0.9893947493924711 0.10080426261106276 -0.10457786818466576
vn 0.8984648597741711 0.4094465561837445 0.15847527687387247
vn 0.8508534276237089 0.4859076847490808 0.19985536420815425
vn 0.9893947493924711 0.10080426261106276 -0.10457786818466576
vn 0.8508534276237089 0.4859076847490808 0.19985536420815425
vn 0.9978015500101478 0.06324695524933359 -0.01979619784290098
vn 0.7975178119821502 0.5856975362586546 0.14465039091459694
vn 0.540533345326815 0.8056882701466604 0.24226042586003205
vn 0.47640735740301104 0.8663914804678368 0.1496724169145062
vn 0.7975178119821502 0.5856975362586546 0.14465039091459694
vn 0.47640735740301104 0.8663914804678368 0.1496724169145062
vn 0.7080596547972612 0.7008551475561884 0.08633416121314148
vn 0.540533345326815 0.8056882701466604 0.24226042586003205
vn 0.3108094936237909 0.9040769718958879 0.2933296568042252
vn 0.26275965412034386 0.9474257426726813 0.18259744326708194
vn 0.540533345326815 0.8056882701466604 0.24226042586003205
vn 0.26275965412034386 0.9474257426726813 0.18259744326708194
vn 0.47640735740301104 0.8663914804678368 0.1496724169145062
vn -0.1128304923921443 0.9071891247477442 0.4053112038002009
vn -0.4997713218428099 0.799209390847027 0.33390563853492283
vn -0.5375815690671317 0.8028544723524303 0.25774163967628777
vn -0.1128304923921443 0.9071891247477442 0.4053112038002009
vn -0.5375815690671317 0.8028544723524303 0.25774163967628777
vn -0.19234959274153923 0.9338928230500207 0.3014064186904896
vn 0.26275965412034386 0.9474257426726813 0.18259744326708194
vn 0.3108094936237909 0.9040769718958879 0.2933296568042252
vn 0.12055259848522384 0.9370970634005782 0.3275914601519293
vn 0.26275965412034386 0.9474257426726813 0.18259744326708194
vn 0.12055259848522384 0.9370970634005782 0.3275914601519293
vn 0.08969168820479229 0.9771441885809469 0.1927294367486635
vn 0.21556546089448272 0.8879022382653428 0.40640023050281815
vn -0.1128304923921443 0.9071891247477442 0.4053112038002009
vn -0.19234959274153923 0.9338928230500207 0.3014064186904896
vn 0.21556546089448272 0.8879022382653428 0.40640023050281815
vn -0.19234959274153923 0.9338928230500207 0.3014064186904896
vn 0.12055259848522384 0.9370970634005782 0.3275914601519293
vn -0.4997713218428099 0.799209390847027 0.33390563853492283
vn -0.9719323151856816 0.23009756159754433 -0.04901720967848856
vn -0.9816629767407536 0.1874570747789958 -0.03460701102066367
vn -0.4997713218428099 0.799209390847027 0.33390563853492283
vn -0.9816629767407536 0.1874570747789958 -0.03460701102066367
vn -0.5375815690671317 0.8028544723524303 0.25774163967628777
vn -0.9719323151856816 0.23009756159754433 -0.04901720967848856
vn -0.9892810324527338 0.10627312295044128 -0.10014520541500688
vn -0.9969455870509366 0.05346493748496815 -0.05692975425374513
vn -0.9719323151856816 0.23009756159754433 -0.04901720967848856
vn -0.9969455870509366 0.05346493748496815 -0.05692975425374513
vn -0.9816629767407536 0.1874570747789958 -0.03460701102066367
vn -0.9892810324527338 0.10627312295044128 -0.10014520541500688
vn -0.9673402363398157 -0.14158914395472194 -0.21025075855320646
vn -0.9584337637130889 -0.2583727444809271 -0.12102993631394164
vn -0.9892810324527338 0.10627312295044128 -0.10014520541500688
vn -0.9584337637130889 -0.2583727444809271 -0.12102993631394164
vn -0.9969455870509366 0.05346493748496815 -0.05692975425374513
vn -0.9739394990974167 -0.024676566460572844 -0.22546156915445698
vn -0.8671979014123166 -0.2915503310907636 -0.4036907284381698
vn -0.8040863395320004 -0.4938319887799223 -0.33102133682845164
vn -0.9739394990974167 -0.024676566460572844 -0.22546156915445698
vn -0.8040863395320004 -0.4938319887799223 -0.33102133682845164
vn -0.9673402363398157 -0.14158914395472194 -0.21025075855320646
vn -0.24554654446174717 -0.8723262070989382 -0.4227929551343961
vn -0.22140495999151705 -0.8746564262510689 -0.43122613523401276
vn -0.1759331437446862 -0.9586498581571279 -0.223691703886018
vn -0.24554654446174717 -0.8723262070989382 -0.4227929551343961
vn -0.1759331437446862 -0.9586498581571279 -0.223691703886018
vn -0.2035687237060543 -0.9528265029272477 -0.22512536518153523
vn -0.8040863395320004 -0.4938319887799223 -0.33102133682845164
vn -0.24554654446174717 -0.8723262070989382 -0.4227929551343961
vn -0.2035687237060543 -0.9528265029272477 -0.22512536518153523
vn -0.8040863395320004 -0.4938319887799223 -0.33102133682845164
vn -0.2035687237060543 -0.9528265029272477 -0.22512536518153523
vn -0.7089906403871898 -0.6787413686461102 -0.19142211557645974
vn -0.1428378377229979 -0.6882913670496154 -0.7112329760068709
vn 0.14101441373535487 -0.644304841899112 -0.7516556431134102
vn 0.48051598927522615 -0.7887490847984039 -0.38337874912484526
vn -0.1428378377229979 -0.6882913670496154 -0.7112329760068709
vn 0.48051598927522615 -0.7887490847984039 -0.38337874912484526
vn -0.22140495999151705 -0.8746564262510689 -0.43122613523401276
vn 0.14101441373535487 -0.644304841899112 -0.7516556431134102
vn 0.9893947493924711 0.10080426261106276 -0.10457786818466576
vn 0.9978015500101478 0.06324695524933359 -0.01979619784290098
vn 0.14101441373535487 -0.644304841899112 -0.7516556431134102
vn 0.9978015500101478 0.06324695524933359 -0.01979619784290098
vn 0.48051598927522615 -0.7887490847984039 -0.38337874912484526
vn 0.9468479132144981 0.20716715698755991 -0.2460910366247458
vn 0.855101146017539 0.5010361145196197 0.13328481543887225
vn 0.8984648597741711 0.4094465561837445 0.15847527687387247
vn 0.9468479132144981 0.20716715698755991 -0.2460910366247458
vn 0.8984648597741711 0.4094465561837445 0.15847527687387247
vn 0.9893947493924711 0.10080426261106276 -0.10457786818466576
vn 0.8508534276237089 0.4859076847490808 0.19985536420815425
vn 0.6074983424523513 0.7129959694226511 0.35011785373599524
vn 0.540533345326815 0.8056882701466604 0.24226042586003205
vn 0.8508534276237089 0.4859076847490808 0.19985536420815425
vn 0.540533345326815 0.8056882701466604 0.24226042586003205
vn 0.7975178119821502 0.5856975362586546 0.14465039091459694
vn 0.6074983424523513 0.7129959694226511 0.35011785373599524
vn 0.42252248465549613 0.8173095427969347 0.39176505869412576
vn 0.3108094936237909 0.9040769718958879 0.2933296568042252
vn 0.6074983424523513 0.7129959694226511 0.35011785373599524
vn 0.3108094936237909 0.9040769718958879 0.2933296568042252
vn 0.540533345326815 0.8056882701466604 0.24226042586003205
vn 0.027751409327553333 0.8744017810479735 0.48440828293957394
vn -0.45868762023030213 0.8089809594511963 0.36763497425147673
vn -0.4997713218428099 0.799209390847027 0.33390563853492283
vn 0.027751409327553333 0.8744017810479735 0.48440828293957394
vn -0.4997713218428099 0.799209390847027 0.33390563853492283
vn -0.1128304923921443 0.9071891247477442 0.4053112038002009
vn 0.3108094936237909 0.9040769718958879 0.2933296568042252
vn 0.42252248465549613 0.8173095427969347 0.39176505869412576
vn 0.21556546089448272 0.8879022382653428 0.40640023050281815
vn 0.3108094936237909 0.9040769718958879 0.2933296568042252
vn 0.21556546089448272 0.8879022382653428 0.40640023050281815
vn 0.12055259848522384 0.9370970634005782 0.3275914601519293
vn 0.13198333934828033 0.8626976617665032 0.488193755098408
vn 0.027751409327553333 0.8744017810479735 0.48440828293957394
vn -0.1128304923921443 0.9071891247477442 0.4053112038002009
vn 0.13198333934828033 0.8626976617665032 0.488193755098408
vn -0.1128304923921443 0.9071891247477442 0.4053112038002009
vn 0.21556546089448272 0.8879022382653428 0.40640023050281815
vn -0.45868762023030213 0.8089809594511963 0.36763497425147673
vn -0.9570113934043951 0.28447192240769603 -0.05661199745502626
vn -0.9719323151856816 0.23009756159754433 -0.04901720967848856
vn -0.45868762023030213 0.8089809594511963 0.36763497425147673
vn -0.9719323151856816 0.23009756159754433 -0.04901720967848856
vn -0.4997713218428099 0.799209390847027 0.33390563853492283
vn -0.9570113934043951 0.28447192240769603 -0.05661199745502626
vn -0.9804410269961673 0.16040447959603443 -0.11404295466282062
vn -0.9892810324527338 0.10627312295044128 -0.10014520541500688
vn -0.9570113934043951 0.28447192240769603 -0.05661199745502626
vn -0.9892810324527338 0.10627312295044128 -0.10014520541500688
vn -0.9719323151856816 0.23009756159754433 -0.04901720967848856
vn -0.9804410269961673 0.16040447959603443 -0.11404295466282062
vn -0.9739394990974167 -0.024676566460572844 -0.22546156915445698
vn -0.9673402363398157 -0.14158914395472194 -0.21025075855320646
vn -0.9804410269961673 0.16040447959603443 -0.11404295466282062
vn -0.9673402363398157 -0.14158914395472194 -0.21025075855320646
vn -0.9892810324527338 0.10627312295044128 -0.10014520541500688
vn -0.950826236197294 0.14629008985479855 -0.27299941056559546
vn -0.7624690725877994 -0.15828401296327563 -0.6273651923619469
vn -0.8671979014123166 -0.2915503310907636 -0.4036907284381698
vn -0.950826236197294 0.14629008985479855 -0.27299941056559546
vn -0.8671979014123166 -0.2915503310907636 -0.4036907284381698
vn -0.9739394990974167 -0.024676566460572844 -0.22546156915445698
vn -0.41252785335294995 -0.6220753284297885 -0.6654645414798431
vn -0.1428378377229979 -0.6882913670496154 -0.7112329760068709
vn -0.22140495999151705 -0.8746564262510689 -0.43122613523401276
vn -0.41252785335294995 -0.6220753284297885 -0.6654645414798431
vn -0.22140495999151705 -0.8746564262510689 -0.43122613523401276
vn -0.24554654446174717 -0.8723262070989382 -0.4227929551343961
vn -0.8671979014123166 -0.2915503310907636 -0.4036907284381698
vn -0.41252785335294995 -0.6220753284297885 -0.6654645414798431
vn -0.24554654446174717 -0.8723262070989382 -0.4227929551343961
vn -0.8671979014123166 -0.2915503310907636 -0.4036907284381698
vn -0.24554654446174717 -0.8723262070989382 -0.4227929551343961
vn -0.8040863395320004 -0.4938319887799223 -0.33102133682845164
vn -0.06699640114318062 -0.38421638690380744 -0.9208090194326104
vn 0.34973982652075325 -0.1979541856575133 -0.9156943781229109
vn 0.14101441373535487 -0.644304841899112 -0.7516556431134102
vn -0.06699640114318062 -0.38421638690380744 -0.9208090194326104
vn 0.14101441373535487 -0.644304841899112 -0.7516556431134102
vn -0.1428378377229979 -0.6882913670496154 -0.7112329760068709
vn 0.34973982652075325 -0.1979541856575133 -0.9156943781229109
vn 0.9468479132144981 0.20716715698755991 -0.2460910366247458
vn 0.9893947493924711 0.10080426261106276 -0.10457786818466576
vn 0.34973982652075325 -0.1979541856575133 -0.9156943781229109
vn 0.9893947493924711 0.10080426261106276 -0.10457786818466576
vn 0.14101441373535487 -0.644304841899112 -0.7516556431134102
vn 0.9801107182820086 0.0075583308176958505 -0.19830746719167122
vn 0.5953274224265453 0.5789783034120637 0.5571080544069111
vn 0.8040051615790187 0.5339229419814298 0.26172885240299926
vn 0.9801107182820086 0.0075583308176958505 -0.19830746719167122
vn 0.8040051615790187 0.5339229419814298 0.26172885240299926
vn 0.9557796686386238 0.07951606917655821 -0.2831296871748907
vn 0.8984648597741711 0.4094465561837445 0.15847527687387247
vn 0.563539294160678 0.7008905295657384 0.4372366973413184
vn 0.6074983424523513 0.7129959694226511 0.35011785373599524
vn 0.8984648597741711 0.4094465561837445 0.15847527687387247
vn 0.6074983424523513 0.7129959694226511 0.35011785373599524
vn 0.8508534276237089 0.4859076847490808 0.19985536420815425
vn 0.563539294160678 0.7008905295657384 0.4372366973413184
vn 0.2749949692156233 0.8255176257903816 0.4928472546494603
vn 0.42252248465549613 0.8173095427969347 0.39176505869412576
vn 0.563539294160678 0.7008905295657384 0.4372366973413184
vn 0.42252248465549613 0.8173095427969347 0.39176505869412576
vn 0.6074983424523513 0.7129959694226511 0.35011785373599524
vn -0.04380561689469573 0.9128829885508108 0.4058641609492213
vn -0.28832266537660245 0.8906535374848623 0.3515769002591505
vn -0.45868762023030213 0.8089809594511963 0.36763497425147673
vn -0.04380561689469573 0.9128829885508108 0.4058641609492213
vn -0.45868762023030213 0.8089809594511963 0.36763497425147673
vn 0.027751409327553333 0.8744017810479735 0.48440828293957394
vn 0.42252248465549613 0.8173095427969347 0.39176505869412576
vn 0.2749949692156233 0.8255176257903816 0.4928472546494603
vn 0.13198333934828033 0.8626976617665032 0.488193755098408
vn 0.42252248465549613 0.8173095427969347 0.39176505869412576
vn 0.13198333934828033 0.8626976617665032 0.488193755098408
vn 0.21556546089448272 0.8879022382653428 0.40640023050281815
vn 0.010654573829706873 0.8941518113177785 0.44763715035019497
vn -0.04380561689469573 0.9128829885508108 0.4058641609492213
vn 0.027751409327553333 0.8744017810479735 0.48440828293957394
vn 0.010654573829706873 0.8941518113177785 0.44763715035019497
vn 0.027751409327553333 0.8744017810479735 0.48440828293957394
vn 0.13198333934828033 0.8626976617665032 0.488193755098408
vn -0.28832266537660245 0.8906535374848623 0.3515769002591505
vn -0.9341946335837206 0.3204746264361961 -0.15676862056533736
vn -0.9570113934043951 0.28447192240769603 -0.05661199745502626
vn -0.28832266537660245 0.8906535374848623 0.3515769002591505
vn -0.9570113934043951 0.28447192240769603 -0.05661199745502626
vn -0.45868762023030213 0.8089809594511963 0.36763497425147673
vn -0.9341946335837206 0.3204746264361961 -0.15676862056533736
vn -0.9300465208005148 0.34537736258343915 -0.12541111020067364
vn -0.9804410269961673 0.16040447959603443 -0.11404295466282062
vn -0.9341946335837206 0.3204746264361961 -0.15676862056533736
vn -0.9804410269961673 0.16040447959603443 -0.11404295466282062
vn -0.9570113934043951 0.28447192240769603 -0.05661199745502626
vn -0.9300465208005148 0.34537736258343915 -0.12541111020067364
vn -0.950826236197294 0.14629008985479855 -0.27299941056559546
vn -0.9739394990974167 -0.024676566460572844 -0.22546156915445698
vn -0.9300465208005148 0.34537736258343915 -0.12541111020067364
vn -0.9739394990974167 -0.024676566460572844 -0.22546156915445698
vn -0.9804410269961673 0.16040447959603443 -0.11404295466282062
vn -0.9282385707368481 0.25973379572441163 -0.2662921537616216
vn -0.4825027828583896 -0.14148765830385626 -0.864391292807604
vn -0.7624690725877994 -0.15828401296327563 -0.6273651923619469
vn -0.9282385707368481 0.25973379572441163 -0.2662921537616216
vn -0.7624690725877994 -0.15828401296327563 -0.6273651923619469
vn -0.950826236197294 0.14629008985479855 -0.27299941056559546
vn -0.17000393157921004 -0.3792841962545097 -0.9095285381554457
vn -0.06699640114318062 -0.38421638690380744 -0.9208090194326104
vn -0.1428378377229979 -0.6882913670496154 -0.7112329760068709
vn -0.17000393157921004 -0.3792841962545097 -0.9095285381554457
vn -0.1428378377229979 -0.6882913670496154 -0.7112329760068709
vn -0.41252785335294995 -0.6220753284297885 -0.6654645414798431
vn -0.7624690725877994 -0.15828401296327563 -0.6273651923619469
vn -0.17000393157921004 -0.3792841962545097 -0.9095285381554457
vn -0.41252785335294995 -0.6220753284297885 -0.6654645414798431
vn -0.7624690725877994 -0.15828401296327563 -0.6273651923619469
vn -0.41252785335294995 -0.6220753284297885 -0.6654645414798431
vn -0.8671979014123166 -0.2915503310907636 -0.4036907284381698
vn 0.04011013254730092 -0.2824786466287431 -0.958434656857645
vn 0.3706821368513617 -0.28448016642212204 -0.8841186505960329
vn 0.6229114988513036 -0.08692884821366989 -0.7774475158794112
vn 0.04011013254730092 -0.2824786466287431 -0.958434656857645
vn 0.6229114988513036 -0.08692884821366989 -0.7774475158794112
vn 0.036151506206934504 -0.2530372849356883 -0.9667808443651256
vn 0.9132774671278332 0.06451061958249932 -0.4021972749754176
vn 0.9468479132144981 0.20716715698755991 -0.2460910366247458
vn 0.34973982652075325 -0.1979541856575133 -0.9156943781229109
vn 0.9114985391476572 0.2278510144932706 0.34242419354665105
vn 0.5953274224265453 0.5789783034120637 0.5571080544069111
vn 0.9801107182820086 0.0075583308176958505 -0.19830746719167122
vn 0.855101146017539 0.5010361145196197 0.13328481543887225
vn 0.442576728012251 0.7942639305224174 0.41625791102758686
vn 0.563539294160678 0.7008905295657384 0.4372366973413184
vn 0.855101146017539 0.5010361145196197 0.13328481543887225
vn 0.563539294160678 0.7008905295657384 0.4372366973413184
vn 0.8984648597741711 0.4094465561837445 0.15847527687387247
vn 0.442576728012251 0.7942639305224174 0.41625791102758686
vn 0.18350668066723247 0.871473978533468 0.4548168894066524
vn 0.2749949692156233 0.8255176257903816 0.4928472546494603
vn 0.442576728012251 0.7942639305224174 0.41625791102758686
vn 0.2749949692156233 0.8255176257903816 0.4928472546494603
vn 0.563539294160678 0.7008905295657384 0.4372366973413184
vn -0.05523318938513531 0.8639387454331686 0.500558826642492
vn -0.07393137004247571 0.8678407578905987 0.49131107403305463
vn -0.04380561689469573 0.9128829885508108 0.4058641609492213
vn -0.05523318938513531 0.8639387454331686 0.500558826642492
vn -0.04380561689469573 0.9128829885508108 0.4058641609492213
vn 0.010654573829706873 0.8941518113177785 0.44763715035019497
vn 0.2749949692156233 0.8255176257903816 0.4928472546494603
vn 0.18350668066723247 0.871473978533468 0.4548168894066524
vn 0.010654573829706873 0.8941518113177785 0.44763715035019497
vn 0.2749949692156233 0.8255176257903816 0.4928472546494603
vn 0.010654573829706873 0.8941518113177785 0.44763715035019497
vn 0.13198333934828033 0.8626976617665032 0.488193755098408
vn -0.11281795639272453 0.7356746717217914 0.6678734057457327
vn -0.12637739355976818 0.7351704566635496 0.6659978633945813
vn -0.07393137004247571 0.8678407578905987 0.49131107403305463
vn -0.11281795639272453 0.7356746717217914 0.6678734057457327
vn -0.07393137004247571 0.8678407578905987 0.49131107403305463
vn -0.05523318938513531 0.8639387454331686 0.500558826642492
vn -0.07393137004247571 0.8678407578905987 0.49131107403305463
vn -0.21943670602606494 0.8666529116430106 0.4480627888913808
vn -0.28832266537660245 0.8906535374848623 0.3515769002591505
vn -0.07393137004247571 0.8678407578905987 0.49131107403305463
vn -0.28832266537660245 0.8906535374848623 0.3515769002591505
vn -0.04380561689469573 0.9128829885508108 0.4058641609492213
vn -0.12637739355976818 0.7351704566635496 0.6659978633945813
vn -0.24459764925732816 0.7330713100182018 0.6346482840172079
vn -0.21943670602606494 0.8666529116430106 0.4480627888913808
vn -0.12637739355976818 0.7351704566635496 0.6659978633945813
vn -0.21943670602606494 0.8666529116430106 0.4480627888913808
vn -0.07393137004247571 0.8678407578905987 0.49131107403305463
vn -0.21943670602606494 0.8666529116430106 0.4480627888913808
vn -0.9161970285245404 0.39024619275563466 -0.09105445602788828
vn -0.9341946335837206 0.3204746264361961 -0.15676862056533736
vn -0.21943670602606494 0.8666529116430106 0.4480627888913808
vn -0.9341946335837206 0.3204746264361961 -0.15676862056533736
vn -0.28832266537660245 0.8906535374848623 0.3515769002591505
vn -0.24459764925732816 0.7330713100182018 0.6346482840172079
vn -0.9630804013850774 0.25817375775881735 -0.07630498851745818
vn -0.9161970285245404 0.39024619275563466 -0.09105445602788828
vn -0.24459764925732816 0.7330713100182018 0.6346482840172079
vn -0.9161970285245404 0.39024619275563466 -0.09105445602788828
vn -0.21943670602606494 0.8666529116430106 0.4480627888913808
vn -0.9161970285245404 0.39024619275563466 -0.09105445602788828
vn -0.9244676447511753 0.3484264686652902 -0.15478556050759465
vn -0.9300465208005148 0.34537736258343915 -0.12541111020067364
vn -0.9161970285245404 0.39024619275563466 -0.09105445602788828
vn -0.9300465208005148 0.34537736258343915 -0.12541111020067364
vn -0.9341946335837206 0.3204746264361961 -0.15676862056533736
vn -0.9630804013850774 0.25817375775881735 -0.07630498851745818
vn -0.9668007341833693 0.22577368349310575 -0.11967699956321229
vn -0.9244676447511753 0.3484264686652902 -0.15478556050759465
vn -0.9630804013850774 0.25817375775881735 -0.07630498851745818
vn -0.9244676447511753 0.3484264686652902 -0.15478556050759465
vn -0.9161970285245404 0.39024619275563466 -0.09105445602788828
vn -0.9244676447511753 0.3484264686652902 -0.15478556050759465
vn -0.9282385707368481 0.25973379572441163 -0.2662921537616216
vn -0.950826236197294 0.14629008985479855 -0.27299941056559546
vn -0.9244676447511753 0.3484264686652902 -0.15478556050759465
vn -0.950826236197294 0.14629008985479855 -0.27299941056559546
vn -0.9300465208005148 0.34537736258343915 -0.12541111020067364
vn -0.9668007341833693 0.22577368349310575 -0.11967699956321229
vn -0.9633155904255919 0.18291576867660325 -0.1963794663717181
vn -0.9282385707368481 0.25973379572441163 -0.2662921537616216
vn -0.9668007341833693 0.22577368349310575 -0.11967699956321229
vn -0.9282385707368481 0.25973379572441163 -0.2662921537616216
vn -0.9244676447511753 0.3484264686652902 -0.15478556050759465
vn -0.4825027828583896 -0.14148765830385626 -0.864391292807604
vn -0.1749817936110754 -0.2174544221333118 -0.9602577498772497
vn -0.17000393157921004 -0.3792841962545097 -0.9095285381554457
vn -0.4825027828583896 -0.14148765830385626 -0.864391292807604
vn -0.17000393157921004 -0.3792841962545097 -0.9095285381554457
vn -0.7624690725877994 -0.15828401296327563 -0.6273651923619469
vn -0.9633155904255919 0.18291576867660325 -0.1963794663717181
vn -0.19079487389943792 -0.27008506005387506 -0.9437432788790563
vn -0.4825027828583896 -0.14148765830385626 -0.864391292807604
vn -0.9633155904255919 0.18291576867660325 -0.1963794663717181
vn -0.4825027828583896 -0.14148765830385626 -0.864391292807604
vn -0.9282385707368481 0.25973379572441163 -0.2662921537616216
vn -0.9222992371850476 -0.051734455716968726 -0.38299825479961197
vn -0.29018330448818874 -0.4225764711592708 -0.8586167805365168
vn -0.19079487389943792 -0.27008506005387506 -0.9437432788790563
vn -0.9222992371850476 -0.051734455716968726 -0.38299825479961197
vn -0.19079487389943792 -0.27008506005387506 -0.9437432788790563
vn -0.9633155904255919 0.18291576867660325 -0.1963794663717181
vn -0.19079487389943792 -0.27008506005387506 -0.9437432788790563
vn -0.05454417521742873 -0.28103758811366186 -0.9581455040948145
vn -0.1749817936110754 -0.2174544221333118 -0.9602577498772497
vn -0.19079487389943792 -0.27008506005387506 -0.9437432788790563
vn -0.1749817936110754 -0.2174544221333118 -0.9602577498772497
vn -0.4825027828583896 -0.14148765830385626 -0.864391292807604
vn -0.1749817936110754 -0.2174544221333118 -0.9602577498772497
vn 0.036151506206934504 -0.2530372849356883 -0.9667808443651256
vn -0.06699640114318062 -0.38421638690380744 -0.9208090194326104
vn -0.1749817936110754 -0.2174544221333118 -0.9602577498772497
vn -0.06699640114318062 -0.38421638690380744 -0.9208090194326104
vn -0.17000393157921004 -0.3792841962545097 -0.9095285381554457
vn -0.05454417521742873 -0.28103758811366186 -0.9581455040948145
vn 0.04011013254730092 -0.2824786466287431 -0.958434656857645
vn 0.036151506206934504 -0.2530372849356883 -0.9667808443651256
vn -0.05454417521742873 -0.28103758811366186 -0.9581455040948145
vn 0.036151506206934504 -0.2530372849356883 -0.9667808443651256
vn -0.1749817936110754 -0.2174544221333118 -0.9602577498772497
vn 0.49900729998180177 -0.5155693587961553 -0.6965485990477572
vn 0.04445882297670381 -0.7194982773845746 -0.6930697236931908
vn 0.25317132453678315 -0.5782788843761272 -0.7755629002969344
vn 0.49900729998180177 -0.5155693587961553 -0.6965485990477572
vn 0.25317132453678315 -0.5782788843761272 -0.7755629002969344
vn 0.5446935632925752 -0.6620104416943271 -0.5148311346405919
vn 0.036151506206934504 -0.2530372849356883 -0.9667808443651256
vn 0.6229114988513036 -0.08692884821366989 -0.7774475158794112
vn 0.34973982652075325 -0.1979541856575133 -0.9156943781229109
vn 0.036151506206934504 -0.2530372849356883 -0.9667808443651256
vn 0.34973982652075325 -0.1979541856575133 -0.9156943781229109
vn -0.06699640114318062 -0.38421638690380744 -0.9208090194326104
vn 0.3706821368513617 -0.28448016642212204 -0.8841186505960329
vn 0.8364941433525291 -0.19716655887409584 -0.511275753579872
vn 0.9132774671278332 0.06451061958249932 -0.4021972749754176
vn 0.3706821368513617 -0.28448016642212204 -0.8841186505960329
vn 0.9132774671278332 0.06451061958249932 -0.4021972749754176
vn 0.6229114988513036 -0.08692884821366989 -0.7774475158794112
vn 0.9132774671278332 0.06451061958249932 -0.4021972749754176
vn 0.9557796686386238 0.07951606917655821 -0.2831296871748907
vn 0.9468479132144981 0.20716715698755991 -0.2460910366247458
vn 0.8364941433525291 -0.19716655887409584 -0.511275753579872
vn 0.9801107182820086 0.0075583308176958505 -0.19830746719167122
vn 0.9557796686386238 0.07951606917655821 -0.2831296871748907
vn 0.8364941433525291 -0.19716655887409584 -0.511275753579872
vn 0.9557796686386238 0.07951606917655821 -0.2831296871748907
vn 0.9132774671278332 0.06451061958249932 -0.4021972749754176
vn 0.9557796686386238 0.07951606917655821 -0.2831296871748907
vn 0.8040051615790187 0.5339229419814298 0.26172885240299926
vn 0.855101146017539 0.5010361145196197 0.13328481543887225
vn 0.9557796686386238 0.07951606917655821 -0.2831296871748907
vn 0.855101146017539 0.5010361145196197 0.13328481543887225
vn 0.9468479132144981 0.20716715698755991 -0.2460910366247458
vn 0.8040051615790187 0.5339229419814298 0.26172885240299926
vn 0.346272766159148 0.8114048022179898 0.47086879101728213
vn 0.442576728012251 0.7942639305224174 0.41625791102758686
vn 0.8040051615790187 0.5339229419814298 0.26172885240299926
vn 0.442576728012251 0.7942639305224174 0.41625791102758686
vn 0.855101146017539 0.5010361145196197 0.13328481543887225
vn 0.5953274224265453 0.5789783034120637 0.5571080544069111
vn 0.09406195931544965 0.7526847626348863 0.6516271908898551
vn 0.346272766159148 0.8114048022179898 0.47086879101728213
vn 0.5953274224265453 0.5789783034120637 0.5571080544069111
vn 0.346272766159148 0.8114048022179898 0.47086879101728213
vn 0.8040051615790187 0.5339229419814298 0.26172885240299926
vn 0.08787001114157263 0.6589751284537676 0.7470144852821263
vn -0.12653600818496158 0.6330807283302293 0.7636736410597668
vn -0.12637739355976818 0.7351704566635496 0.6659978633945813
vn 0.08787001114157263 0.6589751284537676 0.7470144852821263
vn -0.12637739355976818 0.7351704566635496 0.6659978633945813
vn -0.11281795639272453 0.7356746717217914 0.6678734057457327
vn 0.442576728012251 0.7942639305224174 0.41625791102758686
vn 0.346272766159148 0.8114048022179898 0.47086879101728213
vn 0.03112089422213026 0.860943435190676 0.5077478619796376
vn 0.442576728012251 0.7942639305224174 0.41625791102758686
vn 0.03112089422213026 0.860943435190676 0.5077478619796376
vn 0.18350668066723247 0.871473978533468 0.4548168894066524
vn 0.346272766159148 0.8114048022179898 0.47086879101728213
vn 0.09406195931544965 0.7526847626348863 0.6516271908898551
vn -0.005934064573495649 0.7551788475996657 0.6554919488564894
vn 0.346272766159148 0.8114048022179898 0.47086879101728213
vn -0.005934064573495649 0.7551788475996657 0.6554919488564894
vn 0.03112089422213026 0.860943435190676 0.5077478619796376
vn 0.03112089422213026 0.860943435190676 0.5077478619796376
vn -0.005934064573495649 0.7551788475996657 0.6554919488564894
vn -0.11281795639272453 0.7356746717217914 0.6678734057457327
vn 0.03112089422213026 0.860943435190676 0.5077478619796376
vn -0.11281795639272453 0.7356746717217914 0.6678734057457327
vn -0.05523318938513531 0.8639387454331686 0.500558826642492
vn 0.18350668066723247 0.871473978533468 0.4548168894066524
vn 0.03112089422213026 0.860943435190676 0.5077478619796376
vn -0.05523318938513531 0.8639387454331686 0.500558826642492
vn 0.18350668066723247 0.871473978533468 0.4548168894066524
vn -0.05523318938513531 0.8639387454331686 0.500558826642492
vn 0.010654573829706873 0.8941518113177785 0.44763715035019497
vn 0.08787001114157263 0.6589751284537676 0.7470144852821263
vn -0.07499346450652525 0.6331562324231987 0.7703824800869818
vn -0.15118835584263907 0.6978168493628963 0.7001383618991609
vn 0.08787001114157263 0.6589751284537676 0.7470144852821263
vn -0.15118835584263907 0.6978168493628963 0.7001383618991609
vn -0.12653600818496158 0.6330807283302293 0.7636736410597668
vn -0.19458638649463694 0.6359715941900372 0.7467772556621836
vn -0.4091304580997247 0.5941198981384844 0.6925560012670643
vn -0.3300529261034713 0.7481440369582637 0.5756262380523743
vn -0.19458638649463694 0.6359715941900372 0.7467772556621836
vn -0.3300529261034713 0.7481440369582637 0.5756262380523743
vn -0.15118835584263907 0.6978168493628963 0.7001383618991609
vn -0.12653600818496158 0.6330807283302293 0.7636736410597668
vn -0.15118835584263907 0.6978168493628963 0.7001383618991609
vn -0.3300529261034713 0.7481440369582637 0.5756262380523743
vn -0.12653600818496158 0.6330807283302293 0.7636736410597668
vn -0.3300529261034713 0.7481440369582637 0.5756262380523743
vn -0.31525010088483263 0.6894061397270437 0.6521783102792967
vn -0.4091304580997247 0.5941198981384844 0.6925560012670643
vn -0.9943208553751302 0.06324809948734078 -0.08559038776234876
vn -0.9857893535413714 0.15022099488884305 0.07518645582211611
vn -0.4091304580997247 0.5941198981384844 0.6925560012670643
vn -0.9857893535413714 0.15022099488884305 0.07518645582211611
vn -0.3300529261034713 0.7481440369582637 0.5756262380523743
vn -0.31525010088483263 0.6894061397270437 0.6521783102792967
vn -0.3300529261034713 0.7481440369582637 0.5756262380523743
vn -0.9857893535413714 0.15022099488884305 0.07518645582211611
vn -0.31525010088483263 0.6894061397270437 0.6521783102792967
vn -0.9857893535413714 0.15022099488884305 0.07518645582211611
vn -0.9684399319479198 0.17651551056402912 0.17597264770136437
vn -0.9943208553751302 0.06324809948734078 -0.08559038776234876
vn -0.9829739206393499 0.07509356301800212 -0.1676998155519751
vn -0.9928970068863294 0.10417289300003925 -0.05747644804762068
vn -0.9943208553751302 0.06324809948734078 -0.08559038776234876
vn -0.9928970068863294 0.10417289300003925 -0.05747644804762068
vn -0.9857893535413714 0.15022099488884305 0.07518645582211611
vn -0.9684399319479198 0.17651551056402912 0.17597264770136437
vn -0.9857893535413714 0.15022099488884305 0.07518645582211611
vn -0.9928970068863294 0.10417289300003925 -0.05747644804762068
vn -0.9684399319479198 0.17651551056402912 0.17597264770136437
vn -0.9928970068863294 0.10417289300003925 -0.05747644804762068
vn -0.9947880131406506 0.07579061070441498 0.0682099130678864
vn -0.9829739206393499 0.07509356301800212 -0.1676998155519751
vn -0.7641729945288448 -0.16139744780712373 -0.6244921923244235
vn -0.7733037550155817 -0.20868853238413973 -0.598707273156219
vn -0.9829739206393499 0.07509356301800212 -0.1676998155519751
vn -0.7733037550155817 -0.20868853238413973 -0.598707273156219
vn -0.9928970068863294 0.10417289300003925 -0.05747644804762068
vn -0.9947880131406506 0.07579061070441498 0.0682099130678864
vn -0.9928970068863294 0.10417289300003925 -0.05747644804762068
vn -0.7733037550155817 -0.20868853238413973 -0.598707273156219
vn -0.9947880131406506 0.07579061070441498 0.0682099130678864
vn -0.7733037550155817 -0.20868853238413973 -0.598707273156219
vn -0.9222992371850476 -0.051734455716968726 -0.38299825479961197
vn -0.6620116587269336 -0.24313654934785667 -0.7089606350713917
vn -0.07965572933836051 -0.47115575471276666 -0.8784459115873993
vn 0.08923705644218599 -0.6871603232174247 -0.7210044645862177
vn -0.6620116587269336 -0.24313654934785667 -0.7089606350713917
vn 0.08923705644218599 -0.6871603232174247 -0.7210044645862177
vn -0.3800349993150797 -0.4912726099238576 -0.7837248382144005
vn -0.9222992371850476 -0.051734455716968726 -0.38299825479961197
vn -0.7733037550155817 -0.20868853238413973 -0.598707273156219
vn -0.3800349993150797 -0.4912726099238576 -0.7837248382144005
vn -0.9222992371850476 -0.051734455716968726 -0.38299825479961197
vn -0.3800349993150797 -0.4912726099238576 -0.7837248382144005
vn -0.29018330448818874 -0.4225764711592708 -0.8586167805365168
vn -0.29018330448818874 -0.4225764711592708 -0.8586167805365168
vn -0.3800349993150797 -0.4912726099238576 -0.7837248382144005
vn 0.08923705644218599 -0.6871603232174247 -0.7210044645862177
vn -0.29018330448818874 -0.4225764711592708 -0.8586167805365168
vn 0.08923705644218599 -0.6871603232174247 -0.7210044645862177
vn -0.15491925451348604 -0.5894375253634212 -0.7928199217189437
vn -0.07965572933836051 -0.47115575471276666 -0.8784459115873993
vn 0.46969212380298914 -0.5012856403398063 -0.7267062787856919
vn 0.5446935632925752 -0.6620104416943271 -0.5148311346405919
vn -0.07965572933836051 -0.47115575471276666 -0.8784459115873993
vn 0.5446935632925752 -0.6620104416943271 -0.5148311346405919
vn 0.08923705644218599 -0.6871603232174247 -0.7210044645862177
vn -0.15491925451348604 -0.5894375253634212 -0.7928199217189437
vn 0.08923705644218599 -0.6871603232174247 -0.7210044645862177
vn 0.5446935632925752 -0.6620104416943271 -0.5148311346405919
vn -0.15491925451348604 -0.5894375253634212 -0.7928199217189437
vn 0.5446935632925752 -0.6620104416943271 -0.5148311346405919
vn 0.25317132453678315 -0.5782788843761272 -0.7755629002969344
vn 0.25317132453678315 -0.5782788843761272 -0.7755629002969344
vn 0.04445882297670381 -0.7194982773845746 -0.6930697236931908
vn 0.3706821368513617 -0.28448016642212204 -0.8841186505960329
vn 0.25317132453678315 -0.5782788843761272 -0.7755629002969344
vn 0.3706821368513617 -0.28448016642212204 -0.8841186505960329
vn 0.04011013254730092 -0.2824786466287431 -0.958434656857645
vn 0.8611294794817594 -0.3097446588392516 -0.40313058168294524
vn 0.9996545643198718 -0.0013691177574389484 0.02624647692574121
vn 0.9510991944041683 -0.30374065732258415 -0.05614210089573013
vn 0.8611294794817594 -0.3097446588392516 -0.40313058168294524
vn 0.9510991944041683 -0.30374065732258415 -0.05614210089573013
vn 0.49900729998180177 -0.5155693587961553 -0.6965485990477572
vn 0.04445882297670381 -0.7194982773845746 -0.6930697236931908
vn 0.49900729998180177 -0.5155693587961553 -0.6965485990477572
vn 0.9510991944041683 -0.30374065732258415 -0.05614210089573013
vn 0.04445882297670381 -0.7194982773845746 -0.6930697236931908
vn 0.9510991944041683 -0.30374065732258415 -0.05614210089573013
vn 0.8826498540658103 -0.1797807209232699 -0.434290372333895
vn 0.9996545643198718 -0.0013691177574389484 0.02624647692574121
vn 0.9875933083207472 -0.15265534123035984 -0.03682124595833244
vn 0.9792055213252358 -0.1996180707258384 0.03618249363805034
vn 0.9996545643198718 -0.0013691177574389484 0.02624647692574121
vn 0.9792055213252358 -0.1996180707258384 0.03618249363805034
vn 0.9510991944041683 -0.30374065732258415 -0.05614210089573013
vn 0.8826498540658103 -0.1797807209232699 -0.434290372333895
vn 0.9510991944041683 -0.30374065732258415 -0.05614210089573013
vn 0.9792055213252358 -0.1996180707258384 0.03618249363805034
vn 0.8826498540658103 -0.1797807209232699 -0.434290372333895
vn 0.9792055213252358 -0.1996180707258384 0.03618249363805034
vn 0.9917879336699217 -0.070915271065883 -0.10643175727384806
vn 0.972465484131987 0.053303763799118095 0.2268691052937531
vn -0.7851224487633146 0.44887828453178474 0.42672125108049
vn 0.038709815871555565 0.29550324191430194 0.9545571665297622
vn 0.972465484131987 0.053303763799118095 0.2268691052937531
vn 0.038709815871555565 0.29550324191430194 0.9545571665297622
vn 0.8586165088515657 0.4288964340080685 0.28075886383640963
vn 0.9917879336699217 -0.070915271065883 -0.10643175727384806
vn 0.9792055213252358 -0.1996180707258384 0.03618249363805034
vn 0.8586165088515657 0.4288964340080685 0.28075886383640963
vn 0.9917879336699217 -0.070915271065883 -0.10643175727384806
vn 0.8586165088515657 0.4288964340080685 0.28075886383640963
vn 0.9114985391476572 0.2278510144932706 0.34242419354665105
vn 0.9792055213252358 -0.1996180707258384 0.03618249363805034
vn 0.9875933083207472 -0.15265534123035984 -0.03682124595833244
vn 0.9893440926103665 -0.09783323861961044 0.10782821448104002
vn 0.9893440926103665 -0.09783323861961044 0.10782821448104002
vn 0.972465484131987 0.053303763799118095 0.2268691052937531
vn 0.8586165088515657 0.4288964340080685 0.28075886383640963
vn 0.9114985391476572 0.2278510144932706 0.34242419354665105
vn 0.8586165088515657 0.4288964340080685 0.28075886383640963
vn 0.038709815871555565 0.29550324191430194 0.9545571665297622
vn 0.9114985391476572 0.2278510144932706 0.34242419354665105
vn 0.038709815871555565 0.29550324191430194 0.9545571665297622
vn 0.21757036270659716 0.5910179937550901 0.7767630709099321
vn -0.7851224487633146 0.44887828453178474 0.42672125108049
vn -0.2123396943044844 0.6443187031672141 0.7346871871562738
vn -0.1604684809878699 0.5530506418739817 0.8175480745082959
vn -0.7851224487633146 0.44887828453178474 0.42672125108049
vn -0.1604684809878699 0.5530506418739817 0.8175480745082959
vn 0.038709815871555565 0.29550324191430194 0.9545571665297622
vn 0.21757036270659716 0.5910179937550901 0.7767630709099321
vn 0.038709815871555565 0.29550324191430194 0.9545571665297622
vn -0.1604684809878699 0.5530506418739817 0.8175480745082959
vn 0.21757036270659716 0.5910179937550901 0.7767630709099321
vn -0.1604684809878699 0.5530506418739817 0.8175480745082959
vn 0.007349104666470654 0.6914275334061674 0.7224084417477862
vn 0.09406195931544965 0.7526847626348863 0.6516271908898551
vn 0.007349104666470654 0.6914275334061674 0.7224084417477862
vn 0.15797705166101494 0.6675953425740372 0.7275711028634569
vn 0.09406195931544965 0.7526847626348863 0.6516271908898551
vn 0.15797705166101494 0.6675953425740372 0.7275711028634569
vn -0.005934064573495649 0.7551788475996657 0.6554919488564894
vn -0.1604684809878699 0.5530506418739817 0.8175480745082959
vn -0.2123396943044844 0.6443187031672141 0.7346871871562738
vn 0.14502714002672068 0.6364085232371709 0.7575957498605393
vn -0.1604684809878699 0.5530506418739817 0.8175480745082959
vn 0.14502714002672068 0.6364085232371709 0.7575957498605393
vn 0.09440177638878115 0.614525583368679 0.7832283268626251
vn 0.09440177638878115 0.614525583368679 0.7832283268626251
vn 0.14502714002672068 0.6364085232371709 0.7575957498605393
vn -0.037206391559749454 0.6354518644578708 0.7712435493306368
vn 0.09440177638878115 0.614525583368679 0.7832283268626251
vn -0.037206391559749454 0.6354518644578708 0.7712435493306368
vn -0.07499346450652525 0.6331562324231987 0.7703824800869818
vn -0.005934064573495649 0.7551788475996657 0.6554919488564894
vn 0.15797705166101494 0.6675953425740372 0.7275711028634569
vn 0.08787001114157263 0.6589751284537676 0.7470144852821263
vn -0.005934064573495649 0.7551788475996657 0.6554919488564894
vn 0.08787001114157263 0.6589751284537676 0.7470144852821263
vn -0.11281795639272453 0.7356746717217914 0.6678734057457327
vn 0.08030447398952453 0.7135057519513737 0.6960321353138595
vn -0.20155238915762583 0.8190600224572405 0.5371380772549995
vn -0.4091304580997247 0.5941198981384844 0.6925560012670643
vn 0.08030447398952453 0.7135057519513737 0.6960321353138595
vn -0.4091304580997247 0.5941198981384844 0.6925560012670643
vn -0.19458638649463694 0.6359715941900372 0.7467772556621836
vn 0.1927425362755261 0.729125006250804 0.6566787951273001
vn -0.12259563862424769 0.9511743073913508 0.2832626808262907
vn 0.08030447398952453 0.7135057519513737 0.6960321353138595
vn -0.20155238915762583 0.8190600224572405 0.5371380772549995
vn -0.7824367872983895 0.5723750026690233 -0.24531516504653847
vn -0.9943208553751302 0.06324809948734078 -0.08559038776234876
vn -0.20155238915762583 0.8190600224572405 0.5371380772549995
vn -0.9943208553751302 0.06324809948734078 -0.08559038776234876
vn -0.4091304580997247 0.5941198981384844 0.6925560012670643
vn 0.08030447398952453 0.7135057519513737 0.6960321353138595
vn -0.12259563862424769 0.9511743073913508 0.2832626808262907
vn -0.20155238915762583 0.8190600224572405 0.5371380772549995
vn -0.7824367872983895 0.5723750026690233 -0.24531516504653847
vn -0.7223794217140513 0.5606510427398019 -0.40476953857577486
vn -0.9829739206393499 0.07509356301800212 -0.1676998155519751
vn -0.7824367872983895 0.5723750026690233 -0.24531516504653847
vn -0.9829739206393499 0.07509356301800212 -0.1676998155519751
vn -0.9943208553751302 0.06324809948734078 -0.08559038776234876
vn -0.20155238915762583 0.8190600224572405 0.5371380772549995
vn -0.12259563862424769 0.9511743073913508 0.2832626808262907
vn -0.7824367872983895 0.5723750026690233 -0.24531516504653847
vn -0.7223794217140513 0.5606510427398019 -0.40476953857577486
vn -0.8070960157239222 0.4801502674062326 -0.34358658604825315
vn -0.7641729945288448 -0.16139744780712373 -0.6244921923244235
vn -0.7223794217140513 0.5606510427398019 -0.40476953857577486
vn -0.7641729945288448 -0.16139744780712373 -0.6244921923244235
vn -0.9829739206393499 0.07509356301800212 -0.1676998155519751
vn -0.7824367872983895 0.5723750026690233 -0.24531516504653847
vn -0.12259563862424769 0.9511743073913508 0.2832626808262907
vn -0.7223794217140513 0.5606510427398019 -0.40476953857577486
vn -0.39424709687155846 0.46551620785728604 -0.7923786259298772
vn -0.24684594027457427 0.48860586512724175 -0.8368580467039921
vn -0.07965572933836051 -0.47115575471276666 -0.8784459115873993
vn -0.39424709687155846 0.46551620785728604 -0.7923786259298772
vn -0.07965572933836051 -0.47115575471276666 -0.8784459115873993
vn -0.6620116587269336 -0.24313654934785667 -0.7089606350713917
vn -0.7223794217140513 0.5606510427398019 -0.40476953857577486
vn -0.12259563862424769 0.9511743073913508 0.2832626808262907
vn -0.8070960157239222 0.4801502674062326 -0.34358658604825315
vn -0.7641729945288448 -0.16139744780712373 -0.6244921923244235
vn -0.6620116587269336 -0.24313654934785667 -0.7089606350713917
vn -0.3800349993150797 -0.4912726099238576 -0.7837248382144005
vn -0.7641729945288448 -0.16139744780712373 -0.6244921923244235
vn -0.3800349993150797 -0.4912726099238576 -0.7837248382144005
vn -0.7733037550155817 -0.20868853238413973 -0.598707273156219
vn -0.8070960157239222 0.4801502674062326 -0.34358658604825315
vn -0.12259563862424769 0.9511743073913508 0.2832626808262907
vn -0.39424709687155846 0.46551620785728604 -0.7923786259298772
vn -0.24684594027457427 0.48860586512724175 -0.8368580467039921
vn -0.15669120163901387 0.5232366374530845 -0.8376582170287064
vn 0.46969212380298914 -0.5012856403398063 -0.7267062787856919
vn -0.24684594027457427 0.48860586512724175 -0.8368580467039921
vn 0.46969212380298914 -0.5012856403398063 -0.7267062787856919
vn -0.07965572933836051 -0.47115575471276666 -0.8784459115873993
vn -0.39424709687155846 0.46551620785728604 -0.7923786259298772
vn -0.12259563862424769 0.9511743073913508 0.2832626808262907
vn -0.24684594027457427 0.48860586512724175 -0.8368580467039921
vn 0.46969212380298914 -0.5012856403398063 -0.7267062787856919
vn 0.8611294794817594 -0.3097446588392516 -0.40313058168294524
vn 0.49900729998180177 -0.5155693587961553 -0.6965485990477572
vn 0.46969212380298914 -0.5012856403398063 -0.7267062787856919
vn 0.49900729998180177 -0.5155693587961553 -0.6965485990477572
vn 0.5446935632925752 -0.6620104416943271 -0.5148311346405919
vn -0.24684594027457427 0.48860586512724175 -0.8368580467039921
vn -0.12259563862424769 0.9511743073913508 0.2832626808262907
vn -0.15669120163901387 0.5232366374530845 -0.8376582170287064
vn -0.15669120163901387 0.5232366374530845 -0.8376582170287064
vn 0.5726447064520879 0.7179551627548783 -0.39575045729097835
vn 0.8611294794817594 -0.3097446588392516 -0.40313058168294524
vn -0.15669120163901387 0.5232366374530845 -0.8376582170287064
vn 0.8611294794817594 -0.3097446588392516 -0.40313058168294524
vn 0.46969212380298914 -0.5012856403398063 -0.7267062787856919
vn 0.5726447064520879 0.7179551627548783 -0.39575045729097835
vn 0.6620768615737145 0.6181566363026908 -0.4237175974203141
vn 0.9996545643198718 -0.0013691177574389484 0.02624647692574121
vn 0.5726447064520879 0.7179551627548783 -0.39575045729097835
vn 0.9996545643198718 -0.0013691177574389484 0.02624647692574121
vn 0.8611294794817594 -0.3097446588392516 -0.40313058168294524
vn 0.6620768615737145 0.6181566363026908 -0.4237175974203141
vn 0.7273687427916333 0.6672775033334837 -0.16023559390706943
vn 0.9875933083207472 -0.15265534123035984 -0.03682124595833244
vn 0.6620768615737145 0.6181566363026908 -0.4237175974203141
vn 0.9875933083207472 -0.15265534123035984 -0.03682124595833244
vn 0.9996545643198718 -0.0013691177574389484 0.02624647692574121
vn 0.5726447064520879 0.7179551627548783 -0.39575045729097835
vn -0.12259563862424769 0.9511743073913508 0.2832626808262907
vn 0.6620768615737145 0.6181566363026908 -0.4237175974203141
vn -0.2698744392376612 0.8291384062303119 0.4895888993431288
vn -0.4684703619054487 0.7450070149209491 0.47486847414284566
vn -0.7851224487633146 0.44887828453178474 0.42672125108049
vn -0.2698744392376612 0.8291384062303119 0.4895888993431288
vn -0.7851224487633146 0.44887828453178474 0.42672125108049
vn 0.972465484131987 0.053303763799118095 0.2268691052937531
vn 0.6620768615737145 0.6181566363026908 -0.4237175974203141
vn -0.12259563862424769 0.9511743073913508 0.2832626808262907
vn 0.7273687427916333 0.6672775033334837 -0.16023559390706943
vn 0.9875933083207472 -0.15265534123035984 -0.03682124595833244
vn 0.7273687427916333 0.6672775033334837 -0.16023559390706943
vn 0.9564184707488522 0.21004867920850054 0.20283801708060406
vn 0.9875933083207472 -0.15265534123035984 -0.03682124595833244
vn 0.9564184707488522 0.21004867920850054 0.20283801708060406
vn 0.9893440926103665 -0.09783323861961044 0.10782821448104002
vn 0.7273687427916333 0.6672775033334837 -0.16023559390706943
vn -0.12259563862424769 0.9511743073913508 0.2832626808262907
vn -0.2698744392376612 0.8291384062303119 0.4895888993431288
vn 0.7273687427916333 0.6672775033334837 -0.16023559390706943
vn -0.2698744392376612 0.8291384062303119 0.4895888993431288
vn 0.9564184707488522 0.21004867920850054 0.20283801708060406
vn 0.9893440926103665 -0.09783323861961044 0.10782821448104002
vn 0.9564184707488522 0.21004867920850054 0.20283801708060406
vn -0.2698744392376612 0.8291384062303119 0.4895888993431288
vn 0.9893440926103665 -0.09783323861961044 0.10782821448104002
vn -0.2698744392376612 0.8291384062303119 0.4895888993431288
vn 0.972465484131987 0.053303763799118095 0.2268691052937531
vn -0.4684703619054487 0.7450070149209491 0.47486847414284566
vn 0.41921455393415236 0.6848279732954811 0.5960451365138326
vn -0.2123396943044844 0.6443187031672141 0.7346871871562738
vn -0.4684703619054487 0.7450070149209491 0.47486847414284566
vn -0.2123396943044844 0.6443187031672141 0.7346871871562738
vn -0.7851224487633146 0.44887828453178474 0.42672125108049
vn -0.2698744392376612 0.8291384062303119 0.4895888993431288
vn -0.12259563862424769 0.9511743073913508 0.2832626808262907
vn -0.4684703619054487 0.7450070149209491 0.47486847414284566
vn -0.037206391559749454 0.6354518644578708 0.7712435493306368
vn -0.19458638649463694 0.6359715941900372 0.7467772556621836
vn -0.15118835584263907 0.6978168493628963 0.7001383618991609
vn -0.037206391559749454 0.6354518644578708 0.7712435493306368
vn -0.15118835584263907 0.6978168493628963 0.7001383618991609
vn -0.07499346450652525 0.6331562324231987 0.7703824800869818
vn -0.4684703619054487 0.7450070149209491 0.47486847414284566
vn -0.12259563862424769 0.9511743073913508 0.2832626808262907
vn 0.41921455393415236 0.6848279732954811 0.5960451365138326
vn -0.2123396943044844 0.6443187031672141 0.7346871871562738
vn 0.41921455393415236 0.6848279732954811 0.5960451365138326
vn 0.45839761857591804 0.5646848093333735 0.6862963568255763
vn -0.2123396943044844 0.6443187031672141 0.7346871871562738
vn 0.45839761857591804 0.5646848093333735 0.6862963568255763
vn 0.14502714002672068 0.6364085232371709 0.7575957498605393
vn 0.41921455393415236 0.6848279732954811 0.5960451365138326
vn -0.12259563862424769 0.9511743073913508 0.2832626808262907
vn 0.1927425362755261 0.729125006250804 0.6566787951273001
vn 0.41921455393415236 0.6848279732954811 0.5960451365138326
vn 0.1927425362755261 0.729125006250804 0.6566787951273001
vn 0.45839761857591804 0.5646848093333735 0.6862963568255763
vn 0.14502714002672068 0.6364085232371709 0.7575957498605393
vn 0.45839761857591804 0.5646848093333735 0.6862963568255763
vn 0.1927425362755261 0.729125006250804 0.6566787951273001
vn 0.14502714002672068 0.6364085232371709 0.7575957498605393
vn 0.1927425362755261 0.729125006250804 0.6566787951273001
vn -0.037206391559749454 0.6354518644578708 0.7712435493306368
vn 0.15797705166101494 0.6675953425740372 0.7275711028634569
vn 0.09440177638878115 0.614525583368679 0.7832283268626251
vn -0.07499346450652525 0.6331562324231987 0.7703824800869818
vn 0.15797705166101494 0.6675953425740372 0.7275711028634569
vn -0.07499346450652525 0.6331562324231987 0.7703824800869818
vn 0.08787001114157263 0.6589751284537676 0.7470144852821263
vn 0.007349104666470654 0.6914275334061674 0.7224084417477862
vn -0.1604684809878699 0.5530506418739817 0.8175480745082959
vn 0.09440177638878115 0.614525583368679 0.7832283268626251
vn 0.007349104666470654 0.6914275334061674 0.7224084417477862
vn 0.09440177638878115 0.614525583368679 0.7832283268626251
vn 0.15797705166101494 0.6675953425740372 0.7275711028634569
vn 0.1927425362755261 0.729125006250804 0.6566787951273001
vn 0.08030447398952453 0.7135057519513737 0.6960321353138595
vn -0.19458638649463694 0.6359715941900372 0.7467772556621836
vn 0.1927425362755261 0.729125006250804 0.6566787951273001
vn -0.19458638649463694 0.6359715941900372 0.7467772556621836
vn -0.037206391559749454 0.6354518644578708 0.7712435493306368
vn 0.21757036270659716 0.5910179937550901 0.7767630709099321
vn 0.007349104666470654 0.6914275334061674 0.7224084417477862
vn 0.09406195931544965 0.7526847626348863 0.6516271908898551
vn 0.21757036270659716 0.5910179937550901 0.7767630709099321
vn 0.09406195931544965 0.7526847626348863 0.6516271908898551
vn 0.5953274224265453 0.5789783034120637 0.5571080544069111
vn 0.9893440926103665 -0.09783323861961044 0.10782821448104002
vn 0.8586165088515657 0.4288964340080685 0.28075886383640963
vn 0.9792055213252358 -0.1996180707258384 0.03618249363805034
vn 0.9114985391476572 0.2278510144932706 0.34242419354665105
vn 0.21757036270659716 0.5910179937550901 0.7767630709099321
vn 0.5953274224265453 0.5789783034120637 0.5571080544069111
vn 0.8826498540658103 -0.1797807209232699 -0.434290372333895
vn 0.9917879336699217 -0.070915271065883 -0.10643175727384806
vn 0.9801107182820086 0.0075583308176958505 -0.19830746719167122
vn 0.8826498540658103 -0.1797807209232699 -0.434290372333895
vn 0.9801107182820086 0.0075583308176958505 -0.19830746719167122
vn 0.8364941433525291 -0.19716655887409584 -0.511275753579872
vn 0.04445882297670381 -0.7194982773845746 -0.6930697236931908
vn 0.8826498540658103 -0.1797807209232699 -0.434290372333895
vn 0.8364941433525291 -0.19716655887409584 -0.511275753579872
vn 0.04445882297670381 -0.7194982773845746 -0.6930697236931908
vn 0.8364941433525291 -0.19716655887409584 -0.511275753579872
vn 0.3706821368513617 -0.28448016642212204 -0.8841186505960329
vn -0.12259563862424769 0.9511743073913508 0.2832626808262907
vn 0.5726447064520879 0.7179551627548783 -0.39575045729097835
vn -0.15669120163901387 0.5232366374530845 -0.8376582170287064
vn -0.15491925451348604 -0.5894375253634212 -0.7928199217189437
vn 0.25317132453678315 -0.5782788843761272 -0.7755629002969344
vn 0.04011013254730092 -0.2824786466287431 -0.958434656857645
vn -0.15491925451348604 -0.5894375253634212 -0.7928199217189437
vn 0.04011013254730092 -0.2824786466287431 -0.958434656857645
vn -0.05454417521742873 -0.28103758811366186 -0.9581455040948145
vn -0.8070960157239222 0.4801502674062326 -0.34358658604825315
vn -0.39424709687155846 0.46551620785728604 -0.7923786259298772
vn -0.6620116587269336 -0.24313654934785667 -0.7089606350713917
vn -0.8070960157239222 0.4801502674062326 -0.34358658604825315
vn -0.6620116587269336 -0.24313654934785667 -0.7089606350713917
vn -0.7641729945288448 -0.16139744780712373 -0.6244921923244235
vn -0.29018330448818874 -0.4225764711592708 -0.8586167805365168
vn -0.15491925451348604 -0.5894375253634212 -0.7928199217189437
vn -0.05454417521742873 -0.28103758811366186 -0.9581455040948145
vn -0.29018330448818874 -0.4225764711592708 -0.8586167805365168
vn -0.05454417521742873 -0.28103758811366186 -0.9581455040948145
vn -0.19079487389943792 -0.27008506005387506 -0.9437432788790563
vn -0.9947880131406506 0.07579061070441498 0.0682099130678864
vn -0.9222992371850476 -0.051734455716968726 -0.38299825479961197
vn -0.9633155904255919 0.18291576867660325 -0.1963794663717181
vn -0.9947880131406506 0.07579061070441498 0.0682099130678864
vn -0.9633155904255919 0.18291576867660325 -0.1963794663717181
vn -0.9668007341833693 0.22577368349310575 -0.11967699956321229
vn -0.9684399319479198 0.17651551056402912 0.17597264770136437
vn -0.9947880131406506 0.07579061070441498 0.0682099130678864
vn -0.9668007341833693 0.22577368349310575 -0.11967699956321229
vn -0.9684399319479198 0.17651551056402912 0.17597264770136437
vn -0.9668007341833693 0.22577368349310575 -0.11967699956321229
vn -0.9630804013850774 0.25817375775881735 -0.07630498851745818
vn -0.31525010088483263 0.6894061397270437 0.6521783102792967
vn -0.9684399319479198 0.17651551056402912 0.17597264770136437
vn -0.9630804013850774 0.25817375775881735 -0.07630498851745818
vn -0.31525010088483263 0.6894061397270437 0.6521783102792967
vn -0.9630804013850774 0.25817375775881735 -0.07630498851745818
vn -0.24459764925732816 0.7330713100182018 0.6346482840172079
vn -0.12653600818496158 0.6330807283302293 0.7636736410597668
vn -0.31525010088483263 0.6894061397270437 0.6521783102792967
vn -0.24459764925732816 0.7330713100182018 0.6346482840172079
vn -0.12653600818496158 0.6330807283302293 0.7636736410597668
vn -0.24459764925732816 0.7330713100182018 0.6346482840172079
vn -0.12637739355976818 0.7351704566635496 0.6659978633945813
vn 0.26253241587702164 0.9643765905540587 0.03247340766078902
vn 0.2543662271198369 0.9670982130456685 0.004343826043278275
vn 0.1272947130831394 0.853584197965182 -0.5051634121798788
vn 0.26253241587702164 0.9643765905540587 0.03247340766078902
vn 0.1272947130831394 0.853584197965182 -0.5051634121798788
vn 0.07443283500401926 0.9097211275705526 -0.40849384710791775
vn 0.3240487783907586 0.8460466433033297 -0.423317217437025
vn -0.013090419550599386 0.8853504634078021 -0.4647399249683411
vn -0.03469600350981471 0.8636510445623439 -0.5028946813864897
vn 0.3240487783907586 0.8460466433033297 -0.423317217437025
vn -0.03469600350981471 0.8636510445623439 -0.5028946813864897
vn 0.30344429314025584 0.8164524595987462 -0.49125038643828883
vn 0.6229114988513036 -0.08692884821366989 -0.7774475158794112
vn 0.9132774671278332 0.06451061958249932 -0.4021972749754176
vn 0.34973982652075325 -0.1979541856575133 -0.9156943781229109
vn 0.33469215097842114 0.8817716053526804 0.33235523174337833
vn 0.3782019536264691 0.8248953471581884 0.4201320607974283
vn 0.24256869785455812 0.8961184188094808 0.3716614135090432
vn 0.9917879336699217 -0.070915271065883 -0.10643175727384806
vn 0.9114985391476572 0.2278510144932706 0.34242419354665105
vn 0.9801107182820086 0.0075583308176958505 -0.19830746719167122
vn 0.3782019536264691 0.8248953471581884 0.4201320607974283
vn 0.2014381101436097 0.9793852371733668 -0.01507464721441754
vn 0.24256869785455812 0.8961184188094808 0.3716614135090432
vn 0.1703851493425974 0.8799620890983291 0.44343615395365027
vn 0.1385182634884089 0.8880428445671379 0.43839776104955436
vn -0.3261547996294314 0.6601235111188694 0.6766535278462541
vn 0.1703851493425974 0.8799620890983291 0.44343615395365027
vn -0.3261547996294314 0.6601235111188694 0.6766535278462541
vn -0.05407471970711644 0.4813954516699138 0.8748338949767074
vn 0.27609092143930586 0.8845746306866812 0.37590095217266567
vn 0.33469215097842114 0.8817716053526804 0.33235523174337833
vn 0.24256869785455812 0.8961184188094808 0.3716614135090432
f 1/1/1 2/2/2 3/3/3
f 4/4/4 5/5/5 6/6/6
f 7/7/7 8/8/8 9/9/9
f 10/10/10 11/11/11 12/12/12
f 13/13/13 14/14/14 15/15/15
f 16/16/16 17/17/17 18/18/18
f 19/19/19 20/20/20 21/21/21
f 22/22/22 23/23/23 24/24/24
f 25/25/25 26/26/26 27/27/27
f 28/28/28 29/29/29 30/30/30
f 31/31/31 32/32/32 33/33/33
f 34/34/34 35/35/35 36/36/36
f 37/37/37 38/38/38 39/39/39
f 40/40/40 41/41/41 42/42/42
f 43/43/43 44/44/44 45/45/45
f 46/46/46 47/47/47 48/48/48
f 49/49/49 50/50/50 51/51/51
f 52/52/52 53/53/53 54/54/54
f 55/55/55 56/56/56 57/57/57
f 58/58/58 59/59/59 60/60/60
f 61/61/61 62/62/62 63/63/63
f 64/64/64 65/65/65 66/66/66
f 67/67/67 68/68/68 69/69/69
f 70/70/70 71/71/71 72/72/72
f 73/73/73 74/74/74 75/75/75
f 76/76/76 77/77/77 78/78/78
f 79/79/79 80/80/80 81/81/81
f 82/82/82 83/83/83 84/84/84
f 85/85/85 86/86/86 87/87/87
f 88/88/88 89/89/89 90/90/90
f 91/91/91 92/92/92 93/93/93
f 94/94/94 95/95/95 96/96/96
f 97/97/97 98/98/98 99/99/99
f 100/100/100 101/101/101 102/102/102
f 103/103/103 104/104/104 105/105/105
f 106/106/106 107/107/107 108/108/108
f 109/109/109 110/110/110 111/111/111
f 112/112/112 113/113/113 114/114/114
f 115/115/115 116/116/116 117/117/117
f 118/118/118 119/119/119 120/120/120
f 121/121/121 122/122/122 123/123/123
f 124/124/124 125/125/125 126/126/126
f 127/127/127 128/128/128 129/129/129
f 130/130/130 131/131/131 132/132/132
f 133/133/133 134/134/134 135/135/135
f 136/136/136 137/137/137 138/138/138
f 139/139/139 140/140/140 141/141/141
f 142/142/142 143/143/143 144/144/144
f 145/145/145 146/146/146 147/147/147
f 148/148/148 149/149/149 150/150/150
f 151/151/151 152/152/152 153/153/153
f 154/154/154 155/155/155 156/156/156
f 157/157/157 158/158/158 159/159/159
f 160/160/160 161/161/161 162/162/162
f 163/163/163 164/164/164 165/165/165
f 166/166/166 167/167/167 168/168/168
f 169/169/169 170/170/170 171/171/171
f 172/172/172 173/173/173 174/174/174
f 175/175/175 176/176/176 177/177/177
f 178/178/178 179/179/179 180/180/180
f 181/181/181 182/182/182 183/183/183
f 184/184/184 185/185/185 186/186/186
f 187/187/187 188/188/188 189/189/189
f 190/190/190 191/191/191 192/192/192
f 193/193/193 194/194/194 195/195/195
f 196/196/196 197/197/197 198/198/198
f 199/199/199 200/200/200 201/201/201
f 202/202/202 203/203/203 204/204/204
f 205/205/205 206/206/206 207/207/207
f 208/208/208 209/209/209 210/210/210
f 211/211/211 212/212/212 213/213/213
f 214/214/214 215/215/215 216/216/216
f 217/217/217 218/218/218 219/219/219
f 220/220/220 221/221/221 222/222/222
f 223/223/223 224/224/224 225/225/225
f 226/226/226 227/227/227 228/228/228
f 229/229/229 230/230/230 231/231/231
f 232/232/232 233/233/233 234/234/234
f 235/235/235 236/236/236 237/237/237
f 238/238/238 239/239/239 240/240/240
f 241/241/241 242/242/242 243/243/243
f 244/244/244 245/245/245 246/246/246
f 247/247/247 248/248/248 249/249/249
f 250/250/250 251/251/251 252/252/252
f 253/253/253 254/254/254 255/255/255
f 256/256/256 257/257/257 258/258/258
f 259/259/259 260/260/260 261/261/261
f 262/262/262 263/263/263 264/264/264
f 265/265/265 266/266/266 267/267/267
f 268/268/268 269/269/269 270/270/270
f 271/271/271 272/272/272 273/273/273
f 274/274/274 275/275/275 276/276/276
f 277/277/277 278/278/278 279/279/279
f 280/280/280 281/281/281 282/282/282
f 283/283/283 284/284/284 285/285/285
f 286/286/286 287/287/287 288/288/288
f 289/289/289 290/290/290 291/291/291
f 292/292/292 293/293/293 294/294/294
f 295/295/295 296/296/296 297/297/297
f 298/298/298 299/299/299 300/300/300
f 301/301/301 302/302/302 303/303/303
f 304/304/304 305/305/305 306/306/306
f 307/307/307 308/308/308 309/309/309
f 310/310/310 311/311/311 312/312/312
f 313/313/313 314/314/314 315/315/315
f 316/316/316 317/317/317 318/318/318
f 319/319/319 320/320/320 321/321/321
f 322/322/322 323/323/323 324/324/324
f 325/325/325 326/326/326 327/327/327
f 328/328/328 329/329/329 330/330/330
f 331/331/331 332/332/332 333/333/333
f 334/334/334 335/335/335 336/336/336
f 337/337/337 338/338/338 339/339/339
f 340/340/340 341/341/341 342/342/342
f 343/343/343 344/344/344 345/345/345
f 346/346/346 347/347/347 348/348/348
f 349/349/349 350/350/350 351/351/351
f 352/352/352 353/353/353 354/354/354
f 355/355/355 356/356/356 357/357/357
f 358/358/358 359/359/359 360/360/360
f 361/361/361 362/362/362 363/363/363
f 364/364/364 365/365/365 366/366/366
f 367/367/367 368/368/368 369/369/369
f 370/370/370 371/371/371 372/372/372
f 373/373/373 374/374/374 375/375/375
f 376/376/376 377/377/377 378/378/378
f 379/379/379 380/380/380 381/381/381
f 382/382/382 383/383/383 384/384/384
f 385/385/385 386/386/386 387/387/387
f 388/388/388 389/389/389 390/390/390
f 391/391/391 392/392/392 393/393/393
f 394/394/394 395/395/395 396/396/396
f 397/397/397 398/398/398 399/399/399
f 400/400/400 401/401/401 402/402/402
f 403/403/403 404/404/404 405/405/405
f 406/406/406 407/407/407 408/408/408
f 409/409/409 410/410/410 411/411/411
f 412/412/412 413/413/413 414/414/414
f 415/415/415 416/416/416 417/417/417
f 418/418/418 419/419/419 420/420/420
f 421/421/421 422/422/422 423/423/423
f 424/424/424 425/425/425 426/426/426
f 427/427/427 428/428/428 429/429/429
f 430/430/430 431/431/431 432/432/432
f 433/433/433 434/434/434 435/435/435
f 436/436/436 437/437/437 438/438/438
f 439/439/439 440/440/440 441/441/441
f 442/442/442 443/443/443 444/444/444
f 445/445/445 446/446/446 447/447/447
f 448/448/448 449/449/449 450/450/450
f 451/451/451 452/452/452 453/453/453
f 454/454/454 455/455/455 456/456/456
f 457/457/457 458/458/458 459/459/459
f 460/460/460 461/461/461 462/462/462
f 463/463/463 464/464/464 465/465/465
f 466/466/466 467/467/467 468/468/468
f 469/469/469 470/470/470 471/471/471
f 472/472/472 473/473/473 474/474/474
f 475/475/475 476/476/476 477/477/477
f 478/478/478 479/479/479 480/480/480
f 481/481/481 482/482/482 483/483/483
f 484/484/484 485/485/485 486/486/486
f 487/487/487 488/488/488 489/489/489
f 490/490/490 491/491/491 492/492/492
f 493/493/493 494/494/494 495/495/495
f 496/496/496 497/497/497 498/498/498
f 499/499/499 500/500/500 501/501/501
f 502/502/502 503/503/503 504/504/504
f 505/505/505 506/506/506 507/507/507
f 508/508/508 509/509/509 510/510/510
f 511/511/511 512/512/512 513/513/513
f 514/514/514 515/515/515 516/516/516
f 517/517/517 518/518/518 519/519/519
f 520/520/520 521/521/521 522/522/522
f 523/523/523 524/524/524 525/525/525
f 526/526/526 527/527/527 528/528/528
f 529/529/529 530/530/530 531/531/531
f 532/532/532 533/533/533 534/534/534
f 535/535/535 536/536/536 537/537/537
f 538/538/538 539/539/539 540/540/540
f 541/541/541 542/542/542 543/543/543
f 544/544/544 545/545/545 546/546/546
f 547/547/547 548/548/548 549/549/549
f 550/550/550 551/551/551 552/552/552
f 553/553/553 554/554/554 555/555/555
f 556/556/556 557/557/557 558/558/558
f 559/559/559 560/560/560 561/561/561
f 562/562/562 563/563/563 564/564/564
f 565/565/565 566/566/566 567/567/567
f 568/568/568 569/569/569 570/570/570
f 571/571/571 572/572/572 573/573/573
f 574/574/574 575/575/575 576/576/576
f 577/577/577 578/578/578 579/579/579
f 580/580/580 581/581/581 582/582/582
f 583/583/583 584/584/584 585/585/585
f 586/586/586 587/587/587 588/588/588
f 589/589/589 590/590/590 591/591/591
f 592/592/592 593/593/593 594/594/594
f 595/595/595 596/596/596 597/597/597
f 598/598/598 599/599/599 600/600/600
f 601/601/601 602/602/602 603/603/603
f 604/604/604 605/605/605 606/606/606
f 607/607/607 608/608/608 609/609/609
f 610/610/610 611/611/611 612/612/612
f 613/613/613 614/614/614 615/615/615
f 616/616/616 617/617/617 618/618/618
f 619/619/619 620/620/620 621/621/621
f 622/622/622 623/623/623 624/624/624
f 625/625/625 626/626/626 627/627/627
f 628/628/628 629/629/629 630/630/630
f 631/631/631 632/632/632 633/633/633
f 634/634/634 635/635/635 636/636/636
f 637/637/637 638/638/638 639/639/639
f 640/640/640 641/641/641 642/642/642
f 643/643/643 644/644/644 645/645/645
f 646/646/646 647/647/647 648/648/648
f 649/649/649 650/650/650 651/651/651
f 652/652/652 653/653/653 654/654/654
f 655/655/655 656/656/656 657/657/657
f 658/658/658 659/659/659 660/660/660
f 661/661/661 662/662/662 663/663/663
f 664/664/664 665/665/665 666/666/666
f 667/667/667 668/668/668 669/669/669
f 670/670/670 671/671/671 672/672/672
f 673/673/673 674/674/674 675/675/675
f 676/676/676 677/677/677 678/678/678
f 679/679/679 680/680/680 681/681/681
f 682/682/682 683/683/683 684/684/684
f 685/685/685 686/686/686 687/687/687
f 688/688/688 689/689/689 690/690/690
f 691/691/691 692/692/692 693/693/693
f 694/694/694 695/695/695 696/696/696
f 697/697/697 698/698/698 699/699/699
f 700/700/700 701/701/701 702/702/702
f 703/703/703 704/704/704 705/705/705
f 706/706/706 707/707/707 708/708/708
f 709/709/709 710/710/710 711/711/711
f 712/712/712 713/713/713 714/714/714
f 715/715/715 716/716/716 717/717/717
f 718/718/718 719/719/719 720/720/720
f 721/721/721 722/722/722 723/723/723
f 724/724/724 725/725/725 726/726/726
f 727/727/727 728/728/728 729/729/729
f 730/730/730 731/731/731 732/732/732
f 733/733/733 734/734/734 735/735/735
f 736/736/736 737/737/737 738/738/738
f 739/739/739 740/740/740 741/741/741
f 742/742/742 743/743/743 744/744/744
f 745/745/745 746/746/746 747/747/747
f 748/748/748 749/749/749 750/750/750
f 751/751/751 752/752/752 753/753/753
f 754/754/754 755/755/755 756/756/756
f 757/757/757 758/758/758 759/759/759
f 760/760/760 761/761/761 762/762/762
f 763/763/763 764/764/764 765/765/765
f 766/766/766 767/767/767 768/768/768
f 769/769/769 770/770/770 771/771/771
f 772/772/772 773/773/773 774/774/774
f 775/775/775 776/776/776 777/777/777
f 778/778/778 779/779/779 780/780/780
f 781/781/781 782/782/782 783/783/783
f 784/784/784 785/785/785 786/786/786
f 787/787/787 788/788/788 789/789/789
f 790/790/790 791/791/791 792/792/792
f 793/793/793 794/794/794 795/795/795
f 796/796/796 797/797/797 798/798/798
f 799/799/799 800/800/800 801/801/801
f 802/802/802 803/803/803 804/804/804
f 805/805/805 806/806/806 807/807/807
f 808/808/808 809/809/809 810/810/810
f 811/811/811 812/812/812 813/813/813
f 814/814/814 815/815/815 816/816/816
f 817/817/817 818/818/818 819/819/819
f 820/820/820 821/821/821 822/822/822
f 823/823/823 824/824/824 825/825/825
f 826/826/826 827/827/827 828/828/828
f 829/829/829 830/830/830 831/831/831
f 832/832/832 833/833/833 834/834/834
f 835/835/835 836/836/836 837/837/837
f 838/838/838 839/839/839 840/840/840
f 841/841/841 842/842/842 843/843/843
f 844/844/844 845/845/845 846/846/846
f 847/847/847 848/848/848 849/849/849
f 850/850/850 851/851/851 852/852/852
f 853/853/853 854/854/854 855/855/855
f 856/856/856 857/857/857 858/858/858
f 859/859/859 860/860/860 861/861/861
f 862/862/862 863/863/863 864/864/864
f 865/865/865 866/866/866 867/867/867
f 868/868/868 869/869/869 870/870/870
f 871/871/871 872/872/872 873/873/873
f 874/874/874 875/875/875 876/876/876
f 877/877/877 878/878/878 879/879/879
f 880/880/880 881/881/881 882/882/882
f 883/883/883 884/884/884 885/885/885
f 886/886/886 887/887/887 888/888/888
f 889/889/889 890/890/890 891/891/891
f 892/892/892 893/893/893 894/894/894
f 895/895/895 896/896/896 897/897/897
f 898/898/898 899/899/899 900/900/900
f 901/901/901 902/902/902 903/903/903
f 904/904/904 905/905/905 906/906/906
f 907/907/907 908/908/908 909/909/909
f 910/910/910 911/911/911 912/912/912
f 913/913/913 914/914/914 915/915/915
f 916/916/916 917/917/917 918/918/918
f 919/919/919 920/920/920 921/921/921
f 922/922/922 923/923/923 924/924/924
f 925/925/925 926/926/926 927/927/927
f 928/928/928 929/929/929 930/930/930
f 931/931/931 932/932/932 933/933/933
f 934/934/934 935/935/935 936/936/936
f 937/937/937 938/938/938 939/939/939
f 940/940/940 941/941/941 942/942/942
f 943/943/943 944/944/944 945/945/945
f 946/946/946 947/947/947 948/948/948
f 949/949/949 950/950/950 951/951/951
f 952/952/952 953/953/953 954/954/954
f 955/955/955 956/956/956 957/957/957
f 958/958/958 959/959/959 960/960/960
f 961/961/961 962/962/962 963/963/963
f 964/964/964 965/965/965 966/966/966
f 967/967/967 968/968/968 969/969/969
f 970/970/970 971/971/971 972/972/972
f 973/973/973 974/974/974 975/975/975
f 976/976/976 977/977/977 978/978/978
f 979/979/979 980/980/980 981/981/981
f 982/982/982 983/983/983 984/984/984
f 985/985/985 986/986/986 987/987/987
f 988/988/988 989/989/989 990/990/990
f 991/991/991 992/992/992 993/993/993
f 994/994/994 995/995/995 996/996/996
f 997/997/997 998/998/998 999/999/999
f 1000/1000/1000 1001/1001/1001 1002/1002/1002
f 1003/1003/1003 1004/1004/1004 1005/1005/1005
f 1006/1006/1006 1007/1007/1007 1008/1008/1008
f 1009/1009/1009 1010/1010/1010 1011/1011/1011
f 1012/1012/1012 1013/1013/1013 1014/1014/1014
f 1015/1015/1015 1016/1016/1016 1017/1017/1017
f 1018/1018/1018 1019/1019/1019 1020/1020/1020
f 1021/1021/1021 1022/1022/1022 1023/1023/1023
f 1024/1024/1024 1025/1025/1025 1026/1026/1026
f 1027/1027/1027 1028/1028/1028 1029/1029/1029
f 1030/1030/1030 1031/1031/1031 1032/1032/1032
f 1033/1033/1033 1034/1034/1034 1035/1035/1035
f 1036/1036/1036 1037/1037/1037 1038/1038/1038
f 1039/1039/1039 1040/1040/1040 1041/1041/1041
f 1042/1042/1042 1043/1043/1043 1044/1044/1044
f 1045/1045/1045 1046/1046/1046 1047/1047/1047
f 1048/1048/1048 1049/1049/1049 1050/1050/1050
f 1051/1051/1051 1052/1052/1052 1053/1053/1053
f 1054/1054/1054 1055/1055/1055 1056/1056/1056
f 1057/1057/1057 1058/1058/1058 1059/1059/1059
f 1060/1060/1060 1061/1061/1061 1062/1062/1062
f 1063/1063/1063 1064/1064/1064 1065/1065/1065
f 1066/1066/1066 1067/1067/1067 1068/1068/1068
f 1069/1069/1069 1070/1070/1070 1071/1071/1071
f 1072/1072/1072 1073/1073/1073 1074/1074/1074
f 1075/1075/1075 1076/1076/1076 1077/1077/1077
f 1078/1078/1078 1079/1079/1079 1080/1080/1080
f 1081/1081/1081 1082/1082/1082 1083/1083/1083
f 1084/1084/1084 1085/1085/1085 1086/1086/1086
f 1087/1087/1087 1088/1088/1088 1089/1089/1089
f 1090/1090/1090 1091/1091/1091 1092/1092/1092
f 1093/1093/1093 1094/1094/1094 1095/1095/1095
f 1096/1096/1096 1097/1097/1097 1098/1098/1098
f 1099/1099/1099 1100/1100/1100 1101/1101/1101
f 1102/1102/1102 1103/1103/1103 1104/1104/1104
f 1105/1105/1105 1106/1106/1106 1107/1107/1107
f 1108/1108/1108 1109/1109/1109 1110/1110/1110
f 1111/1111/1111 1112/1112/1112 1113/1113/1113
f 1114/1114/1114 1115/1115/1115 1116/1116/1116
f 1117/1117/1117 1118/1118/1118 1119/1119/1119
f 1120/1120/1120 1121/1121/1121 1122/1122/1122
f 1123/1123/1123 1124/1124/1124 1125/1125/1125
f 1126/1126/1126 1127/1127/1127 1128/1128/1128
f 1129/1129/1129 1130/1130/1130 1131/1131/1131
f 1132/1132/1132 1133/1133/1133 1134/1134/1134
f 1135/1135/1135 1136/1136/1136 1137/1137/1137
f 1138/1138/1138 1139/1139/1139 1140/1140/1140
f 1141/1141/1141 1142/1142/1142 1143/1143/1143
f 1144/1144/1144 1145/1145/1145 1146/1146/1146
f 1147/1147/1147 1148/1148/1148 1149/1149/1149
f 1150/1150/1150 1151/1151/1151 1152/1152/1152
f 1153/1153/1153 1154/1154/1154 1155/1155/1155
f 1156/1156/1156 1157/1157/1157 1158/1158/1158
f 1159/1159/1159 1160/1160/1160 1161/1161/1161
f 1162/1162/1162 1163/1163/1163 1164/1164/1164
f 1165/1165/1165 1166/1166/1166 1167/1167/1167
f 1168/1168/1168 1169/1169/1169 1170/1170/1170
f 1171/1171/1171 1172/1172/1172 1173/1173/1173
f 1174/1174/1174 1175/1175/1175 1176/1176/1176
f 1177/1177/1177 1178/1178/1178 1179/1179/1179
f 1180/1180/1180 1181/1181/1181 1182/1182/1182
f 1183/1183/1183 1184/1184/1184 1185/1185/1185
f 1186/1186/1186 1187/1187/1187 1188/1188/1188
f 1189/1189/1189 1190/1190/1190 1191/1191/1191
f 1192/1192/1192 1193/1193/1193 1194/1194/1194
f 1195/1195/1195 1196/1196/1196 1197/1197/1197
f 1198/1198/1198 1199/1199/1199 1200/1200/1200
f 1201/1201/1201 1202/1202/1202 1203/1203/1203
f 1204/1204/1204 1205/1205/1205 1206/1206/1206
f 1207/1207/1207 1208/1208/1208 1209/1209/1209
f 1210/1210/1210 1211/1211/1211 1212/1212/1212
f 1213/1213/1213 1214/1214/1214 1215/1215/1215
f 1216/1216/1216 1217/1217/1217 1218/1218/1218
f 1219/1219/1219 1220/1220/1220 1221/1221/1221
f 1222/1222/1222 1223/1223/1223 1224/1224/1224
f 1225/1225/1225 1226/1226/1226 1227/1227/1227
f 1228/1228/1228 1229/1229/1229 1230/1230/1230
f 1231/1231/1231 1232/1232/1232 1233/1233/1233
f 1234/1234/1234 1235/1235/1235 1236/1236/1236
f 1237/1237/1237 1238/1238/1238 1239/1239/1239
f 1240/1240/1240 1241/1241/1241 1242/1242/1242
f 1243/1243/1243 1244/1244/1244 1245/1245/1245
f 1246/1246/1246 1247/1247/1247 1248/1248/1248
f 1249/1249/1249 1250/1250/1250 1251/1251/1251
f 1252/1252/1252 1253/1253/1253 1254/1254/1254
f 1255/1255/1255 1256/1256/1256 1257/1257/1257
f 1258/1258/1258 1259/1259/1259 1260/1260/1260
f 1261/1261/1261 1262/1262/1262 1263/1263/1263
f 1264/1264/1264 1265/1265/1265 1266/1266/1266
f 1267/1267/1267 1268/1268/1268 1269/1269/1269
f 1270/1270/1270 1271/1271/1271 1272/1272/1272
f 1273/1273/1273 1274/1274/1274 1275/1275/1275
f 1276/1276/1276 1277/1277/1277 1278/1278/1278
f 1279/1279/1279 1280/1280/1280 1281/1281/1281
f 1282/1282/1282 1283/1283/1283 1284/1284/1284
f 1285/1285/1285 1286/1286/1286 1287/1287/1287
f 1288/1288/1288 1289/1289/1289 1290/1290/1290
f 1291/1291/1291 1292/1292/1292 1293/1293/1293
f 1294/1294/1294 1295/1295/1295 1296/1296/1296
f 1297/1297/1297 1298/1298/1298 1299/1299/1299
f 1300/1300/1300 1301/1301/1301 1302/1302/1302
f 1303/1303/1303 1304/1304/1304 1305/1305/1305
f 1306/1306/1306 1307/1307/1307 1308/1308/1308
f 1309/1309/1309 1310/1310/1310 1311/1311/1311
f 1312/1312/1312 1313/1313/1313 1314/1314/1314
f 1315/1315/1315 1316/1316/1316 1317/1317/1317
f 1318/1318/1318 1319/1319/1319 1320/1320/1320
f 1321/1321/1321 1322/1322/1322 1323/1323/1323
f 1324/1324/1324 1325/1325/1325 1326/1326/1326
f 1327/1327/1327 1328/1328/1328 1329/1329/1329
f 1330/1330/1330 1331/1331/1331 1332/1332/1332
f 1333/1333/1333 1334/1334/1334 1335/1335/1335
f 1336/1336/1336 1337/1337/1337 1338/1338/1338
f 1339/1339/1339 1340/1340/1340 1341/1341/1341
f 1342/1342/1342 1343/1343/1343 1344/1344/1344
f 1345/1345/1345 1346/1346/1346 1347/1347/1347
f 1348/1348/1348 1349/1349/1349 1350/1350/1350
f 1351/1351/1351 1352/1352/1352 1353/1353/1353
f 1354/1354/1354 1355/1355/1355 1356/1356/1356
f 1357/1357/1357 1358/1358/1358 1359/1359/1359
f 1360/1360/1360 1361/1361/1361 1362/1362/1362
f 1363/1363/1363 1364/1364/1364 1365/1365/1365
f 1366/1366/1366 1367/1367/1367 1368/1368/1368
f 1369/1369/1369 1370/1370/1370 1371/1371/1371
f 1372/1372/1372 1373/1373/1373 1374/1374/1374
f 1375/1375/1375 1376/1376/1376 1377/1377/1377
f 1378/1378/1378 1379/1379/1379 1380/1380/1380
f 1381/1381/1381 1382/1382/1382 1383/1383/1383
f 1384/1384/1384 1385/1385/1385 1386/1386/1386
f 1387/1387/1387 1388/1388/1388 1389/1389/1389
f 1390/1390/1390 1391/1391/1391 1392/1392/1392
f 1393/1393/1393 1394/1394/1394 1395/1395/1395
f 1396/1396/1396 1397/1397/1397 1398/1398/1398
f 1399/1399/1399 1400/1400/1400 1401/1401/1401
f 1402/1402/1402 1403/1403/1403 1404/1404/1404
f 1405/1405/1405 1406/1406/1406 1407/1407/1407
f 1408/1408/1408 1409/1409/1409 1410/1410/1410
f 1411/1411/1411 1412/1412/1412 1413/1413/1413
f 1414/1414/1414 1415/1415/1415 1416/1416/1416
f 1417/1417/1417 1418/1418/1418 1419/1419/1419
f 1420/1420/1420 1421/1421/1421 1422/1422/1422
f 1423/1423/1423 1424/1424/1424 1425/1425/1425
f 1426/1426/1426 1427/1427/1427 1428/1428/1428
f 1429/1429/1429 1430/1430/1430 1431/1431/1431
f 1432/1432/1432 1433/1433/1433 1434/1434/1434
f 1435/1435/1435 1436/1436/1436 1437/1437/1437
f 1438/1438/1438 1439/1439/1439 1440/1440/1440
f 1441/1441/1441 1442/1442/1442 1443/1443/1443
f 1444/1444/1444 1445/1445/1445 1446/1446/1446
f 1447/1447/1447 1448/1448/1448 1449/1449/1449
f 1450/1450/1450 1451/1451/1451 1452/1452/1452
f 1453/1453/1453 1454/1454/1454 1455/1455/1455
f 1456/1456/1456 1457/1457/1457 1458/1458/1458
f 1459/1459/1459 1460/1460/1460 1461/1461/1461
f 1462/1462/1462 1463/1463/1463 1464/1464/1464
f 1465/1465/1465 1466/1466/1466 1467/1467/1467
f 1468/1468/1468 1469/1469/1469 1470/1470/1470
f 1471/1471/1471 1472/1472/1472 1473/1473/1473
f 1474/1474/1474 1475/1475/1475 1476/1476/1476
f 1477/1477/1477 1478/1478/1478 1479/1479/1479
f 1480/1480/1480 1481/1481/1481 1482/1482/1482
f 1483/1483/1483 1484/1484/1484 1485/1485/1485
f 1486/1486/1486 1487/1487/1487 1488/1488/1488
f 1489/1489/1489 1490/1490/1490 1491/1491/1491
f 1492/1492/1492 1493/1493/1493 1494/1494/1494
f 1495/1495/1495 1496/1496/1496 1497/1497/1497
f 1498/1498/1498 1499/1499/1499 1500/1500/1500
f 1501/1501/1501 1502/1502/1502 1503/1503/1503
f 1504/1504/1504 1505/1505/1505 1506/1506/1506
f 1507/1507/1507 1508/1508/1508 1509/1509/1509
f 1510/1510/1510 1511/1511/1511 1512/1512/1512
f 1513/1513/1513 1514/1514/1514 1515/1515/1515
f 1516/1516/1516 1517/1517/1517 1518/1518/1518
f 1519/1519/1519 1520/1520/1520 1521/1521/1521
f 1522/1522/1522 1523/1523/1523 1524/1524/1524
f 1525/1525/1525 1526/1526/1526 1527/1527/1527
f 1528/1528/1528 1529/1529/1529 1530/1530/1530
f 1531/1531/1531 1532/1532/1532 1533/1533/1533
f 1534/1534/1534 1535/1535/1535 1536/1536/1536
f 1537/1537/1537 1538/1538/1538 1539/1539/1539
f 1540/1540/1540 1541/1541/1541 1542/1542/1542
f 1543/1543/1543 1544/1544/1544 1545/1545/1545
f 1546/1546/1546 1547/1547/1547 1548/1548/1548
f 1549/1549/1549 1550/1550/1550 1551/1551/1551
f 1552/1552/1552 1553/1553/1553 1554/1554/1554
f 1555/1555/1555 1556/1556/1556 1557/1557/1557
f 1558/1558/1558 1559/1559/1559 1560/1560/1560
f 1561/1561/1561 1562/1562/1562 1563/1563/1563
f 1564/1564/1564 1565/1565/1565 1566/1566/1566
f 1567/1567/1567 1568/1568/1568 1569/1569/1569
f 1570/1570/1570 1571/1571/1571 1572/1572/1572
f 1573/1573/1573 1574/1574/1574 1575/1575/1575
f 1576/1576/1576 1577/1577/1577 1578/1578/1578
f 1579/1579/1579 1580/1580/1580 1581/1581/1581
f 1582/1582/1582 1583/1583/1583 1584/1584/1584
f 1585/1585/1585 1586/1586/1586 1587/1587/1587
f 1588/1588/1588 1589/1589/1589 1590/1590/1590
f 1591/1591/1591 1592/1592/1592 1593/1593/1593
f 1594/1594/1594 1595/1595/1595 1596/1596/1596
f 1597/1597/1597 1598/1598/1598 1599/1599/1599
f 1600/1600/1600 1601/1601/1601 1602/1602/1602
f 1603/1603/1603 1604/1604/1604 1605/1605/1605
f 1606/1606/1606 1607/1607/1607 1608/1608/1608
f 1609/1609/1609 1610/1610/1610 1611/1611/1611
f 1612/1612/1612 1613/1613/1613 1614/1614/1614
f 1615/1615/1615 1616/1616/1616 1617/1617/1617
f 1618/1618/1618 1619/1619/1619 1620/1620/1620
f 1621/1621/1621 1622/1622/1622 1623/1623/1623
f 1624/1624/1624 1625/1625/1625 1626/1626/1626
f 1627/1627/1627 1628/1628/1628 1629/1629/1629
f 1630/1630/1630 1631/1631/1631 1632/1632/1632
f 1633/1633/1633 1634/1634/1634 1635/1635/1635
f 1636/1636/1636 1637/1637/1637 1638/1638/1638
f 1639/1639/1639 1640/1640/1640 1641/1641/1641
f 1642/1642/1642 1643/1643/1643 1644/1644/1644
f 1645/1645/1645 1646/1646/1646 1647/1647/1647
f 1648/1648/1648 1649/1649/1649 1650/1650/1650
f 1651/1651/1651 1652/1652/1652 1653/1653/1653
f 1654/1654/1654 1655/1655/1655 1656/1656/1656
f 1657/1657/1657 1658/1658/1658 1659/1659/1659
f 1660/1660/1660 1661/1661/1661 1662/1662/1662
f 1663/1663/1663 1664/1664/1664 1665/1665/1665
f 1666/1666/1666 1667/1667/1667 1668/1668/1668
f 1669/1669/1669 1670/1670/1670 1671/1671/1671
f 1672/1672/1672 1673/1673/1673 1674/1674/1674
f 1675/1675/1675 1676/1676/1676 1677/1677/1677
f 1678/1678/1678 1679/1679/1679 1680/1680/1680
f 1681/1681/1681 1682/1682/1682 1683/1683/1683
f 1684/1684/1684 1685/1685/1685 1686/1686/1686
f 1687/1687/1687 1688/1688/1688 1689/1689/1689
f 1690/1690/1690 1691/1691/1691 1692/1692/1692
f 1693/1693/1693 1694/1694/1694 1695/1695/1695
f 1696/1696/1696 1697/1697/1697 1698/1698/1698
f 1699/1699/1699 1700/1700/1700 1701/1701/1701
f 1702/1702/1702 1703/1703/1703 1704/1704/1704
f 1705/1705/1705 1706/1706/1706 1707/1707/1707
f 1708/1708/1708 1709/1709/1709 1710/1710/1710
f 1711/1711/1711 1712/1712/1712 1713/1713/1713
f 1714/1714/1714 1715/1715/1715 1716/1716/1716
f 1717/1717/1717 1718/1718/1718 1719/1719/1719
f 1720/1720/1720 1721/1721/1721 1722/1722/1722
f 1723/1723/1723 1724/1724/1724 1725/1725/1725
f 1726/1726/1726 1727/1727/1727 1728/1728/1728
f 1729/1729/1729 1730/1730/1730 1731/1731/1731
f 1732/1732/1732 1733/1733/1733 1734/1734/1734
f 1735/1735/1735 1736/1736/1736 1737/1737/1737
f 1738/1738/1738 1739/1739/1739 1740/1740/1740
f 1741/1741/1741 1742/1742/1742 1743/1743/1743
f 1744/1744/1744 1745/1745/1745 1746/1746/1746
f 1747/1747/1747 1748/1748/1748 1749/1749/1749
f 1750/1750/1750 1751/1751/1751 1752/1752/1752
f 1753/1753/1753 1754/1754/1754 1755/1755/1755
f 1756/1756/1756 1757/1757/1757 1758/1758/1758
f 1759/1759/1759 1760/1760/1760 1761/1761/1761
f 1762/1762/1762 1763/1763/1763 1764/1764/1764
f 1765/1765/1765 1766/1766/1766 1767/1767/1767
f 1768/1768/1768 1769/1769/1769 1770/1770/1770
f 1771/1771/1771 1772/1772/1772 1773/1773/1773
f 1774/1774/1774 1775/1775/1775 1776/1776/1776
f 1777/1777/1777 1778/1778/1778 1779/1779/1779
f 1780/1780/1780 1781/1781/1781 1782/1782/1782
f 1783/1783/1783 1784/1784/1784 1785/1785/1785
f 1786/1786/1786 1787/1787/1787 1788/1788/1788
f 1789/1789/1789 1790/1790/1790 1791/1791/1791
f 1792/1792/1792 1793/1793/1793 1794/1794/1794
f 1795/1795/1795 1796/1796/1796 1797/1797/1797
f 1798/1798/1798 1799/1799/1799 1800/1800/1800
f 1801/1801/1801 1802/1802/1802 1803/1803/1803
f 1804/1804/1804 1805/1805/1805 1806/1806/1806
f 1807/1807/1807 1808/1808/1808 1809/1809/1809
f 1810/1810/1810 1811/1811/1811 1812/1812/1812
f 1813/1813/1813 1814/1814/1814 1815/1815/1815
f 1816/1816/1816 1817/1817/1817 1818/1818/1818
f 1819/1819/1819 1820/1820/1820 1821/1821/1821
f 1822/1822/1822 1823/1823/1823 1824/1824/1824
f 1825/1825/1825 1826/1826/1826 1827/1827/1827
f 1828/1828/1828 1829/1829/1829 1830/1830/1830
f 1831/1831/1831 1832/1832/1832 1833/1833/1833
f 1834/1834/1834 1835/1835/1835 1836/1836/1836