# Blender v2.79 (sub 0) OBJ File: ''
# www.blender.org
mtllib imp_inf_bobafett.mtl
o imp_inf_bobafett_jetpack.001
v -0.227228 1.280511 0.166465
v -0.259009 1.280525 0.184814
v -0.246885 1.347974 0.191762
v -0.227228 1.347965 0.180413
v -0.195447 1.280525 0.184814
v -0.207571 1.347974 0.191762
v 0.258681 1.280553 0.221511
v 0.258681 1.280525 0.184814
v 0.246557 1.347974 0.191762
v 0.246557 1.347992 0.214459
v 0.226900 1.280567 0.239860
v 0.226900 1.348000 0.225808
v 0.195119 1.280553 0.221511
v 0.226900 1.280511 0.166465
v 0.226900 1.347965 0.180413
v 0.207243 1.347992 0.214459
v 0.195119 1.280525 0.184814
v 0.258681 1.280525 0.184814
v 0.258681 1.280553 0.221511
v 0.226900 1.341903 0.203115
v 0.226900 1.280511 0.166465
v 0.226900 1.280567 0.239860
v -0.195447 1.280525 0.184814
v -0.195447 1.280553 0.221511
v -0.227228 1.341903 0.203115
v 0.195119 1.280525 0.184814
v 0.207243 1.347974 0.191762
v 0.207243 1.347974 0.191762
v -0.227228 1.280567 0.239860
v -0.259009 1.280553 0.221511
v -0.259009 1.280525 0.184814
v -0.259009 1.280553 0.221511
v -0.246885 1.347992 0.214459
v 0.195119 1.280553 0.221511
v -0.227228 1.280511 0.166465
v 0.195119 1.280525 0.184814
v -0.195447 1.280525 0.184814
v -0.195447 1.280553 0.221511
v -0.195447 1.280525 0.184814
v -0.207571 1.347974 0.191762
v -0.207571 1.347992 0.214459
v -0.227228 1.280567 0.239860
v -0.227228 1.348000 0.225808
v 0.195119 1.280525 0.184814
v 0.145163 1.332756 0.203137
v 0.120578 1.343678 0.160186
v 0.169811 1.343686 0.160186
v 0.194295 1.343854 0.203071
v 0.096340 1.343837 0.203154
v 0.169701 1.344050 0.245566
v 0.120563 1.344042 0.245595
v -0.145210 1.332762 0.203125
v -0.169899 1.343637 0.160186
v -0.120949 1.343724 0.160186
v -0.194405 1.343757 0.203060
v -0.096257 1.343968 0.203150
v -0.120632 1.344088 0.245582
v -0.169788 1.344001 0.245555
v -0.169899 1.343637 0.160186
v -0.194405 1.343757 0.203060
v -0.169899 1.590496 0.159997
v -0.169899 1.343637 0.160186
v -0.169899 1.590496 0.159997
v -0.120949 1.343724 0.160186
v 0.120578 1.343678 0.160186
v 0.096340 1.343837 0.203154
v 0.056620 1.343857 0.208631
v -0.120949 1.343724 0.160186
v 0.120578 1.343678 0.160186
v -0.028310 1.650436 0.159951
v 0.169811 1.590541 0.159997
v 0.169811 1.343686 0.160186
v 0.028310 1.650436 0.159951
v 0.169811 1.343686 0.160186
v 0.169811 1.590541 0.159997
v 0.194295 1.343854 0.203071
v -0.194405 1.343757 0.203060
v -0.169788 1.344001 0.245555
v -0.194405 1.590615 0.202871
v -0.056620 1.343857 0.208631
v -0.120949 1.343724 0.160186
v -0.056620 1.343857 0.208631
v -0.096257 1.343968 0.203150
v -0.194405 1.590615 0.202871
v 0.096340 1.343837 0.203154
v 0.096339 1.590691 0.202965
v 0.056620 1.343857 0.208631
v 0.096340 1.343837 0.203154
v 0.120563 1.344042 0.245595
v 0.096339 1.590691 0.202965
v -0.028310 1.343895 0.257666
v -0.028310 1.360445 0.291065
v -0.028310 1.615704 0.257457
v -0.028310 1.343895 0.257666
v -0.028310 1.615704 0.257457
v -0.056620 1.343857 0.208631
v -0.056620 1.650473 0.208396
v 0.028310 1.343895 0.257666
v 0.028310 1.360445 0.291065
v -0.028310 1.343895 0.257666
v -0.028310 1.360445 0.291065
v 0.028310 1.343895 0.257666
v 0.028310 1.615704 0.257457
v 0.028310 1.360445 0.291065
v 0.056620 1.650473 0.208396
v -0.028310 1.343895 0.257666
v -0.056620 1.343857 0.208631
v 0.028310 1.343895 0.257666
v 0.056620 1.343857 0.208631
v 0.056620 1.343857 0.208631
v 0.056620 1.650473 0.208396
v 0.028310 1.343895 0.257666
v 0.028310 1.615704 0.257457
v -0.056620 1.343857 0.208631
v -0.056620 1.650473 0.208396
v -0.096257 1.343968 0.203150
v 0.194295 1.590709 0.202881
v 0.194295 1.343854 0.203071
v 0.194295 1.590709 0.202881
v 0.169701 1.344050 0.245566
v -0.096257 1.590789 0.202961
v -0.096257 1.343968 0.203150
v -0.096257 1.590789 0.202961
v -0.120632 1.344088 0.245582
v -0.169788 1.561184 0.245388
v -0.169788 1.344001 0.245555
v -0.120632 1.344088 0.245582
v -0.169788 1.561184 0.245388
v 0.120563 1.344042 0.245595
v 0.169701 1.344050 0.245566
v 0.120563 1.575480 0.245417
v 0.120563 1.575480 0.245417
v 0.169701 1.561230 0.245400
v 0.169701 1.561230 0.245400
v -0.120633 1.575530 0.245405
v -0.120633 1.575530 0.245405
v -0.246885 1.347992 0.214459
v -0.227228 1.348000 0.225808
v -0.227228 1.375986 0.238081
v -0.257532 1.375973 0.220585
v -0.246885 1.347974 0.191762
v -0.257532 1.375946 0.185593
v -0.227228 1.347965 0.180413
v 0.226900 1.348000 0.225808
v 0.246557 1.347992 0.214459
v 0.257204 1.375973 0.220585
v 0.226900 1.375986 0.238081
v 0.207243 1.347992 0.214459
v 0.226900 1.347965 0.180413
v 0.207243 1.347974 0.191762
v 0.196596 1.375946 0.185593
v 0.226900 1.375933 0.168097
v 0.246557 1.347974 0.191762
v 0.207243 1.347974 0.191762
v 0.196596 1.375973 0.220585
v 0.196596 1.375946 0.185593
v -0.207571 1.347992 0.214459
v -0.196924 1.375973 0.220585
v 0.257204 1.375946 0.185593
v -0.227228 1.375933 0.168097
v -0.207571 1.347974 0.191762
v -0.196924 1.375946 0.185593
v -0.207571 1.347974 0.191762
v -0.196924 1.375946 0.185593
v -0.028310 1.592941 0.290887
v -0.028310 1.360445 0.291065
v 0.028310 1.360445 0.291065
v -0.028310 1.592941 0.290887
v 0.028310 1.592941 0.290887
v 0.028310 1.592941 0.290887
v 0.266191 1.365493 0.203034
v 0.186983 1.365493 0.203034
v 0.266191 1.371032 0.193561
v 0.266191 1.387761 0.203061
v 0.186983 1.371086 0.212755
v 0.266191 1.371086 0.212755
v 0.266191 1.382219 0.212763
v 0.186983 1.371032 0.193561
v -0.202798 1.365493 0.203034
v -0.187124 1.365493 0.203034
v -0.202798 1.376652 0.212759
v -0.187124 1.376599 0.193565
v -0.202798 1.376599 0.193565
v -0.187124 1.376652 0.212759
v 0.266191 1.382166 0.193569
v 0.186983 1.382166 0.193569
v 0.186983 1.382219 0.212763
v 0.205472 1.400693 0.190698
v 0.226900 1.400684 0.178327
v -0.248656 1.400712 0.215442
v -0.248656 1.400693 0.190699
v -0.227228 1.400684 0.178327
v -0.227228 1.400722 0.227813
v -0.205800 1.400712 0.215442
v 0.248328 1.400693 0.190698
v 0.248328 1.400712 0.215442
v 0.226900 1.400722 0.227813
v 0.205472 1.400712 0.215442
v -0.205800 1.400693 0.190699
v 0.205472 1.400693 0.190698
v -0.205800 1.400693 0.190699
v -0.187124 1.387761 0.203061
v -0.202798 1.387761 0.203061
v 0.186983 1.387761 0.203061
v 0.226900 1.410951 0.203062
v -0.227228 1.410951 0.203062
v 0.096340 1.559692 0.202988
v 0.096339 1.584805 0.202969
v 0.081494 1.559731 0.245193
v 0.096340 1.559692 0.202988
v 0.081494 1.559731 0.245193
v -0.096257 1.559788 0.202984
v 0.081494 1.584843 0.245173
v -0.081494 1.559731 0.245193
v -0.081494 1.584843 0.245173
v -0.096257 1.559788 0.202984
v -0.081494 1.559731 0.245193
v 0.081494 1.559731 0.245193
v 0.081494 1.584843 0.245173
v -0.081494 1.559731 0.245193
v -0.081494 1.584843 0.245173
v -0.096257 1.584902 0.202965
v -0.169788 1.561184 0.245388
v -0.120633 1.575530 0.245405
v -0.194405 1.590615 0.202871
v 0.169701 1.561230 0.245400
v 0.194295 1.590709 0.202881
v 0.120563 1.575480 0.245417
v -0.165185 1.564687 0.168380
v -0.185365 1.564786 0.203331
v -0.185365 1.628540 0.203282
v -0.165185 1.628442 0.168331
v -0.124826 1.564759 0.168379
v 0.125010 1.564718 0.168285
v 0.104837 1.564848 0.203344
v 0.104837 1.628602 0.203295
v 0.125023 1.628471 0.168452
v 0.165369 1.564725 0.168285
v 0.165382 1.628478 0.168452
v 0.185549 1.564862 0.203235
v -0.165187 1.564955 0.238281
v -0.165187 1.628710 0.238233
v -0.124826 1.628513 0.168330
v -0.104648 1.564929 0.203329
v 0.125016 1.564986 0.238294
v 0.125016 1.628739 0.238246
v 0.185562 1.628616 0.203403
v 0.165376 1.564993 0.238294
v -0.124828 1.565027 0.238280
v -0.124828 1.628781 0.238232
v -0.104648 1.628683 0.203280
v 0.165376 1.628747 0.238245
v 0.096339 1.590691 0.202965
v -0.096257 1.590789 0.202961
v 0.073871 1.583061 0.225187
v 0.069750 1.583064 0.228756
v 0.073871 1.621543 0.225158
v 0.077992 1.583064 0.228756
v 0.073871 1.583067 0.232326
v 0.069750 1.621546 0.228727
v 0.077992 1.621546 0.228727
v 0.073871 1.621549 0.232296
v -0.081476 1.584059 0.218650
v -0.073113 1.584064 0.225893
v -0.081476 1.642322 0.218606
v -0.073113 1.584053 0.211407
v -0.073113 1.642317 0.211363
v -0.064749 1.584059 0.218650
v -0.073113 1.642328 0.225849
v -0.064749 1.642322 0.218606
v 0.096339 1.584805 0.202969
v -0.096257 1.584902 0.202965
v 0.081494 1.584843 0.245173
v -0.081494 1.584843 0.245173
v -0.169899 1.590496 0.159997
v -0.194405 1.590615 0.202871
v -0.028310 1.650436 0.159951
v 0.169811 1.590541 0.159997
v 0.028310 1.650436 0.159951
v 0.194295 1.590709 0.202881
v -0.194405 1.590615 0.202871
v -0.056620 1.650473 0.208396
v 0.194295 1.590709 0.202881
v 0.056620 1.650473 0.208396
v 0.028310 1.592941 0.290887
v 0.028310 1.615704 0.257457
v -0.028310 1.592941 0.290887
v -0.028310 1.615704 0.257457
v 0.028310 1.650511 0.257431
v -0.028310 1.615704 0.257457
v 0.028310 1.615704 0.257457
v -0.028310 1.650511 0.257431
v 0.028310 1.650511 0.257431
v -0.028310 1.650511 0.257431
v -0.165185 1.628442 0.168331
v -0.185365 1.628540 0.203282
v -0.145210 1.640951 0.202888
v -0.124826 1.628513 0.168330
v 0.125023 1.628471 0.168452
v 0.104837 1.628602 0.203295
v 0.145163 1.640948 0.202901
v 0.165382 1.628478 0.168452
v 0.185562 1.628616 0.203403
v -0.104648 1.628683 0.203280
v -0.165187 1.628710 0.238233
v 0.125016 1.628739 0.238246
v 0.165376 1.628747 0.238245
v -0.124828 1.628781 0.238232
v -0.073113 1.649407 0.218600
v -0.056620 1.650473 0.208396
v -0.028310 1.650511 0.257431
v -0.016229 1.667756 0.236493
v -0.032459 1.667734 0.208383
v -0.028310 1.650436 0.159951
v 0.028310 1.650511 0.257431
v 0.056620 1.650473 0.208396
v 0.032459 1.667734 0.208383
v 0.016229 1.667756 0.236493
v 0.028310 1.650436 0.159951
v 0.016229 1.667713 0.180273
v -0.028310 1.650436 0.159951
v -0.016229 1.667713 0.180273
v -0.016229 1.667713 0.180273
v -0.016229 1.667756 0.236493
v 0.016229 1.667756 0.236493
v 0.013263 1.702057 0.230333
v -0.013264 1.702057 0.230333
v -0.032459 1.667734 0.208383
v -0.026527 1.702040 0.208357
v -0.016229 1.667713 0.180273
v 0.032459 1.667734 0.208383
v 0.016229 1.667713 0.180273
v 0.013263 1.702024 0.186380
v 0.026527 1.702040 0.208357
v -0.016229 1.667713 0.180273
v -0.013264 1.702024 0.186380
v -0.013264 1.702024 0.186380
v 0.013263 1.702024 0.186380
v -0.013264 1.702024 0.186380
v -0.018948 1.718593 0.175802
v 0.018948 1.718593 0.175802
v 0.026527 1.702040 0.208357
v -0.013264 1.702057 0.230333
v 0.013263 1.702057 0.230333
v 0.018948 1.718643 0.240885
v -0.018948 1.718643 0.240885
v -0.026527 1.702040 0.208357
v 0.037896 1.718618 0.208344
v -0.013264 1.702024 0.186380
v -0.037896 1.718618 0.208344
v -0.018948 1.718593 0.175802
v 0.018948 1.718593 0.175802
v -0.018948 1.718593 0.175802
v -0.007945 1.832905 0.195092
v 0.007945 1.832905 0.195092
v 0.037896 1.718618 0.208344
v -0.037896 1.718618 0.208344
v -0.018948 1.718643 0.240885
v -0.007945 1.832925 0.221421
v -0.015891 1.832915 0.208256
v -0.018948 1.718593 0.175802
v 0.018948 1.718643 0.240885
v 0.007945 1.832925 0.221421
v 0.015891 1.832915 0.208256
v -0.007945 1.832905 0.195092
v -0.007945 1.832905 0.195092
v -0.013204 1.964931 0.186108
v 0.007945 1.832905 0.195092
v 0.013204 1.964931 0.186108
v 0.015891 1.832915 0.208256
v 0.007945 1.832925 0.221421
v 0.026408 1.964948 0.208155
v 0.013204 1.964965 0.230201
v -0.007945 1.832925 0.221421
v -0.007945 1.832905 0.195092
v -0.015891 1.832915 0.208256
v -0.026408 1.964948 0.208155
v -0.013204 1.964931 0.186108
v -0.013204 1.964965 0.230201
v -0.026408 1.964948 0.208155
v -0.013204 1.964965 0.230201
v 0.000000 2.043582 0.208095
v -0.013204 1.964931 0.186108
v 0.013204 1.964965 0.230201
v 0.013204 1.964931 0.186108
v -0.013204 1.964931 0.186108
v 0.026408 1.964948 0.208155
vt 0.832628 0.638263
vt 0.858763 0.638263
vt 0.858763 0.690901
vt 0.832628 0.690901
vt 0.806611 0.638263
vt 0.806611 0.690901
vt 0.884663 0.638263
vt 0.910612 0.638263
vt 0.910612 0.690901
vt 0.884663 0.690901
vt 0.858763 0.638263
vt 0.858763 0.690901
vt 0.832628 0.638263
vt 0.936606 0.638263
vt 0.936606 0.690901
vt 0.832628 0.690901
vt 0.806611 0.638263
vt 0.910612 0.638263
vt 0.884663 0.638263
vt 0.884663 0.607213
vt 0.936606 0.638263
vt 0.858763 0.638263
vt 0.962633 0.638263
vt 0.936606 0.638263
vt 0.884663 0.607213
vt 0.962633 0.638263
vt 0.962633 0.690901
vt 0.806611 0.690901
vt 0.910612 0.638263
vt 0.884663 0.638263
vt 0.858763 0.638263
vt 0.884663 0.638263
vt 0.884663 0.690901
vt 0.832628 0.638263
vt 0.832628 0.638263
vt 0.962633 0.638263
vt 0.806611 0.638263
vt 0.936606 0.638263
vt 0.962633 0.638263
vt 0.962633 0.690901
vt 0.936606 0.690901
vt 0.910612 0.638263
vt 0.910612 0.690901
vt 0.806611 0.638263
vt 0.364565 0.641120
vt 0.395403 0.694649
vt 0.333658 0.694650
vt 0.302759 0.641128
vt 0.426168 0.641130
vt 0.333596 0.587521
vt 0.395376 0.587520
vt 0.364565 0.641120
vt 0.395403 0.694649
vt 0.333658 0.694650
vt 0.426168 0.641130
vt 0.302759 0.641128
vt 0.333596 0.587521
vt 0.395376 0.587520
vt 0.468374 0.712829
vt 0.516043 0.712917
vt 0.468374 0.935696
vt 0.468374 0.712829
vt 0.468374 0.935696
vt 0.420276 0.712917
vt 0.010610 0.700736
vt 0.042790 0.643690
vt 0.095523 0.636418
vt 0.331270 0.700736
vt 0.100851 0.712870
vt 0.304507 0.996349
vt 0.052476 0.935742
vt 0.052476 0.712879
vt 0.204025 0.996349
vt 0.052476 0.712879
vt 0.052476 0.935742
vt 0.004828 0.713015
vt 0.516043 0.712917
vt 0.468265 0.713131
vt 0.516043 0.935784
vt 0.245865 0.636418
vt 0.331270 0.700736
vt 0.245865 0.636418
vt 0.298488 0.643695
vt 0.516043 0.935784
vt 0.142171 0.712998
vt 0.142171 0.935860
vt 0.182106 0.713014
vt 0.142171 0.712998
vt 0.100866 0.713172
vt 0.142171 0.935860
vt 0.304507 0.727669
vt 0.286502 0.740567
vt 0.304507 0.961128
vt 0.304507 0.727669
vt 0.304507 0.961128
vt 0.329602 0.713014
vt 0.329602 0.996349
vt 0.204025 0.727669
vt 0.230101 0.740567
vt 0.304507 0.727669
vt 0.286502 0.740567
vt 0.204025 0.727669
vt 0.204025 0.961128
vt 0.230101 0.740567
vt 0.182106 0.996349
vt 0.208280 0.571318
vt 0.245865 0.636418
vt 0.133109 0.571318
vt 0.095523 0.636418
vt 0.182106 0.713014
vt 0.182106 0.996349
vt 0.204025 0.727669
vt 0.204025 0.961128
vt 0.329602 0.713014
vt 0.329602 0.996349
vt 0.373993 0.713131
vt 0.004828 0.935878
vt 0.004828 0.713015
vt 0.004828 0.935878
vt 0.052583 0.713181
vt 0.373993 0.935960
vt 0.373993 0.713131
vt 0.373993 0.935960
vt 0.419966 0.713219
vt 0.468265 0.905970
vt 0.468265 0.713131
vt 0.419966 0.713219
vt 0.468265 0.905970
vt 0.100866 0.713172
vt 0.052583 0.713181
vt 0.100866 0.920435
vt 0.100866 0.920435
vt 0.052583 0.906016
vt 0.052583 0.906016
vt 0.419966 0.920486
vt 0.419966 0.920486
vt 0.719145 0.606948
vt 0.745094 0.606948
vt 0.745094 0.635332
vt 0.719145 0.635332
vt 0.693246 0.606948
vt 0.693246 0.635332
vt 0.667110 0.606948
vt 0.693246 0.606948
vt 0.719145 0.606948
vt 0.719145 0.635332
vt 0.693246 0.635332
vt 0.667110 0.606948
vt 0.771088 0.606948
vt 0.797115 0.606948
vt 0.797115 0.635332
vt 0.771088 0.635332
vt 0.745094 0.606948
vt 0.641093 0.606948
vt 0.667110 0.635332
vt 0.641093 0.635332
vt 0.771088 0.606948
vt 0.771088 0.635332
vt 0.745094 0.635332
vt 0.667110 0.635332
vt 0.641093 0.606948
vt 0.641093 0.635332
vt 0.797115 0.606948
vt 0.797115 0.635332
vt 0.286502 0.938069
vt 0.286502 0.740567
vt 0.230101 0.740567
vt 0.286502 0.938069
vt 0.230101 0.938069
vt 0.230101 0.938069
vt 0.238409 0.579164
vt 0.316237 0.579164
vt 0.238409 0.584777
vt 0.238409 0.601696
vt 0.316237 0.584816
vt 0.238409 0.584816
vt 0.238409 0.596082
vt 0.316237 0.584777
vt 0.291995 0.579164
vt 0.276594 0.579164
vt 0.291995 0.590449
vt 0.276594 0.590410
vt 0.291995 0.590410
vt 0.276594 0.590449
vt 0.238409 0.596043
vt 0.316237 0.596043
vt 0.316237 0.596082
vt 0.797115 0.662353
vt 0.771088 0.662353
vt 0.719145 0.662353
vt 0.693246 0.662353
vt 0.667110 0.662353
vt 0.745094 0.662353
vt 0.771088 0.662353
vt 0.745094 0.662353
vt 0.719145 0.662353
vt 0.693246 0.662353
vt 0.667110 0.662353
vt 0.797115 0.662353
vt 0.641093 0.662353
vt 0.641093 0.662353
vt 0.276594 0.601696
vt 0.291995 0.601696
vt 0.316237 0.601696
vt 0.719145 0.693339
vt 0.719145 0.693339
vt 0.524610 0.700873
vt 0.524610 0.749277
vt 0.539197 0.712327
vt 0.524610 0.700873
vt 0.539197 0.712327
vt 0.713852 0.700873
vt 0.539197 0.737738
vt 0.699347 0.712327
vt 0.699347 0.737738
vt 0.713852 0.700873
vt 0.699347 0.712327
vt 0.539197 0.712327
vt 0.539197 0.737738
vt 0.699347 0.712327
vt 0.699347 0.737738
vt 0.713852 0.749277
vt 0.597784 0.692884
vt 0.532522 0.692920
vt 0.630466 0.636466
vt 0.597814 0.692885
vt 0.630466 0.636466
vt 0.532576 0.692923
vt 0.066319 0.571293
vt 0.096298 0.571293
vt 0.096298 0.629622
vt 0.066319 0.629622
vt 0.030464 0.571293
vt 0.066477 0.571293
vt 0.096298 0.571293
vt 0.096298 0.629622
vt 0.066466 0.629622
vt 0.030621 0.571293
vt 0.030610 0.629622
vt 0.000637 0.571293
vt 0.066321 0.571293
vt 0.066321 0.629622
vt 0.030464 0.629622
vt 0.000637 0.571293
vt 0.066472 0.571293
vt 0.066472 0.629622
vt 0.000637 0.629622
vt 0.030616 0.571293
vt 0.030465 0.571293
vt 0.030465 0.629622
vt 0.000637 0.629622
vt 0.030616 0.629622
vt 0.500416 0.636576
vt 0.500160 0.636586
vt 0.981329 0.820654
vt 0.964799 0.820654
vt 0.981329 0.704582
vt 0.997859 0.820654
vt 0.981329 0.820654
vt 0.964799 0.704582
vt 0.997859 0.704582
vt 0.981329 0.704582
vt 0.720001 0.700107
vt 0.720001 0.724809
vt 0.897221 0.700107
vt 0.720001 0.724809
vt 0.897221 0.724809
vt 0.720001 0.749512
vt 0.897221 0.724809
vt 0.897221 0.749512
vt 0.524610 0.749277
vt 0.713852 0.749277
vt 0.539197 0.737738
vt 0.699347 0.737738
vt 0.597931 0.579545
vt 0.630466 0.636466
vt 0.409952 0.579545
vt 0.597959 0.579530
vt 0.410098 0.579530
vt 0.630466 0.636466
vt 0.516043 0.935784
vt 0.447537 0.636674
vt 0.004828 0.935878
vt 0.447683 0.636660
vt 0.230101 0.938069
vt 0.230348 0.961128
vt 0.286502 0.938069
vt 0.286578 0.961128
vt 0.204025 0.996349
vt 0.286578 0.961128
vt 0.230348 0.961128
vt 0.286578 0.996349
vt 0.230348 0.996349
vt 0.304507 0.996349
vt 0.395403 0.694649
vt 0.426168 0.641130
vt 0.364565 0.641120
vt 0.333658 0.694650
vt 0.395403 0.694649
vt 0.426168 0.641130
vt 0.364565 0.641120
vt 0.333658 0.694650
vt 0.302759 0.641128
vt 0.302759 0.641128
vt 0.395376 0.587520
vt 0.395376 0.587520
vt 0.333596 0.587521
vt 0.333596 0.587521
vt 0.918769 0.724809
vt 0.524934 0.955366
vt 0.524934 0.916091
vt 0.545768 0.916091
vt 0.545768 0.955366
vt 0.524934 0.994601
vt 0.524934 0.875568
vt 0.524934 0.836317
vt 0.545768 0.836317
vt 0.545768 0.875568
vt 0.524934 0.797081
vt 0.545768 0.797081
vt 0.524934 0.756596
vt 0.545768 0.756596
vt 0.545768 0.994601
vt 0.545768 0.916091
vt 0.545768 0.875568
vt 0.587175 0.875568
vt 0.587175 0.916091
vt 0.545768 0.955366
vt 0.587175 0.955366
vt 0.545768 0.994601
vt 0.545768 0.836317
vt 0.545768 0.797081
vt 0.587175 0.797081
vt 0.587175 0.836317
vt 0.545768 0.756596
vt 0.587175 0.756596
vt 0.587175 0.994601
vt 0.587175 0.797081
vt 0.587175 0.756596
vt 0.607183 0.756596
vt 0.607183 0.797081
vt 0.587175 0.836317
vt 0.587175 0.916091
vt 0.587175 0.875568
vt 0.607183 0.875568
vt 0.607183 0.916091
vt 0.587175 0.955366
vt 0.607183 0.836317
vt 0.587175 0.994601
vt 0.607183 0.955366
vt 0.607183 0.994601
vt 0.607183 0.797081
vt 0.607183 0.756596
vt 0.745138 0.756596
vt 0.745138 0.797081
vt 0.607183 0.836317
vt 0.607183 0.955366
vt 0.607183 0.916091
vt 0.745138 0.916091
vt 0.745138 0.955366
vt 0.607183 0.994601
vt 0.607183 0.875568
vt 0.745138 0.875568
vt 0.745138 0.836317
vt 0.745138 0.994601
vt 0.745138 0.756596
vt 0.904500 0.756596
vt 0.745138 0.797081
vt 0.904500 0.797081
vt 0.745138 0.836317
vt 0.745138 0.875568
vt 0.904500 0.836317
vt 0.904500 0.875568
vt 0.745138 0.916091
vt 0.745138 0.994601
vt 0.745138 0.955366
vt 0.904500 0.955366
vt 0.904500 0.994601
vt 0.904500 0.916091
vt 0.904500 0.955366
vt 0.904500 0.916091
vt 0.999411 0.875568
vt 0.904500 0.994601
vt 0.904500 0.875568
vt 0.904500 0.797081
vt 0.904500 0.756596
vt 0.904500 0.836317
vn 0.0000 0.2025 -0.9793
vn -0.8480 0.2029 -0.4897
vn 0.8480 0.2029 -0.4897
vn 0.8480 0.2028 -0.4897
vn 0.8479 0.2036 0.4894
vn 0.8480 0.2036 0.4894
vn -0.0000 0.2040 0.9790
vn -0.8479 0.2036 0.4894
vn -0.8480 0.2036 0.4894
vn -0.8479 0.2029 -0.4897
vn -0.7433 -0.5129 0.4295
vn -0.7433 -0.5136 -0.4287
vn -0.0000 -1.0000 0.0008
vn -0.0000 -0.5126 0.8586
vn 0.0000 -0.5139 -0.8578
vn -0.8480 0.2028 -0.4897
vn 0.7433 -0.5136 -0.4287
vn 0.7433 -0.5129 0.4295
vn 0.8479 0.2029 -0.4897
vn -0.0003 -1.0000 0.0052
vn -0.1107 -0.9765 -0.1850
vn 0.1098 -0.9765 -0.1855
vn 0.2203 -0.9754 0.0046
vn -0.2213 -0.9752 0.0047
vn 0.1104 -0.9745 0.1956
vn -0.1106 -0.9746 0.1949
vn 0.0025 -1.0000 0.0051
vn -0.1083 -0.9767 -0.1851
vn 0.1125 -0.9762 -0.1856
vn -0.2181 -0.9759 0.0046
vn 0.2231 -0.9748 0.0042
vn 0.1123 -0.9744 0.1949
vn -0.1084 -0.9747 0.1954
vn -0.8682 -0.0004 -0.4962
vn 0.0000 -0.0008 -1.0000
vn -0.0001 -1.0000 0.0035
vn 0.0000 -1.0000 0.0037
vn -0.0001 -1.0000 0.0031
vn -0.0000 -1.0000 0.0027
vn 0.8684 -0.0004 -0.4958
vn -0.8653 0.0004 0.5013
vn -0.0039 -1.0000 0.0079
vn 0.1366 0.0008 0.9906
vn 0.0689 -0.0447 0.9966
vn -0.8685 0.0004 0.4957
vn -1.0000 0.0000 0.0000
vn -0.8660 0.0004 0.5000
vn -0.6547 0.0006 0.7559
vn 0.0000 -0.8960 0.4440
vn 1.0000 0.0000 0.0000
vn 0.0691 -0.0447 0.9966
vn 0.8660 0.0004 0.5000
vn 0.6547 0.0006 0.7559
vn -0.1370 0.0008 0.9906
vn -0.0693 -0.0447 0.9966
vn 0.8655 0.0004 0.5009
vn -0.0691 -0.0449 0.9966
vn 0.8671 0.0004 0.4981
vn -0.0006 0.0008 1.0000
vn 0.0006 0.0008 1.0000
vn -0.7928 -0.4020 0.4581
vn 0.0000 -0.4016 0.9158
vn -0.0000 -0.0102 0.9999
vn -0.8660 -0.0107 0.5000
vn -0.7928 -0.4027 -0.4574
vn -0.8660 -0.0113 -0.5000
vn 0.0000 -0.4030 -0.9152
vn 0.7928 -0.4020 0.4581
vn 0.8660 -0.0107 0.5000
vn -0.0000 -0.0103 0.9999
vn -0.8660 -0.0115 -0.5000
vn 0.0000 -0.0118 -0.9999
vn 0.7929 -0.4027 -0.4574
vn 0.8660 -0.0108 0.5000
vn 0.8660 -0.0114 -0.5000
vn 0.7928 -0.4027 -0.4574
vn 0.8660 -0.0115 -0.5000
vn 0.8660 -0.0115 -0.4999
vn 0.0000 0.0008 1.0000
vn 0.8663 -0.4996 -0.0015
vn 0.0000 -1.0000 -0.0035
vn 0.7555 -0.3258 -0.5684
vn 0.8663 0.4995 -0.0084
vn 0.0000 -0.5010 0.8655
vn 0.5001 -0.4338 0.7495
vn 0.7564 0.3282 0.5658
vn 0.0000 -0.4973 -0.8676
vn 0.0000 -1.0000 -0.0054
vn 0.0000 0.0004 1.0000
vn 0.0000 -0.0005 -1.0000
vn 0.4989 0.4302 -0.7523
vn 0.0000 0.4964 -0.8681
vn 0.0000 0.5017 0.8651
vn -0.5994 0.7215 -0.3466
vn -0.0000 0.7212 -0.6927
vn -0.5994 0.7220 0.3455
vn 0.0000 0.7223 0.6916
vn 0.5994 0.7220 0.3455
vn 0.5994 0.7215 -0.3466
vn 0.0000 1.0000 -0.0064
vn 0.0000 1.0000 -0.0068
vn -0.0000 1.0000 -0.0008
vn 0.9433 0.0003 0.3318
vn -0.0003 -1.0000 0.0001
vn -0.0003 -1.0000 -0.0004
vn -0.0003 -1.0000 -0.0001
vn -0.9439 0.0003 0.3301
vn -0.9439 0.0003 0.3302
vn -0.0003 -1.0000 -0.0003
vn -0.0872 0.8816 0.4639
vn -0.0872 0.8815 0.4640
vn 0.0856 0.8816 0.4641
vn 0.0856 0.8817 0.4641
vn -0.5000 -0.0007 -0.8660
vn -0.7755 0.6313 -0.0029
vn -0.3883 0.6294 -0.6731
vn 0.4999 -0.0007 -0.8661
vn -0.5000 0.0018 -0.8660
vn -1.0000 -0.0000 -0.0002
vn -0.7744 0.6326 -0.0031
vn -0.3867 0.6305 -0.6730
vn 0.4999 0.0022 -0.8661
vn 0.3865 0.6308 -0.6728
vn 1.0000 0.0003 -0.0000
vn -0.5001 0.0007 0.8660
vn -0.3887 0.6345 0.6680
vn 0.3857 0.6307 -0.6734
vn -0.5005 0.0007 0.8658
vn -0.3876 0.6351 0.6681
vn 0.7742 0.6329 -0.0029
vn 0.5006 -0.0000 0.8657
vn 0.5000 0.0007 0.8660
vn 0.3862 0.6358 0.6683
vn 0.7734 0.6339 -0.0029
vn 0.3872 0.6351 0.6684
vn -1.0000 -0.0000 -0.0001
vn -0.0000 0.5510 -0.8345
vn 1.0000 -0.0000 -0.0001
vn -0.5477 0.8367 -0.0005
vn 0.5477 0.8367 -0.0007
vn -0.0000 0.5523 0.8336
vn -0.8867 0.4624 -0.0004
vn 0.0000 0.4109 -0.9117
vn -0.0000 0.4123 0.9111
vn 0.8867 0.4624 -0.0003
vn 0.0003 1.0000 0.0000
vn 0.0003 1.0000 0.0005
vn 0.0003 1.0000 0.0002
vn -0.3806 0.8978 -0.2216
vn -0.3806 0.8977 -0.2220
vn 0.3804 0.8978 -0.2218
vn 0.3805 0.8977 -0.2222
vn -0.0008 -0.0902 0.9959
vn -0.3806 0.8978 -0.2217
vn 0.0009 -0.0899 0.9960
vn 0.3805 0.8977 -0.2220
vn 0.0000 0.8266 0.5628
vn 0.5000 0.0006 0.8660
vn -0.6546 0.0003 0.7559
vn 0.6546 0.0006 0.7559
vn -0.5000 0.0006 0.8660
vn -0.3883 0.6293 -0.6731
vn -0.7755 0.6313 -0.0030
vn -0.0026 1.0000 -0.0055
vn -0.7745 0.6326 -0.0031
vn -0.0003 1.0000 -0.0059
vn -0.3888 0.6345 0.6680
vn 0.3861 0.6358 0.6683
vn -0.5823 0.8130 -0.0023
vn -0.2907 0.8141 0.5028
vn -0.5821 0.8131 -0.0023
vn -0.2916 0.8081 -0.5119
vn 0.2907 0.8141 0.5028
vn 0.5823 0.8130 -0.0022
vn 0.5823 0.8130 -0.0023
vn 0.2906 0.8141 0.5028
vn 0.2916 0.8081 -0.5119
vn 0.2915 0.8080 -0.5119
vn -0.2916 0.8081 -0.5118
vn -0.2916 0.8080 -0.5119
vn -0.4881 0.1906 0.8517
vn 0.4881 0.1906 0.8517
vn -0.9838 0.1794 -0.0001
vn -0.9838 0.1793 -0.0001
vn -0.4881 0.1892 -0.8520
vn 0.9838 0.1794 -0.0001
vn 0.4881 0.1893 -0.8520
vn -0.4881 0.1893 -0.8520
vn 0.4061 -0.5822 -0.7044
vn -0.4061 -0.5822 -0.7044
vn 0.8182 -0.5749 0.0005
vn -0.4061 -0.5811 0.7053
vn 0.4061 -0.5811 0.7053
vn -0.8182 -0.5749 0.0004
vn 0.8182 -0.5749 0.0004
vn 0.4874 0.1899 -0.8523
vn -0.4874 0.1899 -0.8523
vn 0.9817 0.1906 -0.0002
vn -0.9817 0.1905 0.0001
vn -0.4875 0.1912 0.8520
vn -0.4874 0.1912 0.8520
vn -0.9816 0.1907 -0.0001
vn 0.4876 0.1912 0.8519
vn 0.4873 0.1912 0.8520
vn 0.9816 0.1907 -0.0003
vn 0.0000 -0.0679 -0.9977
vn 0.4908 -0.0785 -0.8677
vn 0.4913 -0.0784 -0.8675
vn 0.9968 -0.0797 0.0003
vn 0.4910 -0.0771 0.8678
vn 0.9968 -0.0796 0.0002
vn 0.4913 -0.0771 0.8676
vn -0.4908 -0.0771 0.8679
vn -0.8552 -0.0688 -0.5137
vn -0.9968 -0.0797 -0.0002
vn -0.9968 -0.0796 -0.0000
vn -0.4911 -0.0771 0.8677
vn -0.9480 0.3184 -0.0002
vn -0.4682 0.3112 0.8270
vn -0.4682 0.3099 -0.8275
vn 0.4682 0.3112 0.8270
vn 0.4682 0.3099 -0.8275
vn 0.9480 0.3184 -0.0002
usemtl Material131.003
s 1
f 1/1/1 2/2/2 3/3/2
f 1/1/1 3/3/2 4/4/1
f 1/1/1 4/4/1 5/5/3
f 5/5/3 4/4/1 6/6/4
f 7/7/5 8/8/3 9/9/3
f 7/7/5 9/9/3 10/10/6
f 7/7/5 10/10/6 11/11/7
f 11/11/7 10/10/6 12/12/7
f 11/11/7 12/12/7 13/13/8
f 8/8/3 14/14/1 15/15/1
f 8/8/3 15/15/1 9/9/3
f 13/13/8 16/16/9 17/17/10
f 13/13/8 12/12/7 16/16/9
f 18/18/11 19/19/12 20/20/13
f 18/18/11 20/20/13 21/21/14
f 19/19/12 22/22/15 20/20/13
f 23/23/11 24/24/12 25/25/13
f 14/14/1 26/26/2 27/27/16
f 14/14/1 27/27/16 15/15/1
f 17/17/10 16/16/9 28/28/16
f 24/24/12 29/29/15 25/25/13
f 30/30/17 31/31/18 25/25/13
f 30/30/17 25/25/13 29/29/15
f 2/2/2 32/32/8 33/33/9
f 2/2/2 33/33/9 3/3/2
f 22/22/15 34/34/17 20/20/13
f 31/31/18 35/35/14 25/25/13
f 21/21/14 20/20/13 36/36/18
f 35/35/14 37/37/11 25/25/13
f 38/38/5 39/39/19 40/40/4
f 38/38/5 40/40/4 41/41/6
f 38/38/5 41/41/6 42/42/7
f 42/42/7 41/41/6 43/43/7
f 42/42/7 43/43/7 32/32/8
f 34/34/17 44/44/18 20/20/13
f 32/32/8 43/43/7 33/33/9
f 45/45/20 46/46/21 47/47/22
f 45/45/20 47/47/22 48/48/23
f 45/45/20 49/49/24 46/46/21
f 45/45/20 48/48/23 50/50/25
f 45/45/20 51/51/26 49/49/24
f 45/45/20 50/50/25 51/51/26
f 52/52/27 53/53/28 54/54/29
f 52/52/27 55/55/30 53/53/28
f 52/52/27 54/54/29 56/56/31
f 52/52/27 56/56/31 57/57/32
f 52/52/27 58/58/33 55/55/30
f 52/52/27 57/57/32 58/58/33
f 59/59/34 60/60/34 61/61/34
f 62/62/35 63/63/35 64/64/35
f 65/65/36 66/66/37 67/67/38
f 65/65/36 67/67/38 68/68/39
f 69/69/35 64/64/35 70/70/35
f 69/69/35 71/71/35 72/72/35
f 69/69/35 70/70/35 73/73/35
f 69/69/35 73/73/35 71/71/35
f 74/74/40 75/75/40 76/76/40
f 64/64/35 63/63/35 70/70/35
f 77/77/41 78/78/41 79/79/41
f 68/68/39 67/67/38 80/80/39
f 81/81/42 82/82/42 83/83/42
f 60/60/34 84/84/34 61/61/34
f 85/85/43 86/86/44 87/87/43
f 88/88/45 89/89/45 90/90/45
f 91/91/46 92/92/46 93/93/46
f 94/94/47 95/95/48 96/96/47
f 96/96/47 95/95/48 97/97/47
f 98/98/49 99/99/49 100/100/49
f 100/100/49 99/99/49 101/101/49
f 102/102/50 103/103/50 104/104/50
f 87/87/43 86/86/44 105/105/51
f 106/106/13 107/107/13 108/108/13
f 108/108/13 107/107/13 109/109/13
f 110/110/52 111/111/52 112/112/52
f 112/112/52 111/111/52 113/113/53
f 114/114/54 115/115/55 116/116/54
f 76/76/40 75/75/40 117/117/40
f 118/118/56 119/119/56 120/120/56
f 116/116/54 115/115/55 121/121/57
f 122/122/58 123/123/58 124/124/58
f 78/78/41 125/125/41 79/79/41
f 126/126/59 127/127/59 128/128/59
f 129/129/60 130/130/60 131/131/60
f 89/89/45 132/132/45 90/90/45
f 120/120/56 119/119/56 133/133/56
f 130/130/60 134/134/60 131/131/60
f 127/127/59 135/135/59 128/128/59
f 124/124/58 123/123/58 136/136/58
f 137/137/61 138/138/62 139/139/63
f 137/137/61 140/140/64 141/141/65
f 137/137/61 139/139/63 140/140/64
f 141/141/65 142/142/66 143/143/67
f 141/141/65 140/140/64 142/142/66
f 144/144/62 145/145/68 146/146/69
f 144/144/62 146/146/69 147/147/70
f 144/144/62 147/147/70 148/148/61
f 149/149/67 150/150/65 151/151/71
f 149/149/67 152/152/72 153/153/73
f 149/149/67 151/151/71 152/152/72
f 154/154/65 148/148/61 155/155/64
f 154/154/65 155/155/64 156/156/71
f 148/148/61 147/147/70 155/155/64
f 138/138/62 157/157/68 158/158/74
f 138/138/62 158/158/74 139/139/63
f 145/145/68 153/153/73 159/159/75
f 145/145/68 159/159/75 146/146/69
f 143/143/67 142/142/66 160/160/72
f 143/143/67 160/160/72 161/161/76
f 161/161/76 160/160/72 162/162/77
f 153/153/73 152/152/72 159/159/75
f 157/157/68 163/163/76 164/164/78
f 157/157/68 164/164/78 158/158/74
f 92/92/46 165/165/46 93/93/46
f 166/166/79 167/167/79 168/168/79
f 104/104/50 103/103/50 169/169/50
f 167/167/79 170/170/79 168/168/79
f 171/171/80 172/172/81 173/173/82
f 171/171/80 173/173/82 174/174/83
f 171/171/80 175/175/84 172/172/81
f 171/171/80 176/176/85 175/175/84
f 171/171/80 177/177/86 176/176/85
f 171/171/80 174/174/83 177/177/86
f 172/172/81 178/178/87 173/173/82
f 179/179/88 180/180/88 181/181/89
f 179/179/88 182/182/90 180/180/88
f 179/179/88 183/183/90 182/182/90
f 180/180/88 184/184/89 181/181/89
f 173/173/82 178/178/87 185/185/91
f 173/173/82 185/185/91 174/174/83
f 178/178/87 186/186/92 185/185/91
f 175/175/84 176/176/85 187/187/93
f 176/176/85 177/177/86 187/187/93
f 152/152/72 151/151/71 188/188/94
f 152/152/72 189/189/95 159/159/75
f 152/152/72 188/188/94 189/189/95
f 142/142/66 140/140/64 190/190/96
f 142/142/66 190/190/96 191/191/94
f 142/142/66 191/191/94 160/160/72
f 160/160/72 192/192/95 162/162/77
f 160/160/72 191/191/94 192/192/95
f 140/140/64 139/139/63 193/193/97
f 140/140/64 193/193/97 190/190/96
f 139/139/63 158/158/74 194/194/98
f 139/139/63 194/194/98 193/193/97
f 146/146/69 159/159/75 195/195/99
f 146/146/69 195/195/99 196/196/98
f 146/146/69 196/196/98 147/147/70
f 147/147/70 196/196/98 197/197/97
f 147/147/70 197/197/97 155/155/64
f 155/155/64 198/198/96 156/156/71
f 155/155/64 197/197/97 198/198/96
f 164/164/78 199/199/99 158/158/74
f 158/158/74 199/199/99 194/194/98
f 156/156/71 198/198/96 200/200/94
f 159/159/75 189/189/95 195/195/99
f 162/162/77 192/192/95 201/201/99
f 182/182/90 183/183/90 202/202/100
f 183/183/90 203/203/100 202/202/100
f 181/181/89 184/184/89 203/203/100
f 184/184/89 202/202/100 203/203/100
f 186/186/92 174/174/83 185/185/91
f 186/186/92 204/204/101 174/174/83
f 177/177/86 174/174/83 204/204/101
f 177/177/86 204/204/101 187/187/93
f 189/189/95 188/188/94 205/205/102
f 189/189/95 205/205/102 195/195/99
f 193/193/97 194/194/98 206/206/102
f 193/193/97 206/206/102 190/190/96
f 195/195/99 205/205/102 196/196/98
f 190/190/96 206/206/102 191/191/94
f 196/196/98 205/205/102 197/197/97
f 194/194/98 199/199/99 206/206/102
f 192/192/95 191/191/94 206/206/102
f 192/192/95 206/206/102 201/201/99
f 198/198/96 197/197/97 205/205/102
f 198/198/96 205/205/102 200/200/94
f 207/207/103 208/208/103 209/209/103
f 210/210/104 211/211/105 212/212/106
f 209/209/103 208/208/103 213/213/103
f 214/214/107 215/215/108 216/216/108
f 217/217/109 212/212/106 211/211/105
f 218/218/79 219/219/79 220/220/79
f 220/220/79 219/219/79 221/221/79
f 216/216/108 215/215/108 222/222/108
f 223/223/110 224/224/111 225/225/110
f 226/226/112 227/227/113 228/228/112
f 229/229/114 230/230/46 231/231/115
f 229/229/114 232/232/116 233/233/117
f 229/229/114 231/231/115 232/232/116
f 234/234/118 235/235/119 236/236/120
f 234/234/118 237/237/121 238/238/122
f 234/234/118 236/236/120 237/237/121
f 238/238/122 237/237/121 239/239/123
f 238/238/122 239/239/123 240/240/124
f 230/230/46 241/241/125 242/242/126
f 230/230/46 242/242/126 231/231/115
f 233/233/117 232/232/116 243/243/127
f 233/233/117 243/243/127 244/244/50
f 235/235/119 245/245/128 246/246/129
f 235/235/119 246/246/129 236/236/120
f 240/240/124 239/239/123 247/247/130
f 240/240/124 247/247/130 248/248/131
f 241/241/125 249/249/132 250/250/133
f 241/241/125 250/250/133 242/242/126
f 244/244/50 243/243/127 251/251/134
f 244/244/50 251/251/134 249/249/132
f 245/245/128 248/248/131 252/252/135
f 245/245/128 252/252/135 246/246/129
f 248/248/131 247/247/130 252/252/135
f 249/249/132 251/251/134 250/250/133
f 228/228/112 227/227/113 253/253/113
f 224/224/111 254/254/110 225/225/110
f 255/255/35 256/256/136 257/257/137
f 255/255/35 257/257/137 258/258/138
f 256/256/136 259/259/79 260/260/139
f 256/256/136 260/260/139 257/257/137
f 259/259/79 258/258/138 261/261/140
f 259/259/79 262/262/141 260/260/139
f 259/259/79 261/261/140 262/262/141
f 258/258/138 257/257/137 261/261/140
f 263/263/46 264/264/79 265/265/142
f 263/263/46 265/265/142 266/266/35
f 266/266/35 265/265/142 267/267/143
f 266/266/35 267/267/143 268/268/50
f 268/268/50 269/269/144 264/264/79
f 268/268/50 270/270/145 269/269/144
f 268/268/50 267/267/143 270/270/145
f 264/264/79 269/269/144 265/265/142
f 271/271/146 272/272/147 273/273/148
f 273/273/148 272/272/147 274/274/148
f 275/275/149 276/276/149 277/277/150
f 278/278/151 279/279/152 280/280/151
f 281/281/153 121/121/57 115/115/55
f 276/276/149 282/282/154 277/277/150
f 86/86/44 283/283/155 105/105/51
f 280/280/151 279/279/152 284/284/156
f 285/285/157 286/286/157 287/287/157
f 287/287/157 286/286/157 288/288/157
f 113/113/53 111/111/52 289/289/158
f 290/290/159 291/291/160 292/292/161
f 291/291/160 293/293/158 292/292/161
f 95/95/48 294/294/161 97/97/47
f 257/257/137 260/260/139 261/261/140
f 260/260/139 262/262/141 261/261/140
f 295/295/162 296/296/163 297/297/164
f 295/295/162 297/297/164 298/298/127
f 299/299/121 300/300/165 301/301/166
f 299/299/121 301/301/166 302/302/123
f 302/302/123 301/301/166 303/303/130
f 298/298/127 297/297/164 304/304/134
f 296/296/163 305/305/167 297/297/164
f 300/300/165 306/306/129 301/301/166
f 303/303/130 301/301/166 307/307/135
f 304/304/134 297/297/164 308/308/168
f 305/305/167 308/308/168 297/297/164
f 306/306/129 307/307/135 301/301/166
f 269/269/144 270/270/145 309/309/102
f 269/269/144 309/309/102 265/265/142
f 265/265/142 309/309/102 267/267/143
f 270/270/145 267/267/143 309/309/102
f 310/310/169 311/311/170 312/312/170
f 310/310/169 312/312/170 313/313/171
f 310/310/169 313/313/171 314/314/172
f 315/315/173 316/316/174 317/317/175
f 315/315/173 317/317/175 318/318/176
f 315/315/173 318/318/176 311/311/170
f 311/311/170 318/318/176 312/312/170
f 316/316/174 319/319/177 320/320/178
f 316/316/174 320/320/178 317/317/175
f 319/319/177 321/321/179 322/322/172
f 319/319/177 322/322/172 320/320/178
f 314/314/172 313/313/171 323/323/180
f 324/324/181 325/325/182 326/326/182
f 324/324/181 327/327/181 328/328/183
f 324/324/181 326/326/182 327/327/181
f 328/328/183 327/327/181 329/329/184
f 328/328/183 329/329/184 330/330/185
f 331/331/186 332/332/187 333/333/187
f 331/331/186 333/333/187 334/334/186
f 331/331/186 334/334/186 325/325/182
f 332/332/187 335/335/188 336/336/188
f 332/332/187 336/336/188 333/333/187
f 325/325/182 334/334/186 326/326/182
f 330/330/185 329/329/184 337/337/188
f 338/338/189 339/339/190 340/340/190
f 338/338/189 341/341/189 342/342/191
f 338/338/189 340/340/190 341/341/189
f 343/343/192 344/344/193 345/345/193
f 343/343/192 345/345/193 346/346/192
f 343/343/192 346/346/192 347/347/194
f 344/344/193 342/342/191 348/348/195
f 344/344/193 348/348/195 345/345/193
f 349/349/190 347/347/194 350/350/194
f 349/349/190 350/350/194 351/351/190
f 347/347/194 346/346/192 350/350/194
f 342/342/191 341/341/189 348/348/195
f 352/352/196 353/353/197 354/354/197
f 352/352/196 355/355/196 356/356/198
f 352/352/196 354/354/197 355/355/196
f 357/357/199 358/358/200 359/359/201
f 357/357/199 360/360/202 361/361/197
f 357/357/199 359/359/201 360/360/202
f 358/358/200 362/362/203 363/363/204
f 358/358/200 363/363/204 359/359/201
f 356/356/198 355/355/196 364/364/205
f 356/356/198 364/364/205 362/362/203
f 362/362/203 364/364/205 363/363/204
f 361/361/197 360/360/202 365/365/197
f 366/366/206 367/367/206 368/368/207
f 368/368/207 369/369/208 370/370/209
f 368/368/207 367/367/206 369/369/208
f 371/371/210 370/370/209 372/372/211
f 371/371/210 373/373/212 374/374/213
f 371/371/210 372/372/211 373/373/212
f 375/375/214 376/376/215 377/377/216
f 375/375/214 377/377/216 378/378/214
f 370/370/209 369/369/208 372/372/211
f 374/374/213 379/379/217 376/376/215
f 374/374/213 373/373/212 379/379/217
f 376/376/215 379/379/217 377/377/216
f 380/380/218 381/381/219 382/382/102
f 380/380/218 382/382/102 383/383/220
f 381/381/219 384/384/221 382/382/102
f 385/385/222 386/386/220 382/382/102
f 385/385/222 382/382/102 387/387/223
f 387/387/223 382/382/102 384/384/221
o imp_inf_bobafett.001
v 0.196404 -0.000254 0.117053
v 0.248687 -0.000198 0.166388
v 0.240800 0.180524 0.128925
v 0.200935 0.142622 0.010867
v 0.194642 -0.000063 -0.004648
v 0.189469 0.174625 0.087702
v 0.196404 -0.000254 0.117053
v 0.313049 -0.000171 0.139139
v 0.248687 -0.000198 0.166388
v 0.194642 -0.000063 -0.004648
v 0.331876 0.000042 -0.011655
v -0.196404 -0.000254 0.117053
v -0.194642 -0.000063 -0.004648
v -0.200935 0.142622 0.010867
v -0.189469 0.174625 0.087702
v -0.240800 0.180524 0.128925
v -0.248686 -0.000198 0.166388
v -0.196404 -0.000254 0.117053
v -0.248686 -0.000198 0.166388
v -0.313049 -0.000171 0.139139
v -0.331876 0.000042 -0.011655
v -0.194642 -0.000063 -0.004648
v 0.313049 -0.000171 0.139139
v -0.313049 -0.000171 0.139139
v -0.283163 0.145858 0.021509
v -0.331876 0.000042 -0.011655
v -0.278357 0.177244 0.090531
v 0.331876 0.000042 -0.011655
v 0.283163 0.145858 0.021509
v 0.278357 0.177244 0.090531
v -0.182835 -0.000040 -0.104452
v -0.205097 0.065932 -0.054221
v 0.205097 0.065932 -0.054221
v 0.182835 -0.000040 -0.104452
v -0.182835 -0.000040 -0.104452
v 0.182835 -0.000040 -0.104452
v 0.209060 0.000000 -0.175232
v 0.335317 0.000092 -0.098919
v -0.209060 0.000000 -0.175232
v -0.214922 0.042166 -0.158762
v 0.214922 0.042166 -0.158762
v 0.209060 0.000000 -0.175232
v -0.335317 0.000092 -0.098919
v -0.209060 0.000000 -0.175232
v -0.266079 0.000053 -0.178187
v -0.261986 0.043896 -0.166081
v 0.266079 0.000053 -0.178187
v 0.319789 0.000092 -0.150440
v -0.319789 0.000092 -0.150440
v -0.266079 0.000053 -0.178187
v 0.261986 0.043896 -0.166081
v 0.266079 0.000053 -0.178187
v 0.335317 0.000092 -0.098919
v 0.305625 0.060532 -0.032943
v -0.305625 0.060532 -0.032943
v -0.335317 0.000092 -0.098919
v 0.319789 0.000092 -0.150440
v -0.319789 0.000092 -0.150440
v 0.312371 0.039538 -0.141082
v -0.312371 0.039538 -0.141082
v 0.252699 0.077552 -0.067027
v -0.252699 0.077552 -0.067027
v -0.241356 0.144681 -0.011645
v 0.241356 0.144681 -0.011645
v 0.248246 0.127939 -0.040995
v 0.190742 0.132474 -0.000141
v 0.236572 0.212796 0.001762
v 0.281296 0.211466 0.038442
v 0.293027 0.140440 0.015371
v -0.248246 0.127939 -0.040995
v -0.293027 0.140440 0.015371
v -0.281296 0.211466 0.038442
v -0.236572 0.212796 0.001762
v -0.190742 0.132474 -0.000141
v -0.248246 0.127939 -0.040995
v -0.190742 0.132474 -0.000141
v -0.200935 0.142622 0.010867
v -0.241356 0.144681 -0.011645
v -0.293027 0.140440 0.015371
v 0.248246 0.127939 -0.040995
v 0.293027 0.140440 0.015371
v 0.241356 0.144681 -0.011645
v 0.200935 0.142622 0.010867
v 0.190742 0.132474 -0.000141
v 0.174291 0.156493 0.104242
v 0.191360 0.209118 0.024602
v 0.174291 0.156493 0.104242
v -0.174291 0.156493 0.104242
v -0.191360 0.209118 0.024602
v -0.174291 0.156493 0.104242
v -0.283163 0.145858 0.021509
v -0.292403 0.166472 0.107249
v 0.273230 0.213877 0.091003
v 0.292403 0.166472 0.107249
v -0.292403 0.166472 0.107249
v -0.273230 0.213877 0.091003
v 0.283163 0.145858 0.021509
v 0.292403 0.166472 0.107249
v 0.189469 0.174625 0.087702
v -0.189469 0.174625 0.087702
v 0.278357 0.177244 0.090531
v -0.278357 0.177244 0.090531
v 0.174291 0.156493 0.104242
v 0.189469 0.174625 0.087702
v 0.234309 0.168314 0.147079
v -0.174291 0.156493 0.104242
v -0.234309 0.168314 0.147079
v -0.189469 0.174625 0.087702
v -0.180631 0.209505 0.085779
v 0.180631 0.209505 0.085779
v 0.174291 0.156493 0.104242
v 0.234309 0.168314 0.147079
v 0.180631 0.209505 0.085779
v -0.174291 0.156493 0.104242
v -0.180631 0.209505 0.085779
v -0.234309 0.168314 0.147079
v 0.231408 0.212463 0.126347
v -0.231408 0.212463 0.126347
v 0.240800 0.180524 0.128925
v -0.240800 0.180524 0.128925
v -0.191360 0.209118 0.024602
v -0.236572 0.212796 0.001762
v -0.170509 0.221614 0.012203
v -0.155690 0.224366 0.091184
v -0.180631 0.209505 0.085779
v 0.191360 0.209118 0.024602
v 0.180631 0.209505 0.085779
v 0.155690 0.224366 0.091184
v 0.170509 0.221614 0.012203
v 0.236572 0.212796 0.001762
v -0.180631 0.209505 0.085779
v -0.155690 0.224366 0.091184
v -0.231408 0.212463 0.126347
v 0.180631 0.209505 0.085779
v 0.231408 0.212463 0.126347
v 0.155690 0.224366 0.091184
v -0.281296 0.211466 0.038442
v -0.273230 0.213877 0.091003
v -0.283735 0.231590 0.113370
v -0.296288 0.229704 0.027349
v -0.232105 0.238622 -0.027446
v 0.281296 0.211466 0.038442
v 0.232105 0.238622 -0.027446
v 0.296288 0.229704 0.027349
v 0.283735 0.231590 0.113370
v 0.273230 0.213877 0.091003
v -0.219095 0.233547 0.146363
v 0.219095 0.233547 0.146363
v -0.219784 0.355915 -0.045562
v -0.141763 0.351643 0.011923
v 0.141763 0.351643 0.011923
v 0.219784 0.355915 -0.045562
v -0.129530 0.358915 0.082568
v -0.186636 0.381717 0.140062
v 0.129530 0.358915 0.082568
v 0.186636 0.381717 0.140063
v 0.129530 0.358915 0.082568
v -0.129530 0.358915 0.082568
v -0.277892 0.383688 0.018694
v 0.277892 0.383688 0.018694
v 0.251337 0.392037 0.128025
v -0.251337 0.392037 0.128025
v -0.191982 0.507574 -0.068020
v -0.121590 0.505703 0.001171
v 0.121590 0.505703 0.001171
v 0.191982 0.507574 -0.068020
v -0.108436 0.542808 0.049339
v 0.108436 0.542808 0.049339
v 0.155708 0.522613 0.107616
v 0.108436 0.542808 0.049339
v -0.217863 0.529917 0.097990
v -0.108436 0.542808 0.049339
v -0.156440 0.519281 0.108384
v 0.247490 0.524134 -0.003307
v 0.244086 0.557591 0.042879
v 0.217635 0.530852 0.097786
v -0.244086 0.557591 0.042879
v -0.247490 0.524134 -0.003307
v -0.200998 0.449440 -0.078830
v -0.237999 0.473482 -0.044716
v -0.232784 0.536509 -0.052111
v -0.133560 0.523880 -0.049143
v -0.149436 0.461553 -0.047988
v -0.181950 0.570653 -0.102791
v -0.200998 0.449440 -0.078830
v -0.149436 0.461553 -0.047988
v -0.191982 0.507574 -0.068020
v -0.237999 0.473482 -0.044716
v 0.200998 0.449440 -0.078830
v 0.149436 0.461553 -0.047988
v 0.133560 0.523880 -0.049143
v 0.181950 0.570653 -0.102791
v 0.232784 0.536509 -0.052111
v 0.237999 0.473482 -0.044716
v 0.200998 0.449440 -0.078830
v 0.237999 0.473482 -0.044716
v 0.191982 0.507574 -0.068020
v 0.149436 0.461553 -0.047988
v 0.149436 0.461553 -0.047988
v 0.191982 0.507574 -0.068020
v 0.133560 0.523880 -0.049143
v -0.149436 0.461553 -0.047988
v -0.133560 0.523880 -0.049143
v -0.191982 0.507574 -0.068020
v -0.237999 0.473482 -0.044716
v -0.191982 0.507574 -0.068020
v -0.232784 0.536509 -0.052111
v 0.237999 0.473482 -0.044716
v 0.232784 0.536509 -0.052111
v 0.191982 0.507574 -0.068020
v 0.115028 0.477048 -0.001340
v 0.128357 0.477439 -0.020167
v 0.121590 0.505703 0.001171
v 0.100139 0.546756 0.050417
v -0.115028 0.477048 -0.001340
v -0.128357 0.477439 -0.020167
v -0.121129 0.533506 -0.036692
v -0.092118 0.561666 0.044292
v -0.100139 0.546756 0.050417
v -0.115028 0.477048 -0.001340
v -0.121590 0.505703 0.001171
v -0.128357 0.477439 -0.020167
v 0.115028 0.477048 -0.001340
v 0.121129 0.533506 -0.036692
v 0.128357 0.477439 -0.020167
v 0.092118 0.561666 0.044292
v 0.128357 0.477439 -0.020167
v 0.121129 0.533506 -0.036692
v 0.121590 0.505703 0.001171
v -0.128357 0.477439 -0.020167
v -0.121590 0.505703 0.001171
v -0.121129 0.533506 -0.036692
v 0.248671 0.489032 -0.026040
v 0.262664 0.492901 0.002617
v 0.247490 0.524134 -0.003307
v -0.248671 0.489032 -0.026040
v -0.247490 0.524134 -0.003307
v -0.262664 0.492901 0.002617
v -0.248671 0.489032 -0.026040
v -0.262664 0.492901 0.002617
v -0.242765 0.546041 -0.039416
v -0.248671 0.489032 -0.026040
v -0.242765 0.546041 -0.039416
v -0.247490 0.524134 -0.003307
v 0.248671 0.489032 -0.026040
v 0.247490 0.524134 -0.003307
v 0.242765 0.546041 -0.039416
v 0.248671 0.489032 -0.026040
v 0.242765 0.546041 -0.039416
v 0.262664 0.492901 0.002617
v -0.237542 0.580601 -0.052441
v -0.250191 0.582292 0.002369
v 0.260951 0.499311 0.026472
v 0.237542 0.580601 -0.052441
v 0.250191 0.582292 0.002369
v 0.262664 0.492901 0.002617
v 0.250191 0.582292 0.002369
v 0.281746 0.513702 0.011571
v -0.260951 0.499311 0.026472
v 0.262664 0.492901 0.002617
v 0.281746 0.513702 0.011571
v 0.260951 0.499311 0.026472
v -0.262664 0.492901 0.002617
v -0.260951 0.499311 0.026472
v -0.281746 0.513702 0.011571
v -0.262664 0.492901 0.002617
v -0.281746 0.513702 0.011571
v -0.250191 0.582292 0.002369
v 0.244086 0.557591 0.042879
v 0.253660 0.562344 0.045372
v -0.260951 0.499311 0.026472
v -0.253660 0.562344 0.045372
v -0.281746 0.513702 0.011571
v -0.244086 0.557591 0.042879
v 0.260951 0.499311 0.026472
v 0.281746 0.513702 0.011571
v 0.133560 0.523880 -0.049143
v 0.121129 0.533506 -0.036692
v -0.133560 0.523880 -0.049143
v -0.121129 0.533506 -0.036692
v -0.108436 0.542808 0.049339
v 0.108436 0.542808 0.049339
v -0.242765 0.546041 -0.039416
v -0.232784 0.536509 -0.052111
v 0.232784 0.536509 -0.052111
v 0.242765 0.546041 -0.039416
v -0.275114 0.574342 0.010740
v -0.275114 0.574342 0.010740
v 0.275114 0.574342 0.010740
v 0.275114 0.574342 0.010740
v -0.149117 0.552640 0.100702
v 0.266512 0.520224 -0.020200
v 0.266512 0.520224 0.007946
v 0.255274 0.531462 0.003472
v 0.277370 0.531082 -0.020200
v 0.255274 0.531462 -0.020200
v -0.266512 0.520224 0.007946
v -0.266512 0.520224 -0.020200
v -0.255274 0.531462 0.003472
v -0.277370 0.531082 0.011690
v -0.277370 0.531082 -0.020200
v -0.255274 0.531462 -0.020200
v -0.266512 0.520224 -0.020200
v -0.277370 0.531082 -0.020200
v -0.255274 0.531462 -0.020200
v 0.277370 0.531082 0.011690
v 0.266512 0.520224 -0.020200
v 0.255274 0.531462 -0.020200
v 0.277370 0.531082 -0.020200
v 0.209538 0.564204 0.090521
v 0.149117 0.552640 0.100702
v -0.119468 0.561297 -0.045028
v 0.119468 0.561297 -0.045028
v -0.266444 0.524139 -0.019644
v -0.266430 0.524996 -0.041248
v -0.259188 0.531395 -0.019644
v -0.273455 0.531149 -0.019644
v -0.272598 0.531164 -0.041248
v 0.266444 0.524139 -0.019644
v 0.266430 0.524996 -0.041248
v 0.272598 0.531164 -0.041248
v 0.273455 0.531149 -0.019644
v 0.259188 0.531395 -0.019644
v -0.260046 0.531380 -0.041248
v 0.266430 0.524996 -0.041248
v 0.260046 0.531380 -0.041248
v 0.272598 0.531164 -0.041248
v 0.260046 0.531380 -0.041248
v -0.266430 0.524996 -0.041248
v -0.272598 0.531164 -0.041248
v -0.260046 0.531380 -0.041248
v -0.209538 0.564204 0.090521
v -0.266132 0.542320 -0.020200
v 0.277370 0.531082 0.011690
v 0.277370 0.531082 -0.020200
v 0.266132 0.542320 -0.020200
v 0.266132 0.542320 0.007946
v 0.266132 0.542320 -0.020200
v -0.277370 0.531082 0.011690
v -0.266132 0.542320 0.007946
v -0.266132 0.542320 -0.020200
v -0.277370 0.531082 -0.020200
v 0.266214 0.537548 -0.041248
v 0.266199 0.538405 -0.019644
v -0.266214 0.537548 -0.041248
v -0.266199 0.538405 -0.019644
v -0.266214 0.537548 -0.041248
v 0.266214 0.537548 -0.041248
v 0.260046 0.531380 -0.041248
v 0.259188 0.531395 -0.019644
v -0.260046 0.531380 -0.041248
v -0.259188 0.531395 -0.019644
v 0.149117 0.552640 0.100702
v -0.149117 0.552640 0.100702
v -0.143414 0.558085 0.110130
v -0.137897 0.577838 0.105640
v 0.143414 0.558085 0.110130
v 0.137897 0.577838 0.105640
v -0.264496 0.549286 0.007783
v -0.264288 0.552693 -0.019008
v -0.254918 0.558847 0.005447
v -0.273752 0.558525 0.010204
v -0.270171 0.558577 -0.018972
v 0.264496 0.549286 0.007783
v 0.264288 0.552693 -0.019008
v 0.270171 0.558577 -0.018972
v 0.273752 0.558525 0.010204
v 0.254918 0.558847 0.005447
v 0.149117 0.552640 0.100702
v 0.209538 0.564204 0.090521
v 0.143414 0.558085 0.110130
v -0.149117 0.552640 0.100702
v -0.143414 0.558085 0.110130
v -0.209538 0.564204 0.090521
v 0.258198 0.558783 -0.019041
v -0.258198 0.558783 -0.019041
v -0.264288 0.552693 -0.019008
v -0.270171 0.558577 -0.018972
v -0.258198 0.558783 -0.019041
v 0.264288 0.552693 -0.019008
v 0.258198 0.558783 -0.019041
v 0.270171 0.558577 -0.018972
v -0.208006 0.568032 0.098728
v 0.208006 0.568032 0.098728
v -0.137897 0.577838 0.105640
v 0.137897 0.577838 0.105640
v -0.264082 0.564667 -0.019006
v -0.264173 0.568087 0.007786
v 0.264082 0.564667 -0.019006
v 0.264173 0.568087 0.007786
v -0.264082 0.564667 -0.019006
v 0.264082 0.564667 -0.019006
v -0.258198 0.558783 -0.019041
v -0.254918 0.558847 0.005447
v 0.258198 0.558783 -0.019041
v 0.254918 0.558847 0.005447
v 0.125695 0.566305 -0.037838
v 0.181485 0.575597 -0.089414
v -0.125695 0.566305 -0.037838
v -0.181485 0.575597 -0.089414
v 0.101899 0.566734 0.041915
v -0.101899 0.566734 0.041915
v -0.252165 0.584744 0.040705
v 0.252165 0.584744 0.040705
v 0.125695 0.566305 -0.037838
v 0.101899 0.566734 0.041915
v 0.120256 0.595093 -0.044065
v 0.176724 0.605591 -0.093614
v 0.181485 0.575597 -0.089414
v -0.125695 0.566305 -0.037838
v -0.181485 0.575597 -0.089414
v -0.120273 0.594999 -0.044045
v 0.053835 0.719444 0.022077
v 0.101899 0.566734 0.041915
v 0.126586 0.634920 0.101167
v 0.053835 0.719444 0.022077
v 0.139927 0.582102 0.096693
v -0.101899 0.566734 0.041915
v -0.053835 0.719444 0.022077
v -0.126586 0.634920 0.101167
v -0.101899 0.566734 0.041915
v -0.053835 0.719444 0.022077
v -0.139927 0.582102 0.096693
v -0.205045 0.590794 0.098715
v 0.205045 0.590794 0.098715
v -0.231123 0.585314 -0.044457
v 0.231123 0.585314 -0.044457
v -0.243678 0.590131 0.038712
v 0.243678 0.590131 0.038712
v -0.229428 0.614322 -0.047804
v -0.176554 0.606660 -0.093763
v 0.139927 0.582102 0.096693
v -0.139927 0.582102 0.096693
v -0.199465 0.591791 0.090510
v 0.139927 0.582102 0.096693
v 0.199465 0.591791 0.090510
v -0.139927 0.582102 0.096693
v -0.199465 0.591791 0.090510
v 0.199465 0.591791 0.090510
v 0.231123 0.585314 -0.044457
v 0.229592 0.611507 -0.047479
v 0.243678 0.590131 0.038712
v -0.231123 0.585314 -0.044457
v -0.243678 0.590131 0.038712
v -0.199163 0.651634 0.098560
v -0.222701 0.729400 -0.061080
v -0.245386 0.763953 0.039327
v 0.222701 0.729400 -0.061080
v 0.199163 0.651634 0.098560
v 0.245386 0.763953 0.039327
v -0.159432 0.714527 -0.108865
v -0.096481 0.720919 -0.071279
v 0.159432 0.714527 -0.108865
v 0.096481 0.720919 -0.071279
v 0.169961 0.898408 0.111087
v 0.080314 0.936846 0.117816
v -0.080314 0.936846 0.117816
v -0.169961 0.898408 0.111087
v 0.223771 0.921892 0.038453
v -0.223771 0.921892 0.038453
v 0.132012 0.898163 -0.115039
v -0.132012 0.898164 -0.115039
v -0.014519 0.920151 0.014684
v 0.014519 0.920150 0.014684
v 0.014519 0.920150 0.014684
v -0.014519 0.920151 0.014684
v -0.062951 0.910033 -0.082021
v 0.062951 0.910033 -0.082021
v -0.208149 0.901002 -0.056260
v 0.208149 0.901002 -0.056260
v 0.130961 0.785802 -0.122093
v 0.246598 0.801081 -0.044430
v 0.103651 0.995421 -0.122642
v 0.161841 0.826091 -0.151315
v 0.254589 0.838346 -0.089025
v 0.140949 0.982430 -0.150472
v -0.130961 0.785802 -0.122093
v -0.246598 0.801081 -0.044430
v -0.254589 0.838346 -0.089025
v -0.161841 0.826091 -0.151315
v -0.140949 0.982430 -0.150472
v -0.103651 0.995422 -0.122642
v 0.233697 0.994684 -0.088182
v 0.219289 1.010701 -0.044979
v -0.233697 0.994685 -0.088182
v -0.219289 1.010701 -0.044979
v -0.192579 1.019195 -0.059912
v -0.068448 1.010902 -0.123873
v -0.119702 1.013694 -0.117320
v 0.068448 1.010902 -0.123873
v 0.119702 1.013694 -0.117320
v 0.192579 1.019195 -0.059912
v 0.210466 1.021423 0.036549
v 0.139265 0.990743 0.119038
v -0.139265 0.990743 0.119038
v -0.210466 1.021423 0.036549
v 0.026549 0.951399 -0.094504
v -0.026549 0.951399 -0.094504
v 0.000000 0.939210 -0.095224
v 0.000000 0.956542 0.115643
v 0.000000 0.956542 0.115643
v -0.014519 0.920151 0.014684
v 0.000000 0.939210 -0.095224
v -0.026549 0.951399 -0.094504
v 0.000000 1.004559 -0.145787
v 0.026549 0.951399 -0.094504
v -0.068448 1.010902 -0.123873
v 0.068448 1.010902 -0.123873
v 0.000000 0.990479 0.147290
v 0.124050 1.058141 0.141172
v 0.000000 1.055956 0.165438
v -0.124050 1.058141 0.141172
v -0.196311 1.104142 0.035078
v 0.196311 1.104142 0.035078
v -0.106681 1.100846 -0.115269
v 0.000000 1.091588 -0.150735
v 0.106681 1.100846 -0.115269
v -0.106681 1.100846 -0.115269
v 0.106681 1.100846 -0.115269
v 0.207914 1.011404 -0.059704
v 0.205464 1.018953 0.066053
v 0.187108 1.179957 -0.070204
v 0.249509 1.030983 -0.056681
v 0.247193 1.038119 0.062199
v -0.207914 1.011404 -0.059704
v -0.205464 1.018953 0.066053
v -0.247193 1.038119 0.062199
v -0.249509 1.030983 -0.056681
v -0.187108 1.179957 -0.070204
v -0.207914 1.011404 -0.059704
v -0.187108 1.179957 -0.070204
v 0.207914 1.011404 -0.059704
v 0.187108 1.179957 -0.070204
v -0.184658 1.187506 0.055552
v 0.184658 1.187506 0.055552
v -0.205464 1.018953 0.066053
v -0.184658 1.187506 0.055552
v 0.205464 1.018953 0.066053
v 0.184658 1.187506 0.055552
v -0.175774 1.108488 -0.063407
v 0.175774 1.108488 -0.063407
v -0.233014 1.164063 0.054658
v -0.235330 1.156927 -0.064221
v 0.235330 1.156927 -0.064221
v 0.233014 1.164063 0.054658
v 0.000000 1.141608 0.153183
v 0.112728 1.140092 0.128338
v -0.112728 1.140092 0.128338
v -0.103943 1.180909 -0.124617
v 0.000000 1.179968 -0.144199
v 0.103943 1.180909 -0.124617
v -0.160755 1.186046 -0.067211
v -0.160755 1.186046 -0.067211
v 0.160755 1.186046 -0.067211
v 0.160755 1.186046 -0.067211
v -0.181615 1.190686 0.025850
v 0.181615 1.190686 0.025850
v 0.000000 1.190619 0.129259
v 0.107130 1.191635 0.107357
v -0.107130 1.191635 0.107357
v 0.057117 1.170762 -0.164604
v 0.052595 1.171050 -0.137545
v 0.004562 1.172194 -0.145585
v 0.009084 1.171907 -0.172644
v 0.059006 1.246570 -0.165095
v 0.054817 1.260255 -0.138122
v 0.052595 1.171050 -0.137545
v -0.011412 1.171313 -0.172637
v -0.006944 1.171314 -0.145567
v -0.059451 1.172915 -0.164708
v -0.056992 1.248706 -0.165117
v -0.008953 1.247105 -0.173046
v -0.004051 1.260501 -0.146048
v -0.006944 1.171314 -0.145567
v -0.054983 1.172916 -0.137638
v 0.004562 1.172194 -0.145585
v 0.006784 1.261400 -0.146162
v 0.010972 1.247714 -0.173134
v -0.076034 1.171971 -0.165154
v -0.066873 1.172272 -0.139295
v -0.121788 1.176282 -0.148995
v -0.115739 1.251812 -0.152019
v -0.069985 1.247501 -0.168178
v -0.059755 1.261152 -0.142853
v -0.066873 1.172272 -0.139295
v -0.112627 1.176583 -0.123136
v -0.054983 1.172916 -0.137638
v -0.052090 1.262102 -0.138119
v 0.071491 1.173653 -0.165770
v 0.063019 1.173801 -0.139675
v 0.060886 1.263002 -0.140873
v 0.117811 1.174962 -0.150739
v 0.063019 1.173801 -0.139675
v 0.069678 1.249457 -0.166788
v 0.115998 1.250767 -0.151757
v 0.109339 1.175110 -0.124644
v 0.107206 1.264312 -0.125842
v 0.109339 1.175110 -0.124644
v -0.112627 1.176583 -0.123136
v -0.105509 1.265463 -0.126694
v -0.114411 1.177426 -0.119487
v -0.149636 1.179372 -0.085893
v -0.168571 1.179389 -0.105748
v -0.133346 1.177443 -0.139342
v -0.114411 1.177426 -0.119487
v -0.111794 1.266590 -0.121908
v 0.114411 1.177426 -0.119487
v 0.133346 1.177443 -0.139342
v 0.168571 1.179389 -0.105748
v 0.149636 1.179372 -0.085893
v 0.114411 1.177426 -0.119487
v 0.111794 1.266590 -0.121908
v -0.166347 1.255161 -0.107805
v -0.131122 1.253215 -0.141399
v 0.131122 1.253215 -0.141399
v 0.166347 1.255161 -0.107805
v -0.149636 1.179372 -0.085893
v -0.147019 1.268535 -0.088314
v 0.149636 1.179372 -0.085893
v 0.147019 1.268535 -0.088314
v 0.000000 1.179968 -0.144199
v -0.103943 1.180909 -0.124617
v -0.103033 1.260633 -0.127714
v 0.000000 1.257269 -0.145373
v 0.103033 1.260633 -0.127714
v 0.103943 1.180909 -0.124617
v -0.160755 1.186046 -0.067211
v -0.157905 1.263746 -0.071781
v 0.157905 1.263746 -0.071781
v 0.160755 1.186046 -0.067211
v -0.182625 1.181099 -0.084760
v -0.157302 1.181382 -0.074207
v -0.201353 1.184379 -0.039908
v -0.200108 1.260035 -0.044920
v -0.181381 1.256756 -0.089772
v -0.155837 1.270409 -0.080105
v -0.157302 1.181382 -0.074207
v -0.176029 1.184661 -0.029355
v 0.155329 1.181806 -0.079871
v 0.180822 1.181823 -0.090011
v 0.198812 1.183769 -0.044781
v 0.173319 1.183752 -0.034641
v 0.155329 1.181806 -0.079871
v 0.153961 1.270970 -0.083163
v 0.179659 1.257595 -0.092809
v 0.197649 1.259541 -0.047579
v 0.173319 1.183752 -0.034641
v 0.171951 1.272916 -0.037933
v -0.176029 1.184661 -0.029355
v -0.174564 1.273689 -0.035253
v 0.185731 1.197934 0.023846
v 0.181615 1.190686 0.025850
v 0.184504 1.257972 0.022196
v -0.181615 1.190686 0.025850
v -0.185731 1.197934 0.023846
v -0.184504 1.257972 0.022196
v 0.000000 1.190619 0.129259
v 0.107130 1.191635 0.107357
v 0.000000 1.198406 0.135358
v -0.107130 1.191635 0.107357
v 0.111289 1.201145 0.112089
v -0.111289 1.201145 0.112089
v -0.112297 1.262169 0.111032
v 0.112297 1.262169 0.111032
v 0.000000 1.259073 0.134018
v 0.054817 1.260255 -0.138122
v -0.052090 1.262102 -0.138119
v -0.004051 1.260501 -0.146048
v -0.105509 1.265463 -0.126694
v -0.059755 1.261152 -0.142853
v 0.006784 1.261400 -0.146162
v 0.060886 1.263002 -0.140873
v 0.107206 1.264312 -0.125842
v 0.111794 1.266590 -0.121908
v 0.147019 1.268535 -0.088314
v -0.147019 1.268535 -0.088314
v -0.111794 1.266590 -0.121908
v -0.174564 1.273689 -0.035253
v -0.155837 1.270409 -0.080105
v 0.000000 1.257269 -0.145373
v -0.103033 1.260633 -0.127714
v -0.101169 1.332554 -0.133639
v 0.101169 1.332554 -0.133639
v 0.103033 1.260633 -0.127714
v 0.000000 1.335894 -0.147674
v 0.153961 1.270970 -0.083163
v 0.171951 1.272916 -0.037933
v -0.110066 1.269781 0.104408
v -0.178040 1.267569 0.021247
v 0.178040 1.267569 0.021247
v 0.110066 1.269781 0.104408
v 0.000000 1.268307 0.125520
v -0.157905 1.263746 -0.071781
v -0.159185 1.325565 -0.071559
v 0.159185 1.325565 -0.071559
v 0.157905 1.263746 -0.071781
v 0.177589 1.317401 0.020164
v 0.178040 1.267569 0.021247
v -0.178040 1.267569 0.021247
v -0.177589 1.317401 0.020164
v 0.110066 1.269781 0.104408
v -0.110066 1.269781 0.104408
v 0.000000 1.268307 0.125520
v 0.000000 1.329019 0.126338
v 0.116715 1.323486 0.106960
v -0.116715 1.323486 0.106960
v 0.177589 1.317401 0.020164
v 0.159185 1.325565 -0.071559
v 0.192608 1.330636 0.019537
v 0.120934 1.335158 0.117909
v 0.116715 1.323486 0.106960
v -0.177589 1.317401 0.020164
v -0.116715 1.323486 0.106960
v -0.120934 1.335158 0.117909
v -0.192608 1.330636 0.019537
v -0.159185 1.325565 -0.071559
v 0.000000 1.344164 0.139143
v 0.000000 1.329019 0.126338
v 0.101169 1.332554 -0.133639
v 0.173270 1.338568 -0.080176
v -0.173270 1.338568 -0.080176
v -0.101169 1.332554 -0.133639
v -0.125559 1.464393 0.120289
v -0.208313 1.465213 0.028732
v 0.208313 1.465213 0.028732
v 0.125559 1.464393 0.120289
v -0.100602 1.344289 -0.144299
v 0.000000 1.335894 -0.147674
v 0.100602 1.344289 -0.144299
v 0.000000 1.471357 0.141415
v 0.000000 1.347462 -0.158484
v -0.126804 1.361563 -0.122514
v -0.137951 1.404845 -0.113936
v -0.142057 1.431640 -0.107328
v -0.177212 1.468207 -0.087193
v 0.126804 1.361563 -0.122514
v 0.137951 1.404845 -0.113936
v 0.142057 1.431640 -0.107328
v 0.177212 1.468207 -0.087193
v -0.100725 1.366820 -0.142595
v 0.100725 1.366820 -0.142595
v 0.000000 1.371755 -0.160169
v 0.126804 1.361563 -0.122514
v 0.124266 1.365548 -0.128296
v 0.135334 1.403325 -0.119820
v 0.100725 1.366820 -0.142595
v 0.137951 1.404845 -0.113936
v -0.126804 1.361563 -0.122514
v -0.124266 1.365548 -0.128296
v -0.100725 1.366820 -0.142595
v -0.135334 1.403325 -0.119820
v -0.137951 1.404845 -0.113936
v -0.098808 1.370700 -0.147925
v -0.096494 1.423196 -0.142368
v 0.098808 1.370700 -0.147925
v 0.096494 1.423196 -0.142368
v 0.000000 1.371755 -0.160169
v 0.000000 1.375536 -0.165191
v 0.000000 1.440761 -0.161652
v 0.098259 1.425305 -0.136946
v 0.102059 1.457704 -0.132498
v -0.098259 1.425305 -0.136946
v 0.098259 1.425305 -0.136946
v -0.102059 1.457704 -0.132498
v -0.098259 1.425305 -0.136946
v -0.063057 1.494212 -0.139811
v 0.063057 1.494212 -0.139811
v 0.064343 1.497222 -0.134638
v 0.064343 1.497222 -0.134638
v -0.064343 1.497222 -0.134638
v -0.064343 1.497222 -0.134638
v -0.142057 1.431640 -0.107328
v -0.140277 1.436144 -0.112696
v -0.102059 1.457704 -0.132498
v -0.151843 1.519714 -0.108438
v -0.149864 1.521672 -0.113990
v 0.151843 1.519714 -0.108438
v -0.151843 1.519714 -0.108438
v 0.142057 1.431640 -0.107328
v 0.140277 1.436144 -0.112696
v 0.149864 1.521672 -0.113990
v 0.102059 1.457704 -0.132498
v 0.151843 1.519714 -0.108438
v -0.103757 1.461417 -0.137000
v 0.103757 1.461417 -0.137000
v 0.000000 1.523563 -0.149910
v 0.078408 1.514141 -0.133010
v -0.078408 1.514141 -0.133010
v 0.078408 1.514141 -0.133010
v -0.078408 1.514141 -0.133010
v -0.080786 1.516490 -0.137969
v 0.080786 1.516490 -0.137969
v 0.200185 1.610757 0.136573
v 0.117318 1.619425 0.162532
v 0.000000 1.616184 0.170458
v -0.200185 1.610757 0.136573
v -0.117318 1.619425 0.162532
v 0.216175 1.533756 0.038148
v -0.216175 1.533756 0.038148
v -0.196032 1.595137 -0.056916
v -0.175146 1.538197 -0.096563
v 0.175146 1.538197 -0.096563
v 0.196032 1.595137 -0.056916
v 0.000000 1.527047 -0.145111
v 0.000000 1.527047 -0.145111
v 0.011708 1.546318 -0.141328
v -0.011708 1.546318 -0.141328
v 0.011708 1.546318 -0.141328
v -0.011708 1.546318 -0.141328
v 0.013878 1.548005 -0.145897
v 0.026246 1.578681 -0.137872
v 0.090510 1.570217 -0.135581
v -0.090510 1.570217 -0.135581
v -0.013878 1.548005 -0.145897
v -0.026246 1.578681 -0.137872
v 0.172477 1.539607 -0.102545
v 0.175146 1.538197 -0.096563
v -0.175146 1.538197 -0.096563
v -0.172477 1.539607 -0.102545
v -0.010594 1.566507 -0.138128
v 0.010594 1.566507 -0.138128
v 0.000000 1.575928 -0.137191
v -0.214351 1.546085 0.039838
v 0.214351 1.546085 0.039838
v -0.175937 1.651305 -0.081647
v -0.178712 1.652582 -0.075206
v 0.178712 1.652582 -0.075206
v 0.175937 1.651305 -0.081647
v 0.178712 1.652582 -0.075206
v -0.178712 1.652582 -0.075206
v 0.214351 1.546085 0.039838
v 0.311478 1.548191 0.042707
v 0.287221 1.618523 0.127939
v 0.204046 1.612737 0.121784
v -0.214351 1.546085 0.039838
v -0.204046 1.612737 0.121784
v -0.287222 1.618523 0.127939
v -0.311478 1.548190 0.042707
v 0.205513 1.600094 -0.040611
v 0.204046 1.612737 0.121784
v -0.214351 1.546085 0.039838
v -0.311478 1.548190 0.042707
v -0.205513 1.600094 -0.040611
v -0.205513 1.600094 -0.040611
v -0.204046 1.612737 0.121784
v 0.214351 1.546085 0.039838
v 0.205513 1.600094 -0.040611
v 0.311478 1.548191 0.042707
v -0.010594 1.566507 -0.138128
v 0.010594 1.566507 -0.138128
v 0.012796 1.565512 -0.142703
v -0.012796 1.565512 -0.142703
v -0.399986 1.577819 0.106922
v -0.387960 1.556690 0.054288
v 0.387960 1.556690 0.054288
v 0.399986 1.577819 0.106922
v 0.294715 1.604669 -0.032552
v 0.387960 1.556690 0.054288
v -0.387960 1.556690 0.054288
v -0.294715 1.604669 -0.032552
v -0.454252 1.566999 0.064592
v -0.384616 1.597993 -0.015549
v 0.384615 1.597993 -0.015549
v 0.454252 1.566999 0.064592
v -0.462137 1.580945 0.116601
v -0.454252 1.566999 0.064592
v 0.454252 1.566999 0.064592
v 0.462137 1.580945 0.116601
v 0.570135 1.562874 0.048041
v 0.561681 1.571780 0.053419
v 0.551517 1.603667 -0.000947
v 0.578676 1.573776 0.103083
v 0.742500 1.584197 0.005990
v 0.560060 1.598605 -0.009217
v 0.732156 1.604736 -0.029002
v -0.570135 1.562874 0.048041
v -0.561682 1.571780 0.053419
v -0.578676 1.573776 0.103083
v -0.742500 1.584197 0.005990
v -0.732157 1.604736 -0.029002
v -0.560061 1.598605 -0.009217
v -0.551517 1.603667 -0.000947
v -0.024454 1.580079 -0.133139
v 0.024454 1.580079 -0.133139
v -0.509775 1.566159 0.061607
v -0.529640 1.577870 0.112029
v -0.561682 1.571780 0.053419
v 0.509775 1.566159 0.061607
v 0.561681 1.571780 0.053419
v 0.529639 1.577870 0.112029
v 0.509775 1.566159 0.061607
v 0.502094 1.596910 0.007100
v 0.551517 1.603667 -0.000947
v 0.561681 1.571780 0.053419
v -0.509775 1.566159 0.061607
v -0.561682 1.571780 0.053419
v -0.551517 1.603667 -0.000947
v -0.502094 1.596910 0.007100
v 0.024454 1.580079 -0.133139
v -0.024454 1.580079 -0.133139
v -0.447425 1.600787 0.008645
v 0.447425 1.600787 0.008645
v -0.089475 1.637134 -0.120322
v 0.089475 1.637134 -0.120322
v -0.570298 1.581509 0.095862
v 0.570298 1.581509 0.095862
v -0.570298 1.581509 0.095862
v 0.570298 1.581509 0.095862
v -0.585284 1.618036 0.124921
v -0.752496 1.587444 0.039876
v -0.662173 1.618231 0.096840
v 0.752495 1.587444 0.039876
v 0.662172 1.618231 0.096840
v 0.585284 1.618036 0.124921
v 0.888420 1.574730 0.024146
v 0.902336 1.581372 -0.049928
v 0.910201 1.594905 -0.047728
v 0.900852 1.593395 0.028428
v 0.873480 1.581907 0.033028
v 0.888420 1.574730 0.024146
v 0.873480 1.581907 0.033028
v 0.902336 1.581372 -0.049928
v -0.888435 1.574806 0.024366
v -0.902331 1.581076 -0.049744
v -0.873496 1.582024 0.033215
v -0.888435 1.574806 0.024366
v -0.873496 1.582024 0.033215
v -0.900863 1.593495 0.028550
v -0.910194 1.594621 -0.047615
v -0.902331 1.581076 -0.049744
v -0.014389 1.588391 -0.132676
v 0.014389 1.588391 -0.132676
v 0.404941 1.622667 0.135582
v -0.404941 1.622667 0.135582
v -0.529217 1.617616 0.131963
v -0.576965 1.618398 0.115351
v 0.576964 1.618398 0.115351
v 0.529216 1.617616 0.131963
v 0.024600 1.634190 -0.118798
v 0.026388 1.635481 -0.123942
v -0.024600 1.634190 -0.118798
v -0.026388 1.635481 -0.123942
v -0.024600 1.634190 -0.118798
v 0.024600 1.634190 -0.118798
v -0.464341 1.619537 0.140886
v 0.464341 1.619538 0.140886
v -0.890285 1.593503 -0.052430
v -0.890285 1.593503 -0.052430
v 0.890293 1.593816 -0.052554
v 0.890293 1.593816 -0.052554
v -0.576965 1.618398 0.115351
v 0.576964 1.618398 0.115351
v 0.876129 1.601205 0.039907
v 0.876129 1.601205 0.039907
v -0.876140 1.601357 0.039995
v -0.876140 1.601357 0.039995
v -0.873687 1.582960 -0.097559
v -0.872496 1.583734 -0.081417
v -0.876974 1.592229 -0.086649
v -0.850754 1.584936 -0.097245
v -0.876974 1.592229 -0.086649
v -0.854220 1.605099 -0.094469
v 0.873704 1.583506 -0.097740
v 0.872509 1.584199 -0.081594
v 0.850770 1.585487 -0.097421
v 0.854241 1.605635 -0.094542
v 0.876990 1.592719 -0.086782
v 0.876990 1.592719 -0.086782
v -0.845738 1.589233 -0.066408
v -0.858647 1.604537 -0.080192
v 0.747588 1.589974 0.005554
v 0.757672 1.592871 0.035795
v -0.757672 1.592871 0.035795
v -0.747588 1.589974 0.005554
v 0.845748 1.589629 -0.066564
v 0.858665 1.604999 -0.080267
v -0.838340 1.591373 -0.093312
v 0.838358 1.591908 -0.093458
v -0.801854 1.586030 -0.008998
v -0.788924 1.586937 -0.042713
v -0.762967 1.606914 -0.034290
v -0.822218 1.590224 -0.051205
v -0.783349 1.592599 0.024409
v -0.817740 1.593223 0.039917
v -0.851101 1.607900 0.043485
v -0.832432 1.611373 -0.045131
v 0.801850 1.586147 -0.009182
v 0.788928 1.587229 -0.042895
v 0.822225 1.590550 -0.051361
v 0.832444 1.611664 -0.045179
v 0.783338 1.592552 0.024254
v 0.762975 1.607170 -0.034377
v 0.817725 1.593088 0.039773
v 0.851090 1.607737 0.043423
v -0.809734 1.593570 -0.083850
v -0.925637 1.587042 -0.081690
v -0.921665 1.591050 -0.067706
v -0.929436 1.598202 -0.080172
v -0.921974 1.593219 -0.090858
v -0.925637 1.587042 -0.081690
v -0.912078 1.590107 -0.078054
v -0.921665 1.591050 -0.067706
v -0.921974 1.593219 -0.090858
v 0.809750 1.594064 -0.083993
v 0.765046 1.618783 0.055329
v 0.751269 1.618423 0.066449
v 0.759804 1.618467 0.062205
v -0.751269 1.618423 0.066449
v -0.759804 1.618467 0.062205
v -0.765046 1.618783 0.055329
v 0.925650 1.587494 -0.081838
v 0.912091 1.590544 -0.078190
v 0.921991 1.593718 -0.090976
v 0.921676 1.591432 -0.067835
v 0.925650 1.587494 -0.081838
v 0.921991 1.593718 -0.090976
v 0.929452 1.598645 -0.080262
v 0.921676 1.591432 -0.067835
v -0.014341 1.629357 -0.121406
v 0.014341 1.629357 -0.121406
v -0.839537 1.605933 -0.073404
v 0.839554 1.606366 -0.073476
v 0.747588 1.589974 0.005554
v 0.757672 1.592871 0.035795
v 0.738065 1.608354 -0.025674
v -0.747588 1.589974 0.005554
v -0.757672 1.592871 0.035795
v -0.738065 1.608354 -0.025674
v 0.738065 1.608354 -0.025674
v -0.738065 1.608354 -0.025674
v -0.915437 1.604558 -0.090071
v -0.904772 1.604914 -0.074923
v -0.832501 1.617681 -0.064024
v 0.904788 1.605337 -0.074985
v 0.915457 1.605054 -0.090133
v 0.832518 1.618069 -0.064039
v -0.917687 1.608916 -0.063506
v -0.917687 1.608916 -0.063506
v -0.842414 1.607954 -0.088195
v 0.917702 1.609278 -0.063545
v 0.917702 1.609278 -0.063545
v 0.842434 1.608461 -0.088257
v -0.858647 1.604537 -0.080192
v 0.790500 1.616608 0.046528
v 0.765046 1.618783 0.055329
v -0.765046 1.618783 0.055329
v -0.790509 1.616770 0.046559
v 0.858665 1.604999 -0.080267
v 0.853828 1.624327 0.049594
v -0.925687 1.614612 -0.077761
v -0.915437 1.604558 -0.090071
v -0.853835 1.624522 0.049571
v 0.898520 1.627589 -0.038729
v 0.895363 1.614613 0.030560
v -0.895369 1.614723 0.030577
v -0.898506 1.627348 -0.038778
v -0.885572 1.613602 -0.048144
v -0.885572 1.613602 -0.048144
v -0.818822 1.624084 -0.076690
v -0.765527 1.638798 -0.031768
v 0.915457 1.605054 -0.090133
v 0.925707 1.615044 -0.077769
v 0.885585 1.613894 -0.048167
v 0.885585 1.613894 -0.048167
v 0.765542 1.639040 -0.031693
v 0.818845 1.624539 -0.076675
v -0.200620 1.684694 -0.035357
v -0.188176 1.687657 -0.055717
v 0.188176 1.687657 -0.055717
v 0.200620 1.684693 -0.035357
v -0.552556 1.641677 -0.001144
v -0.503366 1.636949 0.014079
v 0.503365 1.636949 0.014079
v 0.552556 1.641677 -0.001144
v 0.275061 1.664773 -0.019261
v 0.391021 1.651369 0.001217
v -0.391021 1.651369 0.001217
v -0.275061 1.664773 -0.019261
v -0.734381 1.640922 -0.026035
v -0.561090 1.644120 -0.011048
v -0.552556 1.641677 -0.001144
v 0.552556 1.641677 -0.001144
v 0.734381 1.640922 -0.026035
v 0.561090 1.644120 -0.011048
v 0.200620 1.684693 -0.035357
v -0.200620 1.684694 -0.035357
v -0.449952 1.640561 0.015659
v 0.449952 1.640562 0.015659
v 0.853828 1.624327 0.049594
v -0.853835 1.624522 0.049571
v -0.839537 1.605933 -0.073404
v -0.891282 1.617064 -0.069309
v -0.897696 1.622983 -0.084508
v -0.897696 1.622983 -0.084508
v -0.904836 1.622601 -0.057037
v 0.839554 1.606366 -0.073476
v 0.897720 1.623456 -0.084480
v 0.891301 1.617462 -0.069313
v 0.897720 1.623456 -0.084480
v 0.904853 1.622932 -0.057010
v -0.832501 1.617681 -0.064024
v 0.832518 1.618069 -0.064039
v -0.739397 1.638823 -0.023027
v 0.739397 1.638823 -0.023027
v 0.871855 1.625747 -0.048355
v -0.871839 1.625450 -0.048389
v 0.739397 1.638823 -0.023027
v -0.739397 1.638823 -0.023027
v -0.904836 1.622601 -0.057037
v -0.904810 1.639860 -0.070531
v 0.904836 1.640260 -0.070416
v 0.904853 1.622932 -0.057010
v -0.103520 1.698335 0.137133
v -0.205777 1.687579 0.102834
v -0.188287 1.694934 0.118129
v 0.205777 1.687579 0.102834
v 0.188287 1.694934 0.118129
v 0.103520 1.698335 0.137133
v -0.865944 1.624151 -0.057758
v -0.860215 1.638409 -0.075447
v 0.860241 1.638846 -0.075350
v 0.865961 1.624498 -0.057733
v 0.275863 1.678560 0.107946
v 0.205777 1.687579 0.102834
v -0.275864 1.678559 0.107946
v -0.205777 1.687579 0.102834
v -0.871839 1.625450 -0.048389
v 0.871855 1.625747 -0.048355
v 0.851486 1.651827 -0.022802
v 0.852083 1.637052 0.032339
v -0.852083 1.637158 0.032252
v -0.851469 1.651653 -0.022964
v 0.000000 1.703101 0.145256
v 0.790500 1.616608 0.046528
v 0.789806 1.641692 0.040892
v 0.764386 1.644355 0.048718
v 0.765046 1.618783 0.055329
v -0.790509 1.616770 0.046559
v -0.765046 1.618783 0.055329
v -0.764386 1.644355 0.048719
v -0.789807 1.641825 0.040796
v 0.524535 1.666463 0.118949
v 0.463036 1.662617 0.115909
v -0.463036 1.662617 0.115909
v -0.524535 1.666463 0.118949
v -0.818822 1.624084 -0.076690
v 0.585284 1.618036 0.124921
v 0.597967 1.628015 0.133716
v 0.596745 1.659860 0.125376
v 0.584061 1.663290 0.114523
v 0.576964 1.618398 0.115351
v -0.585284 1.618036 0.124921
v -0.576965 1.618398 0.115351
v -0.584061 1.663290 0.114523
v -0.596745 1.659860 0.125376
v -0.597967 1.628015 0.133716
v 0.818845 1.624539 -0.076675
v 0.575731 1.658786 0.106072
v -0.575731 1.658786 0.106072
v 0.575731 1.658786 0.106072
v -0.575731 1.658786 0.106072
v -0.751269 1.618423 0.066449
v -0.750323 1.648800 0.059080
v -0.759804 1.618467 0.062205
v 0.751269 1.618423 0.066449
v 0.759804 1.618467 0.062205
v 0.750323 1.648800 0.059080
v -0.764386 1.644355 0.048719
v -0.765046 1.618783 0.055329
v -0.759150 1.647121 0.054357
v 0.765046 1.618783 0.055329
v 0.764386 1.644355 0.048718
v 0.759150 1.647121 0.054357
v 0.402044 1.668786 0.118117
v -0.402044 1.668786 0.118117
v -0.872514 1.642890 -0.045117
v -0.872514 1.642890 -0.045117
v 0.872534 1.643170 -0.044995
v 0.872534 1.643170 -0.044995
v -0.860215 1.638409 -0.075447
v 0.860241 1.638846 -0.075350
v -0.862235 1.652316 -0.058994
v 0.862261 1.652669 -0.058826
v 0.000000 1.639286 -0.119539
v 0.009559 1.644900 -0.117689
v -0.009559 1.644900 -0.117689
v -0.009559 1.644900 -0.117689
v 0.009559 1.644900 -0.117689
v 0.011792 1.645875 -0.122885
v 0.011450 1.661822 -0.116194
v 0.087324 1.662283 -0.105909
v -0.087324 1.662283 -0.105909
v -0.011792 1.645875 -0.122885
v -0.011450 1.661822 -0.116194
v 0.508666 1.679739 0.059798
v 0.564858 1.674945 0.054042
v -0.564858 1.674945 0.054042
v -0.508666 1.679739 0.059798
v -0.779512 1.653815 0.005952
v -0.757040 1.655785 0.014582
v -0.751868 1.659928 0.016106
v 0.779523 1.653862 0.006106
v 0.757040 1.655785 0.014582
v -0.757040 1.655785 0.014582
v 0.751868 1.659928 0.016106
v 0.757040 1.655785 0.014582
v -0.009207 1.663715 -0.110545
v 0.000000 1.663666 -0.111643
v 0.009207 1.663715 -0.110545
v 0.459373 1.676802 0.062774
v -0.459373 1.676801 0.062774
v 0.697934 1.657630 0.007155
v -0.697934 1.657630 0.007155
v 0.569022 1.665993 0.026391
v 0.564858 1.674945 0.054042
v -0.569022 1.665993 0.026391
v -0.564858 1.674945 0.054042
v -0.009207 1.663715 -0.110545
v 0.009207 1.663715 -0.110545
v -0.664020 1.655719 0.086965
v -0.706039 1.662350 0.050919
v 0.706039 1.662350 0.050919
v 0.664020 1.655719 0.086965
v 0.169747 1.660701 -0.081216
v -0.169747 1.660701 -0.081216
v -0.395320 1.689474 0.064224
v 0.395320 1.689474 0.064224
v -0.172107 1.662560 -0.074651
v 0.172107 1.662560 -0.074651
v -0.172107 1.662560 -0.074651
v 0.172107 1.662560 -0.074651
v 0.576987 1.675002 0.077908
v -0.576987 1.675002 0.077908
v -0.702359 1.665880 0.028339
v 0.702359 1.665880 0.028339
v -0.564858 1.674945 0.054042
v 0.564858 1.674945 0.054042
v -0.087711 1.664190 -0.099707
v 0.087711 1.664190 -0.099707
v -0.085873 1.682207 -0.087138
v -0.087711 1.664190 -0.099707
v -0.171272 1.690175 -0.060484
v 0.087711 1.664190 -0.099707
v 0.085873 1.682207 -0.087138
v 0.171272 1.690174 -0.060484
v 0.000000 1.676514 -0.103493
v 0.247410 1.707639 0.038216
v -0.247410 1.707638 0.038216
v -0.203313 1.717553 0.029621
v 0.203313 1.717553 0.029621
v 0.193677 1.729741 0.024533
v 0.203313 1.717553 0.029621
v -0.203313 1.717553 0.029621
v -0.193677 1.729741 0.024533
v 0.174063 1.731459 0.020239
v -0.174063 1.731460 0.020239
v 0.165755 1.725925 0.083772
v 0.085951 1.734025 0.106256
v -0.085951 1.734025 0.106256
v -0.165755 1.725925 0.083772
v 0.000000 1.735080 0.121576
v 0.000000 1.575928 -0.137191
v 0.000000 1.578556 -0.141730
v 0.012095 1.589520 -0.137522
v -0.014389 1.588391 -0.132676
v -0.012095 1.589520 -0.137522
v 0.014389 1.588391 -0.132676
v 0.000000 1.636752 -0.125393
v -0.012051 1.628134 -0.126982
v -0.014341 1.629357 -0.121406
v 0.012051 1.628134 -0.126982
v 0.014341 1.629357 -0.121406
v 0.178191 1.593050 0.179357
v 0.275837 1.625203 0.147067
v 0.280061 1.615099 0.151520
v 0.182091 1.602726 0.184933
v 0.279464 1.625469 0.158332
v 0.175643 1.603392 0.175712
v 0.409692 1.680832 0.110978
v 0.416270 1.671817 0.114426
v 0.585284 1.618036 0.124921
v 0.662172 1.618231 0.096840
v 0.665262 1.629716 0.114669
v 0.597967 1.628015 0.133716
v -0.585284 1.618036 0.124921
v -0.597967 1.628015 0.133716
v -0.665262 1.629716 0.114669
v -0.662173 1.618231 0.096840
v -0.671340 1.625816 0.101602
v -0.751269 1.618423 0.066449
v 0.751269 1.618423 0.066449
v 0.671340 1.625816 0.101602
v -0.744979 1.625633 0.075210
v 0.744979 1.625633 0.075210
v 0.751269 1.618423 0.066449
v 0.750323 1.648800 0.059080
v 0.744979 1.625633 0.075210
v -0.751269 1.618423 0.066449
v -0.744979 1.625633 0.075210
v -0.750323 1.648800 0.059080
v 0.414356 1.681529 0.121680
v 0.416270 1.671817 0.114426
v 0.414356 1.681529 0.121680
v 0.744033 1.647817 0.069898
v -0.744033 1.647817 0.069898
v 0.744979 1.625633 0.075210
v 0.744033 1.647817 0.069898
v 0.671340 1.625816 0.101602
v -0.744979 1.625633 0.075210
v -0.671340 1.625816 0.101602
v -0.744033 1.647817 0.069898
v 0.671079 1.654453 0.094669
v -0.671340 1.625816 0.101602
v -0.665262 1.629716 0.114669
v -0.671079 1.654453 0.094669
v -0.671079 1.654453 0.094669
v 0.671340 1.625816 0.101602
v 0.671079 1.654453 0.094669
v 0.665262 1.629716 0.114669
v 0.597967 1.628015 0.133716
v 0.665262 1.629716 0.114669
v 0.665097 1.656859 0.107423
v 0.596745 1.659860 0.125376
v -0.597967 1.628015 0.133716
v -0.665097 1.656859 0.107423
v -0.665262 1.629716 0.114669
v -0.596745 1.659860 0.125376
v 0.000000 1.639286 -0.119539
v -0.665097 1.656859 0.107423
v 0.665097 1.656859 0.107423
v 0.744033 1.647817 0.069898
v 0.750323 1.648800 0.059080
v 0.671079 1.654453 0.094669
v -0.744033 1.647817 0.069898
v -0.671079 1.654453 0.094669
v -0.750323 1.648800 0.059080
v 0.664020 1.655719 0.086965
v -0.664020 1.655719 0.086965
v -0.665097 1.656859 0.107423
v 0.665097 1.656859 0.107423
v 0.584061 1.663290 0.114523
v -0.584061 1.663290 0.114523
v -0.596745 1.659860 0.125376
v 0.596745 1.659860 0.125376
v -0.697934 1.657630 0.007155
v -0.702359 1.665880 0.028339
v -0.693017 1.675313 0.030332
v -0.690362 1.668346 0.013396
v -0.569022 1.665993 0.026391
v 0.697934 1.657630 0.007155
v 0.569022 1.665993 0.026391
v 0.690362 1.668346 0.013396
v 0.693017 1.675313 0.030332
v 0.702359 1.665880 0.028339
v -0.706039 1.662350 0.050919
v -0.695654 1.670907 0.049224
v -0.576987 1.675002 0.077908
v -0.593816 1.682236 0.069644
v 0.706039 1.662350 0.050919
v 0.695654 1.670907 0.049224
v 0.593816 1.682236 0.069644
v 0.576987 1.675002 0.077908
v 0.587065 1.676597 0.027909
v 0.540485 1.681357 0.044657
v 0.543262 1.698152 0.042453
v -0.587065 1.676597 0.027909
v -0.543262 1.698152 0.042453
v -0.540485 1.681357 0.044657
v 0.569022 1.665993 0.026391
v 0.573284 1.681397 0.051833
v 0.540485 1.681357 0.044657
v -0.569022 1.665993 0.026391
v -0.540485 1.681357 0.044657
v -0.573284 1.681397 0.051833
v 0.569022 1.665993 0.026391
v 0.564858 1.674945 0.054042
v 0.573284 1.681397 0.051833
v -0.569022 1.665993 0.026391
v -0.573284 1.681397 0.051833
v -0.564858 1.674945 0.054042
v -0.590619 1.686816 0.047641
v 0.590619 1.686816 0.047641
v 0.545328 1.694721 0.046096
v 0.543590 1.685568 0.051348
v -0.576987 1.675002 0.077908
v 0.576987 1.675002 0.077908
v 0.576987 1.675002 0.077908
v 0.543972 1.683157 0.068589
v 0.546749 1.699952 0.066385
v 0.543972 1.683157 0.068589
v -0.543972 1.683157 0.068589
v -0.546749 1.699952 0.066385
v -0.576987 1.675002 0.077908
v -0.543972 1.683157 0.068589
v 0.000000 1.676514 -0.103493
v 0.000000 1.681830 -0.102919
v 0.085873 1.687524 -0.086547
v -0.085873 1.682207 -0.087138
v -0.085873 1.687524 -0.086547
v 0.085873 1.682207 -0.087138
v 0.545617 1.694833 0.057587
v 0.540485 1.681357 0.044657
v 0.543972 1.683157 0.068589
v 0.543262 1.698152 0.042453
v -0.540485 1.681357 0.044657
v -0.543262 1.698152 0.042453
v -0.543972 1.683157 0.068589
v 0.543590 1.685568 0.051348
v 0.545617 1.694833 0.057587
v -0.066093 1.716127 -0.065691
v 0.000000 1.698291 -0.088081
v 0.066093 1.716127 -0.065691
v -0.171272 1.690175 -0.060484
v -0.171272 1.695491 -0.059909
v 0.171272 1.695491 -0.059909
v 0.171272 1.690174 -0.060484
v -0.546749 1.699952 0.066385
v 0.546749 1.699952 0.066385
v -0.103058 1.745168 0.002549
v 0.103058 1.745168 0.002549
v 0.174063 1.736776 0.020239
v 0.174063 1.731459 0.020239
v -0.174063 1.731460 0.020239
v -0.174063 1.736776 0.020239
v 0.000000 1.692975 -0.085733
v -0.064010 1.710811 -0.063712
v -0.056484 1.742092 -0.060855
v 0.000000 1.733327 -0.094257
v 0.056484 1.742092 -0.060855
v 0.064010 1.710811 -0.063712
v 0.000000 1.692975 -0.085733
v -0.064010 1.710811 -0.063712
v 0.064010 1.710811 -0.063712
v 0.273107 1.694608 0.118954
v 0.210808 1.695982 0.095041
v 0.295701 1.699127 -0.019646
v 0.375161 1.703279 0.017426
v 0.360205 1.700288 0.109172
v -0.273107 1.694608 0.118954
v -0.210808 1.695982 0.095041
v -0.213962 1.716937 0.037639
v -0.280781 1.735867 0.049818
v -0.360205 1.700288 0.109172
v 0.273107 1.694608 0.118954
v 0.360205 1.700288 0.109172
v 0.280781 1.735867 0.049818
v 0.213962 1.716937 0.037639
v 0.210808 1.695982 0.095041
v -0.273107 1.694608 0.118954
v -0.295701 1.699127 -0.019646
v -0.210808 1.695982 0.095041
v -0.360205 1.700288 0.109172
v -0.375161 1.703279 0.017426
v 0.210808 1.695982 0.095041
v 0.213962 1.716937 0.037639
v 0.229063 1.699633 -0.017394
v -0.229063 1.699633 -0.017394
v 0.229063 1.699633 -0.017394
v -0.210808 1.695982 0.095041
v -0.229063 1.699633 -0.017394
v -0.213962 1.716937 0.037639
v -0.295701 1.699127 -0.019646
v -0.375161 1.703279 0.017426
v -0.229063 1.699633 -0.017394
v 0.295701 1.699127 -0.019646
v 0.229063 1.699633 -0.017394
v 0.375161 1.703279 0.017426
v 0.377571 1.719346 0.065124
v -0.360205 1.700288 0.109172
v -0.377571 1.719346 0.065124
v -0.375161 1.703279 0.017426
v -0.377571 1.719346 0.065124
v 0.360205 1.700288 0.109172
v 0.375161 1.703279 0.017426
v 0.377571 1.719346 0.065124
v 0.085521 1.762222 -0.003637
v 0.099810 1.739852 0.002469
v -0.099810 1.739852 0.002469
v -0.099810 1.739852 0.002469
v -0.085521 1.762222 -0.003637
v 0.099810 1.739852 0.002469
v -0.165755 1.725925 0.083772
v -0.165755 1.731241 0.083772
v -0.085951 1.734025 0.106256
v -0.085951 1.739341 0.106256
v 0.165755 1.725925 0.083772
v 0.165755 1.731241 0.083772
v 0.085951 1.739341 0.106256
v 0.085951 1.734025 0.106256
v -0.072311 1.758332 0.066269
v 0.072311 1.758332 0.066269
v 0.039097 1.734698 -0.157113
v -0.039097 1.734698 -0.157113
v -0.023064 1.736255 -0.159444
v 0.000000 1.734899 -0.160047
v 0.023064 1.736255 -0.159444
v -0.025423 1.733345 -0.161792
v -0.023064 1.736255 -0.159444
v -0.039097 1.734698 -0.157113
v -0.023652 1.886976 -0.157316
v -0.021293 1.889055 -0.154968
v 0.025423 1.733345 -0.161792
v 0.049441 1.824193 -0.152113
v 0.039097 1.734698 -0.157113
v 0.023652 1.886976 -0.157316
v -0.025423 1.733345 -0.161792
v -0.039097 1.734698 -0.157113
v -0.049441 1.824193 -0.152113
v -0.023652 1.886976 -0.157316
v 0.025423 1.733345 -0.161792
v 0.039097 1.734698 -0.157113
v 0.023064 1.736255 -0.159444
v 0.021293 1.889055 -0.154968
v 0.023652 1.886976 -0.157316
v 0.000000 1.740396 0.121576
v 0.000000 1.735080 0.121576
v 0.122150 1.764872 -0.053953
v -0.122150 1.764872 -0.053953
v -0.039097 1.734698 -0.157113
v -0.056114 1.799431 -0.131165
v -0.049441 1.824193 -0.152113
v -0.039097 1.734698 -0.157113
v -0.122150 1.764872 -0.053953
v -0.056114 1.799431 -0.131165
v 0.039097 1.734698 -0.157113
v 0.056114 1.799431 -0.131165
v 0.122150 1.764872 -0.053953
v 0.039097 1.734698 -0.157113
v 0.049441 1.824193 -0.152113
v 0.056114 1.799431 -0.131165
v 0.000000 1.734899 -0.160047
v -0.023064 1.736255 -0.159444
v 0.000000 1.912022 -0.162081
v 0.023064 1.736255 -0.159444
v -0.021293 1.889055 -0.154968
v 0.021293 1.889055 -0.154968
v 0.000000 1.763315 0.098498
v -0.070032 1.753016 0.064180
v -0.070032 1.753016 0.064180
v -0.059738 1.777847 0.049134
v 0.059738 1.777847 0.049134
v 0.070032 1.753016 0.064180
v 0.070032 1.753016 0.064180
v 0.000000 1.757999 0.095394
v 0.000000 1.782794 0.091414
v 0.000000 1.757999 0.095394
v -0.135262 1.765883 -0.046779
v -0.135262 1.779442 0.022207
v 0.135262 1.765883 -0.046779
v 0.135262 1.779442 0.022207
v -0.064382 1.821176 -0.118544
v -0.075807 1.831929 -0.104298
v -0.094126 1.834507 -0.075022
v 0.064382 1.821176 -0.118544
v 0.075807 1.831929 -0.104298
v 0.094126 1.834507 -0.075022
v -0.122150 1.764872 -0.053953
v -0.135262 1.765883 -0.046779
v -0.128388 1.897040 -0.049668
v -0.094126 1.834507 -0.075022
v 0.122150 1.764872 -0.053953
v 0.094126 1.834507 -0.075022
v 0.128388 1.897040 -0.049668
v 0.135262 1.765883 -0.046779
v 0.135262 1.765883 -0.046779
v 0.128388 1.897040 -0.049668
v 0.145599 1.772206 -0.038176
v 0.135262 1.765883 -0.046779
v 0.145599 1.772206 -0.038176
v 0.145599 1.784675 0.012673
v 0.135262 1.779442 0.022207
v -0.135262 1.765883 -0.046779
v -0.135262 1.779442 0.022207
v -0.145599 1.784675 0.012673
v -0.145599 1.772206 -0.038176
v -0.135262 1.765883 -0.046779
v -0.145599 1.772206 -0.038176
v -0.128388 1.897040 -0.049668
v -0.137243 1.905096 -0.039928
v 0.145599 1.772206 -0.038176
v 0.137243 1.905096 -0.039928
v 0.137187 1.905515 0.009287
v 0.145599 1.784675 0.012673
v 0.137243 1.905096 -0.039928
v -0.145599 1.772206 -0.038176
v -0.145599 1.784675 0.012673
v -0.137187 1.905515 0.009287
v -0.137243 1.905096 -0.039928
v 0.092962 1.793309 0.098886
v -0.092962 1.793309 0.098886
v 0.135262 1.779442 0.022207
v 0.125061 1.918616 0.017614
v 0.087338 1.930393 0.094013
v 0.092962 1.793309 0.098886
v -0.135262 1.779442 0.022207
v -0.092962 1.793309 0.098886
v -0.087338 1.930393 0.094013
v -0.125061 1.918616 0.017614
v 0.135262 1.779442 0.022207
v 0.145599 1.784675 0.012673
v 0.137187 1.905515 0.009287
v 0.125061 1.918616 0.017614
v -0.135262 1.779442 0.022207
v -0.137187 1.905515 0.009287
v -0.145599 1.784675 0.012673
v -0.125061 1.918616 0.017614
v 0.000000 1.799207 0.130689
v 0.000000 1.799207 0.130689
v 0.000000 1.930393 0.125768
v 0.064382 1.821176 -0.118544
v -0.064382 1.821176 -0.118544
v -0.075807 1.831929 -0.104298
v -0.087215 1.871469 -0.129968
v -0.064815 1.851751 -0.145809
v 0.064815 1.851751 -0.145809
v 0.087215 1.871469 -0.129968
v 0.075807 1.831929 -0.104298
v 0.064815 1.851751 -0.145809
v -0.064815 1.851751 -0.145809
v -0.087215 1.871469 -0.129968
v -0.087781 1.895132 -0.130616
v -0.057218 1.890691 -0.148783
v 0.057218 1.890691 -0.148783
v 0.087781 1.895132 -0.130616
v 0.087215 1.871469 -0.129968
v -0.128388 1.897040 -0.049668
v 0.128388 1.897040 -0.049668
v 0.056039 1.892770 -0.146435
v 0.057218 1.890691 -0.148783
v -0.057218 1.890691 -0.148783
v -0.056039 1.892770 -0.146435
v -0.056039 1.892770 -0.146435
v -0.044550 1.912807 -0.149330
v 0.044550 1.912807 -0.149330
v 0.056039 1.892770 -0.146435
v -0.087781 1.895132 -0.130616
v 0.087781 1.895132 -0.130616
v -0.086620 1.897211 -0.128268
v 0.086620 1.897211 -0.128268
v 0.086620 1.897211 -0.128268
v -0.086620 1.897211 -0.128268
v 0.114338 1.904889 -0.080460
v -0.114338 1.904889 -0.080460
v -0.112445 1.906234 -0.078111
v -0.114338 1.904889 -0.080460
v 0.112445 1.906234 -0.078111
v 0.114338 1.904889 -0.080460
v 0.125125 1.918148 -0.049155
v 0.125125 1.918148 -0.049155
v -0.125125 1.918148 -0.049155
v -0.125125 1.918148 -0.049155
v 0.087230 1.913592 -0.128405
v 0.111641 1.913900 -0.077203
v 0.112445 1.906234 -0.078111
v -0.112445 1.906234 -0.078111
v -0.111641 1.913900 -0.077203
v -0.087230 1.913592 -0.128405
v -0.111641 1.913900 -0.077203
v -0.112798 1.915682 -0.079551
v 0.112798 1.915682 -0.079551
v -0.112798 1.915682 -0.079551
v 0.111641 1.913900 -0.077203
v 0.112798 1.915682 -0.079551
v 0.135827 1.926870 -0.026650
v -0.135827 1.926870 -0.026650
v 0.123514 1.930393 -0.031291
v 0.135827 1.926870 -0.026650
v -0.135827 1.926870 -0.026650
v -0.123514 1.930393 -0.031291
v 0.135827 1.926870 -0.002270
v -0.135827 1.926870 -0.002270
v 0.135827 1.926870 -0.002270
v -0.135827 1.926870 -0.002270
v 0.000000 1.912022 -0.162081
v -0.044550 1.912807 -0.149330
v 0.000000 1.913804 -0.164429
v 0.044550 1.912807 -0.149330
v 0.044550 1.914589 -0.151679
v 0.087230 1.915374 -0.130753
v 0.087230 1.913592 -0.128405
v -0.087230 1.913592 -0.128405
v -0.087230 1.915374 -0.130753
v -0.044550 1.914589 -0.151679
v 0.000000 1.913804 -0.164429
v -0.044550 1.914589 -0.151679
v 0.000000 1.930393 -0.162701
v 0.044550 1.914589 -0.151679
v 0.087338 1.930393 -0.129370
v 0.087230 1.915374 -0.130753
v -0.087230 1.915374 -0.130753
v -0.087338 1.930393 -0.129370
v 0.123514 1.930393 -0.031291
v -0.123514 1.930393 -0.031291
v 0.123514 1.930393 0.001784
v 0.123514 1.930393 0.001784
v -0.123514 1.930393 0.001784
v -0.123514 1.930393 0.001784
v 0.133711 1.926004 -0.014910
v 0.126023 2.081715 -0.020013
v 0.133711 2.081715 -0.014910
v 0.126023 1.928953 -0.009807
v 0.126023 2.081715 -0.009807
v 0.126023 1.928953 -0.020013
v 0.126023 2.081715 -0.009807
v 0.126023 2.081715 -0.020013
v -0.123514 1.930393 0.001784
v -0.087338 1.930393 0.094013
v -0.105758 1.984360 0.018478
v -0.123514 1.930393 -0.031291
v 0.087338 1.930393 0.094013
v 0.123514 1.930393 0.001784
v 0.105758 1.984360 0.018478
v 0.074782 1.984360 0.080439
v 0.000000 1.930393 0.125768
v -0.074782 1.984360 0.080439
v -0.105758 1.984360 -0.050167
v -0.087338 1.930393 -0.129370
v 0.000000 1.984360 0.106105
v -0.074782 1.984360 -0.115204
v 0.000000 1.930393 -0.162701
v 0.074782 1.984360 -0.115204
v 0.087338 1.930393 -0.129370
v 0.000000 1.984360 -0.142143
v 0.123514 1.930393 -0.031291
v 0.105758 1.984360 -0.050167
v 0.054471 2.020536 0.034460
v 0.054471 2.020536 -0.067013
v 0.000000 2.020536 -0.098929
v -0.054471 2.020536 0.034460
v -0.054471 2.020536 -0.067013
v 0.000000 2.020536 0.064867
v 0.000000 2.033324 -0.049557
v 0.000000 2.033324 0.017830
v 0.140047 2.080077 -0.034138
v 0.076911 2.095686 -0.034138
v 0.144092 2.102396 -0.034138
v 0.140047 2.080077 -0.002994
v 0.076911 2.095686 -0.034138
v 0.140047 2.080077 -0.034138
v 0.140047 2.080077 -0.002994
v 0.144092 2.102396 -0.034138
v 0.144092 2.102396 -0.002994
v 0.140047 2.080077 -0.002994
v 0.144092 2.102396 -0.002994
v 0.076911 2.095686 -0.002994
v 0.133874 2.081223 -0.010191
v 0.083085 2.095135 -0.010191
v 0.089140 2.081223 -0.010191
v 0.133874 2.081223 -0.010191
v 0.089140 2.081223 -0.026458
v 0.133874 2.081223 -0.026458
v 0.089140 2.081223 -0.010191
v 0.083085 2.095135 -0.010191
v 0.083085 2.095135 -0.026458
v 0.081111 2.100708 -0.034138
v 0.140047 2.108055 -0.002994
v 0.076911 2.095686 -0.034138
v 0.076911 2.095686 -0.002994
v 0.081111 2.100708 -0.002994
v 0.140047 2.108055 -0.002994
v 0.140047 2.108055 -0.034138
v 0.129530 0.358915 0.082568
v 0.186636 0.381717 0.140063
v 0.155708 0.522613 0.107616
v -0.129530 0.358915 0.082568
v -0.108436 0.542808 0.049339
v -0.186636 0.381717 0.140062
v -0.156440 0.519281 0.108384
v -0.217863 0.529917 0.097990
v 0.277892 0.383688 0.018694
v 0.244086 0.557591 0.042879
v 0.217635 0.530852 0.097786
v 0.251337 0.392037 0.128025
v -0.251337 0.392037 0.128025
v -0.244086 0.557591 0.042879
v 0.209538 0.564204 0.090521
v 0.149117 0.552640 0.100702
v -0.149117 0.552640 0.100702
v -0.209538 0.564204 0.090521
v -0.125695 0.566305 -0.037838
v -0.120273 0.594999 -0.044045
v -0.101899 0.566734 0.041915
v 0.125695 0.566305 -0.037838
v 0.120256 0.595093 -0.044065
v 0.176724 0.605591 -0.093614
v 0.101899 0.566734 0.041915
v 0.139927 0.582102 0.096693
v 0.126586 0.634920 0.101167
v -0.101899 0.566734 0.041915
v -0.126586 0.634920 0.101167
v -0.139927 0.582102 0.096693
v 0.181485 0.575597 -0.089414
v 0.231123 0.585314 -0.044457
v -0.181485 0.575597 -0.089414
v -0.231123 0.585314 -0.044457
v -0.229428 0.614322 -0.047804
v -0.176554 0.606660 -0.093763
v 0.243678 0.590131 0.038712
v 0.245386 0.763953 0.039327
v 0.199163 0.651634 0.098560
v -0.243678 0.590131 0.038712
v -0.199163 0.651634 0.098560
v -0.245386 0.763953 0.039327
v -0.159432 0.714527 -0.108865
v 0.229592 0.611507 -0.047479
v 0.159432 0.714527 -0.108865
v 0.222701 0.729400 -0.061080
v -0.222701 0.729400 -0.061080
v 0.178191 1.593050 0.179357
v 0.175643 1.603392 0.175712
v 0.275837 1.625203 0.147067
v 0.280061 1.615099 0.151520
v 0.182091 1.602726 0.184933
v 0.279464 1.625469 0.158332
v 0.409692 1.680832 0.110978
v 0.416270 1.671817 0.114426
v 0.414356 1.681529 0.121680
v 0.543590 1.685568 0.051348
v 0.414356 1.681529 0.121680
v 0.416270 1.671817 0.114426
v 0.545328 1.694721 0.046096
v 0.545617 1.694833 0.057587
v 0.133711 1.926004 -0.014910
v 0.126023 1.928953 -0.020013
v 0.126023 2.081715 -0.020013
v 0.133711 2.081715 -0.014910
v 0.126023 1.928953 -0.009807
v 0.126023 1.928953 -0.020013
v 0.126023 1.928953 -0.009807
v 0.126023 2.081715 -0.009807
v 0.140047 2.080077 -0.034138
v 0.144092 2.102396 -0.034138
v 0.140047 2.080077 -0.002994
v 0.140047 2.080077 -0.002994
v 0.076911 2.095686 -0.002994
v 0.076911 2.095686 -0.034138
v 0.089140 2.081223 -0.010191
v 0.089140 2.081223 -0.026458
v 0.133874 2.081223 -0.010191
v 0.133874 2.081223 -0.010191
v 0.133874 2.081223 -0.026458
v 0.083085 2.095135 -0.010191
v 0.083085 2.095135 -0.010191
v 0.083085 2.095135 -0.026458
v 0.076911 2.095686 -0.002994
v 0.081111 2.100708 -0.002994
v 0.081111 2.100708 -0.034138
v 0.076911 2.095686 -0.002994
v 0.140047 2.108055 -0.002994
v 0.081111 2.100708 -0.002994
v 0.140047 2.108055 -0.002994
v 0.140047 2.108055 -0.034138
v 0.144092 2.102396 -0.034138
v 0.144092 2.102396 -0.002994
v 0.140047 2.108055 -0.034138
v 0.140047 2.108055 -0.002994
vt 0.335137 0.355366
vt 0.296549 0.358823
vt 0.296266 0.444214
vt 0.335137 0.355366
vt 0.334261 0.463524
vt 0.296549 0.358823
vt 0.296272 0.442195
vt 0.244522 0.443295
vt 0.157797 0.359902
vt 0.192477 0.461136
vt 0.244524 0.443862
vt 0.244218 0.359706
vt 0.244218 0.359706
vt 0.192477 0.461136
vt 0.244597 0.464082
vt 0.296205 0.462412
vt 0.296205 0.462412
vt 0.244597 0.464082
vt 0.043755 0.469917
vt 0.043786 0.489042
vt 0.006323 0.469917
vt 0.043755 0.469917
vt 0.043786 0.489105
vt 0.078614 0.491113
vt 0.337866 0.469917
vt 0.299310 0.469917
vt 0.296112 0.506813
vt 0.337866 0.469917
vt 0.296112 0.506813
vt 0.299310 0.469917
vt 0.078271 0.469917
vt 0.127888 0.469917
vt 0.078271 0.469917
vt 0.127888 0.469917
vt 0.127830 0.489438
vt 0.078626 0.491869
vt 0.191866 0.469917
vt 0.190871 0.573797
vt 0.251098 0.506813
vt 0.191866 0.469917
vt 0.251098 0.506813
vt 0.190871 0.573797
vt 0.079860 0.568097
vt 0.127836 0.487544
vt 0.079860 0.568097
vt 0.127600 0.566879
vt 0.127600 0.566879
vt 0.001119 0.000271
vt 0.001119 0.009598
vt 0.086381 0.009598
vt 0.086381 0.000271
vt 0.001119 0.018198
vt 0.086381 0.018198
vt 0.198986 0.009598
vt 0.198986 0.000271
vt 0.198986 0.018198
vt 0.308605 0.000271
vt 0.198986 0.018198
vt 0.198986 0.000271
vt 0.308605 0.009598
vt 0.308605 0.018198
vt 0.000618 0.026908
vt 0.006651 0.034838
vt 0.161708 0.034838
vt 0.161708 0.026908
vt 0.006651 0.019383
vt 0.006651 0.034838
vt 0.006651 0.019383
vt 0.161708 0.019383
vt 0.933982 0.977333
vt 0.933982 0.993163
vt 0.919440 0.977333
vt 0.937972 0.973405
vt 0.999412 0.973405
vt 0.999412 0.999334
vt 0.990733 0.937197
vt 0.990733 0.951449
vt 0.942195 0.937197
vt 0.942195 0.951449
vt 0.942195 0.951449
vt 0.990733 0.959697
vt 0.999633 0.959697
vt 0.990733 0.959697
vt 0.999412 0.999276
vt 0.994816 0.999310
vt 0.994816 0.973395
vt 0.999412 0.969041
vt 0.938039 0.973443
vt 0.994816 0.973395
vt 0.938039 0.999358
vt 0.938039 0.973443
vt 0.934895 0.967484
vt 0.919440 0.993163
vt 0.933982 0.999122
vt 0.919440 0.999122
vt 0.486338 0.787456
vt 0.486338 0.720886
vt 0.351539 0.720886
vt 0.351539 0.881654
vt 0.486338 0.895904
vt 0.351539 0.813862
vt 0.355965 0.923915
vt 0.376225 0.923155
vt 0.364983 0.917858
vt 0.354368 0.947981
vt 0.379782 0.949011
vt 0.486338 0.787456
vt 0.486338 0.895904
vt 0.351539 0.881654
vt 0.351539 0.813862
vt 0.351539 0.720886
vt 0.486338 0.720886
vt 0.355965 0.923915
vt 0.364983 0.917858
vt 0.376225 0.923155
vt 0.379782 0.949011
vt 0.354368 0.947981
vt 0.486338 0.787456
vt 0.486338 0.787456
vt 0.351539 0.881654
vt 0.486338 0.895904
vt 0.351539 0.813862
vt 0.486338 0.895904
vt 0.351539 0.881654
vt 0.351539 0.813862
vt 0.486338 0.932904
vt 0.429764 0.922827
vt 0.429764 0.922827
vt 0.486338 0.932904
vt 0.354500 0.972858
vt 0.354500 0.972858
vt 0.358856 0.986439
vt 0.380622 0.970819
vt 0.486338 0.964417
vt 0.450820 0.949903
vt 0.450820 0.949903
vt 0.486338 0.964417
vt 0.380622 0.970819
vt 0.358856 0.986439
vt 0.486338 0.992279
vt 0.450581 0.992279
vt 0.370297 0.986863
vt 0.378038 0.981186
vt 0.378038 0.981186
vt 0.370297 0.986863
vt 0.450581 0.992279
vt 0.486338 0.992279
vt 0.486338 0.932904
vt 0.429764 0.922827
vt 0.429764 0.922827
vt 0.486338 0.932904
vt 0.486338 0.964417
vt 0.486338 0.964417
vt 0.450820 0.949903
vt 0.450820 0.949903
vt 0.405371 0.992279
vt 0.405371 0.992279
vt 0.351539 0.992279
vt 0.351539 0.992279
vt 0.092601 0.198982
vt 0.057727 0.207300
vt 0.089964 0.257697
vt 0.127629 0.252500
vt 0.126885 0.203131
vt 0.092601 0.198982
vt 0.126885 0.203131
vt 0.127629 0.252500
vt 0.089964 0.257697
vt 0.057727 0.207300
vt 0.092601 0.198982
vt 0.057727 0.207300
vt 0.046522 0.218592
vt 0.089964 0.210926
vt 0.126885 0.203131
vt 0.092601 0.198982
vt 0.126885 0.203131
vt 0.089964 0.210926
vt 0.046522 0.218592
vt 0.057727 0.207300
vt 0.002199 0.224847
vt 0.046522 0.259336
vt 0.002199 0.224847
vt 0.002199 0.224847
vt 0.046522 0.259336
vt 0.002199 0.224847
vt 0.134879 0.214880
vt 0.185910 0.220613
vt 0.173302 0.254724
vt 0.185910 0.220613
vt 0.185910 0.220613
vt 0.173302 0.254724
vt 0.134879 0.214880
vt 0.185910 0.220613
vt 0.002199 0.235827
vt 0.002199 0.235827
vt 0.177916 0.231696
vt 0.177916 0.231696
vt 0.262434 0.222735
vt 0.262434 0.233716
vt 0.225818 0.227156
vt 0.262434 0.222735
vt 0.225818 0.227156
vt 0.262434 0.233716
vt 0.002199 0.260402
vt 0.002199 0.260402
vt 0.262434 0.222735
vt 0.225818 0.227156
vt 0.262434 0.258290
vt 0.262434 0.222735
vt 0.262434 0.258290
vt 0.225818 0.227156
vt 0.219885 0.257548
vt 0.219885 0.257548
vt 0.219226 0.237308
vt 0.219226 0.237308
vt 0.051295 0.269019
vt 0.096334 0.268773
vt 0.051295 0.277039
vt 0.001872 0.275051
vt 0.001872 0.266607
vt 0.051295 0.269019
vt 0.001872 0.266607
vt 0.001872 0.275051
vt 0.051295 0.277039
vt 0.096334 0.268773
vt 0.334148 0.266607
vt 0.334148 0.275051
vt 0.295425 0.262148
vt 0.334148 0.266607
vt 0.295425 0.262148
vt 0.334148 0.275051
vt 0.158713 0.262949
vt 0.242912 0.261769
vt 0.242912 0.268091
vt 0.158713 0.271033
vt 0.096334 0.282793
vt 0.158713 0.262949
vt 0.096334 0.282793
vt 0.158713 0.271033
vt 0.242912 0.268091
vt 0.242912 0.261769
vt 0.295425 0.271804
vt 0.295425 0.271804
vt 0.095575 0.354559
vt 0.050684 0.354964
vt 0.050684 0.354964
vt 0.095575 0.354559
vt 0.335137 0.355366
vt 0.296549 0.358823
vt 0.001872 0.355366
vt 0.296549 0.358823
vt 0.335137 0.355366
vt 0.001872 0.355366
vt 0.157797 0.359902
vt 0.157797 0.359902
vt 0.244218 0.359706
vt 0.244218 0.359706
vt 0.095487 0.447504
vt 0.051182 0.447847
vt 0.051182 0.447847
vt 0.095487 0.447504
vt 0.001872 0.463524
vt 0.001872 0.463524
vt 0.296266 0.444214
vt 0.334261 0.463524
vt 0.244522 0.443295
vt 0.334261 0.463524
vt 0.296272 0.442195
vt 0.148937 0.447753
vt 0.192477 0.461136
vt 0.244524 0.443862
vt 0.192477 0.461136
vt 0.148937 0.447753
vt 0.517692 0.437802
vt 0.524052 0.471839
vt 0.568211 0.471978
vt 0.571711 0.406142
vt 0.527631 0.406142
vt 0.603067 0.437802
vt 0.517692 0.437802
vt 0.527631 0.406142
vt 0.556279 0.437802
vt 0.524052 0.471839
vt 0.517692 0.437802
vt 0.527631 0.406142
vt 0.571711 0.406142
vt 0.603067 0.437802
vt 0.568211 0.471978
vt 0.524052 0.471839
vt 0.517692 0.437802
vt 0.524052 0.471839
vt 0.556279 0.437802
vt 0.527631 0.406142
vt 0.527631 0.406142
vt 0.556279 0.437802
vt 0.571711 0.406142
vt 0.527631 0.406142
vt 0.571711 0.406142
vt 0.556279 0.437802
vt 0.524052 0.471839
vt 0.556279 0.437802
vt 0.568211 0.471978
vt 0.524052 0.471839
vt 0.568211 0.471978
vt 0.556279 0.437802
vt 0.533213 0.379040
vt 0.531622 0.395308
vt 0.553367 0.379687
vt 0.574405 0.347920
vt 0.533213 0.379040
vt 0.531622 0.395308
vt 0.577857 0.395308
vt 0.588681 0.347920
vt 0.574405 0.347920
vt 0.533213 0.379040
vt 0.553367 0.379687
vt 0.531622 0.395308
vt 0.533213 0.379040
vt 0.577857 0.395308
vt 0.531622 0.395308
vt 0.588681 0.347920
vt 0.531622 0.395308
vt 0.577857 0.395308
vt 0.553367 0.379687
vt 0.531622 0.395308
vt 0.553367 0.379687
vt 0.577857 0.395308
vt 0.527001 0.481839
vt 0.526848 0.502206
vt 0.550651 0.494576
vt 0.527001 0.481839
vt 0.550651 0.494576
vt 0.526848 0.502206
vt 0.527001 0.481839
vt 0.526848 0.502206
vt 0.571446 0.481800
vt 0.527001 0.481839
vt 0.571446 0.481800
vt 0.550651 0.494576
vt 0.527001 0.481839
vt 0.550651 0.494576
vt 0.571446 0.481800
vt 0.527001 0.481839
vt 0.571446 0.481800
vt 0.526848 0.502206
vt 0.596236 0.479251
vt 0.592877 0.506013
vt 0.527759 0.519505
vt 0.596236 0.479251
vt 0.592877 0.506013
vt 0.526848 0.502206
vt 0.592877 0.506013
vt 0.537087 0.511591
vt 0.527759 0.519505
vt 0.526848 0.502206
vt 0.537087 0.511591
vt 0.527759 0.519505
vt 0.526848 0.502206
vt 0.527759 0.519505
vt 0.537087 0.511591
vt 0.526848 0.502206
vt 0.537087 0.511591
vt 0.592877 0.506013
vt 0.570608 0.535426
vt 0.574405 0.535426
vt 0.527759 0.519505
vt 0.574405 0.535426
vt 0.537087 0.511591
vt 0.570608 0.535426
vt 0.527759 0.519505
vt 0.537087 0.511591
vt 0.079327 0.459720
vt 0.070122 0.459720
vt 0.079327 0.459720
vt 0.070122 0.459720
vt 0.570608 0.347920
vt 0.570608 0.347920
vt 0.124232 0.459720
vt 0.115769 0.459720
vt 0.115769 0.459720
vt 0.124232 0.459720
vt 0.578824 0.513389
vt 0.578824 0.513389
vt 0.578824 0.513389
vt 0.578824 0.513389
vt 0.296205 0.462412
vt 0.486865 0.582836
vt 0.457457 0.582836
vt 0.457457 0.603509
vt 0.486865 0.564125
vt 0.486865 0.603509
vt 0.457457 0.582836
vt 0.486865 0.582836
vt 0.457457 0.603509
vt 0.457457 0.564125
vt 0.486865 0.564125
vt 0.486865 0.603509
vt 0.486865 0.582836
vt 0.486865 0.564125
vt 0.505511 0.582836
vt 0.457457 0.564125
vt 0.486865 0.582836
vt 0.505511 0.582836
vt 0.486865 0.564125
vt 0.244597 0.464082
vt 0.296205 0.462412
vt 0.595860 0.398999
vt 0.595860 0.398999
vt 0.490204 0.622711
vt 0.505914 0.622690
vt 0.490204 0.634972
vt 0.490204 0.611268
vt 0.505914 0.611269
vt 0.490204 0.622711
vt 0.505914 0.622690
vt 0.505914 0.611269
vt 0.490204 0.611268
vt 0.490204 0.634972
vt 0.505914 0.634971
vt 0.518045 0.587525
vt 0.505914 0.587525
vt 0.518045 0.599281
vt 0.505914 0.634971
vt 0.518045 0.587525
vt 0.518045 0.599281
vt 0.505914 0.587525
vt 0.244597 0.464082
vt 0.505511 0.564125
vt 0.454544 0.640379
vt 0.486865 0.640379
vt 0.486865 0.621187
vt 0.457457 0.621187
vt 0.505511 0.564125
vt 0.454544 0.640379
vt 0.457457 0.621187
vt 0.486865 0.621187
vt 0.486865 0.640379
vt 0.505914 0.599281
vt 0.490204 0.599281
vt 0.505914 0.599281
vt 0.490204 0.599281
vt 0.505914 0.599281
vt 0.505914 0.599281
vt 0.505914 0.587525
vt 0.490204 0.587526
vt 0.505914 0.587525
vt 0.490204 0.587526
vt 0.570608 0.334451
vt 0.570608 0.334451
vt 0.574405 0.334451
vt 0.588681 0.334451
vt 0.574405 0.334451
vt 0.588681 0.334451
vt 0.440922 0.621347
vt 0.486899 0.621232
vt 0.446236 0.641149
vt 0.435418 0.602798
vt 0.486899 0.602891
vt 0.440922 0.621347
vt 0.486899 0.621232
vt 0.486899 0.602891
vt 0.435418 0.602798
vt 0.446236 0.641149
vt 0.570608 0.563108
vt 0.570608 0.551423
vt 0.574405 0.563108
vt 0.570608 0.563108
vt 0.574405 0.563108
vt 0.570608 0.551423
vt 0.486899 0.641047
vt 0.486899 0.641047
vt 0.508881 0.563662
vt 0.508881 0.583147
vt 0.486899 0.563662
vt 0.508881 0.563662
vt 0.486899 0.563662
vt 0.508881 0.583147
vt 0.574405 0.551423
vt 0.574405 0.551423
vt 0.588681 0.563108
vt 0.588681 0.563108
vt 0.486899 0.583184
vt 0.440922 0.583073
vt 0.486899 0.583184
vt 0.440922 0.583073
vt 0.486899 0.583184
vt 0.486899 0.583184
vt 0.486899 0.563662
vt 0.446236 0.563764
vt 0.486899 0.563662
vt 0.446236 0.563764
vt 0.599515 0.398041
vt 0.606580 0.437802
vt 0.599515 0.398041
vt 0.606580 0.437802
vt 0.592535 0.347920
vt 0.592535 0.347920
vt 0.588681 0.535426
vt 0.588681 0.535426
vt 0.043755 0.469917
vt 0.006323 0.469917
vt 0.043786 0.489105
vt 0.078614 0.491113
vt 0.078271 0.469917
vt 0.043755 0.469917
vt 0.078271 0.469917
vt 0.043786 0.489042
vt 0.005827 0.566879
vt 0.337866 0.469917
vt 0.296112 0.506813
vt 0.337866 0.566879
vt 0.592535 0.334451
vt 0.337866 0.469917
vt 0.337866 0.566879
vt 0.296112 0.506813
vt 0.006323 0.469917
vt 0.005827 0.566879
vt 0.592535 0.334451
vt 0.588681 0.551423
vt 0.588681 0.551423
vt 0.600080 0.480899
vt 0.600080 0.480899
vt 0.592535 0.535426
vt 0.592535 0.535426
vt 0.127830 0.489438
vt 0.078626 0.491869
vt 0.592535 0.563108
vt 0.592535 0.563108
vt 0.592535 0.551423
vt 0.299310 0.469917
vt 0.250338 0.469917
vt 0.299310 0.469917
vt 0.250338 0.469917
vt 0.592535 0.551423
vt 0.127888 0.469917
vt 0.127836 0.487544
vt 0.191866 0.469917
vt 0.127888 0.469917
vt 0.191866 0.469917
vt 0.251098 0.506813
vt 0.127600 0.566879
vt 0.190871 0.573797
vt 0.127600 0.566879
vt 0.251098 0.506813
vt 0.190871 0.573797
vt 0.079860 0.568097
vt 0.043919 0.572969
vt 0.079860 0.568097
vt 0.043919 0.572969
vt 0.255302 0.657605
vt 0.302749 0.678402
vt 0.302749 0.678402
vt 0.255302 0.657605
vt 0.191961 0.671254
vt 0.191961 0.671254
vt 0.077011 0.674340
vt 0.077011 0.674340
vt 0.337866 0.677675
vt 0.337866 0.677675
vt 0.005805 0.669941
vt 0.005805 0.669941
vt 0.042291 0.678096
vt 0.042291 0.678096
vt 0.131173 0.669781
vt 0.131173 0.669781
vt 0.136733 0.037600
vt 0.136733 0.124383
vt 0.003774 0.037600
vt 0.108158 0.049558
vt 0.108158 0.110673
vt 0.019481 0.049558
vt 0.136733 0.037600
vt 0.136733 0.124383
vt 0.108158 0.110673
vt 0.108158 0.049558
vt 0.019481 0.049558
vt 0.003774 0.037600
vt 0.019481 0.110673
vt 0.003774 0.124383
vt 0.019481 0.110673
vt 0.003774 0.124383
vt 0.129069 0.748172
vt 0.046021 0.751371
vt 0.074513 0.750294
vt 0.046021 0.751371
vt 0.074513 0.750294
vt 0.129069 0.748172
vt 0.191664 0.749068
vt 0.261692 0.726359
vt 0.261692 0.726359
vt 0.191664 0.749068
vt 0.030050 0.696917
vt 0.030050 0.696917
vt 0.004221 0.684904
vt 0.337693 0.691731
vt 0.004221 0.684904
vt 0.002032 0.670158
vt 0.004221 0.684904
vt 0.030050 0.696917
vt 0.004221 0.747812
vt 0.030050 0.696917
vt 0.046021 0.751371
vt 0.046021 0.751371
vt 0.337693 0.734129
vt 0.263741 0.776585
vt 0.337693 0.776928
vt 0.263741 0.776585
vt 0.189596 0.810169
vt 0.189596 0.810169
vt 0.072308 0.805853
vt 0.004221 0.804119
vt 0.072308 0.805853
vt 0.072308 0.805853
vt 0.072308 0.805853
vt 0.298514 0.122694
vt 0.298338 0.057597
vt 0.171466 0.122694
vt 0.281227 0.122694
vt 0.281227 0.057597
vt 0.298514 0.122694
vt 0.298338 0.057597
vt 0.281227 0.057597
vt 0.281227 0.122694
vt 0.171466 0.122694
vt 0.286646 0.142073
vt 0.199841 0.142073
vt 0.286646 0.142073
vt 0.199841 0.142073
vt 0.171290 0.057597
vt 0.171290 0.057597
vt 0.287377 0.035699
vt 0.201614 0.035699
vt 0.287377 0.035699
vt 0.201614 0.035699
vt 0.129940 0.808821
vt 0.129940 0.808821
vt 0.212673 0.057597
vt 0.212673 0.122694
vt 0.212673 0.122694
vt 0.212673 0.057597
vt 0.337693 0.837327
vt 0.264497 0.837872
vt 0.264497 0.837872
vt 0.069761 0.880761
vt 0.004221 0.880761
vt 0.069761 0.880761
vt 0.127146 0.880761
vt 0.127146 0.880761
vt 0.127146 0.880761
vt 0.127146 0.880761
vt 0.189650 0.880761
vt 0.189650 0.880761
vt 0.337693 0.880761
vt 0.261980 0.880761
vt 0.261980 0.880761
vt 0.819054 0.562877
vt 0.818947 0.546081
vt 0.850370 0.546081
vt 0.850575 0.562877
vt 0.819054 0.608502
vt 0.803368 0.615100
vt 0.803392 0.562940
vt 0.850575 0.562877
vt 0.850370 0.546081
vt 0.819054 0.562877
vt 0.819054 0.608502
vt 0.850575 0.608502
vt 0.865482 0.615100
vt 0.865564 0.562940
vt 0.818947 0.546081
vt 0.865564 0.562940
vt 0.865482 0.615100
vt 0.850575 0.608502
vt 0.850575 0.562877
vt 0.850370 0.546081
vt 0.819054 0.562877
vt 0.819054 0.608502
vt 0.850575 0.608502
vt 0.865482 0.615100
vt 0.865564 0.562940
vt 0.818947 0.546081
vt 0.803392 0.562940
vt 0.803368 0.615100
vt 0.850575 0.562877
vt 0.865564 0.562940
vt 0.865482 0.615100
vt 0.819054 0.562877
vt 0.850370 0.546081
vt 0.850575 0.608502
vt 0.819054 0.608502
vt 0.818947 0.546081
vt 0.803368 0.615100
vt 0.803392 0.562940
vt 0.803392 0.562940
vt 0.803368 0.615100
vt 0.850370 0.546081
vt 0.818947 0.546081
vt 0.819054 0.562877
vt 0.850575 0.562877
vt 0.865564 0.562940
vt 0.865482 0.615100
vt 0.850370 0.546081
vt 0.850575 0.562877
vt 0.819054 0.562877
vt 0.818947 0.546081
vt 0.865564 0.562940
vt 0.865482 0.615100
vt 0.819054 0.608502
vt 0.850575 0.608502
vt 0.850575 0.608502
vt 0.819054 0.608502
vt 0.803392 0.562940
vt 0.803368 0.615100
vt 0.803392 0.562940
vt 0.803368 0.615100
vt 0.002613 0.885490
vt 0.070405 0.885490
vt 0.070405 0.935988
vt 0.002262 0.935936
vt 0.070405 0.935988
vt 0.070405 0.885490
vt 0.127128 0.885490
vt 0.127128 0.935988
vt 0.127128 0.935988
vt 0.127128 0.885490
vt 0.850575 0.562877
vt 0.850370 0.546081
vt 0.819054 0.562877
vt 0.819054 0.608502
vt 0.850575 0.608502
vt 0.865482 0.615100
vt 0.865564 0.562940
vt 0.818947 0.546081
vt 0.850370 0.546081
vt 0.850575 0.562877
vt 0.819054 0.562877
vt 0.818947 0.546081
vt 0.865564 0.562940
vt 0.865482 0.615100
vt 0.850575 0.608502
vt 0.819054 0.608502
vt 0.803392 0.562940
vt 0.803368 0.615100
vt 0.803392 0.562940
vt 0.803368 0.615100
vt 0.190073 0.893378
vt 0.190073 0.885490
vt 0.190073 0.928523
vt 0.190073 0.885490
vt 0.190073 0.893378
vt 0.190073 0.928523
vt 0.342530 0.885490
vt 0.262823 0.885490
vt 0.342530 0.893378
vt 0.262823 0.885490
vt 0.262823 0.893378
vt 0.262823 0.893378
vt 0.262823 0.928523
vt 0.262823 0.928523
vt 0.342530 0.928523
vt 0.819054 0.629625
vt 0.819054 0.629625
vt 0.850575 0.629625
vt 0.819054 0.629625
vt 0.850575 0.629625
vt 0.850575 0.629625
vt 0.850575 0.629625
vt 0.819054 0.629625
vt 0.850575 0.629625
vt 0.819054 0.629625
vt 0.819054 0.629625
vt 0.850575 0.629625
vt 0.819054 0.629625
vt 0.850575 0.629625
vt 0.002517 0.941387
vt 0.061103 0.941387
vt 0.061103 0.996588
vt 0.061103 0.996588
vt 0.061103 0.941387
vt 0.002517 0.997701
vt 0.850575 0.629625
vt 0.819054 0.629625
vt 0.262823 0.935988
vt 0.190073 0.935988
vt 0.190073 0.935988
vt 0.262823 0.935988
vt 0.342530 0.935988
vt 0.122188 0.941387
vt 0.122188 0.989353
vt 0.122188 0.989353
vt 0.122188 0.941387
vt 0.196142 0.982674
vt 0.196142 0.941387
vt 0.196142 0.941387
vt 0.196142 0.982674
vt 0.270885 0.941387
vt 0.270885 0.941387
vt 0.342841 0.941387
vt 0.342841 0.986570
vt 0.270885 0.983787
vt 0.270885 0.983787
vt 0.831402 0.337730
vt 0.759776 0.344047
vt 0.829805 0.347972
vt 0.910377 0.351471
vt 0.907038 0.342438
vt 0.831402 0.337730
vt 0.907038 0.342438
vt 0.910377 0.351471
vt 0.829805 0.347972
vt 0.759776 0.344047
vt 0.998522 0.358440
vt 0.998522 0.346720
vt 0.684860 0.349455
vt 0.758431 0.354110
vt 0.758431 0.354110
vt 0.684860 0.349455
vt 0.906631 0.451479
vt 0.834596 0.452113
vt 0.834596 0.452113
vt 0.906631 0.451479
vt 0.679789 0.358537
vt 0.608987 0.352040
vt 0.679789 0.358537
vt 0.998522 0.456868
vt 0.608987 0.360992
vt 0.704161 0.371904
vt 0.712949 0.405398
vt 0.717679 0.426133
vt 0.755462 0.454430
vt 0.704161 0.371904
vt 0.712949 0.405398
vt 0.717679 0.426133
vt 0.755462 0.454430
vt 0.680611 0.375973
vt 0.680611 0.375973
vt 0.608987 0.379791
vt 0.732408 0.050869
vt 0.727947 0.054051
vt 0.695597 0.043239
vt 0.727906 0.079161
vt 0.693248 0.039273
vt 0.732408 0.275775
vt 0.727947 0.272593
vt 0.727906 0.247482
vt 0.695597 0.283404
vt 0.693248 0.287371
vt 0.723535 0.247700
vt 0.678582 0.246782
vt 0.723535 0.078943
vt 0.678582 0.079861
vt 0.723680 0.163322
vt 0.719394 0.163322
vt 0.663540 0.163322
vt 0.683392 0.421230
vt 0.685461 0.446303
vt 0.675378 0.249602
vt 0.675378 0.077041
vt 0.685461 0.446303
vt 0.683392 0.421230
vt 0.617769 0.219282
vt 0.617769 0.107361
vt 0.614842 0.104638
vt 0.653285 0.476884
vt 0.614842 0.222005
vt 0.653285 0.476884
vt 0.683594 0.285819
vt 0.678071 0.282969
vt 0.659341 0.245059
vt 0.607475 0.294123
vt 0.604832 0.290751
vt 0.718442 0.494289
vt 0.718442 0.494289
vt 0.683594 0.040825
vt 0.678071 0.043675
vt 0.604832 0.035893
vt 0.659341 0.081584
vt 0.607475 0.032520
vt 0.656429 0.247966
vt 0.656429 0.078678
vt 0.592635 0.163322
vt 0.612597 0.100789
vt 0.612597 0.225854
vt 0.662212 0.489976
vt 0.662212 0.489976
vt 0.609269 0.228574
vt 0.609269 0.098070
vt 0.891013 0.564742
vt 0.928298 0.571449
vt 0.998522 0.568941
vt 0.891013 0.564742
vt 0.928298 0.571449
vt 0.838181 0.509359
vt 0.838181 0.509359
vt 0.777454 0.552654
vt 0.749201 0.508591
vt 0.749201 0.508591
vt 0.777454 0.552654
vt 0.588603 0.163322
vt 0.607237 0.499963
vt 0.614772 0.514876
vt 0.614772 0.514876
vt 0.585456 0.159202
vt 0.585456 0.167441
vt 0.582282 0.155490
vt 0.556013 0.143673
vt 0.563262 0.089498
vt 0.563262 0.237146
vt 0.582282 0.171153
vt 0.556013 0.182971
vt 0.589473 0.014880
vt 0.592615 0.011873
vt 0.592615 0.314771
vt 0.589473 0.311764
vt 0.615112 0.530499
vt 0.615112 0.530499
vt 0.608898 0.537789
vt 0.839380 0.524504
vt 0.839380 0.524504
vt 0.493824 0.318488
vt 0.492730 0.322753
vt 0.760524 0.597108
vt 0.493824 0.008155
vt 0.492730 0.003890
vt 0.760524 0.597108
vt 0.736709 0.319921
vt 0.736709 0.227093
vt 0.800452 0.243556
vt 0.800452 0.329452
vt 0.736709 0.319921
vt 0.800452 0.329452
vt 0.800452 0.243556
vt 0.736709 0.227093
vt 0.790261 0.559994
vt 0.879730 0.568376
vt 0.997248 0.319921
vt 0.997248 0.227093
vt 0.964127 0.326853
vt 0.790261 0.559994
vt 0.879730 0.568376
vt 0.997248 0.319921
vt 0.964127 0.326853
vt 0.997248 0.227093
vt 0.564667 0.167658
vt 0.564667 0.158986
vt 0.567291 0.155809
vt 0.567291 0.170834
vt 0.769596 0.156870
vt 0.736709 0.156870
vt 0.736709 0.156870
vt 0.769596 0.156870
vt 0.957890 0.241823
vt 0.997248 0.156870
vt 0.997248 0.156870
vt 0.957890 0.241823
vt 0.997248 0.096704
vt 0.957890 0.156870
vt 0.957890 0.156870
vt 0.997248 0.096704
vt 0.769596 0.096704
vt 0.736709 0.096704
vt 0.736709 0.096704
vt 0.769596 0.096704
vt 0.462914 0.435464
vt 0.473742 0.435464
vt 0.473742 0.407079
vt 0.462914 0.461869
vt 0.345042 0.435464
vt 0.462914 0.407079
vt 0.345042 0.407079
vt 0.462914 0.435464
vt 0.473742 0.435464
vt 0.462914 0.461869
vt 0.345042 0.435464
vt 0.345042 0.407079
vt 0.462914 0.407079
vt 0.473742 0.407079
vt 0.553368 0.179403
vt 0.553368 0.147241
vt 0.736709 0.050818
vt 0.769596 0.050818
vt 0.736267 0.002911
vt 0.736709 0.050818
vt 0.736267 0.002911
vt 0.769596 0.050818
vt 0.997248 0.050818
vt 0.954425 0.050818
vt 0.953983 0.002911
vt 0.996806 0.002911
vt 0.997248 0.050818
vt 0.996806 0.002911
vt 0.953983 0.002911
vt 0.954425 0.050818
vt 0.624506 0.541002
vt 0.624506 0.541002
vt 0.954425 0.096704
vt 0.954425 0.096704
vt 0.505958 0.239076
vt 0.505958 0.087567
vt 0.769154 0.002911
vt 0.473742 0.461869
vt 0.473742 0.461869
vt 0.769154 0.002911
vt 0.462914 0.486035
vt 0.345042 0.461869
vt 0.407167 0.486035
vt 0.345042 0.461869
vt 0.407167 0.486035
vt 0.462914 0.486035
vt 0.469738 0.247360
vt 0.471037 0.190323
vt 0.463319 0.187996
vt 0.460821 0.253744
vt 0.460474 0.257616
vt 0.467322 0.013215
vt 0.461057 0.012734
vt 0.473273 0.062313
vt 0.467322 0.013215
vt 0.473273 0.062313
vt 0.461057 0.012734
vt 0.469738 0.247360
vt 0.460474 0.257616
vt 0.460821 0.253744
vt 0.463319 0.187996
vt 0.471037 0.190323
vt 0.618473 0.547434
vt 0.618473 0.547434
vt 0.800452 0.156870
vt 0.800452 0.156870
vt 0.800452 0.050818
vt 0.800009 0.002911
vt 0.800009 0.002911
vt 0.800452 0.050818
vt 0.509447 0.144167
vt 0.507374 0.141001
vt 0.509447 0.182476
vt 0.507374 0.185642
vt 0.626525 0.582875
vt 0.626525 0.582875
vt 0.800452 0.096704
vt 0.800452 0.096704
vt 0.462246 0.061921
vt 0.462246 0.183511
vt 0.462246 0.061921
vt 0.462246 0.183511
vt 0.473742 0.486035
vt 0.473742 0.486035
vt 0.432594 0.011778
vt 0.429949 0.258340
vt 0.432594 0.011778
vt 0.429949 0.258340
vt 0.450930 0.131398
vt 0.443275 0.116228
vt 0.453475 0.112360
vt 0.430449 0.128082
vt 0.452614 0.145858
vt 0.430626 0.138632
vt 0.450994 0.131582
vt 0.443275 0.116228
vt 0.430466 0.128081
vt 0.430626 0.138632
vt 0.453475 0.112360
vt 0.452614 0.145858
vt 0.420664 0.111934
vt 0.430452 0.105482
vt 0.339941 0.435464
vt 0.339941 0.461869
vt 0.339941 0.461869
vt 0.339941 0.435464
vt 0.420664 0.111934
vt 0.430452 0.105482
vt 0.413419 0.128732
vt 0.413419 0.128732
vt 0.353468 0.077822
vt 0.352699 0.114509
vt 0.336254 0.126070
vt 0.379676 0.099596
vt 0.336057 0.035603
vt 0.355027 0.030927
vt 0.406737 0.026430
vt 0.389578 0.083967
vt 0.353468 0.077822
vt 0.352699 0.114509
vt 0.379676 0.099596
vt 0.389578 0.083967
vt 0.336057 0.035603
vt 0.336299 0.126056
vt 0.355027 0.030927
vt 0.406737 0.026430
vt 0.382125 0.127662
vt 0.473254 0.167105
vt 0.467495 0.178546
vt 0.467198 0.167726
vt 0.466689 0.157520
vt 0.472478 0.090251
vt 0.466308 0.090733
vt 0.467193 0.080786
vt 0.466897 0.101810
vt 0.382128 0.127681
vt 0.339941 0.486035
vt 0.354321 0.486035
vt 0.345042 0.486035
vt 0.354321 0.486035
vt 0.345042 0.486035
vt 0.339941 0.486035
vt 0.472478 0.090251
vt 0.466308 0.090733
vt 0.466897 0.101810
vt 0.467193 0.080786
vt 0.473254 0.167105
vt 0.466689 0.157520
vt 0.467198 0.167726
vt 0.467495 0.178546
vt 0.619299 0.579135
vt 0.619299 0.579135
vt 0.412193 0.104166
vt 0.412193 0.104166
vt 0.304339 0.082902
vt 0.304832 0.047780
vt 0.305167 0.126092
vt 0.304339 0.082902
vt 0.304832 0.047780
vt 0.305167 0.126092
vt 0.339941 0.407079
vt 0.339941 0.407079
vt 0.454277 0.101395
vt 0.454350 0.090090
vt 0.395574 0.099124
vt 0.454350 0.090090
vt 0.454277 0.101395
vt 0.395574 0.099124
vt 0.454227 0.078316
vt 0.456475 0.179880
vt 0.415466 0.139253
vt 0.456475 0.179880
vt 0.454227 0.078316
vt 0.415466 0.139253
vt 0.430584 0.149889
vt 0.343117 0.022551
vt 0.305252 0.027865
vt 0.305252 0.027865
vt 0.343117 0.022551
vt 0.430584 0.149889
vt 0.404183 0.014976
vt 0.456164 0.166732
vt 0.456400 0.155650
vt 0.404183 0.014976
vt 0.437430 0.189445
vt 0.433586 0.252710
vt 0.433586 0.252710
vt 0.437430 0.189445
vt 0.432688 0.064743
vt 0.436177 0.184185
vt 0.388140 0.148791
vt 0.337165 0.149542
vt 0.456400 0.155650
vt 0.456164 0.166732
vt 0.436177 0.184185
vt 0.432688 0.064743
vt 0.337165 0.149542
vt 0.388140 0.148791
vt 0.788652 0.619855
vt 0.775555 0.624251
vt 0.775555 0.624251
vt 0.788652 0.619855
vt 0.923997 0.002911
vt 0.924439 0.050818
vt 0.924439 0.050818
vt 0.923997 0.002911
vt 0.924439 0.260019
vt 0.924439 0.156870
vt 0.924439 0.156870
vt 0.924439 0.260019
vt 0.345042 0.373820
vt 0.462914 0.373820
vt 0.473742 0.373820
vt 0.473742 0.373820
vt 0.345042 0.373820
vt 0.462914 0.373820
vt 0.924439 0.331185
vt 0.924439 0.331185
vt 0.924439 0.096704
vt 0.924439 0.096704
vt 0.394178 0.260106
vt 0.394178 0.260106
vt 0.415671 0.150000
vt 0.440781 0.090563
vt 0.441191 0.100637
vt 0.441038 0.155993
vt 0.441200 0.078533
vt 0.415671 0.150000
vt 0.441038 0.155993
vt 0.440781 0.090563
vt 0.441191 0.100637
vt 0.441200 0.078533
vt 0.408219 0.149809
vt 0.408219 0.149809
vt 0.306473 0.149434
vt 0.306473 0.149434
vt 0.410643 0.075602
vt 0.410643 0.075602
vt 0.339941 0.373820
vt 0.339941 0.373820
vt 0.440898 0.181680
vt 0.441500 0.167481
vt 0.441500 0.167481
vt 0.440898 0.181680
vt 0.925068 0.632514
vt 0.874979 0.624190
vt 0.886550 0.629881
vt 0.874979 0.624190
vt 0.886550 0.629881
vt 0.925068 0.632514
vt 0.411201 0.086604
vt 0.413481 0.096935
vt 0.413481 0.096935
vt 0.411201 0.086604
vt 0.833320 0.256553
vt 0.833320 0.331185
vt 0.833320 0.256553
vt 0.833320 0.331185
vt 0.425670 0.182080
vt 0.425670 0.182080
vt 0.407446 0.193806
vt 0.398550 0.240339
vt 0.398550 0.240339
vt 0.407446 0.193806
vt 0.998522 0.636202
vt 0.337292 0.256657
vt 0.338046 0.220377
vt 0.308061 0.220738
vt 0.308058 0.256284
vt 0.337292 0.256657
vt 0.308058 0.256284
vt 0.308061 0.220738
vt 0.338046 0.220377
vt 0.833320 0.050818
vt 0.833320 0.096704
vt 0.833320 0.096704
vt 0.833320 0.050818
vt 0.410496 0.101248
vt 0.462914 0.272376
vt 0.456252 0.281948
vt 0.456252 0.293692
vt 0.462914 0.304316
vt 0.473742 0.272376
vt 0.462914 0.272376
vt 0.473742 0.272376
vt 0.462914 0.304316
vt 0.456252 0.293692
vt 0.456252 0.281948
vt 0.410496 0.101248
vt 0.832878 0.002911
vt 0.832878 0.002911
vt 0.473742 0.304309
vt 0.473742 0.304309
vt 0.354824 0.272376
vt 0.354824 0.304309
vt 0.345042 0.272376
vt 0.354824 0.272376
vt 0.345042 0.272376
vt 0.354824 0.304309
vt 0.339941 0.304309
vt 0.339941 0.272376
vt 0.345042 0.304309
vt 0.339941 0.272376
vt 0.339941 0.304309
vt 0.345042 0.304309
vt 0.833320 0.156870
vt 0.833320 0.156870
vt 0.432258 0.073623
vt 0.412566 0.180870
vt 0.432258 0.073623
vt 0.412566 0.180870
vt 0.414223 0.155501
vt 0.414223 0.155501
vt 0.413703 0.166473
vt 0.413703 0.166473
vt 0.608987 0.586819
vt 0.616042 0.591164
vt 0.616042 0.591164
vt 0.500275 0.169917
vt 0.500275 0.156727
vt 0.498474 0.153017
vt 0.484818 0.152076
vt 0.484423 0.086724
vt 0.484423 0.239919
vt 0.498474 0.173627
vt 0.484818 0.174567
vt 0.875974 0.050818
vt 0.875532 0.002911
vt 0.875532 0.002911
vt 0.875974 0.050818
vt 0.339039 0.189092
vt 0.339941 0.341668
vt 0.345042 0.341668
vt 0.339039 0.189092
vt 0.308064 0.195791
vt 0.308064 0.195791
vt 0.345042 0.341668
vt 0.339941 0.341668
vt 0.616151 0.605723
vt 0.608985 0.605685
vt 0.616151 0.605723
vt 0.875974 0.096704
vt 0.875974 0.096704
vt 0.379465 0.360199
vt 0.379465 0.360199
vt 0.462914 0.360199
vt 0.473742 0.341960
vt 0.462914 0.360199
vt 0.473742 0.341960
vt 0.481270 0.171196
vt 0.481270 0.155448
vt 0.407167 0.304309
vt 0.379465 0.326359
vt 0.379465 0.326359
vt 0.407167 0.304309
vt 0.485778 0.013254
vt 0.485778 0.313390
vt 0.875974 0.156870
vt 0.875974 0.156870
vt 0.481372 0.315278
vt 0.758626 0.604829
vt 0.758626 0.604829
vt 0.481372 0.011366
vt 0.462914 0.326359
vt 0.462914 0.326359
vt 0.379469 0.341960
vt 0.379469 0.341960
vt 0.473742 0.341960
vt 0.473742 0.341960
vt 0.480942 0.240089
vt 0.480942 0.086554
vt 0.678464 0.620033
vt 0.679057 0.606091
vt 0.768233 0.626199
vt 0.679057 0.606091
vt 0.678464 0.620033
vt 0.768233 0.626199
vt 0.608987 0.615628
vt 0.875974 0.279082
vt 0.875974 0.279082
vt 0.875974 0.331185
vt 0.875974 0.331185
vt 0.831725 0.656817
vt 0.832105 0.645283
vt 0.832105 0.645283
vt 0.831725 0.656817
vt 0.830361 0.662985
vt 0.830361 0.662985
vt 0.875529 0.653864
vt 0.932413 0.660132
vt 0.932413 0.660132
vt 0.875529 0.653864
vt 0.998522 0.660949
vt 0.559016 0.163295
vt 0.556120 0.163295
vt 0.546732 0.153245
vt 0.548411 0.176217
vt 0.546732 0.173344
vt 0.548411 0.150372
vt 0.506286 0.163295
vt 0.513666 0.173344
vt 0.511906 0.176217
vt 0.513666 0.153245
vt 0.511906 0.150372
vt 0.001119 0.000271
vt 0.086381 0.009598
vt 0.086381 0.000271
vt 0.001119 0.018198
vt 0.086381 0.018198
vt 0.001119 0.009598
vt 0.198986 0.009598
vt 0.198986 0.000271
vt 0.462914 0.272376
vt 0.407167 0.272376
vt 0.411517 0.281948
vt 0.456252 0.281948
vt 0.462914 0.272376
vt 0.456252 0.281948
vt 0.411517 0.281948
vt 0.407167 0.272376
vt 0.403689 0.281948
vt 0.354824 0.272376
vt 0.354824 0.272376
vt 0.403689 0.281948
vt 0.360890 0.281948
vt 0.360890 0.281948
vt 0.354824 0.272376
vt 0.354824 0.304309
vt 0.360890 0.281948
vt 0.354824 0.272376
vt 0.360890 0.281948
vt 0.354824 0.304309
vt 0.198986 0.018198
vt 0.198986 0.000271
vt 0.198986 0.018198
vt 0.360890 0.293692
vt 0.360890 0.293692
vt 0.360890 0.281948
vt 0.360890 0.293692
vt 0.403689 0.281948
vt 0.360890 0.281948
vt 0.403689 0.281948
vt 0.360890 0.293692
vt 0.403689 0.293692
vt 0.403689 0.281948
vt 0.411517 0.281948
vt 0.403689 0.293692
vt 0.403689 0.293692
vt 0.403689 0.281948
vt 0.403689 0.293692
vt 0.411517 0.281948
vt 0.456252 0.281948
vt 0.411517 0.281948
vt 0.411517 0.293692
vt 0.456252 0.293692
vt 0.456252 0.281948
vt 0.411517 0.293692
vt 0.411517 0.281948
vt 0.456252 0.293692
vt 0.503149 0.163295
vt 0.411517 0.293692
vt 0.411517 0.293692
vt 0.360890 0.293692
vt 0.354824 0.304309
vt 0.403689 0.293692
vt 0.360890 0.293692
vt 0.403689 0.293692
vt 0.354824 0.304309
vt 0.407167 0.304309
vt 0.407167 0.304309
vt 0.411517 0.293692
vt 0.411517 0.293692
vt 0.462914 0.304316
vt 0.462914 0.304316
vt 0.456252 0.293692
vt 0.456252 0.293692
vt 0.379465 0.360199
vt 0.379469 0.341960
vt 0.386885 0.341960
vt 0.386885 0.353855
vt 0.462914 0.360199
vt 0.379465 0.360199
vt 0.462914 0.360199
vt 0.386885 0.353855
vt 0.386885 0.341960
vt 0.379469 0.341960
vt 0.379465 0.326359
vt 0.386885 0.332250
vt 0.462914 0.326359
vt 0.451913 0.332250
vt 0.379465 0.326359
vt 0.386885 0.332250
vt 0.451913 0.332250
vt 0.462914 0.326359
vt 0.451913 0.353855
vt 0.506153 0.356840
vt 0.506153 0.348952
vt 0.451913 0.353855
vt 0.506153 0.348952
vt 0.506153 0.356840
vt 0.462914 0.360199
vt 0.451913 0.341960
vt 0.506153 0.356840
vt 0.462914 0.360199
vt 0.506153 0.356840
vt 0.451913 0.341960
vt 0.462914 0.360199
vt 0.473742 0.341960
vt 0.451913 0.341960
vt 0.462914 0.360199
vt 0.451913 0.341960
vt 0.473742 0.341960
vt 0.451913 0.341960
vt 0.451913 0.341960
vt 0.308605 0.009598
vt 0.308605 0.000271
vt 0.462914 0.326359
vt 0.462914 0.326359
vt 0.462914 0.326359
vt 0.506153 0.329290
vt 0.506153 0.337661
vt 0.506153 0.329290
vt 0.506153 0.329290
vt 0.506153 0.337661
vt 0.462914 0.326359
vt 0.506153 0.329290
vt 0.518709 0.722357
vt 0.518709 0.717564
vt 0.434644 0.700653
vt 0.433801 0.704619
vt 0.434644 0.700653
vt 0.433801 0.704619
vt 0.308605 0.018198
vt 0.518582 0.348952
vt 0.518582 0.337661
vt 0.506153 0.348952
vt 0.518582 0.348952
vt 0.506153 0.348952
vt 0.518582 0.337661
vt 0.308605 0.000271
vt 0.308605 0.018198
vt 0.454008 0.673899
vt 0.518709 0.699479
vt 0.454008 0.673899
vt 0.347246 0.676140
vt 0.351042 0.673454
vt 0.351042 0.673454
vt 0.347246 0.676140
vt 0.506153 0.337661
vt 0.506153 0.337661
vt 0.417820 0.602117
vt 0.417820 0.602117
vt 0.348310 0.587394
vt 0.343580 0.586824
vt 0.343580 0.586824
vt 0.348310 0.587394
vt 0.002325 0.217109
vt 0.044123 0.202387
vt 0.044300 0.167896
vt 0.002325 0.169658
vt 0.044300 0.167896
vt 0.044123 0.202387
vt 0.518709 0.694943
vt 0.457312 0.669948
vt 0.457312 0.669948
vt 0.728462 0.556092
vt 0.719856 0.595817
vt 0.641347 0.556092
vt 0.656350 0.502915
vt 0.714016 0.502915
vt 0.728462 0.556092
vt 0.719856 0.595817
vt 0.685004 0.599593
vt 0.685004 0.556092
vt 0.714016 0.502915
vt 0.728462 0.556092
vt 0.714016 0.502915
vt 0.685004 0.556092
vt 0.685004 0.599593
vt 0.719856 0.595817
vt 0.728462 0.556092
vt 0.641347 0.556092
vt 0.719856 0.595817
vt 0.714016 0.502915
vt 0.656350 0.502915
vt 0.719856 0.595817
vt 0.685004 0.599593
vt 0.649194 0.595817
vt 0.649194 0.595817
vt 0.649194 0.595817
vt 0.719856 0.595817
vt 0.649194 0.595817
vt 0.685004 0.599593
vt 0.641347 0.556092
vt 0.656350 0.502915
vt 0.649194 0.595817
vt 0.641347 0.556092
vt 0.649194 0.595817
vt 0.656350 0.502915
vt 0.685004 0.496680
vt 0.714016 0.502915
vt 0.685004 0.496680
vt 0.656350 0.502915
vt 0.685004 0.496680
vt 0.714016 0.502915
vt 0.656350 0.502915
vt 0.685004 0.496680
vt 0.094917 0.159127
vt 0.094917 0.185768
vt 0.424374 0.603069
vt 0.094917 0.185768
vt 0.094917 0.159127
vt 0.424374 0.603069
vt 0.352225 0.525174
vt 0.356443 0.528515
vt 0.432458 0.499457
vt 0.434567 0.505221
vt 0.352225 0.525174
vt 0.356443 0.528515
vt 0.434567 0.505221
vt 0.432458 0.499457
vt 0.447920 0.538496
vt 0.447920 0.538496
vt 0.021367 0.131431
vt 0.021367 0.131431
vt 0.014087 0.131206
vt 0.002325 0.131431
vt 0.014087 0.131206
vt 0.529263 0.611579
vt 0.526905 0.610247
vt 0.546606 0.613038
vt 0.528052 0.779687
vt 0.525589 0.781930
vt 0.529263 0.611579
vt 0.560328 0.709566
vt 0.546606 0.613038
vt 0.528052 0.779687
vt 0.529263 0.611579
vt 0.546606 0.613038
vt 0.560328 0.709566
vt 0.528052 0.779687
vt 0.529263 0.611579
vt 0.546606 0.613038
vt 0.526905 0.610247
vt 0.525589 0.781930
vt 0.528052 0.779687
vt 0.518709 0.490440
vt 0.518709 0.488623
vt 0.081430 0.131431
vt 0.081430 0.131431
vt 0.546606 0.613038
vt 0.578532 0.684689
vt 0.560328 0.709566
vt 0.546606 0.613038
vt 0.704597 0.645583
vt 0.578532 0.684689
vt 0.546606 0.613038
vt 0.578532 0.684689
vt 0.704597 0.645583
vt 0.546606 0.613038
vt 0.560328 0.709566
vt 0.578532 0.684689
vt 0.501186 0.901014
vt 0.515922 0.901767
vt 0.501186 0.998065
vt 0.515922 0.901767
vt 0.515245 0.987841
vt 0.515245 0.987841
vt 0.518709 0.506725
vt 0.451416 0.543881
vt 0.148325 0.185922
vt 0.148137 0.154346
vt 0.148137 0.154346
vt 0.148325 0.185922
vt 0.451416 0.543881
vt 0.193611 0.187884
vt 0.193611 0.159032
vt 0.518709 0.513917
vt 0.093474 0.131431
vt 0.115709 0.131431
vt 0.093474 0.131431
vt 0.115709 0.131431
vt 0.596725 0.703257
vt 0.621230 0.712439
vt 0.663588 0.714641
vt 0.596725 0.703257
vt 0.621230 0.712439
vt 0.663588 0.714641
vt 0.704597 0.645583
vt 0.716214 0.649543
vt 0.712710 0.788137
vt 0.663588 0.714641
vt 0.704597 0.645583
vt 0.663588 0.714641
vt 0.712710 0.788137
vt 0.716214 0.649543
vt 0.716214 0.649543
vt 0.712710 0.788137
vt 0.729230 0.658412
vt 0.716214 0.649543
vt 0.729230 0.658412
vt 0.774475 0.667762
vt 0.789780 0.661299
vt 0.716214 0.649543
vt 0.789780 0.661299
vt 0.774475 0.667762
vt 0.729230 0.658412
vt 0.716214 0.649543
vt 0.729230 0.658412
vt 0.712710 0.788137
vt 0.727189 0.799734
vt 0.729230 0.658412
vt 0.727189 0.799734
vt 0.772105 0.800186
vt 0.774475 0.667762
vt 0.727189 0.799734
vt 0.729230 0.658412
vt 0.774475 0.667762
vt 0.772105 0.800186
vt 0.727189 0.799734
vt 0.148004 0.131431
vt 0.148004 0.131431
vt 0.789780 0.661299
vt 0.786565 0.811409
vt 0.890119 0.828997
vt 0.888583 0.676255
vt 0.789780 0.661299
vt 0.888583 0.676255
vt 0.890119 0.828997
vt 0.786565 0.811409
vt 0.789780 0.661299
vt 0.774475 0.667762
vt 0.772105 0.800186
vt 0.786565 0.811409
vt 0.789780 0.661299
vt 0.772105 0.800186
vt 0.774475 0.667762
vt 0.786565 0.811409
vt 0.193611 0.131431
vt 0.998278 0.682617
vt 0.998278 0.828997
vt 0.596725 0.703257
vt 0.596725 0.703257
vt 0.621230 0.712439
vt 0.611939 0.760557
vt 0.580131 0.739289
vt 0.580131 0.739289
vt 0.611939 0.760557
vt 0.621230 0.712439
vt 0.580131 0.739289
vt 0.580131 0.739289
vt 0.611939 0.760557
vt 0.611998 0.788484
vt 0.570476 0.783694
vt 0.570476 0.783694
vt 0.611998 0.788484
vt 0.611939 0.760557
vt 0.712710 0.788137
vt 0.712710 0.788137
vt 0.570296 0.785937
vt 0.570476 0.783694
vt 0.570476 0.783694
vt 0.570296 0.785937
vt 0.538258 0.989903
vt 0.530796 0.998501
vt 0.530796 0.998501
vt 0.538258 0.989903
vt 0.611998 0.788484
vt 0.611998 0.788484
vt 0.611981 0.790726
vt 0.611981 0.790726
vt 0.560030 0.992369
vt 0.560030 0.992369
vt 0.675149 0.796603
vt 0.675149 0.796603
vt 0.672184 0.798054
vt 0.675149 0.796603
vt 0.672184 0.798054
vt 0.675149 0.796603
vt 0.712366 0.810904
vt 0.712366 0.810904
vt 0.712366 0.810904
vt 0.712366 0.810904
vt 0.560265 0.998937
vt 0.593158 0.999108
vt 0.592909 0.996141
vt 0.592909 0.996141
vt 0.593158 0.999108
vt 0.560265 0.998937
vt 0.672668 0.803818
vt 0.675202 0.805741
vt 0.675202 0.805741
vt 0.675202 0.805741
vt 0.672668 0.803818
vt 0.675202 0.805741
vt 0.739134 0.816494
vt 0.739134 0.816494
vt 0.731805 0.828997
vt 0.739134 0.816494
vt 0.739134 0.816494
vt 0.731805 0.828997
vt 0.761808 0.816494
vt 0.761808 0.816494
vt 0.761808 0.816494
vt 0.761808 0.816494
vt 0.498278 0.801793
vt 0.554578 0.802640
vt 0.498278 0.803715
vt 0.554578 0.802640
vt 0.554882 0.804562
vt 0.611407 0.805409
vt 0.611520 0.803487
vt 0.611520 0.803487
vt 0.611407 0.805409
vt 0.554882 0.804562
vt 0.498278 0.803715
vt 0.554882 0.804562
vt 0.498278 0.828997
vt 0.554882 0.804562
vt 0.612467 0.828997
vt 0.611407 0.805409
vt 0.611407 0.805409
vt 0.612467 0.828997
vt 0.731805 0.828997
vt 0.731805 0.828997
vt 0.769536 0.828997
vt 0.769536 0.828997
vt 0.769536 0.828997
vt 0.769536 0.828997
vt 0.000618 0.026908
vt 0.161708 0.034838
vt 0.161708 0.026908
vt 0.006651 0.019383
vt 0.161708 0.019383
vt 0.006651 0.034838
vt 0.161708 0.019383
vt 0.161708 0.034838
vt 0.769536 0.828997
vt 0.890119 0.828997
vt 0.796288 0.882320
vt 0.731805 0.828997
vt 0.890119 0.828997
vt 0.769536 0.828997
vt 0.796288 0.882320
vt 0.886324 0.882320
vt 0.998278 0.828997
vt 0.886324 0.882320
vt 0.704811 0.882320
vt 0.612467 0.828997
vt 0.998278 0.882320
vt 0.610843 0.882320
vt 0.498278 0.828997
vt 0.610843 0.882320
vt 0.612467 0.828997
vt 0.498278 0.882320
vt 0.731805 0.828997
vt 0.704811 0.882320
vt 0.826022 0.937404
vt 0.660668 0.937404
vt 0.566119 0.937404
vt 0.826022 0.937404
vt 0.660668 0.937404
vt 0.930223 0.937404
vt 0.693383 0.998392
vt 0.793445 0.998392
vt 0.940791 0.951654
vt 0.999412 0.969041
vt 0.934895 0.967484
vt 0.937972 0.973405
vt 0.999412 0.999334
vt 0.937972 0.999334
vt 0.919440 0.977333
vt 0.933982 0.993163
vt 0.919440 0.993163
vt 0.940791 0.951654
vt 0.934895 0.967484
vt 0.999412 0.969041
vt 0.942195 0.951449
vt 0.990733 0.959697
vt 0.990733 0.951449
vt 0.942195 0.937197
vt 0.990733 0.951449
vt 0.942195 0.951449
vt 0.999633 0.951449
vt 0.999633 0.959697
vt 0.990733 0.959697
vt 0.994816 0.973395
vt 0.938039 0.973443
vt 0.999412 0.973458
vt 0.999412 0.999276
vt 0.994816 0.999310
vt 0.938039 0.999358
vt 0.933982 0.999122
vn -0.9495 -0.0993 0.2976
vn -0.3878 0.0311 0.9212
vn -0.2875 0.1594 0.9444
vn 0.9699 -0.1169 0.2136
vn 0.8762 -0.0411 0.4802
vn 0.3875 0.0627 0.9197
vn 0.3818 0.1270 0.9155
vn -0.3734 0.2862 0.8824
vn 0.9658 0.1244 -0.2273
vn 0.9216 0.2134 0.3243
vn 0.6481 0.2649 0.7140
vn 0.5395 0.1990 0.8181
vn 0.6480 0.2648 0.7141
vn -0.6630 0.1849 0.7254
vn -0.9151 0.2524 0.3144
vn -0.2875 0.1595 0.9444
vn 0.3695 0.2857 0.8842
vn -0.3841 0.1263 0.9146
vn 0.2057 0.1731 0.9632
vn -0.4952 0.2980 0.8161
vn 0.8102 -0.2661 -0.5223
vn 0.7569 -0.2627 -0.5984
vn 0.9483 -0.2742 0.1600
vn -0.7541 -0.2479 -0.6082
vn -0.7734 -0.2719 -0.5726
vn 0.0252 -0.1612 -0.9866
vn -0.9482 -0.2743 0.1600
vn -0.3733 -0.1715 0.9117
vn -0.3425 -0.1407 0.9289
vn 0.9482 -0.2743 0.1600
vn 0.3425 -0.1407 0.9289
vn 0.3733 -0.1715 0.9117
vn 0.0170 -0.1360 -0.9906
vn 0.8159 -0.0018 -0.5781
vn -0.0266 -0.1747 -0.9843
vn -0.8823 -0.0027 -0.4708
vn -0.8077 -0.0041 -0.5896
vn -0.0212 -0.1354 -0.9906
vn 0.9871 -0.0048 0.1603
vn 0.9690 0.0592 0.2400
vn 0.5670 -0.0199 0.8235
vn -0.9871 -0.0048 0.1603
vn -0.5670 -0.0199 0.8235
vn -0.9690 0.0592 0.2400
vn -0.0424 -0.1205 -0.9918
vn 0.8326 -0.0051 -0.5539
vn 0.0427 -0.1205 -0.9918
vn 0.8716 0.0502 -0.4877
vn -0.8716 0.0502 -0.4877
vn -0.0423 -0.1206 -0.9918
vn 0.0024 -0.7992 -0.6011
vn -0.3076 0.8739 -0.3764
vn -0.4082 0.4957 -0.7666
vn 0.2653 -0.9560 -0.1254
vn 0.2707 -0.0581 0.9609
vn 0.2707 -0.0580 0.9609
vn 0.1400 0.4593 0.8772
vn -0.3077 0.8739 -0.3764
vn 0.2653 -0.9560 -0.1253
vn -0.3310 0.4942 -0.8039
vn 0.4181 -0.4865 0.7671
vn 0.1398 0.4593 0.8772
vn -0.2788 0.9586 0.0582
vn 0.4187 -0.5278 0.7390
vn 0.4168 -0.5158 0.7485
vn -0.2590 -0.4544 -0.8523
vn -0.3311 0.4942 -0.8039
vn -0.4391 0.0290 -0.8980
vn -0.1072 0.9942 -0.0122
vn 0.8936 -0.0000 -0.4488
vn 0.5530 0.0000 -0.8332
vn 0.8936 -0.0001 -0.4488
vn 0.8936 -0.0000 0.4488
vn 0.5530 -0.0000 0.8332
vn -1.0000 -0.0000 0.0000
vn 0.4389 -0.6778 -0.5898
vn 0.6789 0.0549 -0.7322
vn 0.5105 -0.7884 0.3431
vn 0.5105 -0.7885 0.3430
vn -0.5069 0.0893 0.8573
vn -0.4633 -0.4830 -0.7430
vn -0.4705 -0.7179 0.5131
vn -0.5252 -0.8013 -0.2864
vn 0.1805 -0.7075 0.6833
vn 0.3610 0.6347 -0.6832
vn -0.6541 0.5666 0.5010
vn -0.5252 -0.8013 -0.2865
vn -0.6541 0.5666 0.5011
vn -0.4940 0.4280 -0.7568
vn -0.5070 0.0892 0.8573
vn -0.4216 0.7734 0.4733
vn -0.4216 0.7734 -0.4734
vn 0.1714 0.7771 0.6056
vn -0.4217 0.7733 0.4734
vn -0.4217 0.7734 -0.4733
vn 0.5347 0.7665 -0.3557
vn 0.7605 0.2868 0.5826
vn 0.1715 0.7770 0.6057
vn -0.9208 0.0576 0.3858
vn -0.1782 0.1923 0.9650
vn -0.0757 0.2359 0.9688
vn -0.9494 0.1715 -0.2632
vn -0.9935 0.1140 -0.0010
vn -0.9285 0.0254 0.3705
vn 0.0008 -1.0000 -0.0010
vn 0.0009 -1.0000 -0.0008
vn 0.0006 -1.0000 0.0005
vn 0.0007 -1.0000 -0.0009
vn 0.0008 -1.0000 -0.0009
vn 0.9208 0.0576 0.3858
vn 0.9935 0.1140 -0.0010
vn 0.9494 0.1715 -0.2632
vn 0.9285 0.0254 0.3705
vn 0.0757 0.2359 0.9688
vn 0.1782 0.1923 0.9650
vn -0.0008 -1.0000 -0.0010
vn -0.0006 -1.0000 0.0005
vn -0.0009 -1.0000 -0.0008
vn -0.0008 -1.0000 -0.0009
vn -0.0007 -1.0000 -0.0009
vn 0.8414 0.2785 0.4631
vn -0.8414 0.2785 0.4631
vn -0.9080 0.3717 -0.1935
vn -0.9364 0.3508 -0.0015
vn -0.9007 0.2695 0.3408
vn 0.9364 0.3508 -0.0015
vn 0.9080 0.3717 -0.1935
vn 0.9007 0.2695 0.3408
vn 0.9382 0.3176 -0.1375
vn 0.7548 0.5432 -0.3677
vn -0.7548 0.5432 -0.3677
vn -0.9382 0.3176 -0.1375
vn -0.0008 -1.0000 -0.0003
vn 0.0008 -1.0000 -0.0003
vn 0.0009 -1.0000 -0.0003
vn 0.0009 -1.0000 -0.0004
vn 0.4224 0.3405 -0.8400
vn 0.5467 0.6927 -0.4704
vn -0.5467 0.6927 -0.4704
vn -0.4224 0.3405 -0.8400
vn -0.0009 -1.0000 -0.0004
vn -0.0009 -1.0000 -0.0003
vn -0.2018 0.2781 -0.9391
vn -0.2009 0.6619 -0.7222
vn 0.2009 0.6619 -0.7222
vn 0.2018 0.2781 -0.9391
vn 0.9203 0.3795 -0.0949
vn 0.6931 0.6603 -0.2892
vn -0.6931 0.6603 -0.2892
vn -0.9203 0.3795 -0.0949
vn 0.6471 0.2863 -0.7066
vn -0.6471 0.2863 -0.7066
vn 0.7136 0.5787 -0.3948
vn -0.7136 0.5787 -0.3948
vn 0.0649 0.8718 -0.4856
vn -0.0649 0.8718 -0.4856
vn -0.0878 0.6410 -0.7625
vn 0.0878 0.6410 -0.7625
vn 0.3040 0.4319 -0.8491
vn -0.7156 0.2409 -0.6556
vn -0.1562 0.3995 -0.9033
vn 0.8405 0.3207 -0.4367
vn 0.9375 0.2800 -0.2067
vn -0.3040 0.4319 -0.8491
vn -0.9375 0.2800 -0.2067
vn -0.8405 0.3207 -0.4367
vn 0.1562 0.3995 -0.9033
vn 0.7156 0.2409 -0.6556
vn -0.1138 -0.8578 0.5012
vn -0.4073 -0.8278 0.3859
vn -0.5196 -0.7457 0.4170
vn 0.0777 -0.8856 0.4579
vn 0.2989 -0.8886 0.3478
vn 0.1138 -0.8578 0.5012
vn -0.2989 -0.8886 0.3478
vn -0.0777 -0.8856 0.4579
vn 0.5196 -0.7457 0.4170
vn 0.4073 -0.8278 0.3859
vn -0.9738 0.1704 0.1504
vn -0.8875 0.1459 -0.4370
vn 0.6698 -0.7407 0.0531
vn -0.6698 -0.7407 0.0531
vn 0.8875 0.1459 -0.4370
vn 0.9738 0.1704 0.1504
vn 0.4666 -0.8346 0.2928
vn 0.4884 -0.8713 0.0478
vn 0.9026 0.3362 0.2689
vn 0.7471 0.4416 0.4968
vn -0.7471 0.4416 0.4968
vn -0.9026 0.3362 0.2689
vn -0.4666 -0.8346 0.2928
vn -0.4884 -0.8713 0.0478
vn 0.6361 -0.7470 -0.1934
vn -0.6361 -0.7470 -0.1934
vn -0.6090 -0.7504 -0.2567
vn 0.6090 -0.7504 -0.2567
vn -0.0078 -0.8635 -0.5043
vn 0.0078 -0.8635 -0.5043
vn 0.8287 0.2625 0.4943
vn -0.8287 0.2625 0.4943
vn -0.2626 0.4025 0.8770
vn 0.2626 0.4025 0.8770
vn 0.1941 0.4608 0.8660
vn -0.1941 0.4608 0.8660
vn -0.1304 -0.8005 -0.5850
vn 0.1304 -0.8005 -0.5850
vn 0.4148 -0.8806 -0.2289
vn -0.0341 -0.7790 -0.6260
vn 0.5660 -0.5780 -0.5878
vn 0.7529 -0.5799 0.3111
vn 0.4636 -0.8582 0.2203
vn -0.4148 -0.8806 -0.2289
vn -0.4636 -0.8582 0.2203
vn -0.7529 -0.5799 0.3111
vn -0.5660 -0.5780 -0.5878
vn 0.0341 -0.7790 -0.6260
vn 0.0446 -0.7204 0.6921
vn -0.0446 -0.7204 0.6921
vn -0.6744 -0.6925 -0.2562
vn -0.5848 -0.6373 0.5018
vn -0.8434 -0.3447 0.4122
vn -0.8779 -0.3444 -0.3327
vn -0.3235 -0.4512 -0.8317
vn 0.6744 -0.6925 -0.2562
vn 0.3235 -0.4512 -0.8317
vn 0.8779 -0.3444 -0.3327
vn 0.8434 -0.3447 0.4122
vn 0.5848 -0.6373 0.5018
vn -0.0971 -0.3918 0.9149
vn 0.0971 -0.3918 0.9149
vn 0.0443 -0.1375 -0.9895
vn 0.8485 -0.1860 -0.4954
vn -0.8485 -0.1860 -0.4954
vn -0.0443 -0.1375 -0.9895
vn -0.3879 0.0312 0.9212
vn -0.9495 -0.0994 0.2975
vn -0.9435 0.1060 -0.3138
vn -0.2382 -0.5753 -0.7825
vn 0.8320 -0.3922 -0.3924
vn -0.8320 -0.3922 -0.3924
vn 0.2382 -0.5753 -0.7825
vn -0.9158 -0.0515 0.3984
vn -0.2874 0.1594 0.9444
vn 0.8762 -0.0411 0.4801
vn 0.8932 -0.1181 -0.4338
vn 0.6481 0.2649 0.7141
vn -0.9151 0.2524 0.3145
vn -0.8932 -0.1181 -0.4338
vn -0.0794 -0.1485 -0.9857
vn -0.6874 -0.0283 -0.7257
vn -0.7216 -0.0582 -0.6899
vn 0.6464 -0.1984 -0.7368
vn 0.5334 -0.1513 -0.8323
vn 0.0011 0.4750 -0.8800
vn 0.0446 -0.1893 0.9809
vn -0.4970 -0.0835 0.8637
vn 0.5720 -0.2349 0.7859
vn 0.0794 -0.1485 -0.9857
vn -0.5334 -0.1513 -0.8323
vn -0.6464 -0.1984 -0.7368
vn -0.0011 0.4750 -0.8800
vn 0.7216 -0.0582 -0.6899
vn 0.6874 -0.0283 -0.7257
vn -0.0446 -0.1893 0.9809
vn -0.5720 -0.2349 0.7859
vn 0.4970 -0.0835 0.8637
vn 0.3315 0.1018 0.9380
vn -0.3315 0.1018 0.9380
vn 0.4069 0.0732 0.9105
vn -0.4069 0.0732 0.9105
vn 0.8011 -0.2318 0.5518
vn 0.7963 -0.2313 0.5589
vn 0.5322 -0.5168 0.6706
vn -0.4760 -0.6271 0.6165
vn 0.9392 -0.2626 -0.2212
vn 0.7841 -0.2663 -0.5606
vn 0.8761 -0.1842 -0.4455
vn 0.9383 0.3456 0.0109
vn 0.4760 -0.6271 0.6165
vn -0.8011 -0.2318 0.5518
vn -0.5322 -0.5168 0.6706
vn -0.7963 -0.2313 0.5589
vn -0.9392 -0.2626 -0.2212
vn -0.8761 -0.1842 -0.4455
vn -0.7841 -0.2663 -0.5606
vn -0.9383 0.3456 0.0109
vn 0.9822 0.1571 0.1034
vn -0.9822 0.1571 0.1034
vn -0.8337 -0.3196 0.4503
vn -0.8877 -0.3827 0.2561
vn -0.9054 -0.3607 0.2239
vn 0.8337 -0.3196 0.4503
vn 0.9054 -0.3607 0.2239
vn 0.8877 -0.3827 0.2561
vn -0.8991 -0.0096 -0.4377
vn -0.9232 0.0264 -0.3833
vn -0.8670 -0.0494 -0.4959
vn 0.9933 -0.0844 0.0788
vn -0.9933 -0.0844 0.0788
vn 0.8991 -0.0096 -0.4377
vn 0.8670 -0.0494 -0.4959
vn 0.9232 0.0264 -0.3833
vn -0.7957 0.3374 -0.5030
vn -0.6060 0.7772 -0.1696
vn -0.7792 -0.4185 0.4665
vn 0.7957 0.3374 -0.5030
vn 0.6060 0.7772 -0.1696
vn 0.3788 0.0503 -0.9241
vn 0.3520 0.0364 -0.9353
vn 0.7792 -0.4185 0.4665
vn 0.6624 -0.7102 0.2384
vn -0.6624 -0.7102 0.2384
vn -0.3788 0.0503 -0.9241
vn -0.3520 0.0364 -0.9353
vn -0.0802 -0.7556 0.6501
vn 0.6416 -0.1690 0.7482
vn -0.6427 -0.1509 0.7511
vn -0.6416 -0.1690 0.7482
vn -0.7496 -0.0268 0.6614
vn 0.0802 -0.7556 0.6501
vn 0.6427 -0.1509 0.7511
vn 0.7496 -0.0268 0.6614
vn -0.5877 -0.7062 -0.3949
vn -0.7715 -0.5172 -0.3704
vn 0.5877 -0.7062 -0.3949
vn 0.7715 -0.5172 -0.3704
vn 0.3256 -0.8151 0.4791
vn -0.3256 -0.8151 0.4791
vn -0.6394 -0.7607 -0.1122
vn -0.5007 -0.8338 0.2324
vn 0.5007 -0.8338 0.2324
vn 0.6394 -0.7607 -0.1122
vn -0.3248 0.0226 -0.9455
vn -0.7342 0.6018 0.3145
vn 0.7342 0.6018 0.3145
vn 0.3248 0.0226 -0.9455
vn 0.2057 0.1732 0.9632
vn -0.3162 -0.9487 0.0001
vn 0.3162 -0.9487 0.0000
vn -0.9487 -0.3162 0.0000
vn 0.9487 -0.3162 0.0000
vn -0.9487 0.3162 0.0002
vn -0.3162 -0.9487 0.0000
vn -0.9487 0.3162 0.0000
vn 0.9487 0.3162 0.0000
vn -0.0000 0.0000 -1.0000
vn 0.6481 0.2648 0.7141
vn 0.7635 0.4205 -0.4902
vn -0.7635 0.4205 -0.4901
vn -0.3160 -0.9480 -0.0378
vn 0.3160 -0.9480 -0.0374
vn 0.9480 -0.3160 -0.0374
vn -0.9480 0.3160 -0.0374
vn -0.9480 -0.3160 -0.0378
vn 0.3160 -0.9480 -0.0378
vn -0.3160 -0.9480 -0.0374
vn 0.9480 -0.3160 -0.0378
vn 0.9480 0.3160 -0.0374
vn -0.9480 -0.3160 -0.0374
vn 0.9480 0.3160 -0.0378
vn -0.9480 0.3160 -0.0378
vn -0.4953 0.2980 0.8160
vn -0.9151 0.2525 0.3144
vn 0.3162 0.9487 -0.0001
vn -0.3162 0.9487 0.0000
vn 0.3162 0.9487 0.0000
vn 0.3160 0.9480 -0.0374
vn -0.3160 0.9480 -0.0378
vn -0.3160 0.9480 -0.0374
vn 0.3160 0.9480 -0.0378
vn -0.9480 0.3160 -0.0379
vn 0.9480 0.3160 -0.0379
vn -0.1238 -0.8683 0.4803
vn 0.1238 -0.8683 0.4803
vn 0.1235 -0.6209 0.7741
vn 0.4779 0.4855 0.7321
vn -0.1235 -0.6209 0.7741
vn -0.4779 0.4855 0.7321
vn -0.3227 -0.9389 -0.1198
vn 0.3080 -0.9436 -0.1213
vn 0.9405 -0.3168 -0.1227
vn -0.9431 0.3111 -0.1171
vn -0.9439 -0.3077 -0.1196
vn 0.3227 -0.9389 -0.1198
vn -0.3080 -0.9436 -0.1213
vn 0.9439 -0.3077 -0.1196
vn 0.9431 0.3111 -0.1171
vn -0.9405 -0.3168 -0.1227
vn 0.3114 -0.8089 0.4988
vn -0.1235 -0.6208 0.7741
vn 0.1235 -0.6208 0.7741
vn -0.3114 -0.8089 0.4988
vn -0.9392 0.3206 -0.1227
vn 0.9392 0.3206 -0.1227
vn -0.0058 0.0004 -1.0000
vn -0.0058 0.0003 -1.0000
vn 0.0058 0.0004 -1.0000
vn 0.0058 0.0003 -1.0000
vn -0.4946 -0.3477 0.7966
vn 0.4946 -0.3477 0.7966
vn -0.3200 0.9401 -0.1179
vn 0.3041 0.9448 -0.1220
vn 0.3200 0.9401 -0.1179
vn -0.3041 0.9448 -0.1220
vn -0.0058 0.0002 -1.0000
vn 0.0058 0.0002 -1.0000
vn 0.9392 0.3207 -0.1228
vn 0.9405 -0.3167 -0.1228
vn -0.9392 0.3207 -0.1228
vn -0.9405 -0.3168 -0.1228
vn -0.4614 0.8661 -0.1923
vn -0.2407 0.9153 -0.3229
vn 0.4614 0.8661 -0.1923
vn 0.2407 0.9153 -0.3229
vn -0.5229 0.8506 0.0552
vn 0.5229 0.8506 0.0552
vn -0.6663 0.6020 0.4400
vn 0.6663 0.6020 0.4400
vn -0.7541 -0.2479 -0.6081
vn -0.9483 -0.2742 0.1600
vn -0.9661 -0.2354 0.1059
vn -0.9483 -0.2743 0.1600
vn -0.3425 -0.1406 0.9289
vn -0.3069 0.9076 0.2866
vn 0.9483 -0.2743 0.1600
vn 0.9661 -0.2354 0.1059
vn 0.3425 -0.1406 0.9289
vn 0.9661 -0.2355 0.1059
vn 0.3069 0.9076 0.2866
vn -0.1991 0.7825 0.5900
vn 0.1991 0.7825 0.5900
vn -0.3085 0.9181 -0.2487
vn 0.3085 0.9181 -0.2487
vn -0.4422 0.8955 0.0499
vn 0.4422 0.8955 0.0499
vn -0.0267 -0.1747 -0.9843
vn -0.1583 0.9667 0.2011
vn -0.3734 -0.1715 0.9117
vn 0.3334 -0.0970 0.9378
vn 0.3734 -0.1715 0.9117
vn -0.3334 -0.0970 0.9378
vn 0.1583 0.9667 0.2011
vn 0.8159 -0.0018 -0.5782
vn 0.9871 -0.0047 0.1603
vn -0.8823 -0.0027 -0.4707
vn -0.9871 -0.0047 0.1603
vn 0.7226 -0.1980 -0.6623
vn 0.0426 -0.1205 -0.9918
vn -0.7226 -0.1980 -0.6623
vn -0.0423 -0.1205 -0.9918
vn 0.4442 0.0355 0.8952
vn -0.3617 -0.2694 0.8925
vn 0.3617 -0.2694 0.8925
vn -0.4442 0.0355 0.8952
vn 0.9766 0.1182 0.1797
vn -0.9766 0.1182 0.1797
vn 0.1662 -0.0469 -0.9850
vn -0.1662 -0.0469 -0.9850
vn 0.5323 -0.8450 -0.0509
vn -0.5323 -0.8450 -0.0509
vn -0.5323 -0.8450 -0.0510
vn 0.5323 -0.8450 -0.0510
vn 0.5680 -0.3718 -0.7343
vn -0.5680 -0.3718 -0.7343
vn -0.8482 0.0910 -0.5219
vn 0.8482 0.0910 -0.5219
vn -0.3443 -0.6451 -0.6822
vn 0.5730 -0.2793 0.7705
vn -0.8714 0.3876 0.3006
vn 0.2894 -0.2045 -0.9351
vn 0.7630 -0.3959 -0.5110
vn -0.1442 0.5059 -0.8505
vn 0.3443 -0.6451 -0.6822
vn -0.5730 -0.2793 0.7705
vn -0.7630 -0.3959 -0.5110
vn -0.2894 -0.2045 -0.9351
vn 0.1442 0.5059 -0.8505
vn 0.8714 0.3876 0.3006
vn 0.8434 0.3678 -0.3915
vn 0.2809 0.9334 0.2234
vn -0.8434 0.3678 -0.3916
vn -0.2809 0.9334 0.2234
vn -0.8158 0.1099 -0.5678
vn 0.0822 -0.1735 -0.9814
vn -0.3833 0.0507 -0.9222
vn -0.0822 -0.1735 -0.9814
vn 0.3833 0.0507 -0.9222
vn 0.8158 0.1099 -0.5678
vn 0.9509 0.1658 0.2615
vn 0.4223 -0.1114 0.8996
vn -0.4223 -0.1114 0.8996
vn -0.9509 0.1658 0.2615
vn -0.1566 -0.8017 -0.5768
vn 0.1566 -0.8017 -0.5768
vn -0.0000 -0.9781 -0.2083
vn -0.0000 -0.6856 0.7280
vn 0.0000 -0.6119 -0.7909
vn -0.2931 -0.5840 -0.7570
vn 0.0000 -0.3470 -0.9379
vn 0.2931 -0.5840 -0.7570
vn -0.3155 -0.3249 -0.8916
vn 0.3155 -0.3249 -0.8916
vn -0.0000 -0.4182 0.9083
vn 0.4296 -0.0013 0.9030
vn -0.0000 -0.0641 0.9979
vn -0.4296 -0.0013 0.9030
vn -0.9137 0.1529 0.3766
vn 0.9137 0.1529 0.3766
vn -0.4241 -0.0638 -0.9034
vn -0.0000 -0.0282 -0.9996
vn 0.4241 -0.0638 -0.9034
vn -0.4926 0.0788 -0.8667
vn 0.4926 0.0788 -0.8667
vn -0.0248 -0.9136 -0.4060
vn -0.7086 -0.5099 0.4876
vn -0.5362 0.2197 -0.8150
vn 0.7853 -0.2346 -0.5729
vn 0.5932 -0.4761 0.6492
vn 0.0248 -0.9136 -0.4060
vn 0.7086 -0.5099 0.4876
vn -0.5932 -0.4761 0.6492
vn -0.7853 -0.2346 -0.5729
vn 0.5362 0.2197 -0.8150
vn 0.0248 -0.9136 -0.4059
vn 0.5362 0.2196 -0.8150
vn -0.0248 -0.9136 -0.4059
vn -0.5362 0.2196 -0.8150
vn 0.0046 0.6917 0.7222
vn -0.0046 0.6917 0.7222
vn 0.7086 -0.5100 0.4876
vn 0.0045 0.6918 0.7221
vn -0.7086 -0.5100 0.4876
vn -0.0046 0.6918 0.7221
vn -0.8938 0.1436 -0.4249
vn 0.8938 0.1436 -0.4249
vn -0.8489 0.4086 0.3352
vn -0.6746 0.6398 -0.3682
vn 0.6746 0.6398 -0.3682
vn 0.8489 0.4086 0.3352
vn 0.0000 0.2572 0.9664
vn 0.4986 0.3048 0.8115
vn -0.4986 0.3048 0.8115
vn -0.4211 -0.0290 -0.9065
vn 0.0000 0.0738 -0.9973
vn 0.4211 -0.0290 -0.9065
vn -0.8270 0.1334 -0.5462
vn -0.7122 -0.0573 -0.6997
vn 0.8270 0.1334 -0.5462
vn 0.7122 -0.0573 -0.6997
vn -0.9442 0.2359 0.2298
vn 0.9442 0.2359 0.2298
vn -0.0000 0.4165 0.9091
vn 0.4596 0.3772 0.8040
vn -0.4596 0.3772 0.8040
vn 0.6957 -0.6856 -0.2145
vn 0.6796 -0.7235 0.1212
vn -0.4632 -0.8836 -0.0680
vn -0.5558 -0.3245 -0.7654
vn 0.5064 0.3049 -0.8066
vn 0.7642 0.6153 -0.1935
vn 0.5381 -0.3551 -0.7645
vn 0.4120 -0.9086 -0.0678
vn -0.7333 -0.6444 -0.2168
vn -0.4862 0.3342 -0.8074
vn 0.2652 0.6331 -0.7272
vn 0.8631 0.3722 -0.3414
vn 0.4120 -0.9086 -0.0680
vn -0.7202 -0.6835 0.1189
vn -0.4632 -0.8836 -0.0681
vn -0.8396 0.4207 -0.3438
vn -0.2268 0.6464 -0.7285
vn 0.3770 -0.3983 -0.8362
vn 0.3487 -0.9304 -0.1127
vn -0.7906 -0.6087 -0.0665
vn -0.6039 0.3435 -0.7192
vn 0.1636 0.6035 -0.7804
vn 0.8066 0.3189 -0.4977
vn -0.7205 -0.6417 0.2627
vn -0.7272 0.6583 -0.1945
vn -0.4201 -0.3547 -0.8353
vn -0.4038 -0.9061 -0.1260
vn -0.7994 0.3766 -0.4680
vn 0.7528 -0.6503 -0.1024
vn -0.1486 0.6318 -0.7608
vn 0.6041 0.3274 -0.7265
vn 0.6892 -0.6879 0.2276
vn 0.7530 0.6524 -0.0855
vn -0.7171 0.6920 -0.0833
vn 0.2971 -0.9116 -0.2842
vn -0.5321 -0.6783 0.5068
vn -0.7317 -0.6393 0.2366
vn 0.0122 -0.3593 -0.9331
vn 0.5231 0.3659 -0.7697
vn -0.2971 -0.9116 -0.2842
vn -0.0122 -0.3593 -0.9331
vn 0.7317 -0.6393 0.2366
vn 0.5321 -0.6783 0.5068
vn -0.5231 0.3659 -0.7697
vn -0.8546 0.3372 -0.3949
vn -0.1868 0.6308 -0.7531
vn 0.1868 0.6308 -0.7531
vn 0.8546 0.3372 -0.3949
vn -0.5320 -0.6783 0.5068
vn -0.7068 0.6633 0.2458
vn 0.5320 -0.6783 0.5068
vn 0.7068 0.6633 0.2458
vn -0.0000 -0.0259 -0.9997
vn -0.5597 -0.0244 -0.8283
vn -0.3719 -0.0244 -0.9279
vn 0.0000 -0.0152 -0.9999
vn 0.3719 -0.0244 -0.9279
vn 0.5597 -0.0244 -0.8283
vn -0.9191 -0.1334 -0.3707
vn -0.8554 0.1383 -0.4992
vn 0.8554 0.1383 -0.4992
vn 0.9191 -0.1334 -0.3707
vn -0.3645 -0.3843 -0.8482
vn 0.1572 -0.9225 -0.3526
vn -0.5749 -0.6237 0.5296
vn -0.9411 0.3370 -0.0276
vn -0.4738 0.6127 -0.6326
vn 0.1693 0.3387 -0.9255
vn 0.1572 -0.9225 -0.3527
vn -0.2835 -0.6579 0.6977
vn -0.1514 -0.9116 -0.3822
vn 0.3784 -0.3593 -0.8531
vn 0.5662 -0.6393 0.5203
vn 0.2722 -0.6783 0.6825
vn -0.1541 0.3659 -0.9178
vn 0.4841 0.6308 -0.6064
vn 0.9414 0.3372 -0.0022
vn 0.2720 -0.6783 0.6826
vn 0.5398 0.6633 0.5184
vn -0.5478 0.6783 0.4897
vn 0.9276 -0.1639 0.3358
vn 0.7943 -0.4774 0.3758
vn 0.9279 0.3290 0.1756
vn -0.7943 -0.4774 0.3758
vn -0.9276 -0.1639 0.3358
vn -0.9279 0.3290 0.1756
vn 0.0000 -0.6166 0.7873
vn 0.3320 -0.5705 0.7512
vn 0.0000 -0.3865 0.9223
vn -0.3320 -0.5705 0.7512
vn 0.4903 -0.2287 0.8410
vn -0.4903 -0.2287 0.8410
vn -0.4931 0.3736 0.7857
vn 0.4931 0.3736 0.7857
vn 0.0000 0.2543 0.9671
vn 0.7642 0.6152 -0.1935
vn -0.7273 0.6582 -0.1946
vn -0.7171 0.6919 -0.0833
vn 0.8066 0.3189 -0.4978
vn -0.8396 0.4206 -0.3438
vn -0.7994 0.3766 -0.4681
vn 0.7530 0.6524 -0.0856
vn -0.5230 0.3659 -0.7698
vn 0.7069 0.6633 0.2458
vn -0.7069 0.6633 0.2458
vn 0.5230 0.3659 -0.7698
vn -0.5479 0.6783 0.4896
vn 0.1692 0.3387 -0.9256
vn -0.0000 -0.0534 -0.9986
vn -0.5626 -0.0441 -0.8256
vn -0.3626 -0.0490 -0.9306
vn 0.3626 -0.0501 -0.9306
vn 0.5626 -0.0441 -0.8256
vn 0.0000 -0.0293 -0.9996
vn -0.1540 0.3659 -0.9178
vn 0.5398 0.6632 0.5184
vn -0.4979 0.6193 0.6070
vn -0.8070 0.5617 0.1821
vn 0.8070 0.5617 0.1821
vn 0.4979 0.6193 0.6070
vn 0.0000 0.6776 0.7354
vn -0.9234 -0.0086 -0.3837
vn -0.8369 -0.0240 -0.5469
vn 0.8369 -0.0240 -0.5469
vn 0.9234 -0.0095 -0.3837
vn 0.9750 -0.0336 0.2198
vn 0.9723 0.0139 0.2335
vn -0.9723 0.0139 0.2335
vn -0.9750 -0.0336 0.2198
vn 0.5190 -0.0501 0.8533
vn -0.5190 -0.0501 0.8533
vn 0.0000 -0.0135 0.9999
vn 0.0000 -0.0406 0.9992
vn 0.5244 -0.1051 0.8450
vn -0.5244 -0.1051 0.8450
vn 0.6455 -0.7189 0.2580
vn 0.5645 -0.7733 -0.2885
vn 0.8507 -0.4758 0.2236
vn 0.4569 -0.3952 0.7969
vn 0.2661 -0.6906 0.6725
vn -0.6455 -0.7189 0.2580
vn -0.2661 -0.6906 0.6725
vn -0.4569 -0.3952 0.7969
vn -0.8507 -0.4758 0.2236
vn -0.5645 -0.7733 -0.2885
vn -0.0000 -0.4830 0.8756
vn 0.0000 -0.6457 0.7636
vn 0.3509 -0.6852 -0.6383
vn 0.7545 -0.2889 -0.5893
vn -0.7545 -0.2889 -0.5893
vn -0.3509 -0.6852 -0.6383
vn -0.4407 -0.1993 0.8753
vn -0.9739 -0.1680 0.1524
vn 0.9739 -0.1680 0.1524
vn 0.4407 -0.1993 0.8753
vn -0.3886 -0.3383 -0.8571
vn -0.0000 -0.6765 -0.7364
vn 0.3886 -0.3383 -0.8571
vn 0.0000 -0.0800 0.9968
vn 0.0001 -0.2426 -0.9701
vn -0.6481 -0.0067 -0.7615
vn -0.6314 0.0488 -0.7739
vn -0.6086 0.0073 -0.7934
vn -0.8208 -0.0704 -0.5668
vn 0.6481 -0.0067 -0.7615
vn 0.6314 0.0488 -0.7739
vn 0.6086 0.0073 -0.7934
vn 0.8208 -0.0704 -0.5668
vn -0.3184 0.0212 -0.9477
vn 0.3184 0.0212 -0.9477
vn 0.0000 -0.0692 -0.9976
vn 0.7660 -0.3616 -0.5315
vn 0.5942 -0.3057 -0.7440
vn 0.7994 0.1109 -0.5905
vn 0.2549 -0.7357 -0.6275
vn 0.7771 0.4281 -0.4614
vn -0.7660 -0.3616 -0.5315
vn -0.5942 -0.3057 -0.7440
vn -0.2549 -0.7357 -0.6275
vn -0.7994 0.1109 -0.5905
vn -0.7771 0.4281 -0.4614
vn -0.2857 -0.3867 -0.8768
vn -0.5586 0.3315 -0.7603
vn 0.2857 -0.3867 -0.8768
vn 0.5586 0.3315 -0.7603
vn -0.0000 -0.7979 -0.6027
vn 0.0000 -0.4252 -0.9051
vn 0.0000 0.1124 -0.9937
vn 0.3547 0.0862 -0.9310
vn 0.3496 0.0786 -0.9336
vn -0.7518 0.4907 -0.4404
vn 0.7518 0.4907 -0.4404
vn -0.3496 0.0786 -0.9336
vn -0.3547 0.0862 -0.9310
vn -0.5504 0.3985 -0.7337
vn 0.5504 0.3985 -0.7337
vn 0.5715 0.6396 -0.5141
vn 0.1437 0.0523 -0.9882
vn -0.5715 0.6396 -0.5141
vn -0.1437 0.0523 -0.9882
vn -0.7108 -0.4125 -0.5698
vn -0.3732 -0.5223 -0.7668
vn 0.3499 -0.6685 -0.6562
vn -0.7896 -0.4351 -0.4328
vn -0.6397 -0.1072 -0.7611
vn 0.5321 -0.0854 -0.8424
vn -0.5321 -0.0854 -0.8424
vn 0.7108 -0.4125 -0.5698
vn 0.3732 -0.5223 -0.7668
vn 0.6397 -0.1072 -0.7611
vn -0.3499 -0.6685 -0.6562
vn 0.7896 -0.4351 -0.4328
vn 0.2048 -0.3530 -0.9129
vn -0.2048 -0.3530 -0.9129
vn 0.0000 0.6194 -0.7851
vn -0.6506 -0.5075 -0.5649
vn 0.6507 -0.5074 -0.5649
vn 0.1026 0.0104 -0.9947
vn -0.1026 0.0104 -0.9947
vn 0.0963 -0.2904 -0.9520
vn -0.0963 -0.2904 -0.9520
vn 0.7791 0.0091 0.6268
vn 0.1863 0.0411 0.9816
vn -0.0000 0.0362 0.9993
vn -0.7791 0.0090 0.6268
vn -0.1863 0.0411 0.9816
vn 0.9981 -0.0007 -0.0620
vn -0.9981 -0.0007 -0.0620
vn -0.9068 -0.0056 -0.4215
vn -0.7750 -0.0185 -0.6316
vn 0.7750 -0.0185 -0.6316
vn 0.9068 -0.0056 -0.4215
vn 0.0000 0.8092 -0.5875
vn 0.0000 0.1322 -0.9912
vn 0.1242 0.0764 -0.9893
vn -0.1242 0.0764 -0.9893
vn -0.5894 -0.6051 -0.5352
vn 0.5894 -0.6051 -0.5352
vn -0.4757 -0.1126 -0.8724
vn -0.2921 0.2695 -0.9176
vn 0.2747 0.1169 -0.9544
vn -0.2747 0.1169 -0.9544
vn 0.4757 -0.1126 -0.8724
vn 0.2921 0.2695 -0.9176
vn 0.6941 -0.1957 -0.6928
vn 0.8833 -0.1709 -0.4366
vn -0.8834 -0.1709 -0.4364
vn -0.6941 -0.1957 -0.6928
vn -0.0773 0.1838 -0.9799
vn 0.0773 0.1838 -0.9799
vn 0.0000 0.2006 -0.9797
vn -0.9967 -0.0645 -0.0488
vn 0.9967 -0.0645 -0.0488
vn -0.6133 0.2642 -0.7443
vn -0.8260 0.3692 -0.4259
vn 0.7286 0.1707 -0.6633
vn 0.6133 0.2642 -0.7443
vn 0.8260 0.3692 -0.4259
vn -0.7286 0.1707 -0.6633
vn 0.0160 -0.9582 0.2856
vn 0.0377 -0.9985 -0.0390
vn -0.0713 -0.3250 0.9430
vn -0.0479 -0.0898 0.9948
vn -0.0160 -0.9582 0.2856
vn 0.0479 -0.0898 0.9948
vn 0.0713 -0.3250 0.9430
vn -0.0377 -0.9985 -0.0390
vn 0.8735 -0.1676 -0.4570
vn 0.9680 -0.0475 0.2464
vn -0.0159 -0.9582 0.2856
vn -0.1279 -0.3829 -0.9149
vn -0.8735 -0.1676 -0.4570
vn -0.9680 -0.0475 0.2464
vn 0.1279 -0.3829 -0.9149
vn 0.8448 0.2727 -0.4603
vn -0.8448 0.2727 -0.4603
vn -0.5503 0.4936 -0.6734
vn 0.5503 0.4936 -0.6735
vn 0.0575 -0.7735 0.6312
vn -0.1062 -0.9869 -0.1217
vn 0.1062 -0.9869 -0.1217
vn -0.0575 -0.7735 0.6312
vn 0.1397 -0.4578 -0.8780
vn 0.1062 -0.9869 -0.1218
vn -0.1062 -0.9869 -0.1218
vn -0.1397 -0.4578 -0.8780
vn -0.0800 -0.9582 -0.2746
vn -0.2521 -0.3582 -0.8990
vn 0.2521 -0.3582 -0.8990
vn 0.0800 -0.9582 -0.2746
vn -0.0005 -0.7911 0.6117
vn 0.0005 -0.7911 0.6117
vn -0.3763 -0.9011 -0.2154
vn -0.7451 -0.6578 0.1102
vn -0.7732 -0.4532 -0.4436
vn -0.2244 -0.8048 0.5495
vn 0.4175 -0.8856 -0.2034
vn -0.4706 -0.2911 -0.8330
vn 0.3100 -0.5404 -0.7822
vn 0.3763 -0.9011 -0.2154
vn 0.7451 -0.6578 0.1102
vn 0.2244 -0.8048 0.5495
vn -0.4175 -0.8856 -0.2034
vn -0.3099 -0.5403 -0.7823
vn 0.4706 -0.2911 -0.8329
vn 0.7732 -0.4532 -0.4436
vn 0.7173 0.5459 -0.4331
vn -0.7173 0.5459 -0.4331
vn -0.0208 -0.9889 -0.1470
vn -0.1800 -0.7924 0.5828
vn -0.1090 -0.9927 -0.0511
vn 0.0208 -0.9889 -0.1470
vn 0.1090 -0.9927 -0.0511
vn 0.1800 -0.7924 0.5828
vn -0.1124 -0.4531 -0.8843
vn -0.0414 -0.6556 -0.7540
vn 0.1091 -0.9927 -0.0511
vn -0.1091 -0.9927 -0.0511
vn 0.0414 -0.6556 -0.7540
vn 0.1124 -0.4531 -0.8843
vn 0.1371 0.2302 -0.9634
vn -0.1371 0.2302 -0.9634
vn -0.1459 -0.1864 -0.9716
vn 0.1459 -0.1864 -0.9716
vn -0.1646 0.3403 -0.9258
vn 0.1646 0.3403 -0.9258
vn -0.2848 -0.7935 0.5377
vn -0.7741 -0.3350 0.5371
vn 0.7741 -0.3350 0.5371
vn 0.2848 -0.7935 0.5377
vn 0.5957 -0.0758 0.7996
vn -0.5087 -0.7117 0.4845
vn -0.2975 -0.5315 0.7931
vn 0.5087 -0.7117 0.4845
vn 0.2975 -0.5315 0.7931
vn -0.5957 -0.0758 0.7996
vn 0.5096 -0.8038 0.3070
vn -0.0404 -0.8499 -0.5253
vn 0.8027 -0.0359 -0.5953
vn 0.7779 -0.1578 0.6083
vn -0.5355 -0.7380 0.4106
vn 0.5096 -0.8038 0.3069
vn -0.0404 -0.8499 -0.5254
vn -0.5099 -0.8021 0.3109
vn 0.0403 -0.8526 -0.5210
vn 0.5352 -0.7360 0.4145
vn -0.7781 -0.1545 0.6089
vn -0.8026 -0.0387 -0.5953
vn -0.1366 0.2408 -0.9609
vn 0.1366 0.2408 -0.9609
vn -0.0563 -0.0723 0.9958
vn 0.0563 -0.0723 0.9958
vn -0.1529 -0.0709 0.9857
vn -0.3334 -0.1110 0.9362
vn 0.3334 -0.1110 0.9362
vn 0.1529 -0.0709 0.9857
vn -0.8954 -0.2067 -0.3944
vn -0.3276 0.0120 -0.9447
vn 0.8954 -0.2067 -0.3944
vn 0.3275 0.0120 -0.9448
vn -0.1340 0.2604 -0.9562
vn 0.1340 0.2604 -0.9562
vn -0.0230 -0.0175 0.9996
vn 0.0230 -0.0175 0.9996
vn 0.6579 -0.1349 -0.7409
vn -0.6578 -0.1310 -0.7418
vn -0.6578 -0.1310 -0.7417
vn 0.7521 0.0190 0.6587
vn -0.7521 0.0190 0.6587
vn -0.2766 -0.4375 0.8556
vn 0.2763 -0.4333 0.8579
vn 0.2763 -0.4332 0.8579
vn -0.6301 -0.3375 -0.6993
vn -0.5342 -0.5901 0.6053
vn -0.8884 0.4552 0.0592
vn 0.2753 -0.7951 -0.5404
vn -0.8884 0.4552 0.0593
vn -0.1442 0.6379 -0.7565
vn 0.6302 -0.3342 -0.7008
vn 0.5339 -0.5933 0.6024
vn -0.2753 -0.7923 -0.5445
vn 0.1445 0.6417 -0.7532
vn 0.8885 0.4546 0.0618
vn -0.1566 -0.7285 0.6669
vn -0.4324 0.7575 0.4890
vn 0.6734 -0.6104 -0.4170
vn 0.7588 -0.6511 0.0158
vn -0.7588 -0.6511 0.0158
vn -0.6734 -0.6104 -0.4170
vn 0.1562 -0.7320 0.6632
vn 0.4325 0.7549 0.4930
vn 0.4338 -0.3158 -0.8438
vn -0.4337 -0.3114 -0.8455
vn -0.1275 -0.9892 0.0719
vn 0.2888 -0.9504 -0.1155
vn 0.4876 -0.6335 -0.6008
vn -0.6441 -0.7150 0.2719
vn 0.0110 -0.9420 0.3354
vn -0.0157 -0.7437 0.6683
vn -0.0868 -0.9701 0.2266
vn -0.5457 -0.8221 -0.1624
vn 0.1273 -0.9896 0.0669
vn -0.2891 -0.9497 -0.1204
vn 0.6438 -0.7166 0.2685
vn 0.5455 -0.8214 -0.1664
vn -0.0117 -0.9432 0.3321
vn -0.4868 -0.6314 -0.6036
vn 0.0153 -0.7471 0.6646
vn 0.0864 -0.9713 0.2217
vn 0.4737 -0.4749 -0.7416
vn -0.4639 -0.8762 -0.1304
vn -0.1048 -0.6191 0.7783
vn -0.9968 -0.0323 0.0726
vn -0.3444 -0.2448 -0.9063
vn 0.6556 -0.7304 -0.1917
vn -0.1049 -0.6191 0.7783
vn -0.3445 -0.2448 -0.9063
vn -0.4737 -0.4710 -0.7442
vn 0.8027 -0.2980 0.5166
vn 0.3815 -0.3644 0.8495
vn 0.6459 -0.0542 0.7615
vn -0.3815 -0.3644 0.8495
vn -0.6459 -0.0542 0.7615
vn -0.8027 -0.2980 0.5166
vn 0.4637 -0.8757 -0.1348
vn -0.6557 -0.7292 -0.1956
vn 0.3446 -0.2403 -0.9075
vn 0.1045 -0.6231 0.7751
vn 0.9968 -0.0329 0.0726
vn -0.0938 0.2581 -0.9616
vn 0.0938 0.2581 -0.9616
vn -0.6118 0.5282 0.5888
vn 0.6118 0.5251 0.5916
vn 0.0195 -0.9718 -0.2349
vn 0.1845 -0.8815 0.4346
vn -0.3121 -0.4616 -0.8304
vn -0.0176 -0.9724 -0.2327
vn -0.1835 -0.8815 0.4350
vn 0.3138 -0.4614 -0.8298
vn 0.5799 -0.1654 -0.7977
vn -0.5799 -0.1654 -0.7977
vn 0.4685 -0.1824 -0.8644
vn 0.7107 -0.6086 0.3527
vn -0.9787 -0.1859 -0.0868
vn -0.7110 -0.6102 0.3495
vn -0.4683 -0.1779 -0.8655
vn 0.9787 -0.1857 -0.0876
vn -0.5157 0.0131 0.8566
vn -0.5158 0.0131 0.8566
vn -0.1787 0.8470 -0.5007
vn 0.5156 0.0086 0.8568
vn 0.5155 0.0086 0.8568
vn 0.1791 0.8495 -0.4963
vn -0.4324 0.7576 0.4890
vn 0.0782 -0.1693 0.9825
vn 0.3084 -0.4017 0.8623
vn -0.3079 -0.4000 0.8632
vn -0.0792 -0.1651 0.9831
vn 0.1653 0.1352 0.9769
vn -0.7724 0.4909 -0.4030
vn -0.1655 0.1402 0.9762
vn 0.7072 0.5768 -0.4089
vn 0.6281 0.5430 0.5573
vn -0.6281 0.5460 0.5543
vn -0.7069 0.5749 -0.4120
vn 0.2963 -0.2649 -0.9176
vn 0.1221 0.5290 -0.8398
vn 0.3677 0.6997 -0.6125
vn -0.4684 -0.1779 -0.8654
vn 0.7726 0.4927 -0.4003
vn -0.2962 -0.2602 -0.9190
vn -0.3681 0.7028 -0.6088
vn -0.1217 0.5333 -0.8371
vn -0.8385 0.3271 -0.4357
vn -0.6251 0.4341 -0.6487
vn 0.6251 0.4341 -0.6487
vn 0.8385 0.3271 -0.4357
vn 0.2576 0.3819 -0.8876
vn 0.0981 0.5108 -0.8541
vn -0.0981 0.5108 -0.8541
vn -0.2576 0.3819 -0.8876
vn 0.2178 0.5193 -0.8263
vn 0.2547 0.5489 -0.7961
vn -0.2547 0.5489 -0.7961
vn -0.2178 0.5193 -0.8263
vn -0.2339 0.4343 -0.8699
vn 0.3582 0.5980 -0.7170
vn 0.7164 0.4179 -0.5587
vn -0.7164 0.4179 -0.5587
vn 0.2339 0.4343 -0.8699
vn -0.3582 0.5980 -0.7170
vn 0.3072 0.6498 -0.6952
vn -0.3072 0.6498 -0.6952
vn -0.1022 0.5553 -0.8253
vn 0.1022 0.5553 -0.8253
vn 0.4620 -0.8863 -0.0322
vn 0.2067 -0.0923 -0.9740
vn -0.1993 -0.3560 0.9130
vn 0.6118 0.5251 0.5917
vn -0.2065 -0.0873 -0.9745
vn -0.4623 -0.8860 -0.0368
vn 0.1990 -0.3607 0.9112
vn -0.9787 -0.1858 -0.0868
vn 0.9787 -0.1857 -0.0875
vn 0.2382 0.6017 -0.7624
vn -0.2402 0.6036 -0.7602
vn 0.1740 -0.9699 -0.1701
vn -0.1743 -0.9707 -0.1652
vn 0.5441 0.4998 -0.6739
vn -0.5441 0.4998 -0.6739
vn -0.5612 0.8273 -0.0246
vn 0.5614 0.8273 -0.0202
vn -0.1630 0.4355 0.8853
vn -0.8106 0.3812 0.4445
vn -0.4916 0.6451 0.5850
vn 0.8106 0.3812 0.4445
vn 0.4916 0.6451 0.5850
vn 0.1630 0.4355 0.8853
vn 0.1431 -0.9363 -0.3206
vn -0.0622 -0.2230 -0.9728
vn 0.0624 -0.2181 -0.9739
vn -0.1432 -0.9347 -0.3254
vn 0.0179 0.6777 0.7351
vn 0.0294 0.6562 0.7540
vn -0.0179 0.6777 0.7351
vn -0.0294 0.6562 0.7540
vn -0.1742 -0.9708 -0.1652
vn 0.1740 -0.9700 -0.1701
vn 0.2607 0.9579 0.1200
vn 0.2862 0.8685 0.4047
vn -0.2861 0.8706 0.4002
vn -0.2604 0.9586 0.1150
vn -0.0000 0.5276 0.8495
vn 0.1586 0.8048 0.5719
vn 0.3101 0.5262 0.7918
vn -0.3079 -0.4001 0.8632
vn -0.3085 0.5278 0.7913
vn -0.1587 0.8073 0.5684
vn 0.1159 0.7197 0.6846
vn 0.0499 0.7054 0.7071
vn -0.0499 0.7054 0.7071
vn -0.1159 0.7197 0.6846
vn -0.6482 0.1695 0.7424
vn -0.6324 0.1649 0.7569
vn -0.6139 0.4719 0.6328
vn 0.6139 0.4719 0.6328
vn 0.6324 0.1651 0.7569
vn 0.6482 0.1695 0.7424
vn 0.2166 0.8216 0.5273
vn -0.2166 0.8216 0.5273
vn -0.7336 0.4937 0.4670
vn 0.7336 0.4937 0.4670
vn -0.3814 -0.3644 0.8496
vn -0.3749 0.7201 0.5838
vn -0.6460 -0.0542 0.7615
vn 0.3814 -0.3644 0.8496
vn 0.6460 -0.0542 0.7614
vn 0.3749 0.7201 0.5838
vn -0.7637 0.4193 0.4909
vn -0.6216 0.6474 0.4410
vn 0.7637 0.4193 0.4909
vn 0.6216 0.6474 0.4410
vn 0.0268 0.7000 0.7137
vn -0.0268 0.7000 0.7137
vn -0.5984 0.7368 0.3147
vn -0.5985 0.7367 0.3147
vn 0.5986 0.7350 0.3186
vn 0.0623 -0.2181 -0.9739
vn -0.0511 0.9642 -0.2602
vn 0.0515 0.9655 -0.2553
vn 0.0000 0.3030 -0.9530
vn 0.0450 0.2891 -0.9562
vn -0.0450 0.2891 -0.9562
vn 0.7546 -0.5046 -0.4194
vn -0.7546 -0.5046 -0.4194
vn -0.7250 -0.0277 -0.6882
vn -0.1244 0.6947 -0.7085
vn 0.1547 0.6960 -0.7012
vn -0.1547 0.6960 -0.7012
vn 0.7250 -0.0277 -0.6882
vn 0.1244 0.6947 -0.7084
vn 0.0358 0.9693 -0.2434
vn -0.0462 0.9446 -0.3250
vn 0.0462 0.9446 -0.3250
vn -0.0358 0.9693 -0.2434
vn -0.0098 0.9944 -0.1051
vn -0.5828 0.8076 -0.0905
vn -0.3296 0.9323 -0.1487
vn 0.0085 0.9949 -0.1006
vn 0.1069 0.9925 0.0592
vn -0.1060 0.9927 0.0576
vn 0.3296 0.9323 -0.1487
vn 0.5828 0.8076 -0.0905
vn -0.0831 0.4673 -0.8802
vn -0.0000 0.4253 -0.9050
vn 0.0831 0.4673 -0.8802
vn 0.0807 0.9791 -0.1869
vn -0.0807 0.9791 -0.1869
vn 0.0024 0.8975 -0.4410
vn -0.0024 0.8975 -0.4410
vn -0.4043 0.8234 -0.3981
vn -0.5650 0.7562 -0.3299
vn 0.4043 0.8234 -0.3981
vn 0.5650 0.7562 -0.3299
vn 0.7364 0.5070 -0.4479
vn -0.7364 0.5070 -0.4479
vn -0.1830 0.9213 0.3432
vn -0.1906 0.9388 0.2870
vn 0.1903 0.9388 0.2870
vn 0.1830 0.9213 0.3432
vn 0.5291 0.6176 -0.5819
vn -0.5291 0.6176 -0.5819
vn -0.1638 0.9798 -0.1149
vn 0.1638 0.9798 -0.1149
vn -0.3457 0.8641 -0.3659
vn 0.3072 0.4544 -0.8361
vn -0.3072 0.4544 -0.8361
vn 0.3457 0.8641 -0.3659
vn -0.2864 0.8847 0.3678
vn 0.2864 0.8847 0.3678
vn -0.0884 0.9885 -0.1230
vn 0.0884 0.9885 -0.1230
vn 0.6788 0.6491 0.3434
vn -0.6788 0.6491 0.3434
vn -0.0592 0.9522 -0.2997
vn 0.0592 0.9522 -0.2997
vn -0.1760 0.5375 -0.8247
vn -0.1765 0.5752 -0.7987
vn -0.2519 0.6832 -0.6854
vn 0.1765 0.5752 -0.7987
vn 0.1760 0.5375 -0.8247
vn 0.2519 0.6832 -0.6854
vn 0.0000 0.5422 -0.8402
vn 0.1908 0.9791 -0.0698
vn -0.1908 0.9791 -0.0698
vn -0.1859 0.9780 0.0945
vn 0.1859 0.9780 0.0945
vn 0.5257 0.8392 -0.1391
vn 0.7260 0.6804 0.1003
vn -0.7260 0.6804 0.1003
vn -0.5257 0.8392 -0.1391
vn 0.1263 0.9743 -0.1867
vn -0.1263 0.9743 -0.1867
vn 0.3040 0.8903 0.3391
vn 0.1662 0.6934 0.7011
vn -0.1662 0.6934 0.7011
vn -0.3041 0.8902 0.3391
vn 0.0000 0.5951 0.8037
vn -0.0000 -0.8326 -0.5538
vn 0.0000 -0.2600 -0.9656
vn 0.6027 -0.1450 -0.7847
vn -0.8845 -0.1347 -0.4466
vn -0.6027 -0.1450 -0.7847
vn 0.8842 -0.1345 -0.4474
vn -0.0000 0.6223 -0.7828
vn -0.6922 0.3660 -0.6220
vn -0.6893 0.6029 -0.4018
vn 0.6922 0.3660 -0.6220
vn 0.6893 0.6029 -0.4018
vn 0.2652 -0.9560 -0.1253
vn -0.4081 0.4958 -0.7666
vn 0.1895 -0.8085 0.5571
vn 0.2860 -0.7876 0.5458
vn 0.2715 -0.8094 0.5208
vn 0.1904 -0.7741 0.6037
vn -0.1895 -0.8085 0.5571
vn -0.1904 -0.7741 0.6037
vn -0.2715 -0.8094 0.5208
vn -0.2860 -0.7876 0.5458
vn -0.3092 -0.7237 0.6169
vn -0.2435 -0.6758 0.6957
vn 0.2435 -0.6758 0.6957
vn 0.3092 -0.7237 0.6169
vn -0.2554 -0.6485 0.7171
vn 0.2554 -0.6485 0.7171
vn 0.8568 0.1466 0.4944
vn 0.8521 0.1521 0.5008
vn 0.8522 0.1521 0.5007
vn -0.8568 0.1466 0.4944
vn -0.8522 0.1521 0.5007
vn -0.8521 0.1521 0.5008
vn -0.3311 0.4942 -0.8038
vn 0.4181 -0.4866 0.7671
vn 0.8474 0.1575 0.5070
vn -0.8474 0.1575 0.5070
vn 0.3286 0.2332 0.9152
vn 0.3301 0.2290 0.9158
vn 0.3301 0.2290 0.9157
vn -0.3286 0.2332 0.9152
vn -0.3301 0.2290 0.9158
vn 0.3316 0.2248 0.9162
vn -0.9133 0.1037 0.3939
vn -0.9105 0.1085 0.3990
vn -0.9104 0.1086 0.3991
vn -0.3316 0.2248 0.9162
vn 0.9133 0.1037 0.3939
vn 0.9104 0.1086 0.3991
vn 0.9105 0.1085 0.3990
vn 0.2570 0.2523 0.9329
vn 0.2578 0.2507 0.9331
vn 0.2569 0.2524 0.9329
vn 0.2561 0.2541 0.9327
vn -0.2570 0.2523 0.9329
vn -0.2569 0.2524 0.9329
vn -0.2578 0.2507 0.9331
vn -0.2561 0.2541 0.9327
vn 0.0000 0.9177 -0.3972
vn -0.9076 0.1134 0.4043
vn 0.9076 0.1134 0.4043
vn 0.1478 0.9735 0.1744
vn 0.1251 0.9846 0.1222
vn 0.1665 0.9842 0.0595
vn -0.1478 0.9735 0.1744
vn -0.1665 0.9842 0.0595
vn -0.1251 0.9846 0.1222
vn 0.1415 0.9898 -0.0189
vn -0.1415 0.9898 -0.0189
vn -0.1398 0.9899 0.0241
vn 0.1398 0.9899 0.0241
vn 0.0850 0.9939 0.0698
vn -0.0850 0.9939 0.0698
vn -0.0947 0.9757 0.1976
vn 0.0947 0.9757 0.1976
vn -0.4232 0.6664 -0.6139
vn -0.6687 0.7357 -0.1075
vn -0.4190 0.8987 -0.1293
vn -0.1056 0.7238 -0.6819
vn 0.2302 0.2845 -0.9306
vn 0.4232 0.6664 -0.6139
vn -0.2302 0.2845 -0.9306
vn 0.1056 0.7238 -0.6819
vn 0.4190 0.8987 -0.1293
vn 0.6687 0.7357 -0.1075
vn -0.4084 0.6321 0.6586
vn -0.4854 0.8116 0.3250
vn -0.0521 0.4107 0.9103
vn -0.2260 0.7950 0.5629
vn 0.4084 0.6321 0.6586
vn 0.4854 0.8116 0.3250
vn 0.2260 0.7950 0.5629
vn 0.0521 0.4107 0.9103
vn 0.0057 0.6497 -0.7601
vn -0.5464 -0.0195 -0.8373
vn -0.0571 0.6722 -0.7382
vn -0.0057 0.6497 -0.7601
vn 0.0571 0.6722 -0.7382
vn 0.5464 -0.0195 -0.8373
vn -0.1146 -0.8412 0.5285
vn -0.1084 -0.9843 0.1390
vn -0.0672 -0.9476 0.3123
vn 0.1146 -0.8412 0.5285
vn 0.0671 -0.9476 0.3123
vn 0.1084 -0.9843 0.1390
vn -0.6273 0.7083 -0.3238
vn -0.6122 0.7902 -0.0271
vn -0.6122 0.7902 -0.0272
vn 0.6273 0.7083 -0.3238
vn 0.6122 0.7902 -0.0272
vn 0.6122 0.7902 -0.0271
vn -0.1785 0.9647 -0.1938
vn 0.1785 0.9647 -0.1938
vn -0.3693 -0.4087 -0.8346
vn 0.5391 0.7971 0.2720
vn -0.5391 0.7971 0.2720
vn -0.1780 -0.9613 -0.2105
vn -0.0982 -0.9929 -0.0675
vn 0.1577 0.8131 0.5604
vn -0.2303 0.1640 0.9592
vn 0.2303 0.1640 0.9592
vn -0.1577 0.8131 0.5604
vn 0.1780 -0.9613 -0.2105
vn 0.0982 -0.9929 -0.0675
vn -0.0000 0.1089 -0.9941
vn 0.0000 0.4921 -0.8706
vn 0.2339 0.4493 -0.8622
vn -0.2516 0.1060 -0.9620
vn -0.2339 0.4493 -0.8622
vn 0.2516 0.1060 -0.9620
vn -0.1072 0.9942 -0.0121
vn -0.9755 0.1782 0.1287
vn 0.9755 0.1782 0.1287
vn 0.4065 -0.5698 0.7142
vn 0.3860 0.9011 -0.1975
vn -0.0000 0.8559 0.5171
vn -0.3860 0.9011 -0.1975
vn -0.9119 0.0427 -0.4083
vn -0.4731 0.4782 -0.7399
vn 0.4731 0.4782 -0.7399
vn 0.9119 0.0427 -0.4083
vn 0.2535 0.8692 -0.4246
vn -0.2535 0.8692 -0.4246
vn 0.7861 0.6116 -0.0890
vn 0.9972 0.0000 0.0752
vn -0.9972 0.0000 0.0752
vn -0.7861 0.6116 -0.0890
vn -0.0000 -0.0123 -0.9999
vn -0.6581 0.2580 -0.7074
vn -0.5804 -0.6445 -0.4978
vn -0.0000 -0.9633 -0.2683
vn 0.5804 -0.6445 -0.4978
vn 0.6581 0.2580 -0.7074
vn 0.0000 0.4040 0.9147
vn 0.5828 0.4470 0.6786
vn -0.5828 0.4470 0.6786
vn 0.0387 -0.9989 -0.0263
vn -0.0089 -0.9994 -0.0340
vn 0.0150 -0.9994 -0.0301
vn 0.0626 -0.9978 -0.0223
vn 0.1436 0.8857 0.4415
vn 0.1082 0.9358 0.3357
vn 0.1612 0.9869 0.0019
vn 0.0037 0.9996 0.0288
vn -0.0443 0.8819 0.4694
vn -0.1436 0.8857 0.4415
vn 0.0443 0.8819 0.4694
vn -0.0037 0.9996 0.0288
vn -0.1612 0.9869 0.0019
vn -0.1082 0.9358 0.3357
vn -0.0387 -0.9989 -0.0263
vn -0.0150 -0.9994 -0.0301
vn 0.0089 -0.9994 -0.0340
vn -0.0626 -0.9978 -0.0223
vn -0.9390 -0.3033 -0.1623
vn 0.0087 -0.9994 -0.0339
vn -0.0087 -0.9994 -0.0339
vn 0.9390 -0.3033 -0.1623
vn 0.0003 0.9108 -0.4128
vn -0.1830 0.9070 -0.3792
vn 0.0029 0.9537 -0.3007
vn -0.0003 0.9108 -0.4128
vn -0.0029 0.9537 -0.3007
vn 0.1830 0.9070 -0.3792
vn 0.1595 0.9856 0.0555
vn -0.8591 -0.4966 0.1239
vn -0.1595 0.9856 0.0555
vn 0.8591 -0.4966 0.1239
vn 0.7613 -0.6476 -0.0329
vn 0.8591 0.5115 -0.0196
vn 0.8661 0.4997 0.0157
vn -0.8591 0.5115 -0.0196
vn -0.7613 -0.6476 -0.0329
vn -0.8661 0.4997 0.0157
vn -0.5982 -0.0000 0.8013
vn -0.7304 0.5047 0.4602
vn -0.2076 0.0002 0.9782
vn -0.2453 0.4879 0.8377
vn 0.5982 -0.0000 0.8013
vn 0.7305 0.5047 0.4602
vn 0.2453 0.4879 0.8377
vn 0.2076 -0.0000 0.9782
vn 0.1071 0.9606 -0.2563
vn -0.1071 0.9606 -0.2564
vn 0.0524 -0.9811 0.1862
vn -0.0524 -0.9811 0.1862
vn 0.3161 -0.9478 -0.0424
vn 0.0000 -0.9997 -0.0239
vn -0.3161 -0.9478 -0.0424
vn 0.8438 -0.3623 -0.3960
vn 0.3161 -0.9478 -0.0423
vn 0.2147 0.6052 -0.7666
vn 0.5160 0.3132 -0.7973
vn 0.2962 0.0234 -0.9548
vn 0.2995 0.0312 -0.9536
vn 0.3223 0.0156 -0.9465
vn 0.2752 0.0176 -0.9612
vn -0.2962 0.0234 -0.9548
vn -0.3223 0.0156 -0.9465
vn -0.2995 0.0312 -0.9536
vn -0.2752 0.0176 -0.9612
vn -0.8438 -0.3623 -0.3960
vn -0.3161 -0.9478 -0.0423
vn -0.5160 0.3132 -0.7973
vn -0.2147 0.6052 -0.7666
vn -0.0000 0.2549 0.9670
vn 0.0000 0.0000 1.0000
vn 0.2385 -0.9690 0.0639
vn -0.2385 -0.9690 0.0639
vn -0.9164 -0.0841 -0.3913
vn -0.9109 -0.0945 -0.4018
vn -0.8938 -0.1891 -0.4067
vn -0.7703 0.0522 -0.6355
vn -0.7859 0.0849 -0.6125
vn -0.7720 0.0618 -0.6326
vn 0.7703 0.0522 -0.6355
vn 0.7720 0.0618 -0.6326
vn 0.7860 0.0849 -0.6124
vn 0.9164 -0.0841 -0.3913
vn 0.8938 -0.1891 -0.4067
vn 0.9109 -0.0945 -0.4018
vn 0.0000 -0.0115 -0.9999
vn -0.1895 0.0101 -0.9818
vn 0.0000 -0.0076 -1.0000
vn 0.1895 0.0101 -0.9818
vn -0.2876 -0.0046 -0.9577
vn 0.2876 -0.0046 -0.9577
vn -0.0000 0.9935 0.1138
vn 0.6291 0.4928 -0.6011
vn -0.6159 0.4449 0.6502
vn -0.7290 -0.3570 0.5840
vn 0.7290 -0.3570 0.5840
vn 0.6159 0.4449 0.6502
vn -0.6291 0.4928 -0.6011
vn 0.0000 0.1585 0.9874
vn 0.0000 -0.4705 0.8824
vn 0.0000 0.4986 -0.8668
vn -0.1554 -0.9832 0.0958
vn -0.1601 -0.9535 0.2555
vn 0.1554 -0.9832 0.0958
vn 0.1601 -0.9535 0.2555
vn -0.7685 0.0574 -0.6373
vn -0.7990 0.1081 -0.5915
vn -0.8282 0.1719 -0.5334
vn 0.7685 0.0574 -0.6373
vn 0.7990 0.1081 -0.5915
vn 0.8282 0.1719 -0.5334
vn -0.5399 0.0018 -0.8417
vn -0.4796 0.0058 -0.8774
vn -0.7319 -0.1824 -0.6566
vn -0.7332 -0.1312 -0.6672
vn 0.5399 0.0018 -0.8417
vn 0.7332 -0.1312 -0.6672
vn 0.7319 -0.1824 -0.6566
vn 0.4796 0.0058 -0.8774
vn 0.6337 0.0162 -0.7734
vn 0.6815 0.0587 -0.7295
vn 0.6803 0.0264 -0.7324
vn 0.4665 -0.8635 0.1918
vn 0.3681 -0.9030 0.2214
vn 0.5593 -0.8134 0.1599
vn -0.4665 -0.8635 0.1918
vn -0.5593 -0.8134 0.1599
vn -0.3681 -0.9030 0.2214
vn -0.6337 0.0162 -0.7734
vn -0.6803 0.0264 -0.7324
vn -0.6815 0.0587 -0.7295
vn -0.6934 0.3118 -0.6496
vn 0.9978 0.0659 -0.0081
vn 0.9980 0.0635 0.0006
vn 0.9979 0.0649 -0.0039
vn 0.9975 0.0690 -0.0169
vn 0.6934 0.3118 -0.6496
vn -0.9978 0.0659 -0.0081
vn -0.9975 0.0690 -0.0169
vn -0.9979 0.0649 -0.0039
vn -0.9980 0.0635 0.0006
vn 0.0890 -0.9540 0.2863
vn -0.0890 -0.9540 0.2863
vn 0.8888 0.0665 0.4534
vn 0.8706 0.3101 0.3821
vn 0.7889 0.1905 0.5842
vn 0.5474 0.0481 0.8355
vn -0.8888 0.0665 0.4534
vn -0.5474 0.0481 0.8355
vn -0.7889 0.1905 0.5842
vn -0.8706 0.3101 0.3821
vn 0.6370 0.0689 0.7678
vn 0.6580 0.0668 0.7501
vn 0.6874 0.1645 0.7074
vn 0.6244 0.4168 0.6607
vn -0.6370 0.0689 0.7678
vn -0.6874 0.1645 0.7074
vn -0.6580 0.0668 0.7501
vn -0.6244 0.4168 0.6607
vn 0.0000 -0.9227 0.3856
vn 0.0000 0.0375 0.9993
vn -0.0000 0.0440 0.9990
vn 0.8403 -0.3497 -0.4144
vn -0.8402 -0.3495 -0.4146
vn -0.8435 -0.3837 -0.3760
vn -0.8121 -0.4483 -0.3734
vn -0.7919 -0.4126 -0.4501
vn 0.7919 -0.4126 -0.4501
vn 0.8121 -0.4483 -0.3734
vn 0.8435 -0.3837 -0.3760
vn 0.4206 0.0047 -0.9072
vn -0.4206 0.0047 -0.9072
vn -0.7665 -0.0359 -0.6413
vn -0.7484 -0.0469 -0.6616
vn -0.3819 0.0039 -0.9242
vn 0.3819 0.0039 -0.9242
vn 0.7484 -0.0469 -0.6616
vn 0.7665 -0.0359 -0.6413
vn -0.9048 -0.0092 -0.4257
vn 0.9048 -0.0092 -0.4257
vn 0.1522 0.7805 -0.6063
vn 0.1542 0.7769 -0.6105
vn -0.1542 0.7769 -0.6105
vn -0.1522 0.7806 -0.6063
vn -0.3679 0.0770 -0.9267
vn -0.3642 0.0218 -0.9311
vn 0.3642 0.0218 -0.9311
vn 0.3679 0.0770 -0.9267
vn -0.3157 0.8204 -0.4767
vn 0.3157 0.8204 -0.4767
vn -0.3826 0.7775 -0.4991
vn 0.3826 0.7775 -0.4991
vn 0.7107 0.0636 -0.7006
vn -0.7107 0.0636 -0.7006
vn 0.9127 0.0567 -0.4048
vn 0.6443 0.3815 -0.6628
vn -0.0009 0.7763 -0.6304
vn -0.9127 0.0567 -0.4048
vn 0.0009 0.7763 -0.6304
vn -0.6443 0.3815 -0.6628
vn 0.8636 0.3398 -0.3726
vn 0.7744 0.3431 -0.5316
vn -0.7744 0.3431 -0.5316
vn -0.8636 0.3398 -0.3726
vn 0.7108 -0.0324 -0.7027
vn 0.8894 0.0552 -0.4538
vn 0.8684 0.1472 -0.4736
vn -0.8684 0.1472 -0.4736
vn -0.8894 0.0552 -0.4538
vn -0.7108 -0.0324 -0.7027
vn 0.5430 -0.4350 -0.7183
vn -0.2723 -0.7299 -0.6270
vn 0.7985 0.4805 -0.3628
vn -0.7985 0.4805 -0.3628
vn -0.5430 -0.4350 -0.7183
vn 0.2723 -0.7299 -0.6270
vn 0.9980 0.0640 0.0003
vn -0.9980 0.0640 0.0003
vn 0.5547 0.7351 -0.3899
vn 0.3602 0.8899 -0.2800
vn -0.3602 0.8899 -0.2800
vn -0.5547 0.7351 -0.3899
vn 0.9980 0.0636 0.0000
vn -0.9980 0.0636 0.0000
vn 0.5205 0.7569 0.3952
vn -0.5205 0.7569 0.3952
vn 0.0000 -0.7966 -0.6045
vn -0.2408 -0.7731 -0.5867
vn 0.2408 -0.7732 -0.5867
vn 0.4736 -0.7016 -0.5324
vn 0.5751 -0.6972 -0.4280
vn -0.5751 -0.6972 -0.4280
vn -0.4736 -0.7016 -0.5324
vn -0.2408 -0.7732 -0.5867
vn 0.0000 0.1036 -0.9946
vn -0.3520 0.1724 -0.9200
vn -0.0000 0.2293 -0.9734
vn 0.3520 0.1724 -0.9200
vn 0.6789 0.2680 -0.6836
vn 0.7270 0.3208 -0.6070
vn -0.7270 0.3208 -0.6070
vn -0.6789 0.2680 -0.6836
vn 0.7944 0.5320 -0.2930
vn -0.7944 0.5320 -0.2930
vn 0.7937 0.5227 0.3113
vn 0.3254 0.9279 0.1818
vn -0.3254 0.9279 0.1818
vn -0.7937 0.5227 0.3113
vn -0.9493 0.2559 0.1826
vn -0.7473 0.2845 0.6005
vn -0.8298 0.5327 0.1666
vn -0.9548 0.2739 -0.1151
vn 0.7473 0.2845 0.6005
vn 0.9493 0.2559 0.1826
vn 0.8298 0.5327 0.1666
vn 0.5011 0.5424 0.6743
vn -0.0000 0.3305 0.9438
vn -0.5011 0.5424 0.6743
vn -0.8359 0.5020 -0.2220
vn -0.7581 0.2874 -0.5854
vn -0.0000 0.6653 0.7466
vn -0.4788 0.5896 -0.6505
vn 0.0000 0.3438 -0.9391
vn 0.4788 0.5896 -0.6505
vn 0.7581 0.2874 -0.5854
vn 0.0000 0.5831 -0.8124
vn 0.9548 0.2739 -0.1151
vn 0.8359 0.5020 -0.2220
vn 0.3504 0.8992 0.2619
vn 0.4218 0.8888 -0.1795
vn -0.0000 0.8793 -0.4763
vn -0.3504 0.8992 0.2619
vn -0.4218 0.8888 -0.1795
vn -0.0000 0.8839 0.4677
vn -0.0000 0.9964 -0.0851
vn 0.0000 0.9911 0.1334
vn 0.4389 -0.6778 -0.5899
vn 0.6789 0.0548 -0.7322
vn 0.5105 -0.7885 0.3431
vn 0.4388 -0.6779 -0.5898
vn 0.7605 0.2868 0.5825
vn 0.7606 0.2868 0.5825
vn -0.5070 0.0893 0.8573
vn 0.1805 -0.7075 0.6832
vn -0.6542 0.5666 0.5011
vn -0.4704 -0.7179 0.5131
vn 0.3610 0.6346 -0.6833
vn -0.4940 0.4279 -0.7569
vn -0.4217 0.7734 -0.4734
vn -0.4216 0.7734 -0.4733
vn 0.1715 0.7771 0.6056
usemtl Material120.006
s 1
f 2149/388/224 2150/389/225 2151/390/226
f 2152/391/227 2153/392/228 2154/393/229
f 2154/393/229 2155/394/230 2156/395/231
f 2157/396/232 2158/397/233 2159/398/234
f 2160/399/235 2159/398/236 2151/390/226
f 2161/400/237 2156/395/231 2162/401/238
f 2151/390/239 2163/402/240 2164/403/241
f 2156/395/231 2165/404/242 2166/405/243
f 2167/406/244 2168/407/245 2169/408/246
f 2170/409/247 2171/410/248 2172/411/249
f 2173/412/250 2174/413/251 2175/414/252
f 2176/415/253 2177/416/254 2178/417/255
f 2179/418/256 2172/411/249 2180/419/257
f 2181/420/258 2182/421/259 2183/422/260
f 2181/420/258 2184/423/261 2168/407/245
f 2185/424/262 2186/425/263 2187/426/264
f 2188/427/265 2189/428/266 2190/429/267
f 2168/407/245 2184/423/261 2191/430/268
f 2192/431/269 2193/432/270 2194/433/271
f 2183/422/260 2195/434/272 2191/430/273
f 2196/435/274 2197/436/275 2198/437/276
f 2196/435/274 2199/438/277 2200/439/278
f 2200/439/279 2201/440/280 2197/436/281
f 2199/438/282 2198/437/276 2202/441/283
f 2199/438/277 2203/442/284 2201/440/280
f 2198/437/276 2201/440/285 2204/443/286
f 2203/442/284 2205/444/287 2206/445/288
f 2207/446/289 2202/441/290 2208/447/291
f 2202/441/283 2204/443/286 2209/448/292
f 2210/449/293 2211/450/294 2212/451/294
f 2210/449/295 2213/452/296 2214/453/297
f 2215/454/298 2216/455/298 2217/456/298
f 2218/457/299 2219/458/300 2220/459/301
f 2221/460/302 2222/461/303 2223/462/304
f 2224/463/305 2225/464/306 2226/465/307
f 2227/466/307 2228/467/308 2229/468/309
f 2225/464/310 2230/469/311 2231/470/312
f 2232/471/313 2233/472/314 2234/473/315
f 2235/474/313 2236/475/316 2237/476/317
f 2234/473/318 2238/477/316 2239/478/319
f 2234/473/318 2239/478/319 2240/479/300
f 2241/480/320 2242/481/319 2243/482/321
usemtl Material121.001
f 388/483/322 389/484/323 390/485/324
f 388/483/322 391/486/325 392/487/326
f 388/483/322 393/488/327 391/486/325
f 388/483/322 390/485/324 393/488/327
f 394/489/328 395/490/329 396/491/330
f 394/489/328 397/492/331 398/493/332
f 394/489/328 398/493/332 395/490/329
f 399/494/333 400/495/334 401/496/335
f 399/494/333 401/496/335 402/497/336
f 399/494/333 402/497/336 403/498/337
f 399/494/333 403/498/337 404/499/338
f 405/500/339 406/501/340 407/502/341
f 405/500/339 407/502/341 408/503/342
f 405/500/339 408/503/342 409/504/343
f 389/484/323 410/505/344 390/485/324
f 404/499/338 403/498/337 411/506/345
f 411/506/345 412/507/346 413/508/347
f 411/506/345 414/509/348 412/507/346
f 411/506/345 403/498/337 414/509/348
f 410/505/344 415/510/349 416/511/350
f 410/505/344 416/511/350 417/512/351
f 410/505/344 417/512/351 390/485/324
f 400/495/334 418/513/352 419/514/353
f 400/495/334 419/514/353 401/496/335
f 392/487/326 420/515/354 421/516/355
f 392/487/326 391/486/325 420/515/354
f 409/504/343 408/503/342 422/517/356
f 397/492/331 423/518/357 398/493/332
f 423/518/357 424/519/358 425/520/359
f 423/518/357 425/520/359 398/493/332
f 418/513/352 426/521/360 427/522/361
f 418/513/352 427/522/361 419/514/353
f 421/516/355 428/523/362 429/524/363
f 421/516/355 420/515/354 428/523/362
f 422/517/356 408/503/342 430/525/364
f 422/517/356 430/525/364 431/526/365
f 426/521/360 432/527/366 433/528/367
f 426/521/360 433/528/367 427/522/361
f 424/519/358 434/529/359 435/530/358
f 424/519/358 435/530/358 425/520/359
f 431/526/365 430/525/364 436/531/365
f 431/526/365 436/531/365 437/532/364
f 429/524/363 428/523/362 438/533/368
f 429/524/363 438/533/368 439/534/369
f 415/510/349 440/535/370 441/536/371
f 415/510/349 441/536/371 416/511/350
f 413/508/347 442/537/372 443/538/373
f 413/508/347 412/507/346 442/537/372
f 439/534/369 438/533/368 444/539/374
f 432/527/366 445/540/375 433/528/367
f 440/535/370 444/539/374 446/541/376
f 440/535/370 446/541/376 441/536/371
f 443/538/373 447/542/377 445/540/375
f 443/538/373 442/537/372 447/542/377
f 444/539/374 438/533/368 446/541/376
f 445/540/375 447/542/377 433/528/367
f 447/542/377 442/537/372 433/528/367
f 446/541/376 438/533/368 441/536/371
f 428/523/362 420/515/354 448/543/378
f 428/523/362 448/543/378 438/533/368
f 427/522/361 433/528/367 449/544/379
f 427/522/361 449/544/379 419/514/353
f 438/533/368 448/543/378 441/536/371
f 433/528/367 442/537/372 449/544/379
f 442/537/372 450/545/380 449/544/379
f 442/537/372 412/507/346 450/545/380
f 441/536/371 448/543/378 451/546/381
f 441/536/371 451/546/381 416/511/350
f 419/514/353 449/544/379 450/545/380
f 419/514/353 450/545/380 401/496/335
f 420/515/354 391/486/325 451/546/381
f 420/515/354 451/546/381 448/543/378
f 452/547/382 453/548/383 454/549/384
f 452/547/382 455/550/385 456/551/386
f 452/547/382 454/549/384 455/550/385
f 457/552/387 458/553/388 459/554/389
f 457/552/387 459/554/389 460/555/390
f 457/552/387 460/555/390 461/556/391
f 462/557/392 463/558/393 464/559/394
f 462/557/392 464/559/394 465/560/395
f 462/557/392 465/560/395 466/561/396
f 467/562/397 468/563/398 469/564/399
f 467/562/397 470/565/400 471/566/401
f 467/562/397 469/564/399 470/565/400
f 453/548/383 472/567/402 473/568/403
f 453/548/383 473/568/403 454/549/384
f 471/566/401 470/565/400 474/569/404
f 463/558/393 475/570/405 464/559/394
f 461/556/391 476/571/406 477/572/407
f 461/556/391 460/555/390 476/571/406
f 466/561/396 465/560/395 478/573/408
f 466/561/396 478/573/408 479/574/409
f 456/551/386 455/550/385 480/575/410
f 456/551/386 480/575/410 481/576/411
f 458/553/388 482/577/412 483/578/413
f 458/553/388 483/578/413 459/554/389
f 468/563/398 484/579/414 469/564/399
f 468/563/398 485/580/415 484/579/414
f 470/565/400 486/581/416 474/569/404
f 464/559/394 475/570/405 487/582/417
f 484/579/414 485/580/415 488/583/418
f 478/573/408 489/584/419 479/574/409
f 490/585/404 491/586/416 492/587/420
f 493/588/405 494/589/421 495/590/417
f 477/572/407 476/571/406 496/591/422
f 472/567/402 497/592/423 473/568/403
f 498/593/402 499/594/424 500/595/423
f 501/596/407 502/597/422 503/598/425
f 481/576/411 504/599/426 499/594/424
f 481/576/411 480/575/410 504/599/426
f 479/574/409 489/584/419 494/589/421
f 482/577/412 503/598/425 505/600/427
f 482/577/412 505/600/427 483/578/413
f 485/580/415 492/587/420 488/583/418
f 503/598/425 502/597/422 505/600/427
f 492/587/420 491/586/416 506/601/428
f 492/587/420 506/601/428 488/583/418
f 499/594/424 504/599/426 500/595/423
f 494/589/421 489/584/419 507/602/429
f 494/589/421 507/602/429 495/590/417
f 508/603/430 509/604/431 510/605/432
f 508/603/430 510/605/432 511/606/433
f 508/603/430 511/606/433 512/607/434
f 513/608/435 514/609/436 515/610/437
f 513/608/435 516/611/438 517/612/439
f 513/608/435 515/610/437 516/611/438
f 518/613/434 519/614/433 520/615/440
f 521/616/436 522/617/441 523/618/437
f 524/619/442 525/620/443 526/621/444
f 524/619/442 527/622/445 528/623/446
f 524/619/442 526/621/444 527/622/445
f 524/619/442 528/623/446 509/604/431
f 529/624/447 517/612/439 530/625/448
f 529/624/447 531/626/449 532/627/450
f 529/624/447 532/627/450 533/628/451
f 529/624/447 530/625/448 531/626/449
f 520/615/440 519/614/433 534/629/452
f 520/615/440 534/629/452 525/620/443
f 522/617/441 533/628/451 535/630/453
f 522/617/441 535/630/453 523/618/437
f 509/604/431 528/623/446 510/605/432
f 517/612/439 516/611/438 530/625/448
f 525/620/443 534/629/452 526/621/444
f 533/628/451 532/627/450 535/630/453
f 510/605/432 528/623/446 536/631/454
f 510/605/432 537/632/455 511/606/433
f 510/605/432 536/631/454 537/632/455
f 516/611/438 515/610/437 538/633/456
f 516/611/438 538/633/456 539/634/457
f 516/611/438 539/634/457 530/625/448
f 519/614/433 540/635/227 541/636/229
f 519/614/433 541/636/229 534/629/452
f 515/610/437 542/637/224 538/633/456
f 523/618/437 535/630/453 543/638/458
f 523/618/437 543/638/458 544/639/459
f 511/606/433 537/632/455 545/640/227
f 527/622/445 526/621/444 546/641/460
f 527/622/445 546/641/460 528/623/446
f 531/626/449 530/625/448 547/642/232
f 531/626/449 547/642/232 532/627/450
f 532/627/450 547/642/232 548/643/235
f 532/627/450 548/643/235 535/630/453
f 526/621/444 534/629/452 549/644/237
f 526/621/444 549/644/237 546/641/460
f 535/630/453 548/643/235 543/638/458
f 534/629/452 541/636/229 549/644/237
f 528/623/446 546/641/460 536/631/454
f 530/625/448 539/634/457 547/642/232
f 537/632/455 536/631/454 550/645/461
f 537/632/455 551/646/462 545/640/227
f 537/632/455 550/645/461 551/646/462
f 538/633/456 542/637/224 552/647/463
f 538/633/456 552/647/463 553/648/464
f 538/633/456 553/648/464 539/634/457
f 536/631/454 546/641/460 550/645/461
f 539/634/457 553/648/464 547/642/232
f 545/640/227 551/646/462 554/649/228
f 542/637/224 555/650/465 552/647/463
f 544/639/224 556/651/466 557/652/465
f 541/636/229 558/653/231 549/644/237
f 541/636/229 559/654/467 560/655/230
f 543/638/458 548/643/235 556/651/239
f 547/642/232 553/648/464 561/656/468
f 547/642/232 561/656/468 562/657/233
f 547/642/232 563/658/469 548/643/235
f 546/641/460 549/644/237 564/659/470
f 546/641/460 565/660/471 550/645/461
f 546/641/460 564/659/470 565/660/471
f 566/661/472 567/662/473 568/663/474
f 566/661/472 569/664/475 570/665/476
f 566/661/472 568/663/474 571/666/477
f 566/661/472 571/666/477 569/664/475
f 572/667/478 573/668/479 574/669/478
f 572/667/478 574/669/478 575/670/480
f 576/671/481 577/672/482 578/673/483
f 576/671/481 578/673/483 579/674/484
f 576/671/481 580/675/485 581/676/486
f 576/671/481 579/674/484 580/675/485
f 582/677/487 583/678/488 584/679/487
f 582/677/487 584/679/487 585/680/489
f 586/681/490 587/682/490 588/683/490
f 589/684/491 590/685/491 591/686/491
f 592/687/492 593/688/492 594/689/492
f 595/690/493 596/691/493 597/692/493
f 598/693/494 599/694/495 600/695/496
f 598/693/494 600/695/496 601/696/497
f 602/697/498 603/698/499 604/699/500
f 602/697/498 604/699/500 605/700/501
f 602/697/498 605/700/501 606/701/502
f 607/702/503 608/703/504 609/704/505
f 607/702/503 606/701/502 608/703/504
f 610/705/506 611/706/507 612/707/508
f 610/705/506 601/696/497 613/708/509
f 610/705/506 613/708/509 611/706/507
f 614/709/510 615/710/510 616/711/510
f 617/712/511 618/713/511 619/714/511
f 620/715/512 621/716/513 622/717/514
f 623/718/515 624/719/516 625/720/517
f 626/721/518 627/722/519 628/723/520
f 629/724/521 630/725/521 631/726/521
f 632/727/522 633/728/522 634/729/522
f 635/730/523 636/731/524 637/732/525
f 627/722/519 638/733/526 628/723/520
f 627/722/519 639/734/527 638/733/526
f 621/716/513 640/735/528 622/717/514
f 637/732/525 636/731/524 641/736/529
f 637/732/525 641/736/529 642/737/530
f 643/738/531 644/739/532 645/740/532
f 625/720/517 624/719/516 646/741/533
f 647/742/534 648/743/534 649/744/534
f 650/745/535 651/746/535 652/747/535
f 653/748/536 654/749/537 655/750/537
f 640/735/528 656/751/538 622/717/514
f 640/735/528 657/752/539 656/751/538
f 658/753/540 659/754/541 660/755/542
f 646/741/533 624/719/516 661/756/543
f 646/741/533 661/756/543 659/754/541
f 662/757/544 663/758/545 657/752/539
f 552/647/463 664/759/546 553/648/464
f 552/647/463 665/760/547 664/759/546
f 551/646/462 550/645/461 666/761/548
f 551/646/462 666/761/548 667/762/549
f 608/703/504 606/701/502 668/763/550
f 600/695/496 669/764/551 601/696/497
f 550/645/461 565/660/471 670/765/552
f 550/645/461 670/765/552 671/766/553
f 553/648/464 672/767/554 673/768/555
f 553/648/464 673/768/555 561/656/468
f 654/749/537 674/769/556 655/750/537
f 660/755/542 659/754/541 675/770/557
f 663/758/545 676/771/558 657/752/539
f 645/740/532 644/739/532 677/772/559
f 560/655/230 559/654/467 678/773/560
f 560/655/230 678/773/560 558/653/231
f 679/774/561 680/775/562 681/776/563
f 679/774/561 682/777/564 680/775/562
f 679/774/561 681/776/563 683/778/565
f 684/779/566 685/780/562 686/781/564
f 684/779/566 687/782/567 688/783/563
f 684/779/566 688/783/563 685/780/562
f 685/780/562 689/784/568 686/781/564
f 690/785/569 691/786/569 692/787/569
f 680/775/562 682/777/564 693/788/568
f 694/789/569 695/790/569 696/791/569
f 556/651/239 563/658/570 697/792/240
f 556/651/466 698/793/241 557/652/465
f 569/664/475 699/794/571 604/699/500
f 569/664/475 571/666/477 699/794/571
f 578/673/483 611/706/507 700/795/572
f 578/673/483 700/795/572 579/674/484
f 701/796/573 702/797/574 703/798/575
f 701/796/573 704/799/576 705/800/577
f 701/796/573 705/800/577 702/797/574
f 706/801/578 707/802/579 708/803/580
f 706/801/578 708/803/580 709/804/581
f 706/801/578 710/805/582 707/802/579
f 702/797/574 711/806/583 703/798/575
f 712/807/569 713/808/569 714/809/569
f 707/802/579 710/805/582 715/810/584
f 716/811/569 717/812/569 718/813/569
f 558/653/231 719/814/585 564/659/586
f 563/658/570 562/657/233 697/792/240
f 691/786/569 720/815/569 692/787/569
f 721/816/568 722/817/564 723/818/587
f 721/816/568 723/818/587 724/819/588
f 696/791/569 695/790/569 725/820/569
f 726/821/567 727/822/589 728/823/588
f 726/821/567 728/823/588 729/824/563
f 709/804/581 708/803/580 730/825/590
f 709/804/581 730/825/590 731/826/591
f 704/799/576 732/827/592 705/800/577
f 704/799/576 733/828/593 732/827/592
f 717/812/569 734/829/569 718/813/569
f 714/809/569 713/808/569 735/830/569
f 736/831/594 737/832/582 731/826/591
f 736/831/594 731/826/591 730/825/590
f 738/833/595 732/827/592 733/828/593
f 738/833/595 733/828/593 739/834/575
f 681/776/563 724/819/588 683/778/565
f 689/784/568 727/822/589 686/781/564
f 689/784/568 728/823/588 727/822/589
f 683/778/565 724/819/588 723/818/587
f 611/706/507 613/708/509 700/795/572
f 604/699/500 699/794/571 605/700/501
f 568/663/474 628/723/520 638/733/526
f 568/663/474 638/733/526 571/666/477
f 580/675/485 579/674/484 641/736/529
f 580/675/485 641/736/529 636/731/524
f 669/764/551 740/835/596 601/696/497
f 668/763/550 606/701/502 741/836/597
f 606/701/502 742/837/598 741/836/597
f 606/701/502 605/700/501 743/838/599
f 606/701/502 743/838/599 742/837/598
f 601/696/497 740/835/596 744/839/600
f 601/696/497 744/839/600 745/840/601
f 601/696/497 745/840/601 613/708/509
f 746/841/602 747/842/603 748/843/604
f 746/841/602 749/844/605 750/845/606
f 746/841/602 750/845/606 747/842/603
f 751/846/607 752/847/608 753/848/609
f 751/846/607 753/848/609 754/849/610
f 751/846/607 755/850/611 752/847/608
f 756/851/596 757/852/612 758/853/613
f 759/854/597 760/855/614 761/856/615
f 752/847/608 755/850/611 762/857/616
f 747/842/603 763/858/617 748/843/604
f 764/859/618 765/860/619 766/861/619
f 767/862/620 768/863/621 769/864/621
f 661/756/543 761/856/615 770/865/622
f 661/756/543 770/865/622 659/754/541
f 656/751/538 657/752/539 771/866/623
f 656/751/538 771/866/623 757/852/612
f 760/855/614 770/865/622 761/856/615
f 760/855/614 772/867/599 770/865/622
f 758/853/613 757/852/612 771/866/623
f 758/853/613 771/866/623 773/868/601
f 749/844/605 774/869/624 750/845/606
f 749/844/605 775/870/625 774/869/624
f 754/849/610 753/848/609 776/871/626
f 754/849/610 776/871/626 777/872/627
f 765/860/619 778/873/628 766/861/619
f 769/864/621 768/863/621 779/874/629
f 780/875/630 774/869/624 775/870/625
f 780/875/630 775/870/625 781/876/631
f 782/877/632 783/878/633 777/872/627
f 782/877/632 777/872/627 776/871/626
f 700/795/572 613/708/509 784/879/634
f 700/795/572 784/879/634 785/880/635
f 700/795/572 785/880/635 579/674/484
f 699/794/571 786/881/636 605/700/501
f 699/794/571 571/666/477 787/882/637
f 699/794/571 787/882/637 786/881/636
f 613/708/509 788/883/638 784/879/634
f 613/708/509 745/840/601 788/883/638
f 605/700/501 786/881/636 789/884/639
f 605/700/501 789/884/639 743/838/599
f 659/754/541 770/865/622 790/885/640
f 659/754/541 790/885/640 675/770/557
f 657/752/539 676/771/558 791/886/641
f 657/752/539 791/886/641 771/866/623
f 792/887/642 793/888/643 794/889/248
f 792/887/247 795/890/249 796/891/256
f 797/892/244 798/893/258 799/894/245
f 793/888/643 800/895/644 794/889/248
f 801/896/645 802/897/646 803/898/644
f 788/883/638 745/840/601 804/899/647
f 805/900/648 806/901/649 807/902/650
f 808/903/246 799/894/245 809/904/651
f 789/884/639 810/905/652 743/838/599
f 770/865/622 772/867/599 811/906/653
f 770/865/622 811/906/653 790/885/640
f 771/866/623 791/886/641 812/907/654
f 771/866/623 812/907/654 773/868/601
f 571/666/477 638/733/526 813/908/655
f 571/666/477 813/908/655 787/882/637
f 579/674/484 785/880/635 814/909/656
f 579/674/484 814/909/656 641/736/529
f 675/770/557 790/885/640 815/910/657
f 675/770/557 815/910/657 639/734/527
f 676/771/558 642/737/530 816/911/658
f 676/771/558 816/911/658 791/886/641
f 798/893/659 817/912/260 818/913/261
f 773/868/601 812/907/654 819/914/647
f 772/867/599 820/915/652 811/906/653
f 638/733/526 639/734/527 813/908/655
f 641/736/529 814/909/656 642/737/530
f 820/915/652 821/916/660 811/906/653
f 822/917/661 823/918/662 802/897/646
f 824/919/663 807/902/650 825/920/664
f 819/914/647 812/907/654 826/921/665
f 642/737/530 814/909/656 816/911/658
f 639/734/527 815/910/657 813/908/655
f 790/885/640 811/906/653 821/916/660
f 790/885/640 821/916/660 815/910/657
f 791/886/641 816/911/658 826/921/665
f 791/886/641 826/921/665 812/907/654
f 827/922/666 795/890/249 828/923/269
f 827/922/666 828/923/269 829/924/667
f 830/925/668 831/926/669 817/912/260
f 831/926/265 825/920/664 832/927/266
f 831/926/669 833/928/272 817/912/260
f 831/926/669 834/929/267 833/928/272
f 829/924/667 828/923/269 835/930/271
f 829/924/262 836/931/264 823/918/662
f 829/924/667 835/930/271 837/932/263
f 823/918/662 836/931/264 802/897/646
f 825/920/664 807/902/650 832/927/266
f 799/894/245 838/933/268 839/934/670
f 799/894/245 839/934/670 809/904/651
f 794/889/248 840/935/671 795/890/249
f 794/889/248 800/895/644 841/936/672
f 794/889/248 841/936/672 840/935/671
f 795/890/249 840/935/671 828/923/269
f 818/913/261 817/912/260 838/933/673
f 802/897/646 836/931/264 842/937/674
f 802/897/646 842/937/674 843/938/675
f 802/897/646 843/938/675 803/898/644
f 807/902/650 806/901/649 844/939/676
f 807/902/650 845/940/677 832/927/266
f 807/902/650 844/939/676 845/940/677
f 836/931/264 837/932/263 846/941/678
f 836/931/264 846/941/678 842/937/674
f 832/927/266 845/940/677 847/942/679
f 832/927/266 847/942/679 834/929/267
f 840/935/671 841/936/672 848/943/680
f 840/935/671 848/943/680 835/930/271
f 838/933/268 833/928/272 849/944/681
f 838/933/268 849/944/681 839/934/670
f 806/901/649 850/945/682 844/939/676
f 803/898/644 843/938/675 851/946/683
f 800/895/644 852/947/684 841/936/672
f 809/904/651 839/934/670 853/948/685
f 839/934/670 849/944/681 854/949/686
f 839/934/670 854/949/686 853/948/685
f 841/936/672 855/950/687 848/943/680
f 841/936/672 852/947/684 855/950/687
f 833/928/272 834/929/267 847/942/679
f 833/928/272 856/951/688 849/944/681
f 833/928/272 847/942/679 856/951/688
f 835/930/271 848/943/680 857/952/689
f 835/930/271 857/952/689 846/941/678
f 835/930/271 846/941/678 837/932/263
f 858/953/690 859/954/691 860/955/692
f 858/953/690 861/956/693 862/957/694
f 858/953/690 862/957/694 859/954/691
f 858/953/690 863/958/695 861/956/693
f 858/953/690 860/955/692 863/958/695
f 864/959/696 865/960/697 866/961/698
f 864/959/696 867/962/699 868/963/700
f 864/959/696 866/961/698 867/962/699
f 864/959/696 868/963/700 869/964/701
f 864/959/696 869/964/701 865/960/697
f 859/954/691 862/957/694 870/965/702
f 859/954/691 870/965/702 871/966/703
f 859/954/691 871/966/703 860/955/692
f 865/960/697 872/967/704 866/961/698
f 865/960/697 869/964/701 873/968/705
f 865/960/697 873/968/705 872/967/704
f 867/962/699 866/961/698 872/967/704
f 867/962/699 872/967/704 868/963/700
f 861/956/693 863/958/695 870/965/702
f 861/956/693 870/965/702 862/957/694
f 849/944/681 856/951/688 874/969/706
f 849/944/681 875/970/707 854/949/686
f 849/944/681 876/971/708 875/970/707
f 849/944/681 874/969/706 876/971/708
f 848/943/680 855/950/687 877/972/709
f 848/943/680 877/972/709 878/973/710
f 848/943/680 878/973/710 879/974/711
f 848/943/680 879/974/711 857/952/689
f 842/937/674 846/941/678 880/975/712
f 842/937/674 881/976/713 843/938/675
f 842/937/674 880/975/712 881/976/713
f 845/940/677 844/939/676 882/977/714
f 845/940/677 882/977/714 883/978/715
f 845/940/677 883/978/715 847/942/679
f 857/952/689 879/974/711 846/941/678
f 856/951/688 847/942/679 874/969/706
f 855/950/687 852/947/684 884/979/716
f 855/950/687 884/979/716 877/972/709
f 854/949/686 885/980/717 853/948/685
f 854/949/686 875/970/707 885/980/717
f 853/948/685 886/981/718 852/947/684
f 853/948/685 885/980/717 886/981/718
f 851/946/683 843/938/675 887/982/719
f 852/947/684 886/981/718 884/979/716
f 852/947/684 888/983/719 889/984/685
f 850/945/682 887/982/719 844/939/676
f 847/942/679 883/978/715 874/969/706
f 846/941/678 879/974/711 880/975/712
f 844/939/676 887/982/719 882/977/714
f 843/938/675 881/976/713 887/982/719
f 890/985/720 891/986/721 892/987/722
f 890/985/720 892/987/722 893/988/723
f 891/986/721 894/989/724 892/987/722
f 893/988/723 892/987/722 895/990/725
f 887/982/719 896/991/726 882/977/714
f 887/982/719 881/976/713 896/991/726
f 868/963/700 872/967/704 873/968/705
f 868/963/700 873/968/705 869/964/701
f 863/958/695 860/955/692 871/966/703
f 863/958/695 871/966/703 870/965/702
f 896/991/726 881/976/713 897/992/727
f 896/991/726 898/993/728 899/994/729
f 896/991/726 897/992/727 898/993/728
f 896/991/726 899/994/729 882/977/714
f 882/977/714 899/994/729 900/995/730
f 882/977/714 900/995/730 883/978/715
f 881/976/713 880/975/712 901/996/731
f 881/976/713 901/996/731 897/992/727
f 892/987/722 894/989/724 902/997/732
f 892/987/722 903/998/733 904/999/734
f 892/987/722 902/997/732 903/998/733
f 892/987/722 904/999/734 895/990/725
f 875/970/707 876/971/708 905/1000/735
f 877/972/709 906/1001/736 878/973/710
f 907/1002/737 908/1003/738 909/1004/739
f 907/1002/737 910/1005/740 911/1006/741
f 907/1002/737 911/1006/741 908/1003/738
f 912/1007/742 913/1008/743 914/1009/744
f 912/1007/742 914/1009/744 915/1010/745
f 912/1007/742 916/1011/746 913/1008/743
f 917/1012/747 915/1010/745 918/1013/748
f 919/1014/749 920/1015/750 910/1005/740
f 878/973/710 906/1001/736 879/974/711
f 876/971/708 874/969/706 905/1000/735
f 913/1008/743 916/1011/746 921/1016/751
f 908/1003/738 922/1017/752 909/1004/739
f 923/1018/753 924/1019/754 914/1009/744
f 925/1020/755 911/1006/741 926/1021/756
f 874/969/706 883/978/715 927/1022/757
f 874/969/706 927/1022/757 905/1000/735
f 879/974/711 906/1001/736 928/1023/758
f 879/974/711 928/1023/758 880/975/712
f 880/975/712 928/1023/758 901/996/731
f 883/978/715 900/995/730 927/1022/757
f 915/1010/745 914/1009/744 929/1024/759
f 915/1010/745 930/1025/760 918/1013/748
f 915/1010/745 929/1024/759 930/1025/760
f 910/1005/740 931/1026/761 932/1027/762
f 910/1005/740 932/1027/762 911/1006/741
f 910/1005/740 920/1015/750 931/1026/761
f 914/1009/744 924/1019/754 929/1024/759
f 911/1006/741 932/1027/762 926/1021/756
f 898/993/728 897/992/727 933/1028/763
f 898/993/728 933/1028/763 899/994/729
f 897/992/727 901/996/731 934/1029/764
f 897/992/727 934/1029/764 933/1028/763
f 899/994/729 935/1030/765 900/995/730
f 899/994/729 933/1028/763 935/1030/765
f 903/998/733 902/997/732 936/1031/766
f 903/998/733 937/1032/767 938/1033/768
f 903/998/733 938/1033/768 904/999/734
f 903/998/733 936/1031/766 937/1032/767
f 905/1000/735 927/1022/757 939/1034/769
f 902/997/732 940/1035/770 936/1031/766
f 906/1001/736 941/1036/771 928/1023/758
f 904/999/734 938/1033/768 942/1037/772
f 900/995/730 935/1030/765 943/1038/773
f 900/995/730 943/1038/773 927/1022/757
f 901/996/731 928/1023/758 944/1039/774
f 901/996/731 944/1039/774 934/1029/764
f 927/1022/757 943/1038/773 939/1034/769
f 928/1023/758 941/1036/771 944/1039/774
f 934/1029/764 945/1040/775 933/1028/763
f 934/1029/764 944/1039/774 946/1041/776
f 934/1029/764 946/1041/776 945/1040/775
f 935/1030/765 933/1028/763 945/1040/775
f 935/1030/765 945/1040/775 947/1042/777
f 935/1030/765 947/1042/777 943/1038/773
f 931/1026/761 909/1004/739 922/1017/752
f 931/1026/761 922/1017/752 932/1027/762
f 930/1025/760 929/1024/759 921/1016/751
f 930/1025/760 921/1016/751 916/1011/746
f 948/1043/778 949/1044/779 950/1045/780
f 948/1043/778 951/1046/781 952/1047/782
f 948/1043/778 950/1045/780 951/1046/781
f 948/1043/778 952/1047/782 953/1048/783
f 948/1043/778 953/1048/783 954/1049/779
f 955/1050/784 956/1051/785 957/1052/786
f 955/1050/784 957/1052/786 958/1053/787
f 955/1050/784 959/1054/788 960/1055/789
f 955/1050/784 958/1053/787 959/1054/788
f 955/1050/784 960/1055/789 961/1056/790
f 956/1051/785 962/1057/791 957/1052/786
f 951/1046/781 963/1058/792 964/1059/793
f 951/1046/781 965/1060/794 952/1047/782
f 951/1046/781 964/1059/793 965/1060/794
f 966/1061/795 967/1062/796 968/1063/797
f 966/1061/795 968/1063/797 969/1064/798
f 966/1061/795 970/1065/799 971/1066/800
f 966/1061/795 969/1064/798 970/1065/799
f 966/1061/795 971/1066/800 972/1067/796
f 967/1062/796 973/1068/801 968/1063/797
f 957/1052/786 974/1069/791 975/1070/802
f 957/1052/786 975/1070/802 958/1053/787
f 976/1071/803 977/1072/804 978/1073/805
f 976/1071/803 979/1074/806 980/1075/804
f 976/1071/803 981/1076/807 982/1077/808
f 976/1071/803 982/1077/808 979/1074/806
f 976/1071/803 978/1073/805 981/1076/807
f 980/1075/804 979/1074/806 983/1078/809
f 979/1074/806 982/1077/808 984/1079/810
f 979/1074/806 984/1079/810 985/1080/809
f 968/1063/797 986/1081/801 987/1082/811
f 968/1063/797 987/1082/811 969/1064/798
f 988/1083/812 989/1084/813 990/1085/814
f 988/1083/812 990/1085/814 991/1086/815
f 992/1087/812 991/1086/815 993/1088/816
f 994/1089/817 995/1090/818 996/1091/819
f 994/1089/817 996/1091/819 997/1092/820
f 998/1093/817 999/1094/821 995/1090/818
f 991/1086/815 990/1085/814 1000/1095/822
f 991/1086/815 1001/1096/823 993/1088/816
f 991/1086/815 1000/1095/822 1001/1096/823
f 995/1090/818 1002/1097/824 1003/1098/825
f 995/1090/818 1003/1098/825 996/1091/819
f 995/1090/818 999/1094/821 1002/1097/824
f 1004/1099/826 1005/1100/827 990/1085/814
f 1006/1101/828 996/1091/819 1007/1102/829
f 996/1091/819 1003/1098/825 1007/1102/829
f 990/1085/814 1005/1100/827 1000/1095/822
f 1008/1103/830 1009/1104/831 1010/1105/832
f 1008/1103/830 1011/1106/833 1012/1107/834
f 1008/1103/830 1010/1105/832 1011/1106/833
f 1008/1103/830 1012/1107/834 1013/1108/835
f 1009/1104/831 1014/1109/836 1015/1110/837
f 1009/1104/831 1015/1110/837 1010/1105/832
f 1013/1108/835 1012/1107/834 1016/1111/838
f 1013/1108/835 1016/1111/838 1017/1112/839
f 1018/1113/840 1019/1114/841 1020/1115/842
f 1018/1113/840 1020/1115/842 1021/1116/843
f 1018/1113/840 1022/1117/844 1023/1118/845
f 1018/1113/840 1021/1116/843 1022/1117/844
f 1018/1113/840 1023/1118/845 1024/1119/846
f 1019/1114/841 1025/1120/847 1020/1115/842
f 1026/1121/848 1027/1122/849 1028/1123/850
f 1026/1121/848 1028/1123/850 1029/1124/851
f 1030/1125/848 1031/1126/852 1027/1122/849
f 1027/1122/849 1032/1127/853 1033/1128/854
f 1027/1122/849 1033/1128/854 1028/1123/850
f 1027/1122/849 1031/1126/852 1032/1127/853
f 1034/1129/855 1028/1123/850 1035/1130/856
f 1028/1123/850 1033/1128/854 1035/1130/856
f 1020/1115/842 1036/1131/847 1037/1132/857
f 1020/1115/842 1037/1132/857 1021/1116/843
f 1017/1112/839 1038/1133/858 1039/1134/859
f 1017/1112/839 1040/1135/860 1038/1133/858
f 1017/1112/839 1016/1111/838 1040/1135/860
f 1014/1109/836 1041/1136/861 1042/1137/862
f 1014/1109/836 1042/1137/862 1043/1138/863
f 1014/1109/836 1043/1138/863 1015/1110/837
f 1044/1139/864 1045/1140/865 1046/1141/866
f 1044/1139/864 1046/1141/866 1047/1142/867
f 1039/1134/859 1038/1133/858 1048/1143/868
f 1039/1134/859 1048/1143/868 1045/1140/865
f 1041/1136/861 1047/1142/867 1049/1144/869
f 1041/1136/861 1049/1144/869 1042/1137/862
f 1047/1142/867 1046/1141/866 1049/1144/869
f 1045/1140/865 1048/1143/868 1046/1141/866
f 1042/1137/862 1049/1144/869 1050/1145/870
f 1042/1137/862 1050/1145/870 1043/1138/863
f 1038/1133/858 1040/1135/860 1051/1146/871
f 1038/1133/858 1051/1146/871 1048/1143/868
f 1046/1141/866 1048/1143/868 1052/1147/872
f 1046/1141/866 1052/1147/872 1049/1144/869
f 1049/1144/869 1052/1147/872 1050/1145/870
f 1048/1143/868 1051/1146/871 1052/1147/872
f 952/1047/782 965/1060/794 1053/1148/873
f 959/1054/788 958/1053/787 1054/1149/874
f 959/1054/788 1054/1149/874 1055/1150/789
f 970/1065/799 969/1064/798 1056/1151/875
f 970/1065/799 1056/1151/875 1057/1152/876
f 965/1060/794 1058/1153/877 1053/1148/873
f 981/1076/807 1059/1154/878 1060/1155/879
f 981/1076/807 1060/1155/879 982/1077/808
f 1002/1097/824 1061/1156/880 1062/1157/881
f 1002/1097/824 1062/1157/881 1003/1098/825
f 1001/1096/823 1000/1095/822 1063/1158/882
f 1001/1096/823 1063/1158/882 1064/1159/883
f 1022/1117/844 1021/1116/843 1065/1160/884
f 1022/1117/844 1065/1160/884 1066/1161/885
f 1067/1162/886 1068/1163/887 1069/1164/888
f 1067/1162/886 1070/1165/889 1071/1166/890
f 1067/1162/886 1069/1164/888 1072/1167/891
f 1067/1162/886 1072/1167/891 1070/1165/889
f 1032/1127/853 1073/1168/892 1074/1169/893
f 1032/1127/853 1074/1169/893 1033/1128/854
f 1043/1138/863 1050/1145/870 1075/1170/894
f 1043/1138/863 1076/1171/895 1015/1110/837
f 1043/1138/863 1075/1170/894 1076/1171/895
f 1040/1135/860 1016/1111/838 1077/1172/896
f 1040/1135/860 1077/1172/896 1078/1173/897
f 1040/1135/860 1078/1173/897 1051/1146/871
f 1052/1147/872 1051/1146/871 1079/1174/898
f 1052/1147/872 1079/1174/898 1050/1145/870
f 1068/1163/887 1080/1175/899 1081/1176/900
f 1068/1163/887 1081/1176/900 1069/1164/888
f 1071/1166/890 1082/1177/901 1083/1178/902
f 1071/1166/890 1070/1165/889 1082/1177/901
f 1051/1146/871 1078/1173/897 1079/1174/898
f 1050/1145/870 1079/1174/898 1075/1170/894
f 1083/1178/902 1084/1179/903 1085/1180/904
f 1083/1178/902 1082/1177/901 1084/1179/903
f 1080/1175/899 1086/1181/905 1087/1182/906
f 1080/1175/899 1087/1182/906 1081/1176/900
f 1085/1180/904 1084/1179/903 1088/1183/907
f 1086/1181/905 1089/1184/908 1087/1182/906
f 1090/1185/909 1088/1183/907 1091/1186/910
f 1090/1185/909 1091/1186/910 1089/1184/908
f 1088/1183/907 1084/1179/903 1092/1187/911
f 1088/1183/907 1092/1187/911 1091/1186/910
f 1089/1184/908 1093/1188/912 1087/1182/906
f 1089/1184/908 1091/1186/910 1093/1188/912
f 1094/1189/913 1095/1190/914 1096/1191/915
f 1094/1189/913 1096/1191/915 1097/1192/916
f 1094/1189/913 1097/1192/916 1098/1193/917
f 1099/1194/918 1100/1195/919 1101/1196/920
f 1099/1194/918 1102/1197/921 1103/1198/922
f 1099/1194/918 1101/1196/920 1102/1197/921
f 1098/1193/917 1097/1192/916 1104/1199/923
f 1098/1193/917 1104/1199/923 1105/1200/924
f 1100/1195/919 1105/1200/924 1104/1199/923
f 1100/1195/919 1104/1199/923 1101/1196/920
f 1095/1190/914 1106/1201/925 1107/1202/926
f 1095/1190/914 1107/1202/926 1096/1191/915
f 1103/1198/922 1102/1197/921 1108/1203/927
f 1103/1198/922 1108/1203/927 1109/1204/928
f 1102/1197/921 1101/1196/920 1110/1205/929
f 1102/1197/921 1110/1205/929 1111/1206/930
f 1102/1197/921 1111/1206/930 1108/1203/927
f 1096/1191/915 1107/1202/926 1112/1207/931
f 1096/1191/915 1113/1208/932 1097/1192/916
f 1096/1191/915 1112/1207/931 1113/1208/932
f 1109/1204/928 1108/1203/927 1114/1209/933
f 1109/1204/928 1114/1209/933 1115/1210/934
f 1106/1201/925 1115/1210/934 1116/1211/935
f 1106/1201/925 1116/1211/935 1107/1202/926
f 1101/1196/920 1104/1199/923 1117/1212/936
f 1101/1196/920 1117/1212/936 1110/1205/929
f 1097/1192/916 1113/1208/932 1117/1212/936
f 1097/1192/916 1117/1212/936 1104/1199/923
f 1115/1210/934 1114/1209/933 1118/1213/937
f 1115/1210/934 1118/1213/937 1116/1211/935
f 1108/1203/927 1119/1214/938 1114/1209/933
f 1108/1203/927 1120/1215/939 1119/1214/938
f 1108/1203/927 1121/1216/940 1120/1215/939
f 1108/1203/927 1111/1206/930 1122/1217/941
f 1108/1203/927 1122/1217/941 1121/1216/940
f 1107/1202/926 1116/1211/935 1123/1218/942
f 1107/1202/926 1123/1218/942 1124/1219/943
f 1107/1202/926 1124/1219/943 1125/1220/944
f 1107/1202/926 1125/1220/944 1126/1221/945
f 1107/1202/926 1126/1221/945 1112/1207/931
f 1114/1209/933 1119/1214/938 1127/1222/946
f 1114/1209/933 1127/1222/946 1118/1213/937
f 1116/1211/935 1118/1213/937 1128/1223/947
f 1116/1211/935 1128/1223/947 1123/1218/942
f 1118/1213/937 1127/1222/946 1129/1224/948
f 1118/1213/937 1129/1224/948 1128/1223/947
f 1130/1225/949 1131/1226/950 1132/1227/951
f 1130/1225/949 1133/1228/952 1131/1226/950
f 1130/1225/949 1132/1227/951 1134/1229/953
f 1135/1230/954 1136/1231/955 1137/1232/956
f 1135/1230/954 1138/1233/957 1136/1231/955
f 1135/1230/954 1139/1234/958 1138/1233/957
f 1136/1231/955 1140/1235/959 1137/1232/956
f 1136/1231/955 1138/1233/957 1141/1236/960
f 1136/1231/955 1141/1236/960 1140/1235/959
f 1131/1226/950 1133/1228/952 1142/1237/961
f 1131/1226/950 1142/1237/961 1143/1238/962
f 1131/1226/950 1143/1238/962 1132/1227/951
f 1133/1228/952 1144/1239/963 1142/1237/961
f 1137/1232/956 1140/1235/959 1144/1239/963
f 1140/1235/959 1145/1240/964 1144/1239/963
f 1140/1235/959 1141/1236/960 1146/1241/965
f 1140/1235/959 1146/1241/965 1145/1240/964
f 1142/1237/961 1144/1239/963 1145/1240/964
f 1142/1237/961 1145/1240/964 1146/1241/965
f 1142/1237/961 1146/1241/965 1143/1238/962
f 1138/1233/957 1139/1234/958 1141/1236/960
f 1132/1227/951 1143/1238/962 1134/1229/953
f 1124/1219/943 1147/1242/966 1148/1243/967
f 1124/1219/943 1148/1243/967 1125/1220/944
f 1139/1234/958 1149/1244/968 1141/1236/960
f 1134/1229/953 1143/1238/962 1150/1245/969
f 1120/1215/939 1121/1216/940 1151/1246/970
f 1120/1215/939 1151/1246/970 1152/1247/971
f 1141/1236/960 1149/1244/968 1153/1248/972
f 1141/1236/960 1153/1248/972 1146/1241/965
f 1143/1238/962 1146/1241/965 1154/1249/973
f 1143/1238/962 1154/1249/973 1150/1245/969
f 1150/1245/969 1154/1249/973 1155/1250/974
f 1147/1242/966 1156/1251/975 1148/1243/967
f 1149/1244/968 1157/1252/976 1153/1248/972
f 1152/1247/971 1151/1246/970 1158/1253/977
f 1159/1254/978 1160/1255/979 1161/1256/980
f 1159/1254/978 1162/1257/981 1163/1258/982
f 1159/1254/978 1163/1258/982 1160/1255/979
f 1125/1220/944 1164/1259/983 1126/1221/945
f 1121/1216/940 1122/1217/941 1165/1260/984
f 1166/1261/985 1167/1262/986 1168/1263/987
f 1166/1261/985 1169/1264/988 1167/1262/986
f 1166/1261/985 1168/1263/987 1170/1265/989
f 1160/1255/979 1171/1266/990 1161/1256/980
f 1160/1255/979 1163/1258/982 1171/1266/990
f 1167/1262/986 1169/1264/988 1172/1267/991
f 1167/1262/986 1172/1267/991 1168/1263/987
f 1146/1241/965 1153/1248/972 1173/1268/992
f 1146/1241/965 1173/1268/992 1154/1249/973
f 1169/1264/988 1174/1269/993 1172/1267/991
f 1161/1256/980 1171/1266/990 1175/1270/994
f 1148/1243/967 1156/1251/975 1176/1271/995
f 1151/1246/970 1177/1272/996 1158/1253/977
f 1171/1266/990 1178/1273/997 1175/1270/994
f 1171/1266/990 1163/1258/982 1178/1273/997
f 1172/1267/991 1174/1269/993 1179/1274/998
f 1172/1267/991 1179/1274/998 1168/1263/987
f 1113/1208/932 1112/1207/931 1180/1275/999
f 1113/1208/932 1180/1275/999 1181/1276/1000
f 1113/1208/932 1182/1277/1001 1117/1212/936
f 1113/1208/932 1181/1276/1000 1182/1277/1001
f 1110/1205/929 1117/1212/936 1182/1277/1001
f 1110/1205/929 1183/1278/1002 1111/1206/930
f 1110/1205/929 1182/1277/1001 1184/1279/1003
f 1110/1205/929 1184/1279/1003 1183/1278/1002
f 1112/1207/931 1126/1221/945 1185/1280/1004
f 1112/1207/931 1185/1280/1004 1180/1275/999
f 1111/1206/930 1186/1281/1005 1122/1217/941
f 1111/1206/930 1183/1278/1002 1186/1281/1005
f 1122/1217/941 1186/1281/1005 1187/1282/1006
f 1122/1217/941 1188/1283/1007 1165/1260/984
f 1122/1217/941 1187/1282/1006 1188/1283/1007
f 1126/1221/945 1164/1259/983 1189/1284/1008
f 1126/1221/945 1189/1284/1008 1190/1285/1009
f 1126/1221/945 1190/1285/1009 1185/1280/1004
f 1153/1248/972 1157/1252/976 1173/1268/992
f 1154/1249/973 1173/1268/992 1155/1250/974
f 1155/1250/974 1173/1268/992 1191/1286/1010
f 1157/1252/976 1191/1286/1010 1173/1268/992
f 1156/1251/975 1192/1287/1011 1193/1288/1012
f 1156/1251/975 1193/1288/1012 1176/1271/995
f 1158/1253/977 1177/1272/996 1194/1289/1013
f 1158/1253/977 1194/1289/1013 1192/1287/1011
f 1174/1269/993 1195/1290/1014 1179/1274/998
f 1175/1270/994 1178/1273/997 1196/1291/1015
f 1179/1274/998 1195/1290/1014 1197/1292/1016
f 1179/1274/998 1197/1292/1016 1198/1293/1017
f 1179/1274/998 1199/1294/1018 1168/1263/987
f 1179/1274/998 1198/1293/1017 1199/1294/1018
f 1178/1273/997 1163/1258/982 1200/1295/1019
f 1178/1273/997 1201/1296/1020 1196/1291/1015
f 1178/1273/997 1200/1295/1019 1202/1297/1021
f 1178/1273/997 1202/1297/1021 1201/1296/1020
f 1170/1265/989 1168/1263/987 1203/1298/1022
f 1170/1265/989 1203/1298/1022 1204/1299/1023
f 1162/1257/981 1205/1300/1024 1206/1301/1025
f 1162/1257/981 1206/1301/1025 1163/1258/982
f 1168/1263/987 1199/1294/1018 1203/1298/1022
f 1163/1258/982 1206/1301/1025 1200/1295/1019
f 1192/1287/1011 1194/1289/1013 1207/1302/1026
f 1192/1287/1011 1208/1303/1027 1193/1288/1012
f 1192/1287/1011 1207/1302/1026 1209/1304/1028
f 1192/1287/1011 1209/1304/1028 1208/1303/1027
f 1186/1281/1005 1210/1305/1029 1187/1282/1006
f 1186/1281/1005 1183/1278/1002 1210/1305/1029
f 1185/1280/1004 1211/1306/1030 1180/1275/999
f 1185/1280/1004 1190/1285/1009 1211/1306/1030
f 1205/1300/1024 1212/1307/1031 1206/1301/1025
f 1205/1300/1024 1213/1308/1032 1212/1307/1031
f 1189/1284/1008 1214/1309/1033 1190/1285/1009
f 1204/1299/1023 1203/1298/1022 1215/1310/1034
f 1204/1299/1023 1215/1310/1034 1216/1311/1035
f 1188/1283/1007 1187/1282/1006 1217/1312/1036
f 1203/1298/1022 1199/1294/1018 1215/1310/1034
f 1206/1301/1025 1212/1307/1031 1200/1295/1019
f 1218/1313/1037 1219/1314/1038 1220/1315/1039
f 1218/1313/1037 1220/1315/1039 1221/1316/1040
f 1222/1317/1041 1223/1318/1042 1224/1319/1043
f 1222/1317/1041 1224/1319/1043 1225/1320/1044
f 1211/1306/1030 1190/1285/1009 1226/1321/1045
f 1211/1306/1030 1227/1322/1046 1180/1275/999
f 1228/1323/1047 1229/1324/1044 1230/1325/1048
f 1210/1305/1029 1231/1326/1049 1187/1282/1006
f 1210/1305/1029 1183/1278/1002 1232/1327/1050
f 1233/1328/1037 1234/1329/1051 1235/1330/1038
f 1196/1291/1015 1201/1296/1020 1236/1331/1052
f 1195/1290/1014 1237/1332/1053 1197/1292/1016
f 1197/1292/1016 1238/1333/1054 1198/1293/1017
f 1197/1292/1016 1237/1332/1053 1238/1333/1054
f 1201/1296/1020 1239/1334/1055 1236/1331/1052
f 1201/1296/1020 1202/1297/1021 1239/1334/1055
f 1225/1320/1044 1240/1335/1056 1241/1336/1057
f 1225/1320/1044 1224/1319/1043 1240/1335/1056
f 1219/1314/1038 1242/1337/1058 1243/1338/1059
f 1219/1314/1038 1243/1338/1059 1220/1315/1039
f 1235/1330/1038 1234/1329/1051 1244/1339/1060
f 1235/1330/1038 1244/1339/1060 1245/1340/1061
f 1229/1324/1044 1246/1341/1062 1247/1342/1063
f 1229/1324/1044 1247/1342/1063 1230/1325/1048
f 1246/1341/1062 1248/1343/1064 1249/1344/1065
f 1246/1341/1062 1249/1344/1065 1247/1342/1063
f 1245/1340/1061 1250/1345/1066 1251/1346/1067
f 1245/1340/1061 1244/1339/1060 1250/1345/1066
f 1241/1336/1057 1240/1335/1056 1252/1347/1068
f 1241/1336/1057 1252/1347/1068 1253/1348/1064
f 1242/1337/1058 1254/1349/1067 1255/1350/1069
f 1242/1337/1058 1255/1350/1069 1243/1338/1059
f 1256/1351/1070 1257/1352/1071 1258/1353/1072
f 1256/1351/1070 1259/1354/1073 1257/1352/1071
f 1256/1351/1070 1260/1355/1074 1259/1354/1073
f 1256/1351/1070 1261/1356/1075 1262/1357/1076
f 1256/1351/1070 1258/1353/1072 1261/1356/1075
f 1256/1351/1070 1262/1357/1076 1260/1355/1074
f 1263/1358/1077 1264/1359/1078 1265/1360/1079
f 1263/1358/1077 1265/1360/1079 1266/1361/1080
f 1263/1358/1077 1266/1361/1080 1267/1362/1081
f 1263/1358/1077 1268/1363/1082 1269/1364/1083
f 1263/1358/1077 1269/1364/1083 1264/1359/1078
f 1263/1358/1077 1267/1362/1081 1268/1363/1082
f 1239/1334/1055 1202/1297/1021 1270/1365/1084
f 1239/1334/1055 1270/1365/1084 1236/1331/1052
f 1238/1333/1054 1237/1332/1053 1271/1366/1085
f 1238/1333/1054 1271/1366/1085 1198/1293/1017
f 1272/1367/1086 1253/1348/1064 1252/1347/1068
f 1272/1367/1086 1273/1368/1087 1274/1369/1088
f 1272/1367/1086 1252/1347/1068 1273/1368/1087
f 1275/1370/1089 1276/1371/1090 1277/1372/1091
f 1275/1370/1089 1277/1372/1091 1255/1350/1069
f 1275/1370/1089 1255/1350/1069 1254/1349/1067
f 1278/1373/1089 1251/1346/1067 1279/1374/1092
f 1278/1373/1089 1279/1374/1092 1280/1375/1093
f 1278/1373/1089 1280/1375/1093 1281/1376/1094
f 1282/1377/1086 1283/1378/1095 1284/1379/1096
f 1282/1377/1086 1285/1380/1097 1248/1343/1064
f 1282/1377/1086 1284/1379/1096 1285/1380/1097
f 1208/1303/1027 1209/1304/1028 1286/1381/1098
f 1207/1302/1026 1287/1382/1099 1209/1304/1028
f 1248/1343/1064 1285/1380/1097 1288/1383/1100
f 1248/1343/1064 1288/1383/1100 1249/1344/1065
f 1251/1346/1067 1250/1345/1066 1289/1384/1101
f 1251/1346/1067 1289/1384/1101 1279/1374/1092
f 1200/1295/1019 1290/1385/1102 1202/1297/1021
f 1200/1295/1019 1212/1307/1031 1290/1385/1102
f 1199/1294/1018 1198/1293/1017 1291/1386/1103
f 1199/1294/1018 1291/1386/1103 1215/1310/1034
f 1274/1369/1088 1273/1368/1087 1292/1387/1104
f 1257/1352/1071 1259/1354/1073 1293/1388/1105
f 1264/1359/1078 1294/1389/1106 1265/1360/1079
f 1276/1371/1090 1295/1390/1107 1277/1372/1091
f 1265/1360/1079 1294/1389/1106 1296/1391/1108
f 1265/1360/1079 1297/1392/1109 1266/1361/1080
f 1265/1360/1079 1296/1391/1108 1298/1393/1110
f 1265/1360/1079 1298/1393/1110 1297/1392/1109
f 1259/1354/1073 1260/1355/1074 1299/1394/1111
f 1259/1354/1073 1299/1394/1111 1300/1395/1112
f 1259/1354/1073 1301/1396/1113 1293/1388/1105
f 1259/1354/1073 1300/1395/1112 1301/1396/1113
f 1302/1397/1114 1303/1398/1115 1304/1399/1116
f 1302/1397/1114 1305/1400/1117 1306/1401/1118
f 1302/1397/1114 1304/1399/1116 1305/1400/1117
f 1307/1402/1119 1308/1403/1118 1309/1404/1120
f 1310/1405/1121 1311/1406/1122 1312/1407/1123
f 1313/1408/1121 1314/1409/1123 1315/1410/1124
f 1313/1408/1121 1315/1410/1124 1316/1411/1125
f 1313/1408/1121 1316/1411/1125 1317/1412/1122
f 1209/1304/1028 1287/1382/1099 1318/1413/1126
f 1209/1304/1028 1319/1414/1127 1286/1381/1098
f 1243/1338/1059 1255/1350/1069 1320/1415/1128
f 1243/1338/1059 1320/1415/1128 1220/1315/1039
f 1240/1335/1056 1224/1319/1043 1321/1416/1129
f 1240/1335/1056 1321/1416/1129 1252/1347/1068
f 1273/1368/1087 1252/1347/1068 1322/1417/1130
f 1273/1368/1087 1322/1417/1130 1323/1418/1131
f 1273/1368/1087 1323/1418/1131 1292/1387/1104
f 1277/1372/1091 1295/1390/1107 1324/1419/1132
f 1277/1372/1091 1325/1420/1133 1255/1350/1069
f 1277/1372/1091 1324/1419/1132 1325/1420/1133
f 1198/1293/1017 1271/1366/1085 1326/1421/1134
f 1198/1293/1017 1326/1421/1134 1327/1422/1135
f 1198/1293/1017 1327/1422/1135 1291/1386/1103
f 1202/1297/1021 1328/1423/1136 1270/1365/1084
f 1202/1297/1021 1329/1424/1137 1328/1423/1136
f 1202/1297/1021 1290/1385/1102 1329/1424/1137
f 1287/1382/1099 1330/1425/1138 1318/1413/1126
f 1286/1381/1098 1319/1414/1127 1331/1426/1139
f 1252/1347/1068 1332/1427/1140 1322/1417/1130
f 1252/1347/1068 1321/1416/1129 1332/1427/1140
f 1255/1350/1069 1325/1420/1133 1333/1428/1141
f 1255/1350/1069 1333/1428/1141 1320/1415/1128
f 1311/1406/1122 1334/1429/1142 1312/1407/1123
f 1317/1412/1122 1316/1411/1125 1335/1430/1142
f 1309/1404/1120 1308/1403/1118 1336/1431/1143
f 1303/1398/1115 1337/1432/1144 1304/1399/1116
f 1294/1389/1106 1338/1433/1145 1296/1391/1108
f 1293/1388/1105 1301/1396/1113 1339/1434/1146
f 1308/1403/1118 1340/1435/1147 1336/1431/1143
f 1306/1401/1118 1305/1400/1117 1341/1436/1147
f 1312/1407/1123 1334/1429/1142 1342/1437/1148
f 1314/1409/1123 1343/1438/1149 1315/1410/1124
f 1344/1439/1150 1345/1440/1151 1346/1441/1152
f 1344/1439/1150 1347/1442/1153 1345/1440/1151
f 1344/1439/1150 1348/1443/1154 1349/1444/1155
f 1344/1439/1150 1349/1444/1155 1347/1442/1153
f 1350/1445/1156 1351/1446/1157 1352/1447/1158
f 1350/1445/1156 1352/1447/1158 1353/1448/1159
f 1350/1445/1156 1354/1449/1160 1351/1446/1157
f 1350/1445/1156 1353/1448/1159 1355/1450/1160
f 1345/1440/1151 1347/1442/1153 1356/1451/1161
f 1345/1440/1151 1356/1451/1161 1357/1452/1162
f 1345/1440/1151 1357/1452/1162 1346/1441/1152
f 1260/1355/1074 1358/1453/1163 1359/1454/1164
f 1260/1355/1074 1359/1454/1164 1299/1394/1111
f 1260/1355/1074 1262/1357/1076 1358/1453/1163
f 1266/1361/1080 1297/1392/1109 1360/1455/1165
f 1266/1361/1080 1361/1456/1166 1267/1362/1081
f 1266/1361/1080 1360/1455/1165 1361/1456/1166
f 1351/1446/1157 1362/1457/1167 1352/1447/1158
f 1351/1446/1157 1354/1449/1160 1363/1458/1168
f 1351/1446/1157 1363/1458/1168 1362/1457/1167
f 1347/1442/1153 1364/1459/1169 1356/1451/1161
f 1347/1442/1153 1349/1444/1155 1364/1459/1169
f 1352/1447/1158 1362/1457/1167 1365/1460/1170
f 1352/1447/1158 1365/1460/1170 1353/1448/1159
f 1366/1461/1171 1367/1462/1172 1368/1463/1173
f 1366/1461/1171 1369/1464/1174 1367/1462/1172
f 1366/1461/1171 1370/1465/1175 1371/1466/1176
f 1366/1461/1171 1371/1466/1176 1372/1467/1177
f 1366/1461/1171 1368/1463/1173 1370/1465/1175
f 1366/1461/1171 1372/1467/1177 1373/1468/1178
f 1366/1461/1171 1373/1468/1178 1369/1464/1174
f 1374/1469/1179 1375/1470/1180 1376/1471/1181
f 1374/1469/1179 1376/1471/1181 1377/1472/1182
f 1374/1469/1179 1378/1473/1183 1379/1474/1184
f 1374/1469/1179 1380/1475/1185 1378/1473/1183
f 1374/1469/1179 1379/1474/1184 1375/1470/1180
f 1374/1469/1179 1381/1476/1186 1380/1475/1185
f 1374/1469/1179 1377/1472/1182 1381/1476/1186
f 1367/1462/1172 1369/1464/1174 1382/1477/1187
f 1367/1462/1172 1382/1477/1187 1368/1463/1173
f 1383/1478/1188 1384/1479/1189 1385/1480/1190
f 1383/1478/1188 1385/1480/1190 1386/1481/1191
f 1387/1482/1188 1388/1483/1192 1389/1484/1193
f 1387/1482/1188 1390/1485/1194 1388/1483/1192
f 1375/1470/1180 1391/1486/1195 1376/1471/1181
f 1375/1470/1180 1379/1474/1184 1391/1486/1195
f 1299/1394/1111 1359/1454/1164 1392/1487/1196
f 1299/1394/1111 1393/1488/1197 1300/1395/1112
f 1299/1394/1111 1394/1489/1198 1393/1488/1197
f 1299/1394/1111 1392/1487/1196 1394/1489/1198
f 1297/1392/1109 1298/1393/1110 1395/1490/1199
f 1297/1392/1109 1395/1490/1199 1396/1491/1200
f 1297/1392/1109 1396/1491/1200 1397/1492/1201
f 1297/1392/1109 1397/1492/1201 1360/1455/1165
f 1398/1493/1202 1399/1494/1203 1400/1495/1204
f 1398/1493/1202 1401/1496/1205 1399/1494/1203
f 1402/1497/1202 1403/1498/1204 1404/1499/1206
f 1402/1497/1202 1404/1499/1206 1405/1500/1205
f 1318/1413/1126 1330/1425/1138 1406/1501/1207
f 1319/1414/1127 1407/1502/1208 1331/1426/1139
f 1356/1451/1161 1369/1464/1174 1408/1503/1209
f 1356/1451/1161 1364/1459/1169 1382/1477/1187
f 1356/1451/1161 1382/1477/1187 1369/1464/1174
f 1356/1451/1161 1408/1503/1209 1357/1452/1162
f 1362/1457/1167 1376/1471/1181 1391/1486/1195
f 1362/1457/1167 1391/1486/1195 1365/1460/1170
f 1362/1457/1167 1363/1458/1168 1409/1504/1210
f 1362/1457/1167 1409/1504/1210 1376/1471/1181
f 1410/1505/1211 1378/1473/1183 1411/1506/1212
f 1410/1505/1211 1379/1474/1184 1378/1473/1183
f 1410/1505/1211 1412/1507/1213 1379/1474/1184
f 1413/1508/1214 1370/1465/1175 1368/1463/1173
f 1413/1508/1214 1414/1509/1215 1370/1465/1175
f 1413/1508/1214 1368/1463/1173 1415/1510/1216
f 1358/1453/1163 1262/1357/1076 1416/1511/1217
f 1361/1456/1166 1417/1512/1218 1267/1362/1081
f 1388/1483/1192 1390/1485/1194 1418/1513/1219
f 1388/1483/1192 1418/1513/1219 1419/1514/1220
f 1388/1483/1192 1419/1514/1220 1389/1484/1193
f 1369/1464/1174 1373/1468/1178 1420/1515/1221
f 1369/1464/1174 1420/1515/1221 1408/1503/1209
f 1399/1494/1203 1401/1496/1205 1421/1516/1222
f 1399/1494/1203 1422/1517/1223 1400/1495/1204
f 1399/1494/1203 1421/1516/1222 1422/1517/1223
f 1376/1471/1181 1409/1504/1210 1423/1518/1224
f 1376/1471/1181 1423/1518/1224 1377/1472/1182
f 1389/1484/1193 1419/1514/1220 1424/1519/1225
f 1384/1479/1189 1425/1520/1226 1385/1480/1190
f 1364/1459/1169 1349/1444/1155 1426/1521/1227
f 1364/1459/1169 1426/1521/1227 1382/1477/1187
f 1405/1500/1205 1404/1499/1206 1427/1522/1228
f 1401/1496/1205 1428/1523/1229 1421/1516/1222
f 1365/1460/1170 1391/1486/1195 1429/1524/1230
f 1365/1460/1170 1429/1524/1230 1353/1448/1159
f 1348/1443/1154 1430/1525/1231 1349/1444/1155
f 1378/1473/1183 1380/1475/1185 1431/1526/1232
f 1378/1473/1183 1431/1526/1232 1432/1527/1233
f 1378/1473/1183 1432/1527/1233 1411/1506/1212
f 1370/1465/1175 1414/1509/1215 1433/1528/1234
f 1370/1465/1175 1434/1529/1235 1371/1466/1176
f 1370/1465/1175 1433/1528/1234 1434/1529/1235
f 1355/1450/1160 1353/1448/1159 1435/1530/1168
f 1380/1475/1185 1381/1476/1186 1436/1531/1236
f 1380/1475/1185 1436/1531/1236 1431/1526/1232
f 1386/1481/1191 1385/1480/1190 1437/1532/1237
f 1386/1481/1191 1437/1532/1237 1438/1533/1219
f 1371/1466/1176 1434/1529/1235 1439/1534/1238
f 1371/1466/1176 1439/1534/1238 1372/1467/1177
f 1305/1400/1117 1304/1399/1116 1440/1535/1239
f 1305/1400/1117 1441/1536/1240 1341/1436/1147
f 1305/1400/1117 1440/1535/1239 1441/1536/1240
f 1315/1410/1124 1343/1438/1149 1442/1537/1241
f 1315/1410/1124 1442/1537/1241 1443/1538/1242
f 1315/1410/1124 1443/1538/1242 1316/1411/1125
f 1334/1429/1142 1444/1539/1243 1342/1437/1148
f 1335/1430/1142 1316/1411/1125 1445/1540/1243
f 1382/1477/1187 1426/1521/1227 1446/1541/1244
f 1382/1477/1187 1446/1541/1244 1447/1542/1245
f 1382/1477/1187 1447/1542/1245 1368/1463/1173
f 1403/1498/1204 1448/1543/1246 1449/1544/1247
f 1403/1498/1204 1449/1544/1247 1404/1499/1206
f 1337/1432/1144 1450/1545/1248 1304/1399/1116
f 1336/1431/1143 1340/1435/1147 1451/1546/1248
f 1391/1486/1195 1379/1474/1184 1452/1547/1249
f 1391/1486/1195 1453/1548/1250 1429/1524/1230
f 1391/1486/1195 1452/1547/1249 1453/1548/1250
f 1316/1411/1125 1443/1538/1242 1445/1540/1243
f 1304/1399/1116 1450/1545/1248 1440/1535/1239
f 1187/1282/1006 1231/1326/1049 1454/1549/1251
f 1187/1282/1006 1454/1549/1251 1455/1550/1252
f 1187/1282/1006 1455/1550/1252 1217/1312/1036
f 1190/1285/1009 1214/1309/1033 1456/1551/1253
f 1190/1285/1009 1457/1552/1254 1226/1321/1045
f 1190/1285/1009 1456/1551/1253 1457/1552/1254
f 1285/1380/1097 1284/1379/1096 1458/1553/1255
f 1285/1380/1097 1459/1554/1256 1288/1383/1100
f 1285/1380/1097 1458/1553/1255 1459/1554/1256
f 1279/1374/1092 1289/1384/1101 1460/1555/1257
f 1279/1374/1092 1460/1555/1257 1461/1556/1258
f 1279/1374/1092 1461/1556/1258 1280/1375/1093
f 1250/1345/1066 1244/1339/1060 1462/1557/1259
f 1250/1345/1066 1463/1558/1260 1289/1384/1101
f 1250/1345/1066 1462/1557/1259 1463/1558/1260
f 1249/1344/1065 1288/1383/1100 1464/1559/1261
f 1249/1344/1065 1464/1559/1261 1465/1560/1262
f 1249/1344/1065 1465/1560/1262 1247/1342/1063
f 1385/1480/1190 1425/1520/1226 1437/1532/1237
f 1268/1363/1082 1267/1362/1081 1466/1561/1263
f 1268/1363/1082 1466/1561/1263 1467/1562/1264
f 1268/1363/1082 1468/1563/1265 1269/1364/1083
f 1268/1363/1082 1467/1562/1264 1468/1563/1265
f 1261/1356/1075 1258/1353/1072 1469/1564/1266
f 1261/1356/1075 1470/1565/1267 1262/1357/1076
f 1261/1356/1075 1469/1564/1266 1471/1566/1268
f 1261/1356/1075 1471/1566/1268 1470/1565/1267
f 1404/1499/1206 1449/1544/1247 1427/1522/1228
f 1234/1329/1051 1462/1557/1259 1244/1339/1060
f 1234/1329/1051 1472/1567/1269 1462/1557/1259
f 1230/1325/1048 1247/1342/1063 1465/1560/1262
f 1230/1325/1048 1465/1560/1262 1473/1568/1270
f 1288/1383/1100 1459/1554/1256 1474/1569/1271
f 1288/1383/1100 1474/1569/1271 1464/1559/1261
f 1289/1384/1101 1475/1570/1272 1460/1555/1257
f 1289/1384/1101 1463/1558/1260 1475/1570/1272
f 1341/1436/1147 1441/1536/1240 1476/1571/1236
f 1340/1435/1147 1381/1476/1186 1451/1546/1248
f 1340/1435/1147 1436/1531/1236 1381/1476/1186
f 1343/1438/1149 1477/1572/1238 1442/1537/1241
f 1342/1437/1148 1372/1467/1177 1439/1534/1238
f 1342/1437/1148 1444/1539/1243 1372/1467/1177
f 1430/1525/1231 1478/1573/1209 1426/1521/1227
f 1430/1525/1231 1426/1521/1227 1349/1444/1155
f 1418/1513/1219 1479/1574/1273 1419/1514/1220
f 1418/1513/1219 1480/1575/1274 1479/1574/1273
f 1438/1533/1219 1437/1532/1237 1481/1576/1274
f 1267/1362/1081 1417/1512/1218 1466/1561/1263
f 1262/1357/1076 1470/1565/1267 1416/1511/1217
f 1419/1514/1220 1479/1574/1273 1482/1577/1275
f 1419/1514/1220 1482/1577/1275 1424/1519/1225
f 1435/1530/1168 1353/1448/1159 1429/1524/1230
f 1435/1530/1168 1429/1524/1230 1483/1578/1276
f 1448/1543/1246 1484/1579/1277 1449/1544/1247
f 1422/1517/1223 1421/1516/1222 1485/1580/1278
f 1422/1517/1223 1485/1580/1278 1486/1581/1277
f 1421/1516/1222 1428/1523/1229 1487/1582/1279
f 1421/1516/1222 1487/1582/1279 1485/1580/1278
f 1478/1573/1209 1488/1583/1280 1426/1521/1227
f 1483/1578/1276 1429/1524/1230 1489/1584/1281
f 1368/1463/1173 1447/1542/1245 1490/1585/1282
f 1368/1463/1173 1490/1585/1282 1415/1510/1216
f 1379/1474/1184 1412/1507/1213 1491/1586/1283
f 1379/1474/1184 1491/1586/1283 1452/1547/1249
f 1381/1476/1186 1377/1472/1182 1492/1587/1284
f 1381/1476/1186 1492/1587/1284 1451/1546/1248
f 1372/1467/1177 1444/1539/1243 1493/1588/1285
f 1372/1467/1177 1493/1588/1285 1373/1468/1178
f 1426/1521/1227 1488/1583/1280 1446/1541/1244
f 1416/1511/1217 1470/1565/1267 1494/1589/1286
f 1417/1512/1218 1495/1590/1287 1466/1561/1263
f 1429/1524/1230 1453/1548/1250 1489/1584/1281
f 1425/1520/1226 1496/1591/1275 1497/1592/1288
f 1425/1520/1226 1497/1592/1288 1437/1532/1237
f 1427/1522/1228 1449/1544/1247 1498/1593/1289
f 1427/1522/1228 1498/1593/1289 1499/1594/1279
f 1183/1278/1002 1184/1279/1003 1500/1595/1290
f 1183/1278/1002 1501/1596/1291 1232/1327/1050
f 1183/1278/1002 1502/1597/1292 1501/1596/1291
f 1183/1278/1002 1500/1595/1290 1502/1597/1292
f 1180/1275/999 1227/1322/1046 1503/1598/1293
f 1180/1275/999 1503/1598/1293 1504/1599/1294
f 1180/1275/999 1504/1599/1294 1505/1600/1295
f 1180/1275/999 1505/1600/1295 1181/1276/1000
f 1373/1468/1178 1506/1601/1296 1507/1602/1297
f 1373/1468/1178 1493/1588/1285 1506/1601/1296
f 1373/1468/1178 1507/1602/1297 1420/1515/1221
f 1377/1472/1182 1423/1518/1224 1508/1603/1298
f 1377/1472/1182 1509/1604/1299 1492/1587/1284
f 1377/1472/1182 1508/1603/1298 1509/1604/1299
f 1221/1316/1040 1220/1315/1039 1510/1605/1300
f 1221/1316/1040 1510/1605/1300 1511/1606/1301
f 1223/1318/1042 1512/1607/1302 1224/1319/1043
f 1223/1318/1042 1513/1608/1303 1512/1607/1302
f 1445/1540/1243 1443/1538/1242 1514/1609/1304
f 1450/1545/1248 1515/1610/1305 1440/1535/1239
f 1437/1532/1237 1497/1592/1288 1481/1576/1274
f 1441/1536/1240 1440/1535/1239 1516/1611/1306
f 1441/1536/1240 1517/1612/1307 1476/1571/1236
f 1441/1536/1240 1516/1611/1306 1517/1612/1307
f 1442/1537/1241 1477/1572/1238 1518/1613/1308
f 1442/1537/1241 1518/1613/1308 1519/1614/1309
f 1442/1537/1241 1519/1614/1309 1443/1538/1242
f 1449/1544/1247 1484/1579/1277 1498/1593/1289
f 1182/1277/1001 1181/1276/1000 1505/1600/1295
f 1182/1277/1001 1505/1600/1295 1520/1615/1310
f 1182/1277/1001 1500/1595/1290 1184/1279/1003
f 1182/1277/1001 1520/1615/1310 1500/1595/1290
f 1521/1616/1232 1476/1571/1236 1522/1617/1311
f 1521/1616/1232 1522/1617/1311 1523/1618/1312
f 1521/1616/1232 1523/1618/1312 1524/1619/1233
f 1525/1620/1235 1526/1621/1313 1527/1622/1314
f 1525/1620/1235 1528/1623/1315 1477/1572/1238
f 1525/1620/1235 1527/1622/1314 1528/1623/1315
f 1479/1574/1273 1480/1575/1274 1506/1601/1296
f 1479/1574/1273 1506/1601/1296 1493/1588/1285
f 1479/1574/1273 1493/1588/1285 1482/1577/1275
f 1485/1580/1278 1487/1582/1279 1492/1587/1284
f 1485/1580/1278 1509/1604/1299 1486/1581/1277
f 1485/1580/1278 1492/1587/1284 1509/1604/1299
f 1325/1420/1133 1324/1419/1132 1529/1624/1316
f 1325/1420/1133 1530/1625/1317 1333/1428/1141
f 1325/1420/1133 1529/1624/1316 1530/1625/1317
f 1322/1417/1130 1332/1427/1140 1531/1626/1318
f 1322/1417/1130 1531/1626/1318 1532/1627/1319
f 1322/1417/1130 1532/1627/1319 1323/1418/1131
f 1420/1515/1221 1507/1602/1297 1533/1628/1244
f 1534/1629/1113 1535/1630/1320 1536/1631/1321
f 1534/1629/1113 1536/1631/1321 1537/1632/1322
f 1534/1629/1113 1537/1632/1322 1538/1633/1146
f 1539/1634/1108 1540/1635/1145 1541/1636/1323
f 1539/1634/1108 1542/1637/1324 1543/1638/1325
f 1539/1634/1108 1541/1636/1323 1542/1637/1324
f 1423/1518/1224 1544/1639/1250 1508/1603/1298
f 1324/1419/1132 1545/1640/1326 1529/1624/1316
f 1323/1418/1131 1532/1627/1319 1546/1641/1327
f 1538/1633/1146 1537/1632/1322 1547/1642/1328
f 1540/1635/1145 1548/1643/1329 1541/1636/1323
f 1549/1644/1330 1550/1645/1331 1551/1646/1332
f 1552/1647/1333 1553/1648/1334 1554/1649/1335
f 1551/1646/1332 1555/1650/1336 1556/1651/1201
f 1551/1646/1332 1557/1652/1337 1555/1650/1336
f 1551/1646/1332 1550/1645/1331 1557/1652/1337
f 1553/1648/1334 1558/1653/1196 1559/1654/1338
f 1553/1648/1334 1559/1654/1338 1560/1655/1339
f 1553/1648/1334 1560/1655/1339 1554/1649/1335
f 1220/1315/1039 1320/1415/1128 1561/1656/1340
f 1220/1315/1039 1561/1656/1340 1510/1605/1300
f 1224/1319/1043 1562/1657/1341 1321/1416/1129
f 1224/1319/1043 1512/1607/1302 1562/1657/1341
f 1333/1428/1141 1530/1625/1317 1320/1415/1128
f 1332/1427/1140 1321/1416/1129 1531/1626/1318
f 1482/1577/1275 1493/1588/1285 1563/1658/1342
f 1496/1591/1275 1564/1659/1343 1497/1592/1288
f 1320/1415/1128 1530/1625/1317 1561/1656/1340
f 1321/1416/1129 1562/1657/1341 1531/1626/1318
f 1487/1582/1279 1565/1660/1344 1492/1587/1284
f 1499/1594/1279 1498/1593/1289 1566/1661/1344
f 1480/1575/1274 1507/1602/1297 1506/1601/1296
f 1481/1576/1274 1497/1592/1288 1567/1662/1297
f 1484/1579/1277 1568/1663/1345 1498/1593/1289
f 1486/1581/1277 1509/1604/1299 1508/1603/1298
f 1446/1541/1244 1567/1662/1297 1569/1664/1346
f 1446/1541/1244 1569/1664/1346 1447/1542/1245
f 1476/1571/1236 1517/1612/1307 1522/1617/1311
f 1477/1572/1238 1528/1623/1315 1518/1613/1308
f 1453/1548/1250 1452/1547/1249 1570/1665/1347
f 1453/1548/1250 1570/1665/1347 1568/1663/1345
f 1514/1609/1304 1443/1538/1242 1564/1659/1343
f 1515/1610/1305 1566/1661/1344 1440/1535/1239
f 1443/1538/1242 1519/1614/1309 1564/1659/1343
f 1440/1535/1239 1566/1661/1344 1516/1611/1306
f 1407/1502/1208 1571/1666/1348 1572/1667/1349
f 1407/1502/1208 1572/1667/1349 1331/1426/1139
f 1406/1501/1207 1330/1425/1138 1573/1668/1350
f 1406/1501/1207 1573/1668/1350 1571/1666/1348
f 1328/1423/1136 1329/1424/1137 1574/1669/1351
f 1326/1421/1134 1575/1670/1352 1327/1422/1135
f 1327/1422/1135 1575/1670/1352 1576/1671/1353
f 1327/1422/1135 1576/1671/1353 1577/1672/1354
f 1327/1422/1135 1577/1672/1354 1578/1673/1355
f 1327/1422/1135 1578/1673/1355 1291/1386/1103
f 1329/1424/1137 1290/1385/1102 1579/1674/1356
f 1329/1424/1137 1580/1675/1357 1574/1669/1351
f 1329/1424/1137 1581/1676/1358 1580/1675/1357
f 1329/1424/1137 1579/1674/1356 1581/1676/1358
f 1460/1555/1257 1475/1570/1272 1582/1677/1359
f 1460/1555/1257 1583/1678/1360 1461/1556/1258
f 1460/1555/1257 1582/1677/1359 1583/1678/1360
f 1459/1554/1256 1458/1553/1255 1584/1679/1361
f 1459/1554/1256 1584/1679/1361 1585/1680/1362
f 1459/1554/1256 1585/1680/1362 1474/1569/1271
f 1517/1612/1307 1516/1611/1306 1522/1617/1311
f 1290/1385/1102 1212/1307/1031 1579/1674/1356
f 1291/1386/1103 1578/1673/1355 1215/1310/1034
f 1518/1613/1308 1528/1623/1315 1519/1614/1309
f 1567/1662/1297 1497/1592/1288 1569/1664/1346
f 1447/1542/1245 1519/1614/1309 1586/1681/1363
f 1447/1542/1245 1569/1664/1346 1519/1614/1309
f 1447/1542/1245 1586/1681/1363 1490/1585/1282
f 1495/1590/1287 1587/1682/1364 1588/1683/1365
f 1495/1590/1287 1588/1683/1365 1466/1561/1263
f 1491/1586/1283 1589/1684/1366 1452/1547/1249
f 1491/1586/1283 1590/1685/1367 1589/1684/1366
f 1490/1585/1282 1586/1681/1363 1591/1686/1368
f 1494/1589/1286 1470/1565/1267 1592/1687/1369
f 1494/1589/1286 1592/1687/1369 1593/1688/1370
f 1568/1663/1345 1570/1665/1347 1498/1593/1289
f 1452/1547/1249 1516/1611/1306 1570/1665/1347
f 1452/1547/1249 1589/1684/1366 1516/1611/1306
f 1571/1666/1348 1573/1668/1350 1594/1689/1371
f 1571/1666/1348 1595/1690/1372 1596/1691/1373
f 1571/1666/1348 1596/1691/1373 1572/1667/1349
f 1571/1666/1348 1594/1689/1371 1595/1690/1372
f 1497/1592/1288 1564/1659/1343 1569/1664/1346
f 1498/1593/1289 1570/1665/1347 1566/1661/1344
f 1475/1570/1272 1463/1558/1260 1597/1692/1374
f 1475/1570/1272 1597/1692/1374 1582/1677/1359
f 1474/1569/1271 1598/1693/1375 1464/1559/1261
f 1474/1569/1271 1585/1680/1362 1598/1693/1375
f 1470/1565/1267 1471/1566/1268 1599/1694/1376
f 1470/1565/1267 1599/1694/1376 1592/1687/1369
f 1466/1561/1263 1600/1695/1377 1467/1562/1264
f 1466/1561/1263 1588/1683/1365 1600/1695/1377
f 1469/1564/1266 1601/1696/1378 1471/1566/1268
f 1469/1564/1266 1602/1697/1379 1601/1696/1378
f 1468/1563/1265 1467/1562/1264 1603/1698/1380
f 1468/1563/1265 1603/1698/1380 1604/1699/1381
f 1522/1617/1311 1516/1611/1306 1589/1684/1366
f 1522/1617/1311 1589/1684/1366 1590/1685/1367
f 1522/1617/1311 1590/1685/1367 1523/1618/1312
f 1528/1623/1315 1527/1622/1314 1591/1686/1368
f 1528/1623/1315 1586/1681/1363 1519/1614/1309
f 1528/1623/1315 1591/1686/1368 1586/1681/1363
f 1564/1659/1343 1519/1614/1309 1569/1664/1346
f 1566/1661/1344 1570/1665/1347 1516/1611/1306
f 1471/1566/1268 1601/1696/1378 1599/1694/1376
f 1467/1562/1264 1600/1695/1377 1603/1698/1380
f 1559/1654/1338 1593/1688/1370 1560/1655/1339
f 1555/1650/1336 1557/1652/1337 1587/1682/1364
f 1574/1669/1351 1580/1675/1357 1605/1700/1382
f 1575/1670/1352 1606/1701/1383 1576/1671/1353
f 1580/1675/1357 1581/1676/1358 1605/1700/1382
f 1576/1671/1353 1606/1701/1383 1577/1672/1354
f 1557/1652/1337 1550/1645/1331 1588/1683/1365
f 1557/1652/1337 1588/1683/1365 1587/1682/1364
f 1560/1655/1339 1593/1688/1370 1592/1687/1369
f 1560/1655/1339 1592/1687/1369 1554/1649/1335
f 1550/1645/1331 1607/1702/1384 1608/1703/1385
f 1550/1645/1331 1608/1703/1385 1588/1683/1365
f 1554/1649/1335 1592/1687/1369 1609/1704/1386
f 1554/1649/1335 1609/1704/1386 1610/1705/1387
f 1215/1310/1034 1611/1706/1388 1216/1311/1035
f 1215/1310/1034 1578/1673/1355 1611/1706/1388
f 1212/1307/1031 1213/1308/1032 1612/1707/1389
f 1212/1307/1031 1612/1707/1389 1579/1674/1356
f 1464/1559/1261 1598/1693/1375 1613/1708/1390
f 1464/1559/1261 1613/1708/1390 1465/1560/1262
f 1463/1558/1260 1462/1557/1259 1614/1709/1391
f 1463/1558/1260 1614/1709/1391 1597/1692/1374
f 1213/1308/1032 1615/1710/1392 1612/1707/1389
f 1214/1309/1033 1616/1711/1393 1456/1551/1253
f 1217/1312/1036 1455/1550/1252 1617/1712/1394
f 1216/1311/1035 1611/1706/1388 1618/1713/1395
f 1610/1705/1387 1609/1704/1386 1619/1714/1396
f 1610/1705/1387 1619/1714/1396 1537/1632/1322
f 1607/1702/1384 1541/1636/1323 1620/1715/1397
f 1607/1702/1384 1620/1715/1397 1608/1703/1385
f 1600/1695/1377 1588/1683/1365 1621/1716/1398
f 1599/1694/1376 1622/1717/1399 1592/1687/1369
f 1548/1643/1329 1623/1718/1400 1620/1715/1397
f 1548/1643/1329 1620/1715/1397 1541/1636/1323
f 1546/1641/1327 1532/1627/1319 1585/1680/1362
f 1546/1641/1327 1585/1680/1362 1584/1679/1361
f 1547/1642/1328 1537/1632/1322 1619/1714/1396
f 1547/1642/1328 1619/1714/1396 1624/1719/1401
f 1545/1640/1326 1583/1678/1360 1582/1677/1359
f 1545/1640/1326 1582/1677/1359 1529/1624/1316
f 1592/1687/1369 1622/1717/1399 1609/1704/1386
f 1588/1683/1365 1608/1703/1385 1621/1716/1398
f 1612/1707/1389 1615/1710/1392 1579/1674/1356
f 1611/1706/1388 1578/1673/1355 1618/1713/1395
f 1581/1676/1358 1579/1674/1356 1625/1720/1402
f 1581/1676/1358 1625/1720/1402 1605/1700/1382
f 1577/1672/1354 1606/1701/1383 1626/1721/1403
f 1577/1672/1354 1626/1721/1403 1578/1673/1355
f 1578/1673/1355 1626/1721/1403 1618/1713/1395
f 1579/1674/1356 1615/1710/1392 1625/1720/1402
f 1617/1712/1394 1627/1722/1404 1628/1723/1405
f 1617/1712/1394 1455/1550/1252 1629/1724/1406
f 1617/1712/1394 1629/1724/1406 1627/1722/1404
f 1616/1711/1393 1630/1725/1407 1631/1726/1408
f 1616/1711/1393 1631/1726/1408 1632/1727/1409
f 1616/1711/1393 1632/1727/1409 1456/1551/1253
f 1531/1626/1318 1562/1657/1341 1613/1708/1390
f 1531/1626/1318 1598/1693/1375 1532/1627/1319
f 1531/1626/1318 1613/1708/1390 1598/1693/1375
f 1530/1625/1317 1529/1624/1316 1597/1692/1374
f 1530/1625/1317 1597/1692/1374 1614/1709/1391
f 1530/1625/1317 1614/1709/1391 1561/1656/1340
f 1595/1690/1372 1594/1689/1371 1633/1728/1410
f 1595/1690/1372 1633/1728/1410 1596/1691/1373
f 1596/1691/1373 1633/1728/1410 1631/1726/1408
f 1596/1691/1373 1631/1726/1408 1630/1725/1407
f 1594/1689/1371 1628/1723/1405 1627/1722/1404
f 1594/1689/1371 1627/1722/1404 1633/1728/1410
f 1462/1557/1259 1472/1567/1269 1634/1729/1411
f 1462/1557/1259 1634/1729/1411 1614/1709/1391
f 1465/1560/1262 1613/1708/1390 1635/1730/1412
f 1465/1560/1262 1635/1730/1412 1473/1568/1270
f 1532/1627/1319 1598/1693/1375 1585/1680/1362
f 1529/1624/1316 1582/1677/1359 1597/1692/1374
f 1562/1657/1341 1512/1607/1302 1635/1730/1412
f 1562/1657/1341 1635/1730/1412 1613/1708/1390
f 1561/1656/1340 1614/1709/1391 1634/1729/1411
f 1561/1656/1340 1634/1729/1411 1510/1605/1300
f 1512/1607/1302 1513/1608/1303 1636/1731/1413
f 1512/1607/1302 1636/1731/1413 1635/1730/1412
f 1510/1605/1300 1634/1729/1411 1637/1732/1414
f 1510/1605/1300 1637/1732/1414 1511/1606/1301
f 1457/1552/1254 1456/1551/1253 1638/1733/1415
f 1457/1552/1254 1638/1733/1415 1639/1734/1416
f 1472/1567/1269 1637/1732/1414 1634/1729/1411
f 1454/1549/1251 1640/1735/1417 1641/1736/1418
f 1454/1549/1251 1641/1736/1418 1455/1550/1252
f 1473/1568/1270 1635/1730/1412 1636/1731/1413
f 1503/1598/1293 1639/1734/1416 1504/1599/1294
f 1501/1596/1291 1502/1597/1292 1640/1735/1417
f 1456/1551/1253 1632/1727/1409 1638/1733/1415
f 1455/1550/1252 1641/1736/1418 1629/1724/1406
f 1632/1727/1409 1642/1737/1419 1638/1733/1415
f 1629/1724/1406 1641/1736/1418 1643/1738/1420
f 1504/1599/1294 1639/1734/1416 1638/1733/1415
f 1504/1599/1294 1644/1739/1421 1645/1740/1422
f 1504/1599/1294 1638/1733/1415 1644/1739/1421
f 1504/1599/1294 1645/1740/1422 1505/1600/1295
f 1502/1597/1292 1500/1595/1290 1646/1741/1423
f 1502/1597/1292 1647/1742/1424 1641/1736/1418
f 1502/1597/1292 1641/1736/1418 1640/1735/1417
f 1502/1597/1292 1646/1741/1423 1647/1742/1424
f 1505/1600/1295 1645/1740/1422 1520/1615/1310
f 1500/1595/1290 1520/1615/1310 1646/1741/1423
f 1520/1615/1310 1645/1740/1422 1648/1743/1425
f 1520/1615/1310 1648/1743/1425 1646/1741/1423
f 1647/1742/1424 1643/1738/1420 1641/1736/1418
f 1644/1739/1421 1638/1733/1415 1642/1737/1419
f 1649/1744/1426 1650/1745/1427 1651/1746/1428
f 1649/1744/1426 1652/1747/1429 1653/1748/1430
f 1649/1744/1426 1651/1746/1428 1654/1749/1431
f 1649/1744/1426 1653/1748/1430 1650/1745/1427
f 1650/1745/1427 1653/1748/1430 1655/1750/1432
f 1650/1745/1427 1655/1750/1432 1651/1746/1428
f 1652/1747/1429 1656/1751/1433 1653/1748/1430
f 1652/1747/1429 1657/1752/1434 1656/1751/1433
f 1654/1749/1431 1651/1746/1428 1658/1753/1435
f 1654/1749/1431 1658/1753/1435 1659/1754/1436
f 1651/1746/1428 1655/1750/1432 1658/1753/1435
f 1653/1748/1430 1656/1751/1433 1655/1750/1432
f 1660/1755/274 1661/1756/276 1662/1757/282
f 1663/1758/279 1662/1757/1437 1664/1759/280
f 1665/1760/275 1664/1759/280 1661/1756/1438
f 1662/1757/282 1666/1761/283 1667/1762/289
f 1668/1763/1439 1669/1764/1440 1670/1765/1441
f 1668/1763/1439 1670/1765/1441 1671/1766/1442
f 1672/1767/1443 1673/1768/1444 1674/1769/1445
f 1672/1767/1443 1674/1769/1445 1675/1770/1446
f 1675/1770/1446 1676/1771/1447 1677/1772/1448
f 1675/1770/1446 1674/1769/1445 1676/1771/1447
f 1669/1764/1440 1678/1773/1449 1679/1774/1450
f 1669/1764/1440 1679/1774/1450 1670/1765/1441
f 1677/1772/1448 1676/1771/1447 1680/1775/1451
f 1678/1773/1449 1681/1776/1452 1679/1774/1450
f 1682/1777/1453 1683/1778/1454 1684/1779/1455
f 1685/1780/1456 1686/1781/1457 1687/1782/1458
f 1661/1756/276 1688/1783/286 1666/1761/1459
f 1664/1759/280 1689/1784/1460 1690/1785/288
f 1684/1779/1455 1683/1778/1454 1691/1786/1461
f 1686/1781/1457 1692/1787/1462 1687/1782/1458
f 1693/1788/1463 1694/1789/1464 1695/1790/1465
f 1696/1791/1466 1697/1792/1467 1698/1793/1467
f 1695/1790/1465 1694/1789/1464 1699/1794/1468
f 1700/1795/1469 1701/1796/1470 1702/1797/1471
f 1697/1792/1467 1703/1798/1472 1698/1793/1467
f 1704/1799/1473 1705/1800/1474 1706/1801/1475
f 1707/1802/1476 1708/1803/1477 1709/1804/1478
f 1707/1802/1476 1709/1804/1478 1710/1805/1479
f 1711/1806/1480 1712/1807/1481 1713/1808/1482
f 1711/1806/1480 1714/1809/1483 1712/1807/1481
f 1656/1751/1433 1657/1752/1434 1655/1750/1432
f 1658/1753/1435 1655/1750/1432 1659/1754/1436
f 1657/1752/1434 1715/1810/1484 1655/1750/1432
f 1659/1754/1436 1655/1750/1432 1715/1810/1484
f 1701/1796/1470 1716/1811/1485 1702/1797/1471
f 1706/1801/1475 1705/1800/1474 1717/1812/1486
f 1718/1813/1487 1719/1814/1488 1720/1815/1489
f 1721/1816/1490 1722/1817/1491 1723/1818/1492
f 1719/1814/1488 1724/1819/1493 1720/1815/1489
f 1723/1818/1492 1722/1817/1491 1725/1820/1494
f 1722/1817/1491 1726/1821/1495 1725/1820/1494
f 1720/1815/1489 1724/1819/1493 1727/1822/1496
f 1724/1819/1493 1728/1823/1497 1727/1822/1496
f 1725/1820/1494 1726/1821/1495 1729/1824/1498
f 1726/1821/1495 1730/1825/1499 1729/1824/1498
f 1727/1822/1496 1728/1823/1497 1731/1826/1500
f 1732/1827/1501 1733/1828/1502 1734/1829/1503
f 1732/1827/1501 1735/1830/1504 1736/1831/1505
f 1732/1827/1501 1734/1829/1503 1735/1830/1504
f 1737/1832/1506 1738/1833/1507 1739/1834/1508
f 1737/1832/1506 1739/1834/1508 1740/1835/1509
f 1737/1832/1506 1740/1835/1509 1741/1836/1510
f 1742/1837/1511 1743/1838/1512 1733/1828/1502
f 1742/1837/1511 1744/1839/1513 1745/1840/1514
f 1742/1837/1511 1745/1840/1514 1743/1838/1512
f 1746/1841/1515 1741/1836/1510 1747/1842/1516
f 1746/1841/1515 1747/1842/1516 1748/1843/1517
f 1746/1841/1515 1748/1843/1517 1749/1844/1518
f 1741/1836/1510 1740/1835/1509 1747/1842/1516
f 1733/1828/1502 1743/1838/1512 1734/1829/1503
f 1738/1833/1507 1750/1845/1519 1739/1834/1508
f 1738/1833/1507 1751/1846/1520 1752/1847/1521
f 1738/1833/1507 1752/1847/1521 1750/1845/1519
f 1736/1831/1505 1735/1830/1504 1753/1848/1522
f 1736/1831/1505 1753/1848/1522 1754/1849/1523
f 1736/1831/1505 1754/1849/1523 1755/1850/1524
f 1756/1851/1525 1757/1852/1526 1758/1853/1527
f 1759/1854/1528 1760/1855/1529 1761/1856/1530
f 1762/1857/1531 1763/1858/1532 1764/1859/1533
f 1765/1860/1534 1766/1861/1535 1767/1862/1536
f 1735/1830/1504 1734/1829/1503 1768/1863/1537
f 1735/1830/1504 1768/1863/1537 1753/1848/1522
f 1739/1834/1508 1750/1845/1519 1769/1864/1538
f 1739/1834/1508 1769/1864/1538 1740/1835/1509
f 1743/1838/1512 1745/1840/1514 1734/1829/1503
f 1747/1842/1516 1740/1835/1509 1748/1843/1517
f 1667/1762/289 1770/1865/291 1771/1866/1539
f 1767/1862/1536 1766/1861/1535 1772/1867/1540
f 1763/1858/1532 1773/1868/1541 1764/1859/1533
f 1774/1869/1542 1775/1870/1543 1757/1852/1526
f 1749/1844/1518 1748/1843/1517 1776/1871/1544
f 1749/1844/1518 1776/1871/1544 1777/1872/1545
f 1744/1839/1513 1778/1873/1546 1779/1874/1547
f 1744/1839/1513 1779/1874/1547 1745/1840/1514
f 1780/1875/1548 1761/1856/1530 1781/1876/1549
f 1734/1829/1503 1745/1840/1514 1768/1863/1537
f 1740/1835/1509 1769/1864/1538 1748/1843/1517
f 1782/1877/1550 1783/1878/1551 1784/1879/1552
f 1782/1877/1550 1785/1880/1553 1786/1881/1554
f 1782/1877/1550 1786/1881/1554 1783/1878/1551
f 1782/1877/1550 1784/1879/1552 1787/1882/1555
f 1750/1845/1519 1752/1847/1521 1769/1864/1538
f 1753/1848/1522 1768/1863/1537 1754/1849/1523
f 1666/1761/1459 1788/1883/1556 1770/1865/291
f 1758/1853/1527 1757/1852/1526 1775/1870/1543
f 1760/1855/1529 1781/1876/1549 1761/1856/1530
f 1789/1884/1557 1790/1885/1557 1791/1886/1557
f 1792/1887/1558 1793/1888/1558 1794/1889/1558
f 1690/1785/288 1795/1890/287 1796/1891/1559
f 1783/1878/1551 1786/1881/1554 1797/1892/1560
f 1783/1878/1551 1798/1893/1561 1799/1894/1562
f 1783/1878/1551 1799/1894/1562 1784/1879/1552
f 1783/1878/1551 1797/1892/1560 1798/1893/1561
f 1785/1880/1553 1800/1895/1563 1801/1896/1564
f 1785/1880/1553 1801/1896/1564 1786/1881/1554
f 1787/1882/1555 1784/1879/1552 1802/1897/1565
f 1787/1882/1555 1802/1897/1565 1803/1898/1566
f 1745/1840/1514 1779/1874/1547 1768/1863/1537
f 1748/1843/1517 1769/1864/1538 1776/1871/1544
f 1794/1889/1558 1793/1888/1558 1804/1899/1558
f 1790/1885/1557 1805/1900/1557 1791/1886/1557
f 1769/1864/1538 1752/1847/1521 1776/1871/1544
f 1768/1863/1537 1779/1874/1547 1754/1849/1523
f 1786/1881/1554 1801/1896/1564 1806/1901/1567
f 1786/1881/1554 1806/1901/1567 1797/1892/1560
f 1784/1879/1552 1799/1894/1562 1807/1902/1568
f 1784/1879/1552 1807/1902/1568 1802/1897/1565
f 1803/1898/1566 1802/1897/1565 1808/1903/1569
f 1803/1898/1566 1808/1903/1569 1809/1904/1570
f 1800/1895/1563 1810/1905/1571 1811/1906/1572
f 1800/1895/1563 1811/1906/1572 1801/1896/1564
f 1812/1907/1573 1813/1908/1574 1814/1909/1575
f 1812/1907/1573 1815/1910/1576 1816/1911/1577
f 1812/1907/1573 1816/1911/1577 1817/1912/1578
f 1812/1907/1573 1814/1909/1575 1815/1910/1576
f 1818/1913/1579 1798/1893/1561 1819/1914/1580
f 1818/1913/1579 1820/1915/1581 1798/1893/1561
f 1821/1916/1582 1822/1917/1583 1823/1918/1584
f 1821/1916/1582 1823/1918/1584 1824/1919/1585
f 1821/1916/1582 1824/1919/1585 1825/1920/1585
f 1826/1921/1586 1827/1922/1587 1828/1923/1588
f 1826/1921/1586 1828/1923/1588 1829/1924/1589
f 1826/1921/1586 1829/1924/1589 1830/1925/1590
f 1831/1926/1591 1832/1927/1592 1833/1928/1593
f 1831/1926/1591 1834/1929/1594 1835/1930/1595
f 1831/1926/1591 1833/1928/1593 1834/1929/1594
f 1836/1931/1596 1837/1932/1597 1838/1933/1598
f 1836/1931/1596 1839/1934/1599 1840/1935/1599
f 1836/1931/1596 1840/1935/1599 1837/1932/1597
f 1802/1897/1565 1807/1902/1568 1808/1903/1569
f 1801/1896/1564 1811/1906/1572 1806/1901/1567
f 1841/1936/1600 1842/1937/1600 1843/1938/1600
f 1838/1933/1598 1837/1932/1597 1844/1939/1601
f 1822/1917/1583 1845/1940/1602 1823/1918/1584
f 1846/1941/1603 1847/1942/1603 1848/1943/1603
f 1798/1893/1561 1820/1915/1581 1799/1894/1562
f 1798/1893/1561 1797/1892/1560 1819/1914/1580
f 1849/1944/1604 1850/1945/1605 1829/1924/1589
f 1849/1944/1604 1828/1923/1588 1851/1946/1606
f 1849/1944/1604 1829/1924/1589 1828/1923/1588
f 1852/1947/1607 1853/1948/1608 1834/1929/1594
f 1852/1947/1607 1834/1929/1594 1833/1928/1593
f 1852/1947/1607 1833/1928/1593 1854/1949/1609
f 1832/1927/1592 1855/1950/1610 1833/1928/1593
f 1856/1951/1611 1857/1952/1611 1858/1953/1611
f 1830/1925/1590 1829/1924/1589 1859/1954/1612
f 1860/1955/1613 1861/1956/1613 1862/1957/1613
f 1854/1949/1609 1833/1928/1593 1855/1950/1610
f 1850/1945/1605 1859/1954/1612 1829/1924/1589
f 1817/1912/1578 1816/1911/1577 1863/1958/1614
f 1817/1912/1578 1863/1958/1614 1864/1959/1615
f 1819/1914/1580 1797/1892/1560 1865/1960/1616
f 1813/1908/1574 1866/1961/1617 1867/1962/1618
f 1813/1908/1574 1867/1962/1618 1814/1909/1575
f 1820/1915/1581 1868/1963/1619 1799/1894/1562
f 1799/1894/1562 1868/1963/1619 1807/1902/1568
f 1797/1892/1560 1806/1901/1567 1865/1960/1616
f 1869/1964/1620 1870/1965/1621 1810/1905/1571
f 1869/1964/1620 1871/1966/1622 1872/1967/1623
f 1869/1964/1620 1872/1967/1623 1870/1965/1621
f 1873/1968/1624 1874/1969/1625 1875/1970/1626
f 1873/1968/1624 1809/1904/1570 1874/1969/1625
f 1873/1968/1624 1875/1970/1626 1876/1971/1627
f 1870/1965/1621 1811/1906/1572 1810/1905/1571
f 1870/1965/1621 1872/1967/1623 1877/1972/1628
f 1870/1965/1621 1877/1972/1628 1811/1906/1572
f 1874/1969/1625 1809/1904/1570 1808/1903/1569
f 1874/1969/1625 1808/1903/1569 1878/1973/1629
f 1874/1969/1625 1878/1973/1629 1875/1970/1626
f 1815/1910/1576 1879/1974/1630 1816/1911/1577
f 1815/1910/1576 1880/1975/1631 1881/1976/1632
f 1815/1910/1576 1882/1977/1633 1883/1978/1634
f 1815/1910/1576 1883/1978/1634 1879/1974/1630
f 1815/1910/1576 1881/1976/1632 1882/1977/1633
f 1815/1910/1576 1814/1909/1575 1880/1975/1631
f 1884/1979/1635 1885/1980/1636 1886/1981/1631
f 1884/1979/1635 1887/1982/1637 1888/1983/1638
f 1884/1979/1635 1888/1983/1638 1885/1980/1636
f 1889/1984/1639 1890/1985/1640 1891/1986/1641
f 1889/1984/1639 1892/1987/1642 1890/1985/1640
f 1893/1988/1643 1894/1989/1644 1895/1990/1645
f 1893/1988/1643 1895/1990/1645 1896/1991/1646
f 1897/1992/1647 1898/1993/1630 1899/1994/1648
f 1897/1992/1647 1899/1994/1648 1900/1995/1649
f 1897/1992/1647 1900/1995/1649 1901/1996/1650
f 1876/1971/1627 1875/1970/1626 1902/1997/1651
f 1876/1971/1627 1902/1997/1651 1903/1998/1652
f 1871/1966/1622 1903/1998/1652 1902/1997/1651
f 1871/1966/1622 1902/1997/1651 1872/1967/1623
f 1879/1974/1630 1904/1999/1653 1816/1911/1577
f 1880/1975/1631 1814/1909/1575 1905/2000/1654
f 1906/2001/1655 1907/2002/1656 1908/2003/1657
f 1909/2004/1658 1910/2005/1659 1911/2006/1660
f 1912/2007/1661 1913/2008/1662 1914/2009/1663
f 1915/2010/1664 1916/2011/1665 1917/2012/1666
f 1918/2013/1667 1919/2014/1668 1920/2015/1669
f 1918/2013/1667 1920/2015/1669 1921/2016/1670
f 1919/2014/1668 1922/2017/1671 1920/2015/1669
f 1921/2016/1670 1920/2015/1669 1923/2018/1672
f 1808/1903/1569 1807/1902/1568 1878/1973/1629
f 1811/1906/1572 1877/1972/1628 1806/1901/1567
f 1872/1967/1623 1902/1997/1651 1924/2019/1673
f 1872/1967/1623 1924/2019/1673 1877/1972/1628
f 1875/1970/1626 1878/1973/1629 1924/2019/1673
f 1875/1970/1626 1924/2019/1673 1902/1997/1651
f 1865/1960/1616 1806/1901/1567 1925/2020/1674
f 1866/1961/1617 1926/2021/1675 1927/2022/1676
f 1866/1961/1617 1927/2022/1676 1867/1962/1618
f 1864/1959/1615 1863/1958/1614 1928/2023/1677
f 1864/1959/1615 1928/2023/1677 1929/2024/1678
f 1868/1963/1619 1930/2025/1679 1807/1902/1568
f 1816/1911/1577 1904/1999/1653 1863/1958/1614
f 1814/1909/1575 1867/1962/1618 1905/2000/1654
f 1807/1902/1568 1930/2025/1679 1878/1973/1629
f 1806/1901/1567 1877/1972/1628 1925/2020/1674
f 1926/2021/1675 1931/2026/1680 1932/2027/1681
f 1926/2021/1675 1932/2027/1681 1927/2022/1676
f 1925/2020/1674 1877/1972/1628 1933/2028/1682
f 1930/2025/1679 1933/2028/1682 1878/1973/1629
f 1929/2024/1678 1928/2023/1677 1932/2027/1681
f 1929/2024/1678 1932/2027/1681 1931/2026/1680
f 1933/2028/1682 1877/1972/1628 1924/2019/1673
f 1933/2028/1682 1924/2019/1673 1878/1973/1629
f 1867/1962/1618 1934/2029/1683 1905/2000/1654
f 1867/1962/1618 1927/2022/1676 1935/2030/1684
f 1867/1962/1618 1935/2030/1684 1934/2029/1683
f 1863/1958/1614 1904/1999/1653 1936/2031/1685
f 1863/1958/1614 1936/2031/1685 1937/2032/1686
f 1863/1958/1614 1937/2032/1686 1928/2023/1677
f 1910/2005/1659 1938/2033/1687 1911/2006/1660
f 1910/2005/1659 1939/2034/1688 1938/2033/1687
f 1910/2005/1659 1940/2035/1689 1939/2034/1688
f 1914/2009/1663 1913/2008/1662 1941/2036/1690
f 1914/2009/1663 1941/2036/1690 1942/2037/1691
f 1914/2009/1663 1942/2037/1691 1943/2038/1692
f 1944/2039/1693 1945/2040/1694 1946/2041/1695
f 1944/2039/1693 1946/2041/1695 1947/2042/1696
f 1948/2043/1697 1949/2044/1698 1950/2045/1699
f 1948/2043/1697 1950/2045/1699 1951/2046/1700
f 1952/2047/1701 1953/2048/1702 1954/2049/1703
f 1955/2050/1704 1956/2051/1705 1957/2052/1704
f 1955/2050/1704 1957/2052/1704 1958/2053/1706
f 1959/2054/1707 1960/2055/1708 1961/2056/1707
f 1959/2054/1707 1961/2056/1707 1962/2057/1709
f 1963/2058/1710 1964/2059/1711 1965/2060/1712
f 1964/2059/1711 1966/2061/1713 1965/2060/1712
f 1967/2062/1714 1968/2063/1715 1969/2064/1716
f 1967/2062/1714 1969/2064/1716 1970/2065/1717
f 1954/2049/1703 1953/2048/1702 1971/2066/1718
f 1972/2067/1719 1973/2068/1720 1974/2069/1721
f 1972/2067/1719 1974/2069/1721 1975/2070/1722
f 1928/2023/1677 1937/2032/1686 1976/2071/1723
f 1928/2023/1677 1976/2071/1723 1932/2027/1681
f 1927/2022/1676 1932/2027/1681 1977/2072/1724
f 1927/2022/1676 1977/2072/1724 1935/2030/1684
f 1978/2073/1725 1979/2074/1726 1980/2075/1727
f 1978/2073/1725 1980/2075/1727 1981/2076/1728
f 1982/2077/1729 1983/2078/1730 1984/2079/1731
f 1982/2077/1729 1984/2079/1731 1985/2080/1732
f 1986/2081/1733 1987/2082/1734 1988/2083/1735
f 1986/2081/1733 1988/2083/1735 1989/2084/1736
f 1990/2085/1737 1991/2086/1738 1992/2087/1739
f 1990/2085/1737 1993/2088/1740 1991/2086/1738
f 1932/2027/1681 1976/2071/1723 1994/2089/1741
f 1932/2027/1681 1994/2089/1741 1977/2072/1724
f 1983/2078/1730 1995/2090/1742 1996/2091/1743
f 1983/2078/1730 1996/2091/1743 1984/2079/1731
f 1981/2076/1728 1996/2091/1743 1995/2090/1742
f 1981/2076/1728 1980/2075/1727 1996/2091/1743
f 1917/2012/1666 1916/2011/1665 1997/2092/1744
f 1907/2002/1656 1998/2093/1745 1908/2003/1657
f 1998/2093/1745 1999/2094/1746 2000/2095/1747
f 1998/2093/1745 2001/2096/1748 1908/2003/1657
f 1998/2093/1745 2000/2095/1747 2001/2096/1748
f 1997/2092/1744 1916/2011/1665 2002/2097/1749
f 1997/2092/1744 2002/2097/1749 2003/2098/1750
f 1997/2092/1744 2003/2098/1750 2004/2099/1751
f 1890/1985/1640 1892/1987/1642 2005/2100/1752
f 1895/1990/1645 2006/2101/1753 1896/1991/1646
f 2004/2099/1751 2003/2098/1750 1950/2045/1699
f 2004/2099/1751 1950/2045/1699 1949/2044/1698
f 1999/2094/1746 1947/2042/1696 1946/2041/1695
f 1999/2094/1746 1946/2041/1695 2000/2095/1747
f 2006/2101/1753 2007/2102/1754 2008/2103/1755
f 2006/2101/1753 2009/2104/1756 1896/1991/1646
f 2006/2101/1753 2008/2103/1755 2009/2104/1756
f 2005/2100/1752 1892/1987/1642 2010/2105/1757
f 2005/2100/1752 2010/2105/1757 2011/2106/1758
f 2005/2100/1752 2011/2106/1758 2012/2107/1759
f 2007/2102/1754 2013/2108/1760 2008/2103/1755
f 2012/2107/1759 2011/2106/1758 2014/2109/1761
f 1901/1996/1650 1900/1995/1649 2015/2110/1762
f 1901/1996/1650 2015/2110/1762 2016/2111/1763
f 1887/1982/1637 2017/2112/1764 2018/2113/1765
f 1887/1982/1637 2018/2113/1765 1888/1983/1638
f 1922/2017/1671 2019/2114/1766 2020/2115/1767
f 1922/2017/1671 2020/2115/1767 1920/2015/1669
f 1923/2018/1672 1920/2015/1669 2021/2116/1768
f 1923/2018/1672 2021/2116/1768 2022/2117/1769
f 2017/2112/1764 2023/2118/1770 2018/2113/1765
f 2016/2111/1763 2015/2110/1762 2024/2119/1771
f 2018/2113/1765 2023/2118/1770 2025/2120/1772
f 2015/2110/1762 2026/2121/1773 2024/2119/1771
f 2022/2117/1769 2021/2116/1768 2027/2122/1774
f 2019/2114/1766 2028/2123/1775 2020/2115/1767
f 2011/2106/1758 2029/2124/1776 2014/2109/1761
f 2023/2118/1770 2030/2125/1777 2031/2126/1778
f 2023/2118/1770 2031/2126/1778 2025/2120/1772
f 2008/2103/1755 2013/2108/1760 2032/2127/1779
f 2024/2119/1771 2026/2121/1773 2033/2128/1780
f 2024/2119/1771 2033/2128/1780 2034/2129/1781
f 2014/2109/1761 2029/2124/1776 2035/2130/1782
f 1953/2048/1702 2036/2131/1783 1971/2066/1718
f 1965/2060/1712 1966/2061/1713 2037/2132/1784
f 2013/2108/1760 2038/2133/1785 2032/2127/1779
f 2027/2122/1774 2021/2116/1768 2039/2134/1786
f 2027/2122/1774 2039/2134/1786 2040/2135/1787
f 2027/2122/1774 2040/2135/1787 2041/2136/1788
f 2028/2123/1775 2042/2137/1789 2043/2138/1790
f 2028/2123/1775 2044/2139/1791 2020/2115/1767
f 2028/2123/1775 2043/2138/1790 2044/2139/1791
f 2030/2125/1777 2045/2140/1792 2031/2126/1778
f 2030/2125/1777 2046/2141/1793 2045/2140/1792
f 2029/2124/1776 2047/2142/1794 2035/2130/1782
f 2032/2127/1779 2038/2133/1785 2048/2143/1795
f 2034/2129/1781 2033/2128/1780 2049/2144/1796
f 2034/2129/1781 2049/2144/1796 2050/2145/1797
f 1968/2063/1715 2051/2146/1798 1969/2064/1716
f 1975/2070/1722 1974/2069/1721 2052/2147/1799
f 1971/2066/1718 2036/2131/1783 2053/2148/1800
f 1971/2066/1718 2053/2148/1800 2054/2149/1801
f 1966/2061/1713 2055/2150/1802 2056/2151/1803
f 1966/2061/1713 2056/2151/1803 2037/2132/1784
f 1969/2064/1716 2051/2146/1798 2057/2152/1804
f 1974/2069/1721 2058/2153/1805 2052/2147/1799
f 1988/2083/1735 2059/2154/1806 1989/2084/1736
f 1991/2086/1738 1993/2088/1740 2060/2155/1807
f 2061/2156/1808 2062/2157/1809 2063/2158/1808
f 2061/2156/1808 2063/2158/1808 2064/2159/1810
f 2064/2159/1810 2063/2158/1808 2065/2160/1810
f 2064/2159/1810 2065/2160/1810 2066/2161/1811
f 2064/2159/1810 2066/2161/1811 2067/2162/1812
f 2062/2157/1809 2068/2163/1813 2069/2164/1814
f 2062/2157/1809 2070/2165/1815 2063/2158/1808
f 2062/2157/1809 2069/2164/1814 2070/2165/1815
f 2068/2163/1813 2045/2140/1792 2046/2141/1793
f 2068/2163/1813 2046/2141/1793 2069/2164/1814
f 2067/2162/1812 2066/2161/1811 2050/2145/1797
f 2067/2162/1812 2050/2145/1797 2049/2144/1796
f 2071/2166/1816 2072/2167/1817 2073/2168/1818
f 2071/2166/1816 2073/2168/1818 2074/2169/1819
f 2074/2169/1819 2075/2170/1820 2076/2171/1821
f 2074/2169/1819 2073/2168/1818 2075/2170/1820
f 2072/2167/1817 2077/2172/1822 2078/2173/1823
f 2072/2167/1817 2078/2173/1823 2073/2168/1818
f 2076/2171/1821 2035/2130/1782 2047/2142/1794
f 2076/2171/1821 2075/2170/1820 2035/2130/1782
f 2077/2172/1822 2048/2143/1795 2038/2133/1785
f 2077/2172/1822 2038/2133/1785 2078/2173/1823
f 2035/2130/1782 2075/2170/1820 2079/2174/1824
f 2038/2133/1785 2080/2175/1825 2078/2173/1823
f 1979/2074/1726 2081/2176/1826 1980/2075/1727
f 1989/2084/1736 2059/2154/1806 2082/2177/1827
f 1993/2088/1740 2083/2178/1828 2060/2155/1807
f 1985/2080/1732 1984/2079/1731 2084/2179/1829
f 2085/2180/293 2086/2181/294 2087/2182/296
f 2059/2154/1806 2054/2149/1801 2082/2177/1827
f 2054/2149/1801 2053/2148/1800 2082/2177/1827
f 2055/2150/1802 2060/2155/1807 2083/2178/1828
f 2055/2150/1802 2083/2178/1828 2056/2151/1803
f 2088/2183/297 2087/2182/296 2089/2184/297
f 2090/2185/298 2091/2186/298 2092/2187/298
f 2093/2188/1830 2094/2189/1831 2095/2190/1832
f 2093/2188/1830 2095/2190/1832 2096/2191/1833
f 2097/2192/1834 2098/2193/1835 2099/2194/1836
f 2097/2192/1834 2100/2195/1837 2101/2196/1838
f 2097/2192/1834 2099/2194/1836 2100/2195/1837
f 2094/2189/1831 2101/2196/1838 2102/2197/1839
f 2094/2189/1831 2102/2197/1839 2095/2190/1832
f 2096/2191/1833 2095/2190/1832 2103/2198/1840
f 2096/2191/1833 2103/2198/1840 2104/2199/1841
f 2101/2196/1838 2100/2195/1837 2105/2200/1842
f 2101/2196/1838 2105/2200/1842 2102/2197/1839
f 2104/2199/1841 2103/2198/1840 2106/2201/1843
f 2104/2199/1841 2106/2201/1843 2107/2202/1844
f 2107/2202/1844 2108/2203/1845 2109/2204/1846
f 2107/2202/1844 2106/2201/1843 2110/2205/1847
f 2107/2202/1844 2110/2205/1847 2108/2203/1845
f 2111/2206/1848 2109/2204/1846 2112/2207/1849
f 2111/2206/1848 2099/2194/1836 2098/2193/1835
f 2111/2206/1848 2112/2207/1849 2099/2194/1836
f 2109/2204/1846 2108/2203/1845 2112/2207/1849
f 2100/2195/1837 2099/2194/1836 2113/2208/1850
f 2100/2195/1837 2113/2208/1850 2105/2200/1842
f 2099/2194/1836 2112/2207/1849 2114/2209/1851
f 2099/2194/1836 2114/2209/1851 2113/2208/1850
f 2112/2207/1849 2108/2203/1845 2114/2209/1851
f 2108/2203/1845 2110/2205/1847 2115/2210/1852
f 2108/2203/1845 2115/2210/1852 2114/2209/1851
f 2095/2190/1832 2102/2197/1839 2116/2211/1853
f 2095/2190/1832 2116/2211/1853 2117/2212/1854
f 2095/2190/1832 2117/2212/1854 2103/2198/1840
f 2103/2198/1840 2117/2212/1854 2106/2201/1843
f 2106/2201/1843 2117/2212/1854 2115/2210/1852
f 2106/2201/1843 2115/2210/1852 2110/2205/1847
f 2105/2200/1842 2113/2208/1850 2118/2213/1855
f 2105/2200/1842 2118/2213/1855 2116/2211/1853
f 2105/2200/1842 2116/2211/1853 2102/2197/1839
f 2113/2208/1850 2114/2209/1851 2119/2214/1856
f 2113/2208/1850 2119/2214/1856 2120/2215/1857
f 2113/2208/1850 2120/2215/1857 2118/2213/1855
f 2118/2213/1855 2120/2215/1857 2116/2211/1853
f 2116/2211/1853 2119/2214/1856 2117/2212/1854
f 2116/2211/1853 2120/2215/1857 2119/2214/1856
f 2117/2212/1854 2119/2214/1856 2115/2210/1852
f 2115/2210/1852 2119/2214/1856 2114/2209/1851
f 2121/2216/1858 2122/2217/304 2123/2218/1859
f 2124/2219/1860 2125/2220/304 2126/2221/1861
f 2127/2222/302 2128/2223/300 2129/2224/1862
f 2130/2225/301 2131/2226/1863 2132/2227/1864
f 2133/2228/1865 2134/2229/1866 2135/2230/1867
f 2136/2231/1865 2137/2232/306 2138/2233/1868
f 2137/2232/306 2139/2234/305 2140/2235/311
f 2137/2232/306 2141/2236/1869 2138/2233/1868
f 2138/2233/1868 2141/2236/1869 2134/2229/309
f 2122/2217/304 2142/2237/1870 2123/2218/1859
f 2132/2227/1864 2131/2226/1863 2143/2238/316
f 2144/2239/304 2145/2240/1864 2142/2237/1871
f 2146/2241/314 2147/2242/1872 2142/2237/1871
f 2129/2224/1862 2128/2223/300 2148/2243/319
