# Blender 5.1.2
# www.blender.org
o Object_4
v 0.010514 0.168397 -0.022364
v 0.010514 0.168397 -0.022364
v 0.049458 0.169897 -0.151624
v 0.049679 0.162336 -0.151785
v 0.078632 0.173697 0.121289
v 0.078632 0.173697 0.121289
v 0.078922 0.164875 0.120624
v 0.082027 0.297694 0.126441
v 0.123532 0.204413 -0.042802
v 0.174439 0.177060 -0.151688
v 0.174676 0.167981 -0.151957
v 0.194072 0.175350 0.119135
v 0.194072 0.175350 0.119135
v 0.194340 0.167034 0.118412
v 0.194340 0.167034 0.118412
v 0.197439 0.297753 0.126494
v 0.251807 0.174889 -0.023873
v 0.252091 0.163607 -0.024232
v 0.252091 0.163607 -0.024232
v 0.028297 0.015600 -0.004528
v 0.028297 0.015600 -0.004528
v 0.028297 0.015600 -0.004528
v 0.028297 0.015600 -0.004528
v 0.030310 -0.000700 -0.006680
v 0.030310 -0.000700 -0.006680
v 0.030310 -0.000700 -0.006680
v 0.030310 -0.000700 -0.006680
v 0.031566 -0.000975 -0.129695
v 0.031566 -0.000975 -0.129695
v 0.041783 0.108168 -0.003588
v 0.055187 0.062003 0.103406
v 0.059179 -0.000341 0.133215
v 0.059179 -0.000341 0.133215
v 0.071043 0.112574 0.082787
v 0.093685 -0.000975 -0.163271
v 0.093685 -0.000975 -0.163271
v 0.093685 -0.000975 -0.163271
v 0.103208 0.098454 0.159733
v 0.158159 0.120091 0.085534
v 0.161537 -0.000975 -0.156126
v 0.161537 -0.000975 -0.156126
v 0.175640 0.105056 0.154059
v 0.219574 -0.000700 -0.054983
v 0.219574 -0.000700 -0.054983
v 0.219574 -0.000700 -0.054983
v 0.219574 -0.000700 -0.054983
v 0.222989 0.015597 -0.055488
v 0.222989 0.015597 -0.055488
v 0.222989 0.015597 -0.055488
v 0.222989 0.015597 -0.055488
v 0.229767 0.107729 -0.042693
v 0.230436 0.113210 0.049640
v 0.249378 0.098454 0.123134
v 0.254516 0.110384 -0.024234
v 0.273693 0.062003 0.075377
v 0.275284 -0.000341 0.075905
v 0.275284 -0.000341 0.075905
v 0.115562 0.056620 0.244697
v 0.119295 -0.000004 0.263288
v 0.119295 -0.000004 0.263288
v 0.197131 0.054622 0.238265
v 0.201576 -0.000126 0.255683
v 0.201576 -0.000126 0.255683
v 0.273011 0.056620 0.196368
v 0.273535 -0.000004 0.215779
v 0.273535 -0.000004 0.215779
v -0.252091 0.163607 -0.024232
v -0.252091 0.163607 -0.024232
v -0.251807 0.174889 -0.023873
v -0.197439 0.297753 0.126494
v -0.194340 0.167033 0.118412
v -0.194340 0.167033 0.118412
v -0.194072 0.175350 0.119135
v -0.194072 0.175350 0.119135
v -0.174676 0.167981 -0.151957
v -0.174439 0.177060 -0.151688
v -0.123531 0.204413 -0.042802
v -0.082027 0.297694 0.126441
v -0.078922 0.164875 0.120624
v -0.078632 0.173697 0.121289
v -0.078632 0.173697 0.121289
v -0.049679 0.162336 -0.151785
v -0.049458 0.169897 -0.151623
v -0.010514 0.168397 -0.022364
v -0.010514 0.168397 -0.022364
v -0.275283 -0.000341 0.075905
v -0.275283 -0.000341 0.075905
v -0.273693 0.062003 0.075377
v -0.254516 0.110384 -0.024234
v -0.249378 0.098454 0.123134
v -0.230436 0.113210 0.049640
v -0.229767 0.107729 -0.042693
v -0.222989 0.015597 -0.055488
v -0.222989 0.015597 -0.055488
v -0.222989 0.015597 -0.055488
v -0.222989 0.015597 -0.055488
v -0.219574 -0.000700 -0.054983
v -0.219574 -0.000700 -0.054983
v -0.219574 -0.000700 -0.054983
v -0.219574 -0.000700 -0.054983
v -0.175640 0.105056 0.154059
v -0.161537 -0.000975 -0.156126
v -0.161537 -0.000975 -0.156126
v -0.158159 0.120092 0.085534
v -0.103208 0.098454 0.159733
v -0.093685 -0.000975 -0.163271
v -0.093685 -0.000975 -0.163271
v -0.093685 -0.000975 -0.163271
v -0.093685 -0.000975 -0.163271
v -0.071043 0.112574 0.082787
v -0.059179 -0.000341 0.133215
v -0.059179 -0.000341 0.133215
v -0.055187 0.062003 0.103406
v -0.039824 0.109986 -0.116496
v -0.031566 -0.000975 -0.129695
v -0.031566 -0.000975 -0.129695
v -0.030310 -0.000700 -0.006680
v -0.030310 -0.000700 -0.006680
v -0.030310 -0.000700 -0.006680
v -0.030310 -0.000700 -0.006680
v -0.028297 0.015600 -0.004528
v -0.028297 0.015600 -0.004528
v -0.028297 0.015600 -0.004528
v -0.028297 0.015600 -0.004528
v -0.273535 -0.000004 0.215779
v -0.273535 -0.000004 0.215779
v -0.273011 0.056620 0.196369
v -0.201576 -0.000126 0.255683
v -0.201576 -0.000126 0.255683
v -0.197131 0.054622 0.238265
v -0.119295 -0.000004 0.263288
v -0.119295 -0.000004 0.263288
v -0.115562 0.056620 0.244697
v -0.210004 0.976444 -0.017582
v -0.148546 1.152926 -0.034408
v -0.120892 1.132285 0.105348
v -0.114382 1.174457 -0.019452
v -0.085656 1.183090 -0.102837
v -0.076162 1.145948 0.053354
v -0.000000 1.105654 0.098436
v -0.000000 1.194791 -0.147199
v 0.076162 1.145948 0.053354
v 0.085656 1.183090 -0.102837
v 0.114382 1.174457 -0.019452
v 0.120892 1.132285 0.105348
v 0.148546 1.152926 -0.034408
v 0.210004 0.976444 -0.017582
v -0.109295 1.246212 -0.001712
v -0.080095 1.251281 -0.085026
v -0.072069 1.225633 0.064324
v 0.000000 1.200742 0.106118
v 0.000000 1.264407 -0.127430
v 0.072069 1.225633 0.064324
v 0.080096 1.251281 -0.085026
v 0.109295 1.246212 -0.001712
v -0.173120 1.516186 -0.031434
v -0.173120 1.516186 -0.031434
v -0.172622 1.503578 -0.029547
v -0.172622 1.503578 -0.029547
v -0.171831 1.518526 0.038664
v -0.171831 1.523660 0.044277
v -0.160857 1.466870 -0.061066
v -0.159173 1.579499 -0.006263
v -0.159173 1.579499 -0.006263
v -0.158356 1.495707 -0.050615
v -0.157955 1.566051 -0.003512
v -0.157955 1.566051 -0.003512
v -0.155520 1.552339 0.060458
v -0.152433 1.597797 0.057994
v -0.149284 1.617823 0.041703
v -0.147457 1.515431 0.078254
v -0.145311 1.593244 -0.010316
v -0.144106 1.532938 -0.085067
v -0.144106 1.532938 -0.085067
v -0.144038 1.545639 -0.007234
v -0.143850 1.439414 -0.049947
v -0.143850 1.439414 -0.049947
v -0.143074 1.519012 -0.080679
v -0.143074 1.519012 -0.080679
v -0.140282 1.477235 -0.060690
v -0.140257 1.506418 -0.009806
v -0.139603 1.558609 0.071056
v -0.138807 1.671390 -0.062681
v -0.137545 1.430427 -0.033894
v -0.137545 1.430427 -0.033894
v -0.135446 1.467053 0.000216
v -0.134463 1.475571 0.032851
v -0.134088 1.637928 0.037161
v -0.133641 1.527578 0.088255
v -0.132903 1.711253 -0.006160
v -0.132828 1.489745 0.087159
v -0.132696 1.377859 0.100301
v -0.131647 1.449550 -0.100913
v -0.131589 1.395368 0.103943
v -0.131585 1.437198 -0.097944
v -0.129845 1.596812 0.080054
v -0.129272 1.712260 -0.091820
v -0.128500 1.358348 0.111670
v -0.128443 1.412858 0.090442
v -0.128443 1.412858 0.090442
v -0.128233 1.376307 0.119477
v -0.127801 1.627798 0.102980
v -0.127341 1.437495 -0.050276
v -0.127070 1.434781 -0.008897
v -0.125703 1.493055 -0.073427
v -0.125570 1.377538 0.075980
v -0.125570 1.377538 0.075980
v -0.124957 1.536788 -0.101532
v -0.123745 1.367866 0.124365
v -0.123727 1.358162 0.114281
v -0.123727 1.358162 0.114281
v -0.123727 1.358162 0.114281
v -0.123187 1.353103 0.019328
v -0.122132 1.644012 0.095399
v -0.119154 1.609472 -0.132181
v -0.118416 1.746917 -0.037925
v -0.115640 1.327291 0.076487
v -0.113203 1.495672 0.113867
v -0.112094 1.408877 0.162180
v -0.111744 1.371106 0.175054
v -0.111635 1.350194 0.132850
v -0.111635 1.350194 0.132850
v -0.111635 1.350194 0.132850
v -0.110614 1.434312 0.143924
v -0.110545 1.655905 0.079743
v -0.109853 1.681352 -0.157030
v -0.109425 1.362289 0.177877
v -0.108921 1.447450 0.118067
v -0.108921 1.447450 0.118067
v -0.105965 1.753320 -0.109840
v -0.104407 1.736040 0.040033
v -0.103082 1.366554 -0.048698
v -0.100448 1.764179 -0.054352
v -0.097428 1.345086 0.173349
v -0.097428 1.345086 0.173349
v -0.095937 1.483987 -0.138886
v -0.095831 1.494268 -0.141083
v -0.095520 1.768650 0.000540
v -0.093014 1.742034 -0.096497
v -0.092099 1.727616 -0.159168
v -0.091536 1.743688 -0.089890
v -0.089939 1.742372 -0.096909
v -0.083543 1.635274 0.133358
v -0.082326 1.616708 0.109715
v -0.080262 1.654831 0.125175
v -0.077190 1.787033 -0.121798
v -0.076437 1.467592 0.145085
v -0.076437 1.467592 0.145085
v -0.075592 1.788986 -0.115358
v -0.074579 1.783895 -0.120209
v -0.073642 1.773731 -0.029098
v -0.072164 1.775384 -0.022605
v -0.071146 1.510381 -0.143785
v -0.070628 1.661354 0.106872
v -0.070567 1.774068 -0.027026
v -0.067296 1.424064 -0.111654
v -0.067091 1.419215 0.213859
v -0.066745 1.381353 0.222779
v -0.066343 1.366981 0.233299
v -0.066318 1.663216 -0.196369
v -0.066090 1.590897 -0.177327
v -0.065066 1.368611 -0.092242
v -0.060741 1.347620 0.226403
v -0.060741 1.347620 0.226403
v -0.060364 1.454349 0.195024
v -0.058791 1.777397 -0.110259
v -0.057819 1.818729 -0.054398
v -0.056221 1.820683 -0.048074
v -0.055834 1.790265 -0.047152
v -0.055207 1.815591 -0.050326
v -0.054450 1.714550 -0.188847
v -0.054067 1.744733 0.065836
v -0.053554 1.747884 -0.162540
v -0.052345 1.779277 0.022887
v -0.049954 1.414925 -0.145374
v -0.049923 1.405315 -0.144703
v -0.047170 1.802168 -0.134693
v -0.045293 1.804117 -0.128342
v -0.044845 1.798064 -0.132513
v -0.042346 1.520357 0.221715
v -0.039933 1.479630 0.173337
v -0.039933 1.479630 0.173337
v -0.038773 1.522424 0.123431
v -0.037217 1.510101 0.152623
v -0.035610 1.494787 0.221078
v -0.033219 1.627723 0.132996
v -0.032536 1.645299 0.127201
v -0.031963 1.541622 0.218440
v -0.029690 1.655105 0.117455
v -0.029035 1.614520 0.117056
v -0.027798 1.833863 -0.067293
v -0.025921 1.835813 -0.061058
v -0.025473 1.830921 -0.062630
v -0.021704 1.744733 0.065836
v -0.020857 1.537502 0.148569
v -0.017918 1.631148 0.125056
v -0.016268 1.643374 0.121494
v -0.012932 1.804694 -0.147875
v -0.010895 1.800786 -0.145105
v -0.010778 1.806640 -0.141613
v 0.000000 1.352911 0.249948
v 0.000000 1.352911 0.249948
v 0.000000 1.358753 0.078169
v 0.000000 1.358753 0.078169
v 0.000000 1.358753 0.078169
v 0.000000 1.358753 0.078169
v 0.000000 1.358753 0.078169
v 0.000000 1.358753 0.078169
v 0.000000 1.364933 -0.122722
v 0.000000 1.371590 0.258702
v 0.000000 1.386929 0.249458
v 0.000000 1.422857 -0.134061
v 0.000000 1.424867 0.239915
v 0.000000 1.458409 0.224488
v 0.000000 1.462716 -0.162776
v 0.000000 1.474679 -0.162088
v 0.000000 1.481338 0.193557
v 0.000000 1.481338 0.193557
v 0.000000 1.488382 0.228445
v 0.000000 1.496808 0.238651
v 0.000000 1.502715 -0.164255
v 0.000000 1.520804 0.242895
v 0.000000 1.542290 0.234949
v 0.000000 1.548394 0.151086
v 0.000000 1.549494 0.220355
v 0.000000 1.580872 0.133641
v 0.000000 1.581427 -0.194183
v 0.000000 1.622110 0.123203
v 0.000000 1.636357 -0.211926
v 0.000000 1.638483 0.122297
v 0.000000 1.646700 0.118961
v 0.000000 1.717646 -0.191260
v 0.000000 1.754835 -0.162127
v 0.000000 1.785220 0.028361
v 0.000000 1.785967 -0.107526
v 0.000000 1.799161 -0.036268
v 0.006439 1.836390 -0.080476
v 0.008476 1.833642 -0.075222
v 0.008595 1.838335 -0.074329
v 0.015208 1.643480 0.121127
v 0.018692 1.631246 0.125055
v 0.020857 1.537502 0.148569
v 0.023586 1.744733 0.065836
v 0.024597 1.782684 -0.150198
v 0.026318 1.784902 -0.155381
v 0.027613 1.786869 -0.148836
v 0.029035 1.614520 0.117056
v 0.029690 1.655105 0.117455
v 0.031963 1.541622 0.218440
v 0.032536 1.645299 0.127201
v 0.033219 1.627723 0.132996
v 0.035610 1.494787 0.221078
v 0.037217 1.510101 0.152623
v 0.038773 1.522424 0.123431
v 0.039933 1.479630 0.173337
v 0.039933 1.479630 0.173337
v 0.042346 1.520357 0.221715
v 0.043969 1.814380 -0.080315
v 0.045689 1.816598 -0.087982
v 0.046985 1.818565 -0.081551
v 0.049923 1.405315 -0.144703
v 0.049954 1.414925 -0.145374
v 0.052345 1.779277 0.022887
v 0.053554 1.747884 -0.162540
v 0.054067 1.744733 0.065836
v 0.054419 1.730504 -0.139824
v 0.054419 1.730504 -0.139824
v 0.054450 1.714550 -0.188847
v 0.055834 1.790265 -0.047152
v 0.057117 1.729976 -0.144484
v 0.057117 1.729976 -0.144484
v 0.058594 1.731630 -0.137877
v 0.058594 1.731630 -0.137877
v 0.058792 1.777397 -0.110259
v 0.060364 1.454349 0.195024
v 0.060741 1.347620 0.226403
v 0.060741 1.347620 0.226403
v 0.065066 1.368611 -0.092242
v 0.066091 1.590897 -0.177327
v 0.066318 1.663216 -0.196369
v 0.066343 1.366981 0.233299
v 0.066746 1.381353 0.222779
v 0.067091 1.419215 0.213859
v 0.067296 1.424064 -0.111654
v 0.070628 1.661354 0.106872
v 0.071147 1.510381 -0.143785
v 0.073791 1.762200 -0.069941
v 0.073791 1.762200 -0.069941
v 0.076437 1.467592 0.145085
v 0.076437 1.467592 0.145085
v 0.076489 1.761672 -0.077085
v 0.076489 1.761672 -0.077085
v 0.077967 1.763325 -0.070593
v 0.077967 1.763325 -0.070593
v 0.080262 1.654831 0.125175
v 0.082326 1.616708 0.109715
v 0.083543 1.635274 0.133358
v 0.092099 1.727616 -0.159168
v 0.095520 1.768650 0.000540
v 0.095831 1.494268 -0.141083
v 0.095937 1.483884 -0.138886
v 0.097428 1.345086 0.173349
v 0.097428 1.345086 0.173349
v 0.100448 1.764179 -0.054352
v 0.103082 1.366554 -0.048698
v 0.104407 1.736040 0.040033
v 0.105965 1.753320 -0.109840
v 0.108921 1.447450 0.118067
v 0.108921 1.447450 0.118067
v 0.109425 1.362289 0.177877
v 0.109853 1.681352 -0.157030
v 0.110545 1.655905 0.079743
v 0.110614 1.434312 0.143924
v 0.111635 1.350194 0.132850
v 0.111635 1.350194 0.132850
v 0.111635 1.350194 0.132850
v 0.111745 1.371106 0.175054
v 0.112094 1.408877 0.162180
v 0.113203 1.495672 0.113867
v 0.115640 1.327291 0.076487
v 0.118416 1.746917 -0.037925
v 0.119155 1.609472 -0.132181
v 0.122132 1.644012 0.095399
v 0.123187 1.353103 0.019328
v 0.123727 1.358162 0.114281
v 0.123727 1.358162 0.114281
v 0.123727 1.358162 0.114281
v 0.123745 1.367866 0.124365
v 0.124957 1.536788 -0.101532
v 0.125570 1.377538 0.075980
v 0.125570 1.377538 0.075980
v 0.125703 1.493055 -0.073427
v 0.127070 1.434781 -0.008897
v 0.127341 1.437495 -0.050276
v 0.127801 1.627798 0.102980
v 0.128233 1.376307 0.119477
v 0.128443 1.412858 0.090442
v 0.128443 1.412858 0.090442
v 0.128500 1.358348 0.111670
v 0.129272 1.712260 -0.091820
v 0.129845 1.596812 0.080054
v 0.131585 1.437198 -0.097944
v 0.131589 1.395368 0.103943
v 0.131647 1.449550 -0.100913
v 0.132696 1.377859 0.100301
v 0.132828 1.489745 0.087159
v 0.132903 1.711253 -0.006160
v 0.133641 1.527578 0.088255
v 0.134088 1.637928 0.037161
v 0.134463 1.475571 0.032851
v 0.135446 1.467053 0.000216
v 0.137545 1.430427 -0.033894
v 0.137545 1.430427 -0.033894
v 0.138807 1.671390 -0.062681
v 0.139603 1.558609 0.071056
v 0.140257 1.506418 -0.009806
v 0.140282 1.477235 -0.060690
v 0.143074 1.519012 -0.080679
v 0.143074 1.519012 -0.080679
v 0.143850 1.439414 -0.049947
v 0.143850 1.439414 -0.049947
v 0.144038 1.545639 -0.007234
v 0.144106 1.532938 -0.085067
v 0.144106 1.532938 -0.085067
v 0.145312 1.593244 -0.010316
v 0.147457 1.515431 0.078254
v 0.149284 1.617823 0.041703
v 0.152433 1.597797 0.057994
v 0.155520 1.552339 0.060458
v 0.157956 1.566051 -0.003512
v 0.157956 1.566051 -0.003512
v 0.158356 1.495707 -0.050615
v 0.159173 1.579499 -0.006263
v 0.159173 1.579499 -0.006263
v 0.160857 1.466870 -0.061066
v 0.171831 1.518526 0.038664
v 0.171831 1.523660 0.044277
v 0.172622 1.503578 -0.029547
v 0.172622 1.503578 -0.029547
v 0.173120 1.516186 -0.031434
v 0.173120 1.516186 -0.031434
v -0.106447 1.350897 0.129445
v -0.106447 1.350897 0.129445
v -0.106447 1.350897 0.129445
v -0.096410 1.311062 0.131607
v -0.095434 1.325742 0.148385
v -0.088526 1.346044 0.150241
v -0.088526 1.346044 0.150241
v -0.056741 1.280499 0.148323
v -0.055999 1.306552 0.161932
v -0.054887 1.317858 0.185291
v -0.048628 1.340554 0.185203
v -0.048628 1.340554 0.185203
v 0.000000 1.278353 0.151213
v 0.000000 1.305154 0.171932
v 0.000000 1.316832 0.195776
v 0.000000 1.338301 0.196799
v 0.000000 1.338301 0.196799
v 0.048628 1.340554 0.185203
v 0.048628 1.340554 0.185203
v 0.054888 1.317858 0.185291
v 0.055999 1.306552 0.161932
v 0.056741 1.280499 0.148323
v 0.088526 1.346044 0.150241
v 0.088526 1.346044 0.150241
v 0.095434 1.325742 0.148385
v 0.096410 1.311062 0.131607
v 0.106447 1.350897 0.129445
v 0.106447 1.350897 0.129445
v 0.106447 1.350897 0.129445
v 0.102124 1.068550 -0.042610
v 0.106967 1.070703 -0.108502
v 0.107777 1.017015 -0.045951
v 0.108253 1.015668 -0.101555
v 0.116514 1.117552 -0.044793
v 0.123537 1.018096 0.003129
v 0.124235 1.072738 0.009168
v 0.145268 1.071280 -0.144362
v 0.148522 1.138112 -0.127321
v 0.151523 1.004340 -0.127233
v 0.163230 1.157997 -0.055294
v 0.167675 0.984025 -0.058053
v 0.174191 1.133583 0.008819
v 0.176697 1.000764 0.005715
v 0.180064 1.078047 0.036013
v 0.250199 1.071269 -0.188928
v 0.253407 1.153872 -0.159654
v 0.256616 1.072897 -0.165372
v 0.257439 0.991494 -0.165887
v 0.260001 1.127683 -0.150317
v 0.263729 1.006073 -0.153217
v 0.272863 1.172756 -0.070541
v 0.276334 1.153416 -0.069610
v 0.276873 0.974215 -0.075006
v 0.278118 0.992884 -0.077035
v 0.285898 1.006390 -0.027540
v 0.287885 1.147553 0.001355
v 0.287889 1.134971 -0.010971
v 0.291043 0.991720 -0.001962
v 0.293906 1.070447 0.008135
v 0.297017 1.067656 0.032455
v 0.755140 1.014408 0.049815
v 0.767120 1.058338 0.053396
v 0.771573 1.008361 -0.044937
v 0.771796 1.013880 0.016212
v 0.773141 1.016271 0.006200
v 0.778898 1.000387 -0.068700
v 0.785523 1.057122 0.020198
v 0.786496 1.009664 -0.026620
v 0.791270 1.057936 0.006196
v 0.793585 1.047885 -0.043632
v 0.798952 1.037316 -0.072672
v 0.804564 1.051342 -0.029289
v -0.297017 1.067656 0.032455
v -0.293906 1.070447 0.008135
v -0.291044 0.991721 -0.001962
v -0.287889 1.134971 -0.010971
v -0.287885 1.147553 0.001355
v -0.285898 1.006390 -0.027540
v -0.278119 0.992884 -0.077035
v -0.276873 0.974216 -0.075006
v -0.276334 1.153416 -0.069610
v -0.272863 1.172756 -0.070541
v -0.263729 1.006073 -0.153217
v -0.260001 1.127683 -0.150317
v -0.257439 0.991495 -0.165887
v -0.256616 1.072897 -0.165372
v -0.253407 1.153872 -0.159654
v -0.250199 1.071269 -0.188928
v -0.180064 1.078047 0.036013
v -0.176697 1.000764 0.005715
v -0.174191 1.133583 0.008819
v -0.167675 0.984025 -0.058053
v -0.163230 1.157997 -0.055294
v -0.151523 1.004340 -0.127233
v -0.148523 1.138112 -0.127321
v -0.145268 1.071280 -0.144362
v -0.124235 1.072738 0.009168
v -0.123537 1.018096 0.003129
v -0.116514 1.117552 -0.044793
v -0.108253 1.015668 -0.101555
v -0.107777 1.017015 -0.045951
v -0.106967 1.070703 -0.108502
v -0.102124 1.068550 -0.042610
v -0.804564 1.051342 -0.029289
v -0.798952 1.037316 -0.072672
v -0.793585 1.047885 -0.043632
v -0.791270 1.057936 0.006196
v -0.786496 1.009664 -0.026620
v -0.785523 1.057122 0.020198
v -0.778898 1.000387 -0.068700
v -0.773141 1.016271 0.006200
v -0.771796 1.013880 0.016213
v -0.771573 1.008361 -0.044936
v -0.767120 1.058338 0.053396
v -0.755141 1.014408 0.049815
v -0.289926 0.619920 0.003366
v -0.204633 0.615761 0.151120
v -0.190784 0.610902 -0.160838
v -0.182895 0.567740 -0.143520
v -0.103518 0.611129 0.198985
v -0.042175 0.567740 -0.145769
v 0.000000 0.549367 0.008279
v 0.000000 0.605195 -0.190998
v 0.000000 0.609099 0.211753
v 0.042175 0.567740 -0.145769
v 0.103518 0.611129 0.198985
v 0.182895 0.567740 -0.143520
v 0.190784 0.610902 -0.160838
v 0.204633 0.615761 0.151120
v 0.289926 0.619920 0.003366
v 0.051885 0.348734 -0.141840
v 0.093488 0.567793 0.128045
v 0.177580 0.348703 -0.140715
v 0.202335 0.579236 0.127742
v 0.258214 0.567740 0.005448
v 0.005661 0.340208 -0.012495
v 0.010509 0.106700 -0.022374
v 0.010514 0.168397 -0.022364
v 0.010514 0.168397 -0.022364
v 0.011124 0.159963 -0.022544
v 0.011124 0.159963 -0.022544
v 0.039825 0.109986 -0.116496
v 0.049458 0.169897 -0.151624
v 0.049679 0.162336 -0.151785
v 0.049679 0.162336 -0.151785
v 0.049887 0.111507 -0.153417
v 0.051524 0.303114 -0.142953
v 0.078632 0.173697 0.121289
v 0.078922 0.164875 0.120624
v 0.078922 0.164875 0.120624
v 0.079131 0.112082 0.113180
v 0.082027 0.297694 0.126441
v 0.082395 0.365319 0.130367
v 0.091095 0.110359 -0.150734
v 0.123532 0.204413 -0.042802
v 0.164963 0.110729 -0.148189
v 0.174439 0.177060 -0.151688
v 0.174676 0.167981 -0.151957
v 0.176407 0.112735 -0.153295
v 0.177025 0.303268 -0.142825
v 0.193774 0.367068 0.130341
v 0.194072 0.175350 0.119135
v 0.194340 0.167034 0.118412
v 0.196087 0.112818 0.110420
v 0.197439 0.297753 0.126494
v 0.251807 0.174889 -0.023873
v 0.252091 0.163607 -0.024232
v 0.254973 0.340120 -0.012497
v 0.028297 0.015600 -0.004528
v 0.031566 -0.000975 -0.129695
v 0.041783 0.108168 -0.003588
v 0.093685 -0.000975 -0.163271
v 0.161537 -0.000975 -0.156126
v 0.222989 0.015597 -0.055488
v 0.229767 0.107729 -0.042693
v 0.254516 0.110384 -0.024234
v 0.254516 0.110384 -0.024234
v -0.258214 0.567740 0.005448
v -0.202335 0.579236 0.127742
v -0.177580 0.348703 -0.140715
v -0.093488 0.567793 0.128045
v -0.051885 0.348734 -0.141840
v -0.254973 0.340120 -0.012497
v -0.252091 0.163607 -0.024232
v -0.251807 0.174889 -0.023873
v -0.197439 0.297753 0.126494
v -0.196087 0.112818 0.110420
v -0.194340 0.167033 0.118412
v -0.194072 0.175350 0.119135
v -0.193774 0.367068 0.130341
v -0.177110 0.303084 -0.142766
v -0.176407 0.112735 -0.153295
v -0.174676 0.167981 -0.151957
v -0.174439 0.177060 -0.151688
v -0.164963 0.110729 -0.148189
v -0.123531 0.204413 -0.042802
v -0.091095 0.110359 -0.150734
v -0.082395 0.365319 0.130367
v -0.082027 0.297694 0.126441
v -0.079131 0.112082 0.113180
v -0.078922 0.164875 0.120624
v -0.078922 0.164875 0.120624
v -0.078632 0.173697 0.121289
v -0.051503 0.303175 -0.142969
v -0.049887 0.111507 -0.153417
v -0.049679 0.162336 -0.151785
v -0.049679 0.162336 -0.151785
v -0.049458 0.169897 -0.151623
v -0.042140 0.108168 -0.003588
v -0.011124 0.159963 -0.022544
v -0.011124 0.159963 -0.022544
v -0.010514 0.168397 -0.022364
v -0.010514 0.168397 -0.022364
v -0.010509 0.106700 -0.022374
v -0.005661 0.340208 -0.012495
v -0.254516 0.110384 -0.024234
v -0.254516 0.110384 -0.024234
v -0.229767 0.107729 -0.042693
v -0.222989 0.015597 -0.055488
v -0.161537 -0.000975 -0.156126
v -0.093685 -0.000975 -0.163271
v -0.071043 0.112574 0.082787
v -0.055187 0.062003 0.103406
v -0.039824 0.109986 -0.116496
v -0.028297 0.015600 -0.004528
v -0.324209 0.676051 0.004068
v -0.312339 0.711656 0.003801
v -0.302249 0.805959 0.005718
v -0.258747 0.905843 -0.001598
v -0.234110 0.679491 0.221945
v -0.233140 0.670727 -0.220883
v -0.229905 0.701226 -0.202863
v -0.229438 0.703329 0.204253
v -0.218716 0.803144 0.211550
v -0.217667 0.796126 -0.208849
v -0.187803 0.897584 -0.192561
v -0.187793 0.916296 0.182821
v -0.107291 0.702295 0.265711
v -0.000000 0.670731 -0.299423
v 0.000000 0.685972 0.321485
v 0.000000 0.701678 0.295985
v -0.000000 0.702592 -0.277928
v -0.000000 0.791237 -0.299888
v 0.000000 0.803471 0.310852
v -0.000000 0.894267 -0.270257
v 0.000000 0.917499 0.259404
v 0.107291 0.702295 0.265711
v 0.187793 0.916296 0.182821
v 0.187803 0.897584 -0.192561
v 0.217666 0.796126 -0.208849
v 0.218716 0.803144 0.211550
v 0.229438 0.703329 0.204253
v 0.229905 0.701226 -0.202863
v 0.233140 0.670727 -0.220883
v 0.234110 0.679491 0.221945
v 0.258747 0.905843 -0.001598
v 0.302249 0.805959 0.005718
v 0.312339 0.711656 0.003801
v 0.324209 0.676051 0.004068
v -0.210004 0.976444 -0.017582
v -0.159062 0.985705 0.143752
v -0.156136 1.180463 -0.062404
v -0.154770 0.982771 -0.171304
v -0.154235 1.158972 0.038556
v -0.148546 1.152926 -0.034408
v -0.138202 1.237109 0.054942
v -0.138202 1.237109 0.054942
v -0.138202 1.237109 0.054942
v -0.138178 1.254305 -0.049117
v -0.138178 1.254305 -0.049117
v -0.138178 1.254305 -0.049117
v -0.122324 1.141422 0.116797
v -0.120892 1.132285 0.105348
v -0.105316 1.194478 -0.137234
v -0.104857 1.168503 -0.131566
v -0.092898 1.271196 -0.122369
v -0.092898 1.271196 -0.122369
v -0.092898 1.271196 -0.122369
v -0.064983 1.218752 0.137310
v -0.064983 1.218752 0.137310
v -0.064983 1.218752 0.137310
v -0.000000 0.983585 -0.221989
v 0.000000 0.987024 0.205144
v -0.000000 1.199109 -0.178054
v -0.000000 1.135009 0.152993
v -0.000000 1.135009 0.152993
v -0.000000 1.141165 -0.001339
v -0.000000 1.177752 -0.168007
v 0.000000 1.278215 -0.158219
v 0.000000 1.278215 -0.158219
v 0.000000 1.278215 -0.158219
v 0.000000 1.278215 -0.158219
v 0.064983 1.218752 0.137310
v 0.064983 1.218752 0.137310
v 0.064983 1.218752 0.137310
v 0.092898 1.271196 -0.122369
v 0.092898 1.271196 -0.122369
v 0.092898 1.271196 -0.122369
v 0.104857 1.168503 -0.131566
v 0.105316 1.194478 -0.137234
v 0.120892 1.132285 0.105348
v 0.122324 1.141422 0.116797
v 0.138178 1.254305 -0.049117
v 0.138178 1.254305 -0.049117
v 0.138178 1.254305 -0.049117
v 0.138202 1.237109 0.054942
v 0.138202 1.237109 0.054942
v 0.138202 1.237109 0.054942
v 0.148546 1.152926 -0.034408
v 0.154235 1.158972 0.038556
v 0.154770 0.982771 -0.171304
v 0.156136 1.180463 -0.062404
v 0.159062 0.985705 0.143752
v 0.210004 0.976444 -0.017582
v -0.109295 1.246212 -0.001712
v -0.080095 1.251281 -0.085026
v -0.072069 1.225633 0.064324
v 0.000000 1.200742 0.106118
v 0.000000 1.264407 -0.127430
v 0.072069 1.225633 0.064324
v 0.080096 1.251281 -0.085026
v 0.109295 1.246212 -0.001712
v -0.133075 1.357632 0.098442
v -0.132696 1.377859 0.100301
v -0.128500 1.358348 0.111670
v -0.128233 1.376307 0.119477
v -0.125570 1.377538 0.075980
v -0.123727 1.358162 0.114281
v -0.123187 1.353103 0.019328
v -0.115640 1.327291 0.076487
v -0.115640 1.327291 0.076487
v -0.115295 1.299471 0.007609
v -0.103082 1.366554 -0.048698
v -0.093950 1.286309 0.084691
v -0.093950 1.286309 0.084691
v -0.086668 1.311754 -0.071150
v -0.065066 1.368611 -0.092242
v -0.055233 1.261199 0.096491
v -0.055233 1.261199 0.096491
v 0.000000 1.252871 0.110329
v 0.000000 1.252871 0.110329
v 0.000000 1.322171 -0.120732
v 0.000000 1.364933 -0.122722
v 0.055233 1.261199 0.096491
v 0.055233 1.261199 0.096491
v 0.065066 1.368611 -0.092242
v 0.086669 1.311754 -0.071150
v 0.093950 1.286309 0.084691
v 0.093950 1.286309 0.084691
v 0.103082 1.366554 -0.048698
v 0.115295 1.299471 0.007609
v 0.115640 1.327291 0.076487
v 0.115640 1.327291 0.076487
v 0.123187 1.353103 0.019328
v 0.123727 1.358162 0.114281
v 0.125570 1.377538 0.075980
v 0.128233 1.376307 0.119477
v 0.128500 1.358348 0.111670
v 0.132696 1.377859 0.100301
v 0.133075 1.357632 0.098442
v -0.123111 1.341406 0.112663
v -0.106447 1.350897 0.129445
v -0.096410 1.311062 0.131607
v -0.095434 1.325742 0.148385
v -0.056741 1.280499 0.148323
v 0.000000 1.278353 0.151213
v 0.056741 1.280499 0.148323
v 0.095434 1.325742 0.148385
v 0.096410 1.311062 0.131607
v 0.106447 1.350897 0.129445
v 0.123112 1.341406 0.112663
v 0.256616 1.072897 -0.165372
v 0.260001 1.127683 -0.150317
v 0.263729 1.006073 -0.153217
v 0.276334 1.153416 -0.069610
v 0.278118 0.992884 -0.077035
v 0.285898 1.006390 -0.027540
v 0.287889 1.134971 -0.010971
v 0.293906 1.070447 0.008135
v 0.393520 1.061823 -0.178816
v 0.396983 1.003984 -0.157412
v 0.403713 1.121963 -0.156872
v 0.407212 1.008885 -0.032902
v 0.409398 1.127305 -0.032137
v 0.410734 1.064695 -0.012385
v 0.424177 1.004691 -0.157074
v 0.426650 0.997501 -0.097635
v 0.427807 1.063368 -0.178205
v 0.429181 1.121570 -0.156136
v 0.430388 1.141698 -0.096999
v 0.450467 1.010626 -0.039284
v 0.451371 1.005397 -0.156735
v 0.454649 1.121177 -0.155399
v 0.457211 1.064693 -0.177682
v 0.458819 1.065006 -0.018714
v 0.460245 1.125132 -0.037651
v 0.590266 1.086516 -0.009221
v 0.591186 1.029090 -0.020412
v 0.596977 1.118418 -0.021340
v 0.598795 1.122756 -0.068788
v 0.601677 1.017316 -0.062475
v 0.610434 1.015891 -0.128892
v 0.615006 1.102537 -0.130078
v 0.617010 1.072464 -0.144658
v 0.675035 1.032653 0.015348
v 0.688026 1.100502 0.028287
v 0.701108 1.016025 -0.040142
v 0.704023 1.111876 -0.023029
v 0.714350 1.013505 -0.105187
v 0.719442 1.098327 -0.066436
v 0.720857 1.073035 -0.116702
v 0.708179 1.035457 0.035689
v 0.723236 1.085356 0.038736
v 0.732545 1.026723 -0.004803
v 0.747891 1.018781 -0.048073
v 0.748560 1.089326 -0.004839
v 0.748560 1.089326 -0.004839
v 0.751517 1.008256 -0.086976
v 0.755140 1.014408 0.049815
v 0.764276 1.078361 -0.049507
v 0.764276 1.078361 -0.049507
v 0.767120 1.058338 0.053396
v 0.769256 1.058925 -0.093102
v 0.771573 1.008361 -0.044937
v 0.771796 1.013880 0.016212
v 0.773141 1.016271 0.006200
v 0.778898 1.000387 -0.068700
v 0.785523 1.057122 0.020198
v 0.786496 1.009664 -0.026620
v 0.791270 1.057936 0.006196
v 0.793585 1.047885 -0.043632
v 0.798952 1.037316 -0.072672
v 0.804564 1.051342 -0.029289
v 0.623144 1.033016 0.030341
v 0.633414 1.092595 0.040675
v 0.653517 1.022851 0.065722
v 0.663798 1.071449 0.075101
v 0.689195 1.024487 0.045241
v 0.698252 1.070930 0.054906
v -0.410734 1.064695 -0.012384
v -0.409398 1.127305 -0.032137
v -0.407212 1.008885 -0.032902
v -0.403713 1.121963 -0.156872
v -0.396983 1.003984 -0.157412
v -0.393520 1.061823 -0.178816
v -0.293906 1.070447 0.008135
v -0.287889 1.134971 -0.010971
v -0.285898 1.006390 -0.027540
v -0.278119 0.992884 -0.077035
v -0.276334 1.153416 -0.069610
v -0.263729 1.006073 -0.153217
v -0.260001 1.127683 -0.150317
v -0.256616 1.072897 -0.165372
v -0.460245 1.125132 -0.037651
v -0.458819 1.065006 -0.018714
v -0.457211 1.064693 -0.177682
v -0.454649 1.121177 -0.155399
v -0.451371 1.005397 -0.156735
v -0.450467 1.010626 -0.039284
v -0.430388 1.141698 -0.096999
v -0.429181 1.121570 -0.156136
v -0.427807 1.063368 -0.178205
v -0.426650 0.997502 -0.097635
v -0.424177 1.004691 -0.157074
v -0.617010 1.072464 -0.144658
v -0.615006 1.102537 -0.130078
v -0.610434 1.015891 -0.128892
v -0.601677 1.017316 -0.062475
v -0.598795 1.122756 -0.068788
v -0.596977 1.118418 -0.021340
v -0.591186 1.029090 -0.020412
v -0.590266 1.086516 -0.009221
v -0.720858 1.073035 -0.116702
v -0.719442 1.098327 -0.066436
v -0.714350 1.013505 -0.105186
v -0.704023 1.111876 -0.023029
v -0.701108 1.016025 -0.040142
v -0.688026 1.100502 0.028287
v -0.675035 1.032653 0.015348
v -0.804564 1.051342 -0.029289
v -0.798952 1.037316 -0.072672
v -0.793585 1.047885 -0.043632
v -0.791270 1.057936 0.006196
v -0.786496 1.009664 -0.026620
v -0.785523 1.057122 0.020198
v -0.778898 1.000387 -0.068700
v -0.773141 1.016271 0.006200
v -0.771796 1.013880 0.016213
v -0.771573 1.008361 -0.044936
v -0.769256 1.058925 -0.093102
v -0.767120 1.058338 0.053396
v -0.764276 1.078361 -0.049507
v -0.764276 1.078361 -0.049507
v -0.755141 1.014408 0.049815
v -0.751518 1.008256 -0.086976
v -0.748560 1.089326 -0.004839
v -0.748560 1.089326 -0.004839
v -0.747891 1.018781 -0.048073
v -0.732546 1.026723 -0.004803
v -0.723236 1.085356 0.038736
v -0.708180 1.035457 0.035689
v -0.698252 1.070930 0.054906
v -0.689195 1.024487 0.045241
v -0.663798 1.071449 0.075101
v -0.653517 1.022851 0.065722
v -0.633415 1.092595 0.040675
v -0.623144 1.033016 0.030341
vn -0.5926 0.0186 -0.8053
vn -0.5976 0.0056 -0.8018
vn -0.9965 -0.0346 0.0760
vn 0.4901 0.0376 -0.8709
vn 0.4901 0.0431 -0.8706
vn 0.9968 0.0048 -0.0803
vn 0.9968 0.0251 -0.0764
vn 0.5662 -0.0628 0.8219
vn 0.5655 -0.0513 0.8231
vn -0.5213 -0.0942 0.8482
vn -0.5212 -0.0669 0.8508
vn -0.9965 -0.0347 0.0761
vn 0.5655 -0.0513 0.8232
vn -0.5151 -0.0462 0.8559
vn -0.5212 -0.0670 0.8508
vn 0.5581 -0.0378 0.8289
vn 0.9970 0.0259 -0.0732
vn 0.9968 0.0250 -0.0764
vn -0.0287 -0.9936 -0.1089
vn -0.0098 -0.9993 -0.0348
vn -0.0288 -0.9936 -0.1089
vn -0.0084 -0.9993 -0.0351
vn 0.0006 -1.0000 0.0021
vn 0.0030 -1.0000 0.0024
vn -0.0012 -1.0000 0.0031
vn -0.9954 0.0576 0.0766
vn -0.9407 0.0259 -0.3383
vn -0.9926 -0.1213 -0.0099
vn -0.9954 0.0577 0.0766
vn -0.9087 0.2714 0.3171
vn -0.8964 0.4180 0.1473
vn -0.9458 0.0756 0.3159
vn -0.5028 0.2555 0.8258
vn -0.4940 0.5507 0.6728
vn 0.2168 0.6417 0.7357
vn 0.2773 0.3107 0.9092
vn 0.7630 0.5127 0.3936
vn 0.8499 0.1845 0.4935
vn 0.9364 0.3204 -0.1430
vn 0.9830 0.0204 -0.1823
vn 0.8902 -0.0345 -0.4543
vn 0.8447 0.4485 -0.2922
vn 0.5768 0.8110 0.0975
vn -0.0492 0.9969 -0.0616
vn 0.0780 0.9281 0.3640
vn -0.5699 0.7313 0.3746
vn -0.4706 0.7788 0.4147
vn 0.0849 0.9397 0.3312
vn 0.5559 0.8174 0.1511
vn 0.6619 -0.0342 -0.7488
vn 0.8901 -0.0346 -0.4544
vn 0.8512 -0.1935 -0.4879
vn 0.0005 -1.0000 0.0020
vn 0.2498 -0.0596 0.9665
vn 0.0012 -1.0000 0.0022
vn -0.0003 -1.0000 0.0029
vn -0.9970 0.0259 -0.0732
vn -0.5662 -0.0628 0.8219
vn -0.9968 0.0250 -0.0764
vn -0.5655 -0.0513 0.8232
vn 0.5151 -0.0462 0.8559
vn -0.5581 -0.0378 0.8289
vn 0.5212 -0.0670 0.8508
vn 0.5212 -0.0669 0.8508
vn 0.5213 -0.0942 0.8482
vn 0.9965 -0.0347 0.0761
vn -0.9968 0.0047 -0.0803
vn -0.9968 0.0251 -0.0764
vn -0.4900 0.0377 -0.8709
vn -0.4902 0.0431 -0.8705
vn 0.5926 0.0186 -0.8053
vn 0.5976 0.0056 -0.8018
vn 0.9965 -0.0347 0.0760
vn -0.2498 -0.0596 0.9665
vn -0.8901 -0.0345 -0.4544
vn -0.6619 -0.0342 -0.7488
vn -0.8512 -0.1935 -0.4879
vn 0.9089 0.2719 0.3163
vn 0.9458 0.0756 0.3160
vn 0.9953 0.0592 0.0769
vn 0.5029 0.2554 0.8257
vn 0.4940 0.5507 0.6728
vn -0.2168 0.6417 0.7357
vn -0.2773 0.3107 0.9091
vn -0.7630 0.5127 0.3936
vn -0.8499 0.1845 0.4935
vn -0.9364 0.3204 -0.1430
vn -0.9830 0.0203 -0.1823
vn -0.8902 -0.0345 -0.4543
vn -0.8447 0.4485 -0.2923
vn -0.5768 0.8110 0.0975
vn 0.0497 0.9969 -0.0616
vn -0.0780 0.9281 0.3640
vn 0.5709 0.7311 0.3736
vn 0.4706 0.7788 0.4147
vn -0.0849 0.9397 0.3312
vn -0.5559 0.8174 0.1511
vn 0.0003 -1.0000 0.0029
vn -0.0006 -1.0000 0.0021
vn 0.0098 -0.9993 -0.0348
vn 0.0012 -1.0000 0.0031
vn 0.0084 -0.9993 -0.0351
vn -0.0030 -1.0000 0.0024
vn 0.0287 -0.9936 -0.1089
vn 0.0288 -0.9936 -0.1089
vn -0.0012 -1.0000 0.0022
vn 0.8520 0.4097 -0.3258
vn 0.9406 0.0260 -0.3384
vn 0.2319 0.1061 -0.9669
vn 0.9953 0.0592 0.0768
vn 0.9926 -0.1213 -0.0099
vn -0.0005 -1.0000 0.0020
vn -0.9052 0.4235 -0.0354
vn -0.7419 0.1494 0.6536
vn -0.9855 0.1553 -0.0686
vn 0.7419 0.1494 0.6536
vn 0.9052 0.4235 -0.0353
vn 0.9855 0.1553 -0.0686
vn 0.8938 -0.0209 -0.4481
vn 0.8937 -0.0209 -0.4481
vn -0.9559 -0.0175 -0.2930
vn -0.9559 -0.0174 -0.2930
vn -0.9559 -0.0175 -0.2931
vn -0.9560 -0.0174 -0.2930
vn -0.8366 -0.1712 -0.5203
vn -0.8367 -0.1712 -0.5203
vn 0.9728 0.0991 0.2093
vn 0.8495 0.1424 0.5080
vn 0.4918 0.1544 0.8569
vn 0.3314 0.0667 0.9411
vn 0.3314 0.0666 0.9411
vn -0.0000 -0.0003 1.0000
vn -0.0000 -0.0004 1.0000
vn -0.3308 0.0663 0.9414
vn -0.4917 0.1537 0.8571
vn -0.8498 0.1419 0.5076
vn -0.9728 0.0991 0.2093
vn -0.9728 0.0991 0.2092
vn -0.9862 -0.0579 -0.1554
vn -0.9848 -0.1475 -0.0918
vn -0.9303 -0.3660 0.0229
vn -0.9238 -0.3821 0.0256
vn -0.8694 -0.1388 -0.4741
vn -0.4253 -0.5693 -0.7036
vn -0.5822 -0.2807 -0.7630
vn -0.5640 -0.1329 -0.8150
vn -0.0000 -0.3142 -0.9494
vn -0.0000 -0.1603 -0.9871
vn 0.5640 -0.1329 -0.8150
vn 0.5822 -0.2807 -0.7630
vn 0.8695 -0.1388 -0.4741
vn 0.4253 -0.5693 -0.7036
vn 0.9238 -0.3821 0.0256
vn 0.9848 -0.1475 -0.0918
vn 0.9862 -0.0579 -0.1554
vn 0.9303 -0.3660 0.0229
vn 0.2093 -0.9385 -0.2745
vn -0.0259 -0.6362 -0.7711
vn -0.8405 -0.1677 -0.5151
vn -0.2062 0.2651 -0.9419
vn -0.7844 0.5442 -0.2976
vn -0.9850 0.1335 -0.1097
vn -0.7875 -0.1538 -0.5968
vn -0.2093 -0.9385 -0.2745
vn 0.0259 -0.6362 -0.7711
vn 0.8405 -0.1677 -0.5151
vn 0.2062 0.2651 -0.9419
vn 0.7844 0.5442 -0.2976
vn 0.9850 0.1335 -0.1097
vn -0.9842 -0.0980 -0.1473
vn -0.9435 -0.0750 0.3228
vn -0.9367 0.0049 0.3500
vn -0.9003 -0.1635 -0.4034
vn -0.5489 -0.3271 -0.7692
vn -0.0000 -0.3597 -0.9331
vn 0.5489 -0.3271 -0.7692
vn 0.7875 -0.1538 -0.5968
vn 0.9003 -0.1635 -0.4034
vn 0.8907 -0.0986 -0.4439
vn 0.9367 0.0049 0.3500
vn 0.9842 -0.0980 -0.1473
vn 0.9473 0.0096 0.3201
vn 0.9435 -0.0750 0.3228
vn 0.9831 0.0872 -0.1610
vn 0.9894 0.0837 -0.1186
vn 0.9317 0.2935 -0.2138
vn 0.8116 0.0997 -0.5756
vn 0.4985 -0.2643 -0.8256
vn 0.8513 0.5242 0.0228
vn 0.6870 0.6608 -0.3022
vn 0.6192 0.7841 -0.0414
vn 0.9409 0.2935 0.1690
vn 0.9077 0.4145 0.0659
vn 0.9033 0.4278 0.0339
vn 0.6810 0.6492 0.3388
vn 0.7898 0.0313 0.6126
vn 0.4421 -0.0007 -0.8970
vn 0.5898 0.4967 -0.6367
vn 0.2946 0.4279 -0.8545
vn 0.2475 0.7261 -0.6415
vn -0.0000 -0.3205 -0.9473
vn -0.0000 -0.0265 -0.9996
vn -0.0000 0.4286 -0.9035
vn -0.0000 0.7567 -0.6537
vn 0.2875 0.8957 -0.3392
vn -0.2875 0.8957 -0.3392
vn -0.2475 0.7261 -0.6415
vn -0.2946 0.4279 -0.8545
vn -0.4421 -0.0007 -0.8970
vn -0.4985 -0.2643 -0.8256
vn -0.8907 -0.0986 -0.4439
vn -0.9831 0.0872 -0.1610
vn -0.9473 0.0096 0.3201
vn -0.6870 0.6608 -0.3022
vn -0.8513 0.5242 0.0228
vn -0.6192 0.7841 -0.0414
vn -0.9317 0.2935 -0.2139
vn -0.5898 0.4967 -0.6367
vn -0.8116 0.0997 -0.5756
vn -0.9409 0.2935 0.1690
vn -0.6772 0.6153 0.4035
vn -0.6984 0.5110 0.5011
vn -0.9077 0.4145 0.0659
vn -0.9894 0.0837 -0.1186
vn -0.6180 0.7549 0.2196
vn -0.2856 0.8785 0.3830
vn -0.2883 0.6186 0.7309
vn 0.0004 0.8606 0.5092
vn -0.0455 0.6068 0.7935
vn 0.0466 0.6071 0.7933
vn -0.0627 0.5194 0.8522
vn 0.2374 0.7205 0.6516
vn 0.2894 0.6187 0.7303
vn 0.2861 0.8786 0.3824
vn -0.0000 1.0000 -0.0013
vn -0.2970 0.9547 -0.0176
vn -0.0000 0.9377 -0.3475
vn 0.2970 0.9547 -0.0176
vn 0.6180 0.7549 0.2196
vn 0.6984 0.5111 0.5011
vn 0.6772 0.6153 0.4035
vn 0.2264 0.7060 0.6710
vn 0.2891 -0.2056 0.9350
vn -0.2159 0.5424 0.8119
vn -0.1828 0.3605 0.9147
vn 0.0046 0.3376 0.9413
vn 0.0053 0.2664 0.9638
vn 0.0009 0.0033 1.0000
vn -0.2402 -0.1648 0.9566
vn -0.2445 -0.2445 0.9383
vn -0.2185 -0.1968 0.9558
vn 0.2333 -0.1664 0.9581
vn 0.2357 -0.2448 0.9405
vn 0.1889 0.3659 0.9113
vn 0.0658 0.5232 0.8497
vn -0.2368 0.7207 0.6516
vn -0.9032 0.4278 0.0339
vn -0.7898 0.0313 0.6126
vn -0.6810 0.6492 0.3388
vn -0.2264 0.7060 0.6710
vn 0.2160 0.5443 0.8106
vn -0.5523 -0.3717 0.7462
vn -0.6524 0.1401 0.7448
vn -0.1909 -0.7244 0.6624
vn -0.2891 -0.2056 0.9350
vn -0.5296 0.4358 0.7277
vn -0.6661 0.1574 0.7291
vn -0.6524 0.4424 0.6154
vn -0.8364 0.3645 0.4092
vn -0.6904 0.6268 0.3612
vn -0.0000 0.3233 0.9463
vn 0.2139 -0.1950 0.9572
vn 0.6904 0.6268 0.3612
vn 0.6524 0.4424 0.6154
vn -0.0000 0.8454 0.5341
vn -0.5562 0.7695 0.3139
vn -0.8518 0.1768 0.4931
vn -0.8099 -0.3153 0.4945
vn -0.6009 0.1890 0.7767
vn -0.8272 -0.0182 0.5617
vn -0.8862 -0.1916 0.4219
vn -0.9907 0.1093 0.0813
vn 0.1909 -0.7244 0.6624
vn 0.5523 -0.3717 0.7462
vn 0.6524 0.1401 0.7448
vn 0.5296 0.4358 0.7277
vn 0.6661 0.1574 0.7291
vn 0.8364 0.3645 0.4092
vn -0.0000 0.1029 0.9947
vn -0.5787 -0.5978 0.5547
vn -0.0000 0.6853 0.7282
vn -0.0000 0.9800 0.1989
vn 0.5562 0.7695 0.3139
vn 0.8518 0.1768 0.4931
vn 0.8099 -0.3153 0.4945
vn 0.6009 0.1890 0.7767
vn 0.8272 -0.0182 0.5617
vn 0.8862 -0.1916 0.4219
vn 0.5787 -0.5978 0.5548
vn -0.0000 -0.9637 0.2671
vn -0.0000 -0.8880 0.4598
vn -0.0000 -0.5102 0.8601
vn 0.9907 0.1093 0.0812
vn 0.9742 -0.2099 0.0825
vn 0.9419 -0.1868 0.2792
vn 0.9029 -0.2642 0.3392
vn 0.8795 -0.3250 0.3476
vn -0.0000 -1.0000 -0.0070
vn -0.4086 -0.8973 0.1670
vn -0.5186 -0.8546 0.0281
vn -0.2368 -0.8814 0.4087
vn -0.0000 -0.8590 0.5120
vn 0.2368 -0.8814 0.4087
vn 0.4086 -0.8973 0.1671
vn 0.5186 -0.8546 0.0281
vn -0.7163 -0.2429 0.6541
vn -0.4307 0.6534 0.6225
vn -0.4269 0.7248 0.5408
vn -0.4307 0.6534 0.6226
vn -0.0000 0.8367 0.5476
vn -0.3556 0.4942 0.7933
vn 0.4269 0.7248 0.5408
vn 0.3557 0.4942 0.7932
vn 0.4307 0.6534 0.6226
vn 0.7163 -0.2429 0.6541
vn -0.7163 -0.2429 0.6542
vn 0.1647 -0.9649 0.2047
vn 0.2816 -0.9433 0.1760
vn 0.8367 -0.1712 -0.5203
vn 0.8366 -0.1713 -0.5203
vn 0.8366 -0.1712 -0.5203
vn -0.8937 -0.0209 -0.4481
vn -0.8938 -0.0209 -0.4481
vn 0.9559 -0.0174 -0.2930
vn 0.9559 -0.0175 -0.2930
vn 0.9559 -0.0175 -0.2931
vn 0.9560 -0.0174 -0.2930
vn -0.7477 -0.1820 0.6386
vn -0.4268 0.7249 0.5407
vn -0.4306 0.6534 0.6226
vn -0.4610 -0.4979 0.7345
vn -0.7024 -0.5868 0.4029
vn -0.3197 -0.6962 0.6427
vn -0.4494 -0.6988 0.5565
vn -0.0000 -0.7501 0.6614
vn -0.0000 -0.7482 0.6635
vn 0.3197 -0.6963 0.6427
vn 0.4494 -0.6988 0.5565
vn 0.7024 -0.5868 0.4029
vn 0.4610 -0.4979 0.7346
vn 0.7477 -0.1820 0.6386
vn 0.3557 0.4942 0.7933
vn 0.4268 0.7249 0.5407
vn 0.4306 0.6534 0.6226
vn -0.0000 -0.5300 0.8480
vn -0.0000 0.8367 0.5477
vn 0.1164 -0.6665 0.7363
vn 0.9676 0.2424 -0.0708
vn 0.4934 0.2732 0.8258
vn 0.5675 -0.7711 -0.2888
vn 0.5330 -0.8140 -0.2309
vn 0.6233 0.2821 0.7293
vn 0.1824 -0.6387 0.7475
vn 0.9552 0.1560 -0.2515
vn 0.4602 -0.8722 -0.1657
vn 0.7585 0.1653 0.6303
vn 0.1451 -0.6345 0.7592
vn 0.9428 -0.0160 -0.3328
vn -0.9552 0.1559 -0.2515
vn -0.5330 -0.8140 -0.2309
vn -0.6233 0.2821 0.7293
vn -0.1824 -0.6387 0.7475
vn -0.9429 -0.0160 -0.3328
vn -0.4602 -0.8722 -0.1657
vn -0.7586 0.1653 0.6302
vn -0.1451 -0.6345 0.7592
vn -0.5675 -0.7710 -0.2888
vn -0.1164 -0.6665 0.7363
vn -0.9676 0.2424 -0.0708
vn -0.4934 0.2732 0.8258
vn -0.9977 -0.0594 0.0313
vn -0.7568 0.2138 -0.6177
vn -0.9944 0.0633 0.0842
vn -0.7639 0.1308 -0.6319
vn -0.0000 0.2835 -0.9590
vn -0.0000 0.2130 -0.9770
vn 0.7639 0.1307 -0.6319
vn 0.7568 0.2138 -0.6177
vn 0.9977 -0.0595 0.0313
vn 0.9944 0.0633 0.0842
vn 0.7314 -0.0584 0.6795
vn 0.7133 -0.2613 0.6503
vn -0.0000 -0.2119 0.9773
vn -0.0000 -0.0916 0.9958
vn -0.7314 -0.0584 0.6795
vn -0.7133 -0.2613 0.6503
vn -0.9742 -0.2099 0.0824
vn -0.9419 -0.1868 0.2792
vn -0.9029 -0.2642 0.3392
vn -0.8795 -0.3249 0.3477
vn -0.9934 0.1014 0.0539
vn -0.9987 -0.0088 -0.0502
vn -0.9427 -0.0959 0.3196
vn -0.9861 -0.0579 -0.1555
vn -0.9907 0.1094 0.0812
vn -0.8857 0.2148 0.4115
vn -0.9065 0.0014 0.4223
vn -0.8724 -0.3675 0.3224
vn -0.8224 -0.2029 0.5315
vn -0.5754 0.3037 0.7594
vn -0.5766 0.3277 0.7484
vn 0.8006 0.5007 0.3290
vn 0.5766 0.3277 0.7484
vn 0.8857 0.2148 0.4115
vn 0.5082 0.6545 0.5598
vn -0.0000 0.6585 0.7525
vn -0.0000 0.3597 0.9331
vn 0.5754 0.3037 0.7594
vn -0.0000 0.3995 0.9167
vn -0.5082 0.6545 0.5598
vn -0.8006 0.5007 0.3290
vn -0.8047 0.5489 0.2262
vn -0.6220 0.6986 0.3537
vn -0.4352 0.7625 0.4788
vn -0.0000 0.7994 0.6008
vn 0.4352 0.7625 0.4788
vn 0.6220 0.6986 0.3537
vn 0.8047 0.5489 0.2262
vn 0.9907 0.1094 0.0812
vn 0.9934 0.1014 0.0539
vn 0.9861 -0.0579 -0.1555
vn 0.9987 -0.0088 -0.0502
vn 0.9427 -0.0959 0.3196
vn 0.9065 0.0014 0.4223
vn 0.7163 -0.2429 0.6542
vn 0.8724 -0.3675 0.3224
vn 0.5185 -0.8546 0.0280
vn 0.8224 -0.2028 0.5315
vn 0.8683 -0.2587 0.4232
vn 0.5982 -0.0345 0.8006
vn -0.0000 0.0701 0.9975
vn -0.5982 -0.0345 0.8006
vn -0.8683 -0.2587 0.4233
vn -0.5185 -0.8546 0.0281
vn -0.4086 -0.8973 0.1671
vn -0.2367 -0.8814 0.4087
vn 0.2367 -0.8814 0.4087
vn -0.6590 -0.6683 0.3449
vn 0.1462 -0.1183 -0.9822
vn -0.8398 -0.4031 0.3637
vn 0.0143 0.0340 -0.9993
vn 0.4743 0.5062 0.7203
vn 0.5364 0.4414 0.7193
vn 0.3213 0.5973 0.7348
vn -0.1809 -0.9676 0.1761
vn -0.2420 0.2453 -0.9387
vn -0.4290 0.3011 -0.8516
vn 0.1546 0.5886 0.7935
vn 0.2398 -0.9691 -0.0574
vn 0.5870 -0.7389 -0.3308
vn 0.0564 0.5163 0.8545
vn -0.6623 0.1089 -0.7412
vn -0.5720 -0.7260 -0.3817
vn 0.1587 -0.7624 0.6273
vn 0.5254 -0.8296 -0.1891
vn -0.7071 -0.2705 0.6534
vn -0.0492 -0.0480 -0.9976
vn 0.0852 -0.1544 -0.9843
vn -0.5136 -0.5460 0.6619
vn 0.5939 0.6097 0.5249
vn 0.7066 0.4967 0.5039
vn -0.2688 0.0740 -0.9603
vn -0.0318 -0.8638 0.5029
vn 0.3330 0.7310 0.5956
vn -0.3925 0.1002 -0.9143
vn 0.3632 -0.8887 0.2798
vn 0.0967 0.6979 0.7096
vn -0.0165 0.5901 0.8071
vn 0.7662 -0.6425 -0.0128
vn -0.5168 -0.0539 -0.8544
vn -0.0839 -0.6325 0.7700
vn 0.6299 -0.7767 0.0023
vn -0.4028 -0.8819 -0.2449
vn 0.4315 0.0319 -0.9015
vn 0.6221 0.4915 -0.6095
vn 0.5640 0.0379 -0.8249
vn 0.5263 0.5652 -0.6353
vn 0.6741 0.7247 -0.1430
vn 0.6008 0.7952 -0.0817
vn 0.7891 0.5166 0.3322
vn 0.7182 0.5813 0.3824
vn 0.7910 0.0246 0.6113
vn 0.8206 -0.0286 0.5708
vn 0.7646 -0.5533 0.3305
vn 0.7893 -0.5407 0.2909
vn 0.6324 -0.7651 -0.1214
vn 0.6777 -0.7274 -0.1078
vn 0.6446 -0.4908 -0.5862
vn 0.5429 -0.5412 -0.6421
vn -0.4535 -0.6864 -0.5685
vn -0.5212 0.0101 -0.8534
vn -0.6245 0.6170 -0.4788
vn -0.3982 0.9086 0.1257
vn -0.3699 0.6516 0.6623
vn -0.1806 0.0332 0.9830
vn -0.2008 -0.7173 0.6671
vn -0.2595 -0.9644 0.0510
vn -0.8075 -0.5747 0.1332
vn -0.6343 -0.4861 0.6011
vn -0.7137 0.1909 0.6740
vn -0.8207 0.5467 0.1661
vn -0.9037 0.1557 -0.3988
vn -0.8093 -0.4641 -0.3601
vn -0.9816 0.1078 0.1576
vn -0.8206 -0.0286 0.5708
vn -0.7893 -0.5407 0.2909
vn -0.7646 -0.5533 0.3305
vn -0.6324 -0.7651 -0.1214
vn -0.6777 -0.7274 -0.1078
vn -0.6446 -0.4908 -0.5862
vn -0.5429 -0.5412 -0.6421
vn -0.5640 0.0379 -0.8249
vn -0.4315 0.0319 -0.9015
vn -0.6221 0.4915 -0.6095
vn -0.5263 0.5652 -0.6353
vn -0.6741 0.7247 -0.1430
vn -0.6008 0.7952 -0.0817
vn -0.7891 0.5166 0.3322
vn -0.7182 0.5813 0.3824
vn -0.7910 0.0246 0.6113
vn 0.2008 -0.7173 0.6671
vn 0.2595 -0.9644 0.0510
vn 0.4535 -0.6864 -0.5685
vn 0.5212 0.0100 -0.8534
vn 0.6245 0.6170 -0.4788
vn 0.3982 0.9086 0.1257
vn 0.3699 0.6516 0.6623
vn 0.1806 0.0332 0.9830
vn 0.6343 -0.4861 0.6011
vn 0.8075 -0.5747 0.1332
vn 0.8093 -0.4641 -0.3601
vn 0.9037 0.1557 -0.3988
vn 0.8207 0.5467 0.1661
vn 0.7137 0.1909 0.6740
vn 0.9816 0.1078 0.1576
vn -0.9962 -0.0350 0.0792
vn 0.5644 -0.0808 0.8215
vn -0.5191 -0.1004 0.8488
vn -0.9965 -0.0102 0.0825
vn -0.5977 0.0224 -0.8014
vn 0.4904 0.0385 -0.8707
vn 0.4900 0.0375 -0.8709
vn -0.5644 -0.0808 0.8215
vn 0.5191 -0.1004 0.8488
vn 0.9962 -0.0350 0.0792
vn 0.9965 -0.0102 0.0825
vn 0.5976 0.0223 -0.8015
vn -0.4904 0.0385 -0.8707
vn -0.4900 0.0375 -0.8709
vn -0.8945 0.2214 0.3885
vn -0.8103 0.2173 0.5442
vn -0.6714 0.3206 0.6682
vn -0.9610 0.1594 0.2258
vn -0.9425 0.2438 -0.2284
vn -0.9426 0.2438 -0.2284
vn -0.6304 0.2577 -0.7322
vn -0.0000 0.2466 -0.9691
vn -0.0000 0.2468 -0.9691
vn 0.6304 0.2577 -0.7322
vn 0.9425 0.2438 -0.2284
vn 0.9426 0.2438 -0.2284
vn 0.9610 0.1594 0.2258
vn 0.8945 0.2214 0.3885
vn 0.8103 0.2173 0.5442
vn 0.6714 0.3206 0.6682
vn -0.9953 -0.0110 0.0961
vn -0.5213 -0.0670 0.8508
vn -0.5152 -0.0462 0.8558
vn -0.5808 0.0395 -0.8131
vn 0.4922 0.0388 -0.8696
vn 0.9968 0.0047 -0.0803
vn 0.9979 -0.0046 -0.0646
vn 0.5582 -0.0378 0.8289
vn 0.5483 -0.0169 0.8361
vn -0.4939 -0.0233 0.8692
vn -0.1237 -0.6523 0.7478
vn 0.5284 -0.2915 0.7974
vn 0.9684 -0.2486 -0.0216
vn 0.5214 -0.3001 -0.7988
vn 0.5041 0.0096 -0.8636
vn -0.5805 0.0041 -0.8143
vn -0.4382 -0.4766 -0.7622
vn -0.0000 -0.7397 -0.6730
vn 0.5270 -0.5358 -0.6597
vn 0.9050 -0.4254 0.0014
vn 0.5123 -0.5859 0.6280
vn 0.2261 -0.7372 0.6368
vn -0.0000 -0.8431 0.5378
vn -0.0000 -0.9877 0.1566
vn 0.4382 -0.4766 -0.7622
vn 0.9953 -0.0109 0.0962
vn 0.1238 -0.6523 0.7478
vn -0.2261 -0.7372 0.6368
vn -0.0000 -0.6368 0.7710
vn 0.2717 -0.5963 0.7554
vn 0.6457 -0.4734 0.5992
vn 0.9208 -0.3901 0.0036
vn 0.5665 -0.5192 -0.6399
vn -0.0000 -0.5952 -0.8036
vn -0.5270 -0.5358 -0.6597
vn -0.5665 -0.5192 -0.6399
vn -0.9050 -0.4254 0.0014
vn -0.9208 -0.3901 0.0036
vn -0.6457 -0.4734 0.5992
vn -0.5123 -0.5859 0.6280
vn -0.2717 -0.5963 0.7554
vn -0.5284 -0.2915 0.7974
vn -0.9684 -0.2486 -0.0216
vn -0.5214 -0.3001 -0.7988
vn 0.5807 0.0396 -0.8132
vn -0.4924 0.0389 -0.8695
vn -0.9979 -0.0045 -0.0645
vn -0.5042 0.0096 -0.8635
vn 0.5804 0.0041 -0.8143
vn -0.5483 -0.0169 0.8361
vn 0.4939 -0.0233 0.8692
vn -0.5582 -0.0378 0.8289
vn 0.5152 -0.0462 0.8558
vn 0.5213 -0.0670 0.8508
vn -0.8518 0.4091 -0.3271
vn -0.9954 0.0578 0.0765
vn -0.8965 0.4180 0.1472
vn -0.9406 0.0260 -0.3384
vn -0.2318 0.1061 -0.9670
vn -0.2212 0.4760 -0.8512
vn 0.5756 0.3692 -0.7296
vn 0.8901 -0.0345 -0.4544
vn 0.8447 0.4485 -0.2923
vn -0.0492 0.9969 -0.0617
vn 0.5710 0.7311 0.3736
vn 0.8963 0.4184 0.1469
vn 0.0497 0.9969 -0.0617
vn 0.8520 0.4098 -0.3258
vn 0.2212 0.4760 -0.8512
vn 0.2318 0.1061 -0.9670
vn -0.5756 0.3692 -0.7296
vn -0.8447 0.4484 -0.2923
vn -0.7090 0.1361 0.6919
vn -0.6930 0.2619 0.6717
vn -0.9867 0.1627 0.0019
vn -0.0000 0.2509 0.9680
vn -0.0000 0.1146 0.9934
vn 0.7090 0.1361 0.6919
vn 0.6930 0.2619 0.6717
vn 0.9867 0.1627 0.0020
vn 0.9632 0.2686 -0.0026
vn 0.6839 0.2206 -0.6954
vn 0.6912 0.1202 -0.7126
vn -0.0000 0.1726 -0.9850
vn -0.0000 0.0705 -0.9975
vn -0.6912 0.1202 -0.7126
vn -0.6839 0.2206 -0.6954
vn -0.9632 0.2686 -0.0026
vn -0.6339 0.4938 0.5952
vn -0.0000 0.4972 0.8676
vn 0.6339 0.4938 0.5952
vn 0.8947 0.4463 -0.0187
vn 0.6492 0.3901 -0.6530
vn -0.0000 0.3509 -0.9364
vn -0.6492 0.3901 -0.6530
vn -0.8947 0.4463 -0.0187
vn -0.6496 0.4818 0.5881
vn -0.0000 0.4765 0.8792
vn 0.6497 0.4817 0.5881
vn 0.9052 0.4235 -0.0354
vn 0.6471 0.3865 -0.6571
vn -0.0000 0.3535 -0.9354
vn -0.6471 0.3865 -0.6571
vn -0.9855 0.1552 -0.0687
vn -0.6689 0.2061 -0.7142
vn -0.0000 0.1989 -0.9800
vn 0.6689 0.2061 -0.7142
vn 0.9855 0.1552 -0.0687
vn -0.5549 0.0519 0.8303
vn -0.9473 0.0841 0.3091
vn -0.9701 0.0975 -0.2221
vn -0.6647 0.1034 -0.7399
vn -0.3491 0.1075 -0.9309
vn 0.5549 0.0519 0.8303
vn 0.9473 0.0841 0.3091
vn 0.9701 0.0975 -0.2221
vn 0.6647 0.1034 -0.7399
vn 0.3491 0.1075 -0.9309
vn 0.6439 0.7555 -0.1210
vn -0.0000 0.9698 0.2439
vn 0.6275 0.7786 0.0048
vn -0.0000 0.9874 -0.1580
vn -0.6439 0.7555 -0.1209
vn -0.6275 0.7786 0.0048
vn -0.4762 0.8011 0.3626
vn -0.3185 0.7577 0.5696
vn 0.3185 0.7577 0.5696
vn 0.4762 0.8011 0.3626
vn -0.7627 -0.0243 -0.6463
vn -0.9977 -0.0596 0.0313
vn -0.0000 -0.0224 -0.9997
vn -0.0000 0.2131 -0.9770
vn 0.7639 0.1308 -0.6319
vn 0.7627 -0.0243 -0.6463
vn 0.9977 -0.0596 0.0313
vn 0.9758 -0.2165 -0.0292
vn 0.7723 -0.5318 0.3475
vn 0.7133 -0.2614 0.6502
vn 0.4511 -0.5651 0.6907
vn -0.0000 -0.5714 0.8207
vn -0.4512 -0.5651 0.6907
vn -0.7133 -0.2614 0.6503
vn -0.7723 -0.5318 0.3475
vn -0.9758 -0.2165 -0.0292
vn -0.8695 -0.1387 -0.4741
vn -0.0000 -0.1602 -0.9871
vn 0.8694 -0.1387 -0.4741
vn -0.9663 -0.2511 0.0560
vn -0.9987 -0.0089 -0.0502
vn -0.9303 -0.3661 0.0228
vn -0.8215 -0.2930 0.4892
vn -0.7025 -0.5868 0.4028
vn -0.7722 -0.5319 0.3474
vn -0.4494 -0.6989 0.5564
vn -0.4511 -0.5652 0.6907
vn -0.0000 -0.7501 0.6613
vn 0.4512 -0.5652 0.6906
vn 0.4494 -0.6989 0.5564
vn 0.7722 -0.5319 0.3474
vn 0.7025 -0.5868 0.4028
vn 0.9303 -0.3661 0.0228
vn 0.8215 -0.2930 0.4892
vn 0.8224 -0.2029 0.5315
vn 0.9663 -0.2511 0.0560
vn 0.9987 -0.0089 -0.0502
vn 0.5641 0.0379 -0.8248
vn -0.0219 0.0133 -0.9997
vn 0.6221 0.4914 -0.6095
vn 0.0026 0.7115 -0.7026
vn 0.6741 0.7246 -0.1430
vn 0.0680 0.9943 -0.0820
vn 0.7892 0.5166 0.3321
vn 0.1371 0.7198 0.6805
vn 0.8207 -0.0287 0.5707
vn 0.1409 -0.0516 0.9887
vn 0.0965 -0.7721 0.6281
vn 0.7893 -0.5407 0.2908
vn 0.0491 -0.9982 0.0332
vn 0.6777 -0.7273 -0.1078
vn -0.0074 -0.7675 -0.6410
vn 0.0222 0.0073 -0.9997
vn 0.0215 0.7186 -0.6950
vn 0.1023 0.7334 -0.6720
vn 0.1112 0.0272 -0.9934
vn 0.1031 -0.7905 -0.6038
vn 0.0317 -0.7819 -0.6226
vn 0.1554 -0.7974 -0.5830
vn 0.2233 0.0715 -0.9721
vn 0.2273 0.7750 -0.5896
vn 0.1366 0.9870 -0.0848
vn -0.1750 0.8316 0.5271
vn 0.0389 0.7454 0.6654
vn 0.2369 0.8386 0.4905
vn -0.5378 0.5144 0.6679
vn 0.2684 0.9626 0.0365
vn 0.3475 0.8923 -0.2881
vn 0.3751 0.3893 -0.8413
vn 0.1102 -0.9074 -0.4056
vn 0.0203 -0.9923 0.1225
vn -0.2187 -0.8301 0.5130
vn 0.0618 -0.9767 0.2057
vn 0.6171 0.6670 -0.4174
vn 0.3725 0.8259 0.4232
vn 0.0229 -0.0008 0.9997
vn 0.0640 -0.7435 0.6656
vn -0.5594 0.0742 0.8256
vn -0.6706 -0.5711 0.4734
vn -0.1886 -0.6786 0.7099
vn 0.6992 -0.7092 0.0904
vn 0.8546 0.1646 0.4926
vn 0.0367 0.4399 0.8973
vn 0.6040 0.7844 -0.1412
vn 0.0271 0.5766 0.8166
vn -0.3642 -0.6485 0.6684
vn -0.0609 -0.9849 0.1623
vn 0.0141 -0.9857 0.1679
vn -0.0981 -0.9801 0.1725
vn 0.5675 -0.7710 -0.2888
vn 0.1164 -0.6665 0.7364
vn 0.1825 -0.6387 0.7475
vn 0.6233 0.2820 0.7294
vn 0.9552 0.1559 -0.2515
vn 0.7586 0.1653 0.6302
vn 0.5388 0.8035 0.2531
vn 0.9429 -0.0161 -0.3328
vn 0.6035 0.4507 -0.6578
vn 0.0628 -0.8695 -0.4900
vn 0.4602 -0.8722 -0.1656
vn -0.8207 -0.0287 0.5707
vn -0.7892 0.5166 0.3322
vn -0.1371 0.7198 0.6805
vn -0.0680 0.9943 -0.0820
vn -0.6741 0.7246 -0.1430
vn -0.0026 0.7115 -0.7026
vn -0.6221 0.4915 -0.6094
vn 0.0219 0.0133 -0.9997
vn -0.5641 0.0379 -0.8248
vn 0.0074 -0.7675 -0.6410
vn -0.6778 -0.7273 -0.1078
vn -0.0491 -0.9982 0.0332
vn -0.7894 -0.5406 0.2909
vn -0.2369 0.8386 0.4905
vn 0.1750 0.8316 0.5271
vn -0.1366 0.9870 -0.0848
vn -0.2273 0.7750 -0.5896
vn -0.1023 0.7334 -0.6720
vn -0.0214 0.7186 -0.6951
vn -0.0222 0.0073 -0.9997
vn -0.0317 -0.7819 -0.6226
vn -0.1031 -0.7905 -0.6038
vn -0.1112 0.0272 -0.9934
vn -0.2233 0.0715 -0.9721
vn -0.3751 0.3893 -0.8413
vn -0.3475 0.8923 -0.2881
vn -0.2684 0.9626 0.0365
vn -0.6040 0.7844 -0.1412
vn -0.0271 0.5766 0.8166
vn -0.4934 0.2731 0.8258
vn -0.1164 -0.6665 0.7364
vn 0.3642 -0.6485 0.6684
vn -0.0618 -0.9767 0.2057
vn 0.0609 -0.9849 0.1623
vn -0.8546 0.1646 0.4926
vn -0.6992 -0.7092 0.0904
vn 0.1886 -0.6786 0.7099
vn -0.0367 0.4399 0.8973
vn 0.5378 0.5144 0.6679
vn 0.6706 -0.5711 0.4734
vn -0.0229 -0.0008 0.9997
vn -0.0640 -0.7435 0.6656
vn -0.1409 -0.0516 0.9887
vn -0.0965 -0.7721 0.6281
vn 0.2187 -0.8301 0.5130
vn -0.0203 -0.9923 0.1225
vn 0.5594 0.0742 0.8256
vn -0.0389 0.7454 0.6654
vn -0.6035 0.4507 -0.6578
vn -0.0628 -0.8695 -0.4900
vn -0.1102 -0.9074 -0.4056
vn 0.0981 -0.9801 0.1725
vn -0.0141 -0.9857 0.1679
vn -0.1554 -0.7974 -0.5830
vn -0.7586 0.1652 0.6303
vn -0.5388 0.8035 0.2531
vn -0.6233 0.2820 0.7294
vn -0.3725 0.8259 0.4233
vn -0.1825 -0.6387 0.7475
vn -0.6171 0.6670 -0.4174
vt 0.714329 0.536742
vt 0.714329 0.536742
vt 0.217390 0.341641
vt 0.217390 0.341641
vt 0.217390 0.341641
vt 0.217390 0.341641
vt 0.656137 0.530021
vt 0.656137 0.530021
vt 0.656137 0.530021
vt 0.656137 0.530021
vt 0.656137 0.530021
vt 0.656137 0.530021
vt 0.656137 0.530021
vt 0.656137 0.530021
vt 0.656137 0.530021
vt 0.656137 0.530021
vt 0.714621 0.106032
vt 0.714621 0.106032
vt 0.714621 0.106032
vt 0.854248 0.149255
vt 0.589704 0.406020
vt 0.589704 0.406020
vt 0.589704 0.406019
vt 0.589704 0.406019
vt 0.589704 0.406019
vt 0.589704 0.406020
vt 0.589704 0.406020
vt 0.589704 0.406020
vt 0.589704 0.406019
vt 0.589704 0.406019
vt 0.589704 0.406020
vt 0.589704 0.406020
vt 0.651770 0.822562
vt 0.651770 0.843316
vt 0.651770 0.835169
vt 0.651770 0.845072
vt 0.651770 0.841824
vt 0.651770 0.843316
vt 0.651770 0.835169
vt 0.651770 0.825996
vt 0.651770 0.834221
vt 0.651770 0.840560
vt 0.651770 0.851735
vt 0.651770 0.848638
vt 0.651770 0.840560
vt 0.651770 0.834221
vt 0.651770 0.825996
vt 0.726041 0.608190
vt 0.726041 0.608191
vt 0.726041 0.608190
vt 0.873177 0.140561
vt 0.873177 0.140561
vt 0.217408 0.285357
vt 0.591625 0.409658
vt 0.591625 0.409658
vt 0.591625 0.409658
vt 0.591625 0.409658
vt 0.591625 0.409658
vt 0.873177 0.140562
vt 0.873177 0.140561
vt 0.873177 0.140561
vt 0.873177 0.140561
vt 0.715928 0.107380
vt 0.715928 0.107380
vt 0.715928 0.107380
vt 0.715928 0.107380
vt 0.715928 0.107380
vt 0.217390 0.341641
vt 0.217390 0.341641
vt 0.217390 0.341641
vt 0.412432 0.528409
vt 0.412432 0.528409
vt 0.412432 0.528409
vt 0.412432 0.528409
vt 0.412432 0.528409
vt 0.412432 0.528409
vt 0.217390 0.341641
vt 0.217390 0.341641
vt 0.217390 0.341641
vt 0.217390 0.341641
vt 0.217390 0.341641
vt 0.217390 0.341641
vt 0.217390 0.341641
vt 0.217390 0.341641
vt 0.217390 0.341641
vt 0.714621 0.106032
vt 0.714621 0.106032
vt 0.714621 0.106032
vt 0.714621 0.106032
vt 0.714621 0.106032
vt 0.714621 0.106032
vt 0.591625 0.409658
vt 0.591625 0.409658
vt 0.591625 0.409657
vt 0.591625 0.409658
s 1
f 3/1/1 4/1/2 1/2/3
f 4/1/2 3/1/1 11/2/4
f 10/1/5 11/2/4 3/1/1
f 17/1/6 11/2/4 10/1/5
f 11/2/4 17/1/6 19/2/7
f 19/2/7 17/1/6 15/2/8
f 13/1/9 15/2/8 17/1/6
f 15/2/8 13/1/9 7/1/10
f 6/1/11 7/1/10 13/1/9
f 7/1/10 6/1/11 2/2/12
f 12/3/13 8/4/14 5/5/15
f 8/4/14 12/3/13 16/5/16
f 14/3/8 54/6/17 18/6/18
f 47/7/19 33/8/20 22/9/21
f 56/8/22 33/8/20 47/7/19
f 33/8/20 56/8/22 62/7/23
f 65/7/24 62/7/23 56/8/22
f 62/7/23 60/10/25 33/8/20
f 20/9/26 28/7/27 24/9/28
f 21/9/29 31/11/30 30/7/31
f 32/8/32 31/11/30 21/9/29
f 59/10/33 31/11/30 32/8/32
f 31/11/30 59/10/33 58/12/34
f 58/12/34 59/10/33 61/13/35
f 63/7/36 61/13/35 59/10/33
f 61/13/35 63/7/36 64/12/37
f 66/7/38 64/12/37 63/7/36
f 64/12/37 66/7/38 55/14/39
f 57/8/40 55/14/39 66/7/38
f 49/7/41 55/14/39 57/8/40
f 51/7/42 55/14/39 49/7/41
f 55/14/39 51/7/42 52/8/43
f 9/15/44 52/8/43 51/7/42
f 52/8/43 9/15/44 39/9/45
f 39/9/45 9/15/44 34/8/46
f 30/7/31 34/8/46 9/15/44
f 31/11/30 34/8/46 30/7/31
f 34/8/46 31/11/30 38/7/47
f 58/12/34 38/7/47 31/11/30
f 38/7/47 58/12/34 42/16/48
f 61/13/35 42/16/48 58/12/34
f 42/16/48 61/13/35 53/7/49
f 64/12/37 53/7/49 61/13/35
f 55/14/39 53/7/49 64/12/37
f 52/8/43 53/7/49 55/14/39
f 39/9/45 53/7/49 52/8/43
f 53/7/49 39/9/45 42/16/48
f 42/16/48 39/9/45 38/7/47
f 34/8/46 38/7/47 39/9/45
f 41/7/50 50/7/51 46/7/52
s 0
f 36/7/53 44/7/53 25/9/53
s 1
f 45/7/54 23/9/54 27/9/54
f 23/9/54 45/7/54 48/7/54
s 0
f 37/7/55 26/9/55 29/7/55
f 35/7/56 40/7/56 43/7/56
s 1
f 89/6/57 71/3/58 67/6/59
f 73/3/60 78/4/61 70/5/62
f 78/4/61 73/3/60 80/5/63
f 81/1/64 79/1/65 84/2/66
f 74/1/60 79/1/65 81/1/64
f 79/1/65 74/1/60 72/2/58
f 69/1/67 72/2/58 74/1/60
f 72/2/58 69/1/67 68/2/68
f 68/2/68 69/1/67 75/2/69
f 76/1/70 75/2/69 69/1/67
f 83/1/71 75/2/69 76/1/70
f 75/2/69 83/1/71 82/1/72
f 85/2/73 82/1/72 83/1/71
f 98/7/74 121/9/74 95/7/74
f 121/9/74 98/7/74 117/9/74
f 93/7/75 102/7/76 97/7/77
f 113/11/78 112/8/79 123/9/80
f 112/8/79 113/11/78 132/10/81
f 133/12/82 132/10/81 113/11/78
f 130/13/83 132/10/81 133/12/82
f 132/10/81 130/13/83 128/7/84
f 127/12/85 128/7/84 130/13/83
f 128/7/84 127/12/85 125/7/86
f 88/14/87 125/7/86 127/12/85
f 125/7/86 88/14/87 86/8/88
f 86/8/88 88/14/87 94/7/89
f 94/7/89 88/14/87 92/7/90
f 91/8/91 92/7/90 88/14/87
f 92/7/90 91/8/91 77/15/92
f 104/9/93 77/15/92 91/8/91
f 77/15/92 104/9/93 110/8/94
f 105/7/95 110/8/94 104/9/93
f 110/8/94 105/7/95 113/11/78
f 113/11/78 105/7/95 133/12/82
f 101/16/96 133/12/82 105/7/95
f 133/12/82 101/16/96 130/13/83
f 90/7/97 130/13/83 101/16/96
f 130/13/83 90/7/97 127/12/85
f 127/12/85 90/7/97 88/14/87
f 88/14/87 90/7/97 91/8/91
f 91/8/91 90/7/97 104/9/93
f 101/16/96 104/9/93 90/7/97
f 104/9/93 101/16/96 105/7/95
s 0
f 103/7/98 108/7/98 100/7/98
s 1
f 129/7/99 111/8/100 131/10/101
f 111/8/100 129/7/99 87/8/102
f 126/7/103 87/8/102 129/7/99
f 111/8/100 96/7/104 122/9/105
f 96/7/104 111/8/100 87/8/102
s 0
f 118/9/106 106/7/106 115/7/106
s 1
f 114/7/107 116/7/108 109/7/109
f 124/9/110 116/7/108 114/7/107
f 116/7/108 124/9/110 120/9/111
s 0
f 99/7/112 107/7/112 119/9/112
s 1
f 134/17/113 136/18/114 135/19/115
f 145/18/116 147/17/117 146/19/118
f 167/20/119 157/20/120 164/20/120
f 157/20/120 167/20/119 159/20/120
f 166/20/121 161/20/122 163/20/123
f 161/20/122 166/20/121 160/20/124
f 178/20/125 156/20/125 173/20/125
f 156/20/125 178/20/125 158/20/126
f 179/20/127 193/20/128 174/20/127
f 195/20/128 193/20/128 179/20/127
f 236/20/129 193/20/128 195/20/128
f 193/20/128 236/20/129 237/20/129
f 237/20/129 236/20/129 275/20/130
f 276/20/131 275/20/130 236/20/129
f 315/20/132 275/20/130 276/20/131
f 275/20/130 315/20/132 316/20/133
f 316/20/133 315/20/132 362/20/134
f 361/20/134 362/20/134 315/20/132
f 401/20/135 362/20/134 361/20/134
f 362/20/134 401/20/135 400/20/135
f 400/20/135 401/20/135 444/20/136
f 442/20/136 444/20/136 401/20/135
f 458/20/137 444/20/136 442/20/136
f 444/20/136 458/20/137 463/20/138
f 207/21/139 213/21/140 217/21/141
f 204/22/142 213/21/140 207/21/139
f 213/21/140 204/22/142 232/21/143
f 203/21/144 232/21/143 204/22/142
f 256/23/145 232/21/143 203/21/144
f 232/21/143 256/23/145 262/23/146
f 312/24/147 262/23/146 256/23/145
f 262/23/146 312/24/147 309/24/148
f 309/24/148 312/24/147 378/23/149
f 384/23/150 378/23/149 312/24/147
f 378/23/149 384/23/150 405/21/151
f 434/21/152 405/21/151 384/23/150
f 433/22/153 405/21/151 434/21/152
f 405/21/151 433/22/153 424/21/154
f 431/21/155 424/21/154 433/22/153
f 424/21/154 431/21/155 420/21/156
f 185/21/157 203/21/144 204/22/142
f 177/21/158 203/21/144 185/21/157
f 162/21/159 203/21/144 177/21/158
f 203/21/144 162/21/159 180/21/160
f 165/21/161 180/21/160 162/21/159
f 181/21/162 180/21/160 165/21/161
f 205/21/163 180/21/160 181/21/162
f 180/21/160 205/21/163 203/21/144
f 203/21/144 205/21/163 256/23/145
f 434/21/152 452/21/164 433/22/153
f 452/21/164 434/21/152 460/21/165
f 460/21/165 434/21/152 475/21/166
f 457/21/167 475/21/166 434/21/152
f 475/21/166 457/21/167 472/21/168
f 456/21/169 472/21/168 457/21/167
f 175/22/170 171/25/171 168/22/172
f 171/25/171 175/22/170 181/21/162
f 208/25/173 181/21/162 175/22/170
f 181/21/162 208/25/173 205/21/163
f 253/25/174 205/21/163 208/25/173
f 253/25/174 256/23/145 205/21/163
f 256/23/145 253/25/174 312/24/147
f 321/26/175 312/24/147 253/25/174
f 386/25/176 312/24/147 321/26/175
f 312/24/147 386/25/176 384/23/150
f 432/21/177 384/23/150 386/25/176
f 384/23/150 432/21/177 434/21/152
f 434/21/152 432/21/177 457/21/167
f 457/21/167 432/21/177 456/21/169
f 456/21/169 432/21/177 429/25/178
f 386/25/176 429/25/178 432/21/177
f 429/25/178 386/25/176 422/22/179
f 469/22/180 462/22/181 468/21/182
f 466/25/183 462/22/181 469/22/180
f 456/21/169 462/22/181 466/25/183
f 429/25/178 462/22/181 456/21/169
f 462/22/181 429/25/178 465/21/184
f 422/22/179 465/21/184 429/25/178
f 465/21/184 422/22/179 454/27/185
f 454/27/185 422/22/179 440/25/186
f 440/25/186 422/22/179 411/25/187
f 379/22/188 411/25/187 422/22/179
f 421/27/189 407/21/190 404/28/191
f 407/21/190 421/27/189 440/25/186
f 447/22/192 440/25/186 421/27/189
f 440/25/186 447/22/192 454/27/185
f 449/21/193 454/27/185 447/22/192
f 454/27/185 449/21/193 465/21/184
f 465/21/184 449/21/193 467/21/194
f 423/22/195 467/21/194 449/21/193
f 435/21/196 467/21/194 423/22/195
f 468/21/182 467/21/194 435/21/196
f 467/21/194 468/21/182 465/21/184
f 465/21/184 468/21/182 462/22/181
f 380/23/197 411/25/187 379/22/188
f 411/25/187 380/23/197 398/25/198
f 368/25/199 398/25/198 380/23/197
f 364/29/200 398/25/198 368/25/199
f 407/21/190 398/25/198 364/29/200
f 440/25/186 398/25/198 407/21/190
f 398/25/198 440/25/186 411/25/187
f 422/22/179 386/25/176 379/22/188
f 321/26/175 379/22/188 386/25/176
f 327/30/201 379/22/188 321/26/175
f 379/22/188 327/30/201 380/23/197
f 329/24/202 380/23/197 327/30/201
f 380/23/197 329/24/202 368/25/199
f 332/30/203 368/25/199 329/24/202
f 368/25/199 332/30/203 364/29/200
f 333/30/204 364/29/200 332/30/203
f 374/29/205 364/29/200 333/30/204
f 364/29/200 374/29/205 407/21/190
f 404/28/191 407/21/190 374/29/205
f 266/29/206 333/30/204 273/29/207
f 332/30/203 273/29/207 333/30/204
f 273/29/207 332/30/203 271/25/208
f 329/24/202 271/25/208 332/30/203
f 271/25/208 329/24/202 260/23/209
f 327/30/201 260/23/209 329/24/202
f 260/23/209 327/30/201 261/22/210
f 321/26/175 261/22/210 327/30/201
f 253/25/174 261/22/210 321/26/175
f 261/22/210 253/25/174 215/22/211
f 208/25/173 215/22/211 253/25/174
f 215/22/211 208/25/173 172/21/212
f 175/22/170 172/21/212 208/25/173
f 172/21/212 175/22/170 169/21/213
f 230/21/214 216/27/215 233/28/216
f 216/27/215 230/21/214 197/25/217
f 240/25/218 197/25/217 230/21/214
f 226/25/219 197/25/217 240/25/218
f 197/25/217 226/25/219 215/22/211
f 215/22/211 226/25/219 261/22/210
f 261/22/210 226/25/219 260/23/209
f 240/25/218 260/23/209 226/25/219
f 260/23/209 240/25/218 271/25/208
f 271/25/208 240/25/218 273/29/207
f 230/21/214 273/29/207 240/25/218
f 273/29/207 230/21/214 266/29/206
f 190/22/220 225/25/221 231/21/222
f 225/25/221 190/22/220 188/21/223
f 183/27/224 188/21/223 190/22/220
f 188/21/223 183/27/224 172/21/212
f 172/21/212 183/27/224 215/22/211
f 215/22/211 183/27/224 197/25/217
f 190/22/220 197/25/217 183/27/224
f 197/25/217 190/22/220 216/27/215
f 231/21/222 216/27/215 190/22/220
f 216/27/215 231/21/222 238/22/225
f 238/22/225 231/21/222 274/21/226
f 272/25/227 274/21/226 231/21/222
f 274/21/226 272/25/227 334/31/228
f 294/25/229 334/31/228 272/25/227
f 334/31/228 294/25/229 343/25/230
f 348/21/231 343/25/230 294/25/229
f 385/21/232 343/25/230 348/21/231
f 365/25/233 343/25/230 385/21/232
f 343/25/230 365/25/233 334/31/228
f 363/21/234 334/31/228 365/25/233
f 336/31/235 334/31/228 363/21/234
f 334/31/228 336/31/235 274/21/226
f 269/28/236 274/21/226 336/31/235
f 274/21/226 269/28/236 238/22/225
f 233/28/216 238/22/225 269/28/236
f 238/22/225 233/28/216 216/27/215
f 233/28/216 266/29/206 230/21/214
f 269/28/236 266/29/206 233/28/216
f 266/29/206 269/28/236 335/24/237
f 336/31/235 335/24/237 269/28/236
f 335/24/237 336/31/235 369/28/238
f 363/21/234 369/28/238 336/31/235
f 369/28/238 363/21/234 399/22/239
f 399/22/239 363/21/234 406/21/240
f 365/25/233 406/21/240 363/21/234
f 385/21/232 406/21/240 365/25/233
f 406/21/240 385/21/232 412/25/241
f 412/25/241 385/21/232 395/21/242
f 435/21/196 395/21/242 397/21/243
f 423/22/195 395/21/242 435/21/196
f 395/21/242 423/22/195 412/25/241
f 449/21/193 412/25/241 423/22/195
f 447/22/192 412/25/241 449/21/193
f 412/25/241 447/22/192 406/21/240
f 421/27/189 406/21/240 447/22/192
f 406/21/240 421/27/189 399/22/239
f 404/28/191 399/22/239 421/27/189
f 399/22/239 404/28/191 369/28/238
f 374/29/205 369/28/238 404/28/191
f 369/28/238 374/29/205 335/24/237
f 333/30/204 335/24/237 374/29/205
f 335/24/237 333/30/204 266/29/206
f 348/21/231 395/21/242 385/21/232
f 395/21/242 348/21/231 350/21/244
f 350/21/244 348/21/231 340/32/245
f 331/32/246 340/32/245 348/21/231
f 330/31/247 340/32/245 331/32/246
f 328/31/248 340/32/245 330/31/247
f 341/32/249 340/32/245 328/31/248
f 351/21/250 340/32/245 341/32/249
f 340/32/245 351/21/250 350/21/244
f 397/21/243 350/21/244 351/21/250
f 350/21/244 397/21/243 395/21/242
f 290/21/251 296/32/252 286/21/253
f 328/31/248 296/32/252 290/21/251
f 296/32/252 328/31/248 297/32/254
f 330/31/247 297/32/254 328/31/248
f 331/32/246 297/32/254 330/31/247
f 297/32/254 331/32/246 289/21/255
f 348/21/231 289/21/255 331/32/246
f 294/25/229 289/21/255 348/21/231
f 289/21/255 294/25/229 254/21/256
f 272/25/227 254/21/256 294/25/229
f 231/21/222 254/21/256 272/25/227
f 254/21/256 231/21/222 225/25/221
f 170/21/257 202/21/258 214/22/259
f 202/21/258 170/21/257 169/21/213
f 169/21/213 170/21/257 172/21/212
f 172/21/212 170/21/257 188/21/223
f 214/22/259 188/21/223 170/21/257
f 188/21/223 214/22/259 225/25/221
f 245/21/260 225/25/221 214/22/259
f 225/25/221 245/21/260 254/21/256
f 254/21/256 245/21/260 289/21/255
f 287/21/261 289/21/255 245/21/260
f 289/21/255 287/21/261 297/32/254
f 286/21/253 297/32/254 287/21/261
f 297/32/254 286/21/253 296/32/252
f 196/21/262 169/21/213 182/25/263
f 169/21/213 196/21/262 202/21/258
f 244/21/264 202/21/258 196/21/262
f 202/21/258 244/21/264 243/21/265
f 290/21/251 243/21/265 244/21/264
f 286/21/253 243/21/265 290/21/251
f 287/21/261 243/21/265 286/21/253
f 245/21/260 243/21/265 287/21/261
f 243/21/265 245/21/260 202/21/258
f 214/22/259 202/21/258 245/21/260
f 168/22/172 169/21/213 175/22/170
f 169/21/213 168/22/172 182/25/263
f 171/25/171 182/25/263 168/22/172
f 182/25/263 171/25/171 189/25/266
f 218/21/267 189/25/266 171/25/171
f 189/25/266 218/21/267 283/21/268
f 284/21/269 283/21/268 218/21/267
f 295/25/270 283/21/268 284/21/269
f 283/21/268 295/25/270 290/21/251
f 326/31/271 290/21/251 295/25/270
f 290/21/251 326/31/271 328/31/248
f 347/21/272 328/31/248 326/31/271
f 328/31/248 347/21/272 341/32/249
f 341/32/249 347/21/272 351/21/250
f 347/21/272 342/25/273 354/21/274
f 326/31/271 342/25/273 347/21/272
f 342/25/273 326/31/271 324/24/275
f 295/25/270 324/24/275 326/31/271
f 324/24/275 295/25/270 288/25/276
f 288/25/276 295/25/270 280/25/277
f 284/21/269 280/25/277 295/25/270
f 280/25/277 284/21/269 281/25/278
f 281/25/278 284/21/269 248/21/279
f 218/21/267 248/21/279 284/21/269
f 248/21/279 218/21/267 228/21/280
f 191/21/281 228/21/280 218/21/267
f 228/21/280 191/21/281 200/25/282
f 351/21/250 347/21/272 397/21/243
f 396/21/283 397/21/243 347/21/272
f 397/21/243 396/21/283 435/21/196
f 441/21/284 435/21/196 396/21/283
f 435/21/196 441/21/284 468/21/182
f 455/25/285 468/21/182 441/21/284
f 468/21/182 455/25/285 469/22/180
f 469/22/180 455/25/285 466/25/183
f 448/25/286 466/25/183 455/25/285
f 466/25/183 448/25/286 419/21/287
f 354/21/274 419/21/287 448/25/286
f 419/21/287 354/21/274 353/21/288
f 353/21/288 354/21/274 342/25/273
f 322/24/289 280/25/277 285/25/290
f 323/24/291 280/25/277 322/24/289
f 280/25/277 323/24/291 288/25/276
f 325/24/292 288/25/276 323/24/291
f 288/25/276 325/24/292 324/24/275
f 349/25/293 324/24/275 325/24/292
f 324/24/275 349/25/293 342/25/273
f 357/25/294 342/25/273 349/25/293
f 342/25/273 357/25/294 353/21/288
f 356/25/295 353/21/288 357/25/294
f 389/21/296 353/21/288 356/25/295
f 353/21/288 389/21/296 419/21/287
f 409/21/297 419/21/287 389/21/296
f 419/21/287 409/21/297 446/21/298
f 323/24/291 349/25/293 325/24/292
f 349/25/293 323/24/291 357/25/294
f 322/24/289 357/25/294 323/24/291
f 352/25/299 357/25/294 322/24/289
f 357/25/294 352/25/299 356/25/295
f 356/25/295 352/25/299 318/24/300
f 319/24/301 318/24/300 352/25/299
f 285/25/290 318/24/300 319/24/301
f 318/24/300 285/25/290 281/25/278
f 281/25/278 285/25/290 280/25/277
f 319/24/301 320/24/302 285/25/290
f 352/25/299 320/24/302 319/24/301
f 322/24/289 320/24/302 352/25/299
f 320/24/302 322/24/289 285/25/290
f 438/25/303 446/21/298 409/21/297
f 446/21/298 438/25/303 450/21/304
f 431/21/155 450/21/304 438/25/303
f 433/22/153 450/21/304 431/21/155
f 450/21/304 433/22/153 451/21/305
f 453/21/306 451/21/305 433/22/153
f 461/21/307 451/21/305 453/21/306
f 475/21/166 451/21/305 461/21/307
f 472/21/168 451/21/305 475/21/166
f 456/21/169 451/21/305 472/21/168
f 451/21/305 456/21/169 450/21/304
f 466/25/183 450/21/304 456/21/169
f 450/21/304 466/25/183 446/21/298
f 419/21/287 446/21/298 466/25/183
f 303/33/308 235/34/309 222/35/310
f 235/34/309 303/33/308 264/36/311
f 264/36/311 303/33/308 302/37/312
f 302/37/312 303/33/308 377/36/313
f 377/36/313 303/33/308 403/38/314
f 415/39/315 403/38/314 303/33/308
f 211/40/316 304/33/308 483/41/317
f 488/42/318 305/33/308 484/41/319
f 305/33/308 488/42/318 498/43/320
f 493/44/321 498/43/320 488/42/318
f 505/45/322 498/43/320 500/44/323
f 498/43/320 505/45/322 305/33/308
f 509/46/324 305/33/308 505/45/322
f 426/47/325 510/46/324 306/33/308
f 223/48/310 212/49/326 307/50/308
f 427/49/325 416/48/315 308/50/308
s 0
f 372/51/327 367/51/327 371/51/327
f 388/52/328 392/52/328 393/51/328
s 1
f 481/20/329 459/20/330 464/20/331
f 459/20/330 481/20/329 479/20/330
f 480/20/332 470/20/333 473/20/332
f 470/20/333 480/20/332 478/20/332
f 477/20/334 471/20/335 474/20/336
f 471/20/335 477/20/334 476/20/337
f 486/53/338 487/53/339 482/53/340
f 487/53/339 486/53/338 492/53/321
f 492/53/321 486/53/338 491/53/341
f 485/53/342 491/53/341 486/53/338
f 491/53/341 485/53/342 490/53/343
f 489/53/344 490/53/343 485/53/342
f 494/53/345 490/53/343 489/53/344
f 490/53/343 494/53/345 495/53/346
f 495/53/346 494/53/345 502/53/347
f 503/53/348 502/53/347 494/53/345
f 507/53/349 502/53/347 503/53/348
f 502/53/347 507/53/349 501/53/350
f 506/53/351 501/53/350 507/53/349
f 501/53/350 506/53/351 499/53/352
f 499/53/352 506/53/351 504/53/353
f 508/53/354 504/53/353 506/53/351
f 496/53/355 497/53/356 492/53/321
f 497/53/356 496/53/355 499/53/352
f 499/53/352 496/53/355 501/53/350
f 501/53/350 496/53/355 502/53/347
f 502/53/347 496/53/355 495/53/346
f 495/53/346 496/53/355 490/53/343
f 490/53/343 496/53/355 491/53/341
f 492/53/321 491/53/341 496/53/355
f 542/54/357 548/54/358 543/55/359
f 548/54/358 542/54/357 545/54/360
f 549/56/361 550/56/362 546/57/363
f 550/56/362 549/56/361 553/56/364
f 547/58/365 551/58/366 544/54/367
f 551/58/366 547/58/365 552/58/368
f 585/56/369 589/56/370 588/56/371
f 592/57/372 588/56/371 589/56/370
f 586/58/373 591/58/374 587/58/375
f 594/54/376 587/58/375 591/58/374
f 593/54/377 596/54/378 590/54/379
f 595/55/380 590/54/379 596/54/378
f 148/21/381 138/28/382 137/22/383
f 149/21/384 138/28/382 148/21/381
f 138/28/382 149/21/384 141/24/385
f 152/26/386 141/24/385 149/21/384
f 154/21/387 141/24/385 152/26/386
f 141/24/385 154/21/387 143/28/388
f 155/21/389 143/28/388 154/21/387
f 143/28/388 155/21/389 144/22/390
f 144/22/390 155/21/389 142/21/391
f 153/25/392 142/21/391 155/21/389
f 151/31/393 142/21/391 153/25/392
f 142/21/391 151/31/393 140/31/394
f 140/31/394 151/31/393 139/21/395
f 150/25/396 139/21/395 151/31/393
f 148/21/381 139/21/395 150/25/396
f 139/21/395 148/21/381 137/22/383
f 187/21/397 200/25/282 191/21/281
f 200/25/282 187/21/397 207/21/139
f 207/21/139 187/21/397 204/22/142
f 186/21/398 204/22/142 187/21/397
f 204/22/142 186/21/398 184/21/399
f 184/21/399 186/21/398 176/21/400
f 176/21/400 186/21/398 162/21/159
f 162/21/159 186/21/398 165/21/161
f 165/21/161 186/21/398 181/21/162
f 187/21/397 181/21/162 186/21/398
f 181/21/162 187/21/397 171/25/171
f 191/21/281 171/25/171 187/21/397
f 171/25/171 191/21/281 218/21/267
f 194/53/401 192/53/402 201/53/403
f 192/53/402 194/53/401 206/53/404
f 206/53/404 194/53/401 199/53/405
f 199/53/405 194/53/401 219/53/406
f 201/53/403 219/53/406 194/53/401
f 219/53/406 201/53/403 220/53/407
f 220/53/407 201/53/403 209/53/408
f 198/53/409 209/53/408 201/53/403
f 210/53/326 209/53/408 198/53/409
f 258/53/410 219/53/406 220/53/407
f 219/53/406 258/53/410 257/53/411
f 413/53/412 383/53/413 418/53/414
f 375/53/415 383/53/413 413/53/412
f 314/53/416 383/53/413 375/53/415
f 313/53/417 383/53/413 314/53/416
f 383/53/413 313/53/417 382/53/418
f 382/53/418 313/53/417 311/53/419
f 311/53/419 313/53/417 258/53/410
f 258/53/410 313/53/417 257/53/411
f 314/53/416 257/53/411 313/53/417
f 265/53/420 257/53/411 314/53/416
f 224/53/421 257/53/411 265/53/420
f 257/53/411 224/53/421 219/53/406
f 199/53/405 219/53/406 224/53/421
f 224/53/421 229/53/422 199/53/405
f 229/53/422 224/53/421 247/53/423
f 265/53/420 247/53/423 224/53/421
f 247/53/423 265/53/420 282/53/424
f 282/53/424 265/53/420 317/53/425
f 314/53/416 317/53/425 265/53/420
f 375/53/415 317/53/425 314/53/416
f 317/53/425 375/53/415 355/53/426
f 355/53/426 375/53/415 390/53/427
f 413/53/412 390/53/427 375/53/415
f 390/53/427 413/53/412 408/53/428
f 408/53/428 413/53/412 437/53/429
f 418/53/414 437/53/429 413/53/412
f 443/53/430 437/53/429 418/53/414
f 437/53/429 443/53/430 430/53/431
f 430/53/431 443/53/430 445/53/432
f 445/53/432 443/53/430 436/53/433
f 418/53/414 436/53/433 443/53/430
f 436/53/433 418/53/414 417/53/434
f 417/53/434 418/53/414 382/53/418
f 382/53/418 418/53/414 383/53/413
f 425/53/435 428/53/436 414/53/437
f 439/53/438 428/53/436 425/53/435
f 436/53/433 428/53/436 439/53/438
f 417/53/434 428/53/436 436/53/433
f 428/53/436 417/53/434 410/53/439
f 410/53/439 417/53/434 381/53/440
f 382/53/418 381/53/440 417/53/434
f 381/53/440 382/53/418 310/53/441
f 311/53/419 310/53/441 382/53/418
f 258/53/410 310/53/441 311/53/419
f 310/53/441 258/53/410 259/53/442
f 220/53/407 259/53/442 258/53/410
f 259/53/442 220/53/407 227/53/443
f 209/53/408 227/53/443 220/53/407
f 221/53/444 209/53/408 210/53/326
f 234/53/445 209/53/408 221/53/444
f 209/53/408 234/53/445 227/53/443
f 263/53/446 227/53/443 234/53/445
f 227/53/443 263/53/446 259/53/442
f 301/53/312 259/53/442 263/53/446
f 259/53/442 301/53/312 310/53/441
f 310/53/441 301/53/312 381/53/440
f 376/53/447 381/53/440 301/53/312
f 381/53/440 376/53/447 410/53/439
f 402/53/314 410/53/439 376/53/447
f 410/53/439 402/53/314 428/53/436
f 414/53/437 428/53/436 402/53/314
f 344/59/448 370/51/449 366/51/450
f 345/59/451 370/51/449 344/59/448
f 346/59/452 370/51/449 345/59/451
f 370/51/449 346/59/452 373/51/453
f 373/51/453 346/59/452 366/51/450
f 366/51/450 346/59/452 344/59/448
f 300/60/454 344/59/448 346/59/452
f 299/60/455 344/59/448 300/60/454
f 344/59/448 299/60/455 345/59/451
f 298/60/456 345/59/451 299/60/455
f 345/59/451 298/60/456 346/59/452
f 346/59/452 298/60/456 300/60/454
f 277/61/457 300/60/454 298/60/456
f 278/61/458 300/60/454 277/61/457
f 300/60/454 278/61/458 299/60/455
f 279/61/459 299/60/455 278/61/458
f 299/60/455 279/61/459 298/60/456
f 298/60/456 279/61/459 277/61/457
f 277/61/457 279/61/459 250/59/460
f 250/59/460 279/61/459 249/59/461
f 278/61/458 249/59/461 279/61/459
f 277/61/457 249/59/461 278/61/458
f 249/59/461 277/61/457 246/59/462
f 250/59/460 246/59/462 277/61/457
f 239/62/463 246/59/462 250/59/460
f 241/62/464 246/59/462 239/62/463
f 246/59/462 241/62/464 249/59/461
f 249/59/461 241/62/464 250/59/460
f 242/62/465 250/59/460 241/62/464
f 250/59/460 242/62/465 239/62/463
f 241/62/464 239/62/463 242/62/465
f 387/52/466 359/61/467 391/52/468
f 359/61/467 387/52/466 358/60/469
f 358/60/469 387/52/466 360/60/470
f 394/51/471 360/60/470 387/52/466
f 391/52/468 360/60/470 394/51/471
f 359/61/467 360/60/470 391/52/468
f 360/60/470 359/61/467 337/60/472
f 337/60/472 359/61/467 338/60/473
f 358/60/469 338/60/473 359/61/467
f 338/60/473 358/60/469 339/51/474
f 360/60/470 339/51/474 358/60/469
f 337/60/472 339/51/474 360/60/470
f 339/51/474 337/60/472 291/60/475
f 291/60/475 337/60/472 293/60/476
f 338/60/473 293/60/476 337/60/472
f 293/60/476 338/60/473 292/60/477
f 339/51/474 292/60/477 338/60/473
f 291/60/475 292/60/477 339/51/474
f 268/60/478 292/60/477 291/60/475
f 292/60/477 268/60/478 293/60/476
f 270/60/479 293/60/476 268/60/478
f 293/60/476 270/60/479 291/60/475
f 267/60/480 291/60/475 270/60/479
f 291/60/475 267/60/480 268/60/478
f 252/59/481 268/60/478 267/60/480
f 268/60/478 252/59/481 270/60/479
f 255/59/482 270/60/479 252/59/481
f 270/60/479 255/59/482 251/59/483
f 252/59/481 251/59/483 255/59/482
f 267/60/480 251/59/483 252/59/481
f 251/59/483 267/60/480 270/60/479
f 526/63/484 530/64/485 528/63/486
f 527/64/487 530/64/485 526/63/484
f 530/64/485 527/64/487 533/65/488
f 532/65/489 533/65/488 527/64/487
f 533/65/488 532/65/489 538/65/490
f 537/65/491 538/65/490 532/65/489
f 541/65/492 538/65/490 537/65/491
f 538/65/490 541/65/492 540/65/493
f 539/65/494 540/65/493 541/65/492
f 540/65/493 539/65/494 536/65/495
f 534/65/496 536/65/495 539/65/494
f 536/65/495 534/65/496 535/65/497
f 535/65/497 534/65/496 531/64/498
f 529/66/499 531/64/498 534/65/496
f 531/64/498 529/66/499 528/63/486
f 528/63/486 529/66/499 526/63/484
f 520/66/500 526/63/484 529/66/499
f 518/63/501 526/63/484 520/66/500
f 526/63/484 518/63/501 527/64/487
f 519/63/502 527/64/487 518/63/501
f 521/65/503 527/64/487 519/63/502
f 527/64/487 521/65/503 532/65/489
f 532/65/489 521/65/503 537/65/491
f 523/65/504 537/65/491 521/65/503
f 525/65/505 537/65/491 523/65/504
f 537/65/491 525/65/505 541/65/492
f 524/65/506 541/65/492 525/65/505
f 541/65/492 524/65/506 539/65/494
f 522/65/507 539/65/494 524/65/506
f 539/65/494 522/65/507 534/65/496
f 534/65/496 522/65/507 529/66/499
f 529/66/499 522/65/507 520/66/500
f 520/66/500 522/65/507 513/65/508
f 524/65/506 513/65/508 522/65/507
f 513/65/508 524/65/506 516/65/509
f 525/65/505 516/65/509 524/65/506
f 516/65/509 525/65/505 517/67/510
f 523/65/504 517/67/510 525/65/505
f 517/67/510 523/65/504 515/67/511
f 521/65/503 515/67/511 523/65/504
f 519/63/502 515/67/511 521/65/503
f 515/67/511 519/63/502 512/63/512
f 518/63/501 512/63/512 519/63/502
f 512/63/512 518/63/501 514/65/513
f 520/66/500 514/65/513 518/63/501
f 513/65/508 514/65/513 520/66/500
f 514/65/513 513/65/508 511/65/514
f 516/65/509 511/65/514 513/65/508
f 517/67/510 511/65/514 516/65/509
f 515/67/511 511/65/514 517/67/510
f 512/63/512 511/65/514 515/67/511
f 511/65/514 512/63/512 514/65/513
f 555/65/515 559/65/516 556/65/517
f 556/65/517 559/65/516 561/65/518
f 560/65/519 561/65/518 559/65/516
f 564/64/520 561/65/518 560/65/519
f 561/65/518 564/64/520 566/66/521
f 567/63/522 566/66/521 564/64/520
f 566/66/521 567/63/522 569/63/523
f 565/64/524 569/63/523 567/63/522
f 569/63/523 565/64/524 568/64/525
f 562/65/526 568/64/525 565/64/524
f 568/64/525 562/65/526 563/65/527
f 557/65/528 563/65/527 562/65/526
f 563/65/527 557/65/528 558/65/529
f 558/65/529 557/65/528 554/65/530
f 555/65/515 554/65/530 557/65/528
f 556/65/517 554/65/530 555/65/515
f 554/65/530 556/65/517 571/65/531
f 571/65/531 556/65/517 573/65/532
f 561/65/518 573/65/532 556/65/517
f 566/66/521 573/65/532 561/65/518
f 573/65/532 566/66/521 575/66/533
f 569/63/523 575/66/533 566/66/521
f 575/66/533 569/63/523 577/63/534
f 568/64/525 577/63/534 569/63/523
f 577/63/534 568/64/525 576/63/535
f 576/63/535 568/64/525 574/65/536
f 563/65/527 574/65/536 568/64/525
f 558/65/529 574/65/536 563/65/527
f 574/65/536 558/65/529 572/65/537
f 572/65/537 558/65/529 570/65/538
f 554/65/530 570/65/538 558/65/529
f 571/65/531 570/65/538 554/65/530
f 570/65/538 571/65/531 579/65/539
f 579/65/539 571/65/531 582/65/540
f 573/65/532 582/65/540 571/65/531
f 575/66/533 582/65/540 573/65/532
f 582/65/540 575/66/533 581/65/541
f 577/63/534 581/65/541 575/66/533
f 581/65/541 577/63/534 583/63/542
f 576/63/535 583/63/542 577/63/534
f 583/63/542 576/63/535 580/67/543
f 574/65/536 580/67/543 576/63/535
f 572/65/537 580/67/543 574/65/536
f 580/67/543 572/65/537 578/67/544
f 570/65/538 578/67/544 572/65/537
f 579/65/539 578/67/544 570/65/538
f 578/67/544 579/65/539 584/65/545
f 582/65/540 584/65/545 579/65/539
f 581/65/541 584/65/545 582/65/540
f 583/63/542 584/65/545 581/65/541
f 580/67/543 584/65/545 583/63/542
f 584/65/545 580/67/543 578/67/544
f 622/1/546 620/2/3 626/1/2
f 620/2/3 622/1/546 631/1/10
f 644/3/8 645/68/547 657/6/17
f 645/68/547 644/3/8 632/5/548
f 630/68/10 632/5/548 644/3/8
f 621/6/546 632/5/548 630/68/10
f 632/5/548 621/6/546 618/3/549
f 618/3/549 621/6/546 627/69/550
f 625/70/2 627/69/550 621/6/546
f 627/69/550 625/70/2 640/69/551
f 639/69/552 640/69/551 625/70/2
f 648/6/18 640/69/551 639/69/552
f 640/69/551 648/6/18 658/6/17
f 668/68/553 669/3/58 697/6/57
f 681/5/554 669/3/58 668/68/553
f 669/3/58 681/5/554 682/68/65
f 682/68/65 681/5/554 691/6/555
f 695/3/556 691/6/555 681/5/554
f 686/69/557 691/6/555 695/3/556
f 691/6/555 686/69/557 687/70/72
f 673/69/558 687/70/72 686/69/557
f 687/70/72 673/69/558 674/69/559
f 674/69/559 673/69/558 665/6/59
f 698/6/57 665/6/59 673/69/558
f 692/1/555 694/2/66 683/1/65
f 694/2/66 692/1/555 688/1/72
f 748/71/560 753/72/561 760/73/562
f 753/72/561 748/71/560 745/74/563
f 751/73/564 745/74/563 748/71/560
f 745/74/563 751/73/564 743/75/565
f 743/75/565 751/73/564 755/74/566
f 758/76/566 755/74/566 751/73/564
f 755/74/566 758/76/566 765/72/567
f 772/71/568 765/72/567 758/76/566
f 778/76/569 765/72/567 772/71/568
f 765/72/567 778/76/569 781/74/569
f 785/73/570 781/74/569 778/76/569
f 781/74/569 785/73/570 793/75/571
f 793/75/571 785/73/570 791/74/572
f 788/71/573 791/74/572 785/73/570
f 791/74/572 788/71/573 783/72/574
f 776/73/575 783/72/574 788/71/573
f 617/6/576 629/5/577 633/4/578
f 629/5/577 617/6/576 619/6/3
f 628/69/579 619/6/3 617/6/576
f 619/6/3 628/69/579 624/70/1
f 624/70/1 628/69/579 638/69/5
f 641/69/580 638/69/5 628/69/579
f 638/69/5 641/69/580 647/6/581
f 649/77/582 647/6/581 641/69/580
f 647/6/581 649/77/582 643/3/13
f 643/3/13 649/77/582 646/5/583
f 642/78/584 646/5/583 649/77/582
f 634/79/585 646/5/583 642/78/584
f 646/5/583 634/79/585 633/4/578
f 633/4/578 634/79/585 617/6/576
f 617/6/576 634/79/585 613/80/586
f 642/78/584 613/80/586 634/79/585
f 613/80/586 642/78/584 615/80/587
f 615/80/587 642/78/584 616/81/588
f 649/77/582 616/81/588 642/78/584
f 616/81/588 649/77/582 608/82/589
f 608/82/589 649/77/582 614/69/590
f 641/69/580 614/69/590 649/77/582
f 614/69/590 641/69/580 612/69/591
f 628/69/579 612/69/591 641/69/580
f 617/6/576 612/69/591 628/69/579
f 606/83/592 612/69/591 617/6/576
f 612/69/591 606/83/592 614/69/590
f 614/69/590 606/83/592 608/82/589
f 604/83/593 608/82/589 606/83/592
f 609/82/594 608/82/589 604/83/593
f 608/82/589 609/82/594 616/81/588
f 611/83/595 616/81/588 609/82/594
f 610/80/596 616/81/588 611/83/595
f 616/81/588 610/80/596 615/80/587
f 615/80/587 610/80/596 613/80/586
f 607/80/597 613/80/586 610/80/596
f 605/80/598 613/80/586 607/80/597
f 603/83/599 613/80/586 605/80/598
f 613/80/586 603/83/599 617/6/576
f 617/6/576 603/83/599 606/83/592
f 606/83/592 603/83/599 604/83/593
f 604/83/593 603/83/599 602/83/600
f 602/83/600 603/83/599 696/6/601
f 696/6/601 603/83/599 662/80/602
f 605/80/598 662/80/602 603/83/599
f 662/80/602 605/80/598 601/80/603
f 601/80/603 605/80/598 722/84/604
f 607/80/597 722/84/604 605/80/598
f 722/84/604 607/80/597 728/84/605
f 610/80/596 728/84/605 607/80/597
f 728/84/605 610/80/596 733/84/606
f 611/83/595 733/84/606 610/80/596
f 733/84/606 611/83/595 739/84/607
f 739/84/607 611/83/595 734/85/608
f 609/82/594 734/85/608 611/83/595
f 734/85/608 609/82/594 723/84/609
f 604/83/593 723/84/609 609/82/594
f 599/82/610 723/84/609 604/83/593
f 723/84/609 599/82/610 713/85/611
f 597/83/612 713/85/611 599/82/610
f 713/85/611 597/83/612 708/84/613
f 708/84/613 597/83/612 714/84/614
f 598/80/615 714/84/614 597/83/612
f 714/84/614 598/80/615 719/84/616
f 601/80/603 719/84/616 598/80/615
f 719/84/616 601/80/603 722/84/604
f 598/80/615 662/80/602 601/80/603
f 662/80/602 598/80/615 660/80/617
f 660/80/617 598/80/615 659/81/618
f 597/83/612 659/81/618 598/80/615
f 599/82/610 659/81/618 597/83/612
f 659/81/618 599/82/610 600/82/619
f 604/83/593 600/82/619 599/82/610
f 600/82/619 604/83/593 602/83/600
f 675/69/70 685/69/620 689/70/71
f 685/69/620 675/69/70 672/69/621
f 666/6/67 672/69/621 675/69/70
f 664/77/622 672/69/621 666/6/67
f 661/69/623 672/69/621 664/77/622
f 663/69/624 672/69/621 661/69/623
f 672/69/621 663/69/624 685/69/620
f 685/69/620 663/69/624 696/6/601
f 696/6/601 663/69/624 602/83/600
f 661/69/623 602/83/600 663/69/624
f 602/83/600 661/69/623 600/82/619
f 664/77/622 600/82/619 661/69/623
f 600/82/619 664/77/622 659/81/618
f 671/78/625 659/81/618 664/77/622
f 659/81/618 671/78/625 660/80/617
f 660/80/617 671/78/625 662/80/602
f 679/79/626 662/80/602 671/78/625
f 662/80/602 679/79/626 696/6/601
f 670/3/60 664/77/622 666/6/67
f 667/5/627 664/77/622 670/3/60
f 664/77/622 667/5/627 671/78/625
f 671/78/625 667/5/627 679/79/626
f 680/4/628 679/79/626 667/5/627
f 679/79/626 680/4/628 696/6/601
f 684/5/629 696/6/601 680/4/628
f 693/6/73 696/6/601 684/5/629
f 696/6/601 693/6/73 685/69/620
f 689/70/71 685/69/620 693/6/73
f 623/7/630 650/9/631 652/7/632
f 650/9/631 623/7/630 651/7/633
f 651/7/633 623/7/630 653/7/634
f 635/10/635 653/7/634 623/7/630
f 637/7/636 653/7/634 635/10/635
f 653/7/634 637/7/636 654/7/50
f 654/7/50 637/7/636 655/7/637
f 655/7/637 637/7/636 656/7/638
f 656/7/638 637/7/636 636/15/639
f 635/10/635 636/15/639 637/7/636
f 623/7/630 636/15/639 635/10/635
f 636/15/639 623/7/630 652/7/632
f 703/8/640 690/7/641 677/15/642
f 704/11/78 690/7/641 703/8/640
f 706/9/80 690/7/641 704/11/78
f 705/7/643 690/7/641 706/9/80
f 690/7/641 705/7/643 677/15/642
f 677/15/642 705/7/643 678/10/644
f 702/7/645 678/10/644 705/7/643
f 678/10/644 702/7/645 676/7/646
f 701/7/76 676/7/646 702/7/645
f 700/7/75 676/7/646 701/7/76
f 699/7/647 676/7/646 700/7/75
f 677/15/642 676/7/646 699/7/647
f 676/7/646 677/15/642 678/10/644
f 711/86/648 715/86/649 707/17/650
f 715/86/649 711/86/648 725/87/651
f 721/87/652 725/87/651 711/86/648
f 736/86/653 725/87/651 721/87/652
f 725/87/651 736/86/653 732/86/654
f 740/17/655 732/86/654 736/86/653
f 732/86/654 740/17/655 738/19/656
f 738/19/656 740/17/655 731/19/657
f 735/19/658 731/19/657 740/17/655
f 731/19/657 735/19/658 724/88/659
f 720/89/660 724/88/659 735/19/658
f 712/19/661 724/88/659 720/89/660
f 724/88/659 712/19/661 716/19/662
f 707/17/650 716/19/662 712/19/661
f 716/19/662 707/17/650 709/19/663
f 715/86/649 709/19/663 707/17/650
f 709/19/663 715/86/649 718/86/664
f 718/86/664 715/86/649 727/90/665
f 725/87/651 727/90/665 715/86/649
f 732/86/654 727/90/665 725/87/651
f 727/90/665 732/86/654 729/86/666
f 738/19/656 729/86/666 732/86/654
f 729/86/666 738/19/656 737/19/667
f 731/19/657 737/19/667 738/19/656
f 737/19/667 731/19/657 730/19/668
f 730/19/668 731/19/657 726/18/669
f 724/88/659 726/18/669 731/19/657
f 716/19/662 726/18/669 724/88/659
f 726/18/669 716/19/662 717/19/670
f 717/19/670 716/19/662 710/19/671
f 709/19/663 710/19/671 716/19/662
f 718/86/664 710/19/671 709/19/663
f 710/19/671 718/86/664 742/18/672
f 742/18/672 718/86/664 764/91/673
f 727/90/665 764/91/673 718/86/664
f 729/86/666 764/91/673 727/90/665
f 764/91/673 729/86/666 794/18/674
f 737/19/667 794/18/674 729/86/666
f 794/18/674 737/19/667 795/17/675
f 730/19/668 795/17/675 737/19/667
f 795/17/675 730/19/668 792/19/676
f 726/18/669 792/19/676 730/19/668
f 792/19/676 726/18/669 763/18/677
f 763/18/677 726/18/669 744/19/678
f 717/19/670 744/19/678 726/18/669
f 744/19/678 717/19/670 741/17/113
f 710/19/671 741/17/113 717/19/670
f 742/18/672 741/17/113 710/19/671
f 741/17/113 742/18/672 754/18/114
f 764/91/673 754/18/114 742/18/672
f 754/18/114 764/91/673 767/18/652
f 767/18/652 764/91/673 782/18/116
f 794/18/674 782/18/116 764/91/673
f 782/18/116 794/18/674 795/17/675
f 746/19/679 744/19/678 741/17/113
f 756/88/680 744/19/678 746/19/679
f 744/19/678 756/88/680 763/18/677
f 769/18/681 763/18/677 756/88/680
f 780/88/682 763/18/677 769/18/681
f 763/18/677 780/88/682 792/19/676
f 790/19/683 792/19/676 780/88/682
f 792/19/676 790/19/683 795/17/675
f 761/19/684 754/18/114 767/18/652
f 747/18/685 754/18/114 761/19/684
f 754/18/114 747/18/685 746/19/679
f 750/18/686 746/19/679 747/18/685
f 746/19/679 750/18/686 756/88/680
f 757/19/687 756/88/680 750/18/686
f 770/88/688 756/88/680 757/19/687
f 756/88/680 770/88/688 769/18/681
f 782/18/116 775/19/689 767/18/652
f 775/19/689 782/18/116 789/18/690
f 790/19/683 789/18/690 782/18/116
f 789/18/690 790/19/683 786/18/691
f 780/88/682 786/18/691 790/19/683
f 786/18/691 780/88/682 779/19/692
f 779/19/692 780/88/682 773/88/693
f 769/18/681 773/88/693 780/88/682
f 762/19/694 768/18/695 749/18/696
f 766/18/697 768/18/695 762/19/694
f 774/19/698 768/18/695 766/18/697
f 787/18/699 768/18/695 774/19/698
f 784/18/700 768/18/695 787/18/699
f 777/19/701 768/18/695 784/18/700
f 771/88/425 768/18/695 777/19/701
f 759/19/702 768/18/695 771/88/425
f 752/18/703 768/18/695 759/19/702
f 768/18/695 752/18/703 749/18/696
f 817/21/704 797/21/384 796/21/705
f 823/24/706 797/21/384 817/21/704
f 797/21/384 823/24/706 800/26/707
f 800/26/707 823/24/706 802/21/708
f 828/21/709 802/21/708 823/24/706
f 802/21/708 828/21/709 803/21/710
f 832/21/711 803/21/710 828/21/709
f 830/25/712 803/21/710 832/21/711
f 803/21/710 830/25/712 801/25/713
f 826/21/714 801/25/713 830/25/712
f 801/25/713 826/21/714 799/31/393
f 822/31/715 799/31/393 826/21/714
f 820/21/716 799/31/393 822/31/715
f 799/31/393 820/21/716 798/25/717
f 816/25/718 798/25/717 820/21/716
f 798/25/717 816/25/718 796/21/705
f 813/21/719 796/21/705 816/25/718
f 796/21/705 813/21/719 817/21/704
f 814/21/720 817/21/704 813/21/719
f 818/23/146 817/21/704 814/21/720
f 817/21/704 818/23/146 823/24/706
f 824/24/721 823/24/706 818/23/146
f 827/23/149 823/24/706 824/24/721
f 823/24/706 827/23/149 828/21/709
f 831/21/722 828/21/709 827/23/149
f 828/21/709 831/21/722 832/21/711
f 835/21/154 832/21/711 831/21/722
f 834/21/156 832/21/711 835/21/154
f 832/21/711 834/21/156 830/25/712
f 813/21/719 810/21/140 814/21/720
f 810/21/140 813/21/719 812/21/141
f 816/25/718 812/21/141 813/21/719
f 807/53/403 804/53/723 806/53/409
f 805/53/724 804/53/723 807/53/403
f 808/53/404 804/53/723 805/53/724
f 811/53/725 804/53/723 808/53/404
f 842/53/726 804/53/723 811/53/725
f 804/53/723 842/53/726 806/53/409
f 806/53/409 842/53/726 809/53/326
f 809/53/326 842/53/726 843/53/340
f 843/53/340 842/53/726 845/53/338
f 845/53/338 842/53/726 844/53/727
f 811/53/725 844/53/727 842/53/726
f 815/53/728 844/53/727 811/53/725
f 844/53/727 815/53/728 846/53/729
f 819/53/730 846/53/729 815/53/728
f 846/53/729 819/53/730 847/53/731
f 821/53/715 847/53/731 819/53/730
f 825/53/732 847/53/731 821/53/715
f 847/53/731 825/53/732 848/53/733
f 829/53/734 848/53/733 825/53/732
f 848/53/733 829/53/734 850/53/735
f 833/53/736 850/53/735 829/53/734
f 852/53/737 850/53/735 833/53/736
f 850/53/735 852/53/737 849/53/351
f 849/53/351 852/53/737 851/53/354
f 851/53/354 852/53/737 836/53/435
f 836/53/435 852/53/737 839/53/738
f 841/53/739 839/53/738 852/53/737
f 839/53/738 841/53/739 838/53/433
f 838/53/433 841/53/739 840/53/740
f 840/53/740 841/53/739 837/53/431
f 837/53/431 841/53/739 833/53/736
f 852/53/737 833/53/736 841/53/739
f 853/58/741 861/92/742 855/55/498
f 854/55/743 861/92/742 853/58/741
f 861/92/742 854/55/743 863/58/744
f 856/54/745 863/58/744 854/55/743
f 863/58/744 856/54/745 871/58/746
f 859/56/747 871/58/746 856/54/745
f 871/58/746 859/56/747 865/56/748
f 860/93/749 865/56/748 859/56/747
f 865/56/748 860/93/749 866/56/750
f 866/56/750 860/93/749 864/92/751
f 858/57/752 864/92/751 860/93/749
f 864/92/751 858/57/752 868/58/753
f 857/55/754 868/58/753 858/57/752
f 868/58/753 857/55/754 862/58/755
f 855/55/498 862/58/755 857/55/754
f 861/92/742 862/58/755 855/55/498
f 862/58/755 861/92/742 869/92/756
f 863/58/744 869/92/756 861/92/742
f 869/92/756 863/58/744 870/58/757
f 871/58/746 870/58/757 863/58/744
f 874/58/758 870/58/757 871/58/746
f 875/92/759 870/58/757 874/58/758
f 870/58/757 875/92/759 869/92/756
f 873/58/760 869/92/756 875/92/759
f 867/58/761 869/92/756 873/58/760
f 869/92/756 867/58/761 862/58/755
f 862/58/755 867/58/761 868/58/753
f 873/58/760 868/58/753 867/58/761
f 868/58/753 873/58/760 883/55/762
f 875/92/759 883/55/762 873/58/760
f 883/55/762 875/92/759 885/94/763
f 874/58/758 885/94/763 875/92/759
f 885/94/763 874/58/758 884/55/764
f 871/58/746 884/55/764 874/58/758
f 884/55/764 871/58/746 881/54/765
f 881/54/765 871/58/746 880/95/766
f 880/95/766 871/58/746 877/92/767
f 887/92/768 880/95/766 916/58/769
f 880/95/766 887/92/768 881/54/765
f 889/93/770 881/54/765 887/92/768
f 891/54/771 881/54/765 889/93/770
f 881/54/765 891/54/771 884/55/764
f 892/58/772 884/55/764 891/54/771
f 884/55/764 892/58/772 885/94/763
f 890/58/773 885/94/763 892/58/772
f 885/94/763 890/58/773 883/55/762
f 882/54/774 883/55/762 890/58/773
f 883/55/762 882/54/774 868/58/753
f 868/58/753 882/54/774 879/95/775
f 886/92/776 879/95/775 882/54/774
f 902/54/777 889/93/770 897/57/778
f 889/93/770 902/54/777 891/54/771
f 865/56/748 877/92/767 871/58/746
f 877/92/767 865/56/748 876/92/779
f 866/56/750 876/92/779 865/56/748
f 876/92/779 866/56/750 872/92/780
f 864/92/751 872/92/780 866/56/750
f 868/58/753 872/92/780 864/92/751
f 879/95/775 872/92/780 868/58/753
f 872/92/780 879/95/775 876/92/779
f 878/57/781 876/92/779 879/95/775
f 876/92/779 878/57/781 877/92/767
f 877/92/767 878/57/781 880/95/766
f 916/58/769 880/95/766 878/57/781
f 915/55/782 879/95/775 886/92/776
f 879/95/775 915/55/782 878/57/781
f 878/57/781 915/55/782 916/58/769
f 916/58/769 915/55/782 917/58/783
f 886/92/776 917/58/783 915/55/782
f 919/58/784 917/58/783 886/92/776
f 917/58/783 919/58/784 920/58/785
f 886/92/776 920/58/785 919/58/784
f 887/92/768 920/58/785 886/92/776
f 918/58/786 920/58/785 887/92/768
f 920/58/785 918/58/786 917/58/783
f 917/58/783 918/58/786 916/58/769
f 887/92/768 916/58/769 918/58/786
f 887/92/768 898/57/787 889/93/770
f 898/57/787 887/92/768 894/55/788
f 894/55/788 887/92/768 893/55/789
f 886/92/776 893/55/789 887/92/768
f 893/55/789 886/92/776 895/57/790
f 895/57/790 886/92/776 888/56/791
f 882/54/774 888/56/791 886/92/776
f 890/58/773 888/56/791 882/54/774
f 896/54/792 888/56/791 890/58/773
f 888/56/791 896/54/792 895/57/790
f 898/57/787 906/54/793 895/57/790
f 906/54/793 898/57/787 909/54/358
f 909/54/358 898/57/787 903/55/359
f 894/55/788 903/55/359 898/57/787
f 903/55/359 894/55/788 900/54/794
f 893/55/789 900/54/794 894/55/788
f 895/57/790 900/54/794 893/55/789
f 900/54/794 895/57/790 906/54/793
f 907/57/795 895/57/790 896/54/792
f 895/57/790 907/57/795 897/57/778
f 911/56/796 897/57/778 907/57/795
f 914/56/797 897/57/778 911/56/796
f 897/57/778 914/56/797 902/54/777
f 910/56/361 902/54/777 914/56/797
f 902/54/777 910/56/361 896/54/792
f 907/57/795 896/54/792 910/56/361
f 912/58/798 901/54/799 896/54/792
f 913/58/800 901/54/799 912/58/798
f 904/55/801 901/54/799 913/58/800
f 901/54/799 904/55/801 891/54/771
f 891/54/771 904/55/801 892/58/772
f 899/55/802 892/58/772 904/55/801
f 892/58/772 899/55/802 890/58/773
f 890/58/773 899/55/802 896/54/792
f 908/58/803 896/54/792 899/55/802
f 905/54/367 896/54/792 908/58/803
f 896/54/792 905/54/367 912/58/798
f 899/55/802 913/58/800 908/58/803
f 913/58/800 899/55/802 904/55/801
f 927/93/804 928/56/805 922/56/806
f 922/56/806 928/56/805 941/58/807
f 931/54/808 941/58/807 928/56/805
f 941/58/807 931/54/808 924/58/809
f 933/55/810 924/58/809 931/54/808
f 924/58/809 933/55/810 926/92/811
f 934/58/812 926/92/811 933/55/810
f 932/55/520 926/92/811 934/58/812
f 926/92/811 932/55/520 925/58/813
f 930/55/814 925/58/813 932/55/520
f 925/58/813 930/55/814 944/58/815
f 929/57/816 944/58/815 930/55/814
f 959/92/817 951/95/818 950/54/819
f 941/58/807 950/54/819 951/95/818
f 950/54/819 941/58/807 947/55/820
f 947/55/820 941/58/807 938/58/821
f 938/58/821 941/58/807 942/58/822
f 924/58/809 942/58/822 941/58/807
f 942/58/822 924/58/809 943/92/823
f 926/92/811 943/92/823 924/58/809
f 925/58/813 943/92/823 926/92/811
f 943/92/823 925/58/813 945/58/824
f 944/58/815 945/58/824 925/58/813
f 939/58/825 945/58/824 944/58/815
f 945/58/824 939/58/825 943/92/823
f 937/92/826 943/92/823 939/58/825
f 943/92/823 937/92/826 942/58/822
f 942/58/822 937/92/826 938/58/821
f 946/94/827 938/58/821 937/92/826
f 938/58/821 946/94/827 947/55/820
f 954/58/828 947/55/820 946/94/827
f 955/54/829 947/55/820 954/58/828
f 947/55/820 955/54/829 950/54/819
f 957/93/830 950/54/819 955/54/829
f 950/54/819 957/93/830 959/92/817
f 977/57/831 959/92/817 957/93/830
f 959/92/817 977/57/831 981/55/832
f 972/55/833 981/55/832 977/57/831
f 975/54/834 981/55/832 972/55/833
f 982/55/835 981/55/832 975/54/834
f 981/55/832 982/55/835 959/92/817
f 959/92/817 982/55/835 960/92/836
f 960/92/836 982/55/835 980/57/837
f 975/54/834 980/57/837 982/55/835
f 969/54/377 980/57/837 975/54/834
f 980/57/837 969/54/377 977/57/831
f 966/54/379 977/57/831 969/54/377
f 977/57/831 966/54/379 972/55/833
f 959/92/817 960/92/836 983/58/838
f 983/58/838 960/92/836 984/58/839
f 986/58/840 984/58/839 960/92/836
f 984/58/839 986/58/840 983/58/838
f 985/58/841 983/58/838 986/58/840
f 983/58/838 985/58/841 959/92/817
f 959/92/817 985/58/841 987/58/842
f 986/58/840 987/58/842 985/58/841
f 987/58/842 986/58/840 988/55/843
f 960/92/836 988/55/843 986/58/840
f 936/92/844 940/92/845 921/56/846
f 921/56/846 940/92/845 923/92/847
f 923/92/847 940/92/845 944/58/815
f 952/95/848 944/58/815 940/92/845
f 944/58/815 952/95/848 949/54/849
f 949/54/849 952/95/848 960/92/836
f 960/92/836 952/95/848 988/55/843
f 953/57/850 988/55/843 952/95/848
f 988/55/843 953/57/850 987/58/842
f 951/95/818 987/58/842 953/57/850
f 987/58/842 951/95/818 959/92/817
f 944/58/815 929/57/816 923/92/847
f 927/93/804 923/92/847 929/57/816
f 923/92/847 927/93/804 921/56/846
f 922/56/806 921/56/846 927/93/804
f 921/56/846 922/56/806 936/92/844
f 936/92/844 922/56/806 935/92/851
f 941/58/807 935/92/851 922/56/806
f 951/95/818 935/92/851 941/58/807
f 953/57/850 935/92/851 951/95/818
f 935/92/851 953/57/850 936/92/844
f 952/95/848 936/92/844 953/57/850
f 940/92/845 936/92/844 952/95/848
f 971/55/852 954/58/828 976/55/853
f 956/58/854 976/55/853 954/58/828
f 976/55/853 956/58/854 979/54/855
f 958/56/856 979/54/855 956/58/854
f 979/54/855 958/56/856 980/57/837
f 980/57/837 958/56/856 960/92/836
f 960/92/836 958/56/856 949/54/849
f 956/58/854 949/54/849 958/56/856
f 948/55/857 949/54/849 956/58/854
f 949/54/849 948/55/857 944/58/815
f 944/58/815 948/55/857 939/58/825
f 939/58/825 948/55/857 937/92/826
f 937/92/826 948/55/857 946/94/827
f 956/58/854 946/94/827 948/55/857
f 946/94/827 956/58/854 954/58/828
f 962/58/373 963/58/858 974/54/859
f 974/54/859 963/58/858 979/54/855
f 970/54/376 979/54/855 963/58/858
f 967/58/374 979/54/855 970/54/376
f 979/54/855 967/58/374 976/55/853
f 962/58/373 976/55/853 967/58/374
f 976/55/853 962/58/373 971/55/852
f 974/54/859 971/55/852 962/58/373
f 955/54/829 971/55/852 974/54/859
f 954/58/828 971/55/852 955/54/829
f 961/56/369 964/56/860 978/57/861
f 968/57/862 978/57/861 964/56/860
f 978/57/861 968/57/862 980/57/837
f 980/57/837 968/57/862 979/54/855
f 965/56/370 979/54/855 968/57/862
f 979/54/855 965/56/370 973/54/863
f 961/56/369 973/54/863 965/56/370
f 978/57/861 973/54/863 961/56/369
f 957/93/830 973/54/863 978/57/861
f 973/54/863 957/93/830 955/54/829
o Object_5
v -0.152636 1.563373 0.050035
v -0.151356 1.565289 0.085314
v -0.139017 1.520129 0.083025
v -0.137273 1.566449 0.128386
v -0.134907 1.609373 0.053442
v -0.127829 1.531885 0.132053
v -0.124683 1.600190 0.127777
v -0.113213 1.566677 0.149721
v -0.108102 1.547971 0.151706
v -0.106400 1.584937 0.149391
v -0.102602 1.491144 0.108315
v -0.099958 1.509700 0.137379
v -0.095952 1.635543 0.102208
v -0.094869 1.620219 0.130459
v -0.093019 1.535965 0.154588
v -0.090264 1.595777 0.150843
v -0.082839 1.565938 0.160256
v -0.073724 1.535244 0.157266
v -0.070970 1.595056 0.153521
v -0.059217 1.618887 0.135408
v -0.058683 1.500239 0.130760
v -0.055886 1.583050 0.156403
v -0.054743 1.546084 0.158718
v -0.054001 1.633803 0.108674
v -0.045819 1.564344 0.158388
v -0.028869 1.520268 0.134490
v -0.025322 1.599533 0.140733
v -0.011453 1.604817 0.115632
v -0.000272 1.554009 0.129600
v 0.000272 1.554009 0.129600
v 0.011453 1.604817 0.115632
v 0.025322 1.599533 0.140733
v 0.028869 1.520268 0.134490
v 0.045819 1.564344 0.158388
v 0.054001 1.628973 0.108674
v 0.054743 1.546084 0.158718
v 0.055886 1.583050 0.156403
v 0.058683 1.500239 0.130760
v 0.059217 1.618887 0.135408
v 0.070970 1.595056 0.153521
v 0.073724 1.535244 0.157266
v 0.082839 1.565938 0.160256
v 0.090264 1.595777 0.150843
v 0.093019 1.535965 0.154588
v 0.094869 1.620219 0.130459
v 0.095952 1.635543 0.102208
v 0.099958 1.509700 0.137379
v 0.102602 1.491144 0.108315
v 0.106400 1.584937 0.149391
v 0.108102 1.547971 0.151706
v 0.113213 1.566677 0.149721
v 0.124683 1.600190 0.127777
v 0.127829 1.531885 0.132053
v 0.134907 1.609373 0.053442
v 0.137273 1.566449 0.128386
v 0.139017 1.520129 0.083025
v 0.151356 1.565289 0.085314
v 0.152636 1.563373 0.050035
vn -0.9862 0.0701 0.1501
vn -0.9982 0.0490 0.0335
vn -0.8855 -0.3959 0.2430
vn -0.8461 0.5084 0.1600
vn -0.8420 0.0872 0.5324
vn -0.7256 -0.3665 0.5824
vn -0.4134 -0.7743 0.4791
vn -0.3466 -0.6549 0.6716
vn 0.0317 -0.6656 0.7456
vn -0.2465 -0.3795 0.8918
vn 0.0033 -0.3337 0.9427
vn 0.3669 -0.4002 0.8398
vn 0.2567 -0.2926 0.9212
vn -0.1512 0.0810 0.9852
vn -0.4265 -0.1553 0.8911
vn -0.4936 0.0902 0.8650
vn -0.4626 0.3332 0.8216
vn -0.2354 0.4175 0.8776
vn 0.0017 0.4080 0.9130
vn 0.2416 0.2884 0.9265
vn 0.2653 0.0011 0.9642
vn 0.6235 0.0720 0.7785
vn 0.5088 0.4745 0.7183
vn 0.6381 0.5793 0.5072
vn 0.1274 0.7327 0.6685
vn 0.1979 0.8530 0.4829
vn -0.3217 0.7355 0.5963
vn -0.3702 0.8456 0.3845
vn -0.6944 0.5094 0.5083
vn -0.5095 0.4904 0.7070
vn -0.6359 0.6068 0.4770
vn -0.6234 0.0720 0.7785
vn -0.1417 0.7556 0.6395
vn -0.2223 0.8821 0.4154
vn 0.3067 0.7501 0.5858
vn 0.3385 0.8705 0.3572
vn 0.6944 0.5094 0.5083
vn 0.8461 0.5084 0.1600
vn 0.8420 0.0872 0.5324
vn 0.9862 0.0701 0.1501
vn 0.9982 0.0490 0.0335
vn 0.8855 -0.3959 0.2430
vn 0.7256 -0.3665 0.5824
vn 0.4134 -0.7743 0.4791
vn 0.3466 -0.6549 0.6716
vn -0.0317 -0.6656 0.7456
vn 0.2465 -0.3795 0.8918
vn -0.0033 -0.3337 0.9427
vn -0.3669 -0.4002 0.8398
vn -0.2567 -0.2926 0.9212
vn -0.2652 0.0011 0.9642
vn -0.2416 0.2884 0.9265
vn -0.0017 0.4080 0.9130
vn 0.2354 0.4175 0.8776
vn 0.4626 0.3332 0.8216
vn 0.4936 0.0902 0.8650
vn 0.4265 -0.1553 0.8911
vn 0.1512 0.0810 0.9852
vt 0.098218 0.528437
vt 0.068059 0.528022
vt 0.165310 0.754663
vt 0.170942 0.304126
vt 0.184104 0.529613
vt 0.235454 0.702759
vt 0.346591 0.896394
vt 0.374200 0.811235
vt 0.547347 0.813607
vt 0.415520 0.683786
vt 0.509227 0.685072
vt 0.688757 0.708970
vt 0.585757 0.628442
vt 0.464261 0.533451
vt 0.340431 0.625080
vt 0.312641 0.531374
vt 0.342764 0.438461
vt 0.419295 0.381831
vt 0.513001 0.383115
vt 0.588090 0.441823
vt 0.615880 0.535529
vt 0.744418 0.537290
vt 0.693067 0.364144
vt 0.763211 0.312240
vt 0.554321 0.255668
vt 0.581930 0.170509
vt 0.381175 0.253296
vt 0.355703 0.167409
vt 0.239764 0.357933
vt 0.798635 0.364144
vt 0.868779 0.312240
vt 0.849985 0.537290
vt 0.659889 0.255668
vt 0.687498 0.170509
vt 0.486742 0.253296
vt 0.461271 0.167409
vt 0.345332 0.357933
vt 0.276509 0.304126
vt 0.289672 0.529613
vt 0.203786 0.528437
vt 0.173627 0.528022
vt 0.270878 0.754663
vt 0.341022 0.702759
vt 0.452159 0.896394
vt 0.479768 0.811235
vt 0.652915 0.813607
vt 0.521088 0.683786
vt 0.614794 0.685072
vt 0.794325 0.708970
vt 0.691325 0.628442
vt 0.721448 0.535529
vt 0.693658 0.441823
vt 0.618569 0.383115
vt 0.524862 0.381831
vt 0.448332 0.438461
vt 0.418209 0.531374
vt 0.445999 0.625080
vt 0.569828 0.533451
s 1
f 990/96/864 989/97/865 991/98/866
f 989/97/865 990/96/864 993/99/867
f 993/99/867 990/96/864 992/100/868
f 991/98/866 992/100/868 990/96/864
f 992/100/868 991/98/866 994/101/869
f 999/102/870 994/101/869 991/98/866
f 994/101/869 999/102/870 1000/103/871
f 1009/104/872 1000/103/871 999/102/870
f 1000/103/871 1009/104/872 1003/105/873
f 1003/105/873 1009/104/872 1006/106/874
f 1014/107/875 1006/106/874 1009/104/872
f 1006/106/874 1014/107/875 1011/108/876
f 1006/106/874 1005/109/877 1003/105/873
f 997/110/878 1003/105/873 1005/109/877
f 1003/105/873 997/110/878 1000/103/871
f 1000/103/871 997/110/878 994/101/869
f 994/101/869 997/110/878 996/111/879
f 1005/109/877 996/111/879 997/110/878
f 996/111/879 992/100/868 994/101/869
f 992/100/868 996/111/879 998/112/880
f 1005/109/877 998/112/880 996/111/879
f 998/112/880 1005/109/877 1004/113/881
f 1004/113/881 1005/109/877 1007/114/882
f 1007/114/882 1005/109/877 1010/115/883
f 1010/115/883 1005/109/877 1013/116/884
f 1013/116/884 1005/109/877 1011/108/876
f 1011/108/876 1005/109/877 1006/106/874
f 1011/108/876 1014/107/875 1013/116/884
f 1018/117/885 1013/116/884 1014/107/875
f 1013/116/884 1018/117/885 1010/115/883
f 1010/115/883 1018/117/885 1015/118/886
f 1016/119/887 1015/118/886 1018/117/885
f 1015/118/886 1016/119/887 1008/120/888
f 1012/121/889 1008/120/888 1016/119/887
f 1008/120/888 1012/121/889 1002/122/890
f 1001/123/891 1002/122/890 1012/121/889
f 1002/122/890 1001/123/891 995/124/892
f 993/99/867 995/124/892 1001/123/891
f 992/100/868 995/124/892 993/99/867
f 998/112/880 995/124/892 992/100/868
f 995/124/892 998/112/880 1002/122/890
f 1004/113/881 1002/122/890 998/112/880
f 1002/122/890 1004/113/881 1008/120/888
f 1007/114/882 1008/120/888 1004/113/881
f 1010/115/883 1008/120/888 1007/114/882
f 1008/120/888 1010/115/883 1015/118/886
f 1020/125/893 1019/126/894 1017/127/895
f 1027/128/896 1019/126/894 1020/125/893
f 1019/126/894 1027/128/896 1023/129/897
f 1033/130/898 1023/129/897 1027/128/896
f 1023/129/897 1033/130/898 1034/131/899
f 1040/132/900 1034/131/899 1033/130/898
f 1034/131/899 1040/132/900 1042/133/901
f 1043/134/902 1042/133/901 1040/132/900
f 1045/135/903 1042/133/901 1043/134/902
f 1042/133/901 1045/135/903 1046/136/904
f 1046/136/904 1045/135/903 1044/137/905
f 1043/134/902 1044/137/905 1045/135/903
f 1041/138/906 1044/137/905 1043/134/902
f 1044/137/905 1041/138/906 1036/139/907
f 1035/140/908 1036/139/907 1041/138/906
f 1036/139/907 1035/140/908 1026/141/909
f 1032/142/910 1026/141/909 1035/140/908
f 1029/143/911 1026/141/909 1032/142/910
f 1026/141/909 1029/143/911 1021/144/912
f 1024/145/913 1021/144/912 1029/143/911
f 1022/146/914 1021/144/912 1024/145/913
f 1021/144/912 1022/146/914 1017/127/895
f 1025/147/915 1017/127/895 1022/146/914
f 1017/127/895 1025/147/915 1020/125/893
f 1020/125/893 1025/147/915 1027/128/896
f 1028/148/916 1027/128/896 1025/147/915
f 1031/149/917 1027/128/896 1028/148/916
f 1027/128/896 1031/149/917 1033/130/898
f 1037/150/918 1033/130/898 1031/149/917
f 1033/130/898 1037/150/918 1040/132/900
f 1040/132/900 1037/150/918 1043/134/902
f 1039/151/919 1043/134/902 1037/150/918
f 1043/134/902 1039/151/919 1041/138/906
f 1038/152/920 1041/138/906 1039/151/919
f 1041/138/906 1038/152/920 1035/140/908
f 1035/140/908 1038/152/920 1032/142/910
f 1030/153/921 1032/142/910 1038/152/920
f 1032/142/910 1030/153/921 1029/143/911
f 1029/143/911 1030/153/921 1024/145/913
f 1024/145/913 1030/153/921 1022/146/914
f 1022/146/914 1030/153/921 1025/147/915
f 1025/147/915 1030/153/921 1028/148/916
f 1028/148/916 1030/153/921 1031/149/917
f 1031/149/917 1030/153/921 1037/150/918
f 1037/150/918 1030/153/921 1039/151/919
f 1038/152/920 1039/151/919 1030/153/921
o Object_6
v 0.010514 0.168397 -0.022364
v 0.010514 0.168397 -0.022364
v 0.049458 0.169897 -0.151624
v 0.049679 0.162336 -0.151785
v 0.078632 0.173697 0.121289
v 0.078632 0.173697 0.121289
v 0.078922 0.164875 0.120624
v 0.082027 0.297694 0.126441
v 0.123532 0.204413 -0.042802
v 0.174439 0.177060 -0.151688
v 0.174676 0.167981 -0.151957
v 0.194072 0.175350 0.119135
v 0.194072 0.175350 0.119135
v 0.194340 0.167034 0.118412
v 0.194340 0.167034 0.118412
v 0.197439 0.297753 0.126494
v 0.251807 0.174889 -0.023873
v 0.252091 0.163607 -0.024232
v 0.252091 0.163607 -0.024232
v 0.028297 0.015600 -0.004528
v 0.028297 0.015600 -0.004528
v 0.028297 0.015600 -0.004528
v 0.028297 0.015600 -0.004528
v 0.030310 -0.000700 -0.006680
v 0.030310 -0.000700 -0.006680
v 0.030310 -0.000700 -0.006680
v 0.030310 -0.000700 -0.006680
v 0.031566 -0.000975 -0.129695
v 0.031566 -0.000975 -0.129695
v 0.041783 0.108168 -0.003588
v 0.055187 0.062003 0.103406
v 0.059179 -0.000341 0.133215
v 0.059179 -0.000341 0.133215
v 0.071043 0.112574 0.082787
v 0.093685 -0.000975 -0.163271
v 0.093685 -0.000975 -0.163271
v 0.093685 -0.000975 -0.163271
v 0.103208 0.098454 0.159733
v 0.158159 0.120091 0.085534
v 0.161537 -0.000975 -0.156126
v 0.161537 -0.000975 -0.156126
v 0.175640 0.105056 0.154059
v 0.219574 -0.000700 -0.054983
v 0.219574 -0.000700 -0.054983
v 0.219574 -0.000700 -0.054983
v 0.219574 -0.000700 -0.054983
v 0.222989 0.015597 -0.055488
v 0.222989 0.015597 -0.055488
v 0.222989 0.015597 -0.055488
v 0.222989 0.015597 -0.055488
v 0.229767 0.107729 -0.042693
v 0.230436 0.113210 0.049640
v 0.249378 0.098454 0.123134
v 0.254516 0.110384 -0.024234
v 0.273693 0.062003 0.075377
v 0.275284 -0.000341 0.075905
v 0.275284 -0.000341 0.075905
v 0.115562 0.056620 0.244697
v 0.119295 -0.000004 0.263288
v 0.119295 -0.000004 0.263288
v 0.197131 0.054622 0.238265
v 0.201576 -0.000126 0.255683
v 0.201576 -0.000126 0.255683
v 0.273011 0.056620 0.196368
v 0.273535 -0.000004 0.215779
v 0.273535 -0.000004 0.215779
v -0.252091 0.163607 -0.024232
v -0.252091 0.163607 -0.024232
v -0.251807 0.174889 -0.023873
v -0.197439 0.297753 0.126494
v -0.194340 0.167033 0.118412
v -0.194340 0.167033 0.118412
v -0.194072 0.175350 0.119135
v -0.194072 0.175350 0.119135
v -0.174676 0.167981 -0.151957
v -0.174439 0.177060 -0.151688
v -0.123531 0.204413 -0.042802
v -0.082027 0.297694 0.126441
v -0.078922 0.164875 0.120624
v -0.078632 0.173697 0.121289
v -0.078632 0.173697 0.121289
v -0.049679 0.162336 -0.151785
v -0.049458 0.169897 -0.151623
v -0.010514 0.168397 -0.022364
v -0.010514 0.168397 -0.022364
v -0.275283 -0.000341 0.075905
v -0.275283 -0.000341 0.075905
v -0.273693 0.062003 0.075377
v -0.254516 0.110384 -0.024234
v -0.249378 0.098454 0.123134
v -0.230436 0.113210 0.049640
v -0.229767 0.107729 -0.042693
v -0.222989 0.015597 -0.055488
v -0.222989 0.015597 -0.055488
v -0.222989 0.015597 -0.055488
v -0.222989 0.015597 -0.055488
v -0.219574 -0.000700 -0.054983
v -0.219574 -0.000700 -0.054983
v -0.219574 -0.000700 -0.054983
v -0.219574 -0.000700 -0.054983
v -0.175640 0.105056 0.154059
v -0.161537 -0.000975 -0.156126
v -0.161537 -0.000975 -0.156126
v -0.158159 0.120092 0.085534
v -0.103208 0.098454 0.159733
v -0.093685 -0.000975 -0.163271
v -0.093685 -0.000975 -0.163271
v -0.093685 -0.000975 -0.163271
v -0.093685 -0.000975 -0.163271
v -0.071043 0.112574 0.082787
v -0.059179 -0.000341 0.133215
v -0.059179 -0.000341 0.133215
v -0.055187 0.062003 0.103406
v -0.039824 0.109986 -0.116496
v -0.031566 -0.000975 -0.129695
v -0.031566 -0.000975 -0.129695
v -0.030310 -0.000700 -0.006680
v -0.030310 -0.000700 -0.006680
v -0.030310 -0.000700 -0.006680
v -0.030310 -0.000700 -0.006680
v -0.028297 0.015600 -0.004528
v -0.028297 0.015600 -0.004528
v -0.028297 0.015600 -0.004528
v -0.028297 0.015600 -0.004528
v -0.273535 -0.000004 0.215779
v -0.273535 -0.000004 0.215779
v -0.273011 0.056620 0.196369
v -0.201576 -0.000126 0.255683
v -0.201576 -0.000126 0.255683
v -0.197131 0.054622 0.238265
v -0.119295 -0.000004 0.263288
v -0.119295 -0.000004 0.263288
v -0.115562 0.056620 0.244697
v -0.210004 0.976444 -0.017582
v -0.148546 1.152926 -0.034408
v -0.120892 1.132285 0.105348
v -0.114382 1.174457 -0.019452
v -0.085656 1.183090 -0.102837
v -0.076162 1.145948 0.053354
v -0.000000 1.105654 0.098436
v -0.000000 1.194791 -0.147199
v 0.076162 1.145948 0.053354
v 0.085656 1.183090 -0.102837
v 0.114382 1.174457 -0.019452
v 0.120892 1.132285 0.105348
v 0.148546 1.152926 -0.034408
v 0.210004 0.976444 -0.017582
v -0.109295 1.246212 -0.001712
v -0.080095 1.251281 -0.085026
v -0.072069 1.225633 0.064324
v 0.000000 1.200742 0.106118
v 0.000000 1.264407 -0.127430
v 0.072069 1.225633 0.064324
v 0.080096 1.251281 -0.085026
v 0.109295 1.246212 -0.001712
v -0.173120 1.516186 -0.031434
v -0.173120 1.516186 -0.031434
v -0.172622 1.503578 -0.029547
v -0.172622 1.503578 -0.029547
v -0.171831 1.518526 0.038664
v -0.171831 1.523660 0.044277
v -0.160857 1.466870 -0.061066
v -0.159173 1.579499 -0.006263
v -0.159173 1.579499 -0.006263
v -0.158356 1.495707 -0.050615
v -0.157955 1.566051 -0.003512
v -0.157955 1.566051 -0.003512
v -0.155520 1.552339 0.060458
v -0.152433 1.597797 0.057994
v -0.149284 1.617823 0.041703
v -0.147457 1.515431 0.078254
v -0.145311 1.593244 -0.010316
v -0.144106 1.532938 -0.085067
v -0.144106 1.532938 -0.085067
v -0.144038 1.545639 -0.007234
v -0.143850 1.439414 -0.049947
v -0.143850 1.439414 -0.049947
v -0.143074 1.519012 -0.080679
v -0.143074 1.519012 -0.080679
v -0.140282 1.477235 -0.060690
v -0.140257 1.506418 -0.009806
v -0.139603 1.558609 0.071056
v -0.138807 1.671390 -0.062681
v -0.137545 1.430427 -0.033894
v -0.137545 1.430427 -0.033894
v -0.135446 1.467053 0.000216
v -0.134463 1.475571 0.032851
v -0.134088 1.637928 0.037161
v -0.133641 1.527578 0.088255
v -0.132903 1.711253 -0.006160
v -0.132828 1.489745 0.087159
v -0.132696 1.377859 0.100301
v -0.131647 1.449550 -0.100913
v -0.131589 1.395368 0.103943
v -0.131585 1.437198 -0.097944
v -0.129845 1.596812 0.080054
v -0.129272 1.712260 -0.091820
v -0.128500 1.358348 0.111670
v -0.128443 1.412858 0.090442
v -0.128443 1.412858 0.090442
v -0.128233 1.376307 0.119477
v -0.127801 1.627798 0.102980
v -0.127341 1.437495 -0.050276
v -0.127070 1.434781 -0.008897
v -0.125703 1.493055 -0.073427
v -0.125570 1.377538 0.075980
v -0.125570 1.377538 0.075980
v -0.124957 1.536788 -0.101532
v -0.123745 1.367866 0.124365
v -0.123727 1.358162 0.114281
v -0.123727 1.358162 0.114281
v -0.123727 1.358162 0.114281
v -0.123187 1.353103 0.019328
v -0.122132 1.644012 0.095399
v -0.119154 1.609472 -0.132181
v -0.118416 1.746917 -0.037925
v -0.115640 1.327291 0.076487
v -0.113203 1.495672 0.113867
v -0.112094 1.408877 0.162180
v -0.111744 1.371106 0.175054
v -0.111635 1.350194 0.132850
v -0.111635 1.350194 0.132850
v -0.111635 1.350194 0.132850
v -0.110614 1.434312 0.143924
v -0.110545 1.655905 0.079743
v -0.109853 1.681352 -0.157030
v -0.109425 1.362289 0.177877
v -0.108921 1.447450 0.118067
v -0.108921 1.447450 0.118067
v -0.105965 1.753320 -0.109840
v -0.104407 1.736040 0.040033
v -0.103082 1.366554 -0.048698
v -0.100448 1.764179 -0.054352
v -0.097428 1.345086 0.173349
v -0.097428 1.345086 0.173349
v -0.095937 1.483987 -0.138886
v -0.095831 1.494268 -0.141083
v -0.095520 1.768650 0.000540
v -0.093014 1.742034 -0.096497
v -0.092099 1.727616 -0.159168
v -0.091536 1.743688 -0.089890
v -0.089939 1.742372 -0.096909
v -0.083543 1.635274 0.133358
v -0.082326 1.616708 0.109715
v -0.080262 1.654831 0.125175
v -0.077190 1.787033 -0.121798
v -0.076437 1.467592 0.145085
v -0.076437 1.467592 0.145085
v -0.075592 1.788986 -0.115358
v -0.074579 1.783895 -0.120209
v -0.073642 1.773731 -0.029098
v -0.072164 1.775384 -0.022605
v -0.071146 1.510381 -0.143785
v -0.070628 1.661354 0.106872
v -0.070567 1.774068 -0.027026
v -0.067296 1.424064 -0.111654
v -0.067091 1.419215 0.213859
v -0.066745 1.381353 0.222779
v -0.066343 1.366981 0.233299
v -0.066318 1.663216 -0.196369
v -0.066090 1.590897 -0.177327
v -0.065066 1.368611 -0.092242
v -0.060741 1.347620 0.226403
v -0.060741 1.347620 0.226403
v -0.060364 1.454349 0.195024
v -0.058791 1.777397 -0.110259
v -0.057819 1.818729 -0.054398
v -0.056221 1.820683 -0.048074
v -0.055834 1.790265 -0.047152
v -0.055207 1.815591 -0.050326
v -0.054450 1.714550 -0.188847
v -0.054067 1.744733 0.065836
v -0.053554 1.747884 -0.162540
v -0.052345 1.779277 0.022887
v -0.049954 1.414925 -0.145374
v -0.049923 1.405315 -0.144703
v -0.047170 1.802168 -0.134693
v -0.045293 1.804117 -0.128342
v -0.044845 1.798064 -0.132513
v -0.042346 1.520357 0.221715
v -0.039933 1.479630 0.173337
v -0.039933 1.479630 0.173337
v -0.038773 1.522424 0.123431
v -0.037217 1.510101 0.152623
v -0.035610 1.494787 0.221078
v -0.033219 1.627723 0.132996
v -0.032536 1.645299 0.127201
v -0.031963 1.541622 0.218440
v -0.029690 1.655105 0.117455
v -0.029035 1.614520 0.117056
v -0.027798 1.833863 -0.067293
v -0.025921 1.835813 -0.061058
v -0.025473 1.830921 -0.062630
v -0.021704 1.744733 0.065836
v -0.020857 1.537502 0.148569
v -0.017918 1.631148 0.125056
v -0.016268 1.643374 0.121494
v -0.012932 1.804694 -0.147875
v -0.010895 1.800786 -0.145105
v -0.010778 1.806640 -0.141613
v 0.000000 1.352911 0.249948
v 0.000000 1.352911 0.249948
v 0.000000 1.358753 0.078169
v 0.000000 1.358753 0.078169
v 0.000000 1.358753 0.078169
v 0.000000 1.358753 0.078169
v 0.000000 1.358753 0.078169
v 0.000000 1.358753 0.078169
v 0.000000 1.364933 -0.122722
v 0.000000 1.371590 0.258702
v 0.000000 1.386929 0.249458
v 0.000000 1.422857 -0.134061
v 0.000000 1.424867 0.239915
v 0.000000 1.458409 0.224488
v 0.000000 1.462716 -0.162776
v 0.000000 1.474679 -0.162088
v 0.000000 1.481338 0.193557
v 0.000000 1.481338 0.193557
v 0.000000 1.488382 0.228445
v 0.000000 1.496808 0.238651
v 0.000000 1.502715 -0.164255
v 0.000000 1.520804 0.242895
v 0.000000 1.542290 0.234949
v 0.000000 1.548394 0.151086
v 0.000000 1.549494 0.220355
v 0.000000 1.580872 0.133641
v 0.000000 1.581427 -0.194183
v 0.000000 1.622110 0.123203
v 0.000000 1.636357 -0.211926
v 0.000000 1.638483 0.122297
v 0.000000 1.646700 0.118961
v 0.000000 1.717646 -0.191260
v 0.000000 1.754835 -0.162127
v 0.000000 1.785220 0.028361
v 0.000000 1.785967 -0.107526
v 0.000000 1.799161 -0.036268
v 0.006439 1.836390 -0.080476
v 0.008476 1.833642 -0.075222
v 0.008595 1.838335 -0.074329
v 0.015208 1.643480 0.121127
v 0.018692 1.631246 0.125055
v 0.020857 1.537502 0.148569
v 0.023586 1.744733 0.065836
v 0.024597 1.782684 -0.150198
v 0.026318 1.784902 -0.155381
v 0.027613 1.786869 -0.148836
v 0.029035 1.614520 0.117056
v 0.029690 1.655105 0.117455
v 0.031963 1.541622 0.218440
v 0.032536 1.645299 0.127201
v 0.033219 1.627723 0.132996
v 0.035610 1.494787 0.221078
v 0.037217 1.510101 0.152623
v 0.038773 1.522424 0.123431
v 0.039933 1.479630 0.173337
v 0.039933 1.479630 0.173337
v 0.042346 1.520357 0.221715
v 0.043969 1.814380 -0.080315
v 0.045689 1.816598 -0.087982
v 0.046985 1.818565 -0.081551
v 0.049923 1.405315 -0.144703
v 0.049954 1.414925 -0.145374
v 0.052345 1.779277 0.022887
v 0.053554 1.747884 -0.162540
v 0.054067 1.744733 0.065836
v 0.054419 1.730504 -0.139824
v 0.054419 1.730504 -0.139824
v 0.054450 1.714550 -0.188847
v 0.055834 1.790265 -0.047152
v 0.057117 1.729976 -0.144484
v 0.057117 1.729976 -0.144484
v 0.058594 1.731630 -0.137877
v 0.058594 1.731630 -0.137877
v 0.058792 1.777397 -0.110259
v 0.060364 1.454349 0.195024
v 0.060741 1.347620 0.226403
v 0.060741 1.347620 0.226403
v 0.065066 1.368611 -0.092242
v 0.066091 1.590897 -0.177327
v 0.066318 1.663216 -0.196369
v 0.066343 1.366981 0.233299
v 0.066746 1.381353 0.222779
v 0.067091 1.419215 0.213859
v 0.067296 1.424064 -0.111654
v 0.070628 1.661354 0.106872
v 0.071147 1.510381 -0.143785
v 0.073791 1.762200 -0.069941
v 0.073791 1.762200 -0.069941
v 0.076437 1.467592 0.145085
v 0.076437 1.467592 0.145085
v 0.076489 1.761672 -0.077085
v 0.076489 1.761672 -0.077085
v 0.077967 1.763325 -0.070593
v 0.077967 1.763325 -0.070593
v 0.080262 1.654831 0.125175
v 0.082326 1.616708 0.109715
v 0.083543 1.635274 0.133358
v 0.092099 1.727616 -0.159168
v 0.095520 1.768650 0.000540
v 0.095831 1.494268 -0.141083
v 0.095937 1.483884 -0.138886
v 0.097428 1.345086 0.173349
v 0.097428 1.345086 0.173349
v 0.100448 1.764179 -0.054352
v 0.103082 1.366554 -0.048698
v 0.104407 1.736040 0.040033
v 0.105965 1.753320 -0.109840
v 0.108921 1.447450 0.118067
v 0.108921 1.447450 0.118067
v 0.109425 1.362289 0.177877
v 0.109853 1.681352 -0.157030
v 0.110545 1.655905 0.079743
v 0.110614 1.434312 0.143924
v 0.111635 1.350194 0.132850
v 0.111635 1.350194 0.132850
v 0.111635 1.350194 0.132850
v 0.111745 1.371106 0.175054
v 0.112094 1.408877 0.162180
v 0.113203 1.495672 0.113867
v 0.115640 1.327291 0.076487
v 0.118416 1.746917 -0.037925
v 0.119155 1.609472 -0.132181
v 0.122132 1.644012 0.095399
v 0.123187 1.353103 0.019328
v 0.123727 1.358162 0.114281
v 0.123727 1.358162 0.114281
v 0.123727 1.358162 0.114281
v 0.123745 1.367866 0.124365
v 0.124957 1.536788 -0.101532
v 0.125570 1.377538 0.075980
v 0.125570 1.377538 0.075980
v 0.125703 1.493055 -0.073427
v 0.127070 1.434781 -0.008897
v 0.127341 1.437495 -0.050276
v 0.127801 1.627798 0.102980
v 0.128233 1.376307 0.119477
v 0.128443 1.412858 0.090442
v 0.128443 1.412858 0.090442
v 0.128500 1.358348 0.111670
v 0.129272 1.712260 -0.091820
v 0.129845 1.596812 0.080054
v 0.131585 1.437198 -0.097944
v 0.131589 1.395368 0.103943
v 0.131647 1.449550 -0.100913
v 0.132696 1.377859 0.100301
v 0.132828 1.489745 0.087159
v 0.132903 1.711253 -0.006160
v 0.133641 1.527578 0.088255
v 0.134088 1.637928 0.037161
v 0.134463 1.475571 0.032851
v 0.135446 1.467053 0.000216
v 0.137545 1.430427 -0.033894
v 0.137545 1.430427 -0.033894
v 0.138807 1.671390 -0.062681
v 0.139603 1.558609 0.071056
v 0.140257 1.506418 -0.009806
v 0.140282 1.477235 -0.060690
v 0.143074 1.519012 -0.080679
v 0.143074 1.519012 -0.080679
v 0.143850 1.439414 -0.049947
v 0.143850 1.439414 -0.049947
v 0.144038 1.545639 -0.007234
v 0.144106 1.532938 -0.085067
v 0.144106 1.532938 -0.085067
v 0.145312 1.593244 -0.010316
v 0.147457 1.515431 0.078254
v 0.149284 1.617823 0.041703
v 0.152433 1.597797 0.057994
v 0.155520 1.552339 0.060458
v 0.157956 1.566051 -0.003512
v 0.157956 1.566051 -0.003512
v 0.158356 1.495707 -0.050615
v 0.159173 1.579499 -0.006263
v 0.159173 1.579499 -0.006263
v 0.160857 1.466870 -0.061066
v 0.171831 1.518526 0.038664
v 0.171831 1.523660 0.044277
v 0.172622 1.503578 -0.029547
v 0.172622 1.503578 -0.029547
v 0.173120 1.516186 -0.031434
v 0.173120 1.516186 -0.031434
v -0.106447 1.350897 0.129445
v -0.106447 1.350897 0.129445
v -0.106447 1.350897 0.129445
v -0.096410 1.311062 0.131607
v -0.095434 1.325742 0.148385
v -0.088526 1.346044 0.150241
v -0.088526 1.346044 0.150241
v -0.056741 1.280499 0.148323
v -0.055999 1.306552 0.161932
v -0.054887 1.317858 0.185291
v -0.048628 1.340554 0.185203
v -0.048628 1.340554 0.185203
v 0.000000 1.278353 0.151213
v 0.000000 1.305154 0.171932
v 0.000000 1.316832 0.195776
v 0.000000 1.338301 0.196799
v 0.000000 1.338301 0.196799
v 0.048628 1.340554 0.185203
v 0.048628 1.340554 0.185203
v 0.054888 1.317858 0.185291
v 0.055999 1.306552 0.161932
v 0.056741 1.280499 0.148323
v 0.088526 1.346044 0.150241
v 0.088526 1.346044 0.150241
v 0.095434 1.325742 0.148385
v 0.096410 1.311062 0.131607
v 0.106447 1.350897 0.129445
v 0.106447 1.350897 0.129445
v 0.106447 1.350897 0.129445
v 0.102124 1.068550 -0.042610
v 0.106967 1.070703 -0.108502
v 0.107777 1.017015 -0.045951
v 0.108253 1.015668 -0.101555
v 0.116514 1.117552 -0.044793
v 0.123537 1.018096 0.003129
v 0.124235 1.072738 0.009168
v 0.145268 1.071280 -0.144362
v 0.148522 1.138112 -0.127321
v 0.151523 1.004340 -0.127233
v 0.163230 1.157997 -0.055294
v 0.167675 0.984025 -0.058053
v 0.174191 1.133583 0.008819
v 0.176697 1.000764 0.005715
v 0.180064 1.078047 0.036013
v 0.250199 1.071269 -0.188928
v 0.253407 1.153872 -0.159654
v 0.256616 1.072897 -0.165372
v 0.257439 0.991494 -0.165887
v 0.260001 1.127683 -0.150317
v 0.263729 1.006073 -0.153217
v 0.272863 1.172756 -0.070541
v 0.276334 1.153416 -0.069610
v 0.276873 0.974215 -0.075006
v 0.278118 0.992884 -0.077035
v 0.285898 1.006390 -0.027540
v 0.287885 1.147553 0.001355
v 0.287889 1.134971 -0.010971
v 0.291043 0.991720 -0.001962
v 0.293906 1.070447 0.008135
v 0.297017 1.067656 0.032455
v 0.755140 1.014408 0.049815
v 0.767120 1.058338 0.053396
v 0.771573 1.008361 -0.044937
v 0.771796 1.013880 0.016212
v 0.773141 1.016271 0.006200
v 0.778898 1.000387 -0.068700
v 0.785523 1.057122 0.020198
v 0.786496 1.009664 -0.026620
v 0.791270 1.057936 0.006196
v 0.793585 1.047885 -0.043632
v 0.798952 1.037316 -0.072672
v 0.804564 1.051342 -0.029289
v -0.297017 1.067656 0.032455
v -0.293906 1.070447 0.008135
v -0.291044 0.991721 -0.001962
v -0.287889 1.134971 -0.010971
v -0.287885 1.147553 0.001355
v -0.285898 1.006390 -0.027540
v -0.278119 0.992884 -0.077035
v -0.276873 0.974216 -0.075006
v -0.276334 1.153416 -0.069610
v -0.272863 1.172756 -0.070541
v -0.263729 1.006073 -0.153217
v -0.260001 1.127683 -0.150317
v -0.257439 0.991495 -0.165887
v -0.256616 1.072897 -0.165372
v -0.253407 1.153872 -0.159654
v -0.250199 1.071269 -0.188928
v -0.180064 1.078047 0.036013
v -0.176697 1.000764 0.005715
v -0.174191 1.133583 0.008819
v -0.167675 0.984025 -0.058053
v -0.163230 1.157997 -0.055294
v -0.151523 1.004340 -0.127233
v -0.148523 1.138112 -0.127321
v -0.145268 1.071280 -0.144362
v -0.124235 1.072738 0.009168
v -0.123537 1.018096 0.003129
v -0.116514 1.117552 -0.044793
v -0.108253 1.015668 -0.101555
v -0.107777 1.017015 -0.045951
v -0.106967 1.070703 -0.108502
v -0.102124 1.068550 -0.042610
v -0.804564 1.051342 -0.029289
v -0.798952 1.037316 -0.072672
v -0.793585 1.047885 -0.043632
v -0.791270 1.057936 0.006196
v -0.786496 1.009664 -0.026620
v -0.785523 1.057122 0.020198
v -0.778898 1.000387 -0.068700
v -0.773141 1.016271 0.006200
v -0.771796 1.013880 0.016213
v -0.771573 1.008361 -0.044936
v -0.767120 1.058338 0.053396
v -0.755141 1.014408 0.049815
v -0.289926 0.619920 0.003366
v -0.204633 0.615761 0.151120
v -0.190784 0.610902 -0.160838
v -0.182895 0.567740 -0.143520
v -0.103518 0.611129 0.198985
v -0.042175 0.567740 -0.145769
v 0.000000 0.549367 0.008279
v 0.000000 0.605195 -0.190998
v 0.000000 0.609099 0.211753
v 0.042175 0.567740 -0.145769
v 0.103518 0.611129 0.198985
v 0.182895 0.567740 -0.143520
v 0.190784 0.610902 -0.160838
v 0.204633 0.615761 0.151120
v 0.289926 0.619920 0.003366
v 0.051885 0.348734 -0.141840
v 0.093488 0.567793 0.128045
v 0.177580 0.348703 -0.140715
v 0.202335 0.579236 0.127742
v 0.258214 0.567740 0.005448
v 0.005661 0.340208 -0.012495
v 0.010509 0.106700 -0.022374
v 0.010514 0.168397 -0.022364
v 0.010514 0.168397 -0.022364
v 0.011124 0.159963 -0.022544
v 0.011124 0.159963 -0.022544
v 0.039825 0.109986 -0.116496
v 0.049458 0.169897 -0.151624
v 0.049679 0.162336 -0.151785
v 0.049679 0.162336 -0.151785
v 0.049887 0.111507 -0.153417
v 0.051524 0.303114 -0.142953
v 0.078632 0.173697 0.121289
v 0.078922 0.164875 0.120624
v 0.078922 0.164875 0.120624
v 0.079131 0.112082 0.113180
v 0.082027 0.297694 0.126441
v 0.082395 0.365319 0.130367
v 0.091095 0.110359 -0.150734
v 0.123532 0.204413 -0.042802
v 0.164963 0.110729 -0.148189
v 0.174439 0.177060 -0.151688
v 0.174676 0.167981 -0.151957
v 0.176407 0.112735 -0.153295
v 0.177025 0.303268 -0.142825
v 0.193774 0.367068 0.130341
v 0.194072 0.175350 0.119135
v 0.194340 0.167034 0.118412
v 0.196087 0.112818 0.110420
v 0.197439 0.297753 0.126494
v 0.251807 0.174889 -0.023873
v 0.252091 0.163607 -0.024232
v 0.254973 0.340120 -0.012497
v 0.028297 0.015600 -0.004528
v 0.031566 -0.000975 -0.129695
v 0.041783 0.108168 -0.003588
v 0.093685 -0.000975 -0.163271
v 0.161537 -0.000975 -0.156126
v 0.222989 0.015597 -0.055488
v 0.229767 0.107729 -0.042693
v 0.254516 0.110384 -0.024234
v 0.254516 0.110384 -0.024234
v -0.258214 0.567740 0.005448
v -0.202335 0.579236 0.127742
v -0.177580 0.348703 -0.140715
v -0.093488 0.567793 0.128045
v -0.051885 0.348734 -0.141840
v -0.254973 0.340120 -0.012497
v -0.252091 0.163607 -0.024232
v -0.251807 0.174889 -0.023873
v -0.197439 0.297753 0.126494
v -0.196087 0.112818 0.110420
v -0.194340 0.167033 0.118412
v -0.194072 0.175350 0.119135
v -0.193774 0.367068 0.130341
v -0.177110 0.303084 -0.142766
v -0.176407 0.112735 -0.153295
v -0.174676 0.167981 -0.151957
v -0.174439 0.177060 -0.151688
v -0.164963 0.110729 -0.148189
v -0.123531 0.204413 -0.042802
v -0.091095 0.110359 -0.150734
v -0.082395 0.365319 0.130367
v -0.082027 0.297694 0.126441
v -0.079131 0.112082 0.113180
v -0.078922 0.164875 0.120624
v -0.078922 0.164875 0.120624
v -0.078632 0.173697 0.121289
v -0.051503 0.303175 -0.142969
v -0.049887 0.111507 -0.153417
v -0.049679 0.162336 -0.151785
v -0.049679 0.162336 -0.151785
v -0.049458 0.169897 -0.151623
v -0.042140 0.108168 -0.003588
v -0.011124 0.159963 -0.022544
v -0.011124 0.159963 -0.022544
v -0.010514 0.168397 -0.022364
v -0.010514 0.168397 -0.022364
v -0.010509 0.106700 -0.022374
v -0.005661 0.340208 -0.012495
v -0.254516 0.110384 -0.024234
v -0.254516 0.110384 -0.024234
v -0.229767 0.107729 -0.042693
v -0.222989 0.015597 -0.055488
v -0.161537 -0.000975 -0.156126
v -0.093685 -0.000975 -0.163271
v -0.071043 0.112574 0.082787
v -0.055187 0.062003 0.103406
v -0.039824 0.109986 -0.116496
v -0.028297 0.015600 -0.004528
v -0.324209 0.676051 0.004068
v -0.312339 0.711656 0.003801
v -0.302249 0.805959 0.005718
v -0.258747 0.905843 -0.001598
v -0.234110 0.679491 0.221945
v -0.233140 0.670727 -0.220883
v -0.229905 0.701226 -0.202863
v -0.229438 0.703329 0.204253
v -0.218716 0.803144 0.211550
v -0.217667 0.796126 -0.208849
v -0.187803 0.897584 -0.192561
v -0.187793 0.916296 0.182821
v -0.107291 0.702295 0.265711
v -0.000000 0.670731 -0.299423
v 0.000000 0.685972 0.321485
v 0.000000 0.701678 0.295985
v -0.000000 0.702592 -0.277928
v -0.000000 0.791237 -0.299888
v 0.000000 0.803471 0.310852
v -0.000000 0.894267 -0.270257
v 0.000000 0.917499 0.259404
v 0.107291 0.702295 0.265711
v 0.187793 0.916296 0.182821
v 0.187803 0.897584 -0.192561
v 0.217666 0.796126 -0.208849
v 0.218716 0.803144 0.211550
v 0.229438 0.703329 0.204253
v 0.229905 0.701226 -0.202863
v 0.233140 0.670727 -0.220883
v 0.234110 0.679491 0.221945
v 0.258747 0.905843 -0.001598
v 0.302249 0.805959 0.005718
v 0.312339 0.711656 0.003801
v 0.324209 0.676051 0.004068
v -0.210004 0.976444 -0.017582
v -0.159062 0.985705 0.143752
v -0.156136 1.180463 -0.062404
v -0.154770 0.982771 -0.171304
v -0.154235 1.158972 0.038556
v -0.148546 1.152926 -0.034408
v -0.138202 1.237109 0.054942
v -0.138202 1.237109 0.054942
v -0.138202 1.237109 0.054942
v -0.138178 1.254305 -0.049117
v -0.138178 1.254305 -0.049117
v -0.138178 1.254305 -0.049117
v -0.122324 1.141422 0.116797
v -0.120892 1.132285 0.105348
v -0.105316 1.194478 -0.137234
v -0.104857 1.168503 -0.131566
v -0.092898 1.271196 -0.122369
v -0.092898 1.271196 -0.122369
v -0.092898 1.271196 -0.122369
v -0.064983 1.218752 0.137310
v -0.064983 1.218752 0.137310
v -0.064983 1.218752 0.137310
v -0.000000 0.983585 -0.221989
v 0.000000 0.987024 0.205144
v -0.000000 1.199109 -0.178054
v -0.000000 1.135009 0.152993
v -0.000000 1.135009 0.152993
v -0.000000 1.141165 -0.001339
v -0.000000 1.177752 -0.168007
v 0.000000 1.278215 -0.158219
v 0.000000 1.278215 -0.158219
v 0.000000 1.278215 -0.158219
v 0.000000 1.278215 -0.158219
v 0.064983 1.218752 0.137310
v 0.064983 1.218752 0.137310
v 0.064983 1.218752 0.137310
v 0.092898 1.271196 -0.122369
v 0.092898 1.271196 -0.122369
v 0.092898 1.271196 -0.122369
v 0.104857 1.168503 -0.131566
v 0.105316 1.194478 -0.137234
v 0.120892 1.132285 0.105348
v 0.122324 1.141422 0.116797
v 0.138178 1.254305 -0.049117
v 0.138178 1.254305 -0.049117
v 0.138178 1.254305 -0.049117
v 0.138202 1.237109 0.054942
v 0.138202 1.237109 0.054942
v 0.138202 1.237109 0.054942
v 0.148546 1.152926 -0.034408
v 0.154235 1.158972 0.038556
v 0.154770 0.982771 -0.171304
v 0.156136 1.180463 -0.062404
v 0.159062 0.985705 0.143752
v 0.210004 0.976444 -0.017582
v -0.109295 1.246212 -0.001712
v -0.080095 1.251281 -0.085026
v -0.072069 1.225633 0.064324
v 0.000000 1.200742 0.106118
v 0.000000 1.264407 -0.127430
v 0.072069 1.225633 0.064324
v 0.080096 1.251281 -0.085026
v 0.109295 1.246212 -0.001712
v -0.133075 1.357632 0.098442
v -0.132696 1.377859 0.100301
v -0.128500 1.358348 0.111670
v -0.128233 1.376307 0.119477
v -0.125570 1.377538 0.075980
v -0.123727 1.358162 0.114281
v -0.123187 1.353103 0.019328
v -0.115640 1.327291 0.076487
v -0.115640 1.327291 0.076487
v -0.115295 1.299471 0.007609
v -0.103082 1.366554 -0.048698
v -0.093950 1.286309 0.084691
v -0.093950 1.286309 0.084691
v -0.086668 1.311754 -0.071150
v -0.065066 1.368611 -0.092242
v -0.055233 1.261199 0.096491
v -0.055233 1.261199 0.096491
v 0.000000 1.252871 0.110329
v 0.000000 1.252871 0.110329
v 0.000000 1.322171 -0.120732
v 0.000000 1.364933 -0.122722
v 0.055233 1.261199 0.096491
v 0.055233 1.261199 0.096491
v 0.065066 1.368611 -0.092242
v 0.086669 1.311754 -0.071150
v 0.093950 1.286309 0.084691
v 0.093950 1.286309 0.084691
v 0.103082 1.366554 -0.048698
v 0.115295 1.299471 0.007609
v 0.115640 1.327291 0.076487
v 0.115640 1.327291 0.076487
v 0.123187 1.353103 0.019328
v 0.123727 1.358162 0.114281
v 0.125570 1.377538 0.075980
v 0.128233 1.376307 0.119477
v 0.128500 1.358348 0.111670
v 0.132696 1.377859 0.100301
v 0.133075 1.357632 0.098442
v -0.123111 1.341406 0.112663
v -0.106447 1.350897 0.129445
v -0.096410 1.311062 0.131607
v -0.095434 1.325742 0.148385
v -0.056741 1.280499 0.148323
v 0.000000 1.278353 0.151213
v 0.056741 1.280499 0.148323
v 0.095434 1.325742 0.148385
v 0.096410 1.311062 0.131607
v 0.106447 1.350897 0.129445
v 0.123112 1.341406 0.112663
v 0.256616 1.072897 -0.165372
v 0.260001 1.127683 -0.150317
v 0.263729 1.006073 -0.153217
v 0.276334 1.153416 -0.069610
v 0.278118 0.992884 -0.077035
v 0.285898 1.006390 -0.027540
v 0.287889 1.134971 -0.010971
v 0.293906 1.070447 0.008135
v 0.393520 1.061823 -0.178816
v 0.396983 1.003984 -0.157412
v 0.403713 1.121963 -0.156872
v 0.407212 1.008885 -0.032902
v 0.409398 1.127305 -0.032137
v 0.410734 1.064695 -0.012385
v 0.424177 1.004691 -0.157074
v 0.426650 0.997501 -0.097635
v 0.427807 1.063368 -0.178205
v 0.429181 1.121570 -0.156136
v 0.430388 1.141698 -0.096999
v 0.450467 1.010626 -0.039284
v 0.451371 1.005397 -0.156735
v 0.454649 1.121177 -0.155399
v 0.457211 1.064693 -0.177682
v 0.458819 1.065006 -0.018714
v 0.460245 1.125132 -0.037651
v 0.590266 1.086516 -0.009221
v 0.591186 1.029090 -0.020412
v 0.596977 1.118418 -0.021340
v 0.598795 1.122756 -0.068788
v 0.601677 1.017316 -0.062475
v 0.610434 1.015891 -0.128892
v 0.615006 1.102537 -0.130078
v 0.617010 1.072464 -0.144658
v 0.675035 1.032653 0.015348
v 0.688026 1.100502 0.028287
v 0.701108 1.016025 -0.040142
v 0.704023 1.111876 -0.023029
v 0.714350 1.013505 -0.105187
v 0.719442 1.098327 -0.066436
v 0.720857 1.073035 -0.116702
v 0.708179 1.035457 0.035689
v 0.723236 1.085356 0.038736
v 0.732545 1.026723 -0.004803
v 0.747891 1.018781 -0.048073
v 0.748560 1.089326 -0.004839
v 0.748560 1.089326 -0.004839
v 0.751517 1.008256 -0.086976
v 0.755140 1.014408 0.049815
v 0.764276 1.078361 -0.049507
v 0.764276 1.078361 -0.049507
v 0.767120 1.058338 0.053396
v 0.769256 1.058925 -0.093102
v 0.771573 1.008361 -0.044937
v 0.771796 1.013880 0.016212
v 0.773141 1.016271 0.006200
v 0.778898 1.000387 -0.068700
v 0.785523 1.057122 0.020198
v 0.786496 1.009664 -0.026620
v 0.791270 1.057936 0.006196
v 0.793585 1.047885 -0.043632
v 0.798952 1.037316 -0.072672
v 0.804564 1.051342 -0.029289
v 0.623144 1.033016 0.030341
v 0.633414 1.092595 0.040675
v 0.653517 1.022851 0.065722
v 0.663798 1.071449 0.075101
v 0.689195 1.024487 0.045241
v 0.698252 1.070930 0.054906
v -0.410734 1.064695 -0.012384
v -0.409398 1.127305 -0.032137
v -0.407212 1.008885 -0.032902
v -0.403713 1.121963 -0.156872
v -0.396983 1.003984 -0.157412
v -0.393520 1.061823 -0.178816
v -0.293906 1.070447 0.008135
v -0.287889 1.134971 -0.010971
v -0.285898 1.006390 -0.027540
v -0.278119 0.992884 -0.077035
v -0.276334 1.153416 -0.069610
v -0.263729 1.006073 -0.153217
v -0.260001 1.127683 -0.150317
v -0.256616 1.072897 -0.165372
v -0.460245 1.125132 -0.037651
v -0.458819 1.065006 -0.018714
v -0.457211 1.064693 -0.177682
v -0.454649 1.121177 -0.155399
v -0.451371 1.005397 -0.156735
v -0.450467 1.010626 -0.039284
v -0.430388 1.141698 -0.096999
v -0.429181 1.121570 -0.156136
v -0.427807 1.063368 -0.178205
v -0.426650 0.997502 -0.097635
v -0.424177 1.004691 -0.157074
v -0.617010 1.072464 -0.144658
v -0.615006 1.102537 -0.130078
v -0.610434 1.015891 -0.128892
v -0.601677 1.017316 -0.062475
v -0.598795 1.122756 -0.068788
v -0.596977 1.118418 -0.021340
v -0.591186 1.029090 -0.020412
v -0.590266 1.086516 -0.009221
v -0.720858 1.073035 -0.116702
v -0.719442 1.098327 -0.066436
v -0.714350 1.013505 -0.105186
v -0.704023 1.111876 -0.023029
v -0.701108 1.016025 -0.040142
v -0.688026 1.100502 0.028287
v -0.675035 1.032653 0.015348
v -0.804564 1.051342 -0.029289
v -0.798952 1.037316 -0.072672
v -0.793585 1.047885 -0.043632
v -0.791270 1.057936 0.006196
v -0.786496 1.009664 -0.026620
v -0.785523 1.057122 0.020198
v -0.778898 1.000387 -0.068700
v -0.773141 1.016271 0.006200
v -0.771796 1.013880 0.016213
v -0.771573 1.008361 -0.044936
v -0.769256 1.058925 -0.093102
v -0.767120 1.058338 0.053396
v -0.764276 1.078361 -0.049507
v -0.764276 1.078361 -0.049507
v -0.755141 1.014408 0.049815
v -0.751518 1.008256 -0.086976
v -0.748560 1.089326 -0.004839
v -0.748560 1.089326 -0.004839
v -0.747891 1.018781 -0.048073
v -0.732546 1.026723 -0.004803
v -0.723236 1.085356 0.038736
v -0.708180 1.035457 0.035689
v -0.698252 1.070930 0.054906
v -0.689195 1.024487 0.045241
v -0.663798 1.071449 0.075101
v -0.653517 1.022851 0.065722
v -0.633415 1.092595 0.040675
v -0.623144 1.033016 0.030341
vn -0.5926 0.0186 -0.8053
vn -0.5976 0.0056 -0.8018
vn -0.9965 -0.0346 0.0760
vn 0.4901 0.0376 -0.8709
vn 0.4901 0.0431 -0.8706
vn 0.9968 0.0048 -0.0803
vn 0.9968 0.0251 -0.0764
vn 0.5662 -0.0628 0.8219
vn 0.5655 -0.0513 0.8231
vn -0.5213 -0.0942 0.8482
vn -0.5212 -0.0669 0.8508
vn -0.9965 -0.0347 0.0761
vn 0.5655 -0.0513 0.8232
vn -0.5151 -0.0462 0.8559
vn -0.5212 -0.0670 0.8508
vn 0.5581 -0.0378 0.8289
vn 0.9970 0.0259 -0.0732
vn 0.9968 0.0250 -0.0764
vn -0.0287 -0.9936 -0.1089
vn -0.0098 -0.9993 -0.0348
vn -0.0288 -0.9936 -0.1089
vn -0.0084 -0.9993 -0.0351
vn 0.0006 -1.0000 0.0021
vn 0.0030 -1.0000 0.0024
vn -0.0012 -1.0000 0.0031
vn -0.9954 0.0576 0.0766
vn -0.9407 0.0259 -0.3383
vn -0.9926 -0.1213 -0.0099
vn -0.9954 0.0577 0.0766
vn -0.9087 0.2714 0.3171
vn -0.8964 0.4180 0.1473
vn -0.9458 0.0756 0.3159
vn -0.5028 0.2555 0.8258
vn -0.4940 0.5507 0.6728
vn 0.2168 0.6417 0.7357
vn 0.2773 0.3107 0.9092
vn 0.7630 0.5127 0.3936
vn 0.8499 0.1845 0.4935
vn 0.9364 0.3204 -0.1430
vn 0.9830 0.0204 -0.1823
vn 0.8902 -0.0345 -0.4543
vn 0.8447 0.4485 -0.2922
vn 0.5768 0.8110 0.0975
vn -0.0492 0.9969 -0.0616
vn 0.0780 0.9281 0.3640
vn -0.5699 0.7313 0.3746
vn -0.4706 0.7788 0.4147
vn 0.0849 0.9397 0.3312
vn 0.5559 0.8174 0.1511
vn 0.6619 -0.0342 -0.7488
vn 0.8901 -0.0346 -0.4544
vn 0.8512 -0.1935 -0.4879
vn 0.0005 -1.0000 0.0020
vn 0.2498 -0.0596 0.9665
vn 0.0012 -1.0000 0.0022
vn -0.0003 -1.0000 0.0029
vn -0.9970 0.0259 -0.0732
vn -0.5662 -0.0628 0.8219
vn -0.9968 0.0250 -0.0764
vn -0.5655 -0.0513 0.8232
vn 0.5151 -0.0462 0.8559
vn -0.5581 -0.0378 0.8289
vn 0.5212 -0.0670 0.8508
vn 0.5212 -0.0669 0.8508
vn 0.5213 -0.0942 0.8482
vn 0.9965 -0.0347 0.0761
vn -0.9968 0.0047 -0.0803
vn -0.9968 0.0251 -0.0764
vn -0.4900 0.0377 -0.8709
vn -0.4902 0.0431 -0.8705
vn 0.5926 0.0186 -0.8053
vn 0.5976 0.0056 -0.8018
vn 0.9965 -0.0347 0.0760
vn -0.2498 -0.0596 0.9665
vn -0.8901 -0.0345 -0.4544
vn -0.6619 -0.0342 -0.7488
vn -0.8512 -0.1935 -0.4879
vn 0.9089 0.2719 0.3163
vn 0.9458 0.0756 0.3160
vn 0.9953 0.0592 0.0769
vn 0.5029 0.2554 0.8257
vn 0.4940 0.5507 0.6728
vn -0.2168 0.6417 0.7357
vn -0.2773 0.3107 0.9091
vn -0.7630 0.5127 0.3936
vn -0.8499 0.1845 0.4935
vn -0.9364 0.3204 -0.1430
vn -0.9830 0.0203 -0.1823
vn -0.8902 -0.0345 -0.4543
vn -0.8447 0.4485 -0.2923
vn -0.5768 0.8110 0.0975
vn 0.0497 0.9969 -0.0616
vn -0.0780 0.9281 0.3640
vn 0.5709 0.7311 0.3736
vn 0.4706 0.7788 0.4147
vn -0.0849 0.9397 0.3312
vn -0.5559 0.8174 0.1511
vn 0.0003 -1.0000 0.0029
vn -0.0006 -1.0000 0.0021
vn 0.0098 -0.9993 -0.0348
vn 0.0012 -1.0000 0.0031
vn 0.0084 -0.9993 -0.0351
vn -0.0030 -1.0000 0.0024
vn 0.0287 -0.9936 -0.1089
vn 0.0288 -0.9936 -0.1089
vn -0.0012 -1.0000 0.0022
vn 0.8520 0.4097 -0.3258
vn 0.9406 0.0260 -0.3384
vn 0.2319 0.1061 -0.9669
vn 0.9953 0.0592 0.0768
vn 0.9926 -0.1213 -0.0099
vn -0.0005 -1.0000 0.0020
vn -0.9052 0.4235 -0.0354
vn -0.7419 0.1494 0.6536
vn -0.9855 0.1553 -0.0686
vn 0.7419 0.1494 0.6536
vn 0.9052 0.4235 -0.0353
vn 0.9855 0.1553 -0.0686
vn 0.8938 -0.0209 -0.4481
vn 0.8937 -0.0209 -0.4481
vn -0.9559 -0.0175 -0.2930
vn -0.9559 -0.0174 -0.2930
vn -0.9559 -0.0175 -0.2931
vn -0.9560 -0.0174 -0.2930
vn -0.8366 -0.1712 -0.5203
vn -0.8367 -0.1712 -0.5203
vn 0.9728 0.0991 0.2093
vn 0.8495 0.1424 0.5080
vn 0.4918 0.1544 0.8569
vn 0.3314 0.0667 0.9411
vn 0.3314 0.0666 0.9411
vn -0.0000 -0.0003 1.0000
vn -0.0000 -0.0004 1.0000
vn -0.3308 0.0663 0.9414
vn -0.4917 0.1537 0.8571
vn -0.8498 0.1419 0.5076
vn -0.9728 0.0991 0.2093
vn -0.9728 0.0991 0.2092
vn -0.9862 -0.0579 -0.1554
vn -0.9848 -0.1475 -0.0918
vn -0.9303 -0.3660 0.0229
vn -0.9238 -0.3821 0.0256
vn -0.8694 -0.1388 -0.4741
vn -0.4253 -0.5693 -0.7036
vn -0.5822 -0.2807 -0.7630
vn -0.5640 -0.1329 -0.8150
vn -0.0000 -0.3142 -0.9494
vn -0.0000 -0.1603 -0.9871
vn 0.5640 -0.1329 -0.8150
vn 0.5822 -0.2807 -0.7630
vn 0.8695 -0.1388 -0.4741
vn 0.4253 -0.5693 -0.7036
vn 0.9238 -0.3821 0.0256
vn 0.9848 -0.1475 -0.0918
vn 0.9862 -0.0579 -0.1554
vn 0.9303 -0.3660 0.0229
vn 0.2093 -0.9385 -0.2745
vn -0.0259 -0.6362 -0.7711
vn -0.8405 -0.1677 -0.5151
vn -0.2062 0.2651 -0.9419
vn -0.7844 0.5442 -0.2976
vn -0.9850 0.1335 -0.1097
vn -0.7875 -0.1538 -0.5968
vn -0.2093 -0.9385 -0.2745
vn 0.0259 -0.6362 -0.7711
vn 0.8405 -0.1677 -0.5151
vn 0.2062 0.2651 -0.9419
vn 0.7844 0.5442 -0.2976
vn 0.9850 0.1335 -0.1097
vn -0.9842 -0.0980 -0.1473
vn -0.9435 -0.0750 0.3228
vn -0.9367 0.0049 0.3500
vn -0.9003 -0.1635 -0.4034
vn -0.5489 -0.3271 -0.7692
vn -0.0000 -0.3597 -0.9331
vn 0.5489 -0.3271 -0.7692
vn 0.7875 -0.1538 -0.5968
vn 0.9003 -0.1635 -0.4034
vn 0.8907 -0.0986 -0.4439
vn 0.9367 0.0049 0.3500
vn 0.9842 -0.0980 -0.1473
vn 0.9473 0.0096 0.3201
vn 0.9435 -0.0750 0.3228
vn 0.9831 0.0872 -0.1610
vn 0.9894 0.0837 -0.1186
vn 0.9317 0.2935 -0.2138
vn 0.8116 0.0997 -0.5756
vn 0.4985 -0.2643 -0.8256
vn 0.8513 0.5242 0.0228
vn 0.6870 0.6608 -0.3022
vn 0.6192 0.7841 -0.0414
vn 0.9409 0.2935 0.1690
vn 0.9077 0.4145 0.0659
vn 0.9033 0.4278 0.0339
vn 0.6810 0.6492 0.3388
vn 0.7898 0.0313 0.6126
vn 0.4421 -0.0007 -0.8970
vn 0.5898 0.4967 -0.6367
vn 0.2946 0.4279 -0.8545
vn 0.2475 0.7261 -0.6415
vn -0.0000 -0.3205 -0.9473
vn -0.0000 -0.0265 -0.9996
vn -0.0000 0.4286 -0.9035
vn -0.0000 0.7567 -0.6537
vn 0.2875 0.8957 -0.3392
vn -0.2875 0.8957 -0.3392
vn -0.2475 0.7261 -0.6415
vn -0.2946 0.4279 -0.8545
vn -0.4421 -0.0007 -0.8970
vn -0.4985 -0.2643 -0.8256
vn -0.8907 -0.0986 -0.4439
vn -0.9831 0.0872 -0.1610
vn -0.9473 0.0096 0.3201
vn -0.6870 0.6608 -0.3022
vn -0.8513 0.5242 0.0228
vn -0.6192 0.7841 -0.0414
vn -0.9317 0.2935 -0.2139
vn -0.5898 0.4967 -0.6367
vn -0.8116 0.0997 -0.5756
vn -0.9409 0.2935 0.1690
vn -0.6772 0.6153 0.4035
vn -0.6984 0.5110 0.5011
vn -0.9077 0.4145 0.0659
vn -0.9894 0.0837 -0.1186
vn -0.6180 0.7549 0.2196
vn -0.2856 0.8785 0.3830
vn -0.2883 0.6186 0.7309
vn 0.0004 0.8606 0.5092
vn -0.0455 0.6068 0.7935
vn 0.0466 0.6071 0.7933
vn -0.0627 0.5194 0.8522
vn 0.2374 0.7205 0.6516
vn 0.2894 0.6187 0.7303
vn 0.2861 0.8786 0.3824
vn -0.0000 1.0000 -0.0013
vn -0.2970 0.9547 -0.0176
vn -0.0000 0.9377 -0.3475
vn 0.2970 0.9547 -0.0176
vn 0.6180 0.7549 0.2196
vn 0.6984 0.5111 0.5011
vn 0.6772 0.6153 0.4035
vn 0.2264 0.7060 0.6710
vn 0.2891 -0.2056 0.9350
vn -0.2159 0.5424 0.8119
vn -0.1828 0.3605 0.9147
vn 0.0046 0.3376 0.9413
vn 0.0053 0.2664 0.9638
vn 0.0009 0.0033 1.0000
vn -0.2402 -0.1648 0.9566
vn -0.2445 -0.2445 0.9383
vn -0.2185 -0.1968 0.9558
vn 0.2333 -0.1664 0.9581
vn 0.2357 -0.2448 0.9405
vn 0.1889 0.3659 0.9113
vn 0.0658 0.5232 0.8497
vn -0.2368 0.7207 0.6516
vn -0.9032 0.4278 0.0339
vn -0.7898 0.0313 0.6126
vn -0.6810 0.6492 0.3388
vn -0.2264 0.7060 0.6710
vn 0.2160 0.5443 0.8106
vn -0.5523 -0.3717 0.7462
vn -0.6524 0.1401 0.7448
vn -0.1909 -0.7244 0.6624
vn -0.2891 -0.2056 0.9350
vn -0.5296 0.4358 0.7277
vn -0.6661 0.1574 0.7291
vn -0.6524 0.4424 0.6154
vn -0.8364 0.3645 0.4092
vn -0.6904 0.6268 0.3612
vn -0.0000 0.3233 0.9463
vn 0.2139 -0.1950 0.9572
vn 0.6904 0.6268 0.3612
vn 0.6524 0.4424 0.6154
vn -0.0000 0.8454 0.5341
vn -0.5562 0.7695 0.3139
vn -0.8518 0.1768 0.4931
vn -0.8099 -0.3153 0.4945
vn -0.6009 0.1890 0.7767
vn -0.8272 -0.0182 0.5617
vn -0.8862 -0.1916 0.4219
vn -0.9907 0.1093 0.0813
vn 0.1909 -0.7244 0.6624
vn 0.5523 -0.3717 0.7462
vn 0.6524 0.1401 0.7448
vn 0.5296 0.4358 0.7277
vn 0.6661 0.1574 0.7291
vn 0.8364 0.3645 0.4092
vn -0.0000 0.1029 0.9947
vn -0.5787 -0.5978 0.5547
vn -0.0000 0.6853 0.7282
vn -0.0000 0.9800 0.1989
vn 0.5562 0.7695 0.3139
vn 0.8518 0.1768 0.4931
vn 0.8099 -0.3153 0.4945
vn 0.6009 0.1890 0.7767
vn 0.8272 -0.0182 0.5617
vn 0.8862 -0.1916 0.4219
vn 0.5787 -0.5978 0.5548
vn -0.0000 -0.9637 0.2671
vn -0.0000 -0.8880 0.4598
vn -0.0000 -0.5102 0.8601
vn 0.9907 0.1093 0.0812
vn 0.9742 -0.2099 0.0825
vn 0.9419 -0.1868 0.2792
vn 0.9029 -0.2642 0.3392
vn 0.8795 -0.3250 0.3476
vn -0.0000 -1.0000 -0.0070
vn -0.4086 -0.8973 0.1670
vn -0.5186 -0.8546 0.0281
vn -0.2368 -0.8814 0.4087
vn -0.0000 -0.8590 0.5120
vn 0.2368 -0.8814 0.4087
vn 0.4086 -0.8973 0.1671
vn 0.5186 -0.8546 0.0281
vn -0.7163 -0.2429 0.6541
vn -0.4307 0.6534 0.6225
vn -0.4269 0.7248 0.5408
vn -0.4307 0.6534 0.6226
vn -0.0000 0.8367 0.5476
vn -0.3556 0.4942 0.7933
vn 0.4269 0.7248 0.5408
vn 0.3557 0.4942 0.7932
vn 0.4307 0.6534 0.6226
vn 0.7163 -0.2429 0.6541
vn -0.7163 -0.2429 0.6542
vn 0.1647 -0.9649 0.2047
vn 0.2816 -0.9433 0.1760
vn 0.8367 -0.1712 -0.5203
vn 0.8366 -0.1713 -0.5203
vn 0.8366 -0.1712 -0.5203
vn -0.8937 -0.0209 -0.4481
vn -0.8938 -0.0209 -0.4481
vn 0.9559 -0.0174 -0.2930
vn 0.9559 -0.0175 -0.2930
vn 0.9559 -0.0175 -0.2931
vn 0.9560 -0.0174 -0.2930
vn -0.7477 -0.1820 0.6386
vn -0.4268 0.7249 0.5407
vn -0.4306 0.6534 0.6226
vn -0.4610 -0.4979 0.7345
vn -0.7024 -0.5868 0.4029
vn -0.3197 -0.6962 0.6427
vn -0.4494 -0.6988 0.5565
vn -0.0000 -0.7501 0.6614
vn -0.0000 -0.7482 0.6635
vn 0.3197 -0.6963 0.6427
vn 0.4494 -0.6988 0.5565
vn 0.7024 -0.5868 0.4029
vn 0.4610 -0.4979 0.7346
vn 0.7477 -0.1820 0.6386
vn 0.3557 0.4942 0.7933
vn 0.4268 0.7249 0.5407
vn 0.4306 0.6534 0.6226
vn -0.0000 -0.5300 0.8480
vn -0.0000 0.8367 0.5477
vn 0.1164 -0.6665 0.7363
vn 0.9676 0.2424 -0.0708
vn 0.4934 0.2732 0.8258
vn 0.5675 -0.7711 -0.2888
vn 0.5330 -0.8140 -0.2309
vn 0.6233 0.2821 0.7293
vn 0.1824 -0.6387 0.7475
vn 0.9552 0.1560 -0.2515
vn 0.4602 -0.8722 -0.1657
vn 0.7585 0.1653 0.6303
vn 0.1451 -0.6345 0.7592
vn 0.9428 -0.0160 -0.3328
vn -0.9552 0.1559 -0.2515
vn -0.5330 -0.8140 -0.2309
vn -0.6233 0.2821 0.7293
vn -0.1824 -0.6387 0.7475
vn -0.9429 -0.0160 -0.3328
vn -0.4602 -0.8722 -0.1657
vn -0.7586 0.1653 0.6302
vn -0.1451 -0.6345 0.7592
vn -0.5675 -0.7710 -0.2888
vn -0.1164 -0.6665 0.7363
vn -0.9676 0.2424 -0.0708
vn -0.4934 0.2732 0.8258
vn -0.9977 -0.0594 0.0313
vn -0.7568 0.2138 -0.6177
vn -0.9944 0.0633 0.0842
vn -0.7639 0.1308 -0.6319
vn -0.0000 0.2835 -0.9590
vn -0.0000 0.2130 -0.9770
vn 0.7639 0.1307 -0.6319
vn 0.7568 0.2138 -0.6177
vn 0.9977 -0.0595 0.0313
vn 0.9944 0.0633 0.0842
vn 0.7314 -0.0584 0.6795
vn 0.7133 -0.2613 0.6503
vn -0.0000 -0.2119 0.9773
vn -0.0000 -0.0916 0.9958
vn -0.7314 -0.0584 0.6795
vn -0.7133 -0.2613 0.6503
vn -0.9742 -0.2099 0.0824
vn -0.9419 -0.1868 0.2792
vn -0.9029 -0.2642 0.3392
vn -0.8795 -0.3249 0.3477
vn -0.9934 0.1014 0.0539
vn -0.9987 -0.0088 -0.0502
vn -0.9427 -0.0959 0.3196
vn -0.9861 -0.0579 -0.1555
vn -0.9907 0.1094 0.0812
vn -0.8857 0.2148 0.4115
vn -0.9065 0.0014 0.4223
vn -0.8724 -0.3675 0.3224
vn -0.8224 -0.2029 0.5315
vn -0.5754 0.3037 0.7594
vn -0.5766 0.3277 0.7484
vn 0.8006 0.5007 0.3290
vn 0.5766 0.3277 0.7484
vn 0.8857 0.2148 0.4115
vn 0.5082 0.6545 0.5598
vn -0.0000 0.6585 0.7525
vn -0.0000 0.3597 0.9331
vn 0.5754 0.3037 0.7594
vn -0.0000 0.3995 0.9167
vn -0.5082 0.6545 0.5598
vn -0.8006 0.5007 0.3290
vn -0.8047 0.5489 0.2262
vn -0.6220 0.6986 0.3537
vn -0.4352 0.7625 0.4788
vn -0.0000 0.7994 0.6008
vn 0.4352 0.7625 0.4788
vn 0.6220 0.6986 0.3537
vn 0.8047 0.5489 0.2262
vn 0.9907 0.1094 0.0812
vn 0.9934 0.1014 0.0539
vn 0.9861 -0.0579 -0.1555
vn 0.9987 -0.0088 -0.0502
vn 0.9427 -0.0959 0.3196
vn 0.9065 0.0014 0.4223
vn 0.7163 -0.2429 0.6542
vn 0.8724 -0.3675 0.3224
vn 0.5185 -0.8546 0.0280
vn 0.8224 -0.2028 0.5315
vn 0.8683 -0.2587 0.4232
vn 0.5982 -0.0345 0.8006
vn -0.0000 0.0701 0.9975
vn -0.5982 -0.0345 0.8006
vn -0.8683 -0.2587 0.4233
vn -0.5185 -0.8546 0.0281
vn -0.4086 -0.8973 0.1671
vn -0.2367 -0.8814 0.4087
vn 0.2367 -0.8814 0.4087
vn -0.6590 -0.6683 0.3449
vn 0.1462 -0.1183 -0.9822
vn -0.8398 -0.4031 0.3637
vn 0.0143 0.0340 -0.9993
vn 0.4743 0.5062 0.7203
vn 0.5364 0.4414 0.7193
vn 0.3213 0.5973 0.7348
vn -0.1809 -0.9676 0.1761
vn -0.2420 0.2453 -0.9387
vn -0.4290 0.3011 -0.8516
vn 0.1546 0.5886 0.7935
vn 0.2398 -0.9691 -0.0574
vn 0.5870 -0.7389 -0.3308
vn 0.0564 0.5163 0.8545
vn -0.6623 0.1089 -0.7412
vn -0.5720 -0.7260 -0.3817
vn 0.1587 -0.7624 0.6273
vn 0.5254 -0.8296 -0.1891
vn -0.7071 -0.2705 0.6534
vn -0.0492 -0.0480 -0.9976
vn 0.0852 -0.1544 -0.9843
vn -0.5136 -0.5460 0.6619
vn 0.5939 0.6097 0.5249
vn 0.7066 0.4967 0.5039
vn -0.2688 0.0740 -0.9603
vn -0.0318 -0.8638 0.5029
vn 0.3330 0.7310 0.5956
vn -0.3925 0.1002 -0.9143
vn 0.3632 -0.8887 0.2798
vn 0.0967 0.6979 0.7096
vn -0.0165 0.5901 0.8071
vn 0.7662 -0.6425 -0.0128
vn -0.5168 -0.0539 -0.8544
vn -0.0839 -0.6325 0.7700
vn 0.6299 -0.7767 0.0023
vn -0.4028 -0.8819 -0.2449
vn 0.4315 0.0319 -0.9015
vn 0.6221 0.4915 -0.6095
vn 0.5640 0.0379 -0.8249
vn 0.5263 0.5652 -0.6353
vn 0.6741 0.7247 -0.1430
vn 0.6008 0.7952 -0.0817
vn 0.7891 0.5166 0.3322
vn 0.7182 0.5813 0.3824
vn 0.7910 0.0246 0.6113
vn 0.8206 -0.0286 0.5708
vn 0.7646 -0.5533 0.3305
vn 0.7893 -0.5407 0.2909
vn 0.6324 -0.7651 -0.1214
vn 0.6777 -0.7274 -0.1078
vn 0.6446 -0.4908 -0.5862
vn 0.5429 -0.5412 -0.6421
vn -0.4535 -0.6864 -0.5685
vn -0.5212 0.0101 -0.8534
vn -0.6245 0.6170 -0.4788
vn -0.3982 0.9086 0.1257
vn -0.3699 0.6516 0.6623
vn -0.1806 0.0332 0.9830
vn -0.2008 -0.7173 0.6671
vn -0.2595 -0.9644 0.0510
vn -0.8075 -0.5747 0.1332
vn -0.6343 -0.4861 0.6011
vn -0.7137 0.1909 0.6740
vn -0.8207 0.5467 0.1661
vn -0.9037 0.1557 -0.3988
vn -0.8093 -0.4641 -0.3601
vn -0.9816 0.1078 0.1576
vn -0.8206 -0.0286 0.5708
vn -0.7893 -0.5407 0.2909
vn -0.7646 -0.5533 0.3305
vn -0.6324 -0.7651 -0.1214
vn -0.6777 -0.7274 -0.1078
vn -0.6446 -0.4908 -0.5862
vn -0.5429 -0.5412 -0.6421
vn -0.5640 0.0379 -0.8249
vn -0.4315 0.0319 -0.9015
vn -0.6221 0.4915 -0.6095
vn -0.5263 0.5652 -0.6353
vn -0.6741 0.7247 -0.1430
vn -0.6008 0.7952 -0.0817
vn -0.7891 0.5166 0.3322
vn -0.7182 0.5813 0.3824
vn -0.7910 0.0246 0.6113
vn 0.2008 -0.7173 0.6671
vn 0.2595 -0.9644 0.0510
vn 0.4535 -0.6864 -0.5685
vn 0.5212 0.0100 -0.8534
vn 0.6245 0.6170 -0.4788
vn 0.3982 0.9086 0.1257
vn 0.3699 0.6516 0.6623
vn 0.1806 0.0332 0.9830
vn 0.6343 -0.4861 0.6011
vn 0.8075 -0.5747 0.1332
vn 0.8093 -0.4641 -0.3601
vn 0.9037 0.1557 -0.3988
vn 0.8207 0.5467 0.1661
vn 0.7137 0.1909 0.6740
vn 0.9816 0.1078 0.1576
vn -0.9962 -0.0350 0.0792
vn 0.5644 -0.0808 0.8215
vn -0.5191 -0.1004 0.8488
vn -0.9965 -0.0102 0.0825
vn -0.5977 0.0224 -0.8014
vn 0.4904 0.0385 -0.8707
vn 0.4900 0.0375 -0.8709
vn -0.5644 -0.0808 0.8215
vn 0.5191 -0.1004 0.8488
vn 0.9962 -0.0350 0.0792
vn 0.9965 -0.0102 0.0825
vn 0.5976 0.0223 -0.8015
vn -0.4904 0.0385 -0.8707
vn -0.4900 0.0375 -0.8709
vn -0.8945 0.2214 0.3885
vn -0.8103 0.2173 0.5442
vn -0.6714 0.3206 0.6682
vn -0.9610 0.1594 0.2258
vn -0.9425 0.2438 -0.2284
vn -0.9426 0.2438 -0.2284
vn -0.6304 0.2577 -0.7322
vn -0.0000 0.2466 -0.9691
vn -0.0000 0.2468 -0.9691
vn 0.6304 0.2577 -0.7322
vn 0.9425 0.2438 -0.2284
vn 0.9426 0.2438 -0.2284
vn 0.9610 0.1594 0.2258
vn 0.8945 0.2214 0.3885
vn 0.8103 0.2173 0.5442
vn 0.6714 0.3206 0.6682
vn -0.9953 -0.0110 0.0961
vn -0.5213 -0.0670 0.8508
vn -0.5152 -0.0462 0.8558
vn -0.5808 0.0395 -0.8131
vn 0.4922 0.0388 -0.8696
vn 0.9968 0.0047 -0.0803
vn 0.9979 -0.0046 -0.0646
vn 0.5582 -0.0378 0.8289
vn 0.5483 -0.0169 0.8361
vn -0.4939 -0.0233 0.8692
vn -0.1237 -0.6523 0.7478
vn 0.5284 -0.2915 0.7974
vn 0.9684 -0.2486 -0.0216
vn 0.5214 -0.3001 -0.7988
vn 0.5041 0.0096 -0.8636
vn -0.5805 0.0041 -0.8143
vn -0.4382 -0.4766 -0.7622
vn -0.0000 -0.7397 -0.6730
vn 0.5270 -0.5358 -0.6597
vn 0.9050 -0.4254 0.0014
vn 0.5123 -0.5859 0.6280
vn 0.2261 -0.7372 0.6368
vn -0.0000 -0.8431 0.5378
vn -0.0000 -0.9877 0.1566
vn 0.4382 -0.4766 -0.7622
vn 0.9953 -0.0109 0.0962
vn 0.1238 -0.6523 0.7478
vn -0.2261 -0.7372 0.6368
vn -0.0000 -0.6368 0.7710
vn 0.2717 -0.5963 0.7554
vn 0.6457 -0.4734 0.5992
vn 0.9208 -0.3901 0.0036
vn 0.5665 -0.5192 -0.6399
vn -0.0000 -0.5952 -0.8036
vn -0.5270 -0.5358 -0.6597
vn -0.5665 -0.5192 -0.6399
vn -0.9050 -0.4254 0.0014
vn -0.9208 -0.3901 0.0036
vn -0.6457 -0.4734 0.5992
vn -0.5123 -0.5859 0.6280
vn -0.2717 -0.5963 0.7554
vn -0.5284 -0.2915 0.7974
vn -0.9684 -0.2486 -0.0216
vn -0.5214 -0.3001 -0.7988
vn 0.5807 0.0396 -0.8132
vn -0.4924 0.0389 -0.8695
vn -0.9979 -0.0045 -0.0645
vn -0.5042 0.0096 -0.8635
vn 0.5804 0.0041 -0.8143
vn -0.5483 -0.0169 0.8361
vn 0.4939 -0.0233 0.8692
vn -0.5582 -0.0378 0.8289
vn 0.5152 -0.0462 0.8558
vn 0.5213 -0.0670 0.8508
vn -0.8518 0.4091 -0.3271
vn -0.9954 0.0578 0.0765
vn -0.8965 0.4180 0.1472
vn -0.9406 0.0260 -0.3384
vn -0.2318 0.1061 -0.9670
vn -0.2212 0.4760 -0.8512
vn 0.5756 0.3692 -0.7296
vn 0.8901 -0.0345 -0.4544
vn 0.8447 0.4485 -0.2923
vn -0.0492 0.9969 -0.0617
vn 0.5710 0.7311 0.3736
vn 0.8963 0.4184 0.1469
vn 0.0497 0.9969 -0.0617
vn 0.8520 0.4098 -0.3258
vn 0.2212 0.4760 -0.8512
vn 0.2318 0.1061 -0.9670
vn -0.5756 0.3692 -0.7296
vn -0.8447 0.4484 -0.2923
vn -0.7090 0.1361 0.6919
vn -0.6930 0.2619 0.6717
vn -0.9867 0.1627 0.0019
vn -0.0000 0.2509 0.9680
vn -0.0000 0.1146 0.9934
vn 0.7090 0.1361 0.6919
vn 0.6930 0.2619 0.6717
vn 0.9867 0.1627 0.0020
vn 0.9632 0.2686 -0.0026
vn 0.6839 0.2206 -0.6954
vn 0.6912 0.1202 -0.7126
vn -0.0000 0.1726 -0.9850
vn -0.0000 0.0705 -0.9975
vn -0.6912 0.1202 -0.7126
vn -0.6839 0.2206 -0.6954
vn -0.9632 0.2686 -0.0026
vn -0.6339 0.4938 0.5952
vn -0.0000 0.4972 0.8676
vn 0.6339 0.4938 0.5952
vn 0.8947 0.4463 -0.0187
vn 0.6492 0.3901 -0.6530
vn -0.0000 0.3509 -0.9364
vn -0.6492 0.3901 -0.6530
vn -0.8947 0.4463 -0.0187
vn -0.6496 0.4818 0.5881
vn -0.0000 0.4765 0.8792
vn 0.6497 0.4817 0.5881
vn 0.9052 0.4235 -0.0354
vn 0.6471 0.3865 -0.6571
vn -0.0000 0.3535 -0.9354
vn -0.6471 0.3865 -0.6571
vn -0.9855 0.1552 -0.0687
vn -0.6689 0.2061 -0.7142
vn -0.0000 0.1989 -0.9800
vn 0.6689 0.2061 -0.7142
vn 0.9855 0.1552 -0.0687
vn -0.5549 0.0519 0.8303
vn -0.9473 0.0841 0.3091
vn -0.9701 0.0975 -0.2221
vn -0.6647 0.1034 -0.7399
vn -0.3491 0.1075 -0.9309
vn 0.5549 0.0519 0.8303
vn 0.9473 0.0841 0.3091
vn 0.9701 0.0975 -0.2221
vn 0.6647 0.1034 -0.7399
vn 0.3491 0.1075 -0.9309
vn 0.6439 0.7555 -0.1210
vn -0.0000 0.9698 0.2439
vn 0.6275 0.7786 0.0048
vn -0.0000 0.9874 -0.1580
vn -0.6439 0.7555 -0.1209
vn -0.6275 0.7786 0.0048
vn -0.4762 0.8011 0.3626
vn -0.3185 0.7577 0.5696
vn 0.3185 0.7577 0.5696
vn 0.4762 0.8011 0.3626
vn -0.7627 -0.0243 -0.6463
vn -0.9977 -0.0596 0.0313
vn -0.0000 -0.0224 -0.9997
vn -0.0000 0.2131 -0.9770
vn 0.7639 0.1308 -0.6319
vn 0.7627 -0.0243 -0.6463
vn 0.9977 -0.0596 0.0313
vn 0.9758 -0.2165 -0.0292
vn 0.7723 -0.5318 0.3475
vn 0.7133 -0.2614 0.6502
vn 0.4511 -0.5651 0.6907
vn -0.0000 -0.5714 0.8207
vn -0.4512 -0.5651 0.6907
vn -0.7133 -0.2614 0.6503
vn -0.7723 -0.5318 0.3475
vn -0.9758 -0.2165 -0.0292
vn -0.8695 -0.1387 -0.4741
vn -0.0000 -0.1602 -0.9871
vn 0.8694 -0.1387 -0.4741
vn -0.9663 -0.2511 0.0560
vn -0.9987 -0.0089 -0.0502
vn -0.9303 -0.3661 0.0228
vn -0.8215 -0.2930 0.4892
vn -0.7025 -0.5868 0.4028
vn -0.7722 -0.5319 0.3474
vn -0.4494 -0.6989 0.5564
vn -0.4511 -0.5652 0.6907
vn -0.0000 -0.7501 0.6613
vn 0.4512 -0.5652 0.6906
vn 0.4494 -0.6989 0.5564
vn 0.7722 -0.5319 0.3474
vn 0.7025 -0.5868 0.4028
vn 0.9303 -0.3661 0.0228
vn 0.8215 -0.2930 0.4892
vn 0.8224 -0.2029 0.5315
vn 0.9663 -0.2511 0.0560
vn 0.9987 -0.0089 -0.0502
vn 0.5641 0.0379 -0.8248
vn -0.0219 0.0133 -0.9997
vn 0.6221 0.4914 -0.6095
vn 0.0026 0.7115 -0.7026
vn 0.6741 0.7246 -0.1430
vn 0.0680 0.9943 -0.0820
vn 0.7892 0.5166 0.3321
vn 0.1371 0.7198 0.6805
vn 0.8207 -0.0287 0.5707
vn 0.1409 -0.0516 0.9887
vn 0.0965 -0.7721 0.6281
vn 0.7893 -0.5407 0.2908
vn 0.0491 -0.9982 0.0332
vn 0.6777 -0.7273 -0.1078
vn -0.0074 -0.7675 -0.6410
vn 0.0222 0.0073 -0.9997
vn 0.0215 0.7186 -0.6950
vn 0.1023 0.7334 -0.6720
vn 0.1112 0.0272 -0.9934
vn 0.1031 -0.7905 -0.6038
vn 0.0317 -0.7819 -0.6226
vn 0.1554 -0.7974 -0.5830
vn 0.2233 0.0715 -0.9721
vn 0.2273 0.7750 -0.5896
vn 0.1366 0.9870 -0.0848
vn -0.1750 0.8316 0.5271
vn 0.0389 0.7454 0.6654
vn 0.2369 0.8386 0.4905
vn -0.5378 0.5144 0.6679
vn 0.2684 0.9626 0.0365
vn 0.3475 0.8923 -0.2881
vn 0.3751 0.3893 -0.8413
vn 0.1102 -0.9074 -0.4056
vn 0.0203 -0.9923 0.1225
vn -0.2187 -0.8301 0.5130
vn 0.0618 -0.9767 0.2057
vn 0.6171 0.6670 -0.4174
vn 0.3725 0.8259 0.4232
vn 0.0229 -0.0008 0.9997
vn 0.0640 -0.7435 0.6656
vn -0.5594 0.0742 0.8256
vn -0.6706 -0.5711 0.4734
vn -0.1886 -0.6786 0.7099
vn 0.6992 -0.7092 0.0904
vn 0.8546 0.1646 0.4926
vn 0.0367 0.4399 0.8973
vn 0.6040 0.7844 -0.1412
vn 0.0271 0.5766 0.8166
vn -0.3642 -0.6485 0.6684
vn -0.0609 -0.9849 0.1623
vn 0.0141 -0.9857 0.1679
vn -0.0981 -0.9801 0.1725
vn 0.5675 -0.7710 -0.2888
vn 0.1164 -0.6665 0.7364
vn 0.1825 -0.6387 0.7475
vn 0.6233 0.2820 0.7294
vn 0.9552 0.1559 -0.2515
vn 0.7586 0.1653 0.6302
vn 0.5388 0.8035 0.2531
vn 0.9429 -0.0161 -0.3328
vn 0.6035 0.4507 -0.6578
vn 0.0628 -0.8695 -0.4900
vn 0.4602 -0.8722 -0.1656
vn -0.8207 -0.0287 0.5707
vn -0.7892 0.5166 0.3322
vn -0.1371 0.7198 0.6805
vn -0.0680 0.9943 -0.0820
vn -0.6741 0.7246 -0.1430
vn -0.0026 0.7115 -0.7026
vn -0.6221 0.4915 -0.6094
vn 0.0219 0.0133 -0.9997
vn -0.5641 0.0379 -0.8248
vn 0.0074 -0.7675 -0.6410
vn -0.6778 -0.7273 -0.1078
vn -0.0491 -0.9982 0.0332
vn -0.7894 -0.5406 0.2909
vn -0.2369 0.8386 0.4905
vn 0.1750 0.8316 0.5271
vn -0.1366 0.9870 -0.0848
vn -0.2273 0.7750 -0.5896
vn -0.1023 0.7334 -0.6720
vn -0.0214 0.7186 -0.6951
vn -0.0222 0.0073 -0.9997
vn -0.0317 -0.7819 -0.6226
vn -0.1031 -0.7905 -0.6038
vn -0.1112 0.0272 -0.9934
vn -0.2233 0.0715 -0.9721
vn -0.3751 0.3893 -0.8413
vn -0.3475 0.8923 -0.2881
vn -0.2684 0.9626 0.0365
vn -0.6040 0.7844 -0.1412
vn -0.0271 0.5766 0.8166
vn -0.4934 0.2731 0.8258
vn -0.1164 -0.6665 0.7364
vn 0.3642 -0.6485 0.6684
vn -0.0618 -0.9767 0.2057
vn 0.0609 -0.9849 0.1623
vn -0.8546 0.1646 0.4926
vn -0.6992 -0.7092 0.0904
vn 0.1886 -0.6786 0.7099
vn -0.0367 0.4399 0.8973
vn 0.5378 0.5144 0.6679
vn 0.6706 -0.5711 0.4734
vn -0.0229 -0.0008 0.9997
vn -0.0640 -0.7435 0.6656
vn -0.1409 -0.0516 0.9887
vn -0.0965 -0.7721 0.6281
vn 0.2187 -0.8301 0.5130
vn -0.0203 -0.9923 0.1225
vn 0.5594 0.0742 0.8256
vn -0.0389 0.7454 0.6654
vn -0.6035 0.4507 -0.6578
vn -0.0628 -0.8695 -0.4900
vn -0.1102 -0.9074 -0.4056
vn 0.0981 -0.9801 0.1725
vn -0.0141 -0.9857 0.1679
vn -0.1554 -0.7974 -0.5830
vn -0.7586 0.1652 0.6303
vn -0.5388 0.8035 0.2531
vn -0.6233 0.2820 0.7294
vn -0.3725 0.8259 0.4233
vn -0.1825 -0.6387 0.7475
vn -0.6171 0.6670 -0.4174
vt 0.714329 0.536742
vt 0.714329 0.536742
vt 0.217390 0.341641
vt 0.217390 0.341641
vt 0.217390 0.341641
vt 0.217390 0.341641
vt 0.656137 0.530021
vt 0.656137 0.530021
vt 0.656137 0.530021
vt 0.656137 0.530021
vt 0.656137 0.530021
vt 0.656137 0.530021
vt 0.656137 0.530021
vt 0.656137 0.530021
vt 0.656137 0.530021
vt 0.656137 0.530021
vt 0.714621 0.106032
vt 0.714621 0.106032
vt 0.714621 0.106032
vt 0.854248 0.149255
vt 0.589704 0.406020
vt 0.589704 0.406020
vt 0.589704 0.406019
vt 0.589704 0.406019
vt 0.589704 0.406019
vt 0.589704 0.406020
vt 0.589704 0.406020
vt 0.589704 0.406020
vt 0.589704 0.406019
vt 0.589704 0.406019
vt 0.589704 0.406020
vt 0.589704 0.406020
vt 0.651770 0.822562
vt 0.651770 0.843316
vt 0.651770 0.835169
vt 0.651770 0.845072
vt 0.651770 0.841824
vt 0.651770 0.843316
vt 0.651770 0.835169
vt 0.651770 0.825996
vt 0.651770 0.834221
vt 0.651770 0.840560
vt 0.651770 0.851735
vt 0.651770 0.848638
vt 0.651770 0.840560
vt 0.651770 0.834221
vt 0.651770 0.825996
vt 0.726041 0.608190
vt 0.726041 0.608191
vt 0.726041 0.608190
vt 0.873177 0.140561
vt 0.873177 0.140561
vt 0.217408 0.285357
vt 0.591625 0.409658
vt 0.591625 0.409658
vt 0.591625 0.409658
vt 0.591625 0.409658
vt 0.591625 0.409658
vt 0.873177 0.140562
vt 0.873177 0.140561
vt 0.873177 0.140561
vt 0.873177 0.140561
vt 0.715928 0.107380
vt 0.715928 0.107380
vt 0.715928 0.107380
vt 0.715928 0.107380
vt 0.715928 0.107380
vt 0.217390 0.341641
vt 0.217390 0.341641
vt 0.217390 0.341641
vt 0.412432 0.528409
vt 0.412432 0.528409
vt 0.412432 0.528409
vt 0.412432 0.528409
vt 0.412432 0.528409
vt 0.412432 0.528409
vt 0.217390 0.341641
vt 0.217390 0.341641
vt 0.217390 0.341641
vt 0.217390 0.341641
vt 0.217390 0.341641
vt 0.217390 0.341641
vt 0.217390 0.341641
vt 0.217390 0.341641
vt 0.217390 0.341641
vt 0.714621 0.106032
vt 0.714621 0.106032
vt 0.714621 0.106032
vt 0.714621 0.106032
vt 0.714621 0.106032
vt 0.714621 0.106032
vt 0.591625 0.409658
vt 0.591625 0.409658
vt 0.591625 0.409657
vt 0.591625 0.409658
s 1
f 1049/154/922 1050/154/923 1047/155/924
f 1050/154/923 1049/154/922 1057/155/925
f 1056/154/926 1057/155/925 1049/154/922
f 1063/154/927 1057/155/925 1056/154/926
f 1057/155/925 1063/154/927 1065/155/928
f 1065/155/928 1063/154/927 1061/155/929
f 1059/154/930 1061/155/929 1063/154/927
f 1061/155/929 1059/154/930 1053/154/931
f 1052/154/932 1053/154/931 1059/154/930
f 1053/154/931 1052/154/932 1048/155/933
f 1058/156/934 1054/157/935 1051/158/936
f 1054/157/935 1058/156/934 1062/158/937
f 1060/156/929 1100/159/938 1064/159/939
f 1093/160/940 1079/161/941 1068/162/942
f 1102/161/943 1079/161/941 1093/160/940
f 1079/161/941 1102/161/943 1108/160/944
f 1111/160/945 1108/160/944 1102/161/943
f 1108/160/944 1106/163/946 1079/161/941
f 1066/162/947 1074/160/948 1070/162/949
f 1067/162/950 1077/164/951 1076/160/952
f 1078/161/953 1077/164/951 1067/162/950
f 1105/163/954 1077/164/951 1078/161/953
f 1077/164/951 1105/163/954 1104/165/955
f 1104/165/955 1105/163/954 1107/166/956
f 1109/160/957 1107/166/956 1105/163/954
f 1107/166/956 1109/160/957 1110/165/958
f 1112/160/959 1110/165/958 1109/160/957
f 1110/165/958 1112/160/959 1101/167/960
f 1103/161/961 1101/167/960 1112/160/959
f 1095/160/962 1101/167/960 1103/161/961
f 1097/160/963 1101/167/960 1095/160/962
f 1101/167/960 1097/160/963 1098/161/964
f 1055/168/965 1098/161/964 1097/160/963
f 1098/161/964 1055/168/965 1085/162/966
f 1085/162/966 1055/168/965 1080/161/967
f 1076/160/952 1080/161/967 1055/168/965
f 1077/164/951 1080/161/967 1076/160/952
f 1080/161/967 1077/164/951 1084/160/968
f 1104/165/955 1084/160/968 1077/164/951
f 1084/160/968 1104/165/955 1088/169/969
f 1107/166/956 1088/169/969 1104/165/955
f 1088/169/969 1107/166/956 1099/160/970
f 1110/165/958 1099/160/970 1107/166/956
f 1101/167/960 1099/160/970 1110/165/958
f 1098/161/964 1099/160/970 1101/167/960
f 1085/162/966 1099/160/970 1098/161/964
f 1099/160/970 1085/162/966 1088/169/969
f 1088/169/969 1085/162/966 1084/160/968
f 1080/161/967 1084/160/968 1085/162/966
f 1087/160/971 1096/160/972 1092/160/973
s 0
f 1082/160/974 1090/160/974 1071/162/974
s 1
f 1091/160/975 1069/162/975 1073/162/975
f 1069/162/975 1091/160/975 1094/160/975
s 0
f 1083/160/976 1072/162/976 1075/160/976
f 1081/160/977 1086/160/977 1089/160/977
s 1
f 1135/159/978 1117/156/979 1113/159/980
f 1119/156/981 1124/157/982 1116/158/983
f 1124/157/982 1119/156/981 1126/158/984
f 1127/154/985 1125/154/986 1130/155/987
f 1120/154/981 1125/154/986 1127/154/985
f 1125/154/986 1120/154/981 1118/155/979
f 1115/154/988 1118/155/979 1120/154/981
f 1118/155/979 1115/154/988 1114/155/989
f 1114/155/989 1115/154/988 1121/155/990
f 1122/154/991 1121/155/990 1115/154/988
f 1129/154/992 1121/155/990 1122/154/991
f 1121/155/990 1129/154/992 1128/154/993
f 1131/155/994 1128/154/993 1129/154/992
f 1144/160/995 1167/162/995 1141/160/995
f 1167/162/995 1144/160/995 1163/162/995
f 1139/160/996 1148/160/997 1143/160/998
f 1159/164/999 1158/161/1000 1169/162/1001
f 1158/161/1000 1159/164/999 1178/163/1002
f 1179/165/1003 1178/163/1002 1159/164/999
f 1176/166/1004 1178/163/1002 1179/165/1003
f 1178/163/1002 1176/166/1004 1174/160/1005
f 1173/165/1006 1174/160/1005 1176/166/1004
f 1174/160/1005 1173/165/1006 1171/160/1007
f 1134/167/1008 1171/160/1007 1173/165/1006
f 1171/160/1007 1134/167/1008 1132/161/1009
f 1132/161/1009 1134/167/1008 1140/160/1010
f 1140/160/1010 1134/167/1008 1138/160/1011
f 1137/161/1012 1138/160/1011 1134/167/1008
f 1138/160/1011 1137/161/1012 1123/168/1013
f 1150/162/1014 1123/168/1013 1137/161/1012
f 1123/168/1013 1150/162/1014 1156/161/1015
f 1151/160/1016 1156/161/1015 1150/162/1014
f 1156/161/1015 1151/160/1016 1159/164/999
f 1159/164/999 1151/160/1016 1179/165/1003
f 1147/169/1017 1179/165/1003 1151/160/1016
f 1179/165/1003 1147/169/1017 1176/166/1004
f 1136/160/1018 1176/166/1004 1147/169/1017
f 1176/166/1004 1136/160/1018 1173/165/1006
f 1173/165/1006 1136/160/1018 1134/167/1008
f 1134/167/1008 1136/160/1018 1137/161/1012
f 1137/161/1012 1136/160/1018 1150/162/1014
f 1147/169/1017 1150/162/1014 1136/160/1018
f 1150/162/1014 1147/169/1017 1151/160/1016
s 0
f 1149/160/1019 1154/160/1019 1146/160/1019
s 1
f 1175/160/1020 1157/161/1021 1177/163/1022
f 1157/161/1021 1175/160/1020 1133/161/1023
f 1172/160/1024 1133/161/1023 1175/160/1020
f 1157/161/1021 1142/160/1025 1168/162/1026
f 1142/160/1025 1157/161/1021 1133/161/1023
s 0
f 1164/162/1027 1152/160/1027 1161/160/1027
s 1
f 1160/160/1028 1162/160/1029 1155/160/1030
f 1170/162/1031 1162/160/1029 1160/160/1028
f 1162/160/1029 1170/162/1031 1166/162/1032
s 0
f 1145/160/1033 1153/160/1033 1165/162/1033
s 1
f 1180/170/1034 1182/171/1035 1181/172/1036
f 1191/171/1037 1193/170/1038 1192/172/1039
f 1213/173/1040 1203/173/1041 1210/173/1041
f 1203/173/1041 1213/173/1040 1205/173/1041
f 1212/173/1042 1207/173/1043 1209/173/1044
f 1207/173/1043 1212/173/1042 1206/173/1045
f 1224/173/1046 1202/173/1046 1219/173/1046
f 1202/173/1046 1224/173/1046 1204/173/1047
f 1225/173/1048 1239/173/1049 1220/173/1048
f 1241/173/1049 1239/173/1049 1225/173/1048
f 1282/173/1050 1239/173/1049 1241/173/1049
f 1239/173/1049 1282/173/1050 1283/173/1050
f 1283/173/1050 1282/173/1050 1321/173/1051
f 1322/173/1052 1321/173/1051 1282/173/1050
f 1361/173/1053 1321/173/1051 1322/173/1052
f 1321/173/1051 1361/173/1053 1362/173/1054
f 1362/173/1054 1361/173/1053 1408/173/1055
f 1407/173/1055 1408/173/1055 1361/173/1053
f 1447/173/1056 1408/173/1055 1407/173/1055
f 1408/173/1055 1447/173/1056 1446/173/1056
f 1446/173/1056 1447/173/1056 1490/173/1057
f 1488/173/1057 1490/173/1057 1447/173/1056
f 1504/173/1058 1490/173/1057 1488/173/1057
f 1490/173/1057 1504/173/1058 1509/173/1059
f 1253/174/1060 1259/174/1061 1263/174/1062
f 1250/175/1063 1259/174/1061 1253/174/1060
f 1259/174/1061 1250/175/1063 1278/174/1064
f 1249/174/1065 1278/174/1064 1250/175/1063
f 1302/176/1066 1278/174/1064 1249/174/1065
f 1278/174/1064 1302/176/1066 1308/176/1067
f 1358/177/1068 1308/176/1067 1302/176/1066
f 1308/176/1067 1358/177/1068 1355/177/1069
f 1355/177/1069 1358/177/1068 1424/176/1070
f 1430/176/1071 1424/176/1070 1358/177/1068
f 1424/176/1070 1430/176/1071 1451/174/1072
f 1480/174/1073 1451/174/1072 1430/176/1071
f 1479/175/1074 1451/174/1072 1480/174/1073
f 1451/174/1072 1479/175/1074 1470/174/1075
f 1477/174/1076 1470/174/1075 1479/175/1074
f 1470/174/1075 1477/174/1076 1466/174/1077
f 1231/174/1078 1249/174/1065 1250/175/1063
f 1223/174/1079 1249/174/1065 1231/174/1078
f 1208/174/1080 1249/174/1065 1223/174/1079
f 1249/174/1065 1208/174/1080 1226/174/1081
f 1211/174/1082 1226/174/1081 1208/174/1080
f 1227/174/1083 1226/174/1081 1211/174/1082
f 1251/174/1084 1226/174/1081 1227/174/1083
f 1226/174/1081 1251/174/1084 1249/174/1065
f 1249/174/1065 1251/174/1084 1302/176/1066
f 1480/174/1073 1498/174/1085 1479/175/1074
f 1498/174/1085 1480/174/1073 1506/174/1086
f 1506/174/1086 1480/174/1073 1521/174/1087
f 1503/174/1088 1521/174/1087 1480/174/1073
f 1521/174/1087 1503/174/1088 1518/174/1089
f 1502/174/1090 1518/174/1089 1503/174/1088
f 1221/175/1091 1217/178/1092 1214/175/1093
f 1217/178/1092 1221/175/1091 1227/174/1083
f 1254/178/1094 1227/174/1083 1221/175/1091
f 1227/174/1083 1254/178/1094 1251/174/1084
f 1299/178/1095 1251/174/1084 1254/178/1094
f 1299/178/1095 1302/176/1066 1251/174/1084
f 1302/176/1066 1299/178/1095 1358/177/1068
f 1367/179/1096 1358/177/1068 1299/178/1095
f 1432/178/1097 1358/177/1068 1367/179/1096
f 1358/177/1068 1432/178/1097 1430/176/1071
f 1478/174/1098 1430/176/1071 1432/178/1097
f 1430/176/1071 1478/174/1098 1480/174/1073
f 1480/174/1073 1478/174/1098 1503/174/1088
f 1503/174/1088 1478/174/1098 1502/174/1090
f 1502/174/1090 1478/174/1098 1475/178/1099
f 1432/178/1097 1475/178/1099 1478/174/1098
f 1475/178/1099 1432/178/1097 1468/175/1100
f 1515/175/1101 1508/175/1102 1514/174/1103
f 1512/178/1104 1508/175/1102 1515/175/1101
f 1502/174/1090 1508/175/1102 1512/178/1104
f 1475/178/1099 1508/175/1102 1502/174/1090
f 1508/175/1102 1475/178/1099 1511/174/1105
f 1468/175/1100 1511/174/1105 1475/178/1099
f 1511/174/1105 1468/175/1100 1500/180/1106
f 1500/180/1106 1468/175/1100 1486/178/1107
f 1486/178/1107 1468/175/1100 1457/178/1108
f 1425/175/1109 1457/178/1108 1468/175/1100
f 1467/180/1110 1453/174/1111 1450/181/1112
f 1453/174/1111 1467/180/1110 1486/178/1107
f 1493/175/1113 1486/178/1107 1467/180/1110
f 1486/178/1107 1493/175/1113 1500/180/1106
f 1495/174/1114 1500/180/1106 1493/175/1113
f 1500/180/1106 1495/174/1114 1511/174/1105
f 1511/174/1105 1495/174/1114 1513/174/1115
f 1469/175/1116 1513/174/1115 1495/174/1114
f 1481/174/1117 1513/174/1115 1469/175/1116
f 1514/174/1103 1513/174/1115 1481/174/1117
f 1513/174/1115 1514/174/1103 1511/174/1105
f 1511/174/1105 1514/174/1103 1508/175/1102
f 1426/176/1118 1457/178/1108 1425/175/1109
f 1457/178/1108 1426/176/1118 1444/178/1119
f 1414/178/1120 1444/178/1119 1426/176/1118
f 1410/182/1121 1444/178/1119 1414/178/1120
f 1453/174/1111 1444/178/1119 1410/182/1121
f 1486/178/1107 1444/178/1119 1453/174/1111
f 1444/178/1119 1486/178/1107 1457/178/1108
f 1468/175/1100 1432/178/1097 1425/175/1109
f 1367/179/1096 1425/175/1109 1432/178/1097
f 1373/183/1122 1425/175/1109 1367/179/1096
f 1425/175/1109 1373/183/1122 1426/176/1118
f 1375/177/1123 1426/176/1118 1373/183/1122
f 1426/176/1118 1375/177/1123 1414/178/1120
f 1378/183/1124 1414/178/1120 1375/177/1123
f 1414/178/1120 1378/183/1124 1410/182/1121
f 1379/183/1125 1410/182/1121 1378/183/1124
f 1420/182/1126 1410/182/1121 1379/183/1125
f 1410/182/1121 1420/182/1126 1453/174/1111
f 1450/181/1112 1453/174/1111 1420/182/1126
f 1312/182/1127 1379/183/1125 1319/182/1128
f 1378/183/1124 1319/182/1128 1379/183/1125
f 1319/182/1128 1378/183/1124 1317/178/1129
f 1375/177/1123 1317/178/1129 1378/183/1124
f 1317/178/1129 1375/177/1123 1306/176/1130
f 1373/183/1122 1306/176/1130 1375/177/1123
f 1306/176/1130 1373/183/1122 1307/175/1131
f 1367/179/1096 1307/175/1131 1373/183/1122
f 1299/178/1095 1307/175/1131 1367/179/1096
f 1307/175/1131 1299/178/1095 1261/175/1132
f 1254/178/1094 1261/175/1132 1299/178/1095
f 1261/175/1132 1254/178/1094 1218/174/1133
f 1221/175/1091 1218/174/1133 1254/178/1094
f 1218/174/1133 1221/175/1091 1215/174/1134
f 1276/174/1135 1262/180/1136 1279/181/1137
f 1262/180/1136 1276/174/1135 1243/178/1138
f 1286/178/1139 1243/178/1138 1276/174/1135
f 1272/178/1140 1243/178/1138 1286/178/1139
f 1243/178/1138 1272/178/1140 1261/175/1132
f 1261/175/1132 1272/178/1140 1307/175/1131
f 1307/175/1131 1272/178/1140 1306/176/1130
f 1286/178/1139 1306/176/1130 1272/178/1140
f 1306/176/1130 1286/178/1139 1317/178/1129
f 1317/178/1129 1286/178/1139 1319/182/1128
f 1276/174/1135 1319/182/1128 1286/178/1139
f 1319/182/1128 1276/174/1135 1312/182/1127
f 1236/175/1141 1271/178/1142 1277/174/1143
f 1271/178/1142 1236/175/1141 1234/174/1144
f 1229/180/1145 1234/174/1144 1236/175/1141
f 1234/174/1144 1229/180/1145 1218/174/1133
f 1218/174/1133 1229/180/1145 1261/175/1132
f 1261/175/1132 1229/180/1145 1243/178/1138
f 1236/175/1141 1243/178/1138 1229/180/1145
f 1243/178/1138 1236/175/1141 1262/180/1136
f 1277/174/1143 1262/180/1136 1236/175/1141
f 1262/180/1136 1277/174/1143 1284/175/1146
f 1284/175/1146 1277/174/1143 1320/174/1147
f 1318/178/1148 1320/174/1147 1277/174/1143
f 1320/174/1147 1318/178/1148 1380/184/1149
f 1340/178/1150 1380/184/1149 1318/178/1148
f 1380/184/1149 1340/178/1150 1389/178/1151
f 1394/174/1152 1389/178/1151 1340/178/1150
f 1431/174/1153 1389/178/1151 1394/174/1152
f 1411/178/1154 1389/178/1151 1431/174/1153
f 1389/178/1151 1411/178/1154 1380/184/1149
f 1409/174/1155 1380/184/1149 1411/178/1154
f 1382/184/1156 1380/184/1149 1409/174/1155
f 1380/184/1149 1382/184/1156 1320/174/1147
f 1315/181/1157 1320/174/1147 1382/184/1156
f 1320/174/1147 1315/181/1157 1284/175/1146
f 1279/181/1137 1284/175/1146 1315/181/1157
f 1284/175/1146 1279/181/1137 1262/180/1136
f 1279/181/1137 1312/182/1127 1276/174/1135
f 1315/181/1157 1312/182/1127 1279/181/1137
f 1312/182/1127 1315/181/1157 1381/177/1158
f 1382/184/1156 1381/177/1158 1315/181/1157
f 1381/177/1158 1382/184/1156 1415/181/1159
f 1409/174/1155 1415/181/1159 1382/184/1156
f 1415/181/1159 1409/174/1155 1445/175/1160
f 1445/175/1160 1409/174/1155 1452/174/1161
f 1411/178/1154 1452/174/1161 1409/174/1155
f 1431/174/1153 1452/174/1161 1411/178/1154
f 1452/174/1161 1431/174/1153 1458/178/1162
f 1458/178/1162 1431/174/1153 1441/174/1163
f 1481/174/1117 1441/174/1163 1443/174/1164
f 1469/175/1116 1441/174/1163 1481/174/1117
f 1441/174/1163 1469/175/1116 1458/178/1162
f 1495/174/1114 1458/178/1162 1469/175/1116
f 1493/175/1113 1458/178/1162 1495/174/1114
f 1458/178/1162 1493/175/1113 1452/174/1161
f 1467/180/1110 1452/174/1161 1493/175/1113
f 1452/174/1161 1467/180/1110 1445/175/1160
f 1450/181/1112 1445/175/1160 1467/180/1110
f 1445/175/1160 1450/181/1112 1415/181/1159
f 1420/182/1126 1415/181/1159 1450/181/1112
f 1415/181/1159 1420/182/1126 1381/177/1158
f 1379/183/1125 1381/177/1158 1420/182/1126
f 1381/177/1158 1379/183/1125 1312/182/1127
f 1394/174/1152 1441/174/1163 1431/174/1153
f 1441/174/1163 1394/174/1152 1396/174/1165
f 1396/174/1165 1394/174/1152 1386/185/1166
f 1377/185/1167 1386/185/1166 1394/174/1152
f 1376/184/1168 1386/185/1166 1377/185/1167
f 1374/184/1169 1386/185/1166 1376/184/1168
f 1387/185/1170 1386/185/1166 1374/184/1169
f 1397/174/1171 1386/185/1166 1387/185/1170
f 1386/185/1166 1397/174/1171 1396/174/1165
f 1443/174/1164 1396/174/1165 1397/174/1171
f 1396/174/1165 1443/174/1164 1441/174/1163
f 1336/174/1172 1342/185/1173 1332/174/1174
f 1374/184/1169 1342/185/1173 1336/174/1172
f 1342/185/1173 1374/184/1169 1343/185/1175
f 1376/184/1168 1343/185/1175 1374/184/1169
f 1377/185/1167 1343/185/1175 1376/184/1168
f 1343/185/1175 1377/185/1167 1335/174/1176
f 1394/174/1152 1335/174/1176 1377/185/1167
f 1340/178/1150 1335/174/1176 1394/174/1152
f 1335/174/1176 1340/178/1150 1300/174/1177
f 1318/178/1148 1300/174/1177 1340/178/1150
f 1277/174/1143 1300/174/1177 1318/178/1148
f 1300/174/1177 1277/174/1143 1271/178/1142
f 1216/174/1178 1248/174/1179 1260/175/1180
f 1248/174/1179 1216/174/1178 1215/174/1134
f 1215/174/1134 1216/174/1178 1218/174/1133
f 1218/174/1133 1216/174/1178 1234/174/1144
f 1260/175/1180 1234/174/1144 1216/174/1178
f 1234/174/1144 1260/175/1180 1271/178/1142
f 1291/174/1181 1271/178/1142 1260/175/1180
f 1271/178/1142 1291/174/1181 1300/174/1177
f 1300/174/1177 1291/174/1181 1335/174/1176
f 1333/174/1182 1335/174/1176 1291/174/1181
f 1335/174/1176 1333/174/1182 1343/185/1175
f 1332/174/1174 1343/185/1175 1333/174/1182
f 1343/185/1175 1332/174/1174 1342/185/1173
f 1242/174/1183 1215/174/1134 1228/178/1184
f 1215/174/1134 1242/174/1183 1248/174/1179
f 1290/174/1185 1248/174/1179 1242/174/1183
f 1248/174/1179 1290/174/1185 1289/174/1186
f 1336/174/1172 1289/174/1186 1290/174/1185
f 1332/174/1174 1289/174/1186 1336/174/1172
f 1333/174/1182 1289/174/1186 1332/174/1174
f 1291/174/1181 1289/174/1186 1333/174/1182
f 1289/174/1186 1291/174/1181 1248/174/1179
f 1260/175/1180 1248/174/1179 1291/174/1181
f 1214/175/1093 1215/174/1134 1221/175/1091
f 1215/174/1134 1214/175/1093 1228/178/1184
f 1217/178/1092 1228/178/1184 1214/175/1093
f 1228/178/1184 1217/178/1092 1235/178/1187
f 1264/174/1188 1235/178/1187 1217/178/1092
f 1235/178/1187 1264/174/1188 1329/174/1189
f 1330/174/1190 1329/174/1189 1264/174/1188
f 1341/178/1191 1329/174/1189 1330/174/1190
f 1329/174/1189 1341/178/1191 1336/174/1172
f 1372/184/1192 1336/174/1172 1341/178/1191
f 1336/174/1172 1372/184/1192 1374/184/1169
f 1393/174/1193 1374/184/1169 1372/184/1192
f 1374/184/1169 1393/174/1193 1387/185/1170
f 1387/185/1170 1393/174/1193 1397/174/1171
f 1393/174/1193 1388/178/1194 1400/174/1195
f 1372/184/1192 1388/178/1194 1393/174/1193
f 1388/178/1194 1372/184/1192 1370/177/1196
f 1341/178/1191 1370/177/1196 1372/184/1192
f 1370/177/1196 1341/178/1191 1334/178/1197
f 1334/178/1197 1341/178/1191 1326/178/1198
f 1330/174/1190 1326/178/1198 1341/178/1191
f 1326/178/1198 1330/174/1190 1327/178/1199
f 1327/178/1199 1330/174/1190 1294/174/1200
f 1264/174/1188 1294/174/1200 1330/174/1190
f 1294/174/1200 1264/174/1188 1274/174/1201
f 1237/174/1202 1274/174/1201 1264/174/1188
f 1274/174/1201 1237/174/1202 1246/178/1203
f 1397/174/1171 1393/174/1193 1443/174/1164
f 1442/174/1204 1443/174/1164 1393/174/1193
f 1443/174/1164 1442/174/1204 1481/174/1117
f 1487/174/1205 1481/174/1117 1442/174/1204
f 1481/174/1117 1487/174/1205 1514/174/1103
f 1501/178/1206 1514/174/1103 1487/174/1205
f 1514/174/1103 1501/178/1206 1515/175/1101
f 1515/175/1101 1501/178/1206 1512/178/1104
f 1494/178/1207 1512/178/1104 1501/178/1206
f 1512/178/1104 1494/178/1207 1465/174/1208
f 1400/174/1195 1465/174/1208 1494/178/1207
f 1465/174/1208 1400/174/1195 1399/174/1209
f 1399/174/1209 1400/174/1195 1388/178/1194
f 1368/177/1210 1326/178/1198 1331/178/1211
f 1369/177/1212 1326/178/1198 1368/177/1210
f 1326/178/1198 1369/177/1212 1334/178/1197
f 1371/177/1213 1334/178/1197 1369/177/1212
f 1334/178/1197 1371/177/1213 1370/177/1196
f 1395/178/1214 1370/177/1196 1371/177/1213
f 1370/177/1196 1395/178/1214 1388/178/1194
f 1403/178/1215 1388/178/1194 1395/178/1214
f 1388/178/1194 1403/178/1215 1399/174/1209
f 1402/178/1216 1399/174/1209 1403/178/1215
f 1435/174/1217 1399/174/1209 1402/178/1216
f 1399/174/1209 1435/174/1217 1465/174/1208
f 1455/174/1218 1465/174/1208 1435/174/1217
f 1465/174/1208 1455/174/1218 1492/174/1219
f 1369/177/1212 1395/178/1214 1371/177/1213
f 1395/178/1214 1369/177/1212 1403/178/1215
f 1368/177/1210 1403/178/1215 1369/177/1212
f 1398/178/1220 1403/178/1215 1368/177/1210
f 1403/178/1215 1398/178/1220 1402/178/1216
f 1402/178/1216 1398/178/1220 1364/177/1221
f 1365/177/1222 1364/177/1221 1398/178/1220
f 1331/178/1211 1364/177/1221 1365/177/1222
f 1364/177/1221 1331/178/1211 1327/178/1199
f 1327/178/1199 1331/178/1211 1326/178/1198
f 1365/177/1222 1366/177/1223 1331/178/1211
f 1398/178/1220 1366/177/1223 1365/177/1222
f 1368/177/1210 1366/177/1223 1398/178/1220
f 1366/177/1223 1368/177/1210 1331/178/1211
f 1484/178/1224 1492/174/1219 1455/174/1218
f 1492/174/1219 1484/178/1224 1496/174/1225
f 1477/174/1076 1496/174/1225 1484/178/1224
f 1479/175/1074 1496/174/1225 1477/174/1076
f 1496/174/1225 1479/175/1074 1497/174/1226
f 1499/174/1227 1497/174/1226 1479/175/1074
f 1507/174/1228 1497/174/1226 1499/174/1227
f 1521/174/1087 1497/174/1226 1507/174/1228
f 1518/174/1089 1497/174/1226 1521/174/1087
f 1502/174/1090 1497/174/1226 1518/174/1089
f 1497/174/1226 1502/174/1090 1496/174/1225
f 1512/178/1104 1496/174/1225 1502/174/1090
f 1496/174/1225 1512/178/1104 1492/174/1219
f 1465/174/1208 1492/174/1219 1512/178/1104
f 1349/186/1229 1281/187/1230 1268/188/1231
f 1281/187/1230 1349/186/1229 1310/189/1232
f 1310/189/1232 1349/186/1229 1348/190/1233
f 1348/190/1233 1349/186/1229 1423/189/1234
f 1423/189/1234 1349/186/1229 1449/191/1235
f 1461/192/1236 1449/191/1235 1349/186/1229
f 1257/193/1237 1350/186/1229 1529/194/1238
f 1534/195/1239 1351/186/1229 1530/194/1240
f 1351/186/1229 1534/195/1239 1544/196/1241
f 1539/197/1242 1544/196/1241 1534/195/1239
f 1551/198/1243 1544/196/1241 1546/197/1244
f 1544/196/1241 1551/198/1243 1351/186/1229
f 1555/199/1245 1351/186/1229 1551/198/1243
f 1472/200/1246 1556/199/1245 1352/186/1229
f 1269/201/1231 1258/202/1247 1353/203/1229
f 1473/202/1246 1462/201/1236 1354/203/1229
s 0
f 1418/204/1248 1413/204/1248 1417/204/1248
f 1434/205/1249 1438/205/1249 1439/204/1249
s 1
f 1527/173/1250 1505/173/1251 1510/173/1252
f 1505/173/1251 1527/173/1250 1525/173/1251
f 1526/173/1253 1516/173/1254 1519/173/1253
f 1516/173/1254 1526/173/1253 1524/173/1253
f 1523/173/1255 1517/173/1256 1520/173/1257
f 1517/173/1256 1523/173/1255 1522/173/1258
f 1532/206/1259 1533/206/1260 1528/206/1261
f 1533/206/1260 1532/206/1259 1538/206/1242
f 1538/206/1242 1532/206/1259 1537/206/1262
f 1531/206/1263 1537/206/1262 1532/206/1259
f 1537/206/1262 1531/206/1263 1536/206/1264
f 1535/206/1265 1536/206/1264 1531/206/1263
f 1540/206/1266 1536/206/1264 1535/206/1265
f 1536/206/1264 1540/206/1266 1541/206/1267
f 1541/206/1267 1540/206/1266 1548/206/1268
f 1549/206/1269 1548/206/1268 1540/206/1266
f 1553/206/1270 1548/206/1268 1549/206/1269
f 1548/206/1268 1553/206/1270 1547/206/1271
f 1552/206/1272 1547/206/1271 1553/206/1270
f 1547/206/1271 1552/206/1272 1545/206/1273
f 1545/206/1273 1552/206/1272 1550/206/1274
f 1554/206/1275 1550/206/1274 1552/206/1272
f 1542/206/1276 1543/206/1277 1538/206/1242
f 1543/206/1277 1542/206/1276 1545/206/1273
f 1545/206/1273 1542/206/1276 1547/206/1271
f 1547/206/1271 1542/206/1276 1548/206/1268
f 1548/206/1268 1542/206/1276 1541/206/1267
f 1541/206/1267 1542/206/1276 1536/206/1264
f 1536/206/1264 1542/206/1276 1537/206/1262
f 1538/206/1242 1537/206/1262 1542/206/1276
f 1588/207/1278 1594/207/1279 1589/208/1280
f 1594/207/1279 1588/207/1278 1591/207/1281
f 1595/209/1282 1596/209/1283 1592/210/1284
f 1596/209/1283 1595/209/1282 1599/209/1285
f 1593/211/1286 1597/211/1287 1590/207/1288
f 1597/211/1287 1593/211/1286 1598/211/1289
f 1631/209/1290 1635/209/1291 1634/209/1292
f 1638/210/1293 1634/209/1292 1635/209/1291
f 1632/211/1294 1637/211/1295 1633/211/1296
f 1640/207/1297 1633/211/1296 1637/211/1295
f 1639/207/1298 1642/207/1299 1636/207/1300
f 1641/208/1301 1636/207/1300 1642/207/1299
f 1194/174/1302 1184/181/1303 1183/175/1304
f 1195/174/1305 1184/181/1303 1194/174/1302
f 1184/181/1303 1195/174/1305 1187/177/1306
f 1198/179/1307 1187/177/1306 1195/174/1305
f 1200/174/1308 1187/177/1306 1198/179/1307
f 1187/177/1306 1200/174/1308 1189/181/1309
f 1201/174/1310 1189/181/1309 1200/174/1308
f 1189/181/1309 1201/174/1310 1190/175/1311
f 1190/175/1311 1201/174/1310 1188/174/1312
f 1199/178/1313 1188/174/1312 1201/174/1310
f 1197/184/1314 1188/174/1312 1199/178/1313
f 1188/174/1312 1197/184/1314 1186/184/1315
f 1186/184/1315 1197/184/1314 1185/174/1316
f 1196/178/1317 1185/174/1316 1197/184/1314
f 1194/174/1302 1185/174/1316 1196/178/1317
f 1185/174/1316 1194/174/1302 1183/175/1304
f 1233/174/1318 1246/178/1203 1237/174/1202
f 1246/178/1203 1233/174/1318 1253/174/1060
f 1253/174/1060 1233/174/1318 1250/175/1063
f 1232/174/1319 1250/175/1063 1233/174/1318
f 1250/175/1063 1232/174/1319 1230/174/1320
f 1230/174/1320 1232/174/1319 1222/174/1321
f 1222/174/1321 1232/174/1319 1208/174/1080
f 1208/174/1080 1232/174/1319 1211/174/1082
f 1211/174/1082 1232/174/1319 1227/174/1083
f 1233/174/1318 1227/174/1083 1232/174/1319
f 1227/174/1083 1233/174/1318 1217/178/1092
f 1237/174/1202 1217/178/1092 1233/174/1318
f 1217/178/1092 1237/174/1202 1264/174/1188
f 1240/206/1322 1238/206/1323 1247/206/1324
f 1238/206/1323 1240/206/1322 1252/206/1325
f 1252/206/1325 1240/206/1322 1245/206/1326
f 1245/206/1326 1240/206/1322 1265/206/1327
f 1247/206/1324 1265/206/1327 1240/206/1322
f 1265/206/1327 1247/206/1324 1266/206/1328
f 1266/206/1328 1247/206/1324 1255/206/1329
f 1244/206/1330 1255/206/1329 1247/206/1324
f 1256/206/1247 1255/206/1329 1244/206/1330
f 1304/206/1331 1265/206/1327 1266/206/1328
f 1265/206/1327 1304/206/1331 1303/206/1332
f 1459/206/1333 1429/206/1334 1464/206/1335
f 1421/206/1336 1429/206/1334 1459/206/1333
f 1360/206/1337 1429/206/1334 1421/206/1336
f 1359/206/1338 1429/206/1334 1360/206/1337
f 1429/206/1334 1359/206/1338 1428/206/1339
f 1428/206/1339 1359/206/1338 1357/206/1340
f 1357/206/1340 1359/206/1338 1304/206/1331
f 1304/206/1331 1359/206/1338 1303/206/1332
f 1360/206/1337 1303/206/1332 1359/206/1338
f 1311/206/1341 1303/206/1332 1360/206/1337
f 1270/206/1342 1303/206/1332 1311/206/1341
f 1303/206/1332 1270/206/1342 1265/206/1327
f 1245/206/1326 1265/206/1327 1270/206/1342
f 1270/206/1342 1275/206/1343 1245/206/1326
f 1275/206/1343 1270/206/1342 1293/206/1344
f 1311/206/1341 1293/206/1344 1270/206/1342
f 1293/206/1344 1311/206/1341 1328/206/1345
f 1328/206/1345 1311/206/1341 1363/206/1346
f 1360/206/1337 1363/206/1346 1311/206/1341
f 1421/206/1336 1363/206/1346 1360/206/1337
f 1363/206/1346 1421/206/1336 1401/206/1347
f 1401/206/1347 1421/206/1336 1436/206/1348
f 1459/206/1333 1436/206/1348 1421/206/1336
f 1436/206/1348 1459/206/1333 1454/206/1349
f 1454/206/1349 1459/206/1333 1483/206/1350
f 1464/206/1335 1483/206/1350 1459/206/1333
f 1489/206/1351 1483/206/1350 1464/206/1335
f 1483/206/1350 1489/206/1351 1476/206/1352
f 1476/206/1352 1489/206/1351 1491/206/1353
f 1491/206/1353 1489/206/1351 1482/206/1354
f 1464/206/1335 1482/206/1354 1489/206/1351
f 1482/206/1354 1464/206/1335 1463/206/1355
f 1463/206/1355 1464/206/1335 1428/206/1339
f 1428/206/1339 1464/206/1335 1429/206/1334
f 1471/206/1356 1474/206/1357 1460/206/1358
f 1485/206/1359 1474/206/1357 1471/206/1356
f 1482/206/1354 1474/206/1357 1485/206/1359
f 1463/206/1355 1474/206/1357 1482/206/1354
f 1474/206/1357 1463/206/1355 1456/206/1360
f 1456/206/1360 1463/206/1355 1427/206/1361
f 1428/206/1339 1427/206/1361 1463/206/1355
f 1427/206/1361 1428/206/1339 1356/206/1362
f 1357/206/1340 1356/206/1362 1428/206/1339
f 1304/206/1331 1356/206/1362 1357/206/1340
f 1356/206/1362 1304/206/1331 1305/206/1363
f 1266/206/1328 1305/206/1363 1304/206/1331
f 1305/206/1363 1266/206/1328 1273/206/1364
f 1255/206/1329 1273/206/1364 1266/206/1328
f 1267/206/1365 1255/206/1329 1256/206/1247
f 1280/206/1366 1255/206/1329 1267/206/1365
f 1255/206/1329 1280/206/1366 1273/206/1364
f 1309/206/1367 1273/206/1364 1280/206/1366
f 1273/206/1364 1309/206/1367 1305/206/1363
f 1347/206/1233 1305/206/1363 1309/206/1367
f 1305/206/1363 1347/206/1233 1356/206/1362
f 1356/206/1362 1347/206/1233 1427/206/1361
f 1422/206/1368 1427/206/1361 1347/206/1233
f 1427/206/1361 1422/206/1368 1456/206/1360
f 1448/206/1235 1456/206/1360 1422/206/1368
f 1456/206/1360 1448/206/1235 1474/206/1357
f 1460/206/1358 1474/206/1357 1448/206/1235
f 1390/212/1369 1416/204/1370 1412/204/1371
f 1391/212/1372 1416/204/1370 1390/212/1369
f 1392/212/1373 1416/204/1370 1391/212/1372
f 1416/204/1370 1392/212/1373 1419/204/1374
f 1419/204/1374 1392/212/1373 1412/204/1371
f 1412/204/1371 1392/212/1373 1390/212/1369
f 1346/213/1375 1390/212/1369 1392/212/1373
f 1345/213/1376 1390/212/1369 1346/213/1375
f 1390/212/1369 1345/213/1376 1391/212/1372
f 1344/213/1377 1391/212/1372 1345/213/1376
f 1391/212/1372 1344/213/1377 1392/212/1373
f 1392/212/1373 1344/213/1377 1346/213/1375
f 1323/214/1378 1346/213/1375 1344/213/1377
f 1324/214/1379 1346/213/1375 1323/214/1378
f 1346/213/1375 1324/214/1379 1345/213/1376
f 1325/214/1380 1345/213/1376 1324/214/1379
f 1345/213/1376 1325/214/1380 1344/213/1377
f 1344/213/1377 1325/214/1380 1323/214/1378
f 1323/214/1378 1325/214/1380 1296/212/1381
f 1296/212/1381 1325/214/1380 1295/212/1382
f 1324/214/1379 1295/212/1382 1325/214/1380
f 1323/214/1378 1295/212/1382 1324/214/1379
f 1295/212/1382 1323/214/1378 1292/212/1383
f 1296/212/1381 1292/212/1383 1323/214/1378
f 1285/215/1384 1292/212/1383 1296/212/1381
f 1287/215/1385 1292/212/1383 1285/215/1384
f 1292/212/1383 1287/215/1385 1295/212/1382
f 1295/212/1382 1287/215/1385 1296/212/1381
f 1288/215/1386 1296/212/1381 1287/215/1385
f 1296/212/1381 1288/215/1386 1285/215/1384
f 1287/215/1385 1285/215/1384 1288/215/1386
f 1433/205/1387 1405/214/1388 1437/205/1389
f 1405/214/1388 1433/205/1387 1404/213/1390
f 1404/213/1390 1433/205/1387 1406/213/1391
f 1440/204/1392 1406/213/1391 1433/205/1387
f 1437/205/1389 1406/213/1391 1440/204/1392
f 1405/214/1388 1406/213/1391 1437/205/1389
f 1406/213/1391 1405/214/1388 1383/213/1393
f 1383/213/1393 1405/214/1388 1384/213/1394
f 1404/213/1390 1384/213/1394 1405/214/1388
f 1384/213/1394 1404/213/1390 1385/204/1395
f 1406/213/1391 1385/204/1395 1404/213/1390
f 1383/213/1393 1385/204/1395 1406/213/1391
f 1385/204/1395 1383/213/1393 1337/213/1396
f 1337/213/1396 1383/213/1393 1339/213/1397
f 1384/213/1394 1339/213/1397 1383/213/1393
f 1339/213/1397 1384/213/1394 1338/213/1398
f 1385/204/1395 1338/213/1398 1384/213/1394
f 1337/213/1396 1338/213/1398 1385/204/1395
f 1314/213/1399 1338/213/1398 1337/213/1396
f 1338/213/1398 1314/213/1399 1339/213/1397
f 1316/213/1400 1339/213/1397 1314/213/1399
f 1339/213/1397 1316/213/1400 1337/213/1396
f 1313/213/1401 1337/213/1396 1316/213/1400
f 1337/213/1396 1313/213/1401 1314/213/1399
f 1298/212/1402 1314/213/1399 1313/213/1401
f 1314/213/1399 1298/212/1402 1316/213/1400
f 1301/212/1403 1316/213/1400 1298/212/1402
f 1316/213/1400 1301/212/1403 1297/212/1404
f 1298/212/1402 1297/212/1404 1301/212/1403
f 1313/213/1401 1297/212/1404 1298/212/1402
f 1297/212/1404 1313/213/1401 1316/213/1400
f 1572/216/1405 1576/217/1406 1574/216/1407
f 1573/217/1408 1576/217/1406 1572/216/1405
f 1576/217/1406 1573/217/1408 1579/218/1409
f 1578/218/1410 1579/218/1409 1573/217/1408
f 1579/218/1409 1578/218/1410 1584/218/1411
f 1583/218/1412 1584/218/1411 1578/218/1410
f 1587/218/1413 1584/218/1411 1583/218/1412
f 1584/218/1411 1587/218/1413 1586/218/1414
f 1585/218/1415 1586/218/1414 1587/218/1413
f 1586/218/1414 1585/218/1415 1582/218/1416
f 1580/218/1417 1582/218/1416 1585/218/1415
f 1582/218/1416 1580/218/1417 1581/218/1418
f 1581/218/1418 1580/218/1417 1577/217/1419
f 1575/219/1420 1577/217/1419 1580/218/1417
f 1577/217/1419 1575/219/1420 1574/216/1407
f 1574/216/1407 1575/219/1420 1572/216/1405
f 1566/219/1421 1572/216/1405 1575/219/1420
f 1564/216/1422 1572/216/1405 1566/219/1421
f 1572/216/1405 1564/216/1422 1573/217/1408
f 1565/216/1423 1573/217/1408 1564/216/1422
f 1567/218/1424 1573/217/1408 1565/216/1423
f 1573/217/1408 1567/218/1424 1578/218/1410
f 1578/218/1410 1567/218/1424 1583/218/1412
f 1569/218/1425 1583/218/1412 1567/218/1424
f 1571/218/1426 1583/218/1412 1569/218/1425
f 1583/218/1412 1571/218/1426 1587/218/1413
f 1570/218/1427 1587/218/1413 1571/218/1426
f 1587/218/1413 1570/218/1427 1585/218/1415
f 1568/218/1428 1585/218/1415 1570/218/1427
f 1585/218/1415 1568/218/1428 1580/218/1417
f 1580/218/1417 1568/218/1428 1575/219/1420
f 1575/219/1420 1568/218/1428 1566/219/1421
f 1566/219/1421 1568/218/1428 1559/218/1429
f 1570/218/1427 1559/218/1429 1568/218/1428
f 1559/218/1429 1570/218/1427 1562/218/1430
f 1571/218/1426 1562/218/1430 1570/218/1427
f 1562/218/1430 1571/218/1426 1563/220/1431
f 1569/218/1425 1563/220/1431 1571/218/1426
f 1563/220/1431 1569/218/1425 1561/220/1432
f 1567/218/1424 1561/220/1432 1569/218/1425
f 1565/216/1423 1561/220/1432 1567/218/1424
f 1561/220/1432 1565/216/1423 1558/216/1433
f 1564/216/1422 1558/216/1433 1565/216/1423
f 1558/216/1433 1564/216/1422 1560/218/1434
f 1566/219/1421 1560/218/1434 1564/216/1422
f 1559/218/1429 1560/218/1434 1566/219/1421
f 1560/218/1434 1559/218/1429 1557/218/1435
f 1562/218/1430 1557/218/1435 1559/218/1429
f 1563/220/1431 1557/218/1435 1562/218/1430
f 1561/220/1432 1557/218/1435 1563/220/1431
f 1558/216/1433 1557/218/1435 1561/220/1432
f 1557/218/1435 1558/216/1433 1560/218/1434
f 1601/218/1436 1605/218/1437 1602/218/1438
f 1602/218/1438 1605/218/1437 1607/218/1439
f 1606/218/1440 1607/218/1439 1605/218/1437
f 1610/217/1441 1607/218/1439 1606/218/1440
f 1607/218/1439 1610/217/1441 1612/219/1442
f 1613/216/1443 1612/219/1442 1610/217/1441
f 1612/219/1442 1613/216/1443 1615/216/1444
f 1611/217/1445 1615/216/1444 1613/216/1443
f 1615/216/1444 1611/217/1445 1614/217/1446
f 1608/218/1447 1614/217/1446 1611/217/1445
f 1614/217/1446 1608/218/1447 1609/218/1448
f 1603/218/1449 1609/218/1448 1608/218/1447
f 1609/218/1448 1603/218/1449 1604/218/1450
f 1604/218/1450 1603/218/1449 1600/218/1451
f 1601/218/1436 1600/218/1451 1603/218/1449
f 1602/218/1438 1600/218/1451 1601/218/1436
f 1600/218/1451 1602/218/1438 1617/218/1452
f 1617/218/1452 1602/218/1438 1619/218/1453
f 1607/218/1439 1619/218/1453 1602/218/1438
f 1612/219/1442 1619/218/1453 1607/218/1439
f 1619/218/1453 1612/219/1442 1621/219/1454
f 1615/216/1444 1621/219/1454 1612/219/1442
f 1621/219/1454 1615/216/1444 1623/216/1455
f 1614/217/1446 1623/216/1455 1615/216/1444
f 1623/216/1455 1614/217/1446 1622/216/1456
f 1622/216/1456 1614/217/1446 1620/218/1457
f 1609/218/1448 1620/218/1457 1614/217/1446
f 1604/218/1450 1620/218/1457 1609/218/1448
f 1620/218/1457 1604/218/1450 1618/218/1458
f 1618/218/1458 1604/218/1450 1616/218/1459
f 1600/218/1451 1616/218/1459 1604/218/1450
f 1617/218/1452 1616/218/1459 1600/218/1451
f 1616/218/1459 1617/218/1452 1625/218/1460
f 1625/218/1460 1617/218/1452 1628/218/1461
f 1619/218/1453 1628/218/1461 1617/218/1452
f 1621/219/1454 1628/218/1461 1619/218/1453
f 1628/218/1461 1621/219/1454 1627/218/1462
f 1623/216/1455 1627/218/1462 1621/219/1454
f 1627/218/1462 1623/216/1455 1629/216/1463
f 1622/216/1456 1629/216/1463 1623/216/1455
f 1629/216/1463 1622/216/1456 1626/220/1464
f 1620/218/1457 1626/220/1464 1622/216/1456
f 1618/218/1458 1626/220/1464 1620/218/1457
f 1626/220/1464 1618/218/1458 1624/220/1465
f 1616/218/1459 1624/220/1465 1618/218/1458
f 1625/218/1460 1624/220/1465 1616/218/1459
f 1624/220/1465 1625/218/1460 1630/218/1466
f 1628/218/1461 1630/218/1466 1625/218/1460
f 1627/218/1462 1630/218/1466 1628/218/1461
f 1629/216/1463 1630/218/1466 1627/218/1462
f 1626/220/1464 1630/218/1466 1629/216/1463
f 1630/218/1466 1626/220/1464 1624/220/1465
f 1668/154/1467 1666/155/924 1672/154/923
f 1666/155/924 1668/154/1467 1677/154/931
f 1690/156/929 1691/221/1468 1703/159/938
f 1691/221/1468 1690/156/929 1678/158/1469
f 1676/221/931 1678/158/1469 1690/156/929
f 1667/159/1467 1678/158/1469 1676/221/931
f 1678/158/1469 1667/159/1467 1664/156/1470
f 1664/156/1470 1667/159/1467 1673/222/1471
f 1671/223/923 1673/222/1471 1667/159/1467
f 1673/222/1471 1671/223/923 1686/222/1472
f 1685/222/1473 1686/222/1472 1671/223/923
f 1694/159/939 1686/222/1472 1685/222/1473
f 1686/222/1472 1694/159/939 1704/159/938
f 1714/221/1474 1715/156/979 1743/159/978
f 1727/158/1475 1715/156/979 1714/221/1474
f 1715/156/979 1727/158/1475 1728/221/986
f 1728/221/986 1727/158/1475 1737/159/1476
f 1741/156/1477 1737/159/1476 1727/158/1475
f 1732/222/1478 1737/159/1476 1741/156/1477
f 1737/159/1476 1732/222/1478 1733/223/993
f 1719/222/1479 1733/223/993 1732/222/1478
f 1733/223/993 1719/222/1479 1720/222/1480
f 1720/222/1480 1719/222/1479 1711/159/980
f 1744/159/978 1711/159/980 1719/222/1479
f 1738/154/1476 1740/155/987 1729/154/986
f 1740/155/987 1738/154/1476 1734/154/993
f 1794/224/1481 1799/225/1482 1806/226/1483
f 1799/225/1482 1794/224/1481 1791/227/1484
f 1797/226/1485 1791/227/1484 1794/224/1481
f 1791/227/1484 1797/226/1485 1789/228/1486
f 1789/228/1486 1797/226/1485 1801/227/1487
f 1804/229/1487 1801/227/1487 1797/226/1485
f 1801/227/1487 1804/229/1487 1811/225/1488
f 1818/224/1489 1811/225/1488 1804/229/1487
f 1824/229/1490 1811/225/1488 1818/224/1489
f 1811/225/1488 1824/229/1490 1827/227/1490
f 1831/226/1491 1827/227/1490 1824/229/1490
f 1827/227/1490 1831/226/1491 1839/228/1492
f 1839/228/1492 1831/226/1491 1837/227/1493
f 1834/224/1494 1837/227/1493 1831/226/1491
f 1837/227/1493 1834/224/1494 1829/225/1495
f 1822/226/1496 1829/225/1495 1834/224/1494
f 1663/159/1497 1675/158/1498 1679/157/1499
f 1675/158/1498 1663/159/1497 1665/159/924
f 1674/222/1500 1665/159/924 1663/159/1497
f 1665/159/924 1674/222/1500 1670/223/922
f 1670/223/922 1674/222/1500 1684/222/926
f 1687/222/1501 1684/222/926 1674/222/1500
f 1684/222/926 1687/222/1501 1693/159/1502
f 1695/230/1503 1693/159/1502 1687/222/1501
f 1693/159/1502 1695/230/1503 1689/156/934
f 1689/156/934 1695/230/1503 1692/158/1504
f 1688/231/1505 1692/158/1504 1695/230/1503
f 1680/232/1506 1692/158/1504 1688/231/1505
f 1692/158/1504 1680/232/1506 1679/157/1499
f 1679/157/1499 1680/232/1506 1663/159/1497
f 1663/159/1497 1680/232/1506 1659/233/1507
f 1688/231/1505 1659/233/1507 1680/232/1506
f 1659/233/1507 1688/231/1505 1661/233/1508
f 1661/233/1508 1688/231/1505 1662/234/1509
f 1695/230/1503 1662/234/1509 1688/231/1505
f 1662/234/1509 1695/230/1503 1654/235/1510
f 1654/235/1510 1695/230/1503 1660/222/1511
f 1687/222/1501 1660/222/1511 1695/230/1503
f 1660/222/1511 1687/222/1501 1658/222/1512
f 1674/222/1500 1658/222/1512 1687/222/1501
f 1663/159/1497 1658/222/1512 1674/222/1500
f 1652/236/1513 1658/222/1512 1663/159/1497
f 1658/222/1512 1652/236/1513 1660/222/1511
f 1660/222/1511 1652/236/1513 1654/235/1510
f 1650/236/1514 1654/235/1510 1652/236/1513
f 1655/235/1515 1654/235/1510 1650/236/1514
f 1654/235/1510 1655/235/1515 1662/234/1509
f 1657/236/1516 1662/234/1509 1655/235/1515
f 1656/233/1517 1662/234/1509 1657/236/1516
f 1662/234/1509 1656/233/1517 1661/233/1508
f 1661/233/1508 1656/233/1517 1659/233/1507
f 1653/233/1518 1659/233/1507 1656/233/1517
f 1651/233/1519 1659/233/1507 1653/233/1518
f 1649/236/1520 1659/233/1507 1651/233/1519
f 1659/233/1507 1649/236/1520 1663/159/1497
f 1663/159/1497 1649/236/1520 1652/236/1513
f 1652/236/1513 1649/236/1520 1650/236/1514
f 1650/236/1514 1649/236/1520 1648/236/1521
f 1648/236/1521 1649/236/1520 1742/159/1522
f 1742/159/1522 1649/236/1520 1708/233/1523
f 1651/233/1519 1708/233/1523 1649/236/1520
f 1708/233/1523 1651/233/1519 1647/233/1524
f 1647/233/1524 1651/233/1519 1768/237/1525
f 1653/233/1518 1768/237/1525 1651/233/1519
f 1768/237/1525 1653/233/1518 1774/237/1526
f 1656/233/1517 1774/237/1526 1653/233/1518
f 1774/237/1526 1656/233/1517 1779/237/1527
f 1657/236/1516 1779/237/1527 1656/233/1517
f 1779/237/1527 1657/236/1516 1785/237/1528
f 1785/237/1528 1657/236/1516 1780/238/1529
f 1655/235/1515 1780/238/1529 1657/236/1516
f 1780/238/1529 1655/235/1515 1769/237/1530
f 1650/236/1514 1769/237/1530 1655/235/1515
f 1645/235/1531 1769/237/1530 1650/236/1514
f 1769/237/1530 1645/235/1531 1759/238/1532
f 1643/236/1533 1759/238/1532 1645/235/1531
f 1759/238/1532 1643/236/1533 1754/237/1534
f 1754/237/1534 1643/236/1533 1760/237/1535
f 1644/233/1536 1760/237/1535 1643/236/1533
f 1760/237/1535 1644/233/1536 1765/237/1537
f 1647/233/1524 1765/237/1537 1644/233/1536
f 1765/237/1537 1647/233/1524 1768/237/1525
f 1644/233/1536 1708/233/1523 1647/233/1524
f 1708/233/1523 1644/233/1536 1706/233/1538
f 1706/233/1538 1644/233/1536 1705/234/1539
f 1643/236/1533 1705/234/1539 1644/233/1536
f 1645/235/1531 1705/234/1539 1643/236/1533
f 1705/234/1539 1645/235/1531 1646/235/1540
f 1650/236/1514 1646/235/1540 1645/235/1531
f 1646/235/1540 1650/236/1514 1648/236/1521
f 1721/222/991 1731/222/1541 1735/223/992
f 1731/222/1541 1721/222/991 1718/222/1542
f 1712/159/988 1718/222/1542 1721/222/991
f 1710/230/1543 1718/222/1542 1712/159/988
f 1707/222/1544 1718/222/1542 1710/230/1543
f 1709/222/1545 1718/222/1542 1707/222/1544
f 1718/222/1542 1709/222/1545 1731/222/1541
f 1731/222/1541 1709/222/1545 1742/159/1522
f 1742/159/1522 1709/222/1545 1648/236/1521
f 1707/222/1544 1648/236/1521 1709/222/1545
f 1648/236/1521 1707/222/1544 1646/235/1540
f 1710/230/1543 1646/235/1540 1707/222/1544
f 1646/235/1540 1710/230/1543 1705/234/1539
f 1717/231/1546 1705/234/1539 1710/230/1543
f 1705/234/1539 1717/231/1546 1706/233/1538
f 1706/233/1538 1717/231/1546 1708/233/1523
f 1725/232/1547 1708/233/1523 1717/231/1546
f 1708/233/1523 1725/232/1547 1742/159/1522
f 1716/156/981 1710/230/1543 1712/159/988
f 1713/158/1548 1710/230/1543 1716/156/981
f 1710/230/1543 1713/158/1548 1717/231/1546
f 1717/231/1546 1713/158/1548 1725/232/1547
f 1726/157/1549 1725/232/1547 1713/158/1548
f 1725/232/1547 1726/157/1549 1742/159/1522
f 1730/158/1550 1742/159/1522 1726/157/1549
f 1739/159/994 1742/159/1522 1730/158/1550
f 1742/159/1522 1739/159/994 1731/222/1541
f 1735/223/992 1731/222/1541 1739/159/994
f 1669/160/1551 1696/162/1552 1698/160/1553
f 1696/162/1552 1669/160/1551 1697/160/1554
f 1697/160/1554 1669/160/1551 1699/160/1555
f 1681/163/1556 1699/160/1555 1669/160/1551
f 1683/160/1557 1699/160/1555 1681/163/1556
f 1699/160/1555 1683/160/1557 1700/160/971
f 1700/160/971 1683/160/1557 1701/160/1558
f 1701/160/1558 1683/160/1557 1702/160/1559
f 1702/160/1559 1683/160/1557 1682/168/1560
f 1681/163/1556 1682/168/1560 1683/160/1557
f 1669/160/1551 1682/168/1560 1681/163/1556
f 1682/168/1560 1669/160/1551 1698/160/1553
f 1749/161/1561 1736/160/1562 1723/168/1563
f 1750/164/999 1736/160/1562 1749/161/1561
f 1752/162/1001 1736/160/1562 1750/164/999
f 1751/160/1564 1736/160/1562 1752/162/1001
f 1736/160/1562 1751/160/1564 1723/168/1563
f 1723/168/1563 1751/160/1564 1724/163/1565
f 1748/160/1566 1724/163/1565 1751/160/1564
f 1724/163/1565 1748/160/1566 1722/160/1567
f 1747/160/997 1722/160/1567 1748/160/1566
f 1746/160/996 1722/160/1567 1747/160/997
f 1745/160/1568 1722/160/1567 1746/160/996
f 1723/168/1563 1722/160/1567 1745/160/1568
f 1722/160/1567 1723/168/1563 1724/163/1565
f 1757/239/1569 1761/239/1570 1753/170/1571
f 1761/239/1570 1757/239/1569 1771/240/1572
f 1767/240/1573 1771/240/1572 1757/239/1569
f 1782/239/1574 1771/240/1572 1767/240/1573
f 1771/240/1572 1782/239/1574 1778/239/1575
f 1786/170/1576 1778/239/1575 1782/239/1574
f 1778/239/1575 1786/170/1576 1784/172/1577
f 1784/172/1577 1786/170/1576 1777/172/1578
f 1781/172/1579 1777/172/1578 1786/170/1576
f 1777/172/1578 1781/172/1579 1770/241/1580
f 1766/242/1581 1770/241/1580 1781/172/1579
f 1758/172/1582 1770/241/1580 1766/242/1581
f 1770/241/1580 1758/172/1582 1762/172/1583
f 1753/170/1571 1762/172/1583 1758/172/1582
f 1762/172/1583 1753/170/1571 1755/172/1584
f 1761/239/1570 1755/172/1584 1753/170/1571
f 1755/172/1584 1761/239/1570 1764/239/1585
f 1764/239/1585 1761/239/1570 1773/243/1586
f 1771/240/1572 1773/243/1586 1761/239/1570
f 1778/239/1575 1773/243/1586 1771/240/1572
f 1773/243/1586 1778/239/1575 1775/239/1587
f 1784/172/1577 1775/239/1587 1778/239/1575
f 1775/239/1587 1784/172/1577 1783/172/1588
f 1777/172/1578 1783/172/1588 1784/172/1577
f 1783/172/1588 1777/172/1578 1776/172/1589
f 1776/172/1589 1777/172/1578 1772/171/1590
f 1770/241/1580 1772/171/1590 1777/172/1578
f 1762/172/1583 1772/171/1590 1770/241/1580
f 1772/171/1590 1762/172/1583 1763/172/1591
f 1763/172/1591 1762/172/1583 1756/172/1592
f 1755/172/1584 1756/172/1592 1762/172/1583
f 1764/239/1585 1756/172/1592 1755/172/1584
f 1756/172/1592 1764/239/1585 1788/171/1593
f 1788/171/1593 1764/239/1585 1810/244/1594
f 1773/243/1586 1810/244/1594 1764/239/1585
f 1775/239/1587 1810/244/1594 1773/243/1586
f 1810/244/1594 1775/239/1587 1840/171/1595
f 1783/172/1588 1840/171/1595 1775/239/1587
f 1840/171/1595 1783/172/1588 1841/170/1596
f 1776/172/1589 1841/170/1596 1783/172/1588
f 1841/170/1596 1776/172/1589 1838/172/1597
f 1772/171/1590 1838/172/1597 1776/172/1589
f 1838/172/1597 1772/171/1590 1809/171/1598
f 1809/171/1598 1772/171/1590 1790/172/1599
f 1763/172/1591 1790/172/1599 1772/171/1590
f 1790/172/1599 1763/172/1591 1787/170/1034
f 1756/172/1592 1787/170/1034 1763/172/1591
f 1788/171/1593 1787/170/1034 1756/172/1592
f 1787/170/1034 1788/171/1593 1800/171/1035
f 1810/244/1594 1800/171/1035 1788/171/1593
f 1800/171/1035 1810/244/1594 1813/171/1573
f 1813/171/1573 1810/244/1594 1828/171/1037
f 1840/171/1595 1828/171/1037 1810/244/1594
f 1828/171/1037 1840/171/1595 1841/170/1596
f 1792/172/1600 1790/172/1599 1787/170/1034
f 1802/241/1601 1790/172/1599 1792/172/1600
f 1790/172/1599 1802/241/1601 1809/171/1598
f 1815/171/1602 1809/171/1598 1802/241/1601
f 1826/241/1603 1809/171/1598 1815/171/1602
f 1809/171/1598 1826/241/1603 1838/172/1597
f 1836/172/1604 1838/172/1597 1826/241/1603
f 1838/172/1597 1836/172/1604 1841/170/1596
f 1807/172/1605 1800/171/1035 1813/171/1573
f 1793/171/1606 1800/171/1035 1807/172/1605
f 1800/171/1035 1793/171/1606 1792/172/1600
f 1796/171/1607 1792/172/1600 1793/171/1606
f 1792/172/1600 1796/171/1607 1802/241/1601
f 1803/172/1608 1802/241/1601 1796/171/1607
f 1816/241/1609 1802/241/1601 1803/172/1608
f 1802/241/1601 1816/241/1609 1815/171/1602
f 1828/171/1037 1821/172/1610 1813/171/1573
f 1821/172/1610 1828/171/1037 1835/171/1611
f 1836/172/1604 1835/171/1611 1828/171/1037
f 1835/171/1611 1836/172/1604 1832/171/1612
f 1826/241/1603 1832/171/1612 1836/172/1604
f 1832/171/1612 1826/241/1603 1825/172/1613
f 1825/172/1613 1826/241/1603 1819/241/1614
f 1815/171/1602 1819/241/1614 1826/241/1603
f 1808/172/1615 1814/171/1616 1795/171/1617
f 1812/171/1618 1814/171/1616 1808/172/1615
f 1820/172/1619 1814/171/1616 1812/171/1618
f 1833/171/1620 1814/171/1616 1820/172/1619
f 1830/171/1621 1814/171/1616 1833/171/1620
f 1823/172/1622 1814/171/1616 1830/171/1621
f 1817/241/1346 1814/171/1616 1823/172/1622
f 1805/172/1623 1814/171/1616 1817/241/1346
f 1798/171/1624 1814/171/1616 1805/172/1623
f 1814/171/1616 1798/171/1624 1795/171/1617
f 1863/174/1625 1843/174/1305 1842/174/1626
f 1869/177/1627 1843/174/1305 1863/174/1625
f 1843/174/1305 1869/177/1627 1846/179/1628
f 1846/179/1628 1869/177/1627 1848/174/1629
f 1874/174/1630 1848/174/1629 1869/177/1627
f 1848/174/1629 1874/174/1630 1849/174/1631
f 1878/174/1632 1849/174/1631 1874/174/1630
f 1876/178/1633 1849/174/1631 1878/174/1632
f 1849/174/1631 1876/178/1633 1847/178/1634
f 1872/174/1635 1847/178/1634 1876/178/1633
f 1847/178/1634 1872/174/1635 1845/184/1314
f 1868/184/1636 1845/184/1314 1872/174/1635
f 1866/174/1637 1845/184/1314 1868/184/1636
f 1845/184/1314 1866/174/1637 1844/178/1638
f 1862/178/1639 1844/178/1638 1866/174/1637
f 1844/178/1638 1862/178/1639 1842/174/1626
f 1859/174/1640 1842/174/1626 1862/178/1639
f 1842/174/1626 1859/174/1640 1863/174/1625
f 1860/174/1641 1863/174/1625 1859/174/1640
f 1864/176/1067 1863/174/1625 1860/174/1641
f 1863/174/1625 1864/176/1067 1869/177/1627
f 1870/177/1642 1869/177/1627 1864/176/1067
f 1873/176/1070 1869/177/1627 1870/177/1642
f 1869/177/1627 1873/176/1070 1874/174/1630
f 1877/174/1643 1874/174/1630 1873/176/1070
f 1874/174/1630 1877/174/1643 1878/174/1632
f 1881/174/1075 1878/174/1632 1877/174/1643
f 1880/174/1077 1878/174/1632 1881/174/1075
f 1878/174/1632 1880/174/1077 1876/178/1633
f 1859/174/1640 1856/174/1061 1860/174/1641
f 1856/174/1061 1859/174/1640 1858/174/1062
f 1862/178/1639 1858/174/1062 1859/174/1640
f 1853/206/1324 1850/206/1644 1852/206/1330
f 1851/206/1645 1850/206/1644 1853/206/1324
f 1854/206/1325 1850/206/1644 1851/206/1645
f 1857/206/1646 1850/206/1644 1854/206/1325
f 1888/206/1647 1850/206/1644 1857/206/1646
f 1850/206/1644 1888/206/1647 1852/206/1330
f 1852/206/1330 1888/206/1647 1855/206/1247
f 1855/206/1247 1888/206/1647 1889/206/1261
f 1889/206/1261 1888/206/1647 1891/206/1259
f 1891/206/1259 1888/206/1647 1890/206/1648
f 1857/206/1646 1890/206/1648 1888/206/1647
f 1861/206/1649 1890/206/1648 1857/206/1646
f 1890/206/1648 1861/206/1649 1892/206/1650
f 1865/206/1651 1892/206/1650 1861/206/1649
f 1892/206/1650 1865/206/1651 1893/206/1652
f 1867/206/1636 1893/206/1652 1865/206/1651
f 1871/206/1653 1893/206/1652 1867/206/1636
f 1893/206/1652 1871/206/1653 1894/206/1654
f 1875/206/1655 1894/206/1654 1871/206/1653
f 1894/206/1654 1875/206/1655 1896/206/1656
f 1879/206/1657 1896/206/1656 1875/206/1655
f 1898/206/1658 1896/206/1656 1879/206/1657
f 1896/206/1656 1898/206/1658 1895/206/1272
f 1895/206/1272 1898/206/1658 1897/206/1275
f 1897/206/1275 1898/206/1658 1882/206/1356
f 1882/206/1356 1898/206/1658 1885/206/1659
f 1887/206/1660 1885/206/1659 1898/206/1658
f 1885/206/1659 1887/206/1660 1884/206/1354
f 1884/206/1354 1887/206/1660 1886/206/1661
f 1886/206/1661 1887/206/1660 1883/206/1352
f 1883/206/1352 1887/206/1660 1879/206/1657
f 1898/206/1658 1879/206/1657 1887/206/1660
f 1899/211/1662 1907/245/1663 1901/208/1419
f 1900/208/1664 1907/245/1663 1899/211/1662
f 1907/245/1663 1900/208/1664 1909/211/1665
f 1902/207/1666 1909/211/1665 1900/208/1664
f 1909/211/1665 1902/207/1666 1917/211/1667
f 1905/209/1668 1917/211/1667 1902/207/1666
f 1917/211/1667 1905/209/1668 1911/209/1669
f 1906/246/1670 1911/209/1669 1905/209/1668
f 1911/209/1669 1906/246/1670 1912/209/1671
f 1912/209/1671 1906/246/1670 1910/245/1672
f 1904/210/1673 1910/245/1672 1906/246/1670
f 1910/245/1672 1904/210/1673 1914/211/1674
f 1903/208/1675 1914/211/1674 1904/210/1673
f 1914/211/1674 1903/208/1675 1908/211/1676
f 1901/208/1419 1908/211/1676 1903/208/1675
f 1907/245/1663 1908/211/1676 1901/208/1419
f 1908/211/1676 1907/245/1663 1915/245/1677
f 1909/211/1665 1915/245/1677 1907/245/1663
f 1915/245/1677 1909/211/1665 1916/211/1678
f 1917/211/1667 1916/211/1678 1909/211/1665
f 1920/211/1679 1916/211/1678 1917/211/1667
f 1921/245/1680 1916/211/1678 1920/211/1679
f 1916/211/1678 1921/245/1680 1915/245/1677
f 1919/211/1681 1915/245/1677 1921/245/1680
f 1913/211/1682 1915/245/1677 1919/211/1681
f 1915/245/1677 1913/211/1682 1908/211/1676
f 1908/211/1676 1913/211/1682 1914/211/1674
f 1919/211/1681 1914/211/1674 1913/211/1682
f 1914/211/1674 1919/211/1681 1929/208/1683
f 1921/245/1680 1929/208/1683 1919/211/1681
f 1929/208/1683 1921/245/1680 1931/247/1684
f 1920/211/1679 1931/247/1684 1921/245/1680
f 1931/247/1684 1920/211/1679 1930/208/1685
f 1917/211/1667 1930/208/1685 1920/211/1679
f 1930/208/1685 1917/211/1667 1927/207/1686
f 1927/207/1686 1917/211/1667 1926/248/1687
f 1926/248/1687 1917/211/1667 1923/245/1688
f 1933/245/1689 1926/248/1687 1962/211/1690
f 1926/248/1687 1933/245/1689 1927/207/1686
f 1935/246/1691 1927/207/1686 1933/245/1689
f 1937/207/1692 1927/207/1686 1935/246/1691
f 1927/207/1686 1937/207/1692 1930/208/1685
f 1938/211/1693 1930/208/1685 1937/207/1692
f 1930/208/1685 1938/211/1693 1931/247/1684
f 1936/211/1694 1931/247/1684 1938/211/1693
f 1931/247/1684 1936/211/1694 1929/208/1683
f 1928/207/1695 1929/208/1683 1936/211/1694
f 1929/208/1683 1928/207/1695 1914/211/1674
f 1914/211/1674 1928/207/1695 1925/248/1696
f 1932/245/1697 1925/248/1696 1928/207/1695
f 1948/207/1698 1935/246/1691 1943/210/1699
f 1935/246/1691 1948/207/1698 1937/207/1692
f 1911/209/1669 1923/245/1688 1917/211/1667
f 1923/245/1688 1911/209/1669 1922/245/1700
f 1912/209/1671 1922/245/1700 1911/209/1669
f 1922/245/1700 1912/209/1671 1918/245/1701
f 1910/245/1672 1918/245/1701 1912/209/1671
f 1914/211/1674 1918/245/1701 1910/245/1672
f 1925/248/1696 1918/245/1701 1914/211/1674
f 1918/245/1701 1925/248/1696 1922/245/1700
f 1924/210/1702 1922/245/1700 1925/248/1696
f 1922/245/1700 1924/210/1702 1923/245/1688
f 1923/245/1688 1924/210/1702 1926/248/1687
f 1962/211/1690 1926/248/1687 1924/210/1702
f 1961/208/1703 1925/248/1696 1932/245/1697
f 1925/248/1696 1961/208/1703 1924/210/1702
f 1924/210/1702 1961/208/1703 1962/211/1690
f 1962/211/1690 1961/208/1703 1963/211/1704
f 1932/245/1697 1963/211/1704 1961/208/1703
f 1965/211/1705 1963/211/1704 1932/245/1697
f 1963/211/1704 1965/211/1705 1966/211/1706
f 1932/245/1697 1966/211/1706 1965/211/1705
f 1933/245/1689 1966/211/1706 1932/245/1697
f 1964/211/1707 1966/211/1706 1933/245/1689
f 1966/211/1706 1964/211/1707 1963/211/1704
f 1963/211/1704 1964/211/1707 1962/211/1690
f 1933/245/1689 1962/211/1690 1964/211/1707
f 1933/245/1689 1944/210/1708 1935/246/1691
f 1944/210/1708 1933/245/1689 1940/208/1709
f 1940/208/1709 1933/245/1689 1939/208/1710
f 1932/245/1697 1939/208/1710 1933/245/1689
f 1939/208/1710 1932/245/1697 1941/210/1711
f 1941/210/1711 1932/245/1697 1934/209/1712
f 1928/207/1695 1934/209/1712 1932/245/1697
f 1936/211/1694 1934/209/1712 1928/207/1695
f 1942/207/1713 1934/209/1712 1936/211/1694
f 1934/209/1712 1942/207/1713 1941/210/1711
f 1944/210/1708 1952/207/1714 1941/210/1711
f 1952/207/1714 1944/210/1708 1955/207/1279
f 1955/207/1279 1944/210/1708 1949/208/1280
f 1940/208/1709 1949/208/1280 1944/210/1708
f 1949/208/1280 1940/208/1709 1946/207/1715
f 1939/208/1710 1946/207/1715 1940/208/1709
f 1941/210/1711 1946/207/1715 1939/208/1710
f 1946/207/1715 1941/210/1711 1952/207/1714
f 1953/210/1716 1941/210/1711 1942/207/1713
f 1941/210/1711 1953/210/1716 1943/210/1699
f 1957/209/1717 1943/210/1699 1953/210/1716
f 1960/209/1718 1943/210/1699 1957/209/1717
f 1943/210/1699 1960/209/1718 1948/207/1698
f 1956/209/1282 1948/207/1698 1960/209/1718
f 1948/207/1698 1956/209/1282 1942/207/1713
f 1953/210/1716 1942/207/1713 1956/209/1282
f 1958/211/1719 1947/207/1720 1942/207/1713
f 1959/211/1721 1947/207/1720 1958/211/1719
f 1950/208/1722 1947/207/1720 1959/211/1721
f 1947/207/1720 1950/208/1722 1937/207/1692
f 1937/207/1692 1950/208/1722 1938/211/1693
f 1945/208/1723 1938/211/1693 1950/208/1722
f 1938/211/1693 1945/208/1723 1936/211/1694
f 1936/211/1694 1945/208/1723 1942/207/1713
f 1954/211/1724 1942/207/1713 1945/208/1723
f 1951/207/1288 1942/207/1713 1954/211/1724
f 1942/207/1713 1951/207/1288 1958/211/1719
f 1945/208/1723 1959/211/1721 1954/211/1724
f 1959/211/1721 1945/208/1723 1950/208/1722
f 1973/246/1725 1974/209/1726 1968/209/1727
f 1968/209/1727 1974/209/1726 1987/211/1728
f 1977/207/1729 1987/211/1728 1974/209/1726
f 1987/211/1728 1977/207/1729 1970/211/1730
f 1979/208/1731 1970/211/1730 1977/207/1729
f 1970/211/1730 1979/208/1731 1972/245/1732
f 1980/211/1733 1972/245/1732 1979/208/1731
f 1978/208/1441 1972/245/1732 1980/211/1733
f 1972/245/1732 1978/208/1441 1971/211/1734
f 1976/208/1735 1971/211/1734 1978/208/1441
f 1971/211/1734 1976/208/1735 1990/211/1736
f 1975/210/1737 1990/211/1736 1976/208/1735
f 2005/245/1738 1997/248/1739 1996/207/1740
f 1987/211/1728 1996/207/1740 1997/248/1739
f 1996/207/1740 1987/211/1728 1993/208/1741
f 1993/208/1741 1987/211/1728 1984/211/1742
f 1984/211/1742 1987/211/1728 1988/211/1743
f 1970/211/1730 1988/211/1743 1987/211/1728
f 1988/211/1743 1970/211/1730 1989/245/1744
f 1972/245/1732 1989/245/1744 1970/211/1730
f 1971/211/1734 1989/245/1744 1972/245/1732
f 1989/245/1744 1971/211/1734 1991/211/1745
f 1990/211/1736 1991/211/1745 1971/211/1734
f 1985/211/1746 1991/211/1745 1990/211/1736
f 1991/211/1745 1985/211/1746 1989/245/1744
f 1983/245/1747 1989/245/1744 1985/211/1746
f 1989/245/1744 1983/245/1747 1988/211/1743
f 1988/211/1743 1983/245/1747 1984/211/1742
f 1992/247/1748 1984/211/1742 1983/245/1747
f 1984/211/1742 1992/247/1748 1993/208/1741
f 2000/211/1749 1993/208/1741 1992/247/1748
f 2001/207/1750 1993/208/1741 2000/211/1749
f 1993/208/1741 2001/207/1750 1996/207/1740
f 2003/246/1751 1996/207/1740 2001/207/1750
f 1996/207/1740 2003/246/1751 2005/245/1738
f 2023/210/1752 2005/245/1738 2003/246/1751
f 2005/245/1738 2023/210/1752 2027/208/1753
f 2018/208/1754 2027/208/1753 2023/210/1752
f 2021/207/1755 2027/208/1753 2018/208/1754
f 2028/208/1756 2027/208/1753 2021/207/1755
f 2027/208/1753 2028/208/1756 2005/245/1738
f 2005/245/1738 2028/208/1756 2006/245/1757
f 2006/245/1757 2028/208/1756 2026/210/1758
f 2021/207/1755 2026/210/1758 2028/208/1756
f 2015/207/1298 2026/210/1758 2021/207/1755
f 2026/210/1758 2015/207/1298 2023/210/1752
f 2012/207/1300 2023/210/1752 2015/207/1298
f 2023/210/1752 2012/207/1300 2018/208/1754
f 2005/245/1738 2006/245/1757 2029/211/1759
f 2029/211/1759 2006/245/1757 2030/211/1760
f 2032/211/1761 2030/211/1760 2006/245/1757
f 2030/211/1760 2032/211/1761 2029/211/1759
f 2031/211/1762 2029/211/1759 2032/211/1761
f 2029/211/1759 2031/211/1762 2005/245/1738
f 2005/245/1738 2031/211/1762 2033/211/1763
f 2032/211/1761 2033/211/1763 2031/211/1762
f 2033/211/1763 2032/211/1761 2034/208/1764
f 2006/245/1757 2034/208/1764 2032/211/1761
f 1982/245/1765 1986/245/1766 1967/209/1767
f 1967/209/1767 1986/245/1766 1969/245/1768
f 1969/245/1768 1986/245/1766 1990/211/1736
f 1998/248/1769 1990/211/1736 1986/245/1766
f 1990/211/1736 1998/248/1769 1995/207/1770
f 1995/207/1770 1998/248/1769 2006/245/1757
f 2006/245/1757 1998/248/1769 2034/208/1764
f 1999/210/1771 2034/208/1764 1998/248/1769
f 2034/208/1764 1999/210/1771 2033/211/1763
f 1997/248/1739 2033/211/1763 1999/210/1771
f 2033/211/1763 1997/248/1739 2005/245/1738
f 1990/211/1736 1975/210/1737 1969/245/1768
f 1973/246/1725 1969/245/1768 1975/210/1737
f 1969/245/1768 1973/246/1725 1967/209/1767
f 1968/209/1727 1967/209/1767 1973/246/1725
f 1967/209/1767 1968/209/1727 1982/245/1765
f 1982/245/1765 1968/209/1727 1981/245/1772
f 1987/211/1728 1981/245/1772 1968/209/1727
f 1997/248/1739 1981/245/1772 1987/211/1728
f 1999/210/1771 1981/245/1772 1997/248/1739
f 1981/245/1772 1999/210/1771 1982/245/1765
f 1998/248/1769 1982/245/1765 1999/210/1771
f 1986/245/1766 1982/245/1765 1998/248/1769
f 2017/208/1773 2000/211/1749 2022/208/1774
f 2002/211/1775 2022/208/1774 2000/211/1749
f 2022/208/1774 2002/211/1775 2025/207/1776
f 2004/209/1777 2025/207/1776 2002/211/1775
f 2025/207/1776 2004/209/1777 2026/210/1758
f 2026/210/1758 2004/209/1777 2006/245/1757
f 2006/245/1757 2004/209/1777 1995/207/1770
f 2002/211/1775 1995/207/1770 2004/209/1777
f 1994/208/1778 1995/207/1770 2002/211/1775
f 1995/207/1770 1994/208/1778 1990/211/1736
f 1990/211/1736 1994/208/1778 1985/211/1746
f 1985/211/1746 1994/208/1778 1983/245/1747
f 1983/245/1747 1994/208/1778 1992/247/1748
f 2002/211/1775 1992/247/1748 1994/208/1778
f 1992/247/1748 2002/211/1775 2000/211/1749
f 2008/211/1294 2009/211/1779 2020/207/1780
f 2020/207/1780 2009/211/1779 2025/207/1776
f 2016/207/1297 2025/207/1776 2009/211/1779
f 2013/211/1295 2025/207/1776 2016/207/1297
f 2025/207/1776 2013/211/1295 2022/208/1774
f 2008/211/1294 2022/208/1774 2013/211/1295
f 2022/208/1774 2008/211/1294 2017/208/1773
f 2020/207/1780 2017/208/1773 2008/211/1294
f 2001/207/1750 2017/208/1773 2020/207/1780
f 2000/211/1749 2017/208/1773 2001/207/1750
f 2007/209/1290 2010/209/1781 2024/210/1782
f 2014/210/1783 2024/210/1782 2010/209/1781
f 2024/210/1782 2014/210/1783 2026/210/1758
f 2026/210/1758 2014/210/1783 2025/207/1776
f 2011/209/1291 2025/207/1776 2014/210/1783
f 2025/207/1776 2011/209/1291 2019/207/1784
f 2007/209/1290 2019/207/1784 2011/209/1291
f 2024/210/1782 2019/207/1784 2007/209/1290
f 2003/246/1751 2019/207/1784 2024/210/1782
f 2019/207/1784 2003/246/1751 2001/207/1750
o Object_7
v -0.152636 1.563373 0.050035
v -0.151356 1.565289 0.085314
v -0.139017 1.520129 0.083025
v -0.137273 1.566449 0.128386
v -0.134907 1.609373 0.053442
v -0.127829 1.531885 0.132053
v -0.124683 1.600190 0.127777
v -0.113213 1.566677 0.149721
v -0.108102 1.547971 0.151706
v -0.106400 1.584937 0.149391
v -0.102602 1.491144 0.108315
v -0.099958 1.509700 0.137379
v -0.095952 1.635543 0.102208
v -0.094869 1.620219 0.130459
v -0.093019 1.535965 0.154588
v -0.090264 1.595777 0.150843
v -0.082839 1.565938 0.160256
v -0.073724 1.535244 0.157266
v -0.070970 1.595056 0.153521
v -0.059217 1.618887 0.135408
v -0.058683 1.500239 0.130760
v -0.055886 1.583050 0.156403
v -0.054743 1.546084 0.158718
v -0.054001 1.633803 0.108674
v -0.045819 1.564344 0.158388
v -0.028869 1.520268 0.134490
v -0.025322 1.599533 0.140733
v -0.011453 1.604817 0.115632
v -0.000272 1.554009 0.129600
v 0.000272 1.554009 0.129600
v 0.011453 1.604817 0.115632
v 0.025322 1.599533 0.140733
v 0.028869 1.520268 0.134490
v 0.045819 1.564344 0.158388
v 0.054001 1.628973 0.108674
v 0.054743 1.546084 0.158718
v 0.055886 1.583050 0.156403
v 0.058683 1.500239 0.130760
v 0.059217 1.618887 0.135408
v 0.070970 1.595056 0.153521
v 0.073724 1.535244 0.157266
v 0.082839 1.565938 0.160256
v 0.090264 1.595777 0.150843
v 0.093019 1.535965 0.154588
v 0.094869 1.620219 0.130459
v 0.095952 1.635543 0.102208
v 0.099958 1.509700 0.137379
v 0.102602 1.491144 0.108315
v 0.106400 1.584937 0.149391
v 0.108102 1.547971 0.151706
v 0.113213 1.566677 0.149721
v 0.124683 1.600190 0.127777
v 0.127829 1.531885 0.132053
v 0.134907 1.609373 0.053442
v 0.137273 1.566449 0.128386
v 0.139017 1.520129 0.083025
v 0.151356 1.565289 0.085314
v 0.152636 1.563373 0.050035
vn -0.9862 0.0701 0.1501
vn -0.9982 0.0490 0.0335
vn -0.8855 -0.3959 0.2430
vn -0.8461 0.5084 0.1600
vn -0.8420 0.0872 0.5324
vn -0.7256 -0.3665 0.5824
vn -0.4134 -0.7743 0.4791
vn -0.3466 -0.6549 0.6716
vn 0.0317 -0.6656 0.7456
vn -0.2465 -0.3795 0.8918
vn 0.0033 -0.3337 0.9427
vn 0.3669 -0.4002 0.8398
vn 0.2567 -0.2926 0.9212
vn -0.1512 0.0810 0.9852
vn -0.4265 -0.1553 0.8911
vn -0.4936 0.0902 0.8650
vn -0.4626 0.3332 0.8216
vn -0.2354 0.4175 0.8776
vn 0.0017 0.4080 0.9130
vn 0.2416 0.2884 0.9265
vn 0.2653 0.0011 0.9642
vn 0.6235 0.0720 0.7785
vn 0.5088 0.4745 0.7183
vn 0.6381 0.5793 0.5072
vn 0.1274 0.7327 0.6685
vn 0.1979 0.8530 0.4829
vn -0.3217 0.7355 0.5963
vn -0.3702 0.8456 0.3845
vn -0.6944 0.5094 0.5083
vn -0.5095 0.4904 0.7070
vn -0.6359 0.6068 0.4770
vn -0.6234 0.0720 0.7785
vn -0.1417 0.7556 0.6395
vn -0.2223 0.8821 0.4154
vn 0.3067 0.7501 0.5858
vn 0.3385 0.8705 0.3572
vn 0.6944 0.5094 0.5083
vn 0.8461 0.5084 0.1600
vn 0.8420 0.0872 0.5324
vn 0.9862 0.0701 0.1501
vn 0.9982 0.0490 0.0335
vn 0.8855 -0.3959 0.2430
vn 0.7256 -0.3665 0.5824
vn 0.4134 -0.7743 0.4791
vn 0.3466 -0.6549 0.6716
vn -0.0317 -0.6656 0.7456
vn 0.2465 -0.3795 0.8918
vn -0.0033 -0.3337 0.9427
vn -0.3669 -0.4002 0.8398
vn -0.2567 -0.2926 0.9212
vn -0.2652 0.0011 0.9642
vn -0.2416 0.2884 0.9265
vn -0.0017 0.4080 0.9130
vn 0.2354 0.4175 0.8776
vn 0.4626 0.3332 0.8216
vn 0.4936 0.0902 0.8650
vn 0.4265 -0.1553 0.8911
vn 0.1512 0.0810 0.9852
vt 0.098218 0.528437
vt 0.068059 0.528022
vt 0.165310 0.754663
vt 0.170942 0.304126
vt 0.184104 0.529613
vt 0.235454 0.702759
vt 0.346591 0.896394
vt 0.374200 0.811235
vt 0.547347 0.813607
vt 0.415520 0.683786
vt 0.509227 0.685072
vt 0.688757 0.708970
vt 0.585757 0.628442
vt 0.464261 0.533451
vt 0.340431 0.625080
vt 0.312641 0.531374
vt 0.342764 0.438461
vt 0.419295 0.381831
vt 0.513001 0.383115
vt 0.588090 0.441823
vt 0.615880 0.535529
vt 0.744418 0.537290
vt 0.693067 0.364144
vt 0.763211 0.312240
vt 0.554321 0.255668
vt 0.581930 0.170509
vt 0.381175 0.253296
vt 0.355703 0.167409
vt 0.239764 0.357933
vt 0.798635 0.364144
vt 0.868779 0.312240
vt 0.849985 0.537290
vt 0.659889 0.255668
vt 0.687498 0.170509
vt 0.486742 0.253296
vt 0.461271 0.167409
vt 0.345332 0.357933
vt 0.276509 0.304126
vt 0.289672 0.529613
vt 0.203786 0.528437
vt 0.173627 0.528022
vt 0.270878 0.754663
vt 0.341022 0.702759
vt 0.452159 0.896394
vt 0.479768 0.811235
vt 0.652915 0.813607
vt 0.521088 0.683786
vt 0.614794 0.685072
vt 0.794325 0.708970
vt 0.691325 0.628442
vt 0.721448 0.535529
vt 0.693658 0.441823
vt 0.618569 0.383115
vt 0.524862 0.381831
vt 0.448332 0.438461
vt 0.418209 0.531374
vt 0.445999 0.625080
vt 0.569828 0.533451
s 1
f 2036/249/1785 2035/250/1786 2037/251/1787
f 2035/250/1786 2036/249/1785 2039/252/1788
f 2039/252/1788 2036/249/1785 2038/253/1789
f 2037/251/1787 2038/253/1789 2036/249/1785
f 2038/253/1789 2037/251/1787 2040/254/1790
f 2045/255/1791 2040/254/1790 2037/251/1787
f 2040/254/1790 2045/255/1791 2046/256/1792
f 2055/257/1793 2046/256/1792 2045/255/1791
f 2046/256/1792 2055/257/1793 2049/258/1794
f 2049/258/1794 2055/257/1793 2052/259/1795
f 2060/260/1796 2052/259/1795 2055/257/1793
f 2052/259/1795 2060/260/1796 2057/261/1797
f 2052/259/1795 2051/262/1798 2049/258/1794
f 2043/263/1799 2049/258/1794 2051/262/1798
f 2049/258/1794 2043/263/1799 2046/256/1792
f 2046/256/1792 2043/263/1799 2040/254/1790
f 2040/254/1790 2043/263/1799 2042/264/1800
f 2051/262/1798 2042/264/1800 2043/263/1799
f 2042/264/1800 2038/253/1789 2040/254/1790
f 2038/253/1789 2042/264/1800 2044/265/1801
f 2051/262/1798 2044/265/1801 2042/264/1800
f 2044/265/1801 2051/262/1798 2050/266/1802
f 2050/266/1802 2051/262/1798 2053/267/1803
f 2053/267/1803 2051/262/1798 2056/268/1804
f 2056/268/1804 2051/262/1798 2059/269/1805
f 2059/269/1805 2051/262/1798 2057/261/1797
f 2057/261/1797 2051/262/1798 2052/259/1795
f 2057/261/1797 2060/260/1796 2059/269/1805
f 2064/270/1806 2059/269/1805 2060/260/1796
f 2059/269/1805 2064/270/1806 2056/268/1804
f 2056/268/1804 2064/270/1806 2061/271/1807
f 2062/272/1808 2061/271/1807 2064/270/1806
f 2061/271/1807 2062/272/1808 2054/273/1809
f 2058/274/1810 2054/273/1809 2062/272/1808
f 2054/273/1809 2058/274/1810 2048/275/1811
f 2047/276/1812 2048/275/1811 2058/274/1810
f 2048/275/1811 2047/276/1812 2041/277/1813
f 2039/252/1788 2041/277/1813 2047/276/1812
f 2038/253/1789 2041/277/1813 2039/252/1788
f 2044/265/1801 2041/277/1813 2038/253/1789
f 2041/277/1813 2044/265/1801 2048/275/1811
f 2050/266/1802 2048/275/1811 2044/265/1801
f 2048/275/1811 2050/266/1802 2054/273/1809
f 2053/267/1803 2054/273/1809 2050/266/1802
f 2056/268/1804 2054/273/1809 2053/267/1803
f 2054/273/1809 2056/268/1804 2061/271/1807
f 2066/278/1814 2065/279/1815 2063/280/1816
f 2073/281/1817 2065/279/1815 2066/278/1814
f 2065/279/1815 2073/281/1817 2069/282/1818
f 2079/283/1819 2069/282/1818 2073/281/1817
f 2069/282/1818 2079/283/1819 2080/284/1820
f 2086/285/1821 2080/284/1820 2079/283/1819
f 2080/284/1820 2086/285/1821 2088/286/1822
f 2089/287/1823 2088/286/1822 2086/285/1821
f 2091/288/1824 2088/286/1822 2089/287/1823
f 2088/286/1822 2091/288/1824 2092/289/1825
f 2092/289/1825 2091/288/1824 2090/290/1826
f 2089/287/1823 2090/290/1826 2091/288/1824
f 2087/291/1827 2090/290/1826 2089/287/1823
f 2090/290/1826 2087/291/1827 2082/292/1828
f 2081/293/1829 2082/292/1828 2087/291/1827
f 2082/292/1828 2081/293/1829 2072/294/1830
f 2078/295/1831 2072/294/1830 2081/293/1829
f 2075/296/1832 2072/294/1830 2078/295/1831
f 2072/294/1830 2075/296/1832 2067/297/1833
f 2070/298/1834 2067/297/1833 2075/296/1832
f 2068/299/1835 2067/297/1833 2070/298/1834
f 2067/297/1833 2068/299/1835 2063/280/1816
f 2071/300/1836 2063/280/1816 2068/299/1835
f 2063/280/1816 2071/300/1836 2066/278/1814
f 2066/278/1814 2071/300/1836 2073/281/1817
f 2074/301/1837 2073/281/1817 2071/300/1836
f 2077/302/1838 2073/281/1817 2074/301/1837
f 2073/281/1817 2077/302/1838 2079/283/1819
f 2083/303/1839 2079/283/1819 2077/302/1838
f 2079/283/1819 2083/303/1839 2086/285/1821
f 2086/285/1821 2083/303/1839 2089/287/1823
f 2085/304/1840 2089/287/1823 2083/303/1839
f 2089/287/1823 2085/304/1840 2087/291/1827
f 2084/305/1841 2087/291/1827 2085/304/1840
f 2087/291/1827 2084/305/1841 2081/293/1829
f 2081/293/1829 2084/305/1841 2078/295/1831
f 2076/306/1842 2078/295/1831 2084/305/1841
f 2078/295/1831 2076/306/1842 2075/296/1832
f 2075/296/1832 2076/306/1842 2070/298/1834
f 2070/298/1834 2076/306/1842 2068/299/1835
f 2068/299/1835 2076/306/1842 2071/300/1836
f 2071/300/1836 2076/306/1842 2074/301/1837
f 2074/301/1837 2076/306/1842 2077/302/1838
f 2077/302/1838 2076/306/1842 2083/303/1839
f 2083/303/1839 2076/306/1842 2085/304/1840
f 2084/305/1841 2085/304/1840 2076/306/1842
