# Blender 5.1.2
# www.blender.org
o Reaper_Leviathan_geo
v 0.047755 -0.046772 -0.374778
v 0.047755 -0.046772 -0.374778
v 0.047269 -0.045561 -0.375593
v 0.047481 -0.046919 -0.374842
v 0.047584 -0.045437 -0.375493
v 0.047269 -0.045561 -0.375593
v 0.047269 -0.045561 -0.375593
v 0.047584 -0.045437 -0.375493
v 0.044580 -0.041421 -0.374624
v 0.043820 -0.041929 -0.374819
v 0.045254 -0.042030 -0.372403
v 0.047755 -0.046772 -0.374778
v 0.041447 -0.037811 -0.373070
v 0.040681 -0.038149 -0.373472
v 0.038356 -0.033526 -0.372052
v 0.037862 -0.033751 -0.372384
v 0.035110 -0.029226 -0.371850
v 0.042256 -0.037673 -0.370141
v 0.035712 -0.028888 -0.371532
v 0.031714 -0.023841 -0.371456
v 0.039520 -0.032995 -0.369271
v 0.032631 -0.023252 -0.371170
v 0.027766 -0.016399 -0.371291
v 0.037148 -0.028122 -0.368473
v 0.028648 -0.015791 -0.371041
v 0.023817 -0.008187 -0.371098
v 0.034427 -0.022191 -0.367515
v 0.036603 -0.028959 -0.364642
v 0.044598 -0.042773 -0.370180
v 0.041589 -0.038726 -0.367519
v 0.038948 -0.034032 -0.365707
v 0.047462 -0.046260 -0.373577
v 0.047061 -0.046495 -0.373557
v 0.047481 -0.046919 -0.374842
v 0.043953 -0.043195 -0.370244
v 0.043474 -0.042997 -0.372631
v 0.047269 -0.045561 -0.375593
v 0.043820 -0.041929 -0.374819
v 0.040681 -0.038149 -0.373472
v 0.039820 -0.039070 -0.370172
v 0.037862 -0.033751 -0.372384
v 0.040945 -0.039218 -0.367372
v 0.036931 -0.034645 -0.368946
v 0.035110 -0.029226 -0.371850
v 0.038023 -0.034574 -0.365750
v 0.034181 -0.029841 -0.368030
v 0.031714 -0.023841 -0.371456
v 0.035709 -0.029602 -0.364328
v 0.030782 -0.024077 -0.366842
v 0.027766 -0.016399 -0.371291
v 0.032551 -0.023644 -0.362994
v 0.026920 -0.016964 -0.366355
v 0.023817 -0.008187 -0.371098
v 0.033435 -0.023026 -0.363008
v 0.022718 -0.009447 -0.365719
v 0.019436 0.000647 -0.370293
v 0.028496 -0.016375 -0.362121
v 0.030740 -0.014726 -0.366895
v 0.029511 -0.015719 -0.361943
v 0.024197 -0.008901 -0.361025
v 0.018772 -0.000683 -0.365263
v 0.015056 0.007734 -0.364135
v 0.015317 0.008792 -0.368949
v 0.012865 0.012973 -0.368044
v 0.011960 0.012432 -0.363341
v 0.012158 0.011413 -0.358424
v 0.024563 -0.007670 -0.370674
v 0.026465 -0.006999 -0.366049
v 0.025088 -0.008144 -0.361059
v 0.019803 -0.001212 -0.360042
v 0.015209 0.007630 -0.357716
v 0.014076 0.010042 -0.350502
v 0.015989 0.008109 -0.357735
v 0.014161 0.014190 -0.357665
v 0.014420 0.014649 -0.362439
v 0.020555 0.001587 -0.370429
v 0.019436 0.000647 -0.370293
v 0.022562 0.000629 -0.364940
v 0.020680 -0.000442 -0.359887
v 0.018213 0.008490 -0.363456
v 0.013881 0.014136 -0.367762
v 0.016166 0.009029 -0.368874
v 0.015317 0.008792 -0.368949
v 0.012865 0.012973 -0.368044
v 0.086700 0.054570 -0.404310
v 0.086700 0.054570 -0.404310
v 0.086394 0.054804 -0.403758
v 0.085307 0.058225 -0.405832
v 0.087512 0.048714 -0.401981
v 0.086394 0.054804 -0.403758
v 0.087290 0.049005 -0.401489
v 0.086074 0.041977 -0.399927
v 0.085867 0.042506 -0.399240
v 0.082675 0.035497 -0.396913
v 0.082255 0.036055 -0.396349
v 0.084877 0.052956 -0.407998
v 0.084577 0.046318 -0.406575
v 0.083438 0.040666 -0.404628
v 0.085857 0.058098 -0.406183
v 0.085307 0.058225 -0.405832
v 0.080910 0.046106 -0.408428
v 0.081724 0.052695 -0.410386
v 0.084720 0.057737 -0.409417
v 0.085223 0.061293 -0.408265
v 0.084474 0.062568 -0.410731
v 0.084581 0.061217 -0.408202
v 0.084581 0.061217 -0.408202
v 0.082724 0.057023 -0.411915
v 0.083738 0.060003 -0.412034
v 0.084000 0.062398 -0.410702
v 0.083508 0.060277 -0.411917
v 0.082365 0.057359 -0.411905
v 0.081248 0.053225 -0.410105
v 0.080517 0.046431 -0.408121
v 0.079513 0.040935 -0.406950
v 0.079142 0.041399 -0.406665
v 0.075485 0.036010 -0.404673
v 0.080118 0.034498 -0.401873
v 0.075705 0.035507 -0.405018
v 0.070411 0.031769 -0.402300
v 0.075536 0.029568 -0.398495
v 0.070731 0.031083 -0.402552
v 0.063973 0.028220 -0.400210
v 0.077772 0.030387 -0.393299
v 0.069517 0.025846 -0.395346
v 0.064773 0.027530 -0.400376
v 0.056018 0.024713 -0.398982
v 0.054224 0.025866 -0.399013
v 0.037624 0.025563 -0.398611
v 0.060160 0.023388 -0.392530
v 0.071385 0.026946 -0.389422
v 0.038453 0.023756 -0.398200
v 0.020334 0.026693 -0.398586
v 0.021715 0.024192 -0.398495
v 0.043329 0.022664 -0.390937
v 0.030396 0.022979 -0.391540
v 0.061839 0.024330 -0.385933
v 0.044556 0.024186 -0.383537
v 0.028803 0.024425 -0.382258
v 0.077310 0.030938 -0.392614
v 0.070335 0.027384 -0.389082
v 0.060313 0.025148 -0.385276
v 0.042669 0.025353 -0.383490
v 0.028803 0.024425 -0.382258
v 0.067146 0.028743 -0.393800
v 0.057203 0.026849 -0.391338
v 0.073684 0.032342 -0.397092
v 0.041621 0.026595 -0.391053
v 0.063973 0.028220 -0.400210
v 0.054224 0.025866 -0.399013
v 0.070411 0.031769 -0.402300
v 0.037624 0.025563 -0.398611
v 0.020334 0.026693 -0.398586
v 0.021373 0.027357 -0.389809
v 0.023330 0.026129 -0.381859
v 0.028803 0.024425 -0.382258
v 0.075485 0.036010 -0.404673
v 0.078537 0.036829 -0.400149
v 0.079142 0.041399 -0.406665
v 0.081875 0.042616 -0.402763
v 0.085867 0.042506 -0.399240
v 0.080517 0.046431 -0.408121
v 0.083340 0.048567 -0.404674
v 0.087290 0.049005 -0.401489
v 0.086394 0.054804 -0.403758
v 0.081248 0.053225 -0.410105
v 0.082819 0.054266 -0.406983
v 0.083050 0.058583 -0.408655
v 0.082365 0.057359 -0.411905
v 0.083508 0.060277 -0.411917
v 0.084000 0.062398 -0.410702
v 0.085857 0.058098 -0.406183
v 0.085223 0.061293 -0.408265
v 0.084474 0.062568 -0.410731
v 0.084000 0.062398 -0.410702
v -0.037320 -0.046383 -0.376285
v -0.037320 -0.046383 -0.376285
v -0.037045 -0.046532 -0.376338
v -0.036792 -0.045176 -0.377082
v -0.036792 -0.045176 -0.377082
v -0.036792 -0.045176 -0.377082
v -0.037110 -0.045050 -0.376994
v -0.033345 -0.041578 -0.376167
v -0.034107 -0.041064 -0.376002
v -0.037110 -0.045050 -0.376994
v -0.031013 -0.037474 -0.374332
v -0.030234 -0.037819 -0.374705
v -0.034871 -0.041664 -0.373808
v -0.037320 -0.046383 -0.376285
v -0.027927 -0.033214 -0.373200
v -0.027423 -0.033444 -0.373513
v -0.024655 -0.028787 -0.372925
v -0.031931 -0.037325 -0.371437
v -0.025266 -0.028453 -0.372627
v -0.021227 -0.023009 -0.372504
v -0.029191 -0.032669 -0.370467
v -0.022148 -0.022439 -0.372244
v -0.017222 -0.015859 -0.372113
v -0.026809 -0.027721 -0.369611
v -0.018107 -0.015247 -0.371896
v -0.013199 -0.007940 -0.371741
v -0.024071 -0.021531 -0.368618
v -0.026415 -0.028613 -0.365745
v -0.034308 -0.042408 -0.371560
v -0.031374 -0.038379 -0.368790
v -0.028764 -0.033705 -0.366882
v -0.037070 -0.045872 -0.375075
v -0.036672 -0.046110 -0.375038
v -0.037045 -0.046532 -0.376338
v -0.033665 -0.042836 -0.371599
v -0.033093 -0.042645 -0.373965
v -0.036792 -0.045176 -0.377082
v -0.033345 -0.041578 -0.376167
v -0.030234 -0.037819 -0.374705
v -0.029508 -0.038743 -0.371374
v -0.027423 -0.033444 -0.373513
v -0.030740 -0.038877 -0.368618
v -0.026630 -0.034340 -0.370041
v -0.024655 -0.028787 -0.372925
v -0.027842 -0.034256 -0.366889
v -0.023876 -0.029449 -0.369062
v -0.021227 -0.023009 -0.372504
v -0.025540 -0.029265 -0.365397
v -0.020470 -0.023406 -0.367828
v -0.017222 -0.015859 -0.372113
v -0.022378 -0.023072 -0.364022
v -0.016567 -0.016617 -0.367123
v -0.013199 -0.007940 -0.371741
v -0.023256 -0.022446 -0.364067
v -0.012315 -0.009356 -0.366309
v -0.008743 0.000540 -0.370789
v -0.018294 -0.016107 -0.362934
v -0.020344 -0.014485 -0.367781
v -0.019309 -0.015441 -0.362796
v -0.013962 -0.008694 -0.361690
v -0.008286 -0.001086 -0.365711
v -0.004487 0.007945 -0.364473
v -0.004565 0.008794 -0.369316
v -0.002094 0.013167 -0.368316
v -0.001374 0.012305 -0.363595
v -0.001767 0.011327 -0.358683
v -0.013955 -0.007432 -0.371344
v -0.016023 -0.007081 -0.366768
v -0.014843 -0.007941 -0.361756
v -0.009513 -0.000943 -0.360572
v -0.004893 0.007782 -0.358076
v -0.003991 0.010176 -0.350827
v -0.005669 0.008287 -0.358128
v -0.003762 0.014332 -0.357994
v -0.003844 0.014772 -0.362783
v -0.009844 0.001501 -0.370972
v -0.008743 0.000540 -0.370789
v -0.012068 0.000735 -0.365562
v -0.010386 -0.000132 -0.360450
v -0.007678 0.008615 -0.363936
v -0.003111 0.014174 -0.368089
v -0.005418 0.009027 -0.369279
v -0.004565 0.008794 -0.369316
v -0.002094 0.013167 -0.368316
v -0.086393 0.064261 -0.422814
v -0.086393 0.064261 -0.422814
v -0.086127 0.065196 -0.426617
v -0.086493 0.064836 -0.422294
v -0.085576 0.063747 -0.416181
v -0.086493 0.064836 -0.422294
v -0.085643 0.064225 -0.415698
v -0.082688 0.061215 -0.410031
v -0.082793 0.061808 -0.409370
v -0.078970 0.056992 -0.404231
v -0.078714 0.057520 -0.403541
v -0.082586 0.063058 -0.424707
v -0.080531 0.062098 -0.418662
v -0.078517 0.060310 -0.413460
v -0.086308 0.064557 -0.427066
v -0.086127 0.065196 -0.426617
v -0.076539 0.063048 -0.419054
v -0.078857 0.064080 -0.425602
v -0.083624 0.063756 -0.429374
v -0.086084 0.065221 -0.430951
v -0.084753 0.065814 -0.433461
v -0.085622 0.065661 -0.430645
v -0.085622 0.065661 -0.430645
v -0.080546 0.063945 -0.430400
v -0.082432 0.064463 -0.432762
v -0.084355 0.066001 -0.433214
v -0.082445 0.064841 -0.432747
v -0.080424 0.064392 -0.430468
v -0.078817 0.064786 -0.425467
v -0.076397 0.063595 -0.418697
v -0.074145 0.061305 -0.414409
v -0.073960 0.061856 -0.414066
v -0.070011 0.058191 -0.409699
v -0.075195 0.056404 -0.408344
v -0.070128 0.057705 -0.410120
v -0.065652 0.053615 -0.406429
v -0.071650 0.051356 -0.404243
v -0.065943 0.052991 -0.406837
v -0.060460 0.048508 -0.403957
v -0.074988 0.051690 -0.399653
v -0.066868 0.046214 -0.400766
v -0.060757 0.047982 -0.404351
v -0.053029 0.042186 -0.402733
v -0.051832 0.042860 -0.402286
v -0.035628 0.037027 -0.400883
v -0.058735 0.040585 -0.397507
v -0.069487 0.046608 -0.395244
v -0.036141 0.035351 -0.400944
v -0.018505 0.032478 -0.400097
v -0.019218 0.030038 -0.400305
v -0.041458 0.034337 -0.394541
v -0.026628 0.030230 -0.393931
v -0.060719 0.040743 -0.391248
v -0.043091 0.035041 -0.387330
v -0.024366 0.030189 -0.384516
v -0.074667 0.052113 -0.398815
v -0.069080 0.046868 -0.394700
v -0.060080 0.041163 -0.390266
v -0.041768 0.035807 -0.386908
v -0.024366 0.030189 -0.384516
v -0.064702 0.048520 -0.398330
v -0.056024 0.043224 -0.395249
v -0.070016 0.053785 -0.402097
v -0.040295 0.037872 -0.393393
v -0.065652 0.053615 -0.406429
v -0.060460 0.048508 -0.403957
v -0.051832 0.042860 -0.402286
v -0.035628 0.037027 -0.400883
v -0.018505 0.032478 -0.400097
v -0.019963 0.032757 -0.391334
v -0.020523 0.030884 -0.383744
v -0.024366 0.030189 -0.384516
v -0.070011 0.058191 -0.409699
v -0.074144 0.058635 -0.406136
v -0.073960 0.061856 -0.414066
v -0.077951 0.062625 -0.411405
v -0.082793 0.061808 -0.409370
v -0.076397 0.063595 -0.418697
v -0.080825 0.064886 -0.417151
v -0.085643 0.064225 -0.415698
v -0.086493 0.064836 -0.422294
v -0.078817 0.064786 -0.425467
v -0.081940 0.065500 -0.423744
v -0.083142 0.065650 -0.428673
v -0.080424 0.064392 -0.430468
v -0.082445 0.064841 -0.432747
v -0.084355 0.066001 -0.433214
v -0.086308 0.064557 -0.427066
v -0.086084 0.065221 -0.430951
v -0.084753 0.065814 -0.433461
v -0.084355 0.066001 -0.433214
v -0.002442 -0.017436 0.032444
v -0.002245 -0.017387 0.032870
v -0.002578 -0.017243 0.032780
v -0.002238 -0.016207 0.035435
v -0.002548 -0.016935 0.035469
v -0.002059 -0.016396 0.035669
v -0.002059 -0.016396 0.035669
v -0.001991 -0.016455 0.034985
v -0.001231 -0.016100 0.035596
v -0.002238 -0.016207 0.035435
v -0.001583 -0.016376 0.034373
v -0.001086 -0.016015 0.034651
v -0.000736 -0.015688 0.035246
v -0.000877 -0.015588 0.034988
v -0.001965 -0.015820 0.036512
v -0.002632 -0.016781 0.035896
v -0.002632 -0.016781 0.035896
v -0.002632 -0.016781 0.035896
v -0.003582 -0.016232 0.037275
v -0.002548 -0.016935 0.035469
v -0.001112 -0.015444 0.036256
v -0.000787 -0.015348 0.035713
v -0.001859 -0.014791 0.037677
v -0.000377 -0.015444 0.034993
v -0.000570 -0.015723 0.034921
v -0.000877 -0.015588 0.034988
v -0.000783 -0.015590 0.034839
v -0.000615 -0.015406 0.034795
v -0.000615 -0.015406 0.034795
v -0.000361 -0.015163 0.035983
v -0.000517 -0.013988 0.037128
v 0.000634 -0.014510 0.035336
v -0.000263 -0.015014 0.035373
v 0.000308 -0.015352 0.034510
v -0.000467 -0.015740 0.034380
v -0.000615 -0.015406 0.034795
v -0.000076 -0.015923 0.033569
v 0.000540 -0.014958 0.033750
v 0.000744 -0.013956 0.034342
v -0.001894 -0.013689 0.038679
v -0.003489 -0.015289 0.038154
v 0.000641 -0.012998 0.036505
v -0.000474 -0.012730 0.037882
v 0.001588 -0.012801 0.035814
v 0.001145 -0.013996 0.034735
v 0.000991 -0.010937 0.036454
v 0.000335 -0.010065 0.037486
v -0.000659 -0.011490 0.039178
v 0.002068 -0.013273 0.034200
v 0.002221 -0.013275 0.034541
v 0.001660 -0.014461 0.033479
v 0.000616 -0.014341 0.034015
v 0.000791 -0.014862 0.033491
v 0.001075 -0.015031 0.032491
v 0.001712 -0.014060 0.032596
v 0.002220 -0.013098 0.033182
v 0.002392 -0.012540 0.035132
v 0.002656 -0.012848 0.034007
v 0.003421 -0.011790 0.034135
v 0.002447 -0.012793 0.033438
v 0.002095 -0.011098 0.035535
v 0.002954 -0.012776 0.033003
v 0.003173 -0.012744 0.033339
v 0.002693 -0.013353 0.032577
v 0.001928 -0.013357 0.032653
v 0.002213 -0.013818 0.031733
v 0.002958 -0.012743 0.032228
v 0.003594 -0.012565 0.032861
v 0.003226 -0.012604 0.032478
v 0.003480 -0.012813 0.031915
v 0.002831 -0.013117 0.031360
v 0.003358 -0.012578 0.031460
v 0.003762 -0.012151 0.031582
v 0.003817 -0.012409 0.032281
v 0.004060 -0.012275 0.032565
v 0.004360 -0.011923 0.032128
v 0.004636 -0.010746 0.033366
v 0.004212 -0.011847 0.031795
v 0.003536 -0.012401 0.030881
v 0.004396 -0.011684 0.031416
v 0.004060 -0.011487 0.030803
v 0.004767 -0.011419 0.031406
v 0.003394 -0.010287 0.034748
v 0.004980 -0.011078 0.030723
v 0.004271 -0.011199 0.030285
v 0.004975 -0.010444 0.029607
v 0.004298 -0.010847 0.029674
v 0.004944 -0.011139 0.029008
v 0.004132 -0.011205 0.028840
v 0.005947 -0.009899 0.029555
v 0.006025 -0.009821 0.031030
v 0.005353 -0.009430 0.032661
v 0.004140 -0.009300 0.034293
v 0.004616 -0.012051 0.028170
v 0.003940 -0.011654 0.028230
v 0.003670 -0.011971 0.027905
v 0.006311 -0.008854 0.030138
v 0.006808 -0.008963 0.027579
v 0.005781 -0.007610 0.031897
v 0.006218 -0.010960 0.028431
v 0.004679 -0.008180 0.033834
v 0.005664 -0.012176 0.027276
v 0.007202 -0.010266 0.027010
v 0.008290 -0.008392 0.023735
v 0.004012 -0.013125 0.028104
v 0.002436 -0.011994 0.028163
v 0.005004 -0.006758 0.033131
v 0.005282 -0.005623 0.031282
v 0.005135 -0.013382 0.027088
v 0.002987 -0.013380 0.027819
v 0.002703 -0.013191 0.027511
v 0.006043 -0.012121 0.024895
v 0.004957 -0.014342 0.025897
v 0.007643 -0.010609 0.022788
v 0.003813 -0.015233 0.027141
v 0.005069 -0.017150 0.026431
v 0.007719 -0.009049 0.023706
v 0.007427 -0.007875 0.020468
v 0.009117 -0.009770 0.019649
v 0.008918 -0.007782 0.020783
v 0.003467 -0.014483 0.028136
v 0.003073 -0.016949 0.028152
v 0.002493 -0.016107 0.028644
v 0.001632 -0.017349 0.029480
v 0.003443 -0.018395 0.027242
v 0.005166 -0.019084 0.024967
v 0.002217 -0.018388 0.029411
v 0.002475 -0.013871 0.028581
v 0.002355 -0.014949 0.028175
v 0.001689 -0.015229 0.029273
v 0.001945 -0.014498 0.028541
v 0.001932 -0.014600 0.028648
v 0.001497 -0.014416 0.029051
v 0.000757 -0.014490 0.029505
v 0.001519 -0.013098 0.028802
v 0.000946 -0.015430 0.029575
v 0.002599 -0.013142 0.028295
v 0.002382 -0.013095 0.027964
v 0.002703 -0.013191 0.027511
v 0.001692 -0.016434 0.028861
v 0.001341 -0.015764 0.029403
v 0.001249 -0.016454 0.030243
v 0.000891 -0.015784 0.030742
v 0.000562 -0.015043 0.030270
v -0.000027 -0.014992 0.030968
v 0.000050 -0.016143 0.030944
v 0.000238 -0.016986 0.030557
v 0.000305 -0.017540 0.030190
v 0.000049 -0.018017 0.030692
v 0.001122 -0.019235 0.030644
v -0.000189 -0.017219 0.031284
v -0.000492 -0.015977 0.030988
v 0.002809 -0.019740 0.028754
v -0.000526 -0.016322 0.031703
v -0.001089 -0.015510 0.031587
v -0.001150 -0.016762 0.031872
v -0.001150 -0.016762 0.031872
v -0.000724 -0.018421 0.031560
v -0.000007 -0.019503 0.031567
v -0.000786 -0.017522 0.031681
v -0.001054 -0.017758 0.031855
v -0.001235 -0.018734 0.032111
v -0.001280 -0.016995 0.032103
v -0.001386 -0.017847 0.032572
v 0.002560 -0.020957 0.027480
v 0.003376 -0.019725 0.026106
v 0.002257 -0.019696 0.023233
v 0.005555 -0.018493 0.021044
v 0.001325 -0.020899 0.025526
v 0.002711 -0.019586 0.021154
v 0.005904 -0.017466 0.017385
v 0.003440 -0.018771 0.017088
v 0.006523 -0.017081 0.014331
v 0.001538 -0.021942 0.028358
v 0.000052 -0.022801 0.027236
v 0.001545 -0.020941 0.030112
v 0.000738 -0.021006 0.031606
v 0.001099 -0.022688 0.031104
v 0.001166 -0.023684 0.029116
v -0.000213 -0.020986 0.033298
v 0.000134 -0.022912 0.033217
v 0.000744 -0.025042 0.031200
v -0.001067 -0.019315 0.032864
v -0.002137 -0.018613 0.032637
v -0.001710 -0.021079 0.034635
v -0.001410 -0.023014 0.034711
v -0.002320 -0.019523 0.034021
v -0.002914 -0.018799 0.033199
v -0.001466 -0.024992 0.034364
v -0.003397 -0.023085 0.035239
v -0.003583 -0.021205 0.035108
v 0.000010 -0.024992 0.033023
v -0.003759 -0.019821 0.034260
v -0.000578 -0.026940 0.032590
v -0.002617 -0.018131 0.033068
v -0.002051 -0.018101 0.032762
v -0.002245 -0.017387 0.032870
v -0.001526 -0.017205 0.032785
v -0.001527 -0.016627 0.032303
v -0.001503 -0.017002 0.031771
v -0.001874 -0.016476 0.032204
v -0.001917 -0.016326 0.032608
v -0.001917 -0.016326 0.032608
v -0.002133 -0.016811 0.032843
v -0.002442 -0.017436 0.032444
v -0.002173 -0.016606 0.032398
v -0.001917 -0.016326 0.032608
v -0.002810 -0.017649 0.032958
v -0.002578 -0.017243 0.032780
v -0.002786 -0.017586 0.032486
v -0.002942 -0.018071 0.033096
v -0.003262 -0.017710 0.032887
v -0.003135 -0.017596 0.032410
v -0.003236 -0.017734 0.033195
v -0.003060 -0.018032 0.033363
v -0.003704 -0.017890 0.033305
v -0.003553 -0.017732 0.033242
v -0.003721 -0.017877 0.032827
v -0.003721 -0.017877 0.032827
v -0.004002 -0.018953 0.033463
v -0.005157 -0.019445 0.033427
v -0.005156 -0.018337 0.033716
v -0.004354 -0.018084 0.033566
v -0.005155 -0.020353 0.034190
v -0.005153 -0.021454 0.034762
v -0.004233 -0.017641 0.033316
v -0.004422 -0.017974 0.033138
v -0.003898 -0.017676 0.033188
v -0.003721 -0.017877 0.032827
v -0.004940 -0.017826 0.033541
v -0.005157 -0.018065 0.033241
v -0.004648 -0.017756 0.033452
v -0.004422 -0.017974 0.033138
v -0.004599 -0.017905 0.033133
v -0.006721 -0.021205 0.035119
v -0.006550 -0.019820 0.034269
v -0.006312 -0.018953 0.033470
v -0.007401 -0.018798 0.033213
v -0.006610 -0.017890 0.033314
v -0.005959 -0.018084 0.033571
v -0.005373 -0.017826 0.033543
v -0.005157 -0.018065 0.033241
v -0.005665 -0.017756 0.033455
v -0.005893 -0.017973 0.033143
v -0.005717 -0.017905 0.033137
v -0.006081 -0.017641 0.033322
v -0.005893 -0.017973 0.033143
v -0.006417 -0.017675 0.033196
v -0.006596 -0.017876 0.032836
v -0.007990 -0.019522 0.034040
v -0.008597 -0.021078 0.034658
v -0.006906 -0.023084 0.035250
v -0.005152 -0.023079 0.035096
v -0.003413 -0.025090 0.034730
v -0.001776 -0.026985 0.033885
v -0.005155 -0.025364 0.034480
v -0.006894 -0.025090 0.034741
v -0.003579 -0.026989 0.034065
v -0.003389 -0.029073 0.034234
v -0.005155 -0.026982 0.034302
v -0.001921 -0.029097 0.033418
v -0.003312 -0.031258 0.033924
v -0.006733 -0.026988 0.034075
v -0.005156 -0.029227 0.034391
v -0.006923 -0.029072 0.034245
v -0.007003 -0.031257 0.033936
v -0.008538 -0.026983 0.033907
v -0.005157 -0.031253 0.034136
v -0.005160 -0.032329 0.033311
v -0.008843 -0.024990 0.034388
v -0.008397 -0.029096 0.033439
v -0.008897 -0.023013 0.034735
v -0.009744 -0.026939 0.032620
v -0.010102 -0.020984 0.033330
v -0.010451 -0.022910 0.033251
v -0.010328 -0.024990 0.033057
v -0.009251 -0.019314 0.032890
v -0.011074 -0.025040 0.031239
v -0.008182 -0.018612 0.032656
v -0.011064 -0.021004 0.031644
v -0.010319 -0.019501 0.031600
v -0.011429 -0.022686 0.031145
v -0.009087 -0.018733 0.032136
v -0.010239 -0.027031 0.031091
v -0.009545 -0.028946 0.032385
v -0.011881 -0.020939 0.030155
v -0.011453 -0.019233 0.030684
v -0.011510 -0.023682 0.029157
v -0.011885 -0.021933 0.028389
v -0.011011 -0.025312 0.029470
v -0.013028 -0.019732 0.028720
v -0.010094 -0.027382 0.029784
v -0.009738 -0.025002 0.027766
v -0.010380 -0.022762 0.027183
v -0.009754 -0.028851 0.031003
v -0.012673 -0.020868 0.027231
v -0.012557 -0.018386 0.029459
v -0.011970 -0.017347 0.029524
v -0.013815 -0.018346 0.027231
v -0.013345 -0.016929 0.028108
v -0.010380 -0.018015 0.030725
v -0.009602 -0.018419 0.031588
v -0.009434 -0.029032 0.030051
v -0.008618 -0.028467 0.028783
v -0.009314 -0.030280 0.030087
v -0.008484 -0.029520 0.029167
v -0.006994 -0.029377 0.028470
v -0.007698 -0.025176 0.027046
v -0.009707 -0.030653 0.030842
v -0.008582 -0.031199 0.029390
v -0.009380 -0.032090 0.030493
v -0.009576 -0.030886 0.032215
v -0.009139 -0.032288 0.031828
v -0.008595 -0.031125 0.033220
v -0.007482 -0.032011 0.029094
v -0.008197 -0.032186 0.032585
v -0.008417 -0.033431 0.030364
v -0.006868 -0.032260 0.033103
v -0.007973 -0.033511 0.031206
v -0.007725 -0.033751 0.029994
v -0.006368 -0.033232 0.029505
v -0.005174 -0.031865 0.028805
v -0.005172 -0.033328 0.029647
v -0.005175 -0.029303 0.028282
v -0.005179 -0.025472 0.026961
v -0.005179 -0.023572 0.025882
v -0.008568 -0.023076 0.026007
v -0.005181 -0.022320 0.024291
v -0.009691 -0.021763 0.024766
v -0.005184 -0.021652 0.022706
v -0.011560 -0.020820 0.025291
v -0.010446 -0.020923 0.023148
v -0.013528 -0.019540 0.025759
v -0.012562 -0.019664 0.023018
v -0.009805 -0.020289 0.020789
v -0.005184 -0.021133 0.020555
v -0.015546 -0.018954 0.024900
v -0.015469 -0.016940 0.026283
v -0.015927 -0.018624 0.021201
v -0.011418 -0.020223 0.020905
v -0.013074 -0.019343 0.021050
v -0.016272 -0.017911 0.017804
v -0.009462 -0.019584 0.016862
v -0.005184 -0.019875 0.016911
v -0.005012 -0.018143 0.012588
v -0.011822 -0.019422 0.017206
v -0.013783 -0.018901 0.017385
v -0.016654 -0.017303 0.014479
v -0.009510 -0.018076 0.012735
v -0.012233 -0.017201 0.013220
v -0.009317 -0.017553 0.009123
v -0.004744 -0.017419 0.008827
v -0.012958 -0.016069 0.009428
v -0.014208 -0.017587 0.013383
v -0.014858 -0.015762 0.010292
v -0.016719 -0.014470 0.012175
v -0.002765 -0.016595 0.035477
v -0.002548 -0.016935 0.035469
v -0.002765 -0.016595 0.035477
v -0.003023 -0.017027 0.035276
v -0.003023 -0.017027 0.035276
v -0.003627 -0.016929 0.036174
v -0.003627 -0.016929 0.036174
v -0.004430 -0.017168 0.036402
v -0.004291 -0.017536 0.035902
v -0.003768 -0.017378 0.035764
v -0.003768 -0.017378 0.035764
v -0.003613 -0.016666 0.035959
v -0.003889 -0.017202 0.035439
v -0.004087 -0.017563 0.035469
v -0.005122 -0.016380 0.037451
v -0.005119 -0.015585 0.038320
v -0.006662 -0.016232 0.037285
v -0.005115 -0.014554 0.039255
v -0.006749 -0.015288 0.038165
v -0.003653 -0.014211 0.039057
v -0.002175 -0.012500 0.039829
v -0.003808 -0.013047 0.040287
v -0.002524 -0.010274 0.041435
v -0.005126 -0.017252 0.036222
v -0.005126 -0.017252 0.036222
v -0.005126 -0.017252 0.036222
v -0.004825 -0.017242 0.035495
v -0.004364 -0.016817 0.036075
v -0.005820 -0.017168 0.036407
v -0.005431 -0.017242 0.035497
v -0.005888 -0.016816 0.036080
v -0.006625 -0.016929 0.036183
v -0.006625 -0.016929 0.036183
v -0.005962 -0.017536 0.035908
v -0.006486 -0.017377 0.035773
v -0.006486 -0.017377 0.035773
v -0.006640 -0.016665 0.035969
v -0.006367 -0.017202 0.035447
v -0.006169 -0.017563 0.035476
v -0.007621 -0.016780 0.035912
v -0.007621 -0.016780 0.035912
v -0.007621 -0.016780 0.035912
v -0.007234 -0.017026 0.035290
v -0.008284 -0.015819 0.036532
v -0.008382 -0.014790 0.037698
v -0.008340 -0.013688 0.038700
v -0.006578 -0.014211 0.039066
v -0.006416 -0.013047 0.040296
v -0.008051 -0.012499 0.039848
v -0.005111 -0.013357 0.040525
v -0.004071 -0.010965 0.042345
v -0.007691 -0.010273 0.041451
v -0.006139 -0.010965 0.042352
v -0.009571 -0.011489 0.039207
v -0.005104 -0.011244 0.042591
v -0.005097 -0.009179 0.044602
v -0.004300 -0.008957 0.044453
v -0.005895 -0.008956 0.044458
v -0.002603 -0.007555 0.044150
v -0.004265 -0.006162 0.047513
v -0.000673 -0.007885 0.040972
v 0.000160 -0.010329 0.038777
v 0.001227 -0.008541 0.038627
v 0.000734 -0.004980 0.040158
v -0.000898 -0.004925 0.043960
v -0.002752 -0.005184 0.046288
v -0.007593 -0.007555 0.044167
v -0.005909 -0.006161 0.047519
v -0.005086 -0.006336 0.047872
v -0.004283 -0.004306 0.049355
v -0.009544 -0.007884 0.041001
v -0.001301 0.000820 0.048128
v 0.000704 -0.000578 0.042934
v -0.002876 -0.000976 0.049848
v -0.007430 -0.005183 0.046303
v -0.005879 -0.004305 0.049360
v -0.009299 -0.004923 0.043987
v -0.010956 -0.004978 0.040196
v -0.005080 -0.004425 0.049516
v -0.005075 -0.002042 0.051178
v -0.004364 -0.001855 0.051004
v -0.005057 0.006342 0.056094
v -0.005787 -0.001855 0.051009
v -0.007281 -0.000975 0.049863
v -0.008867 0.000822 0.048153
v -0.003145 0.006820 0.054838
v -0.006978 0.006820 0.054850
v -0.004537 0.006354 0.056008
v -0.010906 -0.000576 0.042971
v -0.005578 0.006355 0.056011
v -0.001357 0.008820 0.052016
v -0.000164 0.002909 0.046105
v -0.003378 0.014866 0.060075
v -0.004470 0.014431 0.061261
v -0.002180 0.015902 0.057256
v -0.005609 0.014431 0.061264
v -0.006708 0.014866 0.060086
v -0.005039 0.014402 0.061378
v -0.005034 0.015912 0.062814
v -0.003048 0.016259 0.061853
v -0.001929 0.016965 0.057853
v -0.003729 0.016071 0.062731
v -0.001497 0.016807 0.054566
v -0.001461 0.017481 0.055045
v -0.002218 0.017679 0.057966
v -0.000539 0.010754 0.049367
v -0.002020 0.018213 0.054220
v -0.001897 0.017496 0.053316
v -0.005033 0.016734 0.062928
v -0.003750 0.016750 0.062852
v -0.003109 0.016976 0.061986
v -0.005037 0.017517 0.061732
v -0.005048 0.018295 0.058198
v -0.005061 0.018778 0.054374
v -0.003433 0.018529 0.052913
v -0.005069 0.018796 0.051660
v -0.003154 0.018012 0.052265
v -0.005072 0.018282 0.050878
v -0.001826 0.012965 0.046996
v -0.005088 0.014141 0.046088
v -0.005108 0.009784 0.040337
v -0.000771 0.011962 0.047622
v -0.000448 0.008250 0.041827
v 0.000502 0.004823 0.044217
v -0.002138 0.007505 0.037072
v -0.005122 0.007690 0.036181
v -0.005132 0.007395 0.032913
v 0.000685 0.006698 0.042491
v 0.001402 0.002335 0.041684
v 0.000653 0.006415 0.039196
v 0.001462 0.004747 0.040401
v 0.001058 0.005650 0.037685
v -0.000119 0.006397 0.034373
v 0.001821 0.003887 0.039303
v 0.002115 0.000672 0.039709
v 0.002326 0.003220 0.039036
v -0.000359 0.007025 0.030326
v -0.005143 0.007358 0.029700
v 0.001431 0.005390 0.036991
v 0.001576 -0.001845 0.039723
v 0.001817 0.006526 0.034273
v -0.000016 0.006295 0.026904
v -0.005155 0.006981 0.025914
v 0.002960 0.006570 0.030658
v -0.000835 0.006419 0.022028
v -0.005096 0.007407 0.021650
v 0.002891 0.004377 0.025239
v 0.002091 0.004397 0.021448
v 0.004744 0.004441 0.027900
v 0.004668 0.002489 0.024726
v 0.003957 0.002243 0.021199
v 0.005039 0.000225 0.021684
v 0.006018 -0.000107 0.025726
v 0.006067 -0.001238 0.022338
v 0.006647 -0.001375 0.025124
v 0.006167 -0.002526 0.028634
v 0.005468 0.002515 0.026740
v 0.005788 0.004289 0.030312
v 0.006179 0.003219 0.029836
v 0.004870 0.005773 0.032495
v 0.006504 -0.000416 0.029976
v 0.006547 0.000806 0.029791
v 0.006439 0.001945 0.029745
v 0.006812 0.001954 0.031098
v 0.006701 0.002968 0.031377
v 0.006811 0.000651 0.031017
v 0.006050 -0.001941 0.030211
v 0.005570 -0.004127 0.030221
v 0.006671 0.001799 0.031699
v 0.006592 -0.000753 0.031125
v 0.005464 -0.003765 0.030974
v 0.004988 -0.005155 0.032432
v 0.005210 -0.004066 0.033249
v 0.005798 -0.002982 0.031973
v 0.004577 -0.006504 0.033571
v 0.006246 -0.001969 0.031489
v 0.005840 -0.002693 0.032266
v 0.006212 -0.001670 0.031870
v 0.006472 -0.000551 0.031688
v 0.004336 -0.005762 0.034473
v 0.004129 -0.007862 0.034102
v 0.006660 0.000628 0.031561
v 0.003613 -0.007033 0.035319
v 0.003740 -0.009129 0.034441
v 0.003431 -0.008446 0.035022
v 0.002921 -0.009778 0.035103
v 0.001872 -0.010043 0.035614
v 0.002536 -0.009441 0.035311
v 0.001078 -0.010082 0.036211
v 0.001996 -0.009399 0.036371
v 0.002936 -0.008330 0.035210
v 0.002987 -0.007288 0.035556
v 0.002612 -0.008839 0.035980
v 0.002871 -0.007909 0.036048
v 0.002118 -0.008499 0.036807
v 0.001457 -0.009250 0.036860
v 0.000611 -0.009483 0.036799
v 0.002446 -0.007237 0.036472
v 0.002584 -0.006483 0.036044
v 0.000761 -0.008322 0.037584
v 0.000662 -0.008339 0.037172
v 0.000662 -0.008339 0.037172
v 0.001367 -0.008443 0.037138
v 0.001707 -0.007644 0.037043
v 0.001099 -0.007237 0.037083
v 0.001871 -0.006424 0.036460
v 0.001548 -0.006611 0.037731
v 0.002321 -0.005872 0.037224
v 0.001999 -0.006391 0.038559
v 0.002137 -0.005175 0.037830
v 0.002210 -0.004820 0.038505
v 0.002481 -0.003056 0.038510
v 0.002610 -0.003294 0.037611
v 0.003266 -0.005911 0.036225
v 0.003110 -0.004343 0.036344
v 0.004283 -0.004511 0.034728
v 0.002380 -0.001353 0.039005
v 0.002957 0.000602 0.039214
v 0.003181 -0.001356 0.038521
v 0.003323 -0.001402 0.038051
v 0.002804 -0.002555 0.036620
v 0.003356 -0.003757 0.035647
v 0.004761 -0.003656 0.033526
v 0.004090 -0.004011 0.034724
v 0.004153 -0.003014 0.035688
v 0.005398 -0.002468 0.032551
v 0.005617 -0.001570 0.032282
v 0.005517 -0.002422 0.032904
v 0.005009 -0.003471 0.033839
v 0.005711 -0.000575 0.032204
v 0.004911 -0.003107 0.034588
v 0.005596 -0.002154 0.033813
v 0.005815 -0.001504 0.032640
v 0.005792 0.000391 0.032093
v 0.005994 -0.000622 0.033640
v 0.005987 -0.000481 0.032612
v 0.005884 0.000974 0.033845
v 0.006045 0.000314 0.032575
v 0.005726 0.001337 0.032143
v 0.005956 0.001085 0.032681
v 0.005822 0.001649 0.032836
v 0.005613 0.002002 0.032273
v 0.005593 0.002112 0.033129
v 0.006599 0.002661 0.031938
v 0.005357 0.002561 0.032548
v 0.006380 0.003416 0.032378
v 0.005181 0.002543 0.033737
v 0.006453 0.003848 0.031924
v 0.006160 0.004474 0.032643
v 0.006026 0.004004 0.032963
v 0.005908 0.004918 0.033654
v 0.004599 0.003251 0.033290
v 0.004076 0.006030 0.034866
v 0.003924 0.005596 0.036311
v 0.005744 0.004387 0.033770
v 0.005604 0.005054 0.034918
v 0.005563 0.004496 0.034819
v 0.003657 0.004686 0.037541
v 0.005479 0.004490 0.036340
v 0.003635 0.002812 0.038825
v 0.004204 0.000726 0.038895
v 0.004939 0.002527 0.038475
v 0.004375 0.000518 0.038254
v 0.005273 0.003725 0.037569
v 0.005039 0.002087 0.037820
v 0.003950 0.000660 0.037466
v 0.005354 0.003323 0.036981
v 0.003204 -0.001149 0.037289
v 0.003932 -0.002220 0.036403
v 0.004177 -0.001080 0.036877
v 0.004828 -0.002135 0.035799
v 0.003998 0.001661 0.036791
v 0.005416 0.003981 0.036069
v 0.005382 -0.002162 0.034846
v 0.003798 0.002794 0.035823
v 0.003925 0.003375 0.034636
v 0.004679 0.002809 0.034888
v 0.005206 -0.001041 0.036048
v 0.005807 -0.000876 0.034909
v 0.004285 0.002354 0.035936
v 0.005509 0.001707 0.034889
v 0.005852 0.000519 0.034983
v 0.005383 0.000324 0.036118
v 0.005145 0.001307 0.036071
v 0.004407 0.000599 0.036961
v -0.003613 -0.016666 0.035959
v -0.003023 -0.017027 0.035276
v -0.004087 -0.017563 0.035469
v -0.004291 -0.017536 0.035902
v -0.004257 -0.017185 0.035499
v -0.004257 -0.017185 0.035499
v -0.004291 -0.017536 0.035902
v -0.004087 -0.017563 0.035469
v -0.004291 -0.017536 0.035902
v -0.004364 -0.016817 0.036075
v -0.004430 -0.017168 0.036402
v -0.004825 -0.017242 0.035495
v -0.005126 -0.016940 0.036055
v -0.005431 -0.017242 0.035497
v -0.005126 -0.016940 0.036055
v -0.007878 -0.017435 0.032462
v -0.007740 -0.017242 0.032797
v -0.008072 -0.017386 0.032889
v -0.008018 -0.016206 0.035454
v -0.008196 -0.016395 0.035688
v -0.008196 -0.016395 0.035688
v -0.007708 -0.016934 0.035486
v -0.008268 -0.016454 0.035005
v -0.009024 -0.016098 0.035622
v -0.008018 -0.016206 0.035454
v -0.008680 -0.016375 0.034396
v -0.009175 -0.016014 0.034677
v -0.009521 -0.015687 0.035274
v -0.009382 -0.015587 0.035015
v -0.007708 -0.016934 0.035486
v -0.009138 -0.015442 0.036282
v -0.009467 -0.015347 0.035741
v -0.009727 -0.013987 0.037158
v -0.009891 -0.015161 0.036014
v -0.010890 -0.014508 0.035374
v -0.009765 -0.012729 0.037912
v -0.010575 -0.010063 0.037522
v -0.009993 -0.015012 0.035405
v -0.009882 -0.015442 0.035024
v -0.010889 -0.012996 0.036542
v -0.011238 -0.010935 0.036493
v -0.010392 -0.010327 0.038811
v -0.011459 -0.008539 0.038668
v -0.009689 -0.015722 0.034951
v -0.009382 -0.015587 0.035015
v -0.009477 -0.015589 0.034868
v -0.009645 -0.015405 0.034824
v -0.009645 -0.015405 0.034824
v -0.011840 -0.012799 0.035857
v -0.011327 -0.010080 0.036251
v -0.011001 -0.008320 0.037622
v -0.010856 -0.009481 0.036837
v -0.010904 -0.008337 0.037210
v -0.011701 -0.009247 0.036902
v -0.010904 -0.008337 0.037210
v -0.011610 -0.008441 0.037180
v -0.012124 -0.010041 0.035659
v -0.012243 -0.009396 0.036417
v -0.012348 -0.011096 0.035582
v -0.012362 -0.008496 0.036854
v -0.011786 -0.006609 0.037774
v -0.012232 -0.006389 0.038605
v -0.011341 -0.007235 0.037124
v -0.010904 -0.008337 0.037210
v -0.011949 -0.007641 0.037087
v -0.012116 -0.006421 0.036506
v -0.012692 -0.007235 0.036522
v -0.012790 -0.009439 0.035360
v -0.012862 -0.008837 0.036030
v -0.013120 -0.007906 0.036100
v -0.013190 -0.008327 0.035262
v -0.013177 -0.009775 0.035155
v -0.013239 -0.007285 0.035608
v -0.013687 -0.008443 0.035078
v -0.012833 -0.006480 0.036094
v -0.013867 -0.007030 0.035375
v -0.012562 -0.005869 0.037272
v -0.013514 -0.005908 0.036280
v -0.012374 -0.005173 0.037877
v -0.012442 -0.004817 0.038552
v -0.012847 -0.003291 0.037661
v -0.012713 -0.003053 0.038559
v -0.013356 -0.004341 0.036398
v -0.011799 -0.001843 0.039766
v -0.014509 -0.005762 0.034428
v -0.014513 -0.004509 0.034757
v -0.015462 -0.004063 0.033299
v -0.013048 -0.002552 0.036671
v -0.013556 -0.001399 0.038105
v -0.013606 -0.003754 0.035702
v -0.012608 -0.001351 0.039054
v -0.012338 0.000674 0.039756
v -0.013411 -0.001354 0.038575
v -0.013182 0.000604 0.039266
v -0.014346 -0.004008 0.034783
v -0.015022 -0.003652 0.033586
v -0.014403 -0.003011 0.035748
v -0.011611 0.002337 0.041726
v -0.010016 0.002911 0.046137
v -0.008783 0.008822 0.052040
v -0.007924 0.015903 0.057274
v -0.009617 0.010755 0.049396
v -0.010694 0.004825 0.044253
v -0.008624 0.016808 0.054590
v -0.012045 0.003889 0.039348
v -0.011678 0.004749 0.040443
v -0.012552 0.003222 0.039084
v -0.011292 0.005653 0.037725
v -0.008171 0.016966 0.057873
v -0.008656 0.017482 0.055068
v -0.007026 0.016260 0.061866
v -0.007881 0.017680 0.057985
v -0.008102 0.018214 0.054239
v -0.006339 0.016071 0.062739
v -0.006317 0.016751 0.062860
v -0.005037 0.017517 0.061732
v -0.006964 0.016977 0.061998
v -0.005048 0.018295 0.058198
v -0.005061 0.018778 0.054374
v -0.008232 0.017497 0.053337
v -0.006698 0.018530 0.052924
v -0.005069 0.018796 0.051660
v -0.006981 0.018013 0.052277
v -0.005072 0.018282 0.050878
v -0.008345 0.012966 0.047017
v -0.005088 0.014141 0.046088
v -0.005108 0.009784 0.040337
v -0.009396 0.011964 0.047650
v -0.009758 0.008251 0.041857
v -0.010888 0.006700 0.042529
v -0.010877 0.006416 0.039233
v -0.008099 0.007506 0.037091
v -0.005122 0.007690 0.036181
v -0.005132 0.007395 0.032913
v -0.010137 0.006398 0.034405
v -0.011669 0.005392 0.037033
v -0.009922 0.007027 0.030357
v -0.005143 0.007358 0.029700
v -0.012073 0.006529 0.034318
v -0.010287 0.006297 0.026937
v -0.005155 0.006981 0.025914
v -0.013239 0.006572 0.030710
v -0.009500 0.006421 0.022056
v -0.005096 0.007407 0.021650
v -0.013206 0.004380 0.025291
v -0.012431 0.004400 0.021495
v -0.015042 0.004444 0.027964
v -0.014987 0.002493 0.024790
v -0.014299 0.002246 0.021259
v -0.015378 0.000228 0.021750
v -0.016332 -0.000103 0.025798
v -0.016403 -0.001234 0.022410
v -0.016976 -0.001369 0.025195
v -0.016468 -0.002520 0.028702
v -0.015774 0.002518 0.026809
v -0.016070 0.004293 0.030383
v -0.016464 0.003222 0.029910
v -0.015137 0.005776 0.032559
v -0.016790 -0.000412 0.030052
v -0.016834 0.000810 0.029867
v -0.016725 0.001949 0.029820
v -0.017090 0.001958 0.031176
v -0.016976 0.002973 0.031454
v -0.017090 0.000655 0.031095
v -0.016331 -0.001937 0.030274
v -0.015841 -0.004121 0.030252
v -0.016944 0.001803 0.031775
v -0.016871 -0.000749 0.031201
v -0.015714 -0.003761 0.030993
v -0.015622 -0.005629 0.031393
v -0.016724 0.003852 0.031999
v -0.016427 0.004478 0.032717
v -0.016649 0.003420 0.032453
v -0.016871 0.002665 0.032014
v -0.016168 0.004922 0.033726
v -0.016291 0.004008 0.033036
v -0.015625 0.002564 0.032616
v -0.015883 0.002006 0.032343
v -0.014328 0.006033 0.034926
v -0.014167 0.005599 0.036370
v -0.015856 0.005058 0.034988
v -0.013892 0.004689 0.037598
v -0.015722 0.004494 0.036409
v -0.015815 0.004500 0.034888
v -0.013862 0.002815 0.038882
v -0.014432 0.000730 0.038956
v -0.015169 0.002531 0.038540
v -0.014607 0.000522 0.038315
v -0.015508 0.003728 0.037636
v -0.015273 0.002090 0.037886
v -0.014187 0.000663 0.037525
v -0.015593 0.003326 0.037049
v -0.015661 0.003984 0.036137
v -0.014239 0.001664 0.036850
v -0.014045 0.002797 0.035880
v -0.013443 -0.001146 0.037343
v -0.014177 -0.002217 0.036461
v -0.014418 -0.001076 0.036937
v -0.015077 -0.002132 0.035863
v -0.014180 0.003379 0.034694
v -0.014648 0.000603 0.037023
v -0.015168 -0.003103 0.034653
v -0.015271 -0.003468 0.033905
v -0.014863 0.003255 0.033353
v -0.014932 0.002812 0.034952
v -0.014531 0.002358 0.035997
v -0.015391 0.001310 0.036138
v -0.015762 0.001711 0.034958
v -0.015629 0.000327 0.036186
v -0.016003 0.004390 0.033840
v -0.015442 0.002547 0.033803
v -0.016144 0.000978 0.033916
v -0.015857 0.002116 0.033198
v -0.016105 0.000523 0.035054
v -0.016088 0.001653 0.032907
v -0.015998 0.001341 0.032213
v -0.016223 0.001089 0.032753
v -0.016936 0.000632 0.031638
v -0.016064 0.000395 0.032164
v -0.016747 -0.000547 0.031764
v -0.016314 0.000318 0.032647
v -0.016255 -0.000477 0.032685
v -0.016257 -0.000619 0.033712
v -0.015983 -0.000571 0.032275
v -0.016486 -0.001666 0.031943
v -0.016084 -0.001500 0.032711
v -0.015889 -0.001566 0.032352
v -0.016491 -0.001967 0.031528
v -0.016097 -0.002690 0.032321
v -0.015998 -0.002981 0.031958
v -0.015785 -0.002419 0.032973
v -0.015668 -0.002464 0.032619
v -0.015228 -0.005154 0.032449
v -0.015857 -0.002151 0.033882
v -0.015240 -0.006777 0.033160
v -0.016121 -0.007670 0.032059
v -0.014744 -0.006504 0.033505
v -0.016061 -0.000872 0.034980
v -0.015637 -0.002158 0.034914
v -0.015453 -0.001038 0.036115
v -0.014947 -0.008204 0.033845
v -0.014341 -0.007863 0.034082
v -0.015771 -0.009529 0.032865
v -0.016649 -0.008990 0.030278
v -0.014007 -0.009123 0.034492
v -0.014428 -0.009294 0.034332
v -0.013657 -0.010283 0.034801
v -0.013700 -0.011794 0.034194
v -0.012653 -0.012535 0.035185
v -0.014957 -0.010782 0.033446
v -0.016399 -0.009995 0.031191
v -0.015144 -0.011473 0.031529
v -0.016421 -0.010083 0.029686
v -0.017244 -0.009049 0.027671
v -0.015389 -0.011265 0.030824
v -0.012483 -0.013272 0.034590
v -0.012924 -0.012846 0.034061
v -0.011405 -0.013994 0.034776
v -0.012332 -0.013271 0.034247
v -0.011006 -0.013954 0.034380
v -0.012719 -0.012792 0.033491
v -0.010569 -0.015350 0.034545
v -0.010806 -0.014956 0.033786
v -0.010192 -0.015922 0.033601
v -0.009796 -0.015738 0.034411
v -0.009645 -0.015405 0.034824
v -0.011928 -0.014459 0.033523
v -0.010881 -0.014339 0.034052
v -0.011059 -0.014860 0.033529
v -0.011349 -0.015029 0.032531
v -0.011986 -0.014058 0.032641
v -0.012490 -0.013096 0.033231
v -0.013228 -0.012776 0.033058
v -0.013449 -0.012746 0.033398
v -0.013881 -0.012574 0.032924
v -0.012968 -0.013350 0.032627
v -0.012201 -0.013354 0.032699
v -0.012492 -0.013813 0.031778
v -0.013239 -0.012740 0.032280
v -0.013511 -0.012608 0.032535
v -0.014365 -0.012292 0.032631
v -0.013771 -0.012810 0.031970
v -0.013124 -0.013109 0.031411
v -0.013661 -0.012564 0.031515
v -0.014092 -0.012141 0.031651
v -0.014119 -0.012418 0.032343
v -0.014691 -0.011933 0.032211
v -0.014565 -0.011867 0.031881
v -0.013888 -0.012371 0.030948
v -0.014769 -0.011714 0.031518
v -0.014437 -0.011445 0.030922
v -0.014667 -0.011226 0.030435
v -0.015420 -0.010682 0.029895
v -0.014729 -0.010954 0.029805
v -0.015457 -0.011273 0.029264
v -0.014550 -0.011256 0.029005
v -0.016708 -0.010917 0.028658
v -0.014917 -0.012012 0.028122
v -0.014367 -0.011634 0.028375
v -0.014030 -0.011979 0.027983
v -0.017529 -0.010111 0.027116
v -0.018371 -0.007987 0.024144
v -0.015866 -0.012036 0.027111
v -0.014281 -0.013034 0.028014
v -0.012806 -0.011985 0.028270
v -0.015254 -0.013287 0.026845
v -0.013288 -0.013354 0.027796
v -0.013056 -0.013220 0.027605
v -0.016427 -0.011864 0.024888
v -0.015216 -0.014176 0.025717
v -0.018053 -0.010273 0.022954
v -0.014082 -0.015141 0.027015
v -0.018094 -0.009301 0.023733
v -0.018101 -0.008298 0.020484
v -0.019533 -0.009788 0.019758
v -0.019198 -0.007696 0.020892
v -0.013750 -0.014467 0.028108
v -0.012786 -0.016105 0.028641
v -0.012803 -0.013868 0.028615
v -0.012681 -0.014955 0.028207
v -0.012028 -0.015228 0.029317
v -0.012279 -0.014496 0.028575
v -0.012275 -0.014598 0.028694
v -0.011837 -0.014413 0.029094
v -0.011094 -0.014488 0.029543
v -0.011859 -0.013098 0.028852
v -0.011283 -0.015428 0.029615
v -0.012936 -0.013136 0.028341
v -0.012729 -0.013092 0.028025
v -0.013056 -0.013220 0.027605
v -0.012034 -0.016432 0.028904
v -0.011680 -0.015762 0.029445
v -0.011582 -0.016452 0.030285
v -0.010639 -0.017538 0.030225
v -0.011222 -0.015782 0.030781
v -0.010894 -0.015041 0.030307
v -0.010302 -0.014990 0.031001
v -0.010379 -0.016141 0.030978
v -0.010569 -0.016984 0.030592
v -0.010139 -0.017217 0.031316
v -0.009837 -0.015976 0.031018
v -0.009798 -0.016321 0.031733
v -0.009236 -0.015509 0.031614
v -0.009173 -0.016760 0.031898
v -0.009173 -0.016760 0.031898
v -0.009538 -0.017520 0.031709
v -0.009270 -0.017756 0.031882
v -0.009041 -0.016994 0.032128
v -0.008933 -0.017846 0.032596
v -0.008791 -0.017204 0.032808
v -0.008793 -0.016626 0.032327
v -0.008820 -0.017001 0.031795
v -0.008447 -0.016475 0.032225
v -0.008401 -0.016325 0.032629
v -0.008401 -0.016325 0.032629
v -0.008184 -0.016810 0.032863
v -0.008072 -0.017386 0.032889
v -0.008266 -0.018100 0.032782
v -0.007699 -0.018130 0.033085
v -0.007878 -0.017435 0.032462
v -0.008147 -0.016605 0.032417
v -0.008401 -0.016325 0.032629
v -0.007506 -0.017648 0.032973
v -0.007740 -0.017242 0.032797
v -0.007533 -0.017585 0.032501
v -0.007374 -0.018071 0.033110
v -0.007054 -0.017709 0.032900
v -0.007185 -0.017595 0.032423
v -0.007254 -0.018032 0.033377
v -0.007079 -0.017734 0.033207
v -0.006762 -0.017731 0.033253
v -0.006596 -0.017876 0.032836
v -0.006596 -0.017876 0.032836
v -0.007491 -0.016594 0.035492
v -0.007708 -0.016934 0.035486
v -0.007491 -0.016594 0.035492
v -0.007234 -0.017026 0.035290
v -0.006640 -0.016665 0.035969
v -0.007234 -0.017026 0.035290
v -0.005962 -0.017536 0.035908
v -0.006169 -0.017563 0.035476
v -0.005999 -0.017184 0.035505
v -0.005999 -0.017184 0.035505
v -0.006169 -0.017563 0.035476
v -0.005962 -0.017536 0.035908
v -0.005962 -0.017536 0.035908
v -0.005888 -0.016816 0.036080
v -0.005820 -0.017168 0.036407
v 0.001928 -0.013357 0.032653
v 0.001996 -0.013044 0.032987
v 0.002220 -0.013098 0.033182
v -0.012201 -0.013354 0.032699
v -0.012490 -0.013096 0.033231
v -0.012267 -0.013042 0.033033
v 0.002675 -0.027582 -0.188031
v 0.007393 -0.026919 -0.194335
v 0.002789 -0.027464 -0.194448
v 0.007516 -0.026995 -0.187164
v 0.002510 -0.027653 -0.179649
v 0.011468 -0.024918 -0.193747
v 0.007550 -0.026946 -0.179322
v 0.002353 -0.027575 -0.171686
v 0.011640 -0.024864 -0.186647
v 0.015944 -0.021469 -0.193234
v 0.016096 -0.021390 -0.186267
v 0.017472 -0.015989 -0.192607
v 0.011696 -0.024726 -0.179061
v 0.007378 -0.026791 -0.171591
v 0.007126 -0.026200 -0.164015
v 0.002200 -0.026924 -0.163757
v 0.006828 -0.025209 -0.157007
v 0.002070 -0.025833 -0.157097
v 0.001942 -0.024527 -0.150427
v 0.006599 -0.024021 -0.150292
v 0.001807 -0.023430 -0.144179
v 0.011079 -0.023268 -0.157143
v 0.011301 -0.024097 -0.164214
v 0.006434 -0.022935 -0.143785
v 0.001673 -0.022536 -0.138157
v 0.011534 -0.024618 -0.171580
v 0.015776 -0.020661 -0.164321
v 0.011096 -0.022298 -0.150282
v 0.006352 -0.021978 -0.137202
v 0.001500 -0.021577 -0.131177
v 0.015929 -0.021003 -0.171608
v 0.015589 -0.019959 -0.157243
v 0.011075 -0.021320 -0.143511
v 0.006278 -0.020904 -0.130227
v 0.001293 -0.020611 -0.123294
v 0.016110 -0.021076 -0.178899
v 0.017886 -0.015337 -0.164604
v 0.015401 -0.019035 -0.150334
v 0.011057 -0.020269 -0.136636
v 0.006179 -0.019715 -0.122978
v 0.001126 -0.019888 -0.117400
v 0.017886 -0.015580 -0.171732
v 0.017752 -0.015906 -0.185892
v 0.015276 -0.018028 -0.143444
v 0.010892 -0.018850 -0.129544
v 0.006151 -0.018874 -0.116953
v 0.000957 -0.019121 -0.111510
v 0.017885 -0.015556 -0.178801
v 0.017587 -0.010397 -0.185551
v 0.017237 -0.010490 -0.191917
v 0.017831 -0.009999 -0.178739
v 0.017921 -0.010009 -0.171882
v 0.016812 -0.005245 -0.185179
v 0.016413 -0.005417 -0.191279
v 0.017084 -0.004747 -0.178735
v 0.014882 -0.000732 -0.185023
v 0.014594 -0.001222 -0.190947
v 0.018015 -0.009777 -0.164917
v 0.017131 -0.004718 -0.172044
v 0.015056 -0.000099 -0.178805
v 0.011793 0.002888 -0.185088
v 0.011628 0.002310 -0.190872
v 0.017799 -0.014794 -0.157572
v 0.017184 -0.004476 -0.165199
v 0.015072 -0.000002 -0.172217
v 0.011875 0.003631 -0.178933
v 0.007786 0.005218 -0.185426
v 0.007879 0.004506 -0.191134
v 0.017712 -0.014033 -0.150628
v 0.003136 0.006308 -0.185515
v 0.003230 0.005628 -0.191757
v 0.003041 0.007212 -0.179508
v 0.007751 0.006059 -0.179167
v 0.002924 0.007563 -0.172749
v 0.007712 0.006357 -0.172588
v 0.002803 0.007944 -0.166015
v 0.011883 0.003832 -0.172404
v 0.007621 0.006693 -0.165839
v 0.011833 0.004128 -0.165665
v 0.007461 0.007070 -0.158903
v 0.002662 0.008467 -0.158882
v 0.015037 0.000240 -0.165448
v 0.011646 0.004443 -0.158781
v 0.007287 0.007552 -0.151911
v 0.002516 0.009001 -0.151711
v 0.014948 0.000635 -0.158565
v 0.017220 -0.004020 -0.158286
v 0.011382 0.004827 -0.151824
v 0.007130 0.008188 -0.144979
v 0.002368 0.009607 -0.144999
v 0.002226 0.010359 -0.138620
v 0.014802 0.001165 -0.151614
v 0.011206 0.005473 -0.144805
v 0.007011 0.009050 -0.137926
v 0.002028 0.011501 -0.130536
v 0.018087 -0.009297 -0.157948
v 0.017237 -0.003374 -0.151333
v 0.018150 -0.008608 -0.150994
v 0.017675 -0.013132 -0.143661
v 0.018209 -0.007752 -0.143986
v 0.017278 -0.002554 -0.144307
v 0.015240 -0.016939 -0.136420
v 0.017670 -0.012071 -0.136559
v 0.014890 -0.015423 -0.129224
v 0.018288 -0.006723 -0.136834
v 0.014629 0.001836 -0.144575
v 0.017274 -0.001575 -0.137112
v 0.017490 -0.010753 -0.129241
v 0.010585 -0.017180 -0.122200
v 0.014450 0.002670 -0.137346
v 0.018264 -0.005509 -0.129430
v 0.014376 -0.013620 -0.121752
v 0.010439 -0.016004 -0.116303
v 0.017152 -0.009169 -0.121617
v 0.017153 -0.000457 -0.129644
v 0.011062 0.006312 -0.137593
v 0.014315 0.003704 -0.129795
v 0.018241 -0.004097 -0.121711
v 0.013937 -0.012220 -0.115873
v 0.010921 0.007313 -0.129925
v 0.017186 0.000873 -0.121856
v 0.016783 -0.007889 -0.115625
v 0.006918 0.010209 -0.130120
v 0.001803 0.013107 -0.121693
v 0.014318 0.004947 -0.121866
v 0.018177 -0.002965 -0.115598
v 0.011027 0.008629 -0.121661
v 0.006958 0.011939 -0.120768
v 0.001649 0.014425 -0.115854
v 0.017261 0.001982 -0.115683
v 0.014567 0.006093 -0.115694
v 0.011454 0.009857 -0.115352
v 0.006124 0.013557 -0.114973
v 0.001493 0.015848 -0.110040
v 0.007571 0.013020 -0.114859
v 0.005538 0.015038 -0.109447
v 0.001304 0.017487 -0.102997
v 0.018017 -0.001835 -0.109485
v 0.017277 0.003105 -0.109513
v 0.014841 0.007311 -0.109535
v 0.011973 0.011316 -0.109095
v 0.008113 0.014215 -0.109284
v 0.008531 0.015755 -0.102986
v 0.005426 0.016619 -0.102874
v 0.005387 0.018209 -0.096295
v 0.001110 0.019160 -0.095959
v 0.016354 -0.006628 -0.109632
v 0.008743 0.017347 -0.096681
v 0.005419 0.019977 -0.089393
v 0.000910 0.020991 -0.088914
v 0.013690 -0.010993 -0.109955
v 0.008850 0.019053 -0.089853
v 0.005477 0.021478 -0.083030
v 0.000714 0.022531 -0.082461
v 0.010487 -0.015042 -0.110369
v 0.008977 0.020441 -0.083472
v 0.005533 0.022703 -0.076608
v 0.000501 0.023799 -0.075952
v 0.006199 -0.018105 -0.110916
v 0.000779 -0.018240 -0.105301
v 0.006330 -0.017321 -0.104733
v 0.000592 -0.017421 -0.099082
v 0.010800 -0.014309 -0.104217
v 0.006421 -0.016592 -0.098539
v 0.000393 -0.016784 -0.092812
v 0.013833 -0.010052 -0.103784
v 0.006421 -0.015986 -0.092274
v 0.000194 -0.016403 -0.087020
v 0.011139 -0.013671 -0.098050
v 0.015893 -0.005407 -0.103411
v 0.006355 -0.015600 -0.086517
v -0.000012 -0.016315 -0.081217
v 0.011418 -0.013094 -0.091770
v 0.014123 -0.009266 -0.097587
v 0.017709 -0.000688 -0.103134
v 0.006263 -0.015487 -0.080749
v -0.000217 -0.016540 -0.075926
v 0.011554 -0.012700 -0.086001
v 0.014462 -0.008590 -0.091244
v 0.015579 -0.004331 -0.097154
v 0.017123 0.004236 -0.103073
v 0.006176 -0.015687 -0.075515
v -0.000491 -0.017347 -0.069601
v 0.011623 -0.012554 -0.080219
v 0.014748 -0.008090 -0.085419
v 0.015603 -0.003479 -0.090709
v 0.017380 0.000397 -0.096765
v 0.014922 0.008535 -0.103074
v 0.016934 0.005318 -0.096618
v 0.017076 0.001387 -0.090193
v 0.015767 -0.002892 -0.084781
v 0.015000 -0.007825 -0.079578
v 0.012229 0.012541 -0.104505
v 0.015004 0.009683 -0.096594
v 0.016742 0.006362 -0.089874
v 0.016803 0.002136 -0.084145
v 0.011946 0.015625 -0.096722
v 0.013622 0.013420 -0.096689
v 0.015238 0.010772 -0.089828
v 0.012125 0.017402 -0.090035
v 0.014362 0.014500 -0.089973
v 0.016591 0.007232 -0.083669
v 0.015978 -0.002555 -0.078833
v 0.012494 0.018627 -0.083698
v 0.014955 0.015466 -0.083693
v 0.015669 0.011590 -0.083564
v 0.016565 0.002632 -0.078071
v 0.016496 0.007851 -0.077438
v 0.016213 0.012114 -0.077277
v 0.015472 0.016173 -0.077377
v 0.012922 0.019412 -0.077290
v 0.009164 0.021487 -0.077032
v 0.016095 -0.002491 -0.073428
v 0.016386 0.002806 -0.072537
v 0.016463 0.008076 -0.071754
v 0.016691 0.012267 -0.071500
v 0.015888 0.016421 -0.071498
v 0.013215 0.019785 -0.071346
v 0.009393 0.022043 -0.071049
v 0.013406 0.019530 -0.064189
v 0.016157 0.016097 -0.064399
v 0.005546 0.023464 -0.070709
v 0.000288 0.024606 -0.070018
v 0.009658 0.022055 -0.063965
v 0.005491 0.023837 -0.063612
v 0.000009 0.025100 -0.062953
v 0.013470 0.018981 -0.057208
v 0.017158 0.011874 -0.064538
v 0.005357 0.023891 -0.056632
v -0.000256 0.025353 -0.056490
v 0.009571 0.021834 -0.056999
v 0.005261 0.023650 -0.050505
v -0.000506 0.025295 -0.050770
v -0.000697 0.024975 -0.044507
v 0.009139 0.021287 -0.050964
v 0.016357 0.015391 -0.057493
v 0.005037 0.023168 -0.044358
v -0.000973 0.024579 -0.038246
v 0.012532 0.018181 -0.051460
v 0.008962 0.020526 -0.044976
v 0.004835 0.022693 -0.037880
v 0.009433 0.019501 -0.038369
v 0.003739 0.022651 -0.030746
v -0.001398 0.023889 -0.030254
v 0.007137 0.020724 -0.031266
v 0.003716 0.021388 -0.022110
v -0.001818 0.022501 -0.020998
v 0.008068 0.018630 -0.023022
v 0.003544 0.019332 -0.014543
v -0.002146 0.020636 -0.013995
v 0.010158 0.018067 -0.031868
v 0.007960 0.016627 -0.015527
v 0.003049 0.017114 -0.007911
v -0.002480 0.018300 -0.007293
v 0.007405 0.015113 -0.009137
v 0.002409 0.015685 -0.002723
v -0.002875 0.016446 -0.001471
v 0.006582 0.013962 -0.004153
v 0.001763 0.014743 0.000755
v -0.003295 0.014486 0.002702
v 0.005601 0.013021 -0.000561
v 0.001295 0.012587 0.004713
v -0.003664 0.013162 0.005475
v 0.004816 0.010946 0.003642
v 0.000377 0.010141 0.010258
v -0.004226 0.011451 0.010096
v 0.003569 0.008393 0.009456
v -0.000075 0.009254 0.013088
v -0.004608 0.010098 0.013511
v 0.003069 0.007431 0.012448
v -0.000540 0.007711 0.016792
v -0.004921 0.008597 0.017125
v -0.000835 0.006419 0.022028
v -0.005096 0.007407 0.021650
v 0.002091 0.004397 0.021448
v 0.002499 0.005601 0.016447
v 0.003957 0.002243 0.021199
v 0.004431 0.003078 0.015937
v 0.005039 0.000225 0.021684
v 0.005060 0.004977 0.011736
v 0.006372 0.001555 0.011538
v 0.005824 0.006145 0.008523
v 0.005582 -0.000550 0.016291
v 0.007405 0.009201 0.002345
v 0.006218 -0.002601 0.019559
v 0.006067 -0.001238 0.022338
v 0.007989 -0.004366 0.018113
v 0.006628 -0.003891 0.015226
v 0.007488 0.003122 0.007092
v 0.008517 0.010838 -0.001876
v 0.006991 -0.007269 0.016402
v 0.008633 -0.006861 0.019089
v 0.007427 -0.007875 0.020468
v 0.008918 -0.007782 0.020783
v 0.009117 -0.009770 0.019649
v 0.008521 -0.009842 0.015866
v 0.007113 -0.005482 0.012369
v 0.007084 -0.002265 0.011581
v 0.007181 -0.008000 0.011756
v 0.008648 -0.012086 0.013439
v 0.007869 -0.000588 0.007966
v 0.007792 -0.003689 0.008135
v 0.006939 -0.010206 0.009957
v 0.006836 -0.014013 0.011875
v 0.008017 -0.006332 0.007747
v 0.006665 -0.012492 0.008813
v 0.005774 -0.015075 0.009628
v 0.008143 -0.008712 0.006742
v 0.011489 -0.005049 0.003502
v 0.011235 -0.001973 0.003784
v 0.009246 0.002068 0.004052
v 0.010416 0.000327 0.004288
v 0.008972 0.006078 0.001499
v 0.011371 0.004185 0.000590
v 0.010591 0.008513 -0.003501
v 0.009830 0.011478 -0.005440
v 0.010530 0.012108 -0.010496
v 0.011227 0.009343 -0.007572
v 0.013227 0.006552 -0.004298
v 0.013432 0.002287 -0.000013
v 0.010925 0.013350 -0.016809
v 0.011653 0.009607 -0.012292
v 0.014833 -0.000027 -0.001228
v 0.013510 0.006928 -0.009052
v 0.015082 0.003934 -0.005398
v 0.010866 0.015638 -0.024183
v 0.012139 0.011125 -0.018460
v 0.012986 0.006906 -0.014352
v 0.015067 0.004161 -0.010805
v 0.014230 0.012685 -0.025340
v 0.013674 0.007913 -0.020373
v 0.013301 0.014798 -0.033222
v 0.016676 0.000624 -0.005936
v 0.013519 0.004138 -0.016963
v 0.015357 0.009014 -0.027006
v 0.012692 0.016110 -0.039487
v 0.017015 0.000570 -0.011464
v 0.015342 0.004033 -0.022047
v 0.012369 0.017215 -0.045793
v 0.014934 0.014470 -0.051953
v 0.014908 0.013342 -0.046493
v 0.015041 0.012086 -0.040467
v 0.016540 0.011014 -0.057663
v 0.015881 0.009766 -0.052250
v 0.015122 0.006560 -0.058443
v 0.016234 0.008117 -0.046997
v 0.015295 0.010769 -0.034452
v 0.016462 0.006687 -0.042986
v 0.016484 0.005932 -0.035010
v 0.016486 0.007652 -0.064988
v 0.016230 0.002543 -0.065909
v 0.014335 0.005298 -0.052977
v 0.014656 0.002081 -0.059240
v 0.016143 -0.002815 -0.066955
v 0.016655 0.004698 -0.028710
v 0.013509 0.001069 -0.054472
v 0.014797 -0.003120 -0.060781
v 0.013751 -0.003747 -0.055734
v 0.015268 -0.008409 -0.067911
v 0.014155 -0.009130 -0.061800
v 0.013159 -0.009819 -0.056932
v 0.015173 -0.007868 -0.074270
v 0.010653 -0.014248 -0.062523
v 0.011663 -0.012709 -0.074970
v 0.011674 -0.013366 -0.068687
v 0.006036 -0.016446 -0.069247
v 0.005192 -0.017522 -0.062984
v -0.000780 -0.018428 -0.063330
v 0.009717 -0.015060 -0.057510
v 0.004296 -0.018526 -0.057794
v -0.001792 -0.019656 -0.057920
v 0.004062 -0.019508 -0.052622
v -0.002102 -0.020778 -0.052598
v 0.009405 -0.015935 -0.052485
v 0.012734 -0.010614 -0.052046
v 0.003748 -0.020593 -0.046410
v -0.002317 -0.022044 -0.046196
v 0.013263 -0.004709 -0.050739
v 0.008924 -0.016849 -0.046759
v 0.012086 -0.011438 -0.046502
v 0.003322 -0.021432 -0.040301
v -0.002450 -0.022952 -0.039841
v 0.008637 -0.017833 -0.040753
v 0.002609 -0.022106 -0.032403
v -0.002674 -0.023310 -0.030226
v 0.007728 -0.019428 -0.032265
v 0.003641 -0.021876 -0.029249
v -0.003777 -0.023716 -0.020222
v 0.012158 -0.012581 -0.040746
v 0.011582 -0.016910 -0.033716
v 0.010326 -0.018881 -0.031585
v 0.013401 -0.013058 -0.036416
v 0.014049 -0.015904 -0.033202
v 0.003907 -0.023990 -0.023302
v 0.007798 -0.021826 -0.027907
v 0.013141 -0.016567 -0.031451
v 0.003703 -0.025261 -0.019787
v -0.005118 -0.026465 -0.015764
v -0.006172 -0.027232 -0.010228
v 0.004340 -0.026025 -0.014119
v -0.003006 -0.022751 -0.008211
v 0.007516 -0.023323 -0.022216
v 0.007623 -0.021617 -0.026013
v 0.005115 -0.023010 -0.008063
v -0.003299 -0.020995 -0.005746
v 0.008746 -0.024320 -0.016021
v 0.004054 -0.020400 -0.003942
v -0.003724 -0.019375 -0.000895
v 0.010330 -0.018705 -0.029262
v 0.009904 -0.022076 -0.022723
v 0.009883 -0.020051 -0.026806
v 0.011070 -0.023238 -0.016666
v 0.011593 -0.017695 -0.028777
v 0.012718 -0.022770 -0.011822
v 0.013310 -0.014787 -0.029374
v 0.011979 -0.021156 -0.008583
v 0.014582 -0.020217 -0.008969
v 0.013863 -0.013236 -0.030999
v 0.014956 -0.012153 -0.027383
v 0.014717 -0.009369 -0.027987
v 0.016135 -0.011099 -0.023594
v 0.016064 -0.014569 -0.032046
v 0.015944 -0.010573 -0.030525
v 0.015495 -0.012085 -0.035482
v 0.018041 -0.010467 -0.033393
v 0.013982 -0.009965 -0.038376
v 0.015734 -0.008385 -0.037537
v 0.012998 -0.008434 -0.041986
v 0.013721 -0.006689 -0.041207
v 0.012953 -0.005660 -0.046743
v 0.013464 -0.003734 -0.044007
v 0.015434 -0.005283 -0.040254
v 0.013018 -0.001897 -0.046855
v 0.017609 -0.006599 -0.035867
v 0.014996 -0.001824 -0.043401
v 0.013180 -0.000534 -0.049856
v 0.016974 -0.003331 -0.038770
v 0.018506 -0.004007 -0.033253
v 0.014136 0.000560 -0.046385
v 0.014232 0.002788 -0.049093
v 0.014919 0.003871 -0.048877
v 0.015352 0.002745 -0.045977
v 0.016066 0.000121 -0.042540
v 0.016787 0.001880 -0.039516
v 0.017555 -0.000927 -0.036792
v 0.016960 0.001647 -0.035641
v 0.016917 -0.000644 -0.030318
v 0.017954 -0.007059 -0.030602
v 0.016039 0.000024 -0.023962
v 0.015538 -0.007093 -0.027179
v 0.016711 -0.004431 -0.025464
v 0.015914 0.000333 -0.017866
v 0.016875 -0.003327 -0.019435
v 0.017633 -0.006966 -0.020765
v 0.018252 -0.002785 -0.012732
v 0.015322 -0.008131 -0.023095
v 0.017803 -0.002972 -0.006540
v 0.019143 -0.006632 -0.013811
v 0.018764 -0.010415 -0.015182
v 0.016848 -0.013312 -0.018523
v 0.016744 -0.017000 -0.012446
v 0.015544 -0.003422 -0.001791
v 0.018106 -0.007100 -0.007372
v 0.017324 -0.012558 -0.008179
v 0.015758 -0.007177 -0.002183
v 0.014999 -0.017816 -0.005341
v 0.013116 -0.007115 0.000740
v 0.015199 -0.011288 -0.002856
v 0.009979 -0.017706 -0.002841
v 0.012290 -0.010867 0.000964
v 0.012746 -0.015630 -0.002666
v 0.002525 -0.018390 0.000145
v -0.004190 -0.018168 0.003865
v 0.010568 -0.013922 0.000984
v 0.008284 -0.015359 0.000453
v 0.001566 -0.016779 0.003831
v -0.004396 -0.017460 0.005716
v 0.007615 -0.011787 0.006705
v 0.006384 -0.014212 0.004077
v 0.000251 -0.016909 0.006444
v -0.004744 -0.017419 0.008827
v -0.000145 -0.017285 0.008922
v 0.004130 -0.015453 0.008717
v 0.008312 -0.013887 0.004943
v 0.006621 -0.014234 0.007243
v 0.005064 -0.014760 0.006414
v 0.002895 -0.027326 -0.200834
v 0.002789 -0.027464 -0.194448
v 0.007393 -0.026919 -0.194335
v 0.007045 -0.026785 -0.201596
v 0.003006 -0.026416 -0.207129
v 0.011074 -0.024924 -0.200280
v 0.011468 -0.024918 -0.193747
v 0.009425 -0.025304 -0.205894
v 0.015743 -0.021575 -0.199872
v 0.015944 -0.021469 -0.193234
v 0.009522 -0.025053 -0.214052
v 0.003102 -0.026738 -0.214126
v 0.003222 -0.026131 -0.222375
v 0.015267 -0.021616 -0.206480
v 0.017050 -0.015575 -0.205871
v 0.017284 -0.015895 -0.199181
v 0.017472 -0.015989 -0.192607
v 0.016931 -0.010192 -0.198264
v 0.017237 -0.010490 -0.191917
v 0.016413 -0.005417 -0.191279
v 0.009520 -0.024312 -0.221725
v 0.003330 -0.024662 -0.229848
v 0.014992 -0.021529 -0.214013
v 0.015935 -0.004956 -0.197206
v 0.014594 -0.001222 -0.190947
v 0.009282 -0.022754 -0.229817
v 0.003459 -0.022781 -0.238268
v 0.014815 -0.020927 -0.221675
v 0.009000 -0.021122 -0.238029
v 0.003583 -0.020467 -0.246409
v 0.016595 -0.009393 -0.204648
v 0.014402 -0.001625 -0.196802
v 0.011628 0.002310 -0.190872
v 0.016776 -0.015581 -0.213230
v 0.014493 -0.019766 -0.229481
v 0.015116 -0.003342 -0.204091
v 0.016200 -0.009440 -0.212092
v 0.016637 -0.015142 -0.220755
v 0.011262 0.002020 -0.196590
v 0.007879 0.004506 -0.191134
v 0.010703 0.002019 -0.203791
v 0.008254 0.003812 -0.196693
v 0.003230 0.005628 -0.191757
v 0.003298 0.004980 -0.197014
v 0.003399 0.004496 -0.204526
v 0.010662 0.000689 -0.210430
v 0.003456 0.003394 -0.210418
v 0.003533 0.002772 -0.217459
v 0.014827 -0.004275 -0.211381
v 0.010645 0.000085 -0.217901
v 0.003630 0.002520 -0.225678
v 0.015973 -0.009195 -0.219623
v 0.010845 0.000006 -0.225911
v 0.003710 0.002125 -0.233329
v 0.014422 -0.004215 -0.219103
v 0.016549 -0.014365 -0.228397
v 0.015869 -0.008685 -0.227203
v 0.013921 -0.018506 -0.237531
v 0.010896 -0.000379 -0.233814
v 0.003790 0.002401 -0.240868
v 0.014149 -0.003900 -0.226305
v 0.013948 -0.003956 -0.234092
v 0.016062 -0.013679 -0.236330
v 0.008815 -0.019086 -0.245969
v 0.010836 -0.000164 -0.241270
v 0.003869 0.003089 -0.248325
v 0.013626 -0.003130 -0.241566
v 0.015670 -0.008418 -0.235058
v 0.015496 -0.007644 -0.242627
v 0.013398 -0.016704 -0.245192
v 0.008991 -0.017326 -0.253923
v 0.003696 -0.018579 -0.254701
v 0.010958 0.000601 -0.249267
v 0.003933 0.003998 -0.254162
v 0.013942 -0.002927 -0.248931
v 0.015525 -0.012549 -0.243954
v 0.013329 -0.014651 -0.252396
v 0.009373 -0.016001 -0.259271
v 0.003767 -0.017238 -0.260217
v 0.011042 0.001399 -0.254847
v 0.003981 0.004752 -0.259052
v 0.015302 -0.006520 -0.249773
v 0.015012 -0.011447 -0.251246
v 0.014298 -0.011247 -0.258147
v 0.014893 -0.003846 -0.255805
v 0.009590 -0.014566 -0.264716
v 0.003836 -0.015796 -0.265706
v 0.014776 -0.003070 -0.260992
v 0.014196 -0.009986 -0.263354
v 0.009710 -0.013051 -0.269952
v 0.003900 -0.014280 -0.271003
v 0.010998 0.002224 -0.259927
v 0.004026 0.005606 -0.263895
v 0.014660 -0.002149 -0.265875
v 0.014087 -0.008695 -0.268259
v 0.010914 0.003207 -0.264983
v 0.004058 0.006516 -0.268742
v 0.009693 -0.011453 -0.275105
v 0.003953 -0.012692 -0.276212
v 0.013864 -0.007236 -0.273301
v 0.014391 -0.001016 -0.270993
v 0.010793 0.004150 -0.269818
v 0.010548 0.005330 -0.274823
v 0.004093 0.007598 -0.273787
v 0.004139 0.009006 -0.279244
v 0.009609 -0.009700 -0.280293
v 0.004006 -0.010953 -0.281412
v 0.014036 0.000332 -0.276269
v 0.010170 0.006970 -0.280302
v 0.004197 0.010637 -0.285354
v 0.013571 -0.005608 -0.278507
v 0.009488 -0.007717 -0.285613
v 0.004060 -0.008971 -0.286602
v 0.010040 0.008662 -0.286310
v 0.004261 0.012445 -0.291719
v 0.013679 0.001993 -0.281834
v 0.013270 -0.003700 -0.283936
v 0.009370 -0.005522 -0.291415
v 0.004123 -0.006763 -0.292262
v 0.009925 0.010568 -0.292606
v 0.004331 0.014496 -0.298637
v 0.013436 0.003890 -0.287927
v 0.013038 -0.001628 -0.289881
v 0.009257 -0.003208 -0.297379
v 0.004190 -0.004395 -0.298094
v 0.009856 0.012680 -0.299400
v 0.004435 0.016575 -0.305603
v 0.013258 0.005957 -0.294200
v 0.012863 0.000547 -0.296010
v 0.009200 -0.000821 -0.303597
v 0.004259 -0.001942 -0.304243
v 0.009844 0.014779 -0.306233
v 0.004541 0.018523 -0.312642
v 0.013188 0.008170 -0.300807
v 0.012782 0.002822 -0.302410
v 0.009237 0.001460 -0.309842
v 0.004358 0.000389 -0.310443
v 0.012815 0.005040 -0.308830
v 0.009345 0.003604 -0.316190
v 0.004457 0.002531 -0.316667
v 0.004561 0.004523 -0.322941
v 0.013212 0.010377 -0.307440
v 0.009539 0.005611 -0.322734
v 0.004665 0.006203 -0.329252
v 0.012891 0.007129 -0.315337
v 0.013256 0.012460 -0.314157
v 0.009916 0.007657 -0.329741
v 0.004796 0.008139 -0.336706
v 0.012959 0.009083 -0.322062
v 0.009916 0.016855 -0.313139
v 0.004652 0.020373 -0.319709
v 0.013337 0.014423 -0.321002
v 0.009979 0.018770 -0.320125
v 0.004764 0.021903 -0.326897
v 0.012944 0.010642 -0.329335
v 0.010064 0.020367 -0.327297
v 0.004884 0.023218 -0.334309
v 0.013405 0.016083 -0.328094
v 0.010175 0.021654 -0.334654
v 0.005011 0.024481 -0.341720
v 0.013385 0.017659 -0.335227
v 0.013367 0.013029 -0.335941
v 0.012008 0.009063 -0.331705
v 0.010429 0.022835 -0.342084
v 0.005135 0.025177 -0.349385
v 0.013454 0.018828 -0.342518
v 0.009343 0.008876 -0.336511
v 0.010877 0.023069 -0.349812
v 0.005264 0.025852 -0.356867
v 0.012351 0.009970 -0.336769
v 0.009816 0.010249 -0.343578
v 0.004934 0.009843 -0.344220
v 0.013537 0.014233 -0.342951
v 0.013018 0.010845 -0.343446
v 0.010783 0.010938 -0.350928
v 0.005070 0.010765 -0.351834
v 0.011566 0.023005 -0.357475
v 0.002752 0.027481 -0.368193
v 0.014076 0.010042 -0.350502
v 0.012158 0.011413 -0.358424
v 0.005212 0.011527 -0.359509
v 0.011960 0.012432 -0.363341
v 0.005403 0.012165 -0.369316
v 0.012865 0.012973 -0.368044
v 0.013826 0.014060 -0.350308
v 0.014161 0.014190 -0.357665
v 0.013880 0.015568 -0.376711
v 0.005594 0.014024 -0.378694
v 0.013881 0.014136 -0.367762
v 0.013551 0.018750 -0.350149
v 0.013658 0.018700 -0.357769
v 0.014420 0.014649 -0.362439
v 0.013985 0.019517 -0.368660
v 0.018556 0.017331 -0.386625
v 0.004601 0.017313 -0.387384
v 0.014211 0.024299 -0.368261
v 0.017759 0.020586 -0.376089
v 0.018164 0.024818 -0.375518
v 0.003137 0.028303 -0.375997
v 0.016137 0.019591 -0.395510
v 0.003865 0.019753 -0.395432
v 0.024979 0.020695 -0.385021
v 0.023330 0.026129 -0.381859
v 0.001278 0.029491 -0.382895
v 0.028803 0.024425 -0.382258
v 0.021373 0.027357 -0.389809
v 0.000620 0.029950 -0.390593
v 0.020334 0.026693 -0.398586
v 0.000587 0.029338 -0.399036
v 0.000818 0.027577 -0.400539
v 0.021715 0.024192 -0.398495
v 0.030396 0.022979 -0.391540
v 0.023516 0.021625 -0.393355
v 0.016061 0.023017 -0.399276
v 0.002229 0.025125 -0.401338
v 0.003130 0.022270 -0.399855
v 0.013809 0.021391 -0.398322
v 0.008549 -0.043230 0.060689
v 0.006163 -0.044072 0.060170
v 0.009087 -0.043347 0.060242
v 0.011993 -0.042654 0.061192
v 0.011965 -0.042942 0.060486
v 0.014969 -0.042430 0.060407
v 0.008414 -0.043799 0.061726
v 0.006163 -0.044072 0.060170
v 0.015124 -0.042057 0.061076
v 0.017972 -0.041556 0.059990
v 0.012224 -0.042989 0.062381
v 0.018146 -0.041193 0.060788
v 0.020975 -0.040518 0.059424
v 0.015397 -0.042451 0.062501
v 0.012402 -0.044106 0.063410
v 0.021213 -0.040151 0.060321
v 0.024092 -0.039355 0.058840
v 0.008495 -0.044671 0.061916
v 0.018566 -0.041626 0.062251
v 0.024404 -0.038968 0.059730
v 0.027466 -0.037893 0.058093
v 0.021788 -0.040587 0.061878
v 0.019120 -0.043137 0.063804
v 0.015573 -0.043911 0.063863
v 0.012461 -0.045013 0.063216
v 0.009259 -0.044893 0.061094
v 0.027697 -0.037518 0.059039
v 0.030713 -0.036259 0.057274
v 0.025220 -0.039524 0.061586
v 0.030892 -0.035785 0.058232
v 0.033740 -0.034221 0.056034
v 0.022606 -0.042199 0.063463
v 0.028611 -0.038061 0.060931
v 0.033975 -0.033679 0.057040
v 0.036698 -0.031835 0.054560
v 0.026136 -0.041001 0.063010
v 0.031951 -0.036327 0.060264
v 0.036364 -0.030368 0.054208
v 0.037474 -0.030515 0.053136
v 0.037903 -0.029206 0.053846
v 0.039682 -0.028899 0.055555
v 0.035472 -0.034278 0.059261
v 0.038454 -0.031821 0.057802
v 0.042790 -0.029847 0.057450
v 0.029679 -0.039635 0.062424
v 0.033411 -0.037910 0.061703
v 0.041013 -0.033462 0.059492
v 0.044366 -0.030931 0.057963
v 0.045090 -0.032078 0.057710
v 0.037279 -0.035984 0.060736
v 0.041648 -0.034626 0.059215
v 0.044985 -0.032890 0.056719
v 0.030156 -0.040691 0.062293
v 0.037716 -0.036935 0.060513
v 0.041512 -0.035260 0.058195
v 0.043618 -0.033419 0.055136
v 0.033852 -0.039049 0.061463
v 0.037713 -0.037578 0.059535
v 0.039500 -0.035126 0.055585
v 0.040737 -0.033366 0.053454
v 0.037280 -0.033307 0.054197
v 0.038571 -0.032374 0.053304
v 0.037474 -0.030515 0.053136
v 0.036698 -0.031835 0.054560
v 0.033740 -0.034221 0.056034
v 0.033793 -0.039550 0.060545
v 0.036222 -0.037249 0.057016
v 0.034330 -0.035471 0.055746
v 0.030713 -0.036259 0.057274
v 0.032716 -0.039083 0.058215
v 0.031148 -0.037312 0.056998
v 0.027466 -0.037893 0.058093
v 0.030147 -0.041189 0.061401
v 0.027826 -0.038931 0.057846
v 0.024092 -0.039355 0.058840
v 0.029113 -0.040683 0.059124
v 0.026444 -0.042115 0.062954
v 0.024343 -0.040366 0.058599
v 0.020975 -0.040518 0.059424
v 0.025562 -0.042077 0.059838
v 0.026378 -0.042618 0.062076
v 0.022846 -0.043187 0.063445
v 0.021191 -0.041509 0.059204
v 0.017972 -0.041556 0.059990
v 0.022757 -0.043766 0.062575
v 0.019332 -0.044186 0.063731
v 0.022072 -0.043206 0.060335
v 0.018105 -0.042439 0.059803
v 0.014969 -0.042430 0.060407
v 0.019279 -0.044687 0.062844
v 0.015738 -0.044851 0.063684
v 0.018696 -0.044073 0.060771
v 0.015714 -0.045249 0.062715
v 0.015048 -0.043186 0.060262
v 0.012423 -0.045330 0.062313
v 0.015322 -0.044688 0.061126
v 0.012351 -0.044966 0.061147
v 0.012158 -0.043696 0.060339
v 0.011965 -0.042942 0.060486
v 0.009359 -0.043931 0.060148
v 0.009087 -0.043347 0.060242
v 0.092796 -0.039123 -0.044578
v 0.091763 -0.038166 -0.047320
v 0.092625 -0.037065 -0.046595
v 0.093219 -0.038742 -0.044377
v 0.093498 -0.041127 -0.041699
v 0.094879 -0.039280 -0.044016
v 0.095780 -0.037210 -0.047529
v 0.093498 -0.041127 -0.041699
v 0.093498 -0.041127 -0.041699
v 0.096334 -0.038421 -0.048253
v 0.095081 -0.040793 -0.043145
v 0.095541 -0.039613 -0.049038
v 0.094788 -0.041700 -0.043415
v 0.093498 -0.041127 -0.041699
v 0.093877 -0.041301 -0.043848
v 0.093841 -0.039280 -0.049027
v 0.092796 -0.039123 -0.044578
v 0.091763 -0.038166 -0.047320
v 0.093498 -0.041127 -0.041699
v 0.096052 -0.037775 -0.052878
v 0.095541 -0.039613 -0.049038
v 0.096334 -0.038421 -0.048253
v 0.097056 -0.036586 -0.052247
v 0.096123 -0.036755 -0.054347
v 0.096648 -0.035473 -0.051114
v 0.095780 -0.037210 -0.047529
v 0.096998 -0.035564 -0.053941
v 0.095341 -0.036176 -0.054994
v 0.096590 -0.034672 -0.054397
v 0.094857 -0.033331 -0.054166
v 0.093639 -0.035086 -0.054951
v 0.094130 -0.034352 -0.050242
v 0.092625 -0.037065 -0.046595
v 0.088223 -0.031682 -0.050662
v 0.087542 -0.032964 -0.051350
v 0.080835 -0.031046 -0.048013
v 0.088187 -0.032073 -0.047141
v 0.081557 -0.029640 -0.047371
v 0.073916 -0.028674 -0.045461
v 0.074381 -0.027318 -0.044629
v 0.066985 -0.026260 -0.043108
v 0.081717 -0.029944 -0.044011
v 0.086385 -0.034750 -0.044172
v 0.067554 -0.025170 -0.042195
v 0.059168 -0.024228 -0.040718
v 0.074974 -0.027964 -0.041465
v 0.059580 -0.022979 -0.039644
v 0.051342 -0.022053 -0.038533
v 0.086000 -0.035687 -0.045102
v 0.091763 -0.038166 -0.047320
v 0.080490 -0.032565 -0.041692
v 0.068183 -0.026010 -0.039067
v 0.079979 -0.033535 -0.042434
v 0.074298 -0.030309 -0.039343
v 0.073427 -0.031760 -0.040260
v 0.067762 -0.028679 -0.036862
v 0.060366 -0.024363 -0.036318
v 0.051886 -0.021053 -0.037450
v 0.044264 -0.018195 -0.036733
v 0.043402 -0.019110 -0.037934
v 0.036581 -0.015159 -0.035879
v 0.035536 -0.016146 -0.037170
v 0.031833 -0.014115 -0.035273
v 0.030922 -0.015098 -0.036277
v 0.026389 -0.013964 -0.035512
v 0.025648 -0.014828 -0.036022
v 0.024295 -0.015404 -0.032809
v 0.032040 -0.014115 -0.033377
v 0.037032 -0.016290 -0.031437
v 0.044619 -0.019315 -0.033544
v 0.052402 -0.022711 -0.034051
v 0.026896 -0.014232 -0.032112
v 0.025797 -0.014279 -0.029150
v 0.019971 -0.015138 -0.031378
v 0.031580 -0.015134 -0.029648
v 0.044481 -0.021482 -0.030266
v 0.059749 -0.027191 -0.033894
v 0.036854 -0.019175 -0.027127
v 0.051707 -0.025838 -0.031001
v 0.066954 -0.030135 -0.037641
v 0.031307 -0.018080 -0.025000
v 0.043837 -0.024276 -0.028028
v 0.058960 -0.028562 -0.034525
v 0.035893 -0.022902 -0.024716
v 0.050709 -0.027503 -0.031623
v 0.043107 -0.026094 -0.028254
v 0.066072 -0.029130 -0.041454
v 0.058141 -0.027539 -0.038634
v 0.049933 -0.027177 -0.034094
v 0.041967 -0.026722 -0.029853
v 0.035250 -0.025038 -0.024864
v 0.029742 -0.022369 -0.021696
v 0.072917 -0.031106 -0.043616
v 0.026038 -0.016810 -0.023814
v 0.079928 -0.033314 -0.046473
v 0.021427 -0.013745 -0.028590
v 0.017960 -0.014883 -0.031081
v 0.019480 -0.013267 -0.028264
v 0.016002 -0.014577 -0.030390
v 0.086324 -0.035465 -0.049450
v 0.021898 -0.014787 -0.024061
v 0.017638 -0.012688 -0.027804
v 0.014545 -0.014559 -0.030053
v 0.020073 -0.013814 -0.024120
v 0.021885 -0.016866 -0.020569
v 0.016222 -0.012287 -0.027763
v 0.013310 -0.014787 -0.029374
v 0.014956 -0.012153 -0.027383
v 0.018289 -0.012930 -0.023496
v 0.017132 -0.012181 -0.023531
v 0.016135 -0.011099 -0.023594
v 0.020580 -0.016038 -0.020515
v 0.024364 -0.021354 -0.019327
v 0.018786 -0.015242 -0.019424
v 0.017645 -0.014447 -0.019092
v 0.016848 -0.013312 -0.018523
v 0.020411 -0.020000 -0.017465
v 0.028612 -0.024524 -0.021628
v 0.019745 -0.018584 -0.017768
v 0.018591 -0.017639 -0.016800
v 0.017356 -0.017643 -0.014493
v 0.016744 -0.017000 -0.012446
v 0.022826 -0.023762 -0.018906
v 0.033780 -0.026228 -0.026862
v 0.019100 -0.022758 -0.016922
v 0.018975 -0.021252 -0.017086
v 0.015677 -0.020839 -0.012004
v 0.014582 -0.020217 -0.008969
v 0.012718 -0.022770 -0.011822
v 0.017892 -0.020449 -0.015895
v 0.027140 -0.025808 -0.023588
v 0.021196 -0.025102 -0.020946
v 0.014071 -0.023078 -0.013845
v 0.011070 -0.023238 -0.016666
v 0.017195 -0.024510 -0.018898
v 0.016941 -0.023400 -0.018570
v 0.015558 -0.023422 -0.015514
v 0.012492 -0.023473 -0.018003
v 0.009904 -0.022076 -0.022723
v 0.013670 -0.023796 -0.019500
v 0.011335 -0.022698 -0.022573
v 0.009883 -0.020051 -0.026806
v 0.014954 -0.023724 -0.022035
v 0.016375 -0.024020 -0.022964
v 0.011388 -0.019961 -0.027242
v 0.011593 -0.017695 -0.028777
v 0.012384 -0.022857 -0.023531
v 0.012767 -0.017197 -0.029557
v 0.013310 -0.014787 -0.029374
v 0.014545 -0.014559 -0.030053
v 0.013804 -0.022262 -0.025921
v 0.012691 -0.019751 -0.028226
v 0.014155 -0.017277 -0.030167
v 0.016002 -0.014577 -0.030390
v 0.014352 -0.019727 -0.028777
v 0.016108 -0.017355 -0.030802
v 0.017960 -0.014883 -0.031081
v 0.016036 -0.022419 -0.026870
v 0.016313 -0.020048 -0.029951
v 0.018193 -0.017457 -0.031597
v 0.019971 -0.015138 -0.031378
v 0.019587 -0.023769 -0.025510
v 0.022319 -0.017545 -0.032308
v 0.024295 -0.015404 -0.032809
v 0.020381 -0.020686 -0.030728
v 0.026278 -0.024864 -0.028741
v 0.023783 -0.017314 -0.034882
v 0.025648 -0.014828 -0.036022
v 0.033240 -0.025187 -0.031545
v 0.027278 -0.020806 -0.034441
v 0.029667 -0.016666 -0.036178
v 0.030922 -0.015098 -0.036277
v 0.035536 -0.016146 -0.037170
v 0.033671 -0.021247 -0.036153
v 0.041706 -0.025501 -0.033389
v 0.041796 -0.022570 -0.037085
v 0.043402 -0.019110 -0.037934
v 0.050001 -0.024292 -0.038233
v 0.051342 -0.022053 -0.038533
v 0.059168 -0.024228 -0.040718
v 0.066985 -0.026260 -0.043108
v 0.073916 -0.028674 -0.045461
v 0.080835 -0.031046 -0.048013
v 0.087542 -0.032964 -0.051350
v 0.092696 -0.037500 -0.052175
v 0.093639 -0.035086 -0.054951
v 0.093841 -0.039280 -0.049027
v 0.094568 -0.038053 -0.052705
v 0.095341 -0.036176 -0.054994
v 0.095541 -0.039613 -0.049038
v 0.096123 -0.036755 -0.054347
v 0.096052 -0.037775 -0.052878
v 0.038726 -0.003127 0.060741
v 0.036969 -0.004617 0.062035
v 0.038595 -0.004877 0.059820
v 0.037012 -0.003023 0.062711
v 0.040714 -0.001927 0.062018
v 0.033278 -0.004367 0.064604
v 0.038831 -0.001687 0.065117
v 0.043233 -0.001767 0.063445
v 0.033579 -0.002861 0.065274
v 0.029546 -0.004311 0.066279
v 0.040468 -0.002520 0.067629
v 0.044661 -0.002747 0.064424
v 0.034728 -0.001840 0.067470
v 0.029739 -0.002884 0.066982
v 0.025904 -0.004276 0.067437
v 0.040863 -0.003513 0.068182
v 0.045161 -0.003726 0.064753
v 0.036011 -0.002554 0.069939
v 0.030653 -0.001943 0.069288
v 0.025928 -0.003074 0.067976
v 0.022321 -0.004324 0.068265
v 0.040646 -0.005035 0.067828
v 0.044873 -0.005349 0.064262
v 0.043607 -0.006410 0.062751
v 0.036312 -0.003506 0.070561
v 0.031582 -0.002558 0.071440
v 0.026687 -0.002085 0.070342
v 0.022180 -0.003300 0.068691
v 0.018955 -0.004482 0.068665
v 0.039339 -0.005929 0.065248
v 0.041441 -0.006651 0.061132
v 0.039478 -0.005882 0.060233
v 0.037310 -0.005549 0.062981
v 0.038595 -0.004877 0.059820
v 0.036969 -0.004617 0.062035
v 0.033278 -0.004367 0.064604
v 0.035053 -0.005575 0.067907
v 0.033751 -0.005369 0.065419
v 0.030012 -0.005323 0.067274
v 0.029546 -0.004311 0.066279
v 0.018788 -0.003515 0.069068
v 0.015769 -0.004720 0.068926
v 0.036028 -0.004773 0.070143
v 0.030922 -0.005429 0.069535
v 0.031783 -0.004546 0.071574
v 0.026349 -0.005208 0.068284
v 0.025904 -0.004276 0.067437
v 0.031837 -0.003440 0.071945
v 0.027674 -0.004455 0.072481
v 0.027143 -0.005384 0.070466
v 0.022774 -0.005185 0.069011
v 0.022321 -0.004324 0.068265
v 0.027728 -0.003503 0.072778
v 0.023832 -0.004572 0.072971
v 0.023433 -0.005421 0.071072
v 0.019353 -0.005342 0.069384
v 0.018955 -0.004482 0.068665
v 0.027535 -0.002783 0.072410
v 0.019814 -0.005599 0.071136
v 0.023749 -0.003680 0.073263
v 0.020239 -0.004928 0.072939
v 0.016096 -0.005582 0.069614
v 0.015769 -0.004720 0.068926
v 0.023502 -0.003018 0.072902
v 0.016404 -0.005840 0.071270
v 0.019979 -0.003999 0.073398
v 0.016565 -0.005295 0.072823
v 0.012947 -0.005905 0.069670
v 0.012651 -0.005002 0.069008
v 0.022837 -0.002330 0.070916
v 0.013111 -0.006150 0.071277
v 0.012991 -0.005747 0.072529
v 0.019693 -0.003341 0.073085
v 0.019148 -0.002589 0.071139
v 0.016344 -0.004424 0.073246
v 0.016091 -0.003716 0.072932
v 0.015667 -0.003008 0.071241
v 0.012904 -0.005007 0.072925
v 0.012603 -0.004165 0.072570
v 0.015560 -0.003734 0.069354
v 0.012651 -0.005002 0.069008
v 0.009567 -0.005585 0.072352
v 0.012297 -0.003524 0.071219
v 0.012422 -0.004042 0.069523
v 0.009659 -0.005373 0.069056
v 0.009508 -0.004618 0.071829
v 0.009428 -0.004275 0.070924
v 0.009545 -0.004550 0.069583
v 0.006764 -0.005106 0.070422
v 0.006794 -0.005238 0.069356
v 0.006740 -0.005691 0.069017
v 0.004546 -0.005917 0.069259
v 0.004546 -0.005917 0.069259
v 0.006188 -0.006004 0.070844
v 0.009621 -0.006130 0.071986
v 0.006435 -0.006413 0.070465
v 0.006445 -0.006271 0.069201
v 0.009832 -0.006491 0.070947
v 0.009793 -0.006225 0.069567
v 0.009659 -0.005373 0.069056
v 0.006740 -0.005691 0.069017
v 0.004546 -0.005917 0.069259
v 0.011770 -0.013354 0.015793
v 0.008521 -0.009842 0.015866
v 0.008648 -0.012086 0.013439
v 0.011344 -0.011234 0.017431
v 0.013599 -0.013794 0.017328
v 0.009117 -0.009770 0.019649
v 0.013165 -0.011800 0.018807
v 0.015154 -0.014133 0.018974
v 0.011094 -0.010741 0.020242
v 0.014748 -0.012212 0.020266
v 0.016696 -0.014449 0.020430
v 0.008783 -0.011499 0.022808
v 0.007643 -0.010609 0.022788
v 0.012228 -0.011180 0.021239
v 0.016382 -0.012583 0.021643
v 0.018680 -0.014813 0.022124
v 0.007175 -0.012621 0.024245
v 0.006043 -0.012121 0.024895
v 0.009945 -0.011985 0.023454
v 0.013606 -0.011770 0.022562
v 0.018301 -0.013067 0.023271
v 0.023099 -0.015597 0.025408
v 0.005937 -0.014871 0.025330
v 0.004957 -0.014342 0.025897
v 0.005069 -0.017150 0.026431
v 0.008137 -0.013313 0.024767
v 0.011566 -0.012644 0.024536
v 0.015006 -0.012335 0.023747
v 0.005664 -0.017415 0.026041
v 0.005166 -0.019084 0.024967
v 0.006749 -0.015316 0.025982
v 0.009705 -0.014032 0.025939
v 0.013237 -0.013257 0.025562
v 0.005886 -0.019108 0.024647
v 0.005555 -0.018493 0.021044
v 0.006096 -0.017763 0.026669
v 0.008195 -0.015797 0.027246
v 0.011486 -0.014642 0.027068
v 0.007517 -0.018122 0.027871
v 0.010006 -0.016215 0.028436
v 0.009253 -0.018423 0.029015
v 0.008177 -0.019768 0.026337
v 0.006605 -0.019410 0.025164
v 0.013722 -0.015341 0.028353
v 0.012385 -0.016780 0.029686
v 0.011668 -0.018766 0.030226
v 0.010037 -0.019936 0.027409
v 0.015285 -0.014022 0.026878
v 0.017026 -0.017809 0.032623
v 0.018186 -0.016416 0.031426
v 0.016893 -0.013010 0.025189
v 0.019597 -0.015158 0.029974
v 0.022509 -0.014040 0.026619
v 0.021077 -0.014212 0.028376
v 0.024125 -0.016272 0.033252
v 0.027074 -0.015178 0.030024
v 0.027830 -0.016514 0.028704
v 0.025537 -0.015407 0.031640
v 0.032962 -0.016526 0.034344
v 0.033817 -0.017714 0.032840
v 0.031787 -0.016690 0.035665
v 0.038928 -0.017640 0.037738
v 0.039637 -0.019038 0.036513
v 0.022669 -0.017576 0.034798
v 0.029705 -0.017531 0.037301
v 0.036521 -0.017564 0.039248
v 0.043723 -0.018732 0.040506
v 0.044481 -0.020080 0.039583
v 0.027761 -0.018950 0.038864
v 0.034056 -0.018585 0.040969
v 0.040418 -0.018359 0.042037
v 0.045393 -0.019687 0.042773
v 0.046030 -0.021079 0.041591
v 0.046631 -0.022848 0.044708
v 0.031592 -0.020052 0.042360
v 0.036966 -0.019312 0.043395
v 0.042856 -0.019276 0.044060
v 0.034202 -0.020851 0.044659
v 0.039111 -0.020450 0.045496
v 0.035860 -0.022298 0.046850
v 0.045841 -0.021491 0.045800
v 0.043833 -0.021185 0.046909
v 0.040563 -0.022031 0.047850
v 0.046216 -0.022568 0.048042
v 0.047207 -0.023763 0.046816
v 0.044106 -0.022167 0.048721
v 0.046907 -0.022996 0.049474
v 0.047782 -0.024051 0.047868
v 0.037071 -0.024090 0.048721
v 0.040992 -0.022904 0.049332
v 0.044796 -0.022928 0.050389
v 0.047657 -0.023405 0.050342
v 0.048584 -0.024374 0.048820
v 0.046129 -0.023547 0.051744
v 0.048185 -0.024065 0.050879
v 0.049008 -0.025061 0.049647
v 0.048819 -0.026204 0.051505
v 0.041937 -0.023779 0.051157
v 0.037747 -0.024990 0.049850
v 0.047563 -0.024484 0.052203
v 0.044100 -0.024564 0.053260
v 0.046861 -0.025915 0.054162
v 0.048143 -0.027678 0.053670
v 0.038945 -0.025371 0.051844
v 0.040783 -0.025875 0.054003
v 0.046137 -0.027674 0.056299
v 0.047440 -0.029448 0.055904
v 0.043297 -0.026324 0.055581
v 0.045515 -0.030079 0.058240
v 0.046550 -0.031228 0.057734
v 0.045090 -0.032078 0.057710
v 0.044366 -0.030931 0.057963
v 0.042790 -0.029847 0.057450
v 0.042420 -0.028068 0.057300
v 0.039682 -0.028899 0.055555
v 0.039272 -0.027295 0.055134
v 0.037903 -0.029206 0.053846
v 0.037031 -0.027226 0.052270
v 0.036777 -0.029281 0.052002
v 0.037474 -0.030515 0.053136
v 0.038027 -0.032369 0.052367
v 0.038571 -0.032374 0.053304
v 0.040737 -0.033366 0.053454
v 0.036326 -0.026507 0.050454
v 0.035387 -0.025280 0.049144
v 0.036079 -0.028427 0.050671
v 0.034098 -0.023871 0.047378
v 0.036978 -0.032177 0.052575
v 0.034738 -0.027011 0.048723
v 0.041367 -0.033660 0.052332
v 0.043618 -0.033419 0.055136
v 0.032471 -0.022453 0.045289
v 0.032003 -0.024519 0.044902
v 0.030144 -0.021651 0.043165
v 0.033638 -0.025764 0.047048
v 0.026345 -0.020519 0.039773
v 0.034945 -0.028106 0.047629
v 0.044472 -0.033576 0.054079
v 0.044985 -0.032890 0.056719
v 0.033758 -0.026640 0.045751
v 0.029552 -0.023367 0.042952
v 0.021583 -0.019020 0.035902
v 0.016429 -0.019550 0.033038
v 0.021121 -0.020593 0.036192
v 0.025818 -0.021954 0.039926
v 0.029775 -0.024507 0.041908
v 0.026004 -0.023204 0.038517
v 0.032436 -0.025563 0.044007
v 0.012453 -0.020046 0.028715
v 0.021582 -0.021684 0.035107
v 0.017126 -0.020605 0.031720
v 0.013757 -0.020114 0.026713
v 0.022781 -0.021732 0.033446
v 0.027437 -0.023267 0.037027
v 0.031269 -0.024787 0.040173
v 0.034470 -0.025997 0.042530
v 0.029182 -0.022586 0.035285
v 0.018338 -0.020580 0.030010
v 0.011345 -0.020059 0.025126
v 0.036033 -0.027194 0.044319
v 0.034162 -0.024043 0.038364
v 0.024300 -0.020987 0.031461
v 0.009558 -0.020001 0.023878
v 0.007939 -0.019794 0.022442
v 0.011581 -0.019319 0.021492
v 0.006921 -0.019563 0.021560
v 0.009990 -0.019242 0.019881
v 0.008661 -0.019143 0.018774
v 0.005904 -0.017466 0.017385
v 0.013185 -0.019382 0.022954
v 0.013384 -0.018120 0.019710
v 0.010480 -0.017793 0.016134
v 0.006523 -0.017081 0.014331
v 0.011957 -0.018157 0.017949
v 0.015362 -0.019482 0.024771
v 0.011164 -0.015374 0.014663
v 0.006836 -0.014013 0.011875
v 0.008648 -0.012086 0.013439
v 0.011770 -0.013354 0.015793
v 0.013141 -0.016144 0.016894
v 0.013599 -0.013794 0.017328
v 0.014614 -0.016270 0.018728
v 0.015154 -0.014133 0.018974
v 0.014851 -0.018156 0.021326
v 0.016097 -0.016432 0.020418
v 0.016696 -0.014449 0.020430
v 0.016866 -0.018276 0.023260
v 0.018016 -0.016675 0.022359
v 0.018680 -0.014813 0.022124
v 0.019777 -0.019961 0.028230
v 0.021214 -0.018847 0.026731
v 0.022399 -0.017398 0.025747
v 0.023099 -0.015597 0.025408
v 0.025873 -0.019687 0.029795
v 0.027144 -0.018209 0.028899
v 0.027830 -0.016514 0.028704
v 0.031705 -0.021035 0.033582
v 0.033164 -0.019583 0.032967
v 0.033817 -0.017714 0.032840
v 0.037412 -0.022427 0.036932
v 0.039081 -0.020723 0.036353
v 0.039637 -0.019038 0.036513
v 0.038095 -0.025204 0.040820
v 0.043398 -0.021979 0.039085
v 0.044481 -0.020080 0.039583
v 0.041531 -0.023646 0.039708
v 0.039478 -0.026244 0.042645
v 0.045142 -0.023093 0.041152
v 0.046030 -0.021079 0.041591
v 0.046631 -0.022848 0.044708
v 0.043085 -0.024748 0.041415
v 0.037183 -0.028430 0.046124
v 0.040550 -0.027535 0.044774
v 0.038305 -0.031090 0.049770
v 0.043993 -0.026277 0.043939
v 0.046110 -0.024755 0.044075
v 0.039983 -0.031177 0.050112
v 0.041303 -0.029739 0.047593
v 0.046569 -0.025700 0.045764
v 0.047207 -0.023763 0.046816
v 0.044309 -0.027731 0.045824
v 0.042946 -0.032338 0.050840
v 0.042948 -0.030250 0.048310
v 0.047391 -0.025956 0.046759
v 0.047782 -0.024051 0.047868
v 0.045525 -0.028222 0.046941
v 0.045429 -0.030655 0.050104
v 0.048565 -0.026006 0.048045
v 0.048584 -0.024374 0.048820
v 0.049008 -0.025061 0.049647
v 0.047370 -0.028215 0.048384
v 0.049008 -0.026198 0.049147
v 0.048819 -0.026204 0.051505
v 0.045189 -0.032160 0.052192
v 0.048609 -0.027622 0.050063
v 0.047831 -0.029377 0.052033
v 0.048143 -0.027678 0.053670
v 0.047133 -0.031201 0.054349
v 0.047440 -0.029448 0.055904
v 0.046550 -0.031228 0.057734
v 0.046294 -0.032676 0.056144
v 0.045090 -0.032078 0.057710
v 0.002675 -0.027582 -0.188031
v 0.002789 -0.027464 -0.194448
v -0.001798 -0.026800 -0.194519
v -0.002178 -0.026870 -0.187367
v 0.002510 -0.027653 -0.179649
v -0.005830 -0.024691 -0.194092
v -0.002516 -0.026790 -0.179532
v 0.002353 -0.027575 -0.171686
v -0.006254 -0.024630 -0.187019
v -0.010219 -0.021129 -0.193754
v -0.010615 -0.021028 -0.186816
v -0.011607 -0.015610 -0.193181
v -0.006602 -0.024444 -0.179441
v -0.002646 -0.026634 -0.171810
v -0.002683 -0.026045 -0.164239
v 0.002200 -0.026924 -0.163757
v -0.002665 -0.025056 -0.157234
v 0.002070 -0.025833 -0.157097
v 0.001942 -0.024527 -0.150427
v -0.002697 -0.023871 -0.150524
v 0.001807 -0.023430 -0.144179
v -0.006842 -0.022981 -0.157570
v -0.006777 -0.023811 -0.164627
v -0.002816 -0.022784 -0.144026
v 0.001673 -0.022536 -0.138157
v -0.006731 -0.024333 -0.171978
v -0.011134 -0.020235 -0.164934
v -0.007132 -0.022003 -0.150738
v -0.003030 -0.021823 -0.137458
v 0.001500 -0.021577 -0.131177
v -0.011007 -0.020581 -0.172194
v -0.011235 -0.019529 -0.157882
v -0.007411 -0.021018 -0.143994
v -0.003299 -0.020746 -0.130498
v 0.001293 -0.020611 -0.123294
v -0.010904 -0.020660 -0.179460
v -0.013059 -0.014847 -0.165309
v -0.011321 -0.018602 -0.151003
v -0.007701 -0.019961 -0.137146
v -0.003570 -0.019553 -0.123267
v 0.001126 -0.019888 -0.117400
v -0.012119 -0.015495 -0.186501
v -0.013261 -0.014296 -0.158311
v -0.011500 -0.017590 -0.144145
v -0.007874 -0.018541 -0.130075
v -0.003881 -0.018708 -0.117259
v 0.000957 -0.019121 -0.111510
v -0.011802 -0.010003 -0.186151
v -0.011236 -0.010143 -0.192484
v -0.013451 -0.013528 -0.151409
v -0.011779 -0.016496 -0.137156
v -0.007928 -0.016874 -0.122748
v -0.004277 -0.017932 -0.111245
v 0.000779 -0.018240 -0.105301
v -0.010887 -0.004875 -0.185744
v -0.010286 -0.005094 -0.191809
v -0.013723 -0.012619 -0.144484
v -0.011769 -0.014983 -0.129978
v -0.008103 -0.015697 -0.116869
v -0.004763 -0.017136 -0.105088
v 0.000592 -0.017421 -0.099082
v -0.008829 -0.000414 -0.185506
v -0.008357 -0.000944 -0.191401
v -0.014035 -0.011550 -0.137424
v -0.011620 -0.013190 -0.122521
v -0.008487 -0.014727 -0.110964
v -0.005229 -0.016396 -0.098922
v 0.000393 -0.016784 -0.092812
v -0.005631 0.003127 -0.185441
v -0.005291 0.002525 -0.191204
v -0.014208 -0.010230 -0.130139
v -0.011493 -0.011799 -0.116649
v -0.009155 -0.013976 -0.104856
v -0.005627 -0.015783 -0.092684
v 0.000194 -0.016403 -0.087020
v -0.001545 0.005348 -0.185615
v -0.001471 0.004626 -0.191317
v 0.003136 0.006308 -0.185515
v 0.003230 0.005628 -0.191757
v 0.003041 0.007212 -0.179508
v -0.001712 0.006205 -0.179364
v 0.002924 0.007563 -0.172749
v -0.005916 0.003905 -0.179302
v -0.001903 0.006508 -0.172797
v 0.002803 0.007944 -0.166015
v -0.009212 0.000275 -0.179310
v -0.006155 0.004114 -0.172798
v -0.002055 0.006846 -0.166059
v -0.011384 -0.004308 -0.179327
v -0.009468 0.000382 -0.172752
v -0.012291 -0.009535 -0.179365
v -0.002173 0.007225 -0.159132
v 0.002662 0.008467 -0.158882
v -0.006350 0.004417 -0.166080
v -0.011679 -0.004267 -0.172671
v -0.012513 -0.015088 -0.179432
v -0.012641 -0.009530 -0.172547
v -0.012787 -0.015100 -0.172399
v -0.012997 -0.009286 -0.165624
v -0.009683 0.000632 -0.166012
v -0.011987 -0.004014 -0.165864
v -0.013353 -0.008792 -0.158697
v -0.012301 -0.003547 -0.158990
v -0.013694 -0.008092 -0.151793
v -0.009871 0.001034 -0.159157
v -0.014063 -0.007224 -0.144832
v -0.012594 -0.002890 -0.152083
v -0.006442 0.004733 -0.159212
v -0.014461 -0.006185 -0.137729
v -0.012947 -0.002060 -0.145099
v -0.010004 0.001567 -0.152237
v -0.006462 0.005116 -0.152271
v -0.010146 0.002241 -0.145224
v -0.013265 -0.001073 -0.137946
v -0.014795 -0.004963 -0.130370
v -0.002282 0.007707 -0.152151
v 0.002516 0.009001 -0.151711
v -0.006599 0.005764 -0.145272
v -0.002433 0.008345 -0.145230
v 0.002368 0.009607 -0.144999
v 0.002226 0.010359 -0.138620
v -0.010296 0.003077 -0.138021
v -0.002631 0.009209 -0.138190
v 0.002028 0.011501 -0.130536
v -0.006782 0.006606 -0.138079
v -0.013508 0.000049 -0.130514
v -0.002918 0.010371 -0.130399
v 0.001803 0.013107 -0.121693
v -0.010532 0.004114 -0.130499
v -0.007019 0.007609 -0.130433
v -0.003432 0.012111 -0.121078
v 0.001649 0.014425 -0.115854
v -0.007548 0.008937 -0.122211
v -0.010941 0.005365 -0.122614
v -0.013937 0.001388 -0.122779
v -0.015163 -0.003544 -0.122704
v -0.002898 0.013707 -0.115249
v 0.001493 0.015848 -0.110040
v -0.002606 0.015174 -0.109702
v 0.001304 0.017487 -0.102997
v -0.004366 0.013218 -0.115224
v -0.008313 0.010185 -0.115956
v -0.011522 0.006526 -0.116490
v -0.014348 0.002507 -0.116648
v -0.014249 -0.008650 -0.122547
v -0.015431 -0.002408 -0.116624
v -0.014203 -0.007375 -0.116570
v -0.011572 -0.010574 -0.110749
v -0.014104 -0.006122 -0.110589
v -0.015612 -0.001276 -0.110542
v -0.014706 0.003637 -0.110518
v -0.012064 -0.009620 -0.104614
v -0.013986 -0.004908 -0.104369
v -0.009869 -0.013319 -0.098743
v -0.012726 -0.008815 -0.098473
v -0.015657 -0.000131 -0.104204
v -0.012134 0.007760 -0.110383
v -0.010546 -0.012722 -0.092518
v -0.014039 -0.003833 -0.098132
v -0.014910 0.004771 -0.104101
v -0.009166 0.011668 -0.109761
v -0.005956 -0.015391 -0.086948
v -0.000012 -0.016315 -0.081217
v -0.013464 -0.008117 -0.092196
v -0.015700 0.000953 -0.097858
v -0.012568 0.008995 -0.103958
v -0.006272 -0.015272 -0.081202
v -0.000217 -0.016540 -0.075926
v -0.011076 -0.012315 -0.086794
v -0.014463 -0.002970 -0.091735
v -0.015097 0.005856 -0.097677
v -0.006586 -0.015465 -0.075990
v -0.000491 -0.017347 -0.069601
v -0.011553 -0.012154 -0.081057
v -0.014145 -0.007597 -0.086434
v -0.015801 0.001945 -0.091316
v -0.015027 -0.002366 -0.085864
v -0.014804 -0.007312 -0.080657
v -0.011995 -0.012298 -0.075851
v -0.006988 -0.016216 -0.069754
v -0.007335 -0.017236 -0.063493
v -0.000780 -0.018428 -0.063330
v -0.012539 -0.012938 -0.069626
v -0.015380 -0.007336 -0.075409
v -0.015651 -0.002009 -0.079980
v -0.015930 0.002696 -0.085298
v -0.008046 -0.018362 -0.058138
v -0.001792 -0.019656 -0.057920
v -0.015318 0.006906 -0.090971
v -0.008416 -0.019399 -0.052875
v -0.002102 -0.020778 -0.052598
v -0.013025 0.010155 -0.097523
v -0.008685 -0.020494 -0.046535
v -0.002317 -0.022044 -0.046196
v -0.009650 0.012907 -0.105215
v -0.008799 -0.021279 -0.040210
v -0.002450 -0.022952 -0.039841
v -0.008795 -0.021816 -0.031409
v -0.002674 -0.023310 -0.030226
v -0.010122 -0.021673 -0.027731
v -0.003777 -0.023716 -0.020222
v -0.013578 -0.019383 -0.031950
v -0.014072 -0.017714 -0.040923
v -0.014000 -0.016710 -0.047116
v -0.013869 -0.015738 -0.053018
v -0.013534 -0.014777 -0.058189
v -0.013015 -0.013825 -0.063410
v -0.016009 -0.007856 -0.069122
v -0.016177 -0.001928 -0.074634
v -0.016112 0.003197 -0.079259
v -0.015576 0.007783 -0.084805
v -0.013669 0.011263 -0.090818
v -0.011513 0.013844 -0.097525
v -0.016933 -0.009396 -0.057906
v -0.016564 -0.008625 -0.062937
v -0.016760 -0.002233 -0.068229
v -0.016351 0.003378 -0.073763
v -0.015908 0.008413 -0.078617
v -0.014512 0.012108 -0.084632
v -0.012657 0.014959 -0.090900
v -0.017165 -0.002577 -0.061996
v -0.016743 0.003127 -0.067187
v -0.016302 0.008650 -0.072983
v -0.015488 0.012664 -0.078433
v -0.009764 0.015992 -0.097447
v -0.013656 0.015958 -0.084706
v -0.010322 0.017785 -0.090806
v -0.005958 0.015998 -0.103451
v -0.006515 0.017604 -0.097188
v -0.005211 0.014437 -0.109702
v -0.002843 0.016757 -0.103137
v -0.003166 0.018353 -0.096577
v 0.001110 0.019160 -0.095959
v -0.007012 0.019323 -0.090396
v -0.003589 0.020131 -0.089700
v 0.000910 0.020991 -0.088914
v -0.011091 0.019033 -0.084534
v -0.004034 0.021641 -0.083364
v 0.000714 0.022531 -0.082461
v -0.007535 0.020725 -0.084056
v -0.014598 0.016696 -0.078475
v -0.004507 0.022878 -0.076974
v 0.000501 0.023799 -0.075952
v -0.008143 0.021789 -0.077664
v -0.011947 0.019845 -0.078199
v -0.016400 0.012848 -0.072743
v -0.004943 0.023650 -0.071104
v 0.000288 0.024606 -0.070018
v -0.015452 0.016973 -0.072678
v -0.008805 0.022364 -0.071734
v -0.012677 0.020241 -0.072321
v -0.005447 0.024034 -0.064039
v 0.000009 0.025100 -0.062953
v -0.013452 0.020010 -0.065233
v -0.009639 0.022400 -0.064716
v -0.016307 0.016676 -0.065661
v -0.005891 0.024094 -0.057080
v -0.000256 0.025353 -0.056490
v -0.010137 0.022191 -0.057783
v -0.014111 0.019478 -0.058304
v -0.017446 0.012490 -0.065883
v -0.006151 0.023798 -0.050964
v -0.000506 0.025295 -0.050770
v -0.000697 0.024975 -0.044507
v -0.010135 0.021588 -0.051797
v -0.017101 0.015993 -0.058824
v -0.006518 0.023319 -0.044863
v -0.000973 0.024579 -0.038246
v -0.013834 0.018662 -0.052620
v -0.010536 0.020826 -0.045855
v -0.006898 0.022855 -0.038393
v -0.011560 0.019823 -0.039307
v -0.006444 0.022809 -0.031177
v -0.001398 0.023889 -0.030254
v -0.009838 0.021002 -0.031995
v -0.007276 0.021596 -0.022577
v -0.001818 0.022501 -0.020998
v -0.011638 0.019003 -0.023858
v -0.007815 0.019550 -0.015026
v -0.002146 0.020636 -0.013995
v -0.012842 0.018433 -0.032871
v -0.012232 0.017014 -0.016386
v -0.007964 0.017411 -0.008471
v -0.002480 0.018300 -0.007293
v -0.012276 0.015213 -0.009888
v -0.007988 0.015918 -0.003374
v -0.002875 0.016446 -0.001471
v -0.012032 0.014063 -0.005080
v -0.008113 0.014426 0.000437
v -0.003295 0.014486 0.002702
v -0.011734 0.013004 -0.001596
v -0.008401 0.012558 0.004249
v -0.003664 0.013162 0.005475
v -0.011821 0.010759 0.002968
v -0.008815 0.010827 0.009002
v -0.004226 0.011451 0.010096
v -0.012002 0.008790 0.008311
v -0.009140 0.009129 0.012998
v -0.004608 0.010098 0.013511
v -0.012304 0.007166 0.012375
v -0.009426 0.007340 0.017210
v -0.004921 0.008597 0.017125
v -0.009500 0.006421 0.022056
v -0.005096 0.007407 0.021650
v -0.012431 0.004400 0.021495
v -0.012546 0.005275 0.016797
v -0.014299 0.002246 0.021259
v -0.014509 0.002579 0.016490
v -0.015378 0.000228 0.021750
v -0.014291 0.004667 0.011599
v -0.015641 0.001332 0.011207
v -0.014256 0.006265 0.007546
v -0.015802 -0.001046 0.016877
v -0.014107 0.009470 0.000669
v -0.016572 -0.002598 0.019633
v -0.016403 -0.001234 0.022410
v -0.018949 -0.004400 0.018416
v -0.016850 -0.004286 0.015683
v -0.015648 0.003669 0.005245
v -0.014393 0.011036 -0.003495
v -0.017849 -0.007487 0.016868
v -0.019236 -0.006816 0.019199
v -0.018101 -0.008298 0.020484
v -0.019198 -0.007696 0.020892
v -0.019533 -0.009788 0.019758
v -0.018744 -0.010049 0.016342
v -0.016878 -0.005854 0.012439
v -0.016644 -0.002443 0.011266
v -0.016692 -0.008368 0.011877
v -0.019590 -0.012964 0.014489
v -0.016489 -0.000323 0.006547
v -0.016553 -0.003519 0.006877
v -0.016491 -0.011002 0.010517
v -0.016719 -0.014470 0.012175
v -0.016709 -0.006243 0.006627
v -0.015924 -0.013047 0.008938
v -0.014858 -0.015762 0.010292
v -0.016747 -0.008993 0.006106
v -0.018795 -0.004099 0.000232
v -0.018364 -0.001054 0.000491
v -0.016312 0.003311 0.000656
v -0.017526 0.001563 0.000706
v -0.015457 0.006735 -0.000890
v -0.017810 0.005065 -0.002166
v -0.016303 0.008356 -0.004836
v -0.014637 0.011451 -0.006770
v -0.014900 0.012090 -0.011502
v -0.016476 0.008885 -0.008176
v -0.018550 0.006261 -0.005745
v -0.019621 0.002834 -0.002607
v -0.014729 0.013729 -0.017947
v -0.016655 0.009566 -0.012965
v -0.020811 -0.000139 -0.003081
v -0.018338 0.006346 -0.009538
v -0.020247 0.003611 -0.006809
v -0.014414 0.016111 -0.025256
v -0.017148 0.011447 -0.019359
v -0.018345 0.006810 -0.014519
v -0.019929 0.003458 -0.010873
v -0.016970 0.013207 -0.026744
v -0.018770 0.008225 -0.021042
v -0.015939 0.015288 -0.034497
v -0.021925 0.000541 -0.007514
v -0.019684 0.003782 -0.016102
v -0.019083 0.009625 -0.028333
v -0.015031 0.016594 -0.040718
v -0.021975 0.000289 -0.011762
v -0.020677 0.004505 -0.022564
v -0.014221 0.017696 -0.046988
v -0.016669 0.015115 -0.053327
v -0.017286 0.014000 -0.047886
v -0.017974 0.012743 -0.041856
v -0.018386 0.011651 -0.059067
v -0.018258 0.010503 -0.053686
v -0.017384 0.007154 -0.059740
v -0.019362 0.008879 -0.048431
v -0.018612 0.011413 -0.035824
v -0.020287 0.007457 -0.044365
v -0.020705 0.006652 -0.036292
v -0.016892 0.008245 -0.066285
v -0.017027 0.002645 -0.060476
v -0.017379 0.005990 -0.054297
v -0.017312 -0.003198 -0.056871
v -0.016815 0.001702 -0.055686
v -0.018556 0.004588 -0.050197
v -0.018139 0.003449 -0.050341
v -0.017335 0.000054 -0.050983
v -0.017574 -0.004192 -0.051774
v -0.019598 0.003457 -0.047250
v -0.018712 0.001174 -0.047536
v -0.020895 0.000769 -0.043703
v -0.017777 -0.001360 -0.047888
v -0.017128 -0.010204 -0.052924
v -0.017110 -0.011104 -0.047209
v -0.021604 0.002568 -0.040699
v -0.019965 -0.001266 -0.044471
v -0.017889 -0.005205 -0.047659
v -0.017500 -0.012300 -0.041326
v -0.018485 -0.003245 -0.044967
v -0.018254 -0.008064 -0.042750
v -0.022197 -0.002752 -0.039810
v -0.020726 -0.004804 -0.041191
v -0.018988 -0.006272 -0.042048
v -0.019414 -0.009639 -0.039080
v -0.018849 -0.012806 -0.036989
v -0.021211 -0.007957 -0.038336
v -0.022994 -0.006008 -0.036790
v -0.021147 -0.011762 -0.036080
v -0.016832 -0.016720 -0.034143
v -0.023508 -0.009737 -0.034202
v -0.023825 -0.003397 -0.034286
v -0.019998 -0.015972 -0.033315
v -0.017013 -0.019777 -0.030337
v -0.022726 -0.014135 -0.031870
v -0.020866 -0.017576 -0.029868
v -0.014899 -0.022404 -0.026167
v -0.022720 -0.000291 -0.037875
v -0.022202 0.002276 -0.036680
v -0.020962 0.005440 -0.029931
v -0.023340 -0.000319 -0.030761
v -0.022389 0.000420 -0.023866
v -0.024586 -0.006742 -0.030734
v -0.021872 0.000277 -0.017149
v -0.024622 -0.004843 -0.024244
v -0.023498 -0.003314 -0.017984
v -0.024237 -0.011632 -0.029055
v -0.023473 -0.002915 -0.012582
v -0.024574 -0.006302 -0.018878
v -0.023404 -0.005911 -0.026526
v -0.022862 -0.011722 -0.030523
v -0.023945 -0.007839 -0.026396
v -0.023173 -0.002879 -0.008048
v -0.024831 -0.006437 -0.013118
v -0.021512 -0.003521 -0.003433
v -0.024060 -0.006952 -0.008135
v -0.024159 -0.008010 -0.019672
v -0.021717 -0.007284 -0.003577
v -0.025110 -0.009967 -0.013734
v -0.024699 -0.010030 -0.020498
v -0.023969 -0.010859 -0.024963
v -0.025080 -0.012597 -0.015262
v -0.024043 -0.016263 -0.010326
v -0.023549 -0.013328 -0.028149
v -0.023549 -0.012211 -0.008077
v -0.021836 -0.019872 -0.007556
v -0.020642 -0.017435 -0.029321
v -0.021041 -0.016992 -0.027081
v -0.019418 -0.020114 -0.024886
v -0.017073 -0.022126 -0.024199
v -0.019226 -0.022371 -0.020396
v -0.012187 -0.024383 -0.022375
v -0.016868 -0.023969 -0.019700
v -0.011946 -0.025834 -0.016911
v -0.005118 -0.026465 -0.015764
v -0.006172 -0.027232 -0.010228
v -0.013120 -0.026334 -0.012075
v -0.003006 -0.022751 -0.008211
v -0.017529 -0.024627 -0.014018
v -0.019929 -0.023275 -0.014762
v -0.020847 -0.022755 -0.010117
v -0.011345 -0.023282 -0.008083
v -0.003299 -0.020995 -0.005746
v -0.017911 -0.021509 -0.007618
v -0.009892 -0.020429 -0.004209
v -0.003724 -0.019375 -0.000895
v -0.020750 -0.017705 -0.005179
v -0.008803 -0.018110 -0.000101
v -0.004190 -0.018168 0.003865
v -0.014562 -0.017166 -0.003616
v -0.020783 -0.011419 -0.003595
v -0.008912 -0.016768 0.003808
v -0.004396 -0.017460 0.005716
v -0.018136 -0.015454 -0.003601
v -0.013885 -0.015222 -0.000001
v -0.009138 -0.017040 0.006394
v -0.004744 -0.017419 0.008827
v -0.009317 -0.017553 0.009123
v -0.012958 -0.016069 0.009428
v -0.016884 -0.013726 -0.000280
v -0.013263 -0.014660 0.004460
v -0.013124 -0.015320 0.006964
v -0.015236 -0.014948 0.007686
v -0.015666 -0.014540 0.005351
v -0.016287 -0.011952 0.006012
v -0.018182 -0.010772 -0.000063
v -0.018850 -0.007334 -0.000003
v 0.002895 -0.027326 -0.200834
v -0.001798 -0.026800 -0.194519
v 0.002789 -0.027464 -0.194448
v -0.001213 -0.026671 -0.201750
v 0.003006 -0.026416 -0.207129
v -0.005226 -0.024703 -0.200588
v -0.005830 -0.024691 -0.194092
v -0.003422 -0.025116 -0.206122
v -0.009807 -0.021225 -0.200351
v -0.010219 -0.021129 -0.193754
v -0.003271 -0.024841 -0.214254
v 0.003102 -0.026738 -0.214126
v 0.003222 -0.026131 -0.222375
v -0.009140 -0.021254 -0.206905
v -0.010773 -0.015185 -0.206363
v -0.011208 -0.015514 -0.199716
v -0.011607 -0.015610 -0.193181
v -0.010723 -0.009837 -0.198786
v -0.011236 -0.010143 -0.192484
v -0.010286 -0.005094 -0.191809
v -0.003044 -0.024116 -0.221916
v 0.003330 -0.024662 -0.229848
v -0.008644 -0.021167 -0.214398
v -0.009611 -0.004637 -0.197690
v -0.008357 -0.000944 -0.191401
v -0.002568 -0.022560 -0.229982
v 0.003459 -0.022781 -0.238268
v -0.008248 -0.020584 -0.222033
v -0.002043 -0.021024 -0.238217
v 0.003583 -0.020467 -0.246409
v -0.010184 -0.009041 -0.205128
v -0.007996 -0.001347 -0.197226
v -0.005291 0.002525 -0.191204
v -0.010291 -0.015194 -0.213680
v -0.007708 -0.019427 -0.229803
v -0.008543 -0.003040 -0.204520
v -0.009583 -0.009105 -0.212531
v -0.009943 -0.014776 -0.221181
v -0.004760 0.002214 -0.196894
v -0.001471 0.004626 -0.191317
v -0.003989 0.002192 -0.204058
v -0.001699 0.003931 -0.196881
v 0.003230 0.005628 -0.191757
v 0.003298 0.004980 -0.197014
v 0.003399 0.004496 -0.204526
v -0.003819 0.000865 -0.210677
v 0.003456 0.003394 -0.210418
v 0.003533 0.002772 -0.217459
v -0.008088 -0.003993 -0.211775
v -0.003634 0.000250 -0.218135
v 0.003630 0.002520 -0.225678
v -0.009156 -0.008888 -0.220036
v -0.003650 0.000066 -0.226151
v 0.003710 0.002125 -0.233329
v -0.007487 -0.003970 -0.219466
v -0.009654 -0.014019 -0.228801
v -0.008863 -0.008419 -0.227600
v -0.006908 -0.018276 -0.237861
v -0.003526 -0.000253 -0.234036
v 0.003790 0.002401 -0.240868
v -0.007044 -0.003717 -0.226650
v -0.006662 -0.003755 -0.234412
v -0.008958 -0.013392 -0.236717
v -0.001623 -0.018974 -0.246132
v -0.003304 -0.000014 -0.241480
v 0.003869 0.003089 -0.248325
v -0.006156 -0.002920 -0.241862
v -0.008469 -0.008156 -0.235431
v -0.008107 -0.007384 -0.242982
v -0.006165 -0.016486 -0.245492
v -0.001586 -0.017207 -0.254080
v 0.003696 -0.018579 -0.254701
v -0.003247 0.000760 -0.249471
v 0.003933 0.003998 -0.254162
v -0.006319 -0.002706 -0.249226
v -0.008221 -0.012283 -0.244314
v -0.005895 -0.014438 -0.252683
v -0.001830 -0.015869 -0.259431
v 0.003767 -0.017238 -0.260217
v -0.003209 0.001565 -0.255051
v 0.003981 0.004752 -0.259052
v -0.007741 -0.006267 -0.250110
v -0.007529 -0.011198 -0.251580
v -0.006656 -0.011012 -0.258453
v -0.007139 -0.003600 -0.256123
v -0.001913 -0.014437 -0.264882
v 0.003836 -0.015796 -0.265706
v -0.006928 -0.002835 -0.261303
v -0.006443 -0.009761 -0.263654
v -0.001907 -0.012931 -0.270128
v 0.003900 -0.014280 -0.271003
v -0.003064 0.002379 -0.260126
v 0.004026 0.005606 -0.263895
v -0.006719 -0.001931 -0.266179
v -0.006228 -0.008484 -0.268557
v -0.002881 0.003342 -0.265173
v 0.004058 0.006516 -0.268742
v -0.001787 -0.011332 -0.275272
v 0.003953 -0.012692 -0.276212
v -0.005912 -0.007029 -0.273586
v -0.006367 -0.000801 -0.271286
v -0.002694 0.004288 -0.270004
v -0.002376 0.005461 -0.274999
v 0.004093 0.007598 -0.273787
v 0.004139 0.009006 -0.279244
v -0.001599 -0.009582 -0.280452
v 0.004006 -0.010953 -0.281412
v -0.005924 0.000537 -0.276549
v -0.001900 0.007092 -0.280469
v 0.004197 0.010637 -0.285354
v -0.005522 -0.005410 -0.278777
v -0.001365 -0.007606 -0.285767
v 0.004060 -0.008971 -0.286602
v -0.001655 0.008776 -0.286475
v 0.004261 0.012445 -0.291719
v -0.005462 0.002188 -0.282103
v -0.005110 -0.003512 -0.284196
v -0.001120 -0.005421 -0.291563
v 0.004123 -0.006763 -0.292262
v -0.001409 0.010669 -0.292769
v 0.004331 0.014496 -0.298637
v -0.005095 0.004071 -0.288189
v -0.004751 -0.001453 -0.290133
v -0.000871 -0.003116 -0.297522
v 0.004190 -0.004395 -0.298094
v -0.001203 0.012775 -0.299561
v 0.004435 0.016575 -0.305603
v -0.004784 0.006122 -0.294458
v -0.004442 0.000706 -0.296256
v -0.000677 -0.000735 -0.303739
v 0.004259 -0.001942 -0.304243
v -0.000984 0.014872 -0.306394
v 0.004541 0.018523 -0.312642
v -0.004576 0.008327 -0.301064
v -0.004223 0.002972 -0.302654
v -0.000516 0.001540 -0.309986
v 0.004358 0.000389 -0.310443
v -0.004054 0.005185 -0.309079
v -0.000422 0.003683 -0.316338
v 0.004457 0.002531 -0.316667
v 0.004561 0.004523 -0.322941
v -0.004394 0.010529 -0.307700
v -0.000402 0.005690 -0.322889
v 0.004665 0.006203 -0.329252
v -0.003929 0.007270 -0.315592
v -0.004233 0.012607 -0.314423
v -0.000543 0.007734 -0.329911
v 0.004796 0.008139 -0.336706
v -0.003779 0.009217 -0.322324
v -0.000847 0.016946 -0.313304
v 0.004652 0.020373 -0.319709
v -0.004094 0.014564 -0.321276
v -0.000688 0.018855 -0.320293
v 0.004764 0.021903 -0.326897
v -0.003530 0.010763 -0.329604
v -0.000546 0.020447 -0.327470
v 0.004884 0.023218 -0.334309
v -0.003934 0.016213 -0.328377
v -0.000419 0.021732 -0.334836
v 0.005011 0.024481 -0.341720
v -0.003676 0.017783 -0.335518
v -0.003715 0.013159 -0.336230
v -0.002550 0.009166 -0.331944
v -0.000418 0.022915 -0.342272
v 0.005135 0.025177 -0.349385
v -0.003494 0.018959 -0.342810
v 0.000257 0.008966 -0.336665
v -0.000620 0.023181 -0.350014
v 0.005264 0.025852 -0.356867
v -0.002724 0.010090 -0.337024
v 0.000038 0.010388 -0.343745
v 0.004934 0.009843 -0.344220
v -0.003638 0.014373 -0.343247
v -0.003158 0.010987 -0.343724
v -0.000668 0.010921 -0.351136
v 0.005070 0.010765 -0.351834
v -0.001053 0.023157 -0.357698
v 0.002752 0.027481 -0.368193
v -0.003991 0.010176 -0.350827
v -0.001767 0.011327 -0.358683
v 0.005212 0.011527 -0.359509
v -0.001374 0.012305 -0.363595
v 0.005403 0.012165 -0.369316
v -0.002094 0.013167 -0.368316
v -0.003686 0.014218 -0.350622
v -0.003762 0.014332 -0.357994
v -0.003209 0.015870 -0.377165
v 0.005594 0.014024 -0.378694
v -0.003111 0.014174 -0.368089
v -0.003347 0.018894 -0.350452
v -0.003197 0.018838 -0.358081
v -0.003844 0.014772 -0.362783
v -0.003109 0.019591 -0.368992
v -0.009245 0.019313 -0.387693
v 0.004601 0.017313 -0.387384
v -0.005017 0.025092 -0.368798
v -0.008137 0.021762 -0.376948
v -0.011326 0.027060 -0.376716
v 0.003137 0.028303 -0.375997
v -0.008388 0.022009 -0.396261
v 0.003865 0.019753 -0.395432
v -0.017417 0.024496 -0.386744
v -0.020523 0.030884 -0.383744
v 0.001278 0.029491 -0.382895
v -0.024366 0.030189 -0.384516
v -0.019963 0.032757 -0.391334
v 0.000620 0.029950 -0.390593
v -0.018505 0.032478 -0.400097
v 0.000587 0.029338 -0.399036
v 0.000818 0.027577 -0.400539
v -0.019218 0.030038 -0.400305
v -0.026628 0.030230 -0.393931
v -0.017739 0.026213 -0.394969
v -0.011302 0.026424 -0.400411
v 0.002229 0.025125 -0.401338
v 0.003130 0.022270 -0.399855
v -0.007373 0.023634 -0.399024
v -0.013830 -0.039808 0.057243
v -0.014423 -0.039973 0.056890
v -0.011499 -0.040430 0.056321
v -0.017179 -0.039545 0.058322
v -0.017244 -0.039829 0.057617
v -0.020252 -0.039589 0.058047
v -0.013474 -0.040365 0.058233
v -0.011499 -0.040430 0.056321
v -0.020325 -0.039233 0.058739
v -0.023348 -0.038989 0.058151
v -0.017177 -0.039902 0.059528
v -0.023418 -0.038644 0.058972
v -0.026484 -0.038224 0.058110
v -0.020320 -0.039652 0.060182
v -0.017081 -0.041033 0.060553
v -0.026599 -0.037882 0.059040
v -0.029744 -0.037346 0.058072
v -0.013444 -0.041240 0.058420
v -0.023547 -0.039115 0.060477
v -0.029936 -0.036990 0.059008
v -0.033312 -0.036192 0.057921
v -0.026865 -0.038371 0.060663
v -0.023697 -0.040673 0.062076
v -0.020136 -0.041124 0.061530
v -0.017091 -0.041941 0.060355
v -0.014312 -0.041529 0.057733
v -0.033414 -0.035842 0.058899
v -0.036782 -0.034856 0.057682
v -0.030378 -0.037621 0.060965
v -0.036839 -0.034402 0.058664
v -0.040142 -0.033097 0.056998
v -0.027260 -0.040053 0.062335
v -0.033947 -0.036468 0.060908
v -0.040253 -0.032580 0.058037
v -0.043504 -0.030985 0.056076
v -0.030909 -0.039177 0.062496
v -0.037492 -0.035041 0.060835
v -0.043394 -0.029977 0.056270
v -0.044625 -0.030094 0.055240
v -0.045089 -0.028977 0.056222
v -0.046651 -0.028590 0.057945
v -0.041298 -0.033316 0.060467
v -0.044797 -0.031303 0.059797
v -0.049264 -0.029606 0.060056
v -0.034606 -0.038134 0.062530
v -0.038544 -0.036751 0.062469
v -0.046773 -0.033002 0.061629
v -0.050550 -0.030783 0.060727
v -0.051197 -0.031988 0.060575
v -0.042674 -0.035180 0.062193
v -0.047339 -0.034218 0.061443
v -0.051188 -0.032786 0.059566
v -0.035003 -0.039229 0.062463
v -0.043057 -0.036166 0.062030
v -0.047320 -0.034836 0.060404
v -0.050062 -0.033187 0.057769
v -0.038916 -0.037925 0.062288
v -0.043161 -0.036804 0.061054
v -0.045793 -0.034517 0.057498
v -0.047520 -0.032872 0.055633
v -0.044006 -0.032502 0.055791
v -0.045500 -0.031669 0.055116
v -0.044625 -0.030094 0.055240
v -0.043504 -0.030985 0.056076
v -0.040142 -0.033097 0.056998
v -0.038968 -0.038417 0.061364
v -0.042147 -0.036338 0.058328
v -0.040659 -0.034395 0.056791
v -0.036782 -0.034856 0.057682
v -0.038341 -0.037851 0.058896
v -0.037162 -0.035943 0.057464
v -0.033312 -0.036192 0.057921
v -0.035099 -0.039722 0.061574
v -0.033615 -0.037258 0.057721
v -0.029744 -0.037346 0.058072
v -0.034510 -0.039121 0.059165
v -0.031121 -0.040314 0.062473
v -0.029941 -0.038375 0.057859
v -0.026484 -0.038224 0.058110
v -0.030780 -0.040191 0.059255
v -0.031159 -0.040807 0.061588
v -0.027411 -0.041058 0.062340
v -0.026645 -0.039231 0.057912
v -0.023348 -0.038989 0.058151
v -0.027419 -0.041625 0.061458
v -0.023825 -0.041737 0.062021
v -0.027171 -0.041002 0.059145
v -0.023432 -0.039879 0.057973
v -0.020252 -0.039589 0.058047
v -0.023877 -0.042229 0.061129
v -0.020245 -0.042076 0.061365
v -0.023706 -0.041562 0.058998
v -0.020348 -0.042468 0.060399
v -0.020287 -0.040349 0.057904
v -0.017176 -0.042251 0.059454
v -0.020279 -0.041871 0.058777
v -0.017333 -0.041880 0.058299
v -0.017391 -0.040597 0.057491
v -0.017244 -0.039829 0.057617
v -0.014654 -0.040578 0.056833
v -0.014423 -0.039973 0.056890
v -0.098645 -0.024612 -0.057344
v -0.097493 -0.022812 -0.059286
v -0.096802 -0.024142 -0.059770
v -0.098990 -0.024124 -0.057255
v -0.100479 -0.026164 -0.054694
v -0.100769 -0.024207 -0.057297
v -0.100278 -0.022240 -0.060948
v -0.100479 -0.026164 -0.054694
v -0.100479 -0.026164 -0.054694
v -0.100945 -0.023326 -0.061769
v -0.101548 -0.025556 -0.056482
v -0.100328 -0.024732 -0.062327
v -0.101445 -0.026523 -0.056663
v -0.100479 -0.026164 -0.054694
v -0.100388 -0.026395 -0.056870
v -0.098648 -0.024830 -0.061912
v -0.098645 -0.024612 -0.057344
v -0.096802 -0.024142 -0.059770
v -0.100479 -0.026164 -0.054694
v -0.099455 -0.023110 -0.066199
v -0.100945 -0.023326 -0.061769
v -0.100328 -0.024732 -0.062327
v -0.100236 -0.021666 -0.065841
v -0.098923 -0.022214 -0.067653
v -0.099825 -0.020610 -0.064656
v -0.100278 -0.022240 -0.060948
v -0.099531 -0.020817 -0.067483
v -0.097892 -0.021894 -0.068101
v -0.098813 -0.020089 -0.067839
v -0.096894 -0.019205 -0.067215
v -0.096023 -0.021259 -0.067664
v -0.097372 -0.020085 -0.063219
v -0.097493 -0.022812 -0.059286
v -0.091104 -0.019290 -0.062105
v -0.090630 -0.020746 -0.062591
v -0.084585 -0.020374 -0.057805
v -0.091946 -0.019402 -0.058666
v -0.085083 -0.018807 -0.057369
v -0.078159 -0.019590 -0.053667
v -0.078474 -0.018112 -0.052994
v -0.071560 -0.018633 -0.049734
v -0.086059 -0.018816 -0.054092
v -0.091567 -0.022188 -0.055310
v -0.072068 -0.017408 -0.048961
v -0.064394 -0.018135 -0.045636
v -0.079840 -0.018339 -0.050008
v -0.064773 -0.016784 -0.044659
v -0.057154 -0.017430 -0.041664
v -0.091232 -0.023258 -0.056107
v -0.096802 -0.024142 -0.059770
v -0.086015 -0.021439 -0.051484
v -0.073572 -0.017881 -0.045976
v -0.085602 -0.022551 -0.052072
v -0.080115 -0.020496 -0.047796
v -0.079435 -0.022172 -0.048456
v -0.074259 -0.020388 -0.043667
v -0.066462 -0.017700 -0.041482
v -0.057689 -0.016269 -0.040716
v -0.050198 -0.014799 -0.038466
v -0.049352 -0.015951 -0.039448
v -0.042518 -0.013026 -0.036466
v -0.041495 -0.014277 -0.037526
v -0.037781 -0.012530 -0.035481
v -0.036937 -0.013744 -0.036265
v -0.033548 -0.012659 -0.034533
v -0.032932 -0.013664 -0.034901
v -0.031919 -0.014266 -0.031562
v -0.038287 -0.012292 -0.033729
v -0.043784 -0.013690 -0.032084
v -0.051249 -0.015562 -0.035337
v -0.059141 -0.017516 -0.037352
v -0.034365 -0.012613 -0.031093
v -0.033605 -0.012560 -0.028236
v -0.028231 -0.014311 -0.029426
v -0.038628 -0.012913 -0.030129
v -0.052067 -0.017458 -0.031913
v -0.066942 -0.020368 -0.038844
v -0.044731 -0.016169 -0.027668
v -0.059672 -0.020460 -0.034031
v -0.073656 -0.022016 -0.044251
v -0.039533 -0.015330 -0.025350
v -0.052317 -0.020119 -0.029472
v -0.066364 -0.021914 -0.039239
v -0.044765 -0.019810 -0.024898
v -0.058935 -0.022322 -0.034391
v -0.051923 -0.022051 -0.029478
v -0.071723 -0.021482 -0.047858
v -0.064540 -0.021394 -0.043207
v -0.057664 -0.022345 -0.036720
v -0.050700 -0.023011 -0.030814
v -0.044500 -0.022029 -0.024845
v -0.039211 -0.019487 -0.021523
v -0.078138 -0.021991 -0.051582
v -0.034842 -0.014524 -0.022805
v -0.084625 -0.022672 -0.056011
v -0.029925 -0.012244 -0.026998
v -0.026661 -0.013984 -0.029026
v -0.028178 -0.011831 -0.026482
v -0.024972 -0.013689 -0.028565
v -0.090523 -0.023306 -0.060412
v -0.030981 -0.012752 -0.022469
v -0.026546 -0.011320 -0.026009
v -0.023837 -0.013611 -0.028020
v -0.028941 -0.012036 -0.021962
v -0.031480 -0.014522 -0.018929
v -0.025539 -0.010860 -0.025821
v -0.023549 -0.013328 -0.028149
v -0.023969 -0.010859 -0.024963
v -0.027273 -0.011222 -0.021465
v -0.026086 -0.010648 -0.021118
v -0.024699 -0.010030 -0.020498
v -0.029621 -0.014239 -0.017575
v -0.034224 -0.018983 -0.017812
v -0.027520 -0.013737 -0.016499
v -0.026178 -0.013238 -0.015962
v -0.025080 -0.012597 -0.015262
v -0.030466 -0.017825 -0.015422
v -0.038426 -0.021904 -0.021041
v -0.028924 -0.017057 -0.014460
v -0.027087 -0.016621 -0.013221
v -0.025440 -0.016891 -0.011492
v -0.024043 -0.016263 -0.010326
v -0.032960 -0.021793 -0.016984
v -0.043005 -0.023607 -0.026526
v -0.029004 -0.021267 -0.014405
v -0.028148 -0.020188 -0.013531
v -0.023920 -0.020274 -0.009675
v -0.021836 -0.019872 -0.007556
v -0.020847 -0.022755 -0.010117
v -0.026518 -0.019664 -0.012390
v -0.036882 -0.023722 -0.022590
v -0.031291 -0.023671 -0.018763
v -0.022580 -0.022768 -0.011773
v -0.019929 -0.023275 -0.014762
v -0.026909 -0.023728 -0.016216
v -0.025711 -0.023125 -0.015125
v -0.024342 -0.022783 -0.013411
v -0.021320 -0.023261 -0.016202
v -0.019226 -0.022371 -0.020396
v -0.022702 -0.023302 -0.017797
v -0.020329 -0.022426 -0.021081
v -0.019418 -0.020114 -0.024886
v -0.024150 -0.023483 -0.019072
v -0.025495 -0.023743 -0.019963
v -0.020830 -0.019543 -0.025505
v -0.021041 -0.016992 -0.027081
v -0.021466 -0.022311 -0.022145
v -0.022219 -0.016637 -0.027624
v -0.023549 -0.013328 -0.028149
v -0.023837 -0.013611 -0.028020
v -0.023634 -0.021925 -0.023397
v -0.021937 -0.019474 -0.026006
v -0.023442 -0.016689 -0.028264
v -0.024972 -0.013689 -0.028565
v -0.023623 -0.019433 -0.026503
v -0.025138 -0.016882 -0.028711
v -0.026661 -0.013984 -0.029026
v -0.025230 -0.022024 -0.023886
v -0.025521 -0.019525 -0.027039
v -0.026759 -0.016965 -0.029193
v -0.028231 -0.014311 -0.029426
v -0.029205 -0.022878 -0.023375
v -0.030405 -0.016682 -0.030880
v -0.031919 -0.014266 -0.031562
v -0.029186 -0.020012 -0.028951
v -0.035178 -0.023467 -0.027556
v -0.031580 -0.016369 -0.033530
v -0.032932 -0.013664 -0.034901
v -0.041658 -0.023063 -0.031121
v -0.034662 -0.019822 -0.033546
v -0.036026 -0.015488 -0.035893
v -0.036937 -0.013744 -0.036265
v -0.041495 -0.014277 -0.037526
v -0.040734 -0.019507 -0.035954
v -0.049674 -0.022161 -0.034290
v -0.048586 -0.019556 -0.038153
v -0.049352 -0.015951 -0.039448
v -0.056373 -0.019844 -0.041001
v -0.057154 -0.017430 -0.041664
v -0.064394 -0.018135 -0.045636
v -0.071560 -0.018633 -0.049734
v -0.078159 -0.019590 -0.053667
v -0.084585 -0.020374 -0.057805
v -0.090630 -0.020746 -0.062591
v -0.096395 -0.023623 -0.064715
v -0.096023 -0.021259 -0.067664
v -0.098648 -0.024830 -0.061912
v -0.098173 -0.023733 -0.065672
v -0.097892 -0.021894 -0.068101
v -0.100328 -0.024732 -0.062327
v -0.098923 -0.022214 -0.067653
v -0.099455 -0.023110 -0.066199
v -0.047596 -0.003430 0.060758
v -0.047576 -0.005163 0.059908
v -0.045687 -0.004949 0.061721
v -0.045618 -0.003366 0.062413
v -0.049375 -0.002241 0.062303
v -0.041653 -0.004756 0.063706
v -0.047048 -0.002057 0.065083
v -0.051658 -0.002089 0.064106
v -0.041839 -0.003258 0.064435
v -0.037712 -0.004743 0.064804
v -0.042640 -0.002265 0.066793
v -0.048296 -0.002919 0.067800
v -0.052942 -0.003075 0.065286
v -0.037788 -0.003325 0.065548
v -0.033938 -0.004742 0.065405
v -0.038340 -0.002414 0.067978
v -0.043544 -0.003010 0.069415
v -0.048612 -0.003918 0.068394
v -0.053407 -0.004054 0.065686
v -0.033872 -0.003548 0.065958
v -0.030271 -0.004820 0.065686
v -0.034261 -0.002591 0.068424
v -0.038941 -0.003058 0.070236
v -0.043756 -0.003969 0.070062
v -0.048461 -0.005437 0.067992
v -0.053223 -0.005668 0.065163
v -0.052183 -0.006713 0.063470
v -0.030061 -0.003803 0.066101
v -0.026885 -0.005000 0.065575
v -0.030371 -0.002863 0.068412
v -0.026653 -0.004039 0.065962
v -0.023697 -0.005256 0.065353
v -0.039123 -0.003945 0.070761
v -0.047560 -0.006298 0.065239
v -0.050252 -0.006941 0.061574
v -0.048412 -0.006170 0.060410
v -0.045889 -0.005893 0.062694
v -0.047576 -0.005163 0.059908
v -0.045687 -0.004949 0.061721
v -0.041653 -0.004756 0.063706
v -0.042922 -0.006005 0.067220
v -0.042005 -0.005767 0.064568
v -0.038031 -0.005767 0.065844
v -0.037712 -0.004743 0.064804
v -0.043546 -0.005231 0.069589
v -0.039133 -0.005046 0.070370
v -0.038593 -0.005902 0.068213
v -0.034257 -0.005685 0.066295
v -0.033938 -0.004742 0.065405
v -0.034934 -0.004988 0.070653
v -0.034717 -0.005890 0.068569
v -0.030613 -0.005689 0.066479
v -0.030271 -0.004820 0.065686
v -0.034936 -0.004041 0.070968
v -0.031063 -0.005132 0.070561
v -0.030959 -0.005953 0.068611
v -0.027176 -0.005868 0.066333
v -0.026885 -0.005000 0.065575
v -0.034796 -0.003317 0.070586
v -0.030932 -0.004244 0.070850
v -0.030736 -0.003578 0.070466
v -0.027518 -0.005504 0.069986
v -0.027372 -0.006150 0.068131
v -0.023924 -0.006128 0.066069
v -0.023697 -0.005256 0.065353
v -0.027185 -0.004583 0.070414
v -0.026945 -0.003922 0.070071
v -0.023905 -0.005886 0.069316
v -0.023982 -0.006409 0.067749
v -0.020805 -0.006466 0.065649
v -0.020604 -0.005554 0.064963
v -0.023617 -0.005023 0.069714
v -0.026692 -0.003143 0.068076
v -0.020727 -0.006734 0.067259
v -0.020419 -0.006351 0.068484
v -0.017703 -0.006799 0.065071
v -0.017641 -0.005941 0.064558
v -0.014764 -0.006272 0.064078
v -0.023409 -0.004312 0.069376
v -0.023238 -0.003580 0.067650
v -0.017537 -0.007086 0.066437
v -0.014449 -0.006856 0.064207
v -0.012559 -0.006512 0.063985
v -0.014251 -0.007017 0.065453
v -0.012559 -0.006512 0.063985
v -0.017171 -0.006742 0.067438
v -0.013946 -0.006614 0.065796
v -0.017059 -0.006203 0.067799
v -0.014573 -0.005708 0.065478
v -0.014763 -0.005824 0.064427
v -0.020268 -0.005617 0.068873
v -0.020018 -0.004771 0.068489
v -0.017072 -0.005228 0.067287
v -0.019913 -0.004112 0.067117
v -0.017125 -0.004872 0.066385
v -0.023420 -0.004278 0.065759
v -0.020604 -0.005554 0.064963
v -0.020294 -0.004604 0.065451
v -0.017641 -0.005941 0.064558
v -0.017444 -0.005126 0.065072
v -0.014764 -0.006272 0.064078
v -0.012559 -0.006512 0.063985
v -0.022472 -0.013487 0.016172
v -0.019590 -0.012964 0.014489
v -0.018744 -0.010049 0.016342
v -0.021969 -0.011311 0.017703
v -0.024416 -0.013920 0.017865
v -0.019533 -0.009788 0.019758
v -0.023775 -0.011874 0.019213
v -0.025698 -0.014216 0.019552
v -0.021561 -0.010768 0.020448
v -0.025208 -0.012274 0.020783
v -0.027116 -0.014524 0.021131
v -0.019108 -0.011278 0.022842
v -0.018053 -0.010273 0.022954
v -0.022631 -0.011209 0.021547
v -0.026723 -0.012639 0.022291
v -0.028954 -0.014882 0.022984
v -0.017446 -0.012457 0.024156
v -0.016427 -0.011864 0.024888
v -0.020122 -0.012054 0.023611
v -0.023890 -0.011791 0.022973
v -0.028501 -0.013117 0.024074
v -0.033087 -0.015658 0.026622
v -0.016193 -0.014721 0.025190
v -0.015216 -0.014176 0.025717
v -0.015469 -0.016940 0.026283
v -0.018262 -0.013215 0.024744
v -0.021690 -0.012620 0.024788
v -0.025185 -0.012351 0.024274
v -0.015875 -0.017237 0.025834
v -0.015546 -0.018954 0.024900
v -0.016764 -0.015242 0.025874
v -0.019679 -0.013994 0.026075
v -0.023268 -0.013233 0.025953
v -0.016177 -0.018809 0.024377
v -0.015927 -0.018624 0.021201
v -0.016080 -0.017657 0.026525
v -0.017998 -0.015741 0.027298
v -0.021388 -0.014582 0.027331
v -0.017228 -0.018050 0.027909
v -0.019788 -0.016125 0.028596
v -0.018971 -0.018318 0.029141
v -0.018100 -0.019690 0.026403
v -0.016648 -0.019305 0.025071
v -0.023508 -0.015283 0.028801
v -0.022054 -0.016692 0.030041
v -0.021278 -0.018665 0.030547
v -0.019867 -0.019859 0.027623
v -0.025197 -0.013997 0.027439
v -0.026435 -0.017720 0.033353
v -0.027700 -0.016353 0.032236
v -0.026944 -0.013022 0.025872
v -0.029235 -0.015127 0.030886
v -0.032417 -0.014080 0.027762
v -0.030847 -0.014215 0.029400
v -0.033475 -0.016234 0.034531
v -0.036683 -0.015209 0.031537
v -0.037530 -0.016570 0.030299
v -0.035019 -0.015403 0.033027
v -0.042192 -0.016548 0.036332
v -0.043155 -0.017763 0.034918
v -0.040914 -0.016684 0.037557
v -0.047856 -0.017665 0.040209
v -0.048649 -0.019086 0.039063
v -0.031888 -0.017505 0.035972
v -0.038700 -0.017485 0.039032
v -0.045337 -0.017549 0.041519
v -0.052404 -0.018760 0.043367
v -0.053221 -0.020127 0.042526
v -0.036623 -0.018866 0.040451
v -0.042732 -0.018526 0.043051
v -0.048990 -0.018338 0.044622
v -0.054022 -0.019647 0.045760
v -0.054905 -0.021012 0.044650
v -0.055051 -0.022790 0.047824
v -0.040151 -0.019952 0.044258
v -0.045431 -0.019243 0.045711
v -0.051250 -0.019248 0.046847
v -0.042467 -0.020909 0.046937
v -0.047574 -0.020177 0.047826
v -0.043979 -0.022177 0.049101
v -0.054002 -0.021449 0.048813
v -0.051858 -0.021151 0.049783
v -0.048560 -0.021951 0.050480
v -0.054341 -0.022467 0.051105
v -0.055524 -0.023696 0.050023
v -0.051932 -0.022102 0.051601
v -0.055028 -0.022934 0.052689
v -0.056113 -0.024062 0.051252
v -0.044969 -0.023977 0.051102
v -0.048826 -0.022822 0.052010
v -0.052685 -0.022789 0.053326
v -0.055725 -0.023458 0.053763
v -0.056817 -0.024526 0.052430
v -0.053974 -0.023508 0.054936
v -0.056126 -0.024219 0.054442
v -0.057047 -0.025310 0.053376
v -0.056437 -0.026460 0.055180
v -0.049655 -0.023637 0.053881
v -0.045508 -0.024872 0.052292
v -0.055257 -0.024609 0.055665
v -0.051661 -0.024425 0.056178
v -0.054131 -0.025991 0.057478
v -0.055209 -0.027896 0.057183
v -0.046513 -0.025251 0.054393
v -0.048169 -0.025705 0.056654
v -0.052937 -0.027696 0.059463
v -0.054045 -0.029578 0.059233
v -0.050435 -0.026166 0.058404
v -0.051702 -0.030036 0.061202
v -0.052702 -0.031274 0.060855
v -0.051197 -0.031988 0.060575
v -0.050550 -0.030783 0.060727
v -0.049264 -0.029606 0.060056
v -0.049234 -0.027892 0.060033
v -0.046651 -0.028590 0.057945
v -0.046467 -0.027136 0.057704
v -0.045089 -0.028977 0.056222
v -0.044477 -0.027084 0.054670
v -0.044149 -0.029064 0.054301
v -0.044625 -0.030094 0.055240
v -0.045126 -0.031604 0.054093
v -0.045500 -0.031669 0.055116
v -0.047520 -0.032872 0.055633
v -0.043979 -0.026417 0.052845
v -0.043218 -0.025227 0.051491
v -0.043656 -0.028476 0.053229
v -0.042123 -0.023891 0.049686
v -0.044080 -0.031322 0.054130
v -0.042569 -0.027159 0.051277
v -0.048300 -0.033219 0.054627
v -0.050062 -0.033187 0.057769
v -0.040699 -0.022546 0.047523
v -0.040257 -0.024705 0.047240
v -0.038628 -0.021528 0.044965
v -0.041673 -0.025922 0.049507
v -0.035124 -0.020411 0.041264
v -0.042841 -0.028404 0.050372
v -0.051064 -0.033418 0.056866
v -0.051188 -0.032786 0.059566
v -0.041880 -0.026933 0.048371
v -0.038039 -0.023242 0.044726
v -0.030702 -0.018925 0.037004
v -0.025790 -0.019451 0.033742
v -0.030203 -0.020490 0.037276
v -0.034573 -0.021839 0.041392
v -0.038334 -0.024397 0.043719
v -0.034860 -0.023110 0.040020
v -0.040763 -0.025685 0.046306
v -0.022168 -0.019972 0.029121
v -0.030739 -0.021600 0.036246
v -0.026580 -0.020529 0.032498
v -0.023628 -0.020078 0.027231
v -0.032068 -0.021680 0.034687
v -0.036407 -0.023205 0.038650
v -0.039959 -0.024714 0.042113
v -0.042949 -0.025919 0.044735
v -0.038292 -0.022563 0.037045
v -0.027926 -0.020538 0.030891
v -0.021352 -0.020025 0.025455
v -0.044293 -0.027132 0.046678
v -0.042996 -0.024019 0.040533
v -0.033749 -0.020975 0.032821
v -0.019672 -0.019969 0.024066
v -0.018097 -0.019822 0.022550
v -0.021886 -0.019336 0.021842
v -0.017241 -0.019452 0.021492
v -0.020480 -0.019285 0.020158
v -0.019170 -0.019143 0.018899
v -0.016272 -0.017911 0.017804
v -0.023367 -0.019393 0.023429
v -0.023838 -0.018177 0.020195
v -0.020726 -0.018139 0.016721
v -0.016654 -0.017303 0.014479
v -0.022545 -0.018224 0.018323
v -0.025390 -0.019486 0.025415
v -0.021660 -0.015950 0.015533
v -0.016719 -0.014470 0.012175
v -0.019590 -0.012964 0.014489
v -0.022472 -0.013487 0.016172
v -0.023826 -0.016234 0.017341
v -0.024416 -0.013920 0.017865
v -0.025160 -0.016351 0.019292
v -0.025698 -0.014216 0.019552
v -0.025170 -0.018203 0.021924
v -0.026501 -0.016503 0.021097
v -0.027116 -0.014524 0.021131
v -0.027022 -0.018314 0.024015
v -0.028256 -0.016734 0.023189
v -0.028954 -0.014882 0.022984
v -0.029509 -0.019955 0.029224
v -0.031072 -0.018874 0.027831
v -0.032346 -0.017448 0.026927
v -0.033087 -0.015658 0.026622
v -0.035462 -0.019711 0.031270
v -0.036815 -0.018257 0.030460
v -0.037530 -0.016570 0.030299
v -0.040958 -0.021056 0.035531
v -0.042476 -0.019625 0.035016
v -0.043155 -0.017763 0.034918
v -0.046365 -0.022450 0.039346
v -0.048091 -0.020769 0.038881
v -0.048649 -0.019086 0.039063
v -0.046708 -0.025179 0.043312
v -0.052163 -0.022023 0.041966
v -0.053221 -0.020127 0.042526
v -0.050306 -0.023614 0.042421
v -0.048015 -0.026058 0.045111
v -0.054148 -0.022958 0.044126
v -0.054905 -0.021012 0.044650
v -0.055051 -0.022790 0.047824
v -0.051905 -0.024587 0.044187
v -0.045206 -0.028391 0.048614
v -0.048918 -0.027241 0.047244
v -0.045874 -0.030569 0.051830
v -0.052544 -0.026117 0.046816
v -0.054693 -0.024670 0.047182
v -0.047506 -0.030707 0.052344
v -0.049365 -0.029290 0.049992
v -0.055033 -0.025637 0.048971
v -0.055524 -0.023696 0.050023
v -0.052730 -0.027548 0.048754
v -0.050217 -0.032042 0.053441
v -0.050828 -0.029955 0.050978
v -0.055788 -0.025991 0.050152
v -0.056113 -0.024062 0.051252
v -0.053751 -0.028159 0.050080
v -0.052927 -0.030589 0.053156
v -0.056784 -0.026183 0.051673
v -0.056817 -0.024526 0.052430
v -0.057047 -0.025310 0.053376
v -0.055348 -0.028317 0.051814
v -0.057026 -0.026442 0.052863
v -0.056437 -0.026460 0.055180
v -0.052210 -0.032069 0.055149
v -0.056342 -0.027847 0.053694
v -0.055047 -0.029545 0.055480
v -0.055209 -0.027896 0.057183
v -0.053842 -0.031293 0.057616
v -0.054045 -0.029578 0.059233
v -0.052702 -0.031274 0.060855
v -0.052588 -0.032689 0.059221
v -0.051197 -0.031988 0.060575
v -0.005174 -0.031865 0.028805
v -0.005172 -0.033328 0.029647
v -0.003976 -0.033232 0.029498
v -0.002865 -0.032012 0.029079
v -0.003356 -0.029378 0.028458
v -0.002617 -0.033752 0.029978
v -0.005175 -0.029303 0.028282
v -0.005179 -0.025472 0.026961
v -0.001922 -0.033432 0.030343
v -0.002659 -0.025177 0.027030
v -0.005179 -0.023572 0.025882
v -0.001785 -0.023058 0.025973
v -0.005181 -0.022320 0.024291
v -0.000658 -0.021865 0.024890
v -0.005184 -0.021652 0.022706
v -0.000615 -0.025003 0.027736
v -0.001730 -0.028468 0.028761
v 0.000091 -0.021007 0.023225
v 0.000669 -0.025314 0.029432
v -0.000560 -0.020362 0.020808
v -0.005184 -0.021133 0.020555
v 0.001054 -0.020325 0.020932
v 0.001457 -0.019287 0.017034
v -0.000899 -0.019543 0.016778
v -0.005184 -0.019875 0.016911
v -0.005012 -0.018143 0.012588
v -0.000246 -0.027384 0.029752
v -0.000502 -0.017755 0.012499
v 0.002497 -0.016757 0.012731
v -0.000145 -0.017285 0.008922
v -0.004744 -0.017419 0.008827
v 0.004130 -0.015453 0.008717
v 0.004181 -0.017039 0.013149
v 0.005774 -0.015075 0.009628
v 0.006836 -0.014013 0.011875
v -0.000905 -0.029033 0.030023
v -0.001861 -0.029521 0.029146
v -0.001762 -0.031201 0.029367
v -0.001025 -0.030282 0.030060
v -0.000958 -0.032092 0.030466
v -0.000579 -0.028853 0.030973
v -0.000627 -0.030655 0.030812
v -0.000093 -0.027033 0.031058
v -0.000779 -0.028948 0.032356
v -0.001190 -0.032289 0.031803
v -0.000749 -0.030888 0.032187
v -0.001725 -0.031126 0.033198
v -0.002126 -0.032187 0.032565
v -0.002360 -0.033512 0.031188
v -0.003452 -0.032261 0.033092
v -0.002901 -0.033958 0.030631
v -0.002617 -0.033752 0.029978
v -0.003442 -0.033041 0.031578
v -0.004075 -0.033340 0.030557
v -0.005166 -0.033142 0.031445
v -0.003976 -0.033232 0.029498
v -0.005172 -0.033328 0.029647
v -0.004058 -0.032753 0.032247
v -0.005163 -0.032863 0.032186
v -0.006268 -0.032753 0.032254
v -0.006889 -0.033041 0.031589
v -0.006262 -0.033339 0.030564
v -0.006368 -0.033232 0.029505
v -0.007725 -0.033751 0.029994
v -0.007436 -0.033957 0.030646
v -0.001275 -0.016687 0.031661
v -0.001089 -0.015510 0.031587
v -0.001503 -0.017002 0.031771
v -0.001280 -0.016995 0.032103
v -0.009236 -0.015509 0.031614
v -0.009050 -0.016685 0.031687
v -0.008820 -0.017001 0.031795
v -0.009041 -0.016994 0.032128
v -0.004940 -0.017826 0.033541
v -0.004599 -0.017905 0.033133
v -0.004648 -0.017756 0.033452
v -0.005157 -0.018065 0.033241
v -0.004441 -0.018535 0.032655
v -0.004422 -0.017974 0.033138
v -0.004191 -0.017868 0.032835
v -0.004233 -0.017641 0.033316
v -0.003898 -0.017676 0.033188
v -0.003721 -0.017877 0.032827
v -0.003826 -0.018418 0.032232
v -0.003972 -0.018323 0.031432
v -0.003450 -0.018442 0.032140
v -0.003262 -0.017710 0.032887
v -0.003135 -0.017596 0.032410
v -0.002946 -0.018496 0.031841
v -0.002786 -0.017586 0.032486
v -0.002442 -0.017436 0.032444
v -0.002578 -0.017243 0.032780
v -0.002267 -0.018445 0.031496
v -0.002272 -0.017468 0.030076
v -0.002069 -0.017118 0.031960
v -0.002173 -0.016606 0.032398
v -0.001874 -0.016476 0.032204
v -0.001917 -0.016326 0.032608
v -0.001503 -0.017002 0.031771
v -0.001618 -0.018139 0.030989
v -0.001135 -0.017889 0.030684
v -0.001275 -0.016687 0.031661
v -0.001119 -0.016213 0.030962
v -0.001089 -0.015510 0.031587
v -0.000492 -0.015977 0.030988
v -0.000914 -0.017454 0.030024
v -0.000893 -0.016322 0.028608
v 0.000033 -0.017093 0.029872
v -0.001135 -0.017889 0.030684
v 0.000238 -0.016986 0.030557
v 0.000238 -0.016986 0.030557
v 0.000373 -0.016637 0.029138
v -0.002973 -0.016445 0.028148
v -0.003554 -0.017382 0.029680
v -0.005169 -0.016623 0.027979
v -0.005165 -0.017658 0.029926
v -0.002338 -0.014773 0.026579
v -0.005163 -0.018364 0.031512
v -0.006355 -0.018322 0.031439
v -0.005878 -0.018535 0.032660
v -0.005159 -0.018746 0.032704
v -0.006781 -0.017519 0.029877
v -0.008062 -0.017504 0.030147
v -0.005717 -0.017905 0.033137
v -0.005373 -0.017826 0.033543
v -0.005665 -0.017756 0.033455
v -0.005893 -0.017973 0.033143
v -0.006127 -0.017867 0.032841
v -0.006081 -0.017641 0.033322
v -0.006417 -0.017675 0.033196
v -0.006596 -0.017876 0.032836
v -0.006495 -0.018418 0.032241
v -0.006872 -0.018441 0.032151
v -0.007054 -0.017709 0.032900
v -0.007185 -0.017595 0.032423
v -0.007378 -0.018495 0.031856
v -0.007533 -0.017585 0.032501
v -0.008059 -0.018444 0.031515
v -0.007878 -0.017435 0.032462
v -0.007740 -0.017242 0.032797
v -0.008254 -0.017112 0.031971
v -0.008147 -0.016605 0.032417
v -0.008447 -0.016475 0.032225
v -0.008401 -0.016325 0.032629
v -0.008820 -0.017001 0.031795
v -0.008711 -0.018138 0.031012
v -0.009196 -0.017888 0.030710
v -0.009050 -0.016685 0.031687
v -0.009210 -0.016210 0.030986
v -0.009236 -0.015509 0.031614
v -0.009837 -0.015976 0.031018
v -0.009421 -0.017453 0.030051
v -0.009450 -0.016320 0.028635
v -0.007367 -0.016450 0.028167
v -0.009196 -0.017888 0.030710
v -0.010369 -0.017091 0.029906
v -0.010569 -0.016984 0.030592
v -0.010569 -0.016984 0.030592
v -0.008008 -0.014828 0.026635
v -0.010714 -0.016635 0.029174
v -0.005173 -0.014671 0.026130
v -0.011367 -0.016244 0.028773
v -0.011142 -0.015668 0.029435
v -0.010258 -0.015572 0.030426
v -0.010714 -0.016635 0.029174
v -0.010379 -0.016141 0.030978
v -0.010302 -0.014990 0.031001
v -0.010502 -0.015116 0.030240
v -0.010894 -0.015041 0.030307
v -0.011283 -0.015428 0.029615
v -0.010932 -0.014661 0.027350
v -0.011648 -0.015601 0.028201
v -0.011198 -0.015006 0.028865
v -0.011648 -0.015601 0.028201
v -0.008383 -0.013340 0.025926
v -0.011094 -0.014488 0.029543
v -0.011283 -0.015428 0.029615
v -0.011580 -0.014455 0.028831
v -0.011837 -0.014413 0.029094
v -0.012041 -0.014616 0.028427
v -0.012275 -0.014598 0.028694
v -0.012337 -0.014816 0.028040
v -0.012337 -0.014816 0.028040
v -0.012681 -0.014955 0.028207
v -0.012578 -0.014069 0.027509
v -0.011498 -0.012871 0.026468
v -0.013056 -0.013220 0.027605
v -0.012729 -0.013092 0.028025
v -0.012729 -0.013092 0.028025
v -0.013126 -0.012584 0.027227
v -0.012806 -0.011985 0.028270
v -0.013503 -0.011969 0.027436
v -0.014030 -0.011979 0.027983
v -0.011855 -0.011998 0.026191
v -0.013811 -0.011426 0.027818
v -0.014367 -0.011634 0.028375
v -0.008767 -0.012325 0.025323
v -0.012111 -0.011108 0.026334
v -0.013910 -0.011146 0.028542
v -0.014550 -0.011256 0.029005
v -0.009035 -0.011388 0.025371
v -0.012232 -0.010424 0.027304
v -0.013744 -0.011040 0.029617
v -0.014729 -0.010954 0.029805
v -0.014667 -0.011226 0.030435
v -0.009144 -0.010535 0.026230
v -0.012004 -0.010613 0.028896
v -0.013647 -0.011274 0.030426
v -0.014437 -0.011445 0.030922
v -0.011832 -0.011195 0.030639
v -0.008839 -0.010281 0.027853
v -0.013501 -0.011534 0.031010
v -0.013384 -0.012190 0.031797
v -0.013384 -0.012190 0.031797
v -0.011085 -0.012034 0.031726
v -0.008466 -0.010924 0.029325
v -0.013946 -0.011724 0.031269
v -0.013888 -0.012371 0.030948
v -0.014092 -0.012141 0.031651
v -0.014092 -0.012141 0.031651
v -0.005155 -0.010212 0.026872
v -0.005150 -0.010432 0.028501
v -0.005162 -0.010880 0.025579
v -0.005167 -0.011732 0.025013
v -0.005171 -0.012285 0.024834
v -0.005173 -0.013216 0.025214
v -0.001961 -0.013249 0.025860
v -0.001575 -0.012208 0.025257
v -0.001300 -0.011266 0.025313
v -0.001177 -0.010388 0.026177
v 0.000584 -0.014625 0.027282
v 0.001140 -0.012839 0.026380
v 0.001493 -0.011974 0.026079
v -0.001465 -0.010282 0.027829
v 0.001744 -0.011108 0.026195
v 0.001876 -0.010381 0.027125
v -0.001828 -0.010925 0.029304
v 0.001674 -0.010601 0.028822
v -0.005144 -0.011248 0.030278
v -0.008027 -0.011761 0.030844
v 0.003129 -0.011960 0.027325
v 0.003430 -0.011496 0.027716
v 0.003522 -0.011085 0.028389
v 0.002764 -0.012522 0.027099
v 0.003670 -0.011971 0.027905
v 0.002436 -0.011994 0.028163
v 0.003940 -0.011654 0.028230
v 0.002703 -0.013191 0.027511
v 0.004132 -0.011205 0.028840
v 0.002227 -0.014035 0.027430
v 0.002382 -0.013095 0.027964
v 0.002382 -0.013095 0.027964
v 0.001990 -0.014813 0.027989
v 0.001990 -0.014813 0.027989
v 0.003366 -0.011011 0.029467
v 0.004298 -0.010847 0.029674
v 0.004271 -0.011199 0.030285
v 0.001516 -0.011223 0.030579
v 0.000804 -0.012046 0.031689
v 0.003080 -0.012203 0.031739
v 0.003080 -0.012203 0.031739
v 0.003283 -0.011276 0.030306
v 0.004060 -0.011487 0.030803
v 0.003157 -0.011576 0.030922
v 0.003600 -0.011794 0.031186
v 0.003536 -0.012401 0.030881
v 0.003762 -0.012151 0.031582
v 0.003762 -0.012151 0.031582
v -0.002257 -0.011762 0.030826
v -0.005138 -0.012264 0.032034
v -0.000579 -0.012952 0.032762
v -0.002813 -0.012807 0.032340
v -0.005133 -0.014295 0.033886
v -0.007462 -0.012806 0.032355
v -0.009693 -0.012951 0.032792
v -0.001600 -0.014005 0.034148
v -0.003315 -0.014131 0.033953
v -0.003719 -0.015311 0.035370
v -0.005127 -0.015478 0.035629
v -0.006537 -0.015311 0.035379
v -0.004155 -0.015986 0.036426
v -0.006094 -0.015986 0.036433
v -0.006950 -0.014130 0.033964
v -0.008664 -0.014004 0.034171
v -0.002296 -0.014761 0.034816
v -0.007964 -0.014760 0.034834
v 0.000410 -0.013925 0.034104
v -0.000752 -0.014857 0.034991
v -0.000467 -0.014277 0.034341
v 0.000795 -0.013316 0.033341
v 0.001750 -0.012846 0.033056
v 0.000616 -0.014341 0.034015
v 0.000791 -0.014862 0.033491
v 0.001075 -0.015031 0.032491
v 0.001712 -0.014060 0.032596
v 0.001996 -0.013044 0.032987
v 0.002220 -0.013098 0.033182
v -0.000316 -0.015026 0.033870
v 0.002199 -0.012627 0.032492
v 0.001928 -0.013357 0.032653
v 0.001996 -0.013044 0.032987
v 0.002213 -0.013818 0.031733
v 0.002958 -0.012743 0.032228
v 0.002958 -0.012743 0.032228
v 0.002806 -0.012489 0.032175
v -0.000615 -0.015406 0.034795
v -0.000467 -0.015740 0.034380
v -0.000076 -0.015923 0.033569
v -0.000936 -0.015093 0.035211
v -0.000783 -0.015590 0.034839
v -0.000877 -0.015588 0.034988
v 0.000275 -0.015066 0.033575
v 0.000540 -0.014958 0.033750
v 0.000744 -0.013956 0.034342
v -0.001568 -0.015210 0.035331
v -0.002252 -0.015512 0.035827
v -0.001712 -0.015898 0.034723
v -0.001086 -0.016015 0.034651
v -0.001583 -0.016376 0.034373
v -0.001991 -0.016455 0.034985
v -0.002238 -0.016207 0.035435
v -0.002750 -0.015659 0.036034
v -0.002765 -0.016595 0.035477
v -0.002548 -0.016935 0.035469
v -0.003023 -0.017027 0.035276
v -0.003564 -0.015825 0.036220
v -0.003613 -0.016666 0.035959
v -0.003889 -0.017202 0.035439
v -0.004257 -0.017185 0.035499
v -0.004087 -0.017563 0.035469
v -0.004364 -0.016817 0.036075
v -0.004869 -0.016083 0.036631
v -0.004825 -0.017242 0.035495
v -0.005126 -0.016940 0.036055
v -0.005124 -0.016228 0.036788
v -0.005379 -0.016083 0.036633
v -0.005431 -0.017242 0.035497
v -0.005888 -0.016816 0.036080
v -0.005999 -0.017184 0.035505
v -0.006367 -0.017202 0.035447
v -0.006169 -0.017563 0.035476
v -0.006640 -0.016665 0.035969
v -0.006687 -0.015824 0.036230
v -0.007234 -0.017026 0.035290
v -0.007502 -0.015658 0.036049
v -0.007491 -0.016594 0.035492
v -0.008001 -0.015511 0.035846
v -0.008018 -0.016206 0.035454
v -0.007708 -0.016934 0.035486
v -0.008688 -0.015209 0.035354
v -0.008548 -0.015897 0.034746
v -0.008268 -0.016454 0.035005
v -0.008680 -0.016375 0.034396
v -0.009175 -0.016014 0.034677
v -0.009382 -0.015587 0.035015
v -0.009321 -0.015092 0.035238
v -0.009477 -0.015589 0.034868
v -0.009645 -0.015405 0.034824
v -0.009507 -0.014856 0.035019
v -0.009950 -0.015024 0.033901
v -0.009796 -0.015738 0.034411
v -0.010192 -0.015922 0.033601
v -0.009795 -0.014276 0.034371
v -0.010543 -0.015064 0.033610
v -0.010806 -0.014956 0.033786
v -0.010881 -0.014339 0.034052
v -0.011006 -0.013954 0.034380
v -0.010674 -0.013923 0.034140
v -0.011059 -0.014860 0.033529
v -0.011063 -0.013314 0.033380
v -0.011349 -0.015029 0.032531
v -0.011986 -0.014058 0.032641
v -0.012267 -0.013042 0.033033
v -0.012490 -0.013096 0.033231
v -0.012020 -0.012844 0.033101
v -0.012473 -0.012625 0.032540
v -0.012201 -0.013354 0.032699
v -0.012267 -0.013042 0.033033
v -0.012492 -0.013813 0.031778
v -0.013239 -0.012740 0.032280
v -0.013239 -0.012740 0.032280
v -0.013085 -0.012478 0.032224
v -0.013384 -0.012190 0.031797
v -0.013124 -0.013109 0.031411
v -0.013124 -0.013109 0.031411
v -0.013661 -0.012564 0.031515
v -0.014092 -0.012141 0.031651
v 0.003080 -0.012203 0.031739
v 0.002831 -0.013117 0.031360
v 0.002831 -0.013117 0.031360
v 0.003358 -0.012578 0.031460
v 0.003762 -0.012151 0.031582
v 0.000946 -0.015430 0.029575
v 0.000803 -0.015670 0.029396
v 0.000757 -0.014490 0.029505
v 0.000856 -0.015008 0.028826
v 0.001238 -0.014458 0.028790
v 0.001497 -0.014416 0.029051
v 0.001696 -0.014618 0.028383
v 0.001932 -0.014600 0.028648
v 0.002355 -0.014949 0.028175
v 0.001301 -0.015603 0.028159
v 0.001024 -0.016247 0.028732
v 0.001301 -0.015603 0.028159
v -0.000074 -0.015574 0.030393
v 0.000168 -0.015117 0.030206
v 0.000946 -0.015430 0.029575
v 0.000562 -0.015043 0.030270
v -0.000027 -0.014992 0.030968
v 0.000050 -0.016143 0.030944
v 0.000373 -0.016637 0.029138
v 0.001945 -0.014498 0.028541
v 0.001945 -0.014498 0.028541
v 0.002355 -0.014949 0.028175
v 0.001990 -0.014813 0.027989
v 0.001990 -0.014813 0.027989
v 0.002227 -0.014035 0.027430
v 0.001727 -0.014352 0.028313
v 0.001727 -0.014352 0.028313
v 0.001519 -0.013098 0.028802
v 0.002227 -0.014035 0.027430
v -0.012279 -0.014496 0.028575
v -0.012279 -0.014496 0.028575
v -0.012337 -0.014816 0.028040
v -0.012337 -0.014816 0.028040
v -0.012681 -0.014955 0.028207
v -0.012072 -0.014349 0.028358
v -0.012072 -0.014349 0.028358
v -0.012578 -0.014069 0.027509
v -0.011859 -0.013098 0.028852
v -0.012578 -0.014069 0.027509
v 0.039417 -0.006068 0.039945
v 0.039408 -0.003929 0.039770
v 0.033956 -0.004315 0.035714
v 0.044570 -0.003837 0.043412
v 0.033678 -0.006267 0.035863
v 0.028652 -0.004445 0.032334
v 0.028456 -0.006176 0.032468
v 0.023887 -0.004302 0.028924
v 0.044625 -0.005677 0.043599
v 0.046924 -0.005807 0.046453
v 0.047189 -0.003612 0.046106
v 0.048490 -0.003721 0.049501
v 0.038082 -0.007678 0.041429
v 0.042801 -0.007453 0.044976
v 0.045071 -0.007304 0.047755
v 0.048139 -0.005580 0.049701
v 0.032232 -0.007690 0.037380
v 0.049418 -0.005490 0.052083
v 0.049958 -0.003689 0.051774
v 0.051039 -0.005636 0.054144
v 0.051493 -0.003711 0.053871
v 0.051642 -0.003807 0.055549
v 0.051441 -0.005495 0.055751
v 0.050994 -0.004086 0.057529
v 0.050799 -0.005537 0.057450
v 0.049841 -0.003870 0.058892
v 0.049389 -0.006970 0.056695
v 0.048426 -0.007193 0.055138
v 0.046746 -0.007115 0.058353
v 0.049667 -0.005846 0.058547
v 0.048265 -0.006049 0.059759
v 0.048596 -0.003904 0.060364
v 0.046611 -0.005845 0.061766
v 0.047213 -0.003904 0.062506
v 0.047122 -0.007089 0.052812
v 0.044424 -0.007484 0.055984
v 0.046244 -0.007173 0.050712
v 0.043675 -0.007554 0.054119
v 0.043066 -0.007659 0.052185
v 0.046097 -0.005507 0.064100
v 0.044106 -0.006978 0.062170
v 0.046530 -0.003725 0.064719
v 0.045161 -0.003726 0.064753
v 0.044873 -0.005349 0.064262
v 0.043607 -0.006410 0.062751
v 0.041441 -0.006651 0.061132
v 0.041932 -0.007890 0.049757
v 0.044843 -0.006941 0.060171
v 0.043226 -0.007465 0.058498
v 0.041277 -0.007283 0.060454
v 0.039478 -0.005882 0.060233
v 0.041745 -0.007556 0.056680
v 0.039115 -0.006486 0.058356
v 0.038595 -0.004877 0.059820
v 0.040995 -0.006988 0.055126
v 0.038294 -0.004806 0.058562
v 0.038726 -0.003127 0.060741
v 0.038317 -0.002790 0.059470
v 0.040714 -0.001927 0.062018
v 0.038717 -0.005677 0.056481
v 0.040375 -0.007189 0.053169
v 0.038121 -0.004501 0.057274
v 0.038109 -0.006413 0.054443
v 0.039504 -0.007668 0.051230
v 0.040676 -0.000721 0.061472
v 0.043233 -0.001767 0.063445
v 0.040275 -0.008270 0.046776
v 0.036172 -0.008424 0.043597
v 0.037639 -0.008124 0.048676
v 0.037030 -0.006892 0.052129
v 0.043920 -0.000726 0.063123
v 0.044661 -0.002747 0.064424
v 0.037205 -0.004979 0.055389
v 0.045892 -0.002092 0.064276
v 0.045161 -0.003726 0.064753
v 0.046530 -0.003725 0.064719
v 0.046349 -0.002152 0.061882
v 0.047213 -0.003904 0.062506
v 0.047765 -0.002043 0.059777
v 0.048596 -0.003904 0.060364
v 0.044528 -0.000669 0.060265
v 0.043029 -0.000324 0.058796
v 0.049056 -0.002147 0.058321
v 0.049841 -0.003870 0.058892
v 0.046282 -0.000827 0.058097
v 0.040626 -0.001299 0.057253
v 0.050183 -0.002500 0.057360
v 0.050994 -0.004086 0.057529
v 0.048313 -0.001119 0.056781
v 0.050556 -0.002114 0.055748
v 0.051642 -0.003807 0.055549
v 0.051493 -0.003711 0.053871
v 0.050176 -0.001729 0.054377
v 0.049958 -0.003689 0.051774
v 0.044075 -0.000612 0.055896
v 0.047291 -0.000754 0.055045
v 0.048445 -0.001541 0.052306
v 0.048490 -0.003721 0.049501
v 0.045874 -0.000896 0.053265
v 0.042807 -0.001128 0.054471
v 0.047262 -0.001604 0.050279
v 0.045599 -0.001628 0.047253
v 0.047189 -0.003612 0.046106
v 0.044570 -0.003837 0.043412
v 0.044909 -0.001032 0.051404
v 0.039847 -0.001921 0.056139
v 0.043416 -0.001990 0.044591
v 0.039408 -0.003929 0.039770
v 0.043443 -0.001077 0.048884
v 0.041859 -0.001274 0.052912
v 0.038090 -0.003203 0.057752
v 0.038098 -0.002547 0.040821
v 0.033956 -0.004315 0.035714
v 0.039051 -0.001939 0.054471
v 0.037243 -0.003297 0.055402
v 0.041284 -0.001294 0.046558
v 0.040450 -0.001365 0.050878
v 0.032794 -0.003158 0.036541
v 0.028652 -0.004445 0.032334
v 0.037859 -0.002144 0.052274
v 0.035999 -0.003600 0.052998
v 0.036363 -0.001994 0.042608
v 0.038401 -0.001629 0.048792
v 0.027804 -0.003353 0.033173
v 0.023887 -0.004302 0.028924
v 0.036262 -0.002428 0.050088
v 0.034588 -0.002193 0.044921
v 0.031228 -0.002599 0.038101
v 0.023085 -0.003147 0.029870
v 0.019443 -0.003936 0.025471
v 0.026457 -0.002777 0.034607
v 0.029433 -0.002770 0.040257
v 0.033054 -0.002975 0.046588
v 0.018553 -0.002680 0.026543
v 0.017480 -0.003896 0.023868
v 0.021798 -0.002616 0.031385
v 0.016391 -0.002596 0.024684
v 0.015519 -0.003851 0.022265
v 0.034578 -0.004011 0.050430
v 0.024863 -0.002854 0.036582
v 0.017318 -0.002138 0.028045
v 0.014253 -0.002567 0.022789
v 0.014364 -0.003749 0.021363
v 0.020311 -0.002727 0.033239
v 0.014977 -0.002005 0.026268
v 0.013163 -0.002528 0.021911
v 0.012446 -0.003784 0.020041
v 0.015746 -0.002340 0.029953
v 0.018916 -0.003490 0.035100
v 0.023407 -0.003654 0.038566
v 0.027817 -0.003576 0.042089
v 0.022314 -0.005219 0.039895
v 0.027142 -0.004854 0.043541
v 0.012636 -0.001869 0.024494
v 0.031869 -0.004363 0.047857
v 0.014171 -0.003289 0.031991
v 0.013450 -0.002117 0.028292
v 0.017715 -0.005221 0.036734
v 0.017706 -0.006653 0.036789
v 0.022519 -0.006649 0.039919
v 0.027276 -0.006348 0.043858
v 0.031913 -0.005889 0.048286
v 0.012864 -0.005274 0.034073
v 0.034569 -0.005638 0.050805
v 0.032541 -0.007406 0.047696
v 0.027851 -0.007506 0.043049
v 0.036070 -0.005500 0.052411
v 0.035346 -0.007207 0.050341
v 0.034330 -0.008420 0.045813
v 0.023130 -0.007570 0.039016
v 0.029216 -0.008301 0.041329
v 0.030594 -0.008369 0.039452
v 0.024297 -0.008113 0.037434
v 0.025773 -0.007898 0.035493
v 0.027239 -0.007488 0.033718
v 0.023694 -0.006026 0.029112
v 0.022519 -0.007316 0.030460
v 0.019241 -0.005991 0.025753
v 0.019443 -0.003936 0.025471
v 0.020919 -0.007912 0.032344
v 0.019580 -0.008005 0.034119
v 0.018151 -0.007462 0.027463
v 0.017436 -0.006036 0.024286
v 0.017480 -0.003896 0.023868
v 0.016551 -0.008087 0.029405
v 0.016434 -0.007562 0.026123
v 0.018430 -0.007657 0.035723
v 0.015635 -0.005999 0.022820
v 0.015519 -0.003851 0.022265
v 0.014780 -0.008362 0.031196
v 0.014726 -0.007707 0.024775
v 0.014718 -0.008278 0.028080
v 0.013467 -0.008142 0.032947
v 0.014116 -0.005825 0.021687
v 0.014364 -0.003749 0.021363
v 0.012835 -0.008626 0.029968
v 0.012912 -0.008490 0.026718
v 0.013415 -0.007850 0.023838
v 0.012682 -0.006874 0.034152
v 0.012059 -0.005920 0.020372
v 0.012446 -0.003784 0.020041
v 0.007989 -0.004366 0.018113
v 0.008633 -0.006861 0.019089
v 0.008918 -0.007782 0.020783
v 0.011795 -0.007934 0.022549
v 0.008290 -0.008392 0.023735
v 0.011539 -0.008594 0.025630
v 0.010170 -0.008633 0.024539
v 0.010919 -0.008905 0.028697
v 0.008406 -0.008913 0.027161
v 0.006808 -0.008963 0.027579
v 0.006311 -0.008854 0.030138
v 0.009522 -0.008961 0.027711
v 0.011242 -0.008538 0.031899
v 0.009003 -0.008979 0.030888
v 0.007973 -0.009105 0.030253
v 0.007530 -0.009035 0.030113
v 0.010209 -0.007094 0.033115
v 0.006798 -0.007520 0.031353
v 0.005781 -0.007610 0.031897
v 0.005282 -0.005623 0.031282
v 0.007070 -0.007488 0.031466
v 0.007845 -0.007376 0.032068
v 0.006947 -0.005008 0.030922
v 0.005570 -0.004127 0.030221
v 0.010386 -0.005422 0.032980
v 0.007274 -0.005277 0.031196
v 0.008022 -0.005474 0.031856
v 0.007630 -0.002692 0.028010
v 0.006167 -0.002526 0.028634
v 0.006647 -0.001375 0.025124
v 0.011829 -0.003207 0.030682
v 0.009513 -0.003067 0.029343
v 0.008495 -0.002892 0.028481
v 0.011178 -0.001880 0.026601
v 0.010105 -0.001765 0.025766
v 0.008783 -0.001618 0.025033
v 0.011569 -0.001749 0.023703
v 0.009992 -0.001555 0.022818
v 0.006067 -0.001238 0.022338
v 0.011485 -0.002457 0.020833
v 0.006218 -0.002601 0.019559
v 0.007989 -0.004366 0.018113
v -0.049337 -0.006193 0.040861
v -0.043965 -0.004409 0.036542
v -0.049349 -0.004053 0.040680
v -0.054482 -0.003982 0.044443
v -0.043678 -0.006360 0.036674
v -0.038765 -0.004512 0.033004
v -0.038561 -0.006244 0.033125
v -0.034104 -0.004344 0.029454
v -0.054510 -0.005824 0.044635
v -0.056792 -0.005965 0.047557
v -0.057098 -0.003768 0.047227
v -0.058317 -0.003888 0.050713
v -0.047926 -0.007805 0.042335
v -0.052593 -0.007605 0.045964
v -0.054829 -0.007470 0.048793
v -0.057935 -0.005749 0.050883
v -0.042185 -0.007786 0.038142
v -0.059147 -0.005666 0.053380
v -0.059724 -0.003862 0.053121
v -0.060688 -0.005817 0.055613
v -0.061171 -0.003889 0.055389
v -0.061204 -0.003993 0.057132
v -0.060985 -0.005684 0.057308
v -0.060382 -0.004288 0.059107
v -0.060191 -0.005739 0.058998
v -0.059081 -0.004085 0.060414
v -0.058824 -0.007170 0.058098
v -0.057962 -0.007386 0.056414
v -0.055972 -0.007338 0.059543
v -0.058935 -0.006059 0.060029
v -0.057363 -0.006279 0.061141
v -0.057632 -0.004138 0.061813
v -0.055408 -0.006108 0.062979
v -0.055912 -0.004173 0.063819
v -0.056768 -0.007273 0.053955
v -0.053848 -0.007693 0.056924
v -0.055924 -0.007351 0.051801
v -0.053197 -0.007750 0.055029
v -0.052632 -0.007844 0.053128
v -0.054502 -0.005812 0.065205
v -0.052781 -0.007268 0.062986
v -0.054824 -0.004039 0.065893
v -0.053407 -0.004054 0.065686
v -0.053223 -0.005668 0.065163
v -0.052183 -0.006713 0.063470
v -0.050252 -0.006941 0.061574
v -0.051557 -0.008062 0.050700
v -0.053816 -0.007195 0.061141
v -0.052387 -0.007706 0.059275
v -0.050182 -0.007562 0.060906
v -0.048412 -0.006170 0.060410
v -0.051069 -0.007781 0.057352
v -0.048250 -0.006744 0.058649
v -0.047576 -0.005163 0.059908
v -0.050409 -0.007197 0.055839
v -0.047397 -0.005071 0.058760
v -0.047596 -0.003430 0.060758
v -0.047333 -0.003073 0.059556
v -0.049375 -0.002241 0.062303
v -0.047998 -0.005906 0.056955
v -0.049862 -0.007378 0.054002
v -0.047331 -0.004745 0.057611
v -0.047511 -0.006609 0.055166
v -0.049047 -0.007841 0.052127
v -0.049408 -0.001025 0.061814
v -0.051658 -0.002089 0.064106
v -0.049949 -0.008423 0.047753
v -0.045936 -0.008554 0.044471
v -0.047250 -0.008279 0.049592
v -0.046541 -0.007058 0.053031
v -0.046538 -0.005188 0.055979
v -0.052387 -0.001038 0.063920
v -0.052942 -0.003075 0.065286
v -0.054195 -0.002409 0.065344
v -0.053407 -0.004054 0.065686
v -0.054824 -0.004039 0.065893
v -0.055107 -0.002418 0.063106
v -0.055912 -0.004173 0.063819
v -0.056847 -0.002274 0.061154
v -0.057632 -0.004138 0.061813
v -0.053469 -0.000924 0.061281
v -0.052135 -0.000568 0.059645
v -0.058335 -0.002360 0.059782
v -0.059081 -0.004085 0.060414
v -0.055520 -0.001048 0.059310
v -0.049880 -0.001536 0.057823
v -0.059572 -0.002702 0.058885
v -0.060382 -0.004288 0.059107
v -0.057721 -0.001321 0.058157
v -0.060088 -0.002304 0.057271
v -0.061204 -0.003993 0.057132
v -0.061171 -0.003889 0.055389
v -0.059803 -0.001911 0.055831
v -0.059724 -0.003862 0.053121
v -0.053502 -0.000821 0.056867
v -0.056830 -0.000947 0.056299
v -0.058166 -0.001717 0.053579
v -0.058317 -0.003888 0.050713
v -0.055502 -0.001082 0.054377
v -0.052310 -0.001328 0.055353
v -0.057037 -0.001775 0.051445
v -0.055446 -0.001788 0.048317
v -0.057098 -0.003768 0.047227
v -0.054482 -0.003982 0.044443
v -0.054595 -0.001210 0.052446
v -0.049182 -0.002145 0.056712
v -0.053283 -0.002139 0.045587
v -0.049349 -0.004053 0.040680
v -0.053189 -0.001244 0.049859
v -0.051413 -0.001464 0.053783
v -0.047259 -0.003454 0.058041
v -0.048006 -0.002672 0.041689
v -0.043965 -0.004409 0.036542
v -0.048474 -0.002143 0.055149
v -0.046576 -0.003510 0.055951
v -0.051058 -0.001450 0.047481
v -0.050062 -0.001542 0.051731
v -0.042782 -0.003252 0.037338
v -0.038765 -0.004512 0.033004
v -0.047374 -0.002327 0.053020
v -0.045463 -0.003782 0.053717
v -0.046205 -0.002124 0.043428
v -0.048060 -0.001792 0.049612
v -0.037894 -0.003422 0.033822
v -0.034104 -0.004344 0.029454
v -0.045847 -0.002591 0.050885
v -0.044337 -0.002328 0.045721
v -0.041171 -0.002696 0.038854
v -0.033277 -0.003191 0.030381
v -0.029766 -0.003954 0.025871
v -0.036506 -0.002848 0.035217
v -0.039312 -0.002871 0.040954
v -0.042741 -0.003110 0.047389
v -0.028847 -0.002700 0.026921
v -0.027853 -0.003902 0.024210
v -0.031946 -0.002663 0.031858
v -0.026743 -0.002604 0.024998
v -0.025940 -0.003847 0.022550
v -0.044148 -0.004165 0.051271
v -0.034854 -0.002930 0.037144
v -0.027569 -0.002161 0.028388
v -0.024662 -0.002562 0.023041
v -0.024812 -0.003739 0.021614
v -0.030405 -0.002778 0.033666
v -0.025283 -0.002015 0.026542
v -0.023598 -0.002516 0.022131
v -0.022913 -0.003788 0.020263
v -0.025941 -0.002367 0.030247
v -0.028952 -0.003545 0.035481
v -0.033337 -0.003734 0.039079
v -0.037640 -0.003681 0.042734
v -0.032201 -0.005301 0.040369
v -0.036919 -0.004962 0.044159
v -0.022996 -0.001867 0.024699
v -0.041516 -0.004500 0.048616
v -0.024303 -0.003320 0.032233
v -0.023696 -0.002132 0.028519
v -0.027700 -0.005280 0.037072
v -0.027685 -0.006712 0.037120
v -0.032403 -0.006732 0.040394
v -0.037041 -0.006458 0.044475
v -0.041543 -0.006028 0.049041
v -0.022929 -0.005310 0.034267
v -0.044123 -0.005793 0.051639
v -0.042185 -0.007544 0.048464
v -0.037637 -0.007614 0.043678
v -0.045576 -0.005665 0.053290
v -0.044910 -0.007362 0.051193
v -0.044028 -0.008555 0.046631
v -0.033038 -0.007650 0.039505
v -0.039051 -0.008406 0.041996
v -0.040483 -0.008469 0.040161
v -0.034251 -0.008191 0.037956
v -0.035785 -0.007971 0.036062
v -0.037304 -0.007557 0.034333
v -0.033902 -0.006069 0.029629
v -0.032683 -0.007361 0.030936
v -0.029552 -0.006010 0.026139
v -0.029766 -0.003954 0.025871
v -0.031027 -0.007961 0.032769
v -0.029635 -0.008058 0.034503
v -0.028407 -0.007485 0.027809
v -0.027790 -0.006044 0.024618
v -0.027853 -0.003902 0.024210
v -0.026749 -0.008114 0.029699
v -0.026731 -0.007575 0.026418
v -0.028438 -0.007713 0.036073
v -0.026035 -0.005997 0.023099
v -0.025940 -0.003847 0.022550
v -0.024924 -0.008391 0.031436
v -0.025064 -0.007711 0.025019
v -0.024955 -0.008295 0.028320
v -0.023559 -0.008176 0.033148
v -0.024691 -0.005801 0.022010
v -0.024812 -0.003739 0.021614
v -0.023016 -0.008646 0.030149
v -0.023191 -0.008497 0.026904
v -0.023781 -0.007847 0.024043
v -0.022742 -0.006910 0.034334
v -0.022664 -0.005883 0.020594
v -0.022913 -0.003788 0.020263
v -0.018949 -0.004400 0.018416
v -0.019236 -0.006816 0.019199
v -0.019198 -0.007696 0.020892
v -0.022137 -0.007930 0.022686
v -0.018371 -0.007987 0.024144
v -0.021856 -0.008596 0.025812
v -0.020540 -0.008641 0.024649
v -0.021139 -0.008915 0.028821
v -0.018841 -0.008877 0.027395
v -0.017244 -0.009049 0.027671
v -0.016649 -0.008990 0.030278
v -0.019855 -0.008975 0.027791
v -0.021366 -0.008562 0.032032
v -0.019158 -0.008993 0.030953
v -0.018248 -0.009112 0.030333
v -0.017929 -0.009070 0.030283
v -0.020300 -0.007120 0.033222
v -0.017253 -0.007529 0.031547
v -0.016121 -0.007670 0.032059
v -0.015622 -0.005629 0.031393
v -0.017306 -0.007490 0.031534
v -0.017869 -0.007409 0.032106
v -0.017239 -0.004999 0.030977
v -0.015841 -0.004121 0.030252
v -0.020485 -0.005448 0.033100
v -0.017349 -0.005299 0.031203
v -0.018056 -0.005507 0.031912
v -0.017891 -0.002690 0.028056
v -0.016468 -0.002520 0.028702
v -0.016976 -0.001369 0.025195
v -0.022002 -0.003227 0.030855
v -0.019727 -0.003077 0.029448
v -0.018638 -0.002912 0.028559
v -0.021475 -0.001883 0.026762
v -0.020428 -0.001761 0.025894
v -0.019124 -0.001610 0.025128
v -0.021954 -0.001741 0.023877
v -0.020405 -0.001540 0.022953
v -0.016403 -0.001234 0.022410
v -0.021930 -0.002442 0.021006
v -0.016572 -0.002598 0.019633
v -0.018949 -0.004400 0.018416
v 0.010655 0.006851 -0.179196
v 0.009101 0.004211 -0.184121
v 0.009782 0.003977 -0.179169
v 0.012356 0.007443 -0.173353
v 0.010454 0.003700 -0.172636
v 0.013238 0.006337 -0.167221
v 0.015040 0.009329 -0.173960
v 0.010617 0.003812 -0.166076
v 0.017566 0.010055 -0.168005
v 0.013828 0.006913 -0.159750
v 0.018996 0.010276 -0.160366
v 0.010926 0.003758 -0.158785
v 0.019764 0.011348 -0.153460
v 0.013635 0.007765 -0.152434
v 0.010656 0.004150 -0.151834
v 0.020023 0.012746 -0.146267
v 0.013750 0.008609 -0.145612
v 0.010474 0.004803 -0.144822
v 0.020044 0.013600 -0.139605
v 0.013209 0.009330 -0.137499
v 0.010316 0.005644 -0.137607
v 0.020225 0.014103 -0.133079
v 0.013748 0.010122 -0.131533
v 0.019776 0.013956 -0.129222
v 0.010158 0.006635 -0.129936
v 0.013383 0.010137 -0.123880
v 0.010259 0.007958 -0.121685
v 0.010852 0.001282 -0.184076
v 0.015797 0.006321 -0.187785
v 0.010202 0.001699 -0.190801
v 0.014305 0.005829 -0.196092
v 0.009730 0.000975 -0.196731
v 0.009591 0.000450 -0.203480
v 0.015931 0.005942 -0.202895
v 0.015906 0.005353 -0.210015
v 0.009532 0.000022 -0.210717
v 0.015901 0.005133 -0.217175
v 0.009782 -0.000505 -0.217887
v 0.014215 0.004693 -0.225372
v 0.009988 -0.000880 -0.225953
v 0.013936 0.004345 -0.233026
v 0.010039 -0.001117 -0.233869
v 0.014055 0.003828 -0.240637
v 0.009976 -0.001221 -0.241393
v 0.010102 -0.000195 -0.249374
v 0.013759 0.004562 -0.248421
v 0.010185 0.000292 -0.255008
v 0.013535 0.004980 -0.254217
v 0.013342 0.005563 -0.258715
v 0.010121 0.001176 -0.260259
v 0.013164 0.006252 -0.262970
v 0.010019 0.002196 -0.265252
v 0.012464 0.006466 -0.266720
v 0.009922 0.003696 -0.272012
v 0.011178 0.012681 -0.292628
v 0.009256 0.009716 -0.292871
v 0.009784 0.007352 -0.286386
v 0.009161 0.011860 -0.299616
v 0.011668 0.015616 -0.298975
v 0.009149 0.014060 -0.306411
v 0.011879 0.018838 -0.305613
v 0.009221 0.016193 -0.313308
v 0.012363 0.021226 -0.312314
v 0.009283 0.018156 -0.320290
v 0.012471 0.022575 -0.319309
v 0.012239 0.023379 -0.326614
v 0.009368 0.019608 -0.327500
v 0.012165 0.023872 -0.334262
v 0.009479 0.020805 -0.334867
v 0.012270 0.024546 -0.341540
v 0.009732 0.021930 -0.342287
v 0.012070 0.025519 -0.349292
v 0.010186 0.022438 -0.349921
v 0.012245 0.026139 -0.356773
v 0.010880 0.022782 -0.357531
v 0.012168 0.027405 -0.368100
v 0.011255 0.024054 -0.368723
v 0.011954 0.027041 -0.376540
v 0.011330 0.024647 -0.377587
v 0.010147 -0.019338 -0.136673
v 0.011077 -0.020195 -0.129746
v 0.010016 -0.017773 -0.128571
v 0.011487 -0.022147 -0.136542
v 0.011242 -0.023460 -0.132511
v 0.010169 -0.020383 -0.143542
v 0.011642 -0.025366 -0.136855
v 0.011990 -0.023780 -0.143384
v 0.010522 -0.021102 -0.149645
v 0.012233 -0.027425 -0.143349
v 0.012733 -0.024726 -0.149753
v 0.010597 -0.022068 -0.156906
v 0.013110 -0.029259 -0.150280
v 0.013162 -0.025834 -0.156727
v 0.011006 -0.022848 -0.163722
v 0.013239 -0.030146 -0.157078
v 0.013340 -0.026596 -0.163782
v 0.011098 -0.023746 -0.171111
v 0.013062 -0.031384 -0.163961
v 0.013534 -0.027661 -0.171269
v 0.011066 -0.024515 -0.178550
v 0.013192 -0.032700 -0.171875
v 0.013648 -0.028385 -0.178876
v 0.011025 -0.024340 -0.186575
v 0.012895 -0.033484 -0.180124
v 0.014161 -0.028502 -0.187115
v 0.010879 -0.024357 -0.193817
v 0.013527 -0.033792 -0.188832
v 0.014092 -0.028228 -0.194763
v 0.010595 -0.024541 -0.200072
v 0.014188 -0.033096 -0.196579
v 0.013614 -0.028114 -0.201315
v 0.013501 -0.032800 -0.203098
v 0.010216 -0.024304 -0.205801
v 0.013597 -0.028246 -0.206886
v 0.013413 -0.033182 -0.208611
v 0.013737 -0.027922 -0.214197
v 0.010211 -0.024297 -0.213590
v 0.014036 -0.032477 -0.216157
v 0.012786 -0.026687 -0.222025
v 0.013960 -0.030972 -0.223684
v 0.010104 -0.023576 -0.221461
v 0.013511 -0.028154 -0.230947
v 0.012674 -0.024842 -0.230008
v 0.009948 -0.022123 -0.229637
v 0.012982 -0.026249 -0.239777
v 0.012567 -0.023025 -0.238574
v 0.009924 -0.019824 -0.237583
v 0.013169 -0.023180 -0.246045
v 0.012971 -0.020143 -0.245238
v 0.010261 -0.017633 -0.244991
v 0.011606 -0.017197 -0.253554
v 0.011213 -0.015434 -0.253157
v 0.013588 0.016046 -0.018506
v 0.009904 0.015175 -0.025388
v 0.009566 0.012141 -0.018699
v 0.013926 0.019081 -0.025194
v 0.008985 0.017162 -0.031837
v 0.014372 0.022432 -0.031583
v 0.010137 0.020230 -0.038082
v 0.014665 0.024811 -0.037643
v 0.008431 0.018502 -0.038535
v 0.011535 0.023083 -0.044418
v 0.014723 0.026746 -0.043893
v 0.008206 0.019446 -0.044975
v 0.011338 0.024142 -0.049522
v 0.008191 0.019981 -0.050225
v 0.014503 0.028158 -0.048967
v 0.008075 0.020525 -0.057077
v 0.011143 0.025311 -0.056730
v 0.014404 0.029864 -0.056402
v 0.007940 0.020878 -0.063942
v 0.011257 0.026126 -0.063982
v 0.014823 0.031100 -0.063899
v 0.007630 0.020838 -0.071232
v 0.011500 0.026463 -0.071252
v 0.015720 0.031475 -0.071323
v 0.016009 0.030875 -0.077577
v 0.011554 0.025908 -0.077393
v 0.007522 0.020211 -0.077228
v 0.016128 0.029893 -0.084520
v 0.011413 0.024748 -0.084093
v 0.007532 0.019090 -0.083622
v 0.016329 0.028816 -0.091445
v 0.011247 0.023326 -0.090754
v 0.007565 0.017649 -0.089958
v 0.011246 0.021840 -0.098020
v 0.007520 0.015945 -0.096700
v 0.016956 0.027779 -0.099067
v 0.007313 0.014350 -0.103003
v 0.011532 0.020394 -0.104655
v 0.017220 0.026084 -0.106087
v 0.006881 0.012810 -0.109303
v 0.011768 0.018830 -0.111261
v 0.017304 0.024133 -0.113065
v 0.006178 0.011587 -0.115030
v 0.011235 0.017293 -0.117199
v 0.016621 0.022465 -0.119167
v 0.005725 0.010526 -0.120779
v 0.015947 0.020956 -0.125285
v 0.010821 0.015783 -0.123119
v 0.006259 0.008998 -0.130255
v 0.011532 0.013981 -0.131135
v 0.016020 0.019559 -0.132219
v 0.005305 0.007825 -0.137879
v 0.015953 0.016180 -0.140489
v 0.011009 0.013383 -0.139351
v -0.004530 0.007085 -0.179518
v -0.003747 0.004185 -0.179455
v -0.002974 0.004395 -0.184362
v -0.006471 0.007740 -0.173769
v -0.004721 0.003939 -0.172971
v -0.007595 0.006666 -0.167696
v -0.009021 0.009704 -0.174492
v -0.005109 0.004061 -0.166435
v -0.011764 0.010517 -0.168673
v -0.008403 0.007269 -0.160303
v -0.013425 0.010796 -0.161172
v -0.005655 0.004024 -0.159198
v -0.014462 0.011901 -0.154345
v -0.008513 0.008123 -0.153006
v -0.005687 0.004413 -0.152256
v -0.015025 0.013316 -0.147207
v -0.008934 0.008978 -0.146220
v -0.005830 0.005068 -0.145259
v -0.015366 0.014179 -0.140585
v -0.008800 0.009691 -0.138107
v -0.006028 0.005911 -0.138059
v -0.015892 0.014699 -0.134109
v -0.009648 0.010507 -0.132201
v -0.015653 0.014540 -0.130254
v -0.006272 0.006905 -0.130405
v -0.009711 0.010518 -0.124553
v -0.006794 0.008239 -0.122182
v -0.004801 0.001519 -0.184388
v -0.003911 0.001907 -0.191068
v -0.009478 0.006695 -0.188263
v -0.007715 0.006148 -0.196496
v -0.003263 0.001163 -0.196969
v -0.002925 0.000628 -0.203703
v -0.009122 0.006298 -0.203341
v -0.008917 0.005699 -0.210442
v -0.002675 0.000192 -0.210927
v -0.008720 0.005469 -0.217586
v -0.002737 -0.000334 -0.218096
v -0.006849 0.004973 -0.225710
v -0.002758 -0.000711 -0.226157
v -0.006415 0.004609 -0.233340
v -0.002639 -0.000954 -0.234064
v -0.006385 0.004081 -0.240943
v -0.002417 -0.001068 -0.241578
v -0.002358 -0.000049 -0.249558
v -0.005921 0.004805 -0.248711
v -0.002319 0.000439 -0.255189
v -0.005577 0.005205 -0.254493
v -0.005348 0.005776 -0.258981
v -0.002188 0.001317 -0.260434
v -0.005135 0.006455 -0.263228
v -0.002021 0.002329 -0.265421
v -0.004415 0.006646 -0.266960
v -0.001788 0.003821 -0.272178
v -0.002568 0.012814 -0.292825
v -0.001452 0.007462 -0.286542
v -0.000698 0.009813 -0.293014
v -0.000521 0.011948 -0.299756
v -0.002976 0.015748 -0.299186
v -0.000308 0.014141 -0.306551
v -0.002974 0.018967 -0.305833
v -0.000169 0.016269 -0.313451
v -0.003249 0.021356 -0.312552
v -0.000008 0.018229 -0.320435
v -0.003147 0.022702 -0.319552
v -0.002698 0.023497 -0.326856
v 0.000135 0.019678 -0.327650
v -0.002386 0.023977 -0.334510
v 0.000267 0.020865 -0.335026
v -0.002247 0.024657 -0.341791
v 0.000272 0.022000 -0.342451
v -0.001791 0.025642 -0.349533
v 0.000066 0.022532 -0.350096
v -0.001706 0.026230 -0.357030
v -0.000366 0.022854 -0.357740
v -0.001190 0.027500 -0.368345
v -0.000305 0.024136 -0.368937
v -0.000664 0.027127 -0.376788
v -0.000032 0.024724 -0.377811
v -0.006755 -0.019060 -0.137137
v -0.007004 -0.017492 -0.129053
v -0.008077 -0.019879 -0.130289
v -0.008192 -0.021823 -0.137082
v -0.008192 -0.023140 -0.133062
v -0.006459 -0.020112 -0.143982
v -0.008435 -0.025036 -0.137406
v -0.008396 -0.023448 -0.143924
v -0.006542 -0.020826 -0.150071
v -0.008760 -0.027082 -0.143905
v -0.008860 -0.024376 -0.150292
v -0.006321 -0.021797 -0.157308
v -0.009357 -0.028895 -0.150841
v -0.009011 -0.025478 -0.157255
v -0.006445 -0.022571 -0.164123
v -0.009209 -0.029786 -0.157612
v -0.008891 -0.026243 -0.164293
v -0.006258 -0.023475 -0.171492
v -0.008757 -0.031038 -0.164463
v -0.008805 -0.027313 -0.171759
v -0.005940 -0.024254 -0.178909
v -0.008594 -0.032360 -0.172353
v -0.008624 -0.028044 -0.179346
v -0.005582 -0.024089 -0.186913
v -0.007975 -0.033165 -0.180564
v -0.008818 -0.028155 -0.187583
v -0.005173 -0.024119 -0.194131
v -0.008276 -0.033463 -0.189276
v -0.008461 -0.027895 -0.195204
v -0.004689 -0.024319 -0.200359
v -0.008630 -0.032758 -0.197025
v -0.007764 -0.027804 -0.201716
v -0.007721 -0.032492 -0.203497
v -0.004133 -0.024100 -0.206060
v -0.007585 -0.027944 -0.207269
v -0.007482 -0.032885 -0.208988
v -0.007508 -0.027629 -0.214562
v -0.003903 -0.024102 -0.213833
v -0.007867 -0.032175 -0.216534
v -0.006303 -0.026431 -0.222342
v -0.007538 -0.030685 -0.224041
v -0.003556 -0.023393 -0.221688
v -0.006829 -0.027890 -0.231272
v -0.005933 -0.024600 -0.230306
v -0.003148 -0.021953 -0.229847
v -0.006033 -0.026009 -0.240071
v -0.005571 -0.022796 -0.238855
v -0.002875 -0.019661 -0.237782
v -0.006017 -0.022943 -0.246332
v -0.005767 -0.019912 -0.245519
v -0.003002 -0.017469 -0.245190
v -0.004153 -0.017007 -0.253783
v -0.003729 -0.015254 -0.253374
v -0.017617 0.016635 -0.019828
v -0.013741 0.012580 -0.019687
v -0.013403 0.015611 -0.026374
v -0.017278 0.019665 -0.026514
v -0.011856 0.017550 -0.032713
v -0.017047 0.023018 -0.032905
v -0.012358 0.020647 -0.039022
v -0.016731 0.025393 -0.038955
v -0.010681 0.018855 -0.039331
v -0.013099 0.023534 -0.045430
v -0.016183 0.027313 -0.045163
v -0.009868 0.019776 -0.045716
v -0.012436 0.024572 -0.050479
v -0.009394 0.020298 -0.050932
v -0.015487 0.028700 -0.050172
v -0.008671 0.020824 -0.057736
v -0.011587 0.025718 -0.057626
v -0.014696 0.030385 -0.057549
v -0.007954 0.021159 -0.064552
v -0.011071 0.026522 -0.064840
v -0.014455 0.031619 -0.065024
v -0.007071 0.021095 -0.071781
v -0.010730 0.026853 -0.072082
v -0.014754 0.032010 -0.072462
v -0.014599 0.031406 -0.078688
v -0.010344 0.026287 -0.078187
v -0.006534 0.020454 -0.077739
v -0.014263 0.030414 -0.085595
v -0.009769 0.025111 -0.084842
v -0.006126 0.019324 -0.084106
v -0.014037 0.029332 -0.092492
v -0.009204 0.023674 -0.091460
v -0.005780 0.017876 -0.090420
v -0.008764 0.022178 -0.098689
v -0.005339 0.016162 -0.097129
v -0.014186 0.028304 -0.100107
v -0.004786 0.014552 -0.103395
v -0.008676 0.020732 -0.105310
v -0.014062 0.026609 -0.107101
v -0.004023 0.012992 -0.109648
v -0.008561 0.019169 -0.111902
v -0.013789 0.024652 -0.114045
v -0.003011 0.011739 -0.115311
v -0.007734 0.017608 -0.117779
v -0.012816 0.022953 -0.120067
v -0.002243 0.010658 -0.121023
v -0.011820 0.021417 -0.126135
v -0.007009 0.016078 -0.123665
v -0.002248 0.009139 -0.130516
v -0.007290 0.014294 -0.131711
v -0.011515 0.020016 -0.133061
v -0.000870 0.007928 -0.138069
v -0.011056 0.016628 -0.141315
v -0.006286 0.013670 -0.139881
vn -0.0285 -0.9478 -0.3175
vn -0.1756 -0.2876 -0.9415
vn 0.9004 -0.4109 -0.1429
vn -0.1760 -0.2874 -0.9415
vn 0.7333 0.2618 -0.6275
vn 0.9003 -0.4111 -0.1433
vn 0.5453 0.5798 -0.6054
vn 0.7332 0.2634 -0.6269
vn -0.1754 -0.2871 -0.9417
vn -0.4368 -0.1022 -0.8937
vn 0.8567 0.4958 0.1424
vn 0.9006 -0.4107 -0.1426
vn 0.5351 0.5802 -0.6141
vn -0.4539 -0.0580 -0.8891
vn 0.5828 0.4694 -0.6634
vn -0.3941 -0.0701 -0.9164
vn -0.4081 -0.1532 -0.9000
vn 0.8524 0.5179 0.0715
vn 0.5677 0.3791 -0.7308
vn -0.4517 -0.2135 -0.8663
vn 0.8743 0.4812 -0.0635
vn 0.5337 0.3199 -0.7829
vn -0.4603 -0.2166 -0.8609
vn 0.8861 0.4469 -0.1232
vn 0.5430 0.3147 -0.7785
vn -0.4448 -0.1725 -0.8789
vn 0.8879 0.4449 -0.1172
vn 0.6860 0.1658 0.7085
vn 0.6940 -0.0530 0.7180
vn 0.6456 0.0379 0.7627
vn 0.6472 0.1177 0.7532
vn 0.7856 -0.2284 0.5751
vn -0.1490 -0.8684 0.4729
vn -0.0281 -0.9478 -0.3177
vn -0.2466 -0.7421 0.6232
vn -0.7524 -0.6388 -0.1608
vn -0.1752 -0.2873 -0.9417
vn -0.4368 -0.1023 -0.8937
vn -0.4541 -0.0580 -0.8891
vn -0.8054 -0.5908 -0.0473
vn -0.3942 -0.0700 -0.9163
vn -0.2964 -0.5975 0.7451
vn -0.8539 -0.5203 -0.0049
vn -0.4080 -0.1530 -0.9001
vn -0.3775 -0.4626 0.8022
vn -0.8586 -0.5108 0.0443
vn -0.4458 -0.2131 -0.8694
vn -0.3390 -0.3963 0.8532
vn -0.8586 -0.5020 0.1040
vn -0.4588 -0.2177 -0.8614
vn -0.3840 -0.3712 0.8454
vn -0.8722 -0.4824 0.0807
vn -0.4459 -0.1884 -0.8750
vn 0.6109 0.1696 0.7734
vn -0.8859 -0.4631 0.0261
vn -0.6141 -0.1991 -0.7637
vn -0.4692 -0.3645 0.8043
vn 0.8812 0.4621 -0.1001
vn 0.5424 0.1945 0.8173
vn -0.5005 -0.3638 0.7856
vn -0.9065 -0.4182 -0.0584
vn -0.8682 -0.4898 -0.0794
vn -0.6734 -0.2135 -0.7078
vn -0.1699 -0.9132 -0.3703
vn -0.4278 -0.8934 -0.1374
vn -0.5200 -0.8475 -0.1067
vn 0.5548 0.3272 -0.7649
vn 0.8852 0.4637 -0.0373
vn 0.5406 0.1850 0.8207
vn -0.5516 -0.4249 0.7178
vn -0.5210 -0.7360 0.4324
vn 0.7244 -0.6755 0.1377
vn 0.8212 -0.0029 0.5707
vn 0.9796 0.1671 0.1114
vn 0.9831 0.1814 0.0248
vn 0.5076 0.3616 -0.7820
vn -0.5795 -0.2065 -0.7884
vn 0.8941 0.4438 0.0608
vn 0.5498 0.1495 0.8218
vn 0.8886 0.4561 0.0487
vn 0.9660 -0.1155 -0.2313
vn 0.4829 0.4163 -0.7704
vn -0.5182 -0.1027 -0.8491
vn -0.1316 -0.8658 -0.4827
vn 0.0043 0.5452 0.8383
vn 0.2380 0.5286 0.8149
vn 0.9953 0.0961 0.0127
vn 0.9596 0.2805 0.0194
vn 0.1876 0.5486 0.8148
vn 0.9977 -0.0616 -0.0283
vn 0.2927 0.3354 0.8954
vn 0.9440 -0.3240 0.0622
vn 0.2373 0.2899 0.9272
vn 0.8487 -0.4914 0.1956
vn 0.2691 0.3339 0.9034
vn 0.7885 -0.1653 -0.5924
vn 0.7057 -0.2814 -0.6502
vn 0.6712 -0.4625 -0.5793
vn 0.9174 0.3428 0.2022
vn -0.1305 0.5372 0.8333
vn -0.0850 -0.2583 -0.9623
vn -0.0049 -0.2868 -0.9580
vn 0.8767 -0.1356 -0.4616
vn 0.7589 0.5833 0.2894
vn 0.5202 0.8012 -0.2956
vn -0.4365 0.6188 0.6531
vn 0.2159 -0.2114 -0.9532
vn 0.3980 0.0160 -0.9173
vn -0.5021 0.8351 -0.2247
vn -0.5653 0.4132 -0.7139
vn -0.7665 0.1188 -0.6312
vn -0.9597 0.0474 -0.2769
vn -0.9728 0.1105 -0.2034
vn -0.0688 -0.2825 -0.9568
vn -0.9140 0.3204 -0.2488
vn -0.7751 0.5406 -0.3271
vn 0.5679 -0.6677 -0.4813
vn -0.1158 -0.3370 -0.9344
vn -0.6167 0.6447 -0.4518
vn 0.4550 -0.8173 -0.3535
vn -0.0889 -0.4193 -0.9035
vn -0.3599 0.6084 -0.7074
vn 0.7152 -0.6037 0.3521
vn 0.3314 -0.9187 -0.2150
vn -0.0036 -0.5847 -0.8113
vn -0.0045 -0.6874 -0.7263
vn -0.1056 0.5973 -0.7951
vn -0.0206 0.5178 -0.8552
vn 0.1692 -0.9822 -0.0814
vn 0.5209 -0.6348 0.5706
vn -0.0404 -0.7583 -0.6507
vn 0.1259 0.7220 -0.6803
vn 0.0029 -0.1074 -0.9942
vn 0.0240 -0.9997 0.0042
vn 0.3448 -0.9107 -0.2275
vn 0.3317 -0.6600 0.6741
vn 0.0599 -0.5924 0.8034
vn 0.6327 -0.2528 0.7319
vn 0.2652 0.3873 0.8830
vn 0.1684 0.4886 0.8561
vn 0.0874 0.4090 0.9084
vn 0.0514 0.6824 0.7292
vn 0.5671 -0.1245 0.8142
vn -0.2488 0.9386 0.2388
vn -0.0864 0.9886 0.1235
vn -0.4114 0.8391 0.3558
vn 0.0366 0.9993 0.0062
vn -0.3685 0.7189 -0.5894
vn -0.1140 0.6392 -0.7605
vn -0.6129 0.6737 -0.4128
vn -0.0186 0.5509 -0.8343
vn 0.1966 0.5729 -0.7957
vn 0.3127 0.9474 -0.0688
vn 0.1278 0.9899 -0.0608
vn 0.6209 -0.2680 0.7367
vn -0.7692 0.5732 -0.2824
vn -0.5582 0.6950 0.4532
vn -0.9124 0.3728 -0.1690
vn -0.6843 0.4791 0.5498
vn 0.1878 0.3018 0.9347
vn -0.9808 0.1636 -0.1062
vn -0.7340 0.2814 0.6181
vn 0.1984 0.3333 0.9217
vn 0.0989 0.4482 0.8885
vn -0.9753 0.0334 -0.2184
vn -0.8175 0.2097 0.5364
vn -0.8760 0.3082 0.3710
vn -0.8070 0.1197 -0.5783
vn -0.6700 0.4098 -0.6190
vn -0.6282 0.7653 -0.1403
vn 0.7987 0.5486 0.2473
vn -0.3365 0.6886 0.6423
vn 0.9258 0.3174 0.2052
vn 0.5633 0.7551 -0.3354
vn -0.4891 0.8566 -0.1644
vn 0.2098 -0.2900 -0.9337
vn 0.0330 -0.9484 -0.3155
vn -0.8976 -0.4035 -0.1777
vn -0.7062 0.2673 -0.6556
vn 0.2098 -0.2901 -0.9337
vn -0.8975 -0.4036 -0.1776
vn -0.5162 0.5838 -0.6267
vn 0.4705 -0.1060 -0.8760
vn 0.2100 -0.2879 -0.9344
vn -0.7052 0.2704 -0.6555
vn -0.5066 0.5835 -0.6348
vn 0.4875 -0.0627 -0.8709
vn -0.8576 0.5027 0.1087
vn -0.8978 -0.4032 -0.1770
vn -0.5576 0.4664 -0.6867
vn 0.4247 -0.0745 -0.9023
vn 0.4323 -0.1545 -0.8884
vn -0.8504 0.5247 0.0381
vn -0.5530 0.3648 -0.7491
vn 0.4797 -0.2150 -0.8507
vn -0.8698 0.4840 -0.0956
vn -0.5168 0.3258 -0.7917
vn 0.4880 -0.2217 -0.8442
vn -0.8859 0.4391 -0.1494
vn -0.5138 0.3403 -0.7876
vn 0.4716 -0.1815 -0.8629
vn -0.8806 0.4533 -0.1382
vn -0.7086 0.1685 0.6852
vn -0.7219 -0.0471 0.6904
vn -0.6742 0.0441 0.7372
vn -0.6737 0.1240 0.7285
vn -0.8097 -0.2210 0.5436
vn 0.1227 -0.8694 0.4786
vn 0.0324 -0.9483 -0.3157
vn 0.2158 -0.7436 0.6328
vn 0.7528 -0.6452 -0.1306
vn 0.2099 -0.2892 -0.9340
vn 0.4708 -0.1063 -0.8758
vn 0.4876 -0.0629 -0.8708
vn 0.8019 -0.5972 -0.0158
vn 0.4253 -0.0751 -0.9019
vn 0.2626 -0.5987 0.7567
vn 0.8519 -0.5229 0.0293
vn 0.4332 -0.1572 -0.8875
vn 0.3456 -0.4620 0.8168
vn 0.8618 -0.5022 0.0714
vn 0.4731 -0.2158 -0.8542
vn 0.3170 -0.3886 0.8652
vn 0.8531 -0.5078 0.1197
vn 0.4767 -0.2169 -0.8519
vn 0.3547 -0.3741 0.8569
vn 0.8577 -0.5046 0.0986
vn 0.4656 -0.1924 -0.8638
vn -0.6400 0.1797 0.7471
vn 0.8726 -0.4852 0.0558
vn 0.6295 -0.1998 -0.7509
vn 0.4340 -0.3781 0.8177
vn -0.8661 0.4865 -0.1147
vn -0.5711 0.2014 0.7958
vn 0.4554 -0.3735 0.8081
vn 0.9023 -0.4309 -0.0089
vn 0.8622 -0.5045 -0.0455
vn 0.7082 -0.2235 -0.6697
vn 0.1752 -0.9158 -0.3614
vn 0.3913 -0.9083 -0.1477
vn 0.4869 -0.8696 -0.0826
vn -0.5347 0.3333 -0.7766
vn -0.8785 0.4740 -0.0593
vn -0.5707 0.1989 0.7967
vn 0.5123 -0.4011 0.7594
vn 0.4801 -0.7534 0.4494
vn -0.7563 -0.6459 0.1036
vn -0.8449 0.0115 0.5348
vn -0.9805 0.1810 0.0760
vn -0.9813 0.1920 -0.0135
vn -0.4656 0.3659 -0.8058
vn 0.6056 -0.2185 -0.7651
vn -0.8904 0.4549 0.0169
vn -0.5930 0.1514 0.7908
vn -0.8846 0.4663 0.0057
vn -0.9456 -0.1248 -0.3004
vn -0.4474 0.4124 -0.7935
vn 0.5526 -0.1097 -0.8262
vn 0.1625 -0.8626 -0.4791
vn -0.7484 0.6357 0.1892
vn -0.5612 0.8276 -0.0088
vn -0.8475 -0.5283 -0.0515
vn -0.7805 0.6013 0.1712
vn -0.7330 -0.6787 0.0454
vn -0.7627 -0.6456 0.0386
vn -0.8085 0.4763 0.3457
vn -0.7412 -0.6705 0.0321
vn -0.6840 0.4126 0.6015
vn -0.8087 -0.5851 0.0602
vn -0.5108 0.3966 0.7627
vn -0.0703 -0.9917 -0.1072
vn -0.0962 -0.9724 -0.2125
vn -0.1774 -0.9059 -0.3845
vn -0.8942 -0.4340 -0.1096
vn -0.6440 0.7648 0.0165
vn 0.6838 -0.5790 -0.4441
vn 0.7240 -0.6169 -0.3087
vn -0.1802 -0.9657 -0.1870
vn -0.9308 -0.1821 -0.3168
vn -0.5008 -0.0598 -0.8635
vn -0.4878 0.8729 0.0021
vn 0.5699 -0.6938 -0.4402
vn 0.2875 -0.6178 -0.7319
vn 0.0929 0.8511 -0.5168
vn 0.5902 0.5515 -0.5895
vn 0.7941 0.4625 -0.3944
vn 0.7709 0.6061 -0.1957
vn 0.7691 0.6173 -0.1654
vn 0.5846 -0.4633 -0.6660
vn 0.7578 0.6323 -0.1613
vn 0.7623 0.6330 -0.1345
vn -0.3027 -0.7862 -0.5388
vn 0.4609 -0.3076 -0.8324
vn 0.7555 0.6228 -0.2033
vn -0.3887 -0.7339 -0.5571
vn 0.2887 -0.2853 -0.9139
vn 0.6420 0.7135 -0.2807
vn -0.8047 -0.5801 0.1261
vn -0.4254 -0.7706 -0.4746
vn 0.1501 -0.2589 -0.9542
vn -0.0158 -0.4228 -0.9061
vn 0.4089 0.7591 -0.5065
vn 0.2812 0.6690 -0.6880
vn -0.3872 -0.8556 -0.3435
vn -0.6992 -0.6927 0.1770
vn -0.0979 -0.5534 -0.8272
vn 0.0491 0.8052 -0.5910
vn -0.0843 -0.1239 -0.9887
vn -0.3114 -0.9329 -0.1807
vn -0.5851 -0.7546 -0.2971
vn -0.5352 -0.7802 0.3239
vn -0.3077 -0.7148 0.6280
vn -0.7212 -0.1398 0.6784
vn -0.4123 0.3084 0.8573
vn -0.3832 0.1516 0.9112
vn -0.1849 0.1146 0.9761
vn 0.0225 0.4832 0.8752
vn -0.6853 -0.2248 0.6927
vn 0.3582 0.7813 0.5111
vn 0.3184 0.8646 0.3886
vn 0.3494 0.7520 0.5589
vn 0.2422 0.9495 0.1993
vn 0.7492 0.6362 -0.1839
vn 0.6276 0.6955 -0.3499
vn 0.4079 0.7242 -0.5561
vn 0.2729 0.6699 -0.6905
vn 0.0319 0.6930 -0.7203
vn -0.0644 0.9960 0.0626
vn 0.0224 0.9864 0.1631
vn -0.7305 -0.2627 0.6303
vn 0.7693 0.6204 -0.1527
vn 0.2924 0.8047 0.5167
vn 0.7689 0.6164 -0.1697
vn 0.1979 0.9039 0.3791
vn -0.7038 0.3841 0.5976
vn 0.7877 0.5915 -0.1723
vn 0.1090 0.9759 0.1892
vn -0.8208 0.4593 0.3396
vn -0.8115 0.5773 0.0900
vn 0.7439 0.6308 -0.2204
vn 0.0671 0.9973 0.0288
vn 0.1267 0.9919 -0.0063
vn 0.7791 0.4826 -0.4001
vn 0.5890 0.4753 -0.6536
vn 0.0442 0.8194 -0.5715
vn -0.4297 0.9025 0.0306
vn -0.9504 -0.0832 -0.2997
vn -0.9079 -0.4003 -0.1240
vn -0.5347 0.0479 -0.8437
vn 0.1052 0.8551 -0.5077
vn -0.2326 0.9531 0.1934
vn -0.0482 0.3044 0.9513
vn -0.6313 0.6048 -0.4854
vn 0.4648 -0.8755 0.1319
vn -0.0124 -0.8918 -0.4523
vn -0.5928 0.0506 -0.8038
vn 0.5531 -0.7728 0.3113
vn 0.4647 -0.8756 0.1320
vn -0.5221 -0.7749 -0.3564
vn -0.5928 0.0505 -0.8038
vn -0.0397 -0.4881 -0.8719
vn 0.6563 -0.1533 -0.7388
vn 0.6713 -0.7120 0.2062
vn -0.2168 -0.0232 -0.9759
vn 0.4684 -0.6827 0.5609
vn 0.3947 -0.8521 0.3436
vn 0.2981 -0.7272 0.6183
vn 0.5325 -0.6729 0.5135
vn 0.6314 -0.7321 0.2557
vn 0.4869 -0.5978 0.6368
vn 0.5063 -0.7923 0.3403
vn 0.3851 -0.8611 -0.3321
vn -0.2169 -0.0232 -0.9759
vn -0.4728 -0.4334 -0.7672
vn -0.7484 -0.2998 -0.5917
vn 0.5630 -0.7679 0.3056
vn 0.6230 -0.4895 0.6101
vn 0.7320 -0.5889 0.3426
vn 0.5506 -0.7944 0.2564
vn 0.7110 -0.6510 0.2657
vn -0.5599 -0.8271 0.0492
vn -0.0375 -0.7536 -0.6562
vn 0.8848 -0.1451 -0.4428
vn 0.6781 -0.7222 0.1364
vn 0.5026 -0.5497 0.6672
vn 0.3008 -0.6542 0.6940
vn 0.7050 -0.3159 0.6349
vn 0.7265 -0.3745 0.5762
vn 0.6597 -0.3440 0.6682
vn 0.5694 -0.8219 -0.0180
vn 0.7286 -0.0145 0.6848
vn 0.9463 -0.2108 0.2451
vn 0.7391 -0.3941 0.5463
vn 0.6276 -0.7729 -0.0939
vn 0.6576 -0.7412 0.1348
vn 0.6887 -0.6536 0.3138
vn -0.0702 -0.0969 -0.9928
vn -0.5069 -0.8301 0.2325
vn -0.1641 -0.7069 -0.6881
vn 0.4878 -0.0546 -0.8713
vn 0.6934 -0.6921 0.2005
vn 0.7063 -0.3806 0.5969
vn 0.7398 -0.6697 -0.0647
vn 0.7082 -0.4253 0.5635
vn 0.5798 -0.7962 0.1726
vn 0.6179 -0.0526 0.7845
vn 0.4002 -0.9104 0.1051
vn 0.3718 -0.8544 0.3631
vn 0.5661 -0.7911 0.2319
vn -0.7683 -0.6217 0.1526
vn -0.1950 -0.6722 -0.7143
vn 0.0714 -0.8940 -0.4423
vn 0.5284 -0.8364 0.1459
vn 0.4875 -0.8667 0.1060
vn 0.5632 -0.8259 0.0268
vn -0.4962 -0.6406 -0.5860
vn 0.3230 -0.0333 -0.9458
vn 0.3403 -0.8767 -0.3399
vn 0.5491 -0.8263 -0.1251
vn 0.6899 -0.7146 0.1154
vn 0.7694 -0.6376 -0.0381
vn 0.8200 -0.3227 0.4727
vn 0.5805 -0.7780 -0.2402
vn -0.3603 -0.7758 -0.5180
vn 0.5757 -0.7503 -0.3249
vn 0.2332 -0.7922 -0.5639
vn 0.7078 -0.7035 -0.0641
vn 0.6426 -0.1531 0.7507
vn 0.6003 -0.7796 -0.1788
vn 0.2838 -0.8801 -0.3807
vn 0.5282 -0.8219 0.2130
vn 0.1947 -0.9734 -0.1209
vn 0.2465 -0.7246 0.6435
vn -0.2623 -0.8038 0.5339
vn 0.8282 -0.5185 0.2128
vn 0.9156 -0.3435 0.2091
vn 0.8792 -0.1654 0.4467
vn 0.6069 -0.0350 0.7940
vn 0.1800 -0.5235 0.8328
vn -0.5304 -0.4537 0.7161
vn -0.2688 0.2108 0.9398
vn 0.7730 -0.5777 0.2622
vn 0.7992 -0.5399 0.2641
vn 0.7607 -0.0227 0.6487
vn 0.7051 -0.5113 0.4914
vn 0.7137 0.0352 0.6996
vn 0.7278 -0.5606 0.3951
vn 0.9086 -0.2716 0.3174
vn 0.2826 -0.9246 -0.2555
vn 0.2480 -0.2029 0.9473
vn -0.6951 0.4459 0.5640
vn 0.8455 0.1473 0.5133
vn 0.8784 0.1508 0.4535
vn 0.8484 -0.3813 0.3672
vn 0.0747 0.2688 0.9603
vn -0.8089 0.4621 0.3634
vn 0.7936 -0.1415 0.5918
vn 0.7863 -0.1332 0.6034
vn 0.8304 0.3481 0.4351
vn 0.7346 -0.1413 0.6636
vn 0.5669 -0.1988 0.7994
vn 0.9268 -0.3754 0.0098
vn 0.9434 -0.3316 0.0023
vn 0.7385 0.6537 0.1652
vn -0.0355 -0.9288 -0.3689
vn 0.5323 -0.1052 0.8400
vn 0.7315 -0.0038 0.6819
vn 0.6013 0.0887 0.7941
vn 0.6419 0.1835 0.7445
vn 0.7993 -0.2472 0.5478
vn 0.3592 -0.8925 0.2728
vn 0.7171 0.1429 0.6821
vn 0.3902 0.0143 0.9206
vn 0.3047 0.1698 0.9372
vn 0.5796 0.1118 0.8072
vn -0.3079 -0.5244 0.7938
vn 0.6177 0.7612 0.1977
vn 0.3846 0.8478 0.3652
vn -0.5510 0.6248 0.5532
vn -0.6348 0.5673 0.5246
vn 0.2519 0.6549 0.7125
vn 0.4654 0.7389 0.4873
vn -0.1955 0.9176 -0.3460
vn -0.7879 0.5209 0.3286
vn 0.5436 0.2142 0.8115
vn 0.7398 0.0786 0.6682
vn 0.7707 -0.0507 0.6352
vn 0.6706 0.1701 0.7220
vn 0.3866 0.9197 -0.0682
vn -0.4190 0.6749 0.6074
vn -0.5331 -0.3349 0.7770
vn 0.7276 0.0138 0.6858
vn 0.6243 0.0884 0.7762
vn 0.6817 0.1879 0.7071
vn 0.6651 0.2186 0.7141
vn 0.7774 -0.0028 0.6290
vn 0.4824 0.8161 -0.3184
vn 0.8857 -0.1961 0.4209
vn 0.6092 0.2569 0.7502
vn -0.2879 0.9141 0.2857
vn -0.0779 0.3266 0.9420
vn 0.7020 0.2121 0.6799
vn 0.6795 0.4077 0.6100
vn 0.6271 -0.0762 0.7752
vn 0.7694 0.0128 0.6386
vn 0.6586 0.3508 0.6657
vn 0.7474 0.5000 0.4374
vn 0.6531 -0.1062 0.7498
vn 0.7824 -0.6225 -0.0191
vn 0.6672 -0.7359 0.1154
vn 0.4199 -0.9023 -0.0972
vn 0.2989 -0.9450 -0.1325
vn 0.5020 -0.8137 -0.2931
vn 0.4000 -0.9158 -0.0359
vn 0.4291 -0.8974 -0.1028
vn 0.3207 -0.9159 -0.2415
vn 0.3459 -0.8349 -0.4281
vn 0.8440 -0.5247 -0.1113
vn 0.5849 -0.5852 -0.5617
vn 0.8874 -0.1147 0.4465
vn 0.8333 0.1902 0.5191
vn 0.9524 -0.0768 0.2949
vn 0.9221 -0.2933 -0.2525
vn 0.7410 0.2908 0.6053
vn 0.8124 -0.0073 0.5830
vn 0.9414 -0.2639 0.2100
vn 0.5559 0.6006 0.5747
vn 0.4941 0.2471 0.8336
vn 0.4281 0.2918 0.8553
vn 0.4799 -0.0363 0.8766
vn 0.2753 0.6193 0.7353
vn 0.2880 0.4378 0.8517
vn 0.4572 -0.2409 0.8561
vn 0.0642 -0.0669 0.9957
vn -0.0035 0.2937 0.9559
vn 0.8079 -0.2279 0.5435
vn -0.0897 0.5793 0.8102
vn 0.8232 -0.2727 0.4980
vn 0.3004 0.0588 0.9520
vn 0.3702 -0.1954 0.9082
vn 0.5918 0.1195 0.7972
vn 0.7450 0.6670 0.0126
vn -0.4451 0.7129 -0.5420
vn -0.0661 0.7994 -0.5971
vn -0.0258 0.9264 0.3756
vn -0.0259 0.9264 0.3756
vn -0.4402 0.3494 0.8271
vn -0.6314 0.6048 -0.4854
vn -0.8197 0.5287 -0.2205
vn -0.1402 0.5840 0.7995
vn -0.2326 0.9532 0.1933
vn -0.4178 0.7870 -0.4541
vn 0.4888 0.3819 0.7844
vn -0.1723 0.9843 0.0381
vn -0.4858 0.7748 -0.4046
vn 0.3160 0.8584 0.4040
vn 0.5658 0.3206 0.7597
vn 0.1586 0.5138 0.8431
vn -0.2728 0.8543 0.4425
vn -0.0616 0.8743 -0.4815
vn -0.0615 0.8742 -0.4816
vn 0.0321 0.3093 0.9504
vn 0.0031 0.3475 0.9377
vn 0.0032 0.1178 0.9930
vn 0.1784 0.3206 0.9303
vn 0.0028 0.5493 0.8356
vn 0.0031 0.2988 0.9543
vn -0.3277 0.8888 0.3203
vn -0.2971 0.8539 -0.4273
vn 0.3347 0.9292 0.1570
vn -0.0615 0.8743 -0.4816
vn -0.3793 0.8167 0.4349
vn -0.0015 0.8566 -0.5160
vn 0.1484 0.9508 0.2719
vn 0.1177 0.8247 -0.5533
vn 0.0098 0.2937 0.9558
vn 0.0952 0.5792 0.8096
vn -0.0259 0.3093 0.9506
vn -0.2823 0.4379 0.8536
vn -0.1530 0.5138 0.8442
vn -0.1722 0.3207 0.9314
vn 0.3824 0.8166 0.4324
vn -0.1463 0.9509 0.2729
vn 0.2946 0.8538 -0.4292
vn -0.1209 0.8247 -0.5525
vn 0.3301 0.8887 0.3181
vn 0.2946 0.8538 -0.4293
vn -0.3334 0.9293 0.1591
vn 0.0587 0.8742 -0.4820
vn -0.2703 0.6194 0.7371
vn -0.4225 0.2920 0.8581
vn -0.0578 -0.0668 0.9961
vn 0.0032 -0.0669 0.9978
vn 0.0729 -0.2509 0.9653
vn 0.4666 -0.2252 0.8553
vn 0.0031 -0.2425 0.9702
vn -0.0667 -0.2509 0.9657
vn 0.1405 -0.1319 0.9813
vn 0.2409 -0.0530 0.9691
vn 0.0032 -0.0870 0.9962
vn 0.5493 -0.0909 0.8307
vn 0.2678 -0.3743 0.8878
vn -0.1342 -0.1319 0.9821
vn 0.0032 -0.0386 0.9993
vn -0.2347 -0.0529 0.9706
vn -0.2622 -0.3742 0.8895
vn -0.4611 -0.2250 0.8583
vn 0.0029 -0.3868 0.9221
vn 0.0019 -0.7745 0.6326
vn -0.4517 -0.2408 0.8591
vn -0.5439 -0.0908 0.8342
vn -0.4742 -0.0361 0.8797
vn -0.8200 -0.2725 0.5033
vn -0.7369 0.2911 0.6101
vn -0.8087 -0.0070 0.5882
vn -0.8045 -0.2276 0.5487
vn -0.5519 0.6008 0.5783
vn -0.9401 -0.2636 0.2161
vn -0.4886 0.2473 0.8367
vn -0.8298 0.1905 0.5245
vn -0.6754 0.4079 0.6144
vn -0.9506 -0.0764 0.3009
vn -0.6539 0.3509 0.6702
vn -0.9368 -0.3262 0.1262
vn -0.8785 -0.1100 0.4649
vn -0.8959 -0.0971 0.4336
vn -0.6721 0.2144 0.7088
vn -0.9243 -0.2935 -0.2441
vn -0.8633 -0.4819 -0.1500
vn -0.8892 -0.3561 -0.2872
vn -0.8928 -0.2443 0.3784
vn -0.8541 -0.3882 -0.3460
vn -0.5683 -0.4011 -0.7185
vn -0.5879 -0.5881 -0.5554
vn -0.9872 -0.1573 -0.0259
vn -0.7809 -0.6163 -0.1018
vn -0.7312 0.1170 0.6721
vn -0.6545 0.1868 0.7327
vn -0.8042 -0.2886 0.5196
vn -0.7507 0.0265 0.6601
vn -0.6770 0.1881 0.7115
vn -0.6975 0.2123 0.6844
vn -0.8525 -0.2155 -0.4762
vn -0.5318 -0.3728 -0.7604
vn -0.8165 -0.0687 -0.5732
vn -0.5585 -0.2186 -0.8002
vn -0.2189 -0.2662 -0.9387
vn -0.2362 -0.4154 -0.8784
vn -0.9741 -0.1186 -0.1926
vn -0.5881 -0.1880 -0.7866
vn -0.8553 -0.4051 -0.3231
vn -0.8810 -0.2052 0.4262
vn -0.7057 -0.5751 0.4137
vn -0.5549 -0.3058 0.7737
vn -0.2969 -0.3144 -0.9017
vn -0.3528 -0.6668 0.6564
vn -0.6818 -0.6677 -0.2990
vn -0.1905 -0.7588 0.6228
vn -0.3096 -0.8462 0.4337
vn -0.2675 -0.8196 -0.5066
vn 0.0160 -0.7390 -0.6735
vn -0.0031 -0.3152 -0.9490
vn -0.0017 -0.8740 -0.4860
vn -0.0032 -0.2710 -0.9626
vn -0.0019 -0.4034 -0.9150
vn -0.0023 -0.6315 -0.7754
vn -0.2968 -0.6499 -0.6997
vn -0.0039 -0.8548 -0.5189
vn -0.3293 -0.8446 -0.4221
vn 0.0004 -0.9455 -0.3257
vn -0.5165 -0.8116 -0.2728
vn -0.3248 -0.9137 -0.2443
vn -0.5953 -0.8003 0.0712
vn -0.4148 -0.9053 -0.0916
vn -0.1129 -0.9618 -0.2494
vn 0.0018 -0.9671 -0.2544
vn -0.3403 -0.8850 0.3179
vn -0.5845 -0.1418 0.7989
vn -0.2258 -0.9687 -0.1036
vn -0.2774 -0.9501 -0.1428
vn -0.3635 -0.9298 -0.0583
vn -0.3311 -0.9336 -0.1370
vn -0.1262 -0.9427 -0.3088
vn -0.0058 -0.9481 -0.3179
vn 0.0527 -0.9646 -0.2585
vn -0.2071 -0.9396 -0.2726
vn -0.2888 -0.9363 -0.1999
vn -0.3660 -0.8143 -0.4504
vn -0.1808 -0.9455 -0.2707
vn -0.1724 -0.9264 -0.3348
vn -0.1941 -0.9789 -0.0635
vn 0.0894 -0.9923 -0.0862
vn -0.2784 -0.9560 -0.0923
vn -0.2093 -0.8866 -0.4125
vn -0.4431 -0.8659 -0.2323
vn -0.7736 -0.3646 -0.5184
vn 0.3948 -0.8521 0.3436
vn -0.0949 0.1205 -0.9882
vn 0.3947 -0.8522 0.3435
vn 0.0129 -0.5776 -0.8163
vn -0.0948 0.1205 -0.9882
vn 0.4362 -0.8555 0.2790
vn 0.0129 -0.5776 -0.8162
vn 0.0982 -0.9158 0.3895
vn -0.5001 -0.8360 0.2258
vn 0.7787 -0.6240 0.0651
vn -0.3119 0.1953 -0.9298
vn 0.4351 0.0853 -0.8963
vn -0.0614 -0.7813 -0.6211
vn 0.0020 -0.7431 0.6692
vn 0.0023 -0.6823 0.7311
vn -0.2943 -0.7271 0.6202
vn 0.0023 -0.6816 0.7317
vn -0.2966 -0.6541 0.6959
vn 0.3044 -0.6383 0.7071
vn 0.5190 -0.5212 0.6775
vn 0.3637 -0.6273 0.6886
vn 0.6015 -0.4757 0.6418
vn 0.0003 -0.9906 0.1371
vn -0.1746 -0.3889 -0.9046
vn -0.5077 0.3341 -0.7942
vn -0.0959 -0.9158 0.3901
vn 0.1686 -0.3889 -0.9057
vn 0.5026 0.3339 -0.7974
vn -0.4346 -0.8554 0.2818
vn 0.5013 -0.8361 0.2226
vn -0.7784 -0.6238 0.0702
vn 0.3059 0.1953 -0.9318
vn -0.4409 0.0855 -0.8935
vn 0.0572 -0.7813 -0.6215
vn -0.3928 -0.8520 0.3462
vn -0.0184 -0.5776 -0.8161
vn -0.4649 -0.6825 0.5639
vn -0.4830 -0.5976 0.6400
vn -0.4985 -0.5495 0.6705
vn -0.3001 -0.6382 0.7090
vn -0.3595 -0.6272 0.6910
vn -0.5148 -0.5210 0.6808
vn 0.0022 -0.7049 0.7093
vn 0.4357 -0.6070 0.6646
vn -0.5975 -0.4755 0.6456
vn -0.4316 -0.6068 0.6674
vn -0.7357 -0.3938 0.5511
vn 0.0022 -0.6956 0.7184
vn 0.0021 -0.7237 0.6901
vn 0.4812 -0.6238 0.6158
vn -0.4774 -0.6237 0.6190
vn 0.6821 -0.4979 0.5356
vn 0.5298 -0.6019 0.5975
vn 0.7524 -0.3365 0.5663
vn 0.8624 -0.3577 0.3582
vn 0.9104 -0.3625 0.1995
vn 0.8207 -0.1959 0.5367
vn 0.8262 -0.3322 0.4550
vn 0.7365 -0.4354 0.5177
vn -0.6788 -0.4976 0.5400
vn -0.5262 -0.6017 0.6009
vn 0.0022 -0.7102 0.7040
vn 0.5424 -0.5236 0.6570
vn -0.7488 -0.3362 0.5712
vn 0.8729 -0.2351 0.4276
vn 0.9156 -0.1611 0.3684
vn 0.7693 -0.3416 0.5399
vn -0.7333 -0.4351 0.5225
vn -0.5383 -0.5234 0.6605
vn -0.8233 -0.3319 0.4604
vn -0.8173 -0.1956 0.5421
vn 0.0024 -0.6207 0.7840
vn 0.0026 -0.5377 0.8431
vn 0.4928 -0.4618 0.7375
vn 0.0027 -0.5301 0.8479
vn -0.4881 -0.4616 0.7407
vn -0.7659 -0.3414 0.5448
vn -0.8702 -0.2348 0.4332
vn 0.8000 -0.3000 0.5196
vn -0.7967 -0.2997 0.5248
vn 0.4731 -0.4647 0.7485
vn -0.9132 -0.1609 0.3744
vn -0.4684 -0.4645 0.7516
vn 0.9327 -0.1394 0.3325
vn 0.9340 -0.1161 0.3380
vn 0.8221 -0.4124 0.3926
vn 0.4303 -0.6065 0.6687
vn 0.9406 -0.2343 0.2457
vn -0.4262 -0.6063 0.6714
vn -0.8196 -0.4122 0.3979
vn 0.0024 -0.6288 0.7776
vn 0.0028 -0.4594 0.8882
vn 0.8752 -0.2594 0.4083
vn 0.9767 0.0212 0.2137
vn 0.4860 -0.4064 0.7737
vn 0.9977 0.0619 0.0291
vn 0.9706 0.2349 0.0532
vn 0.6319 0.7423 0.2229
vn 0.9888 0.0611 0.1364
vn 0.6364 0.7645 -0.1027
vn 0.8267 0.4829 -0.2888
vn 0.0030 0.4345 0.9007
vn 0.3912 0.3815 0.8375
vn 0.6742 0.5728 0.4662
vn 0.0013 0.9438 0.3305
vn 0.0008 0.9836 0.1802
vn 0.0005 0.9966 0.0819
vn 0.3711 0.9015 -0.2226
vn -0.0009 0.9374 -0.3484
vn 0.5522 0.6920 -0.4650
vn -0.0018 0.8039 -0.5947
vn 0.5934 0.6515 -0.4728
vn -0.0019 0.7841 -0.6206
vn -0.0014 0.8798 -0.4753
vn 0.9069 0.3860 -0.1692
vn 0.6568 0.6837 -0.3180
vn 0.9702 0.0309 0.2404
vn 0.3446 0.9085 -0.2362
vn -0.0007 0.9577 -0.2879
vn 0.0001 0.9997 -0.0227
vn 0.9455 0.3251 0.0170
vn 0.9547 0.0144 0.2971
vn 0.7481 0.6532 -0.1165
vn 0.9512 0.2857 0.1170
vn 0.7157 0.6978 0.0299
vn 0.1774 0.9822 0.0623
vn 0.9049 0.3475 0.2458
vn 0.7556 -0.0464 0.6534
vn 0.4999 0.3793 0.7786
vn 0.1156 0.9924 -0.0411
vn 0.0001 0.9991 -0.0436
vn 0.3913 0.8600 0.3275
vn 0.8350 -0.1568 0.5274
vn 0.0901 0.9736 0.2097
vn 0.2874 0.9450 -0.1559
vn 0.0089 0.9992 -0.0394
vn 0.3290 0.9349 -0.1330
vn 0.3644 0.9304 0.0390
vn 0.0288 0.9955 0.0907
vn 0.5870 0.7717 -0.2447
vn 0.6560 0.7545 -0.0189
vn 0.6383 0.6928 -0.3355
vn 0.8038 0.5286 -0.2728
vn 0.8429 0.5345 -0.0617
vn 0.9025 0.4173 -0.1066
vn 0.9387 0.3189 -0.1308
vn 0.6471 0.7404 -0.1816
vn 0.5053 0.8615 0.0509
vn 0.8175 0.4189 0.3952
vn 0.8513 0.4139 -0.3224
vn 0.7588 0.6003 -0.2526
vn 0.8968 0.3414 -0.2814
vn 0.5348 0.8424 -0.0664
vn 0.9859 -0.1362 -0.0968
vn 0.9812 0.0375 -0.1895
vn 0.9540 0.1713 -0.2460
vn 0.9968 0.0737 -0.0302
vn 0.9756 0.2175 -0.0314
vn 0.9982 -0.0585 0.0145
vn 0.9580 -0.2792 0.0658
vn 0.9546 0.0994 0.2809
vn 0.8049 -0.0609 0.5903
vn 0.9781 -0.2055 0.0344
vn 0.9708 -0.2271 -0.0773
vn 0.9671 -0.1179 0.2254
vn 0.9082 -0.0632 0.4137
vn 0.9357 -0.3450 0.0739
vn 0.8539 0.0334 0.5194
vn 0.9559 -0.2845 0.0732
vn 0.8505 -0.0819 0.5195
vn 0.8249 -0.1031 0.5558
vn 0.8126 -0.0755 0.5780
vn 0.8907 -0.1349 0.4341
vn 0.7183 -0.0032 0.6957
vn 0.8172 -0.0598 0.5733
vn 0.6889 -0.2625 0.6756
vn 0.5829 -0.0081 0.8125
vn 0.6291 -0.1680 0.7590
vn 0.5323 -0.0681 0.8438
vn 0.6036 -0.2476 0.7579
vn 0.6354 -0.2470 0.7316
vn 0.6544 -0.2298 0.7204
vn 0.5941 -0.5628 0.5747
vn 0.7065 -0.2279 0.6700
vn 0.6653 -0.1918 0.7216
vn 0.8365 -0.3754 0.3992
vn 0.8963 -0.0773 0.4366
vn 0.5996 -0.1987 0.7753
vn 0.2772 -0.4773 0.8339
vn 0.7207 -0.2766 0.6357
vn 0.6532 0.2075 0.7282
vn 0.5534 -0.3434 0.7588
vn 0.9223 -0.3303 -0.2007
vn 0.7681 -0.2948 0.5684
vn 0.7681 -0.2949 0.5684
vn 0.1890 -0.1464 0.9710
vn 0.3616 0.1436 0.9212
vn 0.8345 -0.2592 0.4862
vn 0.6630 -0.3644 0.6539
vn 0.8812 -0.4586 -0.1149
vn 0.7426 -0.4406 0.5044
vn 0.9383 -0.2633 0.2241
vn 0.9524 -0.2354 0.1938
vn 0.9232 -0.1667 0.3462
vn 0.8511 -0.2265 0.4737
vn 0.9602 -0.1834 0.2109
vn 0.6901 -0.2780 0.6682
vn 0.8679 0.0284 0.4959
vn 0.8345 0.1204 0.5377
vn 0.5801 -0.2011 0.7893
vn 0.3719 -0.0765 0.9251
vn 0.6924 -0.3676 0.6208
vn 0.9190 -0.3928 0.0346
vn 0.8281 -0.3096 0.4673
vn 0.7874 -0.1002 0.6083
vn 0.8996 -0.1825 0.3968
vn 0.8039 -0.0793 0.5895
vn 0.5458 -0.5411 0.6398
vn 0.9166 -0.1302 0.3780
vn 0.9423 -0.1159 0.3141
vn 0.8997 -0.4194 -0.1212
vn 0.7821 -0.6187 0.0749
vn 0.9723 -0.0769 0.2208
vn 0.7650 -0.5278 0.3691
vn 0.9362 -0.3321 0.1154
vn 0.9426 -0.2443 -0.2275
vn 0.9475 0.0018 0.3199
vn 0.9911 -0.1116 0.0726
vn 0.9653 -0.1083 -0.2375
vn 0.9735 0.1997 0.1115
vn 0.9759 0.0173 -0.2176
vn 0.9115 0.0526 0.4079
vn 0.9777 0.1658 -0.1289
vn 0.9494 0.3131 -0.0243
vn 0.8463 0.0620 0.5291
vn 0.8807 0.4663 0.0835
vn 0.8111 -0.0774 0.5798
vn 0.7909 0.0663 0.6084
vn 0.7915 -0.1235 0.5985
vn 0.7789 0.6073 0.1564
vn 0.9256 0.3767 0.0371
vn 0.9128 0.3994 0.0856
vn 0.7810 -0.2979 0.5489
vn 0.9012 0.4069 0.1494
vn 0.8575 -0.0744 0.5091
vn 0.3405 0.9146 0.2181
vn 0.2901 0.8415 0.4557
vn 0.8113 -0.4704 0.3471
vn 0.8600 0.4683 0.2025
vn 0.8749 -0.4741 0.0989
vn 0.2459 0.6863 0.6845
vn 0.8585 0.4016 0.3190
vn 0.3075 0.3282 0.8932
vn 0.6366 -0.2132 0.7411
vn 0.7093 0.1095 0.6964
vn 0.9034 -0.4281 -0.0233
vn 0.7801 0.3355 0.5281
vn 0.9280 -0.3559 -0.1102
vn 0.9539 -0.2949 0.0555
vn 0.9255 -0.3455 -0.1551
vn 0.8540 -0.4256 0.2991
vn 0.4337 -0.4650 0.7718
vn 0.5227 -0.2969 0.7992
vn 0.6776 -0.4431 0.5870
vn 0.9975 -0.0146 0.0689
vn 0.8860 -0.4441 -0.1334
vn 0.8533 -0.4128 0.3185
vn 0.9999 -0.0061 -0.0147
vn 0.9765 -0.1384 0.1651
vn 0.6393 0.6920 0.3353
vn 0.7564 -0.2439 0.6069
vn 0.9458 -0.1775 0.2720
vn 0.5438 0.6162 0.5697
vn 0.8500 0.4397 0.2901
vn 0.9586 0.1085 0.2632
vn 0.8076 0.0421 0.5883
vn 0.7327 0.3821 0.5632
vn 0.6432 0.1094 0.7579
vn 0.0129 -0.5775 -0.8163
vn 0.4362 -0.8556 0.2789
vn -0.3119 0.1955 -0.9298
vn -0.5002 -0.8360 0.2258
vn -0.0614 -0.7814 -0.6210
vn 0.7786 -0.6241 0.0652
vn -0.5001 -0.8360 0.2259
vn -0.6632 0.1695 -0.7290
vn -0.5076 0.3341 -0.7942
vn -0.6631 0.1694 -0.7291
vn 0.0981 -0.9158 0.3895
vn -0.0028 0.4822 -0.8761
vn -0.0027 0.4822 -0.8761
vn 0.0545 0.3044 0.9510
vn 0.2342 0.9531 0.1919
vn 0.6284 0.6045 -0.4896
vn 0.0092 -0.8918 -0.4524
vn -0.4642 -0.8754 0.1350
vn 0.5876 0.0504 -0.8076
vn -0.4641 -0.8754 0.1350
vn -0.5513 -0.7726 0.3149
vn 0.5195 -0.7750 -0.3598
vn 0.5877 0.0504 -0.8075
vn 0.0339 -0.4881 -0.8721
vn -0.6610 -0.1531 -0.7346
vn -0.6701 -0.7118 0.2105
vn 0.2105 -0.0234 -0.9773
vn 0.0091 -0.8918 -0.4524
vn -0.5293 -0.6727 0.5170
vn -0.6298 -0.7320 0.2598
vn -0.6192 -0.4893 0.6142
vn -0.5613 -0.7677 0.3092
vn -0.7300 -0.5887 0.3473
vn -0.7228 -0.3742 0.5809
vn -0.9448 -0.2105 0.2512
vn -0.5492 -0.7942 0.2600
vn -0.5044 -0.7922 0.3436
vn -0.7010 -0.3157 0.6395
vn -0.7241 -0.0142 0.6895
vn -0.8602 -0.3574 0.3638
vn -0.9092 -0.3622 0.2054
vn -0.3875 -0.8609 -0.3295
vn 0.2106 -0.0233 -0.9773
vn 0.4677 -0.4336 -0.7702
vn 0.7444 -0.3001 -0.5965
vn 0.7445 -0.3000 -0.5965
vn -0.6543 -0.3442 0.6734
vn -0.6498 -0.2296 0.7246
vn -0.9237 -0.3300 -0.1947
vn -0.7167 -0.2763 0.6404
vn -0.7645 -0.2946 0.5734
vn -0.2725 -0.4768 0.8357
vn -0.7645 -0.2946 0.5733
vn -0.1827 -0.1464 0.9722
vn -0.5987 -0.2474 0.7618
vn -0.5906 -0.5626 0.5785
vn -0.6110 -0.0508 0.7900
vn -0.5946 -0.1985 0.7791
vn -0.8820 -0.4583 -0.1092
vn -0.9369 -0.2630 0.2302
vn -0.8315 -0.2589 0.4916
vn -0.3556 0.1438 0.9235
vn -0.6589 -0.3642 0.6582
vn -0.6484 0.2077 0.7324
vn -0.6308 -0.2468 0.7357
vn -0.8340 -0.3751 0.4046
vn -0.8935 -0.0770 0.4424
vn -0.7023 -0.2276 0.6745
vn -0.5266 -0.0673 0.8474
vn -0.6606 -0.1915 0.7259
vn -0.6426 -0.1582 0.7497
vn -0.5486 -0.3432 0.7624
vn -0.7127 -0.2472 0.6565
vn -0.7395 -0.4403 0.5092
vn -0.6991 -0.2765 0.6594
vn -0.9512 -0.2351 0.2000
vn -0.9210 -0.1663 0.3522
vn -0.9588 -0.1831 0.2171
vn -0.8481 -0.2262 0.4792
vn -0.8681 0.0264 0.4957
vn -0.8316 -0.1566 0.5328
vn -0.9004 -0.1514 0.4079
vn -0.8454 0.0671 0.5299
vn -0.9053 -0.0877 0.4155
vn -0.8252 -0.3093 0.4727
vn -0.9189 -0.3925 0.0406
vn -0.7859 -0.1103 0.6085
vn -0.5750 -0.2009 0.7931
vn -0.7513 -0.0462 0.6583
vn -0.6885 -0.3674 0.6253
vn -0.3659 -0.0764 0.9275
vn -0.7961 -0.1227 0.5926
vn -0.8959 -0.2010 0.3962
vn -0.5418 -0.5409 0.6433
vn -0.9528 0.0147 0.3033
vn -0.9318 -0.1158 0.3440
vn -0.9306 -0.1390 0.3386
vn -0.9391 -0.2340 0.2517
vn -0.9878 0.0615 0.1428
vn -0.9686 0.0313 0.2467
vn -0.9974 0.0622 0.0356
vn -0.9032 0.3478 0.2516
vn -0.9503 0.2860 0.1232
vn -0.4947 0.3795 0.7818
vn -0.7153 0.6980 0.0346
vn -0.9753 0.0216 0.2200
vn -0.9701 0.2352 0.0595
vn -0.8726 -0.2591 0.4140
vn -0.6301 0.7426 0.2270
vn -0.6368 0.7647 -0.0985
vn -0.4811 -0.4062 0.7769
vn -0.3856 0.3816 0.8400
vn 0.0012 0.9438 0.3304
vn -0.6710 0.5730 0.4706
vn 0.0007 0.9836 0.1802
vn 0.0004 0.9966 0.0819
vn -0.8284 0.4832 -0.2835
vn -0.3722 0.9016 -0.2202
vn -0.0010 0.9374 -0.3484
vn -0.5549 0.6923 -0.4614
vn -0.5962 0.6517 -0.4689
vn -0.0019 0.7841 -0.6207
vn -0.9078 0.3863 -0.1633
vn -0.6586 0.6840 -0.3137
vn -0.9453 0.3255 0.0230
vn -0.7487 0.6535 -0.1117
vn -0.3458 0.9087 -0.2340
vn -0.0008 0.9577 -0.2879
vn -0.1766 0.9822 0.0634
vn -0.3888 0.8602 0.3300
vn -0.1156 0.9925 -0.0403
vn -0.0000 0.9991 -0.0435
vn -0.0884 0.9736 0.2103
vn -0.2881 0.9451 -0.1540
vn -0.0070 0.9993 -0.0373
vn -0.3296 0.9350 -0.1309
vn -0.3626 0.9311 0.0396
vn -0.0214 0.9959 0.0881
vn -0.5883 0.7719 -0.2409
vn -0.6559 0.7547 -0.0147
vn -0.6402 0.6931 -0.3313
vn -0.8054 0.5289 -0.2676
vn -0.8431 0.5348 -0.0563
vn -0.9030 0.4176 -0.1008
vn -0.9386 0.3219 -0.1243
vn -0.6467 0.7417 -0.1778
vn -0.4969 0.8661 0.0538
vn -0.8121 0.4178 0.4074
vn -0.8533 0.4141 -0.3169
vn -0.7603 0.6005 -0.2476
vn -0.8985 0.3418 -0.2756
vn -0.5350 0.8425 -0.0628
vn -0.9867 -0.1334 -0.0932
vn -0.9823 0.0379 -0.1832
vn -0.9555 0.1716 -0.2398
vn -0.9970 0.0741 -0.0237
vn -0.9757 0.2178 -0.0251
vn -0.9981 -0.0582 0.0210
vn -0.9544 -0.2864 0.0845
vn -0.9489 0.1156 0.2936
vn -0.8011 -0.0606 0.5955
vn -0.9767 -0.2107 0.0403
vn -0.9733 -0.2245 -0.0482
vn -0.8332 0.1999 0.5156
vn -0.9252 0.3771 0.0431
vn -0.9121 0.3997 0.0915
vn -0.7877 -0.1233 0.6036
vn -0.8074 -0.0771 0.5850
vn -0.9001 0.4072 0.1552
vn -0.7775 -0.2976 0.5539
vn -0.7869 0.0666 0.6135
vn -0.8429 0.0623 0.5345
vn -0.3388 0.9147 0.2203
vn -0.2869 0.8416 0.4576
vn -0.8586 0.4686 0.2081
vn -0.2412 0.6864 0.6861
vn -0.8563 0.4019 0.3245
vn -0.8744 -0.4738 0.1045
vn -0.3016 0.3283 0.8951
vn -0.6318 -0.2130 0.7452
vn -0.7047 0.1098 0.7010
vn -0.9037 -0.4277 -0.0174
vn -0.7766 0.3358 0.5331
vn -0.9288 -0.3555 -0.1041
vn -0.9536 -0.2946 0.0617
vn -0.9266 -0.3452 -0.1491
vn -0.8870 -0.4438 -0.1277
vn -0.9971 -0.0142 0.0754
vn -1.0000 -0.0057 -0.0082
vn -0.8522 -0.4253 0.3047
vn -0.4288 -0.4649 0.7746
vn -0.5176 -0.2967 0.8026
vn -0.6739 -0.4429 0.5914
vn -0.9755 -0.1381 0.1714
vn -0.6382 0.1096 0.7620
vn -0.7627 -0.5276 0.3740
vn -0.7810 -0.6195 0.0788
vn -0.8542 -0.0741 0.5146
vn -0.6369 0.6922 0.3394
vn -0.5399 0.6164 0.5733
vn -0.7289 0.3824 0.5679
vn -0.8479 0.4400 0.2956
vn -0.8037 0.0424 0.5935
vn -0.8092 -0.4701 0.3524
vn -0.7777 0.6076 0.1614
vn -0.9727 0.2000 0.1179
vn -0.8800 0.4666 0.0892
vn -0.9569 0.1088 0.2694
vn -0.9494 0.3134 -0.0182
vn -0.9088 0.0528 0.4138
vn -0.9785 0.1661 -0.1225
vn -0.8134 -0.0595 0.5786
vn -0.9454 0.0021 0.3260
vn -0.8088 -0.0752 0.5832
vn -0.9773 0.0177 -0.2113
vn -0.9669 -0.1080 -0.2312
vn -0.9906 -0.1112 0.0790
vn -0.9709 -0.0766 0.2270
vn -0.8322 -0.1301 0.5390
vn -0.9442 -0.2439 -0.2214
vn -0.9403 -0.1215 0.3179
vn -0.9473 -0.3156 0.0548
vn -0.8734 -0.1407 0.4662
vn -0.9288 -0.3690 0.0356
vn -0.9004 -0.4194 -0.1154
vn -0.9193 -0.1408 0.3675
vn -0.9559 -0.1079 0.2732
vn -0.9355 -0.3317 0.1215
vn -0.7723 0.1985 0.6035
vn -0.7266 0.0194 0.6868
vn -0.8232 0.0623 0.5643
vn -0.9441 -0.1772 0.2781
vn -0.8513 -0.4125 0.3241
vn -0.7526 -0.2437 0.6118
vn -0.6597 0.1080 0.7437
vn -0.7259 0.0418 0.6865
vn -0.8576 -0.1516 0.4915
vn -0.8134 -0.5080 0.2834
vn -0.5951 0.0161 0.8035
vn -0.5787 -0.0035 0.8155
vn -0.6303 -0.1460 0.7625
vn -0.6933 -0.4303 0.5781
vn -0.6988 -0.3814 0.6051
vn -0.7821 -0.3521 0.5141
vn -0.9134 -0.3385 0.2262
vn -0.6577 -0.7533 -0.0093
vn -0.8544 -0.4585 0.2444
vn -0.8306 -0.5264 0.1815
vn -0.5162 -0.8464 -0.1309
vn -0.6547 -0.7429 0.1398
vn -0.7364 -0.6741 -0.0576
vn -0.5697 -0.8218 -0.0144
vn -0.6272 -0.7737 -0.0893
vn -0.6773 -0.7221 0.1409
vn -0.5735 -0.8005 0.1741
vn -0.7095 -0.6508 0.2703
vn -0.8877 -0.1448 -0.4371
vn 0.0330 -0.7537 -0.6564
vn 0.5599 -0.8273 0.0456
vn -0.6867 -0.6536 0.3182
vn 0.0637 -0.0969 -0.9933
vn 0.5081 -0.8302 0.2293
vn 0.1594 -0.7069 -0.6891
vn -0.4936 -0.0543 -0.8680
vn -0.6896 -0.6952 0.2029
vn -0.3896 -0.9148 0.1065
vn -0.3588 -0.8580 0.3676
vn -0.5097 -0.8466 0.1531
vn -0.5617 -0.7937 0.2338
vn 0.7693 -0.6219 0.1463
vn 0.1913 -0.6706 -0.7167
vn -0.0683 -0.8912 -0.4485
vn -0.4696 -0.8767 0.1041
vn -0.6682 -0.7342 0.1202
vn -0.5482 -0.8361 0.0222
vn 0.4943 -0.6356 -0.5930
vn -0.3317 -0.0353 -0.9427
vn -0.3011 -0.8941 -0.3316
vn -0.5304 -0.8379 -0.1290
vn -0.7445 -0.6676 -0.0062
vn -0.5536 -0.8076 -0.2030
vn 0.4025 -0.7318 -0.5500
vn -0.5517 -0.7615 -0.3402
vn -0.1312 -0.8071 -0.5757
vn -0.1120 -0.9169 -0.3831
vn -0.4745 -0.8721 0.1194
vn -0.0147 -0.9989 -0.0446
vn -0.2329 -0.8065 0.5434
vn 0.3180 -0.8455 0.4289
vn -0.7535 -0.5442 0.3689
vn -0.2235 -0.6708 0.7072
vn 0.4500 -0.5806 0.6785
vn 0.1966 0.0973 0.9756
vn -0.9206 -0.2932 0.2581
vn -0.6981 -0.7157 -0.0231
vn -0.7195 -0.6185 0.3159
vn -0.3314 -0.2609 0.9067
vn 0.6202 0.3718 0.6907
vn -0.8368 -0.4097 0.3632
vn -0.1308 0.2461 0.9604
vn 0.7814 0.4414 0.4412
vn -0.7541 -0.1767 0.6326
vn -0.7608 -0.1085 0.6398
vn -0.8417 0.3248 0.4314
vn -0.7620 -0.1133 0.6375
vn -0.9700 -0.1837 0.1593
vn -0.9897 -0.0980 0.1045
vn -0.7172 0.6888 0.1064
vn -0.3626 -0.9167 -0.1678
vn -0.5984 -0.1057 0.7942
vn -0.6476 0.0753 0.7583
vn -0.4224 0.0013 0.9064
vn -0.3378 0.1588 0.9277
vn -0.5887 0.1046 0.8016
vn 0.3012 -0.5230 0.7974
vn -0.6297 0.7525 0.1931
vn -0.3825 0.8476 0.3678
vn 0.5543 0.6247 0.5500
vn 0.6213 0.5664 0.5415
vn -0.2471 0.6551 0.7140
vn -0.4963 0.7156 0.4916
vn 0.2050 0.9020 -0.3800
vn 0.7897 0.5439 0.2837
vn -0.5681 0.2153 0.7943
vn -0.7362 0.0786 0.6722
vn -0.7667 -0.0505 0.6400
vn -0.6192 0.0886 0.7802
vn -0.6659 0.1703 0.7264
vn -0.3868 0.9198 -0.0657
vn 0.4231 0.6748 0.6046
vn 0.5380 -0.3351 0.7735
vn -0.7231 0.0140 0.6906
vn -0.7733 -0.0025 0.6340
vn -0.4841 0.8163 -0.3152
vn -0.6043 0.2571 0.7541
vn 0.2900 0.9140 0.2839
vn 0.0841 0.3265 0.9414
vn -0.6221 -0.0760 0.7793
vn -0.7653 0.0131 0.6436
vn -0.7444 0.5003 0.4422
vn -0.6483 -0.1059 0.7540
vn -0.5866 0.1197 0.8010
vn -0.7446 0.6672 0.0174
vn 0.4419 0.7127 -0.5448
vn 0.0625 0.7994 -0.5976
vn 0.0286 0.9264 0.3755
vn 0.0286 0.9264 0.3754
vn 0.4457 0.3493 0.8242
vn 0.0544 0.3044 0.9510
vn -0.3644 -0.1953 0.9105
vn -0.2942 0.0589 0.9539
vn 0.6284 0.6046 -0.4895
vn 0.8184 0.5284 -0.2258
vn 0.1456 0.5840 0.7986
vn 0.2342 0.9531 0.1918
vn 0.4151 0.7868 -0.4567
vn -0.4836 0.3820 0.7875
vn 0.1729 0.9842 0.0370
vn 0.4835 0.7746 -0.4077
vn -0.5607 0.3208 0.7633
vn -0.3131 0.8585 0.4060
vn 0.2759 0.8542 0.4408
vn 0.0587 0.8743 -0.4819
vn 0.0586 0.8742 -0.4820
vn -0.3928 -0.8520 0.3461
vn 0.0092 -0.8918 -0.4523
vn 0.0885 0.1205 -0.9888
vn -0.3927 -0.8520 0.3461
vn 0.0884 0.1205 -0.9888
vn -0.4346 -0.8554 0.2817
vn -0.0184 -0.5775 -0.8162
vn 0.0570 -0.7814 -0.6215
vn -0.7784 -0.6238 0.0703
vn 0.5012 -0.8362 0.2226
vn 0.0571 -0.7814 -0.6214
vn 0.6585 0.1693 -0.7333
vn 0.6584 0.1692 -0.7334
vn 0.5013 -0.8362 0.2225
vn -0.0959 -0.9157 0.3901
vn 0.6903 -0.6954 0.1996
vn -0.2496 -0.2864 -0.9250
vn -0.7696 -0.6202 0.1519
vn 0.2427 -0.2864 -0.9269
vn -0.6877 -0.6968 0.2040
vn 0.7716 -0.6191 0.1461
vn -0.0182 -0.9998 -0.0109
vn 0.2848 -0.9585 -0.0148
vn -0.0244 -0.9996 -0.0122
vn 0.2954 -0.9554 -0.0050
vn -0.0164 -0.9998 0.0058
vn 0.5267 -0.8499 -0.0160
vn 0.3090 -0.9510 0.0138
vn -0.0166 -0.9987 0.0475
vn 0.5411 -0.8409 0.0026
vn 0.8194 -0.5728 -0.0199
vn 0.8265 -0.5630 -0.0025
vn 0.9918 -0.1232 -0.0326
vn 0.5524 -0.8333 0.0204
vn 0.3090 -0.9496 0.0524
vn 0.2982 -0.9478 0.1130
vn -0.0183 -0.9929 0.1175
vn 0.2693 -0.9502 0.1570
vn -0.0197 -0.9856 0.1676
vn -0.0201 -0.9842 0.1761
vn 0.2341 -0.9580 0.1655
vn -0.0201 -0.9874 0.1570
vn 0.5043 -0.8542 0.1266
vn 0.5297 -0.8429 0.0948
vn 0.2119 -0.9653 0.1529
vn -0.0198 -0.9894 0.1438
vn 0.5476 -0.8353 0.0483
vn 0.7970 -0.6007 0.0629
vn 0.4842 -0.8644 0.1357
vn 0.2159 -0.9646 0.1512
vn -0.0200 -0.9897 0.1415
vn 0.8137 -0.5804 0.0319
vn 0.7836 -0.6150 0.0877
vn 0.4740 -0.8701 0.1353
vn 0.2543 -0.9535 0.1616
vn -0.0202 -0.9908 0.1338
vn 0.8269 -0.5621 0.0163
vn 0.9794 -0.2010 0.0189
vn 0.7772 -0.6218 0.0965
vn 0.4822 -0.8623 0.1548
vn 0.3127 -0.9370 0.1556
vn -0.0202 -0.9919 0.1257
vn 0.9842 -0.1768 0.0064
vn 0.9910 -0.1315 -0.0243
vn 0.7741 -0.6254 0.0983
vn 0.5152 -0.8363 0.1876
vn 0.3582 -0.9240 0.1342
vn -0.0203 -0.9918 0.1260
vn 0.9889 -0.1486 -0.0038
vn 0.9947 0.0914 -0.0470
vn 0.9933 0.1052 -0.0486
vn 0.9966 0.0794 -0.0233
vn 0.9975 0.0697 -0.0096
vn 0.9592 0.2755 -0.0637
vn 0.9585 0.2785 -0.0606
vn 0.9606 0.2760 -0.0335
vn 0.8472 0.5253 -0.0800
vn 0.8487 0.5235 -0.0750
vn 0.9979 0.0633 -0.0097
vn 0.9609 0.2765 -0.0125
vn 0.8470 0.5297 -0.0454
vn 0.6431 0.7595 -0.0979
vn 0.6504 0.7542 -0.0906
vn 0.9736 -0.2258 0.0333
vn 0.9579 0.2864 -0.0183
vn 0.8504 0.5260 -0.0152
vn 0.6436 0.7629 -0.0622
vn 0.3751 0.9197 -0.1157
vn 0.3800 0.9194 -0.1019
vn 0.9672 -0.2508 0.0394
vn 0.0157 0.9913 -0.1307
vn 0.0227 0.9936 -0.1109
vn 0.0126 0.9952 -0.0966
vn 0.3787 0.9221 -0.0802
vn 0.0166 0.9985 -0.0516
vn 0.3863 0.9215 -0.0395
vn 0.0170 0.9982 -0.0582
vn 0.6519 0.7578 -0.0259
vn 0.3949 0.9177 -0.0422
vn 0.6544 0.7557 -0.0259
vn 0.4093 0.9113 -0.0461
vn 0.0175 0.9976 -0.0669
vn 0.8463 0.5323 -0.0194
vn 0.6516 0.7581 -0.0263
vn 0.4216 0.9047 -0.0608
vn 0.0181 0.9966 -0.0809
vn 0.8334 0.5521 -0.0235
vn 0.9528 0.3026 -0.0234
vn 0.6481 0.7604 -0.0416
vn 0.4253 0.9010 -0.0859
vn 0.0191 0.9942 -0.1054
vn 0.0197 0.9911 -0.1315
vn 0.8152 0.5781 -0.0357
vn 0.6480 0.7588 -0.0651
vn 0.4271 0.8974 -0.1109
vn 0.0209 0.9862 -0.1640
vn 0.9985 0.0542 -0.0068
vn 0.9455 0.3241 -0.0311
vn 0.9990 0.0451 -0.0076
vn 0.9618 -0.2708 0.0404
vn 0.9992 0.0391 -0.0095
vn 0.9361 0.3493 -0.0402
vn 0.7693 -0.6262 0.1267
vn 0.9551 -0.2900 0.0613
vn 0.7611 -0.6259 0.1704
vn 0.9993 0.0364 -0.0013
vn 0.7984 0.5998 -0.0523
vn 0.9263 0.3742 -0.0441
vn 0.9412 -0.3237 0.0964
vn 0.5694 -0.8011 0.1842
vn 0.7867 0.6139 -0.0656
vn 0.9996 0.0254 0.0094
vn 0.7598 -0.6236 0.1841
vn 0.6271 -0.7647 0.1484
vn 0.9215 -0.3690 0.1213
vn 0.9190 0.3903 -0.0557
vn 0.6526 0.7531 -0.0836
vn 0.7797 0.6201 -0.0874
vn 0.9998 -0.0044 0.0175
vn 0.7769 -0.6079 0.1639
vn 0.6611 0.7423 -0.1095
vn 0.9182 0.3893 -0.0738
vn 0.9045 -0.4058 0.1313
vn 0.4317 0.8910 -0.1408
vn 0.0223 0.9784 -0.2056
vn 0.7802 0.6134 -0.1228
vn 0.9983 -0.0475 0.0343
vn 0.6701 0.7262 -0.1534
vn 0.4301 0.8828 -0.1892
vn 0.0233 0.9719 -0.2344
vn 0.9272 0.3669 -0.0754
vn 0.7964 0.5868 -0.1465
vn 0.6819 0.7055 -0.1931
vn 0.2860 0.9330 -0.2183
vn 0.0235 0.9717 -0.2350
vn 0.4739 0.8539 -0.2153
vn 0.2599 0.9389 -0.2255
vn 0.0238 0.9723 -0.2324
vn 0.9944 -0.0897 0.0565
vn 0.9423 0.3305 -0.0530
vn 0.8293 0.5428 -0.1329
vn 0.7046 0.6816 -0.1974
vn 0.4540 0.8604 -0.2315
vn 0.4078 0.8789 -0.2477
vn 0.2313 0.9457 -0.2285
vn 0.2107 0.9486 -0.2363
vn 0.0246 0.9694 -0.2441
vn 0.9036 -0.4109 0.1211
vn 0.3570 0.9011 -0.2460
vn 0.2097 0.9499 -0.2317
vn 0.0250 0.9700 -0.2418
vn 0.8156 -0.5677 0.1118
vn 0.3352 0.9152 -0.2237
vn 0.2247 0.9538 -0.1997
vn 0.0245 0.9773 -0.2105
vn 0.6700 -0.7359 0.0978
vn 0.3537 0.9169 -0.1849
vn 0.2469 0.9576 -0.1484
vn 0.0235 0.9869 -0.1598
vn 0.3711 -0.9211 0.1177
vn -0.0204 -0.9920 0.1246
vn 0.3584 -0.9276 0.1052
vn -0.0201 -0.9939 0.1086
vn 0.6881 -0.7231 0.0597
vn 0.3360 -0.9372 0.0937
vn -0.0194 -0.9965 0.0808
vn 0.8618 -0.5037 0.0599
vn 0.3195 -0.9446 0.0749
vn -0.0183 -0.9990 0.0407
vn 0.6873 -0.7248 0.0470
vn 0.9212 -0.3770 0.0962
vn 0.3130 -0.9488 0.0424
vn -0.0166 -0.9998 -0.0127
vn 0.6805 -0.7317 0.0391
vn 0.8975 -0.4403 0.0256
vn 0.9904 -0.1204 0.0676
vn 0.3128 -0.9498 -0.0056
vn -0.0141 -0.9964 -0.0836
vn 0.6727 -0.7396 0.0218
vn 0.9154 -0.4026 0.0038
vn 0.9454 -0.3207 0.0579
vn 0.9561 0.2916 -0.0292
vn 0.3165 -0.9460 -0.0700
vn -0.0102 -0.9894 -0.1446
vn 0.6675 -0.7446 -0.0098
vn 0.9213 -0.3888 -0.0097
vn 0.9655 -0.2596 0.0222
vn 0.9903 -0.1274 0.0556
vn 0.8750 0.4709 -0.1125
vn 0.9683 0.2488 -0.0203
vn 0.9933 -0.1089 0.0384
vn 0.9795 -0.2013 0.0013
vn 0.9229 -0.3843 -0.0226
vn 0.7258 0.6574 -0.2025
vn 0.9190 0.3813 -0.0999
vn 0.9808 0.1944 -0.0167
vn 0.9966 -0.0781 0.0250
vn 0.6404 0.7338 -0.2267
vn 0.8626 0.4784 -0.1644
vn 0.9567 0.2783 -0.0856
vn 0.6222 0.7571 -0.1993
vn 0.8917 0.4287 -0.1449
vn 0.9921 0.1246 -0.0143
vn 0.9885 -0.1512 -0.0082
vn 0.6257 0.7627 -0.1638
vn 0.9024 0.4110 -0.1294
vn 0.9778 0.1940 -0.0788
vn 0.9985 -0.0515 0.0162
vn 0.9989 0.0444 -0.0119
vn 0.9897 0.1265 -0.0676
vn 0.9046 0.4141 -0.1009
vn 0.6388 0.7609 -0.1137
vn 0.3872 0.9127 -0.1304
vn 0.9936 -0.1128 -0.0081
vn 0.9993 -0.0371 0.0106
vn 0.9993 -0.0330 -0.0145
vn 0.9956 0.0780 -0.0511
vn 0.9033 0.4260 -0.0517
vn 0.6553 0.7541 -0.0439
vn 0.4295 0.9012 -0.0588
vn 0.6758 0.7368 0.0214
vn 0.8986 0.4387 -0.0020
vn 0.2753 0.9580 -0.0809
vn 0.0216 0.9952 -0.0950
vn 0.4771 0.8788 0.0075
vn 0.3106 0.9503 -0.0209
vn 0.0199 0.9989 -0.0423
vn 0.6980 0.7070 0.1140
vn 0.9998 0.0121 0.0164
vn 0.3521 0.9355 0.0294
vn 0.0183 0.9998 -0.0005
vn 0.5177 0.8526 0.0708
vn 0.4048 0.9119 0.0681
vn 0.0165 0.9990 0.0412
vn 0.0234 0.9975 0.0673
vn 0.5932 0.7967 0.1162
vn 0.9256 0.3473 0.1504
vn 0.4323 0.8977 0.0848
vn 0.0226 0.9976 0.0649
vn 0.7541 0.6334 0.1737
vn 0.6343 0.7673 0.0943
vn 0.4436 0.8930 0.0766
vn 0.6602 0.7477 0.0706
vn 0.3834 0.9169 0.1111
vn 0.0142 0.9942 0.1066
vn 0.6002 0.7935 0.1009
vn 0.3921 0.8990 0.1952
vn 0.0098 0.9782 0.2072
vn 0.6443 0.7458 0.1693
vn 0.3895 0.8790 0.2751
vn 0.0072 0.9559 0.2936
vn 0.6956 0.7119 0.0963
vn 0.6527 0.7257 0.2174
vn 0.3592 0.8844 0.2978
vn -0.0026 0.9516 0.3072
vn 0.6063 0.7554 0.2484
vn 0.3412 0.8888 0.3059
vn -0.0675 0.9382 0.3395
vn 0.5730 0.7600 0.3067
vn 0.3198 0.8565 0.4051
vn -0.0778 0.8990 0.4310
vn 0.5652 0.7273 0.3893
vn 0.3347 0.8259 0.4537
vn -0.0285 0.9134 0.4061
vn 0.5797 0.6821 0.4457
vn 0.3758 0.8483 0.3730
vn 0.0179 0.9339 0.3571
vn 0.6220 0.6750 0.3968
vn 0.3738 0.8465 0.3791
vn 0.0041 0.9246 0.3808
vn 0.6499 0.6665 0.3654
vn 0.3929 0.8583 0.3301
vn 0.0208 0.9502 0.3108
vn 0.3790 0.9053 0.1917
vn 0.0124 0.9757 0.2188
vn 0.6745 0.7306 0.1060
vn 0.6840 0.6678 0.2934
vn 0.8409 0.5391 0.0472
vn 0.8606 0.4495 0.2395
vn 0.9118 0.4081 -0.0444
vn 0.8346 0.4384 0.3335
vn 0.9234 0.2563 0.2858
vn 0.8051 0.4513 0.3849
vn 0.9300 0.3512 0.1085
vn 0.7630 0.4893 0.4224
vn 0.7102 0.6865 -0.1560
vn 0.6790 0.7138 -0.1719
vn 0.7087 0.2161 -0.6716
vn 0.9820 0.1804 -0.0560
vn 0.8622 0.3085 0.4018
vn 0.7350 0.5458 0.4023
vn 0.9678 0.2177 -0.1266
vn 0.2256 -0.7757 -0.5894
vn 0.8702 -0.4190 -0.2591
vn -0.0358 -0.9295 -0.3670
vn 0.6290 0.7768 0.0304
vn 0.7554 0.6341 -0.1653
vn 0.9895 0.0795 0.1208
vn 0.9727 0.1163 0.2008
vn 0.9954 0.0806 -0.0517
vn 0.8249 0.2116 -0.5242
vn 0.8964 0.1529 0.4160
vn 0.9111 0.0302 0.4111
vn 0.9934 -0.1139 -0.0157
vn 0.7945 -0.2646 -0.5465
vn 0.9121 -0.0810 0.4019
vn 0.9610 -0.2333 0.1482
vn 0.7012 -0.5659 -0.4336
vn 0.8720 -0.1644 0.4611
vn 0.7881 -0.0762 0.6108
vn 0.7868 0.0612 0.6142
vn 0.7409 0.3884 0.5480
vn 0.7549 0.2504 0.6062
vn 0.7880 0.4131 0.4566
vn 0.6840 0.4950 0.5359
vn 0.7709 0.5275 0.3570
vn 0.7908 0.5497 0.2692
vn 0.8388 0.5160 0.1735
vn 0.8328 0.5327 0.1508
vn 0.7549 0.5847 0.2971
vn 0.7581 0.3658 0.5399
vn 0.8555 0.4956 0.1503
vn 0.9063 0.4160 0.0754
vn 0.8482 0.1935 0.4930
vn 0.8133 0.5801 0.0459
vn 0.8673 0.4500 0.2130
vn 0.7199 0.6661 0.1952
vn 0.9057 0.3751 0.1973
vn 0.9314 0.3637 -0.0130
vn 0.8723 0.4827 -0.0782
vn 0.8566 0.4714 0.2098
vn 0.9304 0.2496 0.2685
vn 0.8275 0.5577 0.0653
vn 0.9214 0.3204 0.2199
vn 0.9325 0.3575 0.0518
vn 0.9573 0.2564 0.1335
vn 0.8005 0.5965 0.0577
vn 0.9054 0.4200 -0.0621
vn 0.9488 0.2318 0.2145
vn 0.7786 0.6204 0.0941
vn 0.9205 0.3522 0.1689
vn 0.9198 0.3884 0.0562
vn 0.9281 0.3703 0.0380
vn 0.9866 -0.1137 0.1168
vn 0.9988 -0.0445 0.0208
vn 0.9676 -0.2200 0.1239
vn 0.9975 0.0082 -0.0707
vn 0.9392 0.3400 0.0467
vn 0.9955 0.0659 -0.0684
vn 0.9845 0.1748 0.0122
vn 0.9899 -0.1176 0.0788
vn 0.9923 -0.0565 0.1106
vn 0.9647 -0.2618 -0.0297
vn 0.9766 -0.0935 0.1937
vn 0.9904 -0.0996 0.0963
vn 0.9850 0.1390 0.1022
vn 0.9890 -0.1060 0.1027
vn 0.9760 -0.0912 0.1977
vn 0.9875 -0.0646 0.1437
vn 0.9262 -0.3750 0.0393
vn 0.9206 -0.3655 0.1374
vn 0.9335 -0.3489 0.0826
vn 0.9252 -0.3777 -0.0355
vn 0.6849 -0.7285 0.0146
vn 0.6668 -0.7433 -0.0540
vn 0.6738 -0.7378 -0.0410
vn 0.3262 -0.9387 -0.1117
vn 0.3449 -0.9321 -0.1108
vn 0.0024 -0.9824 -0.1866
vn 0.6992 -0.7140 -0.0353
vn 0.3606 -0.9221 -0.1404
vn 0.0173 -0.9786 -0.2052
vn 0.3865 -0.9105 -0.1469
vn 0.0228 -0.9816 -0.1895
vn 0.7200 -0.6911 -0.0624
vn 0.9431 -0.3316 0.0251
vn 0.4015 -0.9075 -0.1239
vn 0.0325 -0.9871 -0.1565
vn 0.9956 -0.0536 0.0765
vn 0.7239 -0.6863 -0.0705
vn 0.9382 -0.3452 -0.0247
vn 0.3887 -0.9175 -0.0838
vn 0.0423 -0.9949 -0.0918
vn 0.6739 -0.7286 -0.1225
vn 0.3410 -0.9390 -0.0439
vn 0.0495 -0.9981 -0.0365
vn 0.4242 -0.8766 -0.2271
vn 0.2045 -0.9571 -0.2051
vn -0.0155 -0.9237 -0.3829
vn 0.8852 -0.4194 -0.2013
vn 0.5310 -0.7472 -0.3996
vn 0.4724 -0.8054 -0.3580
vn 0.6932 -0.5354 -0.4826
vn 0.5758 -0.7269 -0.3743
vn 0.0834 -0.9291 -0.3603
vn 0.5035 -0.8474 -0.1684
vn 0.7174 -0.5833 0.3810
vn 0.1245 -0.9558 -0.2662
vn 0.0070 -0.9834 -0.1811
vn 0.2377 -0.8895 0.3902
vn 0.2522 -0.9545 0.1595
vn 0.0717 -0.7473 0.6606
vn 0.3374 -0.8941 -0.2944
vn 0.5475 -0.8228 -0.1526
vn 0.1597 -0.8616 0.4818
vn -0.0971 -0.8826 0.4600
vn 0.3310 -0.9436 -0.0087
vn 0.1355 -0.8479 0.5126
vn -0.0331 -0.9502 0.3098
vn 0.8030 -0.5587 0.2073
vn 0.1097 -0.9445 -0.3096
vn 0.2216 -0.8596 -0.4605
vn 0.1395 -0.9885 -0.0588
vn 0.2224 -0.5433 -0.8095
vn -0.0055 -0.8989 0.4382
vn 0.5417 -0.2187 -0.8116
vn 0.2724 -0.8410 0.4675
vn 0.5973 -0.6739 0.4347
vn 0.7281 -0.4118 0.5481
vn 0.7181 0.5108 -0.4727
vn 0.9433 -0.3098 0.1188
vn 0.8598 0.4633 -0.2147
vn 0.7662 -0.5726 0.2915
vn 0.6785 -0.4180 0.6042
vn 0.6397 -0.4884 -0.5936
vn 0.9246 -0.3734 -0.0760
vn 0.7722 -0.3930 -0.4993
vn 0.7207 -0.3864 -0.5756
vn 0.9554 -0.2100 -0.2077
vn 0.8459 -0.3318 -0.4176
vn 0.9952 -0.0940 -0.0280
vn 0.8882 -0.2787 -0.3654
vn 0.7650 -0.3750 -0.5236
vn 0.9642 -0.1921 -0.1830
vn 0.8929 -0.1876 -0.4094
vn 0.8087 -0.3466 -0.4753
vn 0.9898 -0.1413 -0.0187
vn 0.9149 -0.1581 -0.3715
vn 0.9957 0.0872 0.0325
vn 0.8724 -0.3558 -0.3350
vn 0.9041 -0.3696 -0.2146
vn 0.9087 -0.3420 -0.2392
vn 0.9252 -0.2558 -0.2802
vn 0.9217 -0.1741 -0.3466
vn 0.9910 0.0406 -0.1272
vn 0.9812 0.1161 -0.1539
vn 0.9873 0.1585 0.0147
vn 0.9816 0.1282 0.1416
vn 0.9202 -0.2030 0.3347
vn 0.9885 0.1307 0.0766
vn 0.8901 -0.4388 0.1231
vn 0.9990 -0.0425 0.0101
vn 0.9257 0.3759 -0.0432
vn 0.9575 0.2582 -0.1284
vn 0.9031 -0.4088 -0.1312
vn 0.9540 0.2925 -0.0659
vn 0.8629 -0.5010 -0.0665
vn 0.9536 0.1294 0.2717
vn 0.9981 0.0291 -0.0548
vn 0.9777 -0.1534 -0.1433
vn 0.9737 -0.1662 -0.1558
vn 0.9384 -0.2407 0.2480
vn 0.8578 0.0498 0.5115
vn 0.9518 -0.0882 0.2936
vn 0.9391 -0.2135 0.2691
vn 0.8475 -0.1011 0.5212
vn 0.6826 -0.5414 0.4908
vn 0.7584 -0.2043 0.6189
vn 0.8209 -0.2245 0.5252
vn 0.3172 -0.7361 0.5980
vn 0.7724 -0.2741 0.5729
vn 0.5455 -0.4846 0.6838
vn 0.2290 -0.8548 0.4657
vn 0.0881 -0.9395 0.3312
vn 0.5850 -0.6165 0.5270
vn 0.3669 -0.7687 0.5240
vn 0.3306 -0.8891 0.3165
vn 0.0730 -0.9889 0.1294
vn 0.8483 -0.2307 0.4766
vn 0.3203 -0.9248 0.2054
vn 0.2470 -0.9690 -0.0082
vn 0.0121 -0.9885 -0.1511
vn 0.1806 -0.9615 -0.2072
vn 0.3255 -0.8997 -0.2908
vn 0.5949 -0.7104 0.3761
vn 0.6921 -0.7191 0.0620
vn 0.3773 -0.9248 -0.0481
vn 0.2899 -0.9567 -0.0250
vn -0.0179 -0.9994 -0.0282
vn -0.0215 -0.9969 -0.0763
vn 0.2643 -0.9601 -0.0918
vn -0.0361 -0.9958 -0.0843
vn 0.5106 -0.8586 -0.0467
vn 0.5292 -0.8483 -0.0179
vn 0.3911 -0.9172 -0.0753
vn 0.8198 -0.5709 -0.0449
vn 0.8366 -0.5473 -0.0231
vn 0.3939 -0.9182 -0.0426
vn -0.0300 -0.9990 -0.0318
vn -0.0250 -0.9898 -0.1404
vn 0.8014 -0.5961 -0.0490
vn 0.9946 -0.0936 -0.0452
vn 0.9939 -0.1027 -0.0400
vn 0.9941 -0.1022 -0.0374
vn 0.9902 0.1331 -0.0425
vn 0.9923 0.1134 -0.0501
vn 0.9541 0.2934 -0.0594
vn 0.4083 -0.9042 -0.1250
vn -0.0071 -0.9788 -0.2049
vn 0.7948 -0.6049 -0.0494
vn 0.9514 0.3052 -0.0405
vn 0.8404 0.5373 -0.0707
vn 0.4027 -0.8968 -0.1835
vn -0.0056 -0.9707 -0.2404
vn 0.7863 -0.6105 -0.0945
vn 0.3862 -0.8965 -0.2171
vn -0.0107 -0.9702 -0.2420
vn 0.9858 0.1615 -0.0456
vn 0.8381 0.5429 -0.0542
vn 0.6395 0.7646 -0.0801
vn 0.9944 -0.0992 -0.0352
vn 0.7659 -0.6286 -0.1355
vn 0.8874 0.4552 -0.0727
vn 0.9826 0.1815 -0.0403
vn 0.9944 -0.1009 -0.0319
vn 0.6457 0.7607 -0.0661
vn 0.3746 0.9225 -0.0937
vn 0.5606 0.8198 -0.1173
vn 0.3817 0.9204 -0.0850
vn 0.0163 0.9934 -0.1136
vn 0.0121 0.9931 -0.1170
vn -0.0066 0.9885 -0.1510
vn 0.5726 0.8122 -0.1118
vn 0.0174 0.9895 -0.1435
vn 0.0110 0.9983 -0.0579
vn 0.8823 0.4661 -0.0654
vn 0.5670 0.8231 -0.0315
vn -0.0069 0.9995 -0.0317
vn 0.9787 0.2046 -0.0157
vn 0.5642 0.8254 -0.0182
vn 0.0038 0.9999 -0.0128
vn 0.8730 0.4874 -0.0192
vn 0.9919 -0.1152 -0.0527
vn 0.9739 0.2264 -0.0160
vn 0.7371 -0.6532 -0.1731
vn 0.5663 0.8242 -0.0041
vn 0.0061 0.9983 0.0586
vn 0.8650 0.5015 -0.0136
vn 0.8601 0.5102 -0.0023
vn 0.9840 -0.1583 -0.0817
vn 0.3867 -0.8945 -0.2243
vn 0.5598 0.8268 0.0545
vn 0.0029 0.9927 0.1203
vn 0.8470 0.5305 0.0339
vn 0.9753 0.2197 -0.0215
vn 0.9811 0.1933 -0.0112
vn 0.7305 -0.6579 -0.1832
vn 0.4264 -0.8769 -0.2220
vn -0.0166 -0.9740 -0.2260
vn 0.5798 0.8092 0.0953
vn -0.0002 0.9886 0.1506
vn 0.8586 0.5088 0.0627
vn 0.9757 -0.2003 -0.0893
vn 0.7500 -0.6366 -0.1797
vn 0.4788 -0.8496 -0.2211
vn -0.0143 -0.9702 -0.2420
vn 0.6027 0.7904 0.1102
vn 0.0017 0.9865 0.1638
vn 0.9888 0.1487 -0.0110
vn 0.9696 -0.2241 -0.0980
vn 0.9054 -0.4038 -0.1314
vn 0.9576 0.2881 0.0083
vn 0.4995 -0.8371 -0.2229
vn -0.0144 -0.9642 -0.2649
vn 0.9649 0.2616 0.0237
vn 0.9110 -0.3971 -0.1115
vn 0.5095 -0.8248 -0.2453
vn -0.0136 -0.9580 -0.2866
vn 0.6143 0.7786 0.1280
vn 0.0019 0.9838 0.1794
vn 0.9659 0.2582 0.0188
vn 0.9138 -0.3842 -0.1317
vn 0.6155 0.7762 0.1369
vn 0.0036 0.9808 0.1952
vn 0.5184 -0.8117 -0.2691
vn -0.0125 -0.9505 -0.3104
vn 0.9167 -0.3688 -0.1541
vn 0.9654 0.2605 0.0070
vn 0.6209 0.7709 0.1422
vn 0.6238 0.7638 0.1659
vn 0.0067 0.9730 0.2307
vn 0.0069 0.9665 0.2566
vn 0.5275 -0.7969 -0.2945
vn -0.0102 -0.9399 -0.3412
vn 0.9651 0.2615 0.0106
vn 0.6152 0.7643 0.1935
vn 0.0076 0.9636 0.2672
vn 0.9192 -0.3563 -0.1675
vn 0.5330 -0.7879 -0.3083
vn -0.0064 -0.9329 -0.3601
vn 0.6171 0.7586 0.2091
vn 0.0062 0.9595 0.2817
vn 0.9646 0.2621 0.0296
vn 0.9229 -0.3481 -0.1647
vn 0.5307 -0.7884 -0.3111
vn -0.0053 -0.9299 -0.3677
vn 0.6117 0.7585 0.2247
vn 0.0051 0.9579 0.2870
vn 0.9651 0.2572 0.0484
vn 0.9223 -0.3530 -0.1571
vn 0.5217 -0.7939 -0.3124
vn -0.0039 -0.9292 -0.3696
vn 0.6033 0.7622 0.2347
vn 0.0037 0.9595 0.2818
vn 0.9646 0.2560 0.0632
vn 0.9198 -0.3624 -0.1507
vn 0.5109 -0.8052 -0.3011
vn -0.0029 -0.9339 -0.3575
vn 0.5928 0.7699 0.2364
vn 0.0034 0.9636 0.2673
vn 0.9630 0.2580 0.0785
vn 0.9166 -0.3751 -0.1384
vn 0.5015 -0.8182 -0.2813
vn -0.0026 -0.9421 -0.3354
vn 0.9148 -0.3846 -0.1236
vn 0.4931 -0.8308 -0.2582
vn -0.0032 -0.9509 -0.3096
vn -0.0024 -0.9596 -0.2812
vn 0.9603 0.2647 0.0880
vn 0.4883 -0.8419 -0.2298
vn -0.0020 -0.9683 -0.2499
vn 0.9143 -0.3899 -0.1099
vn 0.9587 0.2704 0.0886
vn 0.4478 -0.8800 -0.1583
vn -0.0167 -0.9769 -0.2131
vn 0.9148 -0.3927 -0.0948
vn 0.5824 0.7804 0.2275
vn 0.0022 0.9719 0.2354
vn 0.9574 0.2778 0.0792
vn 0.5723 0.7946 0.2025
vn 0.0020 0.9812 0.1929
vn 0.9302 -0.3666 -0.0170
vn 0.5656 0.8071 0.1695
vn 0.0030 0.9856 0.1691
vn 0.9557 0.2853 0.0725
vn 0.5637 0.8123 0.1494
vn -0.0035 0.9923 0.1236
vn 0.9462 0.3156 0.0716
vn 0.9878 -0.1555 0.0054
vn 0.7040 -0.7094 -0.0343
vn 0.5798 0.8085 0.1005
vn 0.0253 0.9975 0.0662
vn 0.9406 0.3364 0.0462
vn 0.2492 -0.9515 -0.1804
vn 0.6365 0.7691 0.0583
vn 0.0462 0.9947 0.0915
vn 0.7112 -0.6978 -0.0856
vn 0.1423 -0.9829 -0.1167
vn -0.0589 -0.9864 -0.1536
vn 0.9978 -0.0529 0.0406
vn 0.7141 -0.6999 0.0095
vn -0.0646 -0.9956 -0.0673
vn -0.1051 -0.9896 -0.0984
vn 0.6890 0.7197 0.0848
vn -0.0958 0.9812 0.1674
vn 0.5997 -0.7957 0.0847
vn -0.3671 -0.9284 -0.0568
vn -0.0847 -0.9908 -0.1056
vn -0.3266 -0.9364 -0.1288
vn -0.0620 -0.9847 -0.1626
vn -0.0011 -0.8430 -0.5379
vn 0.9983 0.0330 0.0488
vn 0.9570 0.2550 0.1379
vn 0.5441 -0.8389 0.0120
vn -0.1142 -0.9680 -0.2234
vn 0.9424 0.0796 -0.3247
vn 0.9533 0.2999 0.0351
vn 0.9596 0.2779 0.0442
vn 0.9364 0.3484 0.0424
vn 0.9789 -0.0820 0.1871
vn 0.3097 -0.9443 -0.1113
vn -0.1986 -0.9389 -0.2811
vn 0.7377 0.5855 0.3360
vn 0.7925 -0.4330 0.4295
vn 0.6485 0.5192 0.5567
vn -0.1178 0.9770 0.1778
vn 0.2412 -0.8378 -0.4899
vn -0.1539 -0.9148 -0.3733
vn 0.4672 -0.8678 0.1693
vn 0.1969 0.8578 0.4748
vn 0.0321 0.9895 0.1410
vn 0.4108 -0.7738 0.4821
vn -0.0842 0.9927 0.0865
vn 0.1638 0.9865 0.0028
vn -0.0410 0.6567 -0.7530
vn 0.1970 0.7800 -0.5939
vn 0.0340 0.3584 -0.9329
vn 0.2142 -0.6140 -0.7597
vn 0.0066 -0.9973 0.0729
vn 0.3840 -0.8463 -0.3691
vn 0.2211 -0.3366 -0.9153
vn -0.0681 -0.0380 -0.9970
vn -0.1295 -0.6661 -0.7345
vn 0.1090 -0.7307 -0.6739
vn -0.0648 0.6201 -0.7819
vn -0.9489 -0.0270 -0.3144
vn -0.2633 0.9645 -0.0195
vn -0.1874 0.9823 -0.0067
vn -0.0769 0.6302 -0.7726
vn -0.1991 0.5993 -0.7753
vn -0.4381 0.5166 0.7356
vn -0.9489 -0.0271 -0.3144
vn -0.2355 0.9711 -0.0387
vn -0.3050 0.5972 -0.7418
vn -0.2062 0.8066 0.5540
vn -0.3005 0.9538 0.0054
vn -0.3484 0.6050 -0.7160
vn -0.1710 0.8211 0.5445
vn -0.2381 0.2678 0.9336
vn -0.3280 0.9436 0.0447
vn -0.3822 0.6012 -0.7018
vn -0.4463 -0.6014 0.6626
vn -0.1865 0.8160 0.5471
vn -0.3611 0.9297 0.0728
vn -0.4338 0.5702 -0.6977
vn -0.1965 0.8055 0.5591
vn -0.0326 0.3238 0.9456
vn -0.1017 0.2554 0.9615
vn -0.1923 -0.6337 0.7493
vn -0.0998 -0.9412 -0.3228
vn -0.4201 0.9035 0.0846
vn -0.5206 0.5036 -0.6894
vn -0.2069 0.7805 0.5900
vn -0.4899 0.8661 0.0993
vn -0.6165 0.4266 -0.6618
vn -0.0043 0.3453 0.9385
vn -0.2375 0.7599 0.6051
vn -0.5825 0.8026 0.1288
vn -0.3226 -0.5340 -0.7816
vn 0.0166 0.3378 0.9411
vn -0.2491 0.7352 0.6304
vn -0.8576 0.4553 -0.2391
vn -0.8111 -0.5820 -0.0589
vn -0.7200 0.3114 0.6201
vn -0.5592 0.2811 0.7799
vn -0.2459 0.7034 0.6669
vn -0.2708 0.6663 0.6948
vn -0.2906 0.2708 0.9177
vn 0.0409 0.3085 0.9504
vn 0.0754 0.2813 0.9567
vn 0.1436 0.2877 0.9469
vn 0.0106 0.0545 0.9985
vn 0.4047 -0.4620 0.7891
vn 0.1188 0.2725 0.9548
vn 0.5446 -0.3932 0.7408
vn 0.4270 -0.8559 0.2917
vn 0.3566 -0.4831 0.7997
vn 0.4709 -0.4423 0.7632
vn 0.5437 -0.8365 0.0679
vn 0.2145 -0.9755 -0.0478
vn 0.4134 -0.4802 0.7736
vn 0.4974 -0.8659 0.0540
vn 0.2000 -0.8006 -0.5649
vn -0.1227 -0.9635 -0.2381
vn -0.3243 -0.3929 -0.8605
vn -0.5366 -0.7826 -0.3157
vn -0.8647 -0.4569 0.2085
vn -0.8336 0.2437 -0.4956
vn 0.4396 -0.8966 0.0534
vn 0.2098 -0.7681 -0.6050
vn -0.2177 -0.3048 -0.9272
vn 0.1951 -0.7701 -0.6073
vn -0.1679 -0.2645 -0.9497
vn 0.3912 -0.9184 0.0597
vn -0.1241 -0.2367 -0.9636
vn -0.3822 0.6012 -0.7017
vn 0.1871 -0.7715 -0.6082
vn 0.2933 -0.4793 0.8272
vn -0.1085 -0.2221 -0.9690
vn 0.1716 -0.7806 -0.6011
vn 0.3378 -0.9377 0.0816
vn 0.2332 -0.4773 0.8473
vn -0.1108 -0.2088 -0.9717
vn 0.2851 -0.9532 0.1009
vn 0.1554 -0.5370 0.8291
vn 0.1400 -0.7806 -0.6091
vn -0.1083 -0.1934 -0.9751
vn -0.1991 0.5993 -0.7754
vn 0.2079 -0.9745 0.0841
vn 0.0139 -0.6188 0.7855
vn 0.0982 -0.7747 -0.6247
vn 0.0935 -0.9948 0.0396
vn -0.0482 -0.1856 -0.9814
vn -0.0442 -0.9990 0.0038
vn 0.0725 -0.7774 -0.6248
vn 0.0413 -0.8031 -0.5944
vn 0.0257 -0.2169 -0.9758
vn 0.0367 -0.2669 -0.9630
vn 0.0482 0.5212 0.8520
vn -0.6132 -0.7669 0.1893
vn -0.9656 -0.0634 0.2523
vn -0.3169 0.7189 0.6187
vn -0.3345 -0.2641 0.9046
vn 0.5536 0.6024 0.5750
vn 0.6667 0.5574 0.4949
vn 0.9787 -0.1556 0.1338
vn 0.8603 -0.0506 0.5072
vn 0.4409 -0.8556 -0.2712
vn 0.3803 -0.9195 0.0996
vn -0.3345 -0.2642 0.9046
vn -0.5550 -0.8092 -0.1927
vn -0.3810 -0.8707 -0.3110
vn -0.9656 -0.0633 0.2524
vn -0.6132 -0.7669 0.1892
vn 0.4410 -0.8556 -0.2712
vn 0.4625 -0.7820 -0.4178
vn 0.9883 -0.1488 -0.0339
vn 0.4802 -0.5839 -0.6545
vn 0.7622 0.5556 0.3322
vn 0.6666 0.5574 0.4949
vn 0.9351 -0.0250 -0.3535
vn 0.0772 -0.3282 -0.9414
vn 0.6930 0.4917 -0.5272
vn 0.2659 0.8470 -0.4603
vn -0.3004 -0.0263 -0.9535
vn 0.4396 0.7904 0.4266
vn 0.0798 0.4934 0.8661
vn 0.0708 0.9145 -0.3982
vn -0.4425 0.0799 -0.8932
vn -0.3779 0.0773 -0.9226
vn 0.4630 0.7642 0.4491
vn 0.0910 0.8926 -0.4415
vn -0.3120 0.0882 -0.9460
vn 0.1355 0.9008 -0.4125
vn -0.2635 0.1557 -0.9520
vn 0.4437 0.7677 0.4624
vn 0.3541 -0.1117 0.9285
vn 0.1542 0.9298 -0.3342
vn -0.2103 0.2001 -0.9570
vn 0.4115 0.7805 0.4706
vn 0.1634 0.9533 -0.2540
vn -0.0657 0.2671 -0.9614
vn -0.1828 -0.9081 0.3768
vn -0.6083 -0.7738 0.1768
vn 0.3404 -0.0940 0.9356
vn 0.3800 0.7816 0.4947
vn -0.1338 -0.9022 0.4100
vn 0.3458 -0.0207 0.9381
vn -0.1080 -0.9123 0.3951
vn 0.3555 0.0092 0.9346
vn 0.3479 0.7651 0.5418
vn 0.2632 0.9430 -0.2035
vn 0.3381 0.9077 -0.2485
vn 0.0297 0.3128 -0.9494
vn 0.2724 0.9238 -0.2691
vn -0.0288 0.3374 -0.9409
vn 0.0829 0.9339 -0.3478
vn -0.0365 0.3889 -0.9206
vn -0.2391 0.8877 -0.3934
vn -0.4779 0.4792 -0.7362
vn -0.4760 0.8050 -0.3541
vn 0.1607 0.9769 0.1411
vn 0.3755 0.8474 0.3754
vn 0.3986 0.8298 0.3906
vn 0.3665 0.7507 0.5497
vn -0.1401 0.9872 0.0765
vn 0.0923 0.9835 0.1555
vn -0.0794 0.6229 -0.7783
vn 0.2359 0.8965 0.3751
vn 0.4200 0.6371 0.6463
vn 0.3454 0.0409 0.9376
vn 0.4123 0.6207 0.6669
vn 0.3712 0.0791 0.9252
vn -0.0536 -0.9158 0.3982
vn 0.3426 0.6596 0.6690
vn 0.4076 0.1144 0.9060
vn 0.0130 -0.9084 0.4179
vn 0.4255 0.1382 0.8943
vn 0.0906 -0.8578 0.5060
vn 0.1899 -0.7164 0.6714
vn -0.3709 -0.7364 -0.5659
vn -0.2981 -0.7468 -0.5945
vn -0.2001 -0.9323 -0.3014
vn -0.0752 -0.9971 0.0090
vn 0.2806 -0.6111 0.7401
vn 0.4191 0.1587 0.8940
vn -0.4053 -0.7541 -0.5168
vn 0.3569 0.7425 0.5669
vn -0.4506 -0.7468 -0.4891
vn 0.1842 0.9749 -0.1248
vn -0.1045 0.5859 -0.8036
vn 0.2162 0.9452 -0.2446
vn -0.1481 0.5466 -0.8242
vn -0.4912 -0.7243 -0.4838
vn 0.3760 0.8663 0.3290
vn 0.2229 0.9242 -0.3102
vn -0.3382 0.4900 -0.8034
vn 0.4496 0.8670 0.2148
vn 0.4586 0.6278 0.6289
vn 0.1426 0.8888 -0.4355
vn 0.3389 0.2358 -0.9108
vn 0.7024 0.4844 -0.5216
vn 0.4837 0.8522 0.1995
vn 0.5984 0.7988 0.0623
vn 0.9225 0.3431 -0.1768
vn 0.5303 0.6689 0.5210
vn 0.4646 0.2023 0.8621
vn 0.6155 0.6336 0.4688
vn 0.7466 0.5789 0.3279
vn 0.9525 0.2910 0.0898
vn 0.3386 0.2462 0.9081
vn 0.2877 -0.5918 0.7530
vn 0.6384 0.3179 0.7010
vn 0.7829 0.3030 0.5434
vn 0.9206 0.1070 0.3756
vn 0.9702 -0.1585 0.1834
vn 0.2852 -0.5422 0.7904
vn -0.0091 -0.9944 0.1055
vn -0.1261 -0.3127 0.9414
vn 0.3121 -0.1536 0.9375
vn 0.7565 -0.4933 0.4293
vn 0.7920 -0.5124 0.3321
vn 0.4491 -0.8612 0.2381
vn 0.7698 -0.3015 0.5626
vn -0.0284 -0.9879 0.1525
vn -0.0389 -0.9800 0.1953
vn 0.2223 -0.9300 0.2926
vn 0.1112 -0.9935 -0.0245
vn -0.3837 -0.7970 0.4664
vn -0.1161 -0.7777 0.6178
vn 0.3843 -0.8752 0.2937
vn -0.1889 -0.9819 0.0142
vn 0.0383 -0.9321 -0.3603
vn -0.1142 -0.9931 -0.0258
vn -0.3375 -0.9121 -0.2327
vn 0.1548 -0.8229 -0.5467
vn -0.2212 -0.9679 -0.1197
vn -0.2267 -0.9496 -0.2165
vn -0.3189 -0.6886 -0.6513
vn 0.1366 -0.6067 -0.7831
vn -0.3401 -0.8807 -0.3296
vn -0.4761 -0.1084 -0.8727
vn 0.3037 0.3169 -0.8985
vn -0.2914 0.5004 -0.8153
vn -0.3674 -0.8021 -0.4707
vn -0.4007 -0.5764 -0.7122
vn -0.3271 -0.1927 -0.9251
vn -0.1931 0.4796 -0.8560
vn -0.3566 -0.5747 -0.7366
vn -0.3481 -0.1153 -0.9303
vn -0.1334 0.5640 -0.8149
vn -0.2653 -0.8282 -0.4936
vn -0.3506 -0.5530 -0.7558
vn -0.2569 -0.1034 -0.9609
vn -0.1105 0.5801 -0.8070
vn -0.2231 -0.9130 -0.3414
vn -0.5996 0.1965 -0.7758
vn -0.5369 0.7622 -0.3615
vn -0.3077 -0.6034 -0.7357
vn -0.2478 -0.8855 -0.3930
vn -0.6395 0.0327 -0.7681
vn -0.4685 0.3258 -0.8212
vn -0.1810 -0.8784 -0.4424
vn -0.2871 -0.5527 -0.7824
vn -0.1800 -0.1702 -0.9688
vn -0.0895 0.3568 -0.9299
vn -0.0275 0.3444 -0.9384
vn -0.2088 -0.4767 -0.8539
vn -0.1898 -0.8656 -0.4633
vn -0.1861 -0.4848 -0.8546
vn 0.0347 0.3221 -0.9461
vn -0.2453 -0.5050 -0.8275
vn -0.0674 0.2759 -0.9588
vn -0.2112 0.1954 -0.9577
vn -0.2660 0.1488 -0.9524
vn -0.3109 0.0909 -0.9461
vn -0.3774 0.0889 -0.9218
vn -0.4406 0.0875 -0.8934
vn -0.4891 -0.7180 -0.4952
vn -0.2963 -0.0159 -0.9550
vn -0.3810 -0.8707 -0.3109
vn -0.2395 -0.8257 -0.5107
vn 0.4801 -0.5840 -0.6546
vn 0.4624 -0.7820 -0.4178
vn -0.9383 -0.3009 0.1706
vn -0.7014 -0.1476 -0.6973
vn -0.8989 0.3941 0.1914
vn -0.4654 0.6883 -0.5564
vn -0.4760 0.7836 0.3993
vn -0.4987 -0.1752 -0.8489
vn -0.0447 0.9988 -0.0178
vn -0.1359 0.7634 0.6315
vn -0.3315 0.7357 -0.5906
vn -0.3527 -0.1760 -0.9190
vn 0.3256 0.7937 0.5139
vn 0.1477 0.5903 0.7936
vn -0.0454 0.9982 -0.0401
vn -0.2411 0.7465 -0.6202
vn -0.2493 -0.1825 -0.9511
vn 0.5356 0.1547 0.8302
vn 0.3187 0.0464 0.9467
vn 0.2235 0.8110 0.5406
vn -0.0434 0.9988 -0.0221
vn -0.1905 0.7252 -0.6616
vn -0.1565 -0.1784 -0.9714
vn 0.3694 -0.6734 0.6404
vn 0.1885 -0.6834 0.7053
vn -0.0776 -0.8700 0.4869
vn 0.3787 0.1337 0.9158
vn 0.1451 0.7999 0.5823
vn -0.0606 0.9981 -0.0088
vn -0.1443 0.7069 -0.6924
vn -0.0857 -0.1597 -0.9834
vn -0.0119 -0.9869 0.1610
vn -0.3419 -0.8359 0.4294
vn -0.6217 -0.7250 0.2965
vn -0.3610 -0.8950 -0.2622
vn -0.8724 -0.4333 0.2262
vn -0.7291 -0.2078 -0.6521
vn -0.5000 -0.1781 -0.8475
vn 0.0126 -0.9894 0.1450
vn -0.2319 -0.9130 -0.3357
vn -0.1540 -0.9233 -0.3518
vn -0.1175 0.7010 -0.7034
vn -0.0435 -0.1267 -0.9910
vn 0.2491 -0.6976 0.6718
vn 0.0218 -0.9852 0.1698
vn 0.1769 -0.6824 0.7092
vn -0.1094 -0.9124 -0.3943
vn -0.2494 -0.1825 -0.9511
vn 0.2520 0.1200 0.9603
vn 0.1318 -0.6617 0.7381
vn 0.0269 -0.9847 0.1722
vn -0.0498 -0.8961 -0.4410
vn 0.1596 0.1073 0.9813
vn 0.0894 -0.6735 0.7338
vn 0.0435 -0.9877 0.1501
vn 0.0084 -0.8752 -0.4836
vn -0.0858 -0.1596 -0.9834
vn 0.0727 0.7712 0.6324
vn 0.0647 -0.9930 0.0986
vn 0.0725 0.0778 0.9943
vn 0.0581 -0.7237 0.6877
vn 0.0490 -0.8612 -0.5059
vn 0.0025 0.7517 0.6595
vn 0.0844 -0.9928 0.0844
vn -0.0031 0.0150 0.9999
vn 0.0471 -0.7464 0.6638
vn 0.0851 -0.8438 -0.5299
vn -0.0162 -0.0618 -0.9980
vn -0.0755 0.9971 -0.0031
vn 0.0925 -0.9920 0.0863
vn 0.0184 -0.7641 0.6449
vn -0.0665 0.7171 0.6938
vn -0.0987 0.9951 0.0039
vn -0.0598 -0.0343 0.9976
vn -0.1297 0.6817 0.7200
vn -0.1336 0.9903 0.0389
vn -0.1247 -0.0649 0.9901
vn -0.2093 0.6632 0.7186
vn -0.1125 0.7246 -0.6800
vn -0.2856 -0.0839 0.9547
vn -0.1964 0.9772 0.0802
vn -0.1325 0.7634 -0.6322
vn 0.0010 0.0161 -0.9999
vn -0.3313 0.6826 0.6513
vn -0.2726 0.9574 0.0951
vn -0.1632 0.8070 -0.5676
vn -0.4142 0.8507 0.3237
vn -0.1945 0.8299 -0.5229
vn -0.0438 0.1092 -0.9931
vn -0.9537 -0.0368 -0.2985
vn -0.9537 -0.0367 -0.2985
vn -0.5646 -0.1034 0.8189
vn -0.0974 -0.7968 0.5964
vn -0.2398 -0.9277 0.2862
vn -0.0622 -0.7770 -0.6264
vn 0.0344 -0.9960 0.0824
vn 0.0751 -0.8283 -0.5552
vn -0.0437 0.1092 -0.9931
vn 0.8709 0.1882 -0.4540
vn 0.8482 0.4861 -0.2104
vn 0.6317 0.3344 -0.6993
vn 0.5351 0.7490 -0.3908
vn 0.6962 0.2559 -0.6707
vn 0.7045 0.6786 0.2078
vn 0.5445 0.7658 -0.3422
vn 0.7244 0.2121 -0.6559
vn 0.3509 0.9241 0.1517
vn 0.5263 0.7907 -0.3129
vn 0.6949 0.1637 -0.7003
vn 0.2439 0.7646 0.5966
vn 0.8128 0.2080 0.5441
vn 0.2227 0.9603 0.1681
vn 0.4897 0.8178 -0.3022
vn 0.6528 0.1430 -0.7439
vn 0.3147 0.4802 0.8188
vn 0.8385 -0.2921 0.4601
vn 0.0030 0.8478 0.5303
vn 0.1747 0.9600 0.2188
vn 0.4375 0.8587 -0.2670
vn 0.6087 0.1842 -0.7718
vn 0.1656 0.3205 0.9327
vn 0.7826 -0.1291 0.6090
vn 0.6696 -0.0524 0.7409
vn -0.1004 0.6839 0.7226
vn -0.0387 0.8470 0.5302
vn 0.1325 0.9547 0.2665
vn -0.2395 -0.1989 0.9503
vn 0.3372 -0.8495 0.4057
vn -0.4184 0.4725 0.7757
vn -0.1753 0.7395 0.6499
vn -0.0478 0.8419 0.5375
vn -0.3239 -0.9226 0.2095
vn -0.4003 -0.8800 -0.2556
vn -0.7364 -0.1528 0.6590
vn -0.3927 0.5366 0.7468
vn -0.1446 0.7587 0.6352
vn -0.5994 -0.1988 0.7754
vn -0.3125 0.5586 0.7683
vn -0.4935 -0.2388 0.8364
vn -0.3386 -0.8948 0.2910
vn -0.4599 -0.8535 0.2451
vn -0.1657 0.7769 0.6074
vn -0.3061 0.5722 0.7608
vn -0.4828 -0.2684 0.8336
vn -0.2304 -0.9281 0.2925
vn -0.0928 0.8487 0.5207
vn -0.3646 0.5639 0.7410
vn -0.2159 0.7846 0.5811
vn 0.0695 0.9529 0.2952
vn -0.1328 0.8613 0.4904
vn 0.3708 0.9058 -0.2053
vn 0.0183 0.9499 0.3120
vn -0.1341 0.8710 0.4726
vn 0.3189 0.9365 -0.1459
vn 0.5905 0.2641 -0.7626
vn 0.0028 0.9494 0.3139
vn 0.2840 0.9486 -0.1397
vn 0.5586 0.3365 -0.7581
vn -0.0030 0.9602 0.2794
vn 0.3146 0.9268 -0.2051
vn 0.5428 0.3391 -0.7684
vn -0.2415 0.7749 0.5842
vn -0.1451 0.8817 0.4489
vn 0.0033 0.9644 0.2643
vn 0.4489 0.8771 -0.1710
vn 0.7000 0.2888 -0.6531
vn -0.2753 0.7683 0.5778
vn -0.1583 0.8798 0.4483
vn 0.0486 0.9510 0.3055
vn 0.6538 0.7490 0.1077
vn 0.9201 0.1368 -0.3669
vn 0.9784 0.1230 -0.1664
vn -0.2958 0.7587 0.5804
vn -0.1308 0.8528 0.5056
vn 0.1456 0.8993 0.4124
vn -0.2676 0.7389 0.6184
vn -0.1096 0.8002 0.5896
vn -0.2465 0.6896 0.6810
vn 0.6661 0.6995 0.2589
vn 0.1529 0.8614 0.4844
vn -0.1526 0.7815 0.6050
vn 0.5343 0.8302 0.1592
vn 0.9118 0.3525 -0.2108
vn 0.0751 0.9014 0.4263
vn 0.4067 0.9103 0.0766
vn 0.7799 0.5153 -0.3551
vn -0.2562 0.6652 0.7013
vn -0.2463 0.8205 0.5158
vn 0.0181 0.9205 0.3902
vn 0.5078 0.8395 0.1930
vn 0.8024 0.5163 -0.2993
vn 0.1502 0.8489 0.5068
vn 0.7138 0.6093 0.3453
vn 0.9610 0.2765 -0.0031
vn 0.9479 0.0741 0.3099
vn -0.2215 0.8456 0.4858
vn -0.3991 0.7061 0.5849
vn 0.5528 0.6113 0.5664
vn -0.0245 0.8136 0.5809
vn 0.4867 0.6071 0.6282
vn 0.9269 0.0969 0.3627
vn -0.4347 0.7593 0.4842
vn -0.3060 0.7849 0.5388
vn 0.4419 0.5675 0.6947
vn 0.9088 0.0584 0.4130
vn -0.0308 0.7465 0.6647
vn 0.2323 0.1918 0.9536
vn 0.6643 -0.2585 0.7013
vn 0.4035 -0.4627 0.7894
vn 0.0083 0.0584 0.9983
vn -0.2643 0.2826 0.9221
vn -0.2559 0.4043 0.8781
vn -0.5291 0.3771 0.7602
vn -0.5625 0.4459 0.6963
vn -0.7966 0.4818 0.3651
vn -0.7559 0.3666 0.5425
vn -0.8912 0.0678 0.4485
vn -0.8993 0.0100 -0.4373
vn -0.4296 -0.9004 0.0687
vn -0.4866 -0.8198 -0.3020
vn -0.1228 -0.9635 -0.2380
vn -0.6546 0.4160 0.6312
vn -0.5448 0.4139 0.7293
vn -0.8246 0.1729 0.5387
vn -0.5823 0.3821 0.7175
vn -0.3992 -0.6273 0.6687
vn -0.8807 -0.1079 0.4613
vn -0.0980 -0.9481 -0.3026
vn 0.2145 -0.9756 -0.0476
vn -0.5473 0.4000 0.7352
vn -0.7640 -0.2810 0.5809
vn -0.5188 0.4196 0.7448
vn -0.8667 -0.1992 0.4573
vn -0.4730 0.4838 0.7363
vn -0.7256 -0.6785 -0.1142
vn 0.3185 -0.9403 -0.1199
vn 0.4269 -0.8560 0.2917
vn -0.6653 -0.7462 -0.0250
vn -0.6817 -0.2544 0.6860
vn -0.4146 0.5302 0.7396
vn -0.5585 -0.2640 0.7863
vn -0.6237 -0.2331 0.7461
vn -0.6665 -0.2098 0.7154
vn -0.4949 -0.8445 0.2047
vn -0.4492 -0.8752 0.1795
vn -0.5581 -0.8240 0.0974
vn -0.2250 -0.9425 0.2470
vn -0.3892 -0.9037 0.1785
vn -0.2951 -0.9360 0.1920
vn 0.0229 -0.9921 -0.1234
vn -0.0955 -0.9657 -0.2417
vn -0.1278 -0.9558 -0.2648
vn -0.1506 -0.9524 -0.2650
vn -0.1781 -0.9212 -0.3458
vn 0.0566 -0.8812 -0.4693
vn -0.0334 -0.9818 -0.1871
vn 0.0274 -0.9958 -0.0874
vn -0.2132 -0.8730 -0.4386
vn 0.0602 -0.8625 -0.5024
vn 0.0798 -0.8966 -0.4356
vn -0.0250 -0.9966 -0.0786
vn -0.1000 -0.9923 -0.0738
vn 0.1974 -0.9498 -0.2429
vn -0.3082 -0.9375 -0.1616
vn 0.1518 -0.9627 -0.2242
vn -0.1008 -0.9325 -0.3468
vn -0.2319 -0.9286 -0.2896
vn 0.2094 -0.9375 -0.2780
vn 0.4423 -0.7956 -0.4139
vn 0.2426 -0.7771 -0.5808
vn 0.1531 -0.8771 -0.4553
vn 0.4093 -0.7992 -0.4401
vn 0.1881 -0.9282 -0.3209
vn 0.5725 -0.2195 -0.7900
vn 0.6528 -0.4612 -0.6010
vn 0.8425 0.1833 -0.5065
vn 0.7041 0.4130 -0.5777
vn 0.6777 -0.3336 -0.6553
vn 0.7012 0.2980 -0.6477
vn 0.6783 -0.3919 -0.6215
vn 0.7225 0.2196 -0.6555
vn 0.4153 -0.7871 -0.4560
vn 0.6166 -0.4441 -0.6500
vn 0.6949 0.1636 -0.7003
vn 0.3594 -0.7840 -0.5061
vn 0.5280 -0.4938 -0.6909
vn 0.6528 0.1429 -0.7440
vn 0.1288 -0.9158 -0.3805
vn 0.2792 -0.7821 -0.5571
vn 0.4418 -0.5157 -0.7341
vn 0.6087 0.1842 -0.7717
vn 0.2370 -0.7640 -0.6001
vn 0.4170 -0.4888 -0.7663
vn 0.5905 0.2642 -0.7625
vn 0.2251 -0.7311 -0.6441
vn 0.4116 -0.4275 -0.8049
vn 0.5586 0.3366 -0.7581
vn 0.2314 -0.6992 -0.6764
vn 0.4225 -0.3618 -0.8310
vn 0.0726 -0.8347 -0.5459
vn 0.5087 -0.3645 -0.7800
vn 0.7182 0.2864 -0.6341
vn 0.2533 -0.6968 -0.6711
vn 0.0677 -0.8290 -0.5552
vn 0.6745 -0.4334 -0.5976
vn 0.9207 0.1857 -0.3433
vn 0.9740 0.1830 -0.1333
vn 0.3065 -0.7278 -0.6135
vn -0.2056 -0.8250 -0.5265
vn 0.0707 -0.8151 -0.5749
vn -0.2076 -0.8440 -0.4945
vn 0.3465 -0.7353 -0.5825
vn 0.7701 -0.4374 -0.4643
vn -0.0594 -0.8208 -0.5681
vn 0.0404 -0.8088 -0.5867
vn 0.7327 -0.3720 -0.5699
vn 0.8880 0.3476 -0.3012
vn 0.3086 -0.7022 -0.6416
vn 0.1424 -0.7957 -0.5888
vn 0.1432 -0.7791 -0.6103
vn 0.7170 -0.2094 -0.6649
vn 0.7448 0.5271 -0.4092
vn 0.4043 -0.6459 -0.6475
vn 0.4474 -0.7488 -0.4890
vn 0.8275 -0.1273 -0.5468
vn 0.8088 0.5281 -0.2589
vn 0.9619 0.2733 0.0125
vn 0.6048 -0.6160 -0.5048
vn 0.9550 -0.1841 -0.2326
vn 0.9535 0.0905 0.2875
vn 0.5192 -0.7521 -0.4060
vn 0.8866 -0.4358 -0.1549
vn 0.8555 -0.5033 -0.1220
vn 0.9339 0.0701 0.3507
vn 0.8555 -0.5094 -0.0930
vn 0.9112 0.0410 0.4100
vn 0.6615 -0.2559 0.7049
vn 0.6431 -0.7418 0.1902
vn 0.4045 -0.4631 0.7886
vn -0.3098 -0.9505 -0.0255
vn -0.0073 -0.9999 -0.0105
vn -0.0011 -0.9999 -0.0117
vn -0.3200 -0.9473 -0.0160
vn -0.0138 -0.9999 0.0069
vn -0.5487 -0.8353 -0.0353
vn -0.3380 -0.9411 0.0030
vn -0.0168 -0.9987 0.0478
vn -0.5643 -0.8254 -0.0158
vn -0.8341 -0.5494 -0.0487
vn -0.8418 -0.5389 -0.0310
vn -0.9933 -0.0942 -0.0672
vn -0.5780 -0.8160 0.0010
vn -0.3405 -0.9394 0.0398
vn -0.3328 -0.9377 0.0998
vn -0.0187 -0.9929 0.1177
vn -0.3068 -0.9408 0.1444
vn -0.0199 -0.9856 0.1677
vn -0.0204 -0.9841 0.1763
vn -0.2728 -0.9497 0.1542
vn -0.0202 -0.9874 0.1571
vn -0.5369 -0.8372 0.1040
vn -0.5597 -0.8255 0.0723
vn -0.2509 -0.9576 0.1419
vn -0.0203 -0.9894 0.1439
vn -0.5749 -0.8178 0.0265
vn -0.8175 -0.5751 0.0295
vn -0.5179 -0.8480 0.1130
vn -0.2550 -0.9569 0.1392
vn -0.0205 -0.9897 0.1416
vn -0.8320 -0.5548 -0.0001
vn -0.8061 -0.5893 0.0534
vn -0.5084 -0.8538 0.1116
vn -0.2941 -0.9444 0.1467
vn -0.0205 -0.9908 0.1339
vn -0.8440 -0.5362 -0.0141
vn -0.9852 -0.1698 -0.0219
vn -0.8006 -0.5961 0.0605
vn -0.5176 -0.8458 0.1293
vn -0.3519 -0.9260 0.1364
vn -0.0203 -0.9919 0.1257
vn -0.9930 -0.1019 -0.0599
vn -0.9809 -0.1942 -0.0091
vn -0.7981 -0.5995 0.0600
vn -0.5520 -0.8186 0.1587
vn -0.3960 -0.9115 0.1112
vn -0.0204 -0.9918 0.1261
vn -0.9891 0.1211 -0.0837
vn -0.9874 0.1344 -0.0834
vn -0.9757 -0.2190 -0.0053
vn -0.7950 -0.6004 0.0865
vn -0.6053 -0.7817 0.1502
vn -0.4080 -0.9082 0.0937
vn -0.0206 -0.9920 0.1247
vn -0.9474 0.3040 -0.1001
vn -0.9473 0.3060 -0.0947
vn -0.9710 -0.2388 -0.0069
vn -0.7896 -0.6002 0.1281
vn -0.6599 -0.7434 0.1091
vn -0.3949 -0.9151 0.0817
vn -0.0203 -0.9939 0.1087
vn -0.8277 0.5496 -0.1130
vn -0.8308 0.5465 -0.1056
vn -0.9660 -0.2582 0.0116
vn -0.7894 -0.5978 0.1393
vn -0.6989 -0.7131 0.0557
vn -0.3724 -0.9254 0.0706
vn -0.0196 -0.9965 0.0809
vn -0.6171 0.7772 -0.1229
vn -0.6268 0.7708 -0.1138
vn -0.9553 -0.2922 0.0442
vn -0.8052 -0.5815 0.1158
vn -0.7142 -0.6998 0.0156
vn -0.3553 -0.9333 0.0520
vn -0.0185 -0.9990 0.0408
vn -0.3439 0.9300 -0.1300
vn -0.3517 0.9290 -0.1151
vn 0.0167 0.9912 -0.1312
vn 0.0074 0.9938 -0.1107
vn 0.0215 0.9951 -0.0970
vn -0.3471 0.9330 -0.0947
vn 0.0168 0.9985 -0.0517
vn -0.6168 0.7822 -0.0877
vn -0.3552 0.9333 -0.0536
vn 0.0173 0.9981 -0.0584
vn -0.8276 0.5557 -0.0789
vn -0.6262 0.7780 -0.0502
vn -0.3631 0.9300 -0.0577
vn -0.9495 0.3058 -0.0709
vn -0.8321 0.5526 -0.0473
vn -0.9920 0.1101 -0.0617
vn -0.3773 0.9239 -0.0631
vn 0.0177 0.9976 -0.0670
vn -0.6282 0.7763 -0.0521
vn -0.9505 0.3067 -0.0492
vn -0.9922 -0.1179 -0.0415
vn -0.9937 0.1011 -0.0482
vn -0.9888 -0.1457 -0.0321
vn -0.9942 0.0952 -0.0509
vn -0.8273 0.5591 -0.0536
vn -0.9467 0.3169 -0.0574
vn -0.9950 0.0865 -0.0501
vn -0.9406 0.3333 -0.0644
vn -0.9955 0.0778 -0.0536
vn -0.8135 0.5786 -0.0591
vn -0.9957 0.0720 -0.0586
vn -0.9319 0.3549 -0.0744
vn -0.6250 0.7788 -0.0538
vn -0.9962 0.0694 -0.0531
vn -0.9211 0.3798 -0.0860
vn -0.7934 0.6044 -0.0727
vn -0.6204 0.7811 -0.0708
vn -0.7748 0.6257 -0.0911
vn -0.9099 0.4045 -0.0919
vn -0.9972 0.0584 -0.0461
vn -0.3884 0.9180 -0.0794
vn 0.0182 0.9965 -0.0811
vn -0.6189 0.7796 -0.0963
vn -0.3905 0.9145 -0.1058
vn 0.0190 0.9942 -0.1055
vn 0.0199 0.9911 -0.1316
vn -0.7615 0.6395 -0.1059
vn -0.3905 0.9111 -0.1321
vn 0.0209 0.9862 -0.1641
vn -0.6220 0.7743 -0.1168
vn -0.9010 0.4205 -0.1064
vn -0.3932 0.9047 -0.1638
vn 0.0222 0.9784 -0.2057
vn -0.7527 0.6454 -0.1302
vn -0.6291 0.7636 -0.1455
vn -0.3884 0.8964 -0.2137
vn 0.0231 0.9718 -0.2345
vn -0.6355 0.7478 -0.1922
vn -0.7508 0.6388 -0.1682
vn -0.8988 0.4194 -0.1275
vn -0.9987 0.0287 -0.0413
vn -0.2411 0.9417 -0.2347
vn 0.0234 0.9717 -0.2350
vn -0.2139 0.9468 -0.2404
vn 0.0236 0.9723 -0.2326
vn -0.4312 0.8688 -0.2434
vn -0.6450 0.7274 -0.2342
vn -0.7659 0.6127 -0.1948
vn -0.9081 0.3973 -0.1321
vn -0.9387 -0.3381 0.0670
vn -0.9995 -0.0141 -0.0269
vn -0.9238 -0.3754 0.0756
vn -0.8394 -0.5400 0.0609
vn -0.9226 -0.3803 0.0650
vn -0.9984 -0.0564 -0.0051
vn -0.9256 0.3620 -0.1109
vn -0.8802 -0.4745 0.0050
vn -0.9376 -0.3457 0.0379
vn -0.7128 -0.7014 0.0013
vn -0.9116 -0.4098 -0.0337
vn -0.9962 -0.0869 0.0052
vn -0.8008 0.5701 -0.1837
vn -0.7059 -0.7083 -0.0082
vn -0.9575 -0.2883 -0.0043
vn -0.9419 0.3238 -0.0892
vn -0.6679 0.7045 -0.2401
vn -0.3471 -0.9377 0.0189
vn -0.0168 -0.9998 -0.0126
vn -0.9266 -0.3714 -0.0597
vn -0.9956 -0.0937 -0.0093
vn -0.8495 0.5003 -0.1673
vn -0.3437 -0.9386 -0.0295
vn -0.0144 -0.9964 -0.0834
vn -0.6974 -0.7162 -0.0267
vn -0.9730 -0.2263 -0.0446
vn -0.9559 0.2816 -0.0837
vn -0.3431 -0.9344 -0.0956
vn -0.0120 -0.9892 -0.1461
vn -0.6900 -0.7213 -0.0594
vn -0.9310 -0.3570 -0.0758
vn -0.9968 -0.0746 -0.0300
vn -0.9835 -0.1674 -0.0690
vn -0.9314 -0.3524 -0.0911
vn -0.6856 -0.7200 -0.1076
vn -0.3434 -0.9268 -0.1521
vn -0.3447 -0.9171 -0.2004
vn -0.0154 -0.9819 -0.1888
vn -0.6835 -0.7154 -0.1451
vn -0.9322 -0.3452 -0.1088
vn -0.9898 -0.1168 -0.0818
vn -0.9980 -0.0434 -0.0463
vn -0.3692 -0.9024 -0.2222
vn -0.0207 -0.9772 -0.2115
vn -0.9700 0.2280 -0.0843
vn -0.3830 -0.9042 -0.1888
vn -0.0245 -0.9810 -0.1926
vn -0.8971 0.4119 -0.1600
vn -0.3948 -0.9063 -0.1508
vn -0.0330 -0.9868 -0.1583
vn -0.6887 0.6816 -0.2472
vn -0.3854 -0.9173 -0.1003
vn -0.0478 -0.9947 -0.0912
vn -0.3395 -0.9380 -0.0706
vn -0.0634 -0.9969 -0.0468
vn -0.1334 -0.9527 -0.2732
vn -0.0635 -0.9422 -0.3289
vn -0.3633 -0.8830 -0.2972
vn -0.6763 -0.7210 -0.1511
vn -0.7237 -0.6781 -0.1283
vn -0.7223 -0.6754 -0.1489
vn -0.7038 -0.6858 -0.1851
vn -0.6850 -0.7078 -0.1727
vn -0.9338 -0.3378 -0.1178
vn -0.9932 -0.0778 -0.0867
vn -0.9982 -0.0166 -0.0581
vn -0.9836 0.1590 -0.0854
vn -0.9383 0.3107 -0.1515
vn -0.8331 0.5071 -0.2208
vn -0.9466 -0.3055 -0.1032
vn -0.9374 -0.3279 -0.1170
vn -0.9956 -0.0500 -0.0792
vn -0.9976 -0.0017 -0.0686
vn -0.9931 0.0795 -0.0865
vn -0.9623 0.2277 -0.1489
vn -0.8643 0.4589 -0.2060
vn -0.9981 -0.0263 -0.0557
vn -0.9978 -0.0022 -0.0657
vn -0.9956 0.0024 -0.0940
vn -0.9767 0.1610 -0.1416
vn -0.5986 0.7548 -0.2682
vn -0.8759 0.4418 -0.1938
vn -0.5803 0.7778 -0.2414
vn -0.3612 0.8918 -0.2725
vn -0.3090 0.9124 -0.2684
vn -0.4099 0.8747 -0.2585
vn -0.1845 0.9526 -0.2419
vn -0.1624 0.9549 -0.2487
vn 0.0243 0.9694 -0.2444
vn -0.2872 0.9258 -0.2457
vn -0.1607 0.9562 -0.2448
vn 0.0247 0.9699 -0.2421
vn -0.5853 0.7837 -0.2079
vn -0.1768 0.9606 -0.2145
vn 0.0242 0.9772 -0.2108
vn -0.3073 0.9283 -0.2092
vn -0.8793 0.4457 -0.1681
vn -0.2013 0.9654 -0.1656
vn 0.0230 0.9868 -0.1601
vn -0.3439 0.9255 -0.1584
vn -0.6011 0.7829 -0.1607
vn -0.9850 0.1133 -0.1303
vn -0.2339 0.9669 -0.1016
vn 0.0212 0.9952 -0.0953
vn -0.8804 0.4580 -0.1228
vn -0.3910 0.9158 -0.0918
vn -0.6222 0.7771 -0.0949
vn -0.2734 0.9608 -0.0452
vn 0.0196 0.9989 -0.0424
vn -0.6478 0.7611 -0.0333
vn -0.4439 0.8955 -0.0308
vn -0.8790 0.4709 -0.0754
vn -0.3199 0.9474 0.0099
vn 0.0133 0.9999 0.0036
vn -0.4911 0.8703 0.0363
vn -0.6749 0.7360 0.0532
vn -0.9899 0.0797 -0.1172
vn -0.3760 0.9257 0.0419
vn -0.0009 0.9992 0.0406
vn -0.0035 0.9979 0.0640
vn -0.5543 0.8292 0.0722
vn -0.8820 0.4701 0.0318
vn -0.4060 0.9126 0.0480
vn 0.0008 0.9980 0.0640
vn -0.7080 0.6992 0.0995
vn -0.5933 0.8036 0.0469
vn -0.4185 0.9075 0.0368
vn -0.6280 0.7778 0.0244
vn -0.3616 0.9295 0.0730
vn 0.0074 0.9945 0.1043
vn -0.5816 0.8123 0.0436
vn -0.3737 0.9136 0.1603
vn 0.0097 0.9783 0.2072
vn -0.6375 0.7616 0.1161
vn -0.3831 0.8909 0.2442
vn 0.0067 0.9565 0.2916
vn -0.6897 0.7231 0.0382
vn -0.6812 0.7125 0.1684
vn -0.3696 0.8906 0.2649
vn 0.0171 0.9499 0.3120
vn -0.6633 0.7226 0.1946
vn -0.3540 0.8873 0.2956
vn 0.0353 0.9301 0.3656
vn -0.6288 0.7461 0.2192
vn -0.3612 0.8569 0.3679
vn 0.0151 0.9017 0.4320
vn -0.5960 0.7416 0.3080
vn -0.3793 0.8606 0.3398
vn 0.0050 0.9189 0.3944
vn -0.6180 0.7261 0.3014
vn -0.3840 0.8699 0.3094
vn 0.0007 0.9280 0.3725
vn -0.6536 0.7141 0.2509
vn -0.3905 0.8568 0.3367
vn -0.0354 0.9255 0.3772
vn -0.6771 0.6921 0.2502
vn -0.4143 0.8738 0.2545
vn -0.0508 0.9512 0.3043
vn -0.3925 0.9111 0.1261
vn -0.0042 0.9768 0.2142
vn -0.6685 0.7432 0.0285
vn -0.6969 0.6920 0.1884
vn -0.8457 0.5324 -0.0359
vn -0.8765 0.4684 0.1110
vn -0.9042 0.4169 -0.0929
vn -0.8652 0.4729 0.1666
vn -0.9457 0.3085 0.1022
vn -0.8436 0.5002 0.1954
vn -0.9091 0.4164 -0.0130
vn -0.8119 0.5272 0.2507
vn -0.6478 0.7381 -0.1886
vn -0.6798 0.7140 -0.1675
vn -0.5907 0.1958 -0.7828
vn -0.9354 0.2552 -0.2448
vn -0.9257 0.3332 0.1790
vn -0.7855 0.5722 0.2357
vn -0.9458 0.1575 -0.2841
vn -0.4373 -0.6229 -0.6487
vn -0.9684 -0.2347 -0.0850
vn -0.3785 -0.8840 -0.2744
vn -0.6699 0.7408 0.0493
vn -0.7562 0.5629 -0.3336
vn -0.9934 0.0701 -0.0912
vn -0.9863 0.1638 0.0193
vn -0.9756 0.0850 -0.2027
vn -0.7230 0.3196 -0.6125
vn -0.9700 0.1966 0.1431
vn -0.9894 0.0589 0.1329
vn -0.9642 -0.0606 -0.2583
vn -0.6567 -0.2950 -0.6941
vn -0.9891 0.0034 0.1472
vn -0.9547 -0.2841 -0.0885
vn -0.5501 -0.6063 -0.5742
vn -0.9843 -0.0973 0.1474
vn -0.8825 0.0424 0.4684
vn -0.8803 0.1486 0.4506
vn -0.8346 0.4011 0.3776
vn -0.8366 0.3235 0.4420
vn -0.8506 0.4324 0.2991
vn -0.7491 0.5085 0.4245
vn -0.8043 0.5521 0.2197
vn -0.8024 0.5813 0.1349
vn -0.8142 0.5652 0.1332
vn -0.8187 0.5670 0.0914
vn -0.8047 0.5752 0.1469
vn -0.8198 0.3896 0.4198
vn -0.7859 0.6000 0.1498
vn -0.8516 0.5096 0.1224
vn -0.8703 0.2318 0.4346
vn -0.8361 0.5481 0.0240
vn -0.8712 0.4835 0.0854
vn -0.7378 0.6674 0.1014
vn -0.8374 0.5238 0.1560
vn -0.9023 0.4216 0.0897
vn -0.8628 0.5050 -0.0242
vn -0.8191 0.5662 0.0921
vn -0.9030 0.4076 0.1361
vn -0.7758 0.6291 0.0484
vn -0.9099 0.3940 0.1298
vn -0.8922 0.4448 0.0785
vn -0.8941 0.4419 0.0734
vn -0.7418 0.6701 0.0270
vn -0.8774 0.4795 -0.0134
vn -0.9118 0.3927 0.1197
vn -0.7201 0.6925 0.0430
vn -0.8747 0.4798 0.0693
vn -0.8619 0.5070 -0.0095
vn -0.8635 0.5043 0.0008
vn -0.9981 0.0551 -0.0278
vn -0.9929 0.0992 -0.0654
vn -0.9901 -0.1288 -0.0562
vn -0.9718 0.1685 -0.1647
vn -0.8732 0.4865 0.0297
vn -0.9629 0.2333 -0.1354
vn -0.9355 0.3533 -0.0021
vn -0.9928 -0.0686 -0.0982
vn -0.9992 -0.0226 -0.0322
vn -0.9820 -0.1298 -0.1369
vn -0.9994 0.0100 -0.0326
vn -0.9987 -0.0131 -0.0492
vn -0.9276 -0.1741 -0.3305
vn -0.9235 -0.2212 -0.3134
vn -0.9844 -0.0535 -0.1676
vn -0.9981 -0.0051 -0.0611
vn -0.9235 -0.1108 -0.3673
vn -0.8693 -0.2570 -0.4222
vn -0.9169 -0.0828 -0.3904
vn -0.9479 -0.1309 -0.2906
vn -0.9508 -0.2979 -0.0849
vn -0.9397 -0.3255 -0.1045
vn -0.9699 0.1604 -0.1834
vn -0.8044 -0.3009 -0.5122
vn -0.9889 -0.0709 -0.1304
vn -0.8797 -0.4126 -0.2366
vn -0.8761 -0.2507 -0.4117
vn -0.9459 -0.2015 -0.2543
vn -0.9117 -0.1203 -0.3929
vn -0.7590 -0.3555 -0.5455
vn -0.8300 -0.3227 -0.4550
vn -0.7540 -0.3974 -0.5231
vn -0.6700 -0.5476 -0.5012
vn -0.7216 -0.3768 -0.5809
vn -0.8962 -0.1720 -0.4090
vn -0.6388 -0.4693 -0.6096
vn -0.5042 -0.7391 -0.4466
vn -0.8794 -0.2653 -0.3953
vn -0.9814 0.0956 -0.1666
vn -0.5152 -0.6401 -0.5699
vn -0.3436 -0.8244 -0.4497
vn -0.8738 -0.4688 -0.1291
vn -0.8037 -0.5950 -0.0002
vn -0.2360 -0.8904 -0.3892
vn -0.9700 0.1387 -0.1997
vn -0.9567 0.2855 -0.0567
vn -0.9275 0.3700 0.0539
vn -0.9533 0.3020 0.0022
vn -0.9213 0.3795 0.0853
vn -0.9984 -0.0298 -0.0483
vn -0.8933 0.4472 0.0448
vn -0.9924 -0.1221 -0.0160
vn -0.9297 0.3678 0.0190
vn -0.4763 -0.6495 0.5927
vn -0.9297 0.3680 0.0121
vn -0.9994 0.0319 -0.0137
vn -0.8887 -0.4488 0.0940
vn -0.3733 -0.6987 0.6103
vn -0.9822 0.0898 -0.1651
vn -0.9438 0.2520 0.2140
vn -0.9847 0.1690 0.0434
vn -0.8678 0.1038 0.4860
vn -0.9473 0.0427 0.3176
vn -0.9986 -0.0080 -0.0525
vn -0.8408 -0.0562 0.5384
vn -0.9980 0.0120 0.0615
vn -0.8777 0.4791 -0.0032
vn -0.7932 0.5237 -0.3108
vn -0.9806 0.1320 0.1451
vn -0.8663 -0.0404 0.4979
vn -0.4874 0.1727 -0.8559
vn -0.9055 -0.0926 0.4142
vn -0.4978 -0.5068 0.7038
vn -0.8348 -0.5256 0.1640
vn -0.6066 -0.6689 -0.4296
vn -0.3772 -0.8296 -0.4116
vn -0.4504 -0.8233 -0.3453
vn -0.2209 -0.9331 -0.2837
vn -0.0574 -0.9259 -0.3733
vn -0.3762 -0.8956 -0.2376
vn -0.1134 -0.9683 -0.2224
vn -0.0465 -0.9591 -0.2792
vn -0.2361 -0.7127 0.6606
vn -0.3108 -0.8905 0.3323
vn 0.0297 -0.7035 0.7101
vn -0.3609 -0.9285 0.0875
vn -0.2174 -0.9753 -0.0401
vn -0.0938 -0.8571 0.5066
vn -0.0921 -0.7908 0.6052
vn 0.1039 -0.8607 0.4985
vn -0.1960 -0.7532 0.6279
vn -0.1625 -0.7915 0.5891
vn -0.0215 -0.9403 0.3398
vn -0.5265 -0.3978 0.7513
vn -0.3181 -0.8594 0.4003
vn -0.1534 -0.9450 0.2889
vn -0.3223 -0.6952 0.6425
vn -0.7719 -0.2181 0.5971
vn -0.3409 -0.9334 0.1118
vn -0.0838 -0.9905 0.1094
vn -0.4310 -0.4873 0.7594
vn -0.4184 -0.8492 0.3222
vn -0.2500 -0.9577 -0.1428
vn 0.0432 -0.9855 -0.1643
vn -0.1969 -0.9387 -0.2831
vn -0.3013 -0.8639 -0.4036
vn -0.6680 -0.6354 0.3875
vn -0.3099 -0.9494 -0.0519
vn -0.3295 -0.9179 -0.2209
vn -0.6803 -0.7055 -0.1987
vn -0.6508 -0.7590 0.0209
vn -0.9543 -0.2526 0.1597
vn -0.8652 -0.2853 0.4124
vn -0.8834 -0.0781 0.4621
vn -0.0070 -0.9996 -0.0277
vn -0.3137 -0.9489 -0.0355
vn -0.0029 -0.9971 -0.0762
vn -0.2872 -0.9525 -0.1017
vn 0.0095 -0.9963 -0.0852
vn -0.5322 -0.8442 -0.0648
vn -0.5508 -0.8338 -0.0369
vn -0.4144 -0.9056 -0.0897
vn -0.8334 -0.5479 -0.0725
vn -0.8495 -0.5251 -0.0516
vn -0.4194 -0.9061 -0.0544
vn -0.0018 -0.9995 -0.0313
vn -0.0015 -0.9902 -0.1395
vn -0.8157 -0.5737 -0.0746
vn -0.9950 -0.0666 -0.0747
vn -0.9947 -0.0743 -0.0710
vn -0.9949 -0.0738 -0.0693
vn -0.9843 0.1616 -0.0715
vn -0.9865 0.1421 -0.0811
vn -0.9430 0.3207 -0.0887
vn -0.4302 -0.8925 -0.1357
vn -0.0182 -0.9785 -0.2054
vn -0.8087 -0.5838 -0.0719
vn -0.9407 0.3321 -0.0691
vn -0.8226 0.5605 -0.0959
vn -0.4230 -0.8858 -0.1910
vn -0.0075 -0.9714 -0.2372
vn -0.7986 -0.5907 -0.1152
vn -0.4001 -0.8890 -0.2227
vn -0.0024 -0.9700 -0.2430
vn -0.9791 0.1894 -0.0735
vn -0.8204 0.5662 -0.0796
vn -0.6149 0.7822 -0.1002
vn -0.9954 -0.0722 -0.0626
vn -0.7783 -0.6094 -0.1513
vn -0.8715 0.4805 -0.0979
vn -0.9756 0.2092 -0.0667
vn -0.9955 -0.0756 -0.0568
vn -0.6222 0.7780 -0.0864
vn -0.3458 0.9323 -0.1061
vn -0.5346 0.8347 -0.1320
vn -0.3551 0.9298 -0.0966
vn 0.0129 0.9934 -0.1138
vn 0.0161 0.9930 -0.1171
vn 0.0358 0.9880 -0.1502
vn -0.5477 0.8270 -0.1264
vn 0.0117 0.9895 -0.1438
vn 0.0147 0.9982 -0.0583
vn -0.8673 0.4898 -0.0892
vn -0.5465 0.8360 -0.0496
vn 0.0217 0.9992 -0.0345
vn -0.9721 0.2312 -0.0404
vn -0.5472 0.8363 -0.0340
vn 0.0126 0.9999 -0.0111
vn -0.8586 0.5109 -0.0428
vn -0.9930 -0.0907 -0.0762
vn -0.9668 0.2525 -0.0393
vn -0.7480 -0.6365 -0.1881
vn -0.5479 0.8365 -0.0120
vn 0.0127 0.9982 0.0593
vn -0.8493 0.5268 -0.0340
vn -0.8463 0.5323 -0.0201
vn -0.9853 -0.1351 -0.1048
vn -0.4001 -0.8859 -0.2347
vn -0.5424 0.8389 0.0452
vn 0.0154 0.9926 0.1204
vn -0.8349 0.5501 0.0175
vn -0.9693 0.2420 -0.0439
vn -0.9758 0.2161 -0.0317
vn -0.7409 -0.6411 -0.2004
vn -0.4394 -0.8678 -0.2322
vn 0.0010 -0.9741 -0.2261
vn -0.5642 0.8213 0.0845
vn 0.0181 0.9884 0.1510
vn -0.8481 0.5279 0.0452
vn -0.9777 -0.1775 -0.1125
vn -0.7590 -0.6206 -0.1970
vn -0.4923 -0.8394 -0.2304
vn -0.0012 -0.9704 -0.2415
vn -0.5885 0.8024 0.0995
vn 0.0155 0.9864 0.1635
vn -0.9848 0.1709 -0.0323
vn -0.9720 -0.2025 -0.1192
vn -0.9109 -0.3848 -0.1487
vn -0.9513 0.3082 -0.0096
vn -0.5117 -0.8275 -0.2311
vn 0.0012 -0.9645 -0.2642
vn -0.9599 0.2803 0.0080
vn -0.9166 -0.3795 -0.1260
vn -0.5193 -0.8161 -0.2535
vn 0.0023 -0.9581 -0.2865
vn -0.6008 0.7908 0.1168
vn 0.0128 0.9838 0.1788
vn -0.9612 0.2760 0.0049
vn -0.9183 -0.3682 -0.1454
vn -0.6029 0.7874 0.1280
vn 0.0103 0.9807 0.1952
vn -0.5275 -0.8032 -0.2769
vn 0.0016 -0.9507 -0.3102
vn -0.9204 -0.3537 -0.1669
vn -0.9608 0.2773 -0.0043
vn -0.6091 0.7813 0.1361
vn -0.6132 0.7739 0.1584
vn 0.0063 0.9730 0.2306
vn 0.0052 0.9665 0.2566
vn -0.5355 -0.7886 -0.3024
vn 0.0005 -0.9401 -0.3408
vn -0.9608 0.2772 -0.0023
vn -0.6056 0.7741 0.1843
vn 0.0036 0.9637 0.2670
vn -0.9222 -0.3419 -0.1808
vn -0.5402 -0.7798 -0.3163
vn -0.0021 -0.9330 -0.3599
vn -0.6086 0.7682 0.1986
vn 0.0031 0.9596 0.2812
vn -0.9606 0.2775 0.0153
vn -0.9255 -0.3340 -0.1789
vn -0.5375 -0.7806 -0.3190
vn -0.0019 -0.9300 -0.3675
vn -0.6041 0.7675 0.2143
vn 0.0034 0.9580 0.2868
vn -0.9617 0.2722 0.0327
vn -0.9251 -0.3389 -0.1715
vn -0.5275 -0.7866 -0.3208
vn -0.0024 -0.9293 -0.3694
vn -0.5970 0.7710 0.2219
vn 0.0045 0.9594 0.2818
vn -0.9615 0.2706 0.0475
vn -0.9224 -0.3489 -0.1654
vn -0.5173 -0.7972 -0.3113
vn -0.0028 -0.9340 -0.3573
vn -0.5860 0.7796 0.2212
vn 0.0048 0.9636 0.2673
vn -0.9602 0.2731 0.0584
vn -0.9195 -0.3603 -0.1571
vn -0.5074 -0.8101 -0.2939
vn -0.0031 -0.9421 -0.3353
vn -0.9178 -0.3690 -0.1466
vn -0.4995 -0.8228 -0.2713
vn -0.0029 -0.9509 -0.3096
vn -0.0044 -0.9597 -0.2811
vn -0.9576 0.2810 0.0636
vn -0.4949 -0.8342 -0.2432
vn -0.0047 -0.9683 -0.2496
vn -0.9176 -0.3742 -0.1339
vn -0.9560 0.2867 0.0631
vn -0.4561 -0.8732 -0.1717
vn 0.0041 -0.9765 -0.2154
vn -0.9183 -0.3773 -0.1199
vn -0.5758 0.7897 0.2117
vn 0.0063 0.9719 0.2353
vn -0.9543 0.2941 0.0523
vn -0.5653 0.8036 0.1860
vn 0.0069 0.9812 0.1928
vn -0.9352 -0.3513 -0.0438
vn -0.5581 0.8156 0.1527
vn 0.0061 0.9856 0.1690
vn -0.9526 0.3010 0.0445
vn -0.5559 0.8207 0.1319
vn 0.0140 0.9922 0.1239
vn -0.9428 0.3307 0.0425
vn -0.9899 -0.1392 -0.0256
vn -0.7124 -0.6994 -0.0570
vn -0.5699 0.8175 0.0831
vn -0.0095 0.9977 0.0665
vn -0.9360 0.3516 0.0165
vn -0.2574 -0.9469 -0.1926
vn -0.6253 0.7793 0.0402
vn -0.0457 0.9943 0.0967
vn -0.7168 -0.6883 -0.1111
vn -0.1525 -0.9819 -0.1122
vn 0.0437 -0.9885 -0.1447
vn -0.9993 -0.0367 0.0080
vn -0.7226 -0.6912 -0.0097
vn 0.0475 -0.9974 -0.0541
vn 0.1142 -0.9892 -0.0919
vn -0.7003 0.7045 0.1154
vn 0.1222 0.9716 0.2026
vn -0.6239 -0.7782 0.0720
vn 0.3738 -0.9268 -0.0348
vn 0.1031 -0.9896 -0.1000
vn 0.3388 -0.9318 -0.1304
vn 0.0549 -0.9840 -0.1696
vn 0.0148 -0.8374 -0.5464
vn -0.9989 0.0465 0.0112
vn -0.9577 0.2682 0.1039
vn -0.5410 -0.8405 -0.0286
vn 0.0581 -0.9631 -0.2628
vn -0.9351 0.0624 -0.3489
vn -0.9496 0.3135 0.0040
vn -0.9574 0.2885 0.0094
vn -0.9323 0.3616 0.0048
vn -0.9659 -0.1854 0.1805
vn -0.3858 -0.9134 -0.1300
vn 0.0732 -0.9403 -0.3324
vn -0.7708 0.3800 0.5114
vn -0.7285 -0.5732 0.3752
vn -0.6005 0.2720 0.7519
vn 0.2546 0.9568 0.1404
vn -0.3098 -0.8541 -0.4179
vn -0.0035 -0.9281 -0.3724
vn -0.5195 -0.8449 0.1271
vn -0.0959 0.7256 0.6814
vn 0.1939 0.9717 0.1345
vn -0.4851 -0.8055 0.3405
vn 0.3217 0.9352 0.1481
vn 0.1114 0.9935 0.0234
vn 0.2864 0.7508 -0.5952
vn 0.1605 0.7553 -0.6355
vn 0.2454 0.3296 -0.9117
vn -0.2680 -0.5021 -0.8222
vn -0.1516 -0.9883 0.0135
vn -0.4582 -0.8369 -0.2995
vn -0.2708 -0.4343 -0.8591
vn 0.1863 -0.1752 -0.9667
vn 0.0317 -0.7231 -0.6900
vn -0.2142 -0.7275 -0.6519
vn 0.8816 0.0592 -0.4683
vn -0.1220 0.6248 -0.7712
vn 0.1699 0.9844 -0.0468
vn 0.0960 0.9952 -0.0212
vn -0.1095 0.6359 -0.7640
vn 0.0128 0.6162 -0.7875
vn 0.5075 0.5527 0.6611
vn 0.8815 0.0590 -0.4684
vn 0.1388 0.9884 -0.0610
vn 0.1225 0.6236 -0.7721
vn 0.2237 0.8209 0.5255
vn 0.2115 0.9770 -0.0286
vn 0.1688 0.6352 -0.7537
vn 0.1863 0.8322 0.5222
vn 0.3662 0.2865 0.8853
vn 0.2459 0.9693 0.0052
vn 0.2047 0.6344 -0.7454
vn 0.6023 -0.5600 0.5689
vn 0.2024 0.8284 0.5222
vn 0.2845 0.9583 0.0273
vn 0.2588 0.6082 -0.7504
vn 0.2152 0.8189 0.5320
vn 0.1615 0.3238 0.9322
vn 0.2381 0.2618 0.9353
vn 0.3703 -0.6151 0.6961
vn 0.1273 -0.9278 -0.3507
vn 0.3467 0.9376 0.0287
vn 0.3513 0.5497 -0.7579
vn 0.2328 0.7949 0.5603
vn 0.4210 0.9065 0.0309
vn 0.4569 0.4815 -0.7479
vn 0.1306 0.3426 0.9304
vn 0.2671 0.7771 0.5699
vn 0.5080 0.8603 0.0440
vn 0.4026 -0.2160 -0.8896
vn 0.1112 0.3333 0.9362
vn 0.2850 0.7535 0.5924
vn 0.6969 0.6587 -0.2837
vn 0.9426 -0.2698 -0.1970
vn 0.7695 0.4029 0.4954
vn 0.6135 0.3237 0.7202
vn 0.2916 0.7269 0.6218
vn 0.3188 0.6827 0.6574
vn 0.3953 0.2767 0.8759
vn 0.0915 0.3018 0.9490
vn 0.0610 0.2717 0.9605
vn -0.0120 0.2650 0.9642
vn 0.1458 0.0425 0.9884
vn -0.2244 -0.4990 0.8371
vn 0.0196 0.2564 0.9664
vn -0.3760 -0.4420 0.8144
vn -0.2947 -0.8914 0.3442
vn -0.1736 -0.5147 0.8396
vn -0.2956 -0.4843 0.8235
vn -0.4485 -0.8822 0.1434
vn -0.1323 -0.9908 -0.0278
vn -0.2340 -0.5169 0.8235
vn -0.4027 -0.9072 0.1214
vn -0.2200 -0.8144 -0.5371
vn 0.1686 -0.9474 -0.2722
vn 0.2041 -0.3371 -0.9191
vn 0.5501 -0.7322 -0.4017
vn 0.9685 -0.2480 -0.0227
vn 0.6385 0.3737 -0.6728
vn 0.4569 0.4816 -0.7479
vn -0.3434 -0.9326 0.1107
vn -0.2392 -0.7828 -0.5744
vn 0.0857 -0.2824 -0.9555
vn -0.2250 -0.7835 -0.5792
vn 0.0295 -0.2466 -0.9687
vn -0.2929 -0.9500 0.1085
vn -0.0184 -0.2229 -0.9747
vn -0.2169 -0.7840 -0.5817
vn -0.1072 -0.5053 0.8563
vn -0.0359 -0.2097 -0.9771
vn -0.1999 -0.7918 -0.5772
vn -0.2350 -0.9644 0.1209
vn -0.0450 -0.4978 0.8661
vn -0.0353 -0.1962 -0.9799
vn -0.1787 -0.9752 0.1309
vn 0.0336 -0.5503 0.8343
vn -0.1703 -0.7890 -0.5904
vn -0.0396 -0.1811 -0.9827
vn -0.1038 -0.9894 0.1012
vn 0.1725 -0.6189 0.7663
vn -0.1323 -0.7793 -0.6126
vn 0.0029 -0.9993 0.0378
vn -0.1004 -0.1788 -0.9788
vn 0.1325 -0.9910 -0.0204
vn -0.1069 -0.7797 -0.6170
vn -0.0689 -0.8025 -0.5926
vn -0.1692 -0.2167 -0.9615
vn -0.1095 0.6359 -0.7639
vn -0.1735 -0.2674 -0.9478
vn 0.3348 -0.8788 0.3401
vn -0.1060 0.5778 0.8093
vn 0.8324 -0.2816 0.4774
vn 0.3411 0.6614 0.6680
vn 0.0390 -0.2718 0.9616
vn -0.4961 0.7609 0.4182
vn -0.5955 0.7395 0.3138
vn 0.0389 -0.2718 0.9616
vn -0.9895 0.1015 -0.1031
vn -0.9368 0.2008 0.2865
vn -0.5722 -0.7374 -0.3588
vn -0.6166 -0.7871 0.0164
vn 0.0389 -0.2719 0.9615
vn 0.3567 -0.9332 -0.0442
vn 0.0389 -0.2720 0.9615
vn 0.2045 -0.9582 -0.2001
vn 0.8324 -0.2815 0.4774
vn 0.3348 -0.8788 0.3399
vn -0.5723 -0.7374 -0.3589
vn -0.5400 -0.6717 -0.5072
vn -0.9583 0.0981 -0.2683
vn -0.4514 -0.4932 -0.7436
vn -0.6485 0.7496 0.1330
vn -0.8033 0.1813 -0.5673
vn 0.0584 -0.3667 -0.9285
vn -0.4033 0.6079 -0.6840
vn 0.0893 0.8535 -0.5134
vn 0.5015 -0.1699 -0.8483
vn -0.2889 0.9089 0.3007
vn -0.1502 0.5685 0.8089
vn 0.2842 0.8707 -0.4014
vn 0.6438 -0.0911 -0.7597
vn 0.5878 -0.0726 -0.8057
vn -0.3226 0.8899 0.3224
vn 0.2490 0.8549 -0.4551
vn 0.5366 -0.0495 -0.8424
vn 0.1905 0.8749 -0.4453
vn 0.5041 0.0569 -0.8618
vn -0.3239 0.8849 0.3346
vn -0.5822 0.0453 0.8117
vn 0.1398 0.9211 -0.3633
vn 0.4651 0.1208 -0.8770
vn -0.3051 0.8877 0.3447
vn 0.1050 0.9497 -0.2950
vn 0.3309 0.2037 -0.9214
vn -0.1749 -0.8931 0.4144
vn 0.2939 -0.8984 0.3264
vn -0.5557 0.0514 0.8298
vn -0.2951 0.8781 0.3766
vn -0.1975 -0.8748 0.4424
vn -0.5531 0.1304 0.8228
vn -0.2182 -0.8801 0.4217
vn -0.5600 0.1359 0.8173
vn -0.2894 0.8616 0.4171
vn -0.0207 0.9607 -0.2769
vn -0.1140 0.9326 -0.3425
vn 0.2046 0.2450 -0.9477
vn -0.0917 0.9269 -0.3640
vn 0.1924 0.2424 -0.9509
vn 0.0830 0.8804 -0.4668
vn 0.2569 0.2759 -0.9262
vn 0.4192 0.8245 -0.3801
vn 0.6520 0.3128 -0.6907
vn 0.6469 0.6795 -0.3460
vn -0.0708 0.9974 0.0140
vn -0.2910 0.9210 0.2590
vn -0.3058 0.9141 0.2662
vn -0.3204 0.8473 0.4237
vn 0.2415 0.9702 0.0208
vn -0.0233 0.9988 0.0424
vn 0.2276 0.4942 -0.8390
vn -0.1997 0.9492 0.2430
vn -0.4074 0.7472 0.5250
vn -0.5397 0.1836 0.8216
vn -0.3995 0.7268 0.5587
vn -0.5441 0.2097 0.8124
vn -0.2548 -0.8806 0.3995
vn -0.3765 0.7605 0.5291
vn -0.5338 0.2505 0.8076
vn -0.3094 -0.8517 0.4229
vn -0.5096 0.2705 0.8168
vn -0.3686 -0.7833 0.5005
vn -0.4364 -0.6112 0.6603
vn 0.3098 -0.8400 -0.4454
vn 0.2579 -0.8379 -0.4811
vn 0.0640 -0.9756 -0.2098
vn -0.1159 -0.9898 0.0825
vn -0.4581 -0.4936 0.7393
vn -0.5424 0.2996 0.7849
vn 0.3144 -0.8681 -0.3841
vn -0.4306 0.7880 0.4401
vn 0.3388 -0.8720 -0.3534
vn -0.1068 0.9590 -0.2627
vn 0.1505 0.4328 -0.8889
vn -0.1555 0.9241 -0.3490
vn 0.2369 0.4388 -0.8668
vn 0.3624 -0.8662 -0.3440
vn -0.3653 0.9065 0.2116
vn -0.2196 0.8810 -0.4190
vn -0.1199 0.3065 -0.9443
vn -0.3960 0.9027 0.1682
vn -0.5166 0.6898 0.5072
vn -0.1185 0.8832 -0.4538
vn -0.6529 -0.5867 -0.4791
vn -0.6182 0.7379 -0.2710
vn -0.4412 0.8842 0.1532
vn -0.3857 0.9136 0.1289
vn -0.7464 0.6605 0.0811
vn -0.4873 0.6971 0.5260
vn -0.5991 0.2671 0.7548
vn -0.4845 0.7096 0.5116
vn -0.5661 0.6802 0.4657
vn -0.8110 0.4764 0.3397
vn -0.5987 0.2655 0.7557
vn -0.5017 -0.4492 0.7393
vn -0.5974 0.3377 0.7274
vn -0.5899 0.3948 0.7044
vn -0.6837 0.2896 0.6698
vn -0.7985 0.1928 0.5702
vn -0.4921 -0.4346 0.7543
vn -0.1610 -0.9692 0.1863
vn -0.3876 -0.4372 0.8116
vn -0.5222 -0.2586 0.8127
vn -0.6589 -0.3480 0.6669
vn -0.6781 -0.3389 0.6521
vn -0.4664 -0.8229 0.3246
vn -0.6305 -0.2590 0.7317
vn -0.1517 -0.9589 0.2398
vn -0.1734 -0.9492 0.2625
vn -0.3205 -0.9003 0.2944
vn -0.2711 -0.9625 -0.0100
vn -0.0501 -0.9312 0.3611
vn -0.1314 -0.8844 0.4478
vn -0.3413 -0.8659 0.3658
vn 0.0289 -0.9992 -0.0272
vn -0.1894 -0.9382 -0.2896
vn 0.0899 -0.9953 -0.0363
vn 0.1850 -0.9253 -0.3311
vn -0.3151 -0.7876 -0.5295
vn 0.1833 -0.9795 -0.0830
vn 0.1485 -0.9729 -0.1773
vn 0.2351 -0.6589 -0.7146
vn -0.2325 -0.5870 -0.7755
vn 0.2255 -0.8785 -0.4211
vn 0.3958 -0.1795 -0.9006
vn -0.6664 -0.5856 -0.4615
vn -0.0265 0.2510 -0.9676
vn 0.1942 -0.8525 -0.4853
vn 0.2917 -0.6250 -0.7241
vn 0.3509 -0.2055 -0.9136
vn 0.2146 0.4586 -0.8623
vn 0.2287 -0.6545 -0.7206
vn 0.2670 -0.2715 -0.9247
vn 0.1405 0.4447 -0.8846
vn 0.2085 -0.8486 -0.4862
vn 0.2753 -0.6660 -0.6933
vn 0.3689 -0.2107 -0.9053
vn 0.2886 0.5066 -0.8125
vn 0.1608 -0.9433 -0.2902
vn 0.7401 0.0922 -0.6662
vn 0.6604 0.6677 -0.3436
vn 0.4313 -0.6341 -0.6418
vn 0.1864 -0.9394 -0.2878
vn 0.7557 -0.0458 -0.6533
vn 0.6485 0.3247 -0.6884
vn 0.0917 -0.9314 -0.3523
vn 0.3603 -0.6269 -0.6908
vn 0.3490 -0.2426 -0.9052
vn 0.2655 0.2793 -0.9228
vn 0.2013 0.2445 -0.9485
vn 0.2365 -0.5799 -0.7796
vn 0.1063 -0.9231 -0.3696
vn 0.2459 -0.5829 -0.7745
vn 0.2064 0.2447 -0.9474
vn 0.3197 -0.6061 -0.7283
vn 0.3343 0.1840 -0.9243
vn 0.4701 0.0709 -0.8798
vn 0.5056 0.0175 -0.8626
vn 0.5355 -0.0517 -0.8430
vn 0.5897 -0.0769 -0.8039
vn 0.6432 -0.0925 -0.7601
vn 0.3790 -0.8531 -0.3586
vn 0.4986 -0.1607 -0.8518
vn 0.2046 -0.9582 -0.2000
vn 0.1291 -0.8943 -0.4284
vn -0.5723 -0.7374 -0.3588
vn -0.4514 -0.4933 -0.7436
vn -0.5399 -0.6717 -0.5072
vn 0.5808 -0.1472 -0.8006
vn 0.9499 -0.3125 0.0116
vn 0.9113 0.4068 0.0643
vn 0.3801 0.6935 -0.6120
vn 0.5329 0.7764 0.3365
vn 0.3646 -0.1651 -0.9164
vn 0.0489 0.9988 -0.0102
vn 0.2367 0.7531 0.6139
vn 0.2445 0.7429 -0.6231
vn 0.2100 -0.1638 -0.9639
vn 0.0458 0.9984 -0.0323
vn -0.2368 0.7882 0.5680
vn -0.0157 0.5828 0.8125
vn 0.1508 0.7546 -0.6387
vn 0.1030 -0.1694 -0.9802
vn 0.0465 0.9988 -0.0141
vn -0.1344 0.8039 0.5794
vn -0.4001 0.1466 0.9047
vn -0.1619 0.0451 0.9858
vn 0.0944 0.7341 -0.6724
vn 0.0082 -0.1645 -0.9863
vn 0.0655 0.9978 -0.0036
vn -0.0506 0.7918 0.6087
vn -0.2363 0.1218 0.9640
vn -0.2701 -0.6809 0.6807
vn -0.0799 -0.6823 0.7267
vn 0.1412 -0.8743 0.4644
vn 0.0440 0.7166 -0.6961
vn -0.0635 -0.1453 -0.9874
vn 0.0809 0.9967 -0.0000
vn 0.0159 0.7109 -0.7031
vn -0.1061 -0.1120 -0.9880
vn -0.1046 0.1068 0.9888
vn 0.0313 -0.9889 0.1450
vn 0.3868 -0.8456 0.3678
vn 0.6429 -0.7412 0.1932
vn 0.3077 -0.8913 -0.3329
vn 0.8965 -0.4378 0.0684
vn 0.6116 -0.2033 -0.7646
vn 0.3659 -0.1676 -0.9154
vn 0.0023 -0.9913 0.1313
vn 0.1725 -0.9089 -0.3797
vn 0.0932 -0.9186 -0.3839
vn -0.1505 -0.7064 0.6916
vn -0.0735 -0.6920 0.7181
vn -0.0030 -0.9876 0.1572
vn 0.0428 -0.9069 -0.4191
vn 0.1030 -0.1693 -0.9802
vn -0.0244 -0.6721 0.7400
vn -0.0077 -0.9870 0.1603
vn -0.0229 -0.8896 -0.4562
vn 0.0081 -0.1645 -0.9864
vn -0.0103 0.0933 0.9956
vn 0.0167 -0.6840 0.7293
vn -0.0274 -0.9897 0.1408
vn -0.0868 -0.8678 -0.4893
vn -0.0635 -0.1452 -0.9874
vn 0.0281 0.7620 0.6470
vn 0.0776 0.0631 0.9950
vn 0.1014 0.7417 0.6631
vn 0.0404 -0.7337 0.6783
vn -0.0561 -0.9941 0.0931
vn -0.1302 -0.8533 -0.5049
vn 0.1528 -0.0000 0.9883
vn 0.1746 0.7063 0.6861
vn 0.0475 -0.7561 0.6527
vn -0.0777 -0.9936 0.0820
vn -0.1693 -0.8353 -0.5231
vn -0.1338 -0.0468 -0.9899
vn 0.2081 -0.0495 0.9768
vn 0.1051 0.9945 0.0031
vn -0.0848 -0.9928 0.0846
vn 0.0731 -0.7737 0.6293
vn -0.1631 -0.8195 -0.5494
vn -0.1505 0.0312 -0.9881
vn -0.1046 0.1239 -0.9868
vn 0.2407 0.6702 0.7021
vn 0.1448 0.9889 0.0325
vn -0.0286 -0.9970 0.0725
vn -0.0376 -0.7678 -0.6396
vn 0.8980 -0.0368 -0.4384
vn 0.2735 -0.9330 0.2339
vn 0.1800 -0.8061 0.5637
vn 0.6800 -0.1184 0.7236
vn 0.4246 -0.0996 0.8999
vn 0.4639 0.8437 0.2700
vn 0.1198 0.8368 -0.5343
vn 0.2710 -0.0804 0.9592
vn 0.3190 0.6513 0.6885
vn 0.4298 0.6712 0.6040
vn 0.2130 0.9750 0.0637
vn 0.2904 0.9546 0.0668
vn 0.0145 0.7342 -0.6788
vn 0.0417 0.7722 -0.6341
vn 0.0821 0.8147 -0.5741
vn -0.7775 0.5717 -0.2622
vn -0.7902 0.2085 -0.5762
vn -0.5841 0.3066 -0.7515
vn -0.4989 0.7546 -0.4262
vn -0.7398 0.2424 -0.6277
vn -0.7000 0.6933 0.1713
vn -0.5710 0.7583 -0.3145
vn -0.7815 0.2002 -0.5909
vn -0.3567 0.9227 0.1464
vn -0.5573 0.7820 -0.2791
vn -0.7503 0.1483 -0.6442
vn -0.3358 0.7056 0.6240
vn -0.8472 0.0498 0.5289
vn -0.2095 0.9618 0.1760
vn -0.5201 0.8095 -0.2724
vn -0.7117 0.1273 -0.6909
vn -0.3499 0.4036 0.8454
vn -0.8419 -0.3724 0.3905
vn -0.0103 0.8346 0.5508
vn -0.1661 0.9613 0.2198
vn -0.4656 0.8512 -0.2421
vn -0.6703 0.1685 -0.7227
vn -0.1266 0.3248 0.9373
vn -0.7615 -0.1297 0.6350
vn -0.8052 -0.0215 0.5926
vn 0.1285 0.6828 0.7192
vn 0.0811 0.8575 0.5081
vn -0.1197 0.9571 0.2639
vn 0.2602 -0.2086 0.9428
vn -0.6613 -0.6481 0.3777
vn 0.5257 0.4659 0.7117
vn 0.2141 0.7530 0.6222
vn 0.0828 0.8496 0.5210
vn 0.2917 -0.9470 0.1344
vn 0.3348 -0.9236 -0.1868
vn 0.8647 -0.1263 0.4862
vn 0.4511 0.5480 0.7044
vn 0.1873 0.7685 0.6118
vn 0.6722 -0.2031 0.7119
vn 0.3588 0.5726 0.7371
vn 0.5460 -0.2282 0.8061
vn 0.3733 -0.8901 0.2613
vn 0.6019 -0.7860 0.1414
vn 0.2064 0.7865 0.5820
vn 0.3607 0.5851 0.7263
vn 0.5507 -0.2528 0.7955
vn 0.2619 -0.9220 0.2850
vn 0.1263 0.8565 0.5005
vn 0.4175 0.5770 0.7020
vn 0.2544 0.7943 0.5517
vn -0.0546 0.9562 0.2875
vn 0.1636 0.8690 0.4670
vn -0.3946 0.8997 -0.1865
vn -0.0022 0.9539 0.3001
vn 0.1631 0.8785 0.4490
vn -0.3385 0.9317 -0.1319
vn -0.6523 0.2487 -0.7160
vn 0.0133 0.9536 0.3008
vn -0.3032 0.9442 -0.1287
vn -0.6208 0.3214 -0.7151
vn 0.0162 0.9639 0.2658
vn -0.3389 0.9212 -0.1911
vn -0.6059 0.3240 -0.7266
vn 0.2802 0.7848 0.5528
vn 0.1723 0.8890 0.4243
vn 0.0088 0.9679 0.2513
vn -0.4560 0.8763 -0.1552
vn -0.7267 0.3033 -0.6163
vn 0.3134 0.7785 0.5438
vn 0.1858 0.8861 0.4247
vn -0.0344 0.9561 0.2909
vn -0.6172 0.7697 0.1634
vn -0.9382 0.2011 -0.2817
vn -0.9810 0.1896 -0.0407
vn 0.3323 0.7706 0.5439
vn 0.1701 0.8609 0.4795
vn -0.1175 0.9024 0.4146
vn 0.3138 0.7461 0.5873
vn 0.1397 0.8155 0.5616
vn 0.2839 0.7073 0.6474
vn -0.5995 0.7302 0.3276
vn -0.1146 0.8625 0.4930
vn 0.1974 0.7879 0.5833
vn -0.4858 0.8548 0.1824
vn -0.9113 0.3807 -0.1570
vn -0.0196 0.9113 0.4112
vn -0.4257 0.8966 0.1220
vn -0.8310 0.4836 -0.2748
vn 0.2970 0.6854 0.6649
vn 0.2808 0.8304 0.4812
vn 0.0039 0.9263 0.3767
vn -0.5320 0.8007 0.2755
vn -0.8836 0.4404 -0.1588
vn -0.1291 0.8403 0.5266
vn -0.6946 0.5476 0.4665
vn -0.9696 0.1823 0.1631
vn -0.8862 -0.0230 0.4627
vn 0.2483 0.8563 0.4528
vn 0.4353 0.7226 0.5371
vn -0.5026 0.5629 0.6561
vn 0.0600 0.8139 0.5779
vn -0.4397 0.5532 0.7075
vn -0.8661 -0.0162 0.4996
vn 0.4608 0.7745 0.4334
vn 0.3387 0.7987 0.4974
vn -0.3925 0.5100 0.7654
vn -0.8367 -0.0471 0.5456
vn 0.0725 0.7485 0.6591
vn -0.0914 0.1538 0.9839
vn -0.5112 -0.3191 0.7980
vn -0.2243 -0.4990 0.8371
vn 0.1459 0.0437 0.9883
vn 0.3880 0.2775 0.8789
vn 0.3285 0.4190 0.8465
vn 0.6053 0.3663 0.7067
vn 0.6117 0.4574 0.6455
vn 0.7964 0.5180 0.3121
vn 0.7862 0.4097 0.4626
vn 0.9331 -0.0036 0.3597
vn 0.8692 0.1531 -0.4701
vn 0.4486 -0.8930 -0.0347
vn 0.5194 -0.7494 -0.4106
vn 0.1667 -0.9473 -0.2734
vn 0.6835 0.4561 0.5699
vn 0.5777 0.4461 0.6835
vn 0.8841 0.0887 0.4588
vn 0.6175 0.4179 0.6663
vn 0.5302 -0.6744 0.5139
vn 0.9087 -0.0509 0.4143
vn 0.1304 -0.9347 -0.3306
vn -0.1322 -0.9908 -0.0277
vn 0.6095 0.4227 0.6707
vn 0.8437 -0.2519 0.4740
vn 0.5809 0.4492 0.6788
vn 0.9040 -0.1413 0.4035
vn 0.5260 0.4978 0.6896
vn 0.7332 -0.6599 -0.1638
vn -0.2495 -0.9650 -0.0810
vn -0.2946 -0.8915 0.3442
vn 0.6800 -0.7270 -0.0949
vn 0.7684 -0.2170 0.6021
vn 0.4675 0.5437 0.6970
vn 0.6223 -0.2486 0.7423
vn 0.6837 -0.2177 0.6965
vn 0.7237 -0.1944 0.6622
vn 0.5414 -0.8283 0.1443
vn 0.4704 -0.8689 0.1541
vn 0.5696 -0.8217 -0.0186
vn 0.2531 -0.9371 0.2403
vn 0.4109 -0.8978 0.1584
vn 0.3184 -0.9308 0.1798
vn -0.0234 -0.9938 -0.1084
vn 0.0850 -0.9680 -0.2360
vn 0.1152 -0.9582 -0.2618
vn 0.1384 -0.9510 -0.2764
vn 0.1335 -0.9181 -0.3732
vn -0.0858 -0.8880 -0.4518
vn 0.0276 -0.9839 -0.1765
vn -0.0249 -0.9971 -0.0721
vn 0.1550 -0.8717 -0.4649
vn -0.0921 -0.8697 -0.4849
vn -0.1062 -0.9030 -0.4163
vn 0.0241 -0.9979 -0.0596
vn 0.1731 -0.9819 -0.0772
vn -0.2114 -0.9543 -0.2112
vn 0.3150 -0.9329 -0.1747
vn -0.1522 -0.9659 -0.2093
vn 0.0658 -0.9467 -0.3153
vn 0.1841 -0.9504 -0.2507
vn -0.2224 -0.9428 -0.2482
vn -0.4674 -0.8039 -0.3677
vn -0.2347 -0.7991 -0.5535
vn -0.2165 -0.8412 -0.4955
vn -0.4302 -0.7936 -0.4303
vn -0.2043 -0.9341 -0.2927
vn -0.5096 -0.2903 -0.8100
vn -0.6250 -0.5267 -0.5762
vn -0.8136 0.1729 -0.5551
vn -0.6238 0.3220 -0.7122
vn -0.6710 -0.3473 -0.6551
vn -0.7407 0.2790 -0.6111
vn -0.7218 -0.4105 -0.5572
vn -0.7815 0.2001 -0.5909
vn -0.4430 -0.7967 -0.4110
vn -0.6625 -0.4581 -0.5926
vn -0.7503 0.1482 -0.6443
vn -0.3914 -0.7939 -0.4654
vn -0.5770 -0.5076 -0.6398
vn -0.1502 -0.9219 -0.3571
vn -0.3155 -0.7919 -0.5228
vn -0.4943 -0.5294 -0.6895
vn -0.2772 -0.7740 -0.5692
vn -0.4725 -0.5027 -0.7239
vn -0.6523 0.2488 -0.7160
vn -0.2691 -0.7417 -0.6144
vn -0.4708 -0.4418 -0.7636
vn -0.6208 0.3215 -0.7150
vn -0.2774 -0.7105 -0.6468
vn -0.4841 -0.3756 -0.7903
vn -0.1118 -0.8447 -0.5233
vn -0.5428 -0.3710 -0.7535
vn -0.7267 0.3033 -0.6164
vn -0.2980 -0.7062 -0.6422
vn -0.1206 -0.8371 -0.5336
vn -0.7259 -0.4181 -0.5462
vn -0.9349 0.2345 -0.2664
vn -0.9783 0.2058 -0.0220
vn -0.3446 -0.7353 -0.5836
vn 0.1550 -0.8352 -0.5276
vn -0.1226 -0.8242 -0.5529
vn 0.1060 -0.8317 -0.5450
vn -0.3773 -0.7502 -0.5430
vn -0.8157 -0.4381 -0.3777
vn 0.0270 -0.8144 -0.5797
vn -0.0526 -0.8249 -0.5629
vn -0.7819 -0.3711 -0.5009
vn -0.9059 0.3530 -0.2340
vn -0.3566 -0.7143 -0.6021
vn -0.1670 -0.8038 -0.5710
vn -0.1750 -0.7889 -0.5890
vn -0.7837 -0.2401 -0.5729
vn -0.8156 0.4883 -0.3104
vn -0.4487 -0.6728 -0.5881
vn -0.4560 -0.7849 -0.4195
vn -0.8881 -0.2004 -0.4136
vn -0.8839 0.4511 -0.1233
vn -0.9674 0.1811 0.1770
vn -0.6228 -0.6656 -0.4112
vn -0.9593 -0.2717 -0.0774
vn -0.8924 -0.0027 0.4512
vn -0.5120 -0.7945 -0.3265
vn -0.8550 -0.5186 -0.0103
vn -0.8150 -0.5792 0.0159
vn -0.8632 -0.0173 0.5045
vn -0.8124 -0.5817 0.0398
vn -0.8333 -0.0392 0.5514
vn -0.5087 -0.3169 0.8005
vn -0.5340 -0.7971 0.2820
vn -0.2244 -0.4990 0.8370
vn -0.0206 -0.7390 -0.6734
vn -0.0018 -0.8740 -0.4859
vn 0.2909 -0.3145 -0.9036
vn 0.2127 -0.2663 -0.9401
vn 0.2640 -0.8197 -0.5083
vn -0.0031 -0.2710 -0.9626
vn -0.0042 -0.4033 -0.9150
vn 0.6796 -0.6679 -0.3034
vn 0.2303 -0.4158 -0.8798
vn -0.0020 -0.6307 -0.7760
vn 0.2918 -0.6519 -0.6999
vn -0.0025 -0.8564 -0.5163
vn 0.3268 -0.8448 -0.4237
vn -0.0120 -0.9458 -0.3245
vn 0.5645 -0.3986 -0.7228
vn 0.5267 -0.3730 -0.7638
vn 0.3252 -0.9134 -0.2449
vn 0.8872 -0.3564 -0.2930
vn 0.1009 -0.9600 -0.2613
vn -0.0114 -0.9659 -0.2585
vn 0.2513 -0.9557 -0.1533
vn 0.1987 -0.9333 -0.2991
vn 0.1429 -0.9333 -0.3294
vn 0.0071 -0.9486 -0.3163
vn -0.0108 -0.9594 -0.2817
vn 0.8518 -0.3885 -0.3515
vn 0.2010 -0.9443 -0.2604
vn 0.2084 -0.9265 -0.3133
vn 0.2516 -0.9674 -0.0281
vn -0.0516 -0.9942 -0.0944
vn 0.3165 -0.9480 -0.0351
vn 0.1942 -0.8781 -0.4373
vn 0.4581 -0.8800 -0.1254
vn 0.9121 -0.2675 -0.3106
vn 0.8494 -0.2157 -0.4817
vn 0.5532 -0.2188 -0.8038
vn 0.5830 -0.1882 -0.7904
vn 0.8128 -0.0690 -0.5785
vn 0.8530 -0.4054 -0.3286
vn 0.9870 -0.1576 -0.0323
vn 0.9728 -0.1189 -0.1989
vn 0.9375 -0.3265 0.1201
vn 0.8815 -0.1103 0.4592
vn 0.7082 -0.5753 0.4092
vn 0.8837 -0.2055 0.4205
vn 0.5598 -0.3060 0.7701
vn 0.3569 -0.6670 0.6541
vn 0.3122 -0.8463 0.4317
vn 0.1942 -0.7589 0.6216
vn -0.0666 -0.9827 0.1727
vn 0.0155 -0.8627 0.5055
vn -0.1488 -0.9822 0.1147
vn 0.0007 -0.9604 0.2786
vn -0.0206 -0.7389 -0.6735
vn -0.0017 -0.8740 -0.4859
vn 0.0980 -0.8990 0.4269
vn 0.0012 -0.9101 0.4143
vn -0.0956 -0.8990 0.4275
vn -0.0125 -0.8627 0.5056
vn 0.1492 -0.9823 0.1137
vn 0.0160 -0.7389 -0.6736
vn 0.0673 -0.9827 0.1723
vn -0.2879 0.9140 0.2858
vn -0.9382 0.3354 0.0856
vn -0.0778 0.3265 0.9420
vn -0.4451 0.7128 -0.5420
vn 0.7474 0.5001 0.4374
vn 0.9388 0.3351 0.0795
vn 0.2900 0.9139 0.2839
vn 0.0840 0.3264 0.9415
vn 0.4418 0.7127 -0.5448
vn 0.1484 0.9508 0.2720
vn 0.1176 0.8246 -0.5533
vn -0.3792 0.8167 0.4349
vn -0.0015 0.8565 -0.5161
vn -0.3506 0.8481 -0.3972
vn -0.2971 0.8539 -0.4274
vn -0.4202 0.7014 -0.5757
vn 0.3347 0.9292 0.1569
vn -0.1429 0.9455 -0.2927
vn -0.0246 0.9415 0.3360
vn -0.1188 0.9088 -0.4000
vn -0.1439 0.9620 -0.2321
vn -0.4177 0.7870 -0.4541
vn -0.6288 0.6055 -0.4879
vn -0.4173 0.9036 -0.0968
vn -0.0431 0.8444 0.5339
vn -0.6354 0.3910 -0.6659
vn -0.8194 0.5261 -0.2275
vn -0.0711 0.7955 -0.6018
vn -0.4524 0.7099 -0.5398
vn -0.4632 0.8862 0.0020
vn -0.6934 0.7190 0.0471
vn -0.9382 0.3356 0.0851
vn -0.7319 0.4113 -0.5433
vn -0.2895 0.9141 0.2838
vn 0.4800 0.8164 -0.3211
vn -0.4296 0.8804 0.2010
vn -0.1219 0.7602 0.6381
vn -0.3214 0.9462 0.0367
vn -0.6935 0.7189 0.0471
vn 0.7277 0.0138 0.6858
vn -0.5573 0.8068 0.1962
vn -0.1254 0.7860 0.6054
vn -0.0897 0.8769 0.4722
vn -0.0006 0.7934 0.6087
vn -0.0066 0.8897 0.4565
vn -0.1602 0.5985 0.7849
vn 0.0012 0.9480 0.3182
vn 0.0262 0.9432 0.3311
vn 0.3483 0.8480 -0.3994
vn -0.0009 0.9423 -0.3348
vn 0.0936 0.8802 0.4652
vn 0.0519 0.8446 0.5329
vn 0.3824 0.8166 0.4325
vn -0.1463 0.9508 0.2729
vn 0.4168 0.7013 -0.5783
vn 0.3301 0.8887 0.3182
vn -0.3333 0.9293 0.1591
vn 0.1413 0.9454 -0.2936
vn 0.1165 0.9087 -0.4008
vn 0.4834 0.7746 -0.4077
vn 0.1428 0.9619 -0.2331
vn 0.4151 0.7868 -0.4568
vn 0.4185 0.9027 -0.1000
vn 0.6285 0.6045 -0.4895
vn 0.2342 0.9530 0.1919
vn 0.6280 0.3950 -0.6705
vn 0.8184 0.5284 -0.2259
vn 0.4419 0.7126 -0.5449
vn 0.4633 0.8862 -0.0021
vn 0.6941 0.7194 0.0268
vn 0.9388 0.3351 0.0794
vn 0.7274 0.4124 -0.5484
vn 0.2901 0.9139 0.2838
vn -0.4842 0.8162 -0.3152
vn 0.4311 0.8801 0.1987
vn 0.1270 0.7611 0.6360
vn 0.1309 0.7858 0.6045
vn 0.7087 0.7024 0.0656
vn 0.3217 0.9462 0.0346
vn -0.7232 0.0141 0.6905
vn 0.1654 0.6033 0.7802
vn 0.5588 0.8066 0.1926
vn 0.0018 0.5963 0.8027
vn 0.7489 0.6510 0.1242
vn 0.8396 0.2907 -0.4589
vn 0.9619 0.1013 -0.2541
vn 0.5533 0.8099 0.1946
vn -0.7231 0.0141 0.6906
vn 0.5379 -0.3351 0.7735
vn 0.4232 0.6748 0.6046
vn 0.5280 0.6954 -0.4875
vn -0.3868 0.9198 -0.0656
vn -0.2471 0.6549 0.7141
vn 0.2447 0.5545 0.7954
vn 0.7034 0.6478 0.2924
vn 0.8585 0.1846 -0.4784
vn 0.7039 0.6487 0.2892
vn 0.1867 0.4889 0.8521
vn 0.5547 0.6247 0.5496
vn -0.2470 0.6550 0.7141
vn 0.3587 0.8107 -0.4626
vn -0.3825 0.8475 0.3680
vn 0.1461 0.8102 -0.5677
vn -0.6271 0.7570 0.1836
vn 0.8366 0.5279 0.1466
vn -0.3326 0.1697 0.9277
vn 0.7924 0.5051 0.3420
vn 0.3470 0.4199 0.8386
vn 0.8145 0.4905 0.3097
vn 0.1176 0.9000 -0.4198
vn 0.8222 0.3733 0.4298
vn 0.7151 0.5389 0.4453
vn 0.7261 0.4766 0.4956
vn 0.4420 0.0285 0.8965
vn 0.4226 0.1762 0.8890
vn 0.6759 -0.4270 0.6007
vn 0.4087 -0.6483 0.6424
vn 0.1894 0.2402 0.9521
vn 0.4384 -0.4119 0.7989
vn 0.4049 -0.8764 0.2606
vn 0.0795 -0.9053 0.4173
vn 0.1647 -0.3776 0.9112
vn 0.3096 -0.9027 0.2987
vn 0.1131 -0.9802 -0.1622
vn -0.1482 -0.9882 -0.0387
vn -0.2185 -0.9141 -0.3416
vn 0.0814 -0.8730 0.4809
vn 0.0951 -0.9772 -0.1899
vn 0.0352 -0.9213 -0.3873
vn -0.2631 -0.8278 -0.4954
vn -0.0020 -0.8810 -0.4732
vn 0.0066 -0.9988 -0.0495
vn 0.0062 -0.8400 -0.5426
vn 0.3682 -0.3971 -0.8407
vn -0.0478 -0.8335 -0.5504
vn -0.0213 -0.9236 -0.3829
vn 0.4750 -0.5288 -0.7034
vn 0.4347 -0.7147 -0.5479
vn -0.2082 -0.9126 -0.3518
vn -0.2811 -0.8889 -0.3616
vn 0.0091 -0.9989 0.0467
vn -0.0014 -0.9358 -0.3525
vn 0.0175 -0.8002 0.5995
vn 0.0133 -0.4041 0.9146
vn 0.0087 0.1189 0.9929
vn 0.0031 0.4814 0.8765
vn -0.1813 0.4842 0.8560
vn -0.1794 0.2253 0.9576
vn -0.1498 -0.3840 0.9111
vn -0.0703 -0.8900 0.4505
vn -0.2368 0.5534 0.7986
vn -0.3318 0.4297 0.8398
vn -0.4120 0.1961 0.8898
vn -0.0007 -0.9960 -0.0892
vn -0.4478 -0.3755 0.8115
vn -0.3269 -0.8896 0.3191
vn 0.0169 -0.9233 -0.3838
vn -0.0937 -0.9751 -0.2010
vn -0.0017 -0.8710 -0.4913
vn -0.0100 -0.8578 -0.5139
vn -0.7353 0.4732 0.4852
vn -0.6879 -0.3640 0.6280
vn -0.4395 -0.8450 0.3046
vn -0.8114 0.3709 0.4516
vn -0.4386 0.0278 0.8982
vn -0.7192 0.5096 0.4722
vn -0.4320 -0.5656 0.7024
vn -0.8105 0.4787 0.3376
vn -0.0950 -0.8912 0.4435
vn -0.7885 0.5156 0.3352
vn -0.1646 0.9148 -0.3689
vn -0.8408 0.5198 0.1511
vn -0.0868 -0.9797 -0.1807
vn 0.2464 -0.9641 -0.0992
vn 0.2601 -0.8730 -0.4126
vn -0.0058 -0.8798 -0.4753
vn 0.0400 -0.8374 -0.5452
vn -0.3922 -0.4306 -0.8129
vn -0.0364 -0.9077 -0.4181
vn 0.2703 -0.7944 -0.5440
vn -0.0333 -0.8381 -0.5446
vn -0.5410 -0.5399 -0.6448
vn -0.4639 -0.7237 -0.5108
vn 0.2112 -0.9208 -0.3279
vn 0.3029 -0.9097 -0.2842
vn 0.0054 -0.8579 -0.5138
vn -0.0021 -0.7920 -0.6106
vn 0.0634 -0.8082 -0.5855
vn 0.0173 -0.7987 -0.6015
vn -0.0022 -0.7633 -0.6460
vn -0.0215 -0.7987 -0.6014
vn -0.0682 -0.8074 -0.5860
vn 0.0489 -0.7550 -0.6539
vn 0.0528 -0.7657 -0.6410
vn 0.0482 -0.8166 -0.5752
vn -0.0020 -0.8293 -0.5588
vn -0.0522 -0.8166 -0.5749
vn -0.0963 -0.1857 -0.9779
vn 0.0899 -0.1857 -0.9785
vn -0.0572 -0.7657 -0.6407
vn -0.0535 -0.7549 -0.6536
vn 0.0489 -0.7580 -0.6504
vn -0.0534 -0.7580 -0.6501
vn -0.4435 -0.3134 -0.8397
vn -0.5398 -0.3864 -0.7478
vn -0.3264 -0.3441 -0.8804
vn -0.3055 -0.4349 -0.8471
vn -0.3532 -0.5032 -0.7887
vn -0.0702 -0.0970 -0.9928
vn -0.5069 -0.8300 0.2326
vn -0.1641 -0.7068 -0.6881
vn 0.4875 -0.0541 -0.8715
vn -0.2488 -0.2862 -0.9253
vn 0.6899 -0.6960 0.1992
vn -0.6965 0.1932 -0.6910
vn -0.3889 -0.4350 -0.8121
vn -0.7700 -0.6197 0.1519
vn -0.2489 -0.2862 -0.9253
vn -0.1956 -0.6716 -0.7146
vn 0.0787 -0.8978 -0.4333
vn -0.3086 -0.6185 -0.7226
vn -0.7484 -0.2997 -0.5917
vn -0.5598 -0.8272 0.0491
vn -0.3540 -0.1590 -0.9216
vn 0.1615 0.1532 -0.9749
vn 0.6780 -0.7222 0.1365
vn -0.2879 -0.2257 -0.9307
vn -0.4157 -0.2298 -0.8800
vn -0.4781 0.4953 -0.7253
vn 0.6562 -0.1534 -0.7388
vn -0.2116 -0.2180 -0.9527
vn -0.0948 0.1206 -0.9882
vn -0.0124 -0.8917 -0.4524
vn -0.1517 -0.2865 -0.9460
vn -0.3120 0.1955 -0.9298
vn 0.4351 0.0852 -0.8963
vn -0.5076 0.3341 -0.7941
vn -0.1644 -0.2793 -0.9460
vn -0.1746 -0.3888 -0.9046
vn -0.0028 0.4822 -0.8760
vn -0.0032 0.0955 -0.9954
vn 0.1582 -0.2794 -0.9471
vn 0.1686 -0.3888 -0.9057
vn 0.5026 0.3340 -0.7974
vn 0.6585 0.1692 -0.7333
vn -0.4409 0.0854 -0.8935
vn 0.3060 0.1954 -0.9318
vn 0.1455 -0.2866 -0.9469
vn 0.2053 -0.2181 -0.9541
vn 0.0884 0.1206 -0.9888
vn 0.4099 -0.2300 -0.8827
vn 0.0092 -0.8917 -0.4525
vn 0.2818 -0.2258 -0.9325
vn 0.4736 0.4951 -0.7284
vn 0.5195 -0.7751 -0.3597
vn 0.0338 -0.4881 -0.8722
vn -0.6611 -0.1531 -0.7345
vn 0.3480 -0.1592 -0.9239
vn 0.4676 -0.4336 -0.7703
vn 0.7444 -0.3000 -0.5965
vn 0.5348 -0.3866 -0.7513
vn 0.6921 0.1929 -0.6955
vn 0.3206 -0.3443 -0.8824
vn -0.1678 0.1533 -0.9738
vn 0.0637 -0.0970 -0.9932
vn -0.6774 -0.7220 0.1409
vn 0.4380 -0.3135 -0.8426
vn 0.2999 -0.4350 -0.8490
vn 0.1594 -0.7069 -0.6892
vn 0.2428 -0.2863 -0.9269
vn -0.6876 -0.6968 0.2041
vn 0.3480 -0.5019 -0.7918
vn 0.3833 -0.4284 -0.8183
vn 0.7714 -0.6195 0.1456
vn 0.2426 -0.2863 -0.9269
vn 0.1921 -0.6698 -0.7173
vn -0.0810 -0.9025 -0.4231
vn 0.2915 -0.6140 -0.7335
vn -0.0776 -0.8823 -0.4642
vn 0.4914 -0.6438 -0.5865
vn 0.4115 -0.4699 -0.7809
vn 0.4874 -0.6588 -0.5731
vn -0.3480 -0.0517 -0.9361
vn 0.4169 -0.4786 -0.7727
vn -0.3337 -0.9248 -0.1829
vn -0.4922 -0.6524 -0.5763
vn 0.0830 -0.8824 -0.4631
vn -0.4195 -0.4769 -0.7724
vn 0.3435 -0.0514 -0.9377
vn -0.4830 -0.6642 -0.5706
vn -0.4151 -0.4906 -0.7662
vn 0.3600 -0.9172 -0.1709
vn -0.5509 0.6248 0.5532
vn -0.8424 0.2910 -0.4535
vn -0.8615 0.1849 -0.4729
vn -0.3616 0.8107 -0.4604
vn 0.3847 0.8477 0.3652
vn -0.1551 0.8116 -0.5633
vn 0.6179 0.7637 0.1871
vn 0.3095 0.1878 0.9322
vn -0.7012 0.6490 0.2953
vn -0.7478 0.6512 0.1290
vn -0.7019 0.6489 0.2938
vn -0.9634 0.1017 -0.2479
vn -0.5309 0.6955 -0.4841
vn 0.3867 0.9197 -0.0682
vn -0.4190 0.6750 0.6073
vn -0.5330 -0.3349 0.7770
vn 0.7276 0.0139 0.6858
vn -0.5518 0.8101 0.1982
vn -0.8533 0.4972 0.1573
vn 0.3164 0.1887 0.9297
vn -0.2920 -0.5134 0.8069
vn -0.9440 -0.3298 0.0099
vn -0.7915 0.5206 0.3201
vn -0.8409 0.5240 0.1354
vn -0.9456 -0.3251 0.0119
vn -0.8410 0.5237 0.1358
vn -0.3280 -0.5151 0.7919
vn -0.6476 0.5657 0.5104
vn -0.7865 0.5254 0.3245
vn -0.2283 0.9168 -0.3277
vn -0.3259 0.1789 0.9283
vn 0.8518 0.5052 0.1385
vn 0.3047 -0.5053 0.8074
vn 0.7887 0.5385 0.2966
vn 0.9483 -0.3173 -0.0047
vn 0.8380 0.5327 0.1182
vn 0.8388 0.5316 0.1176
vn 0.9474 -0.3200 -0.0069
vn 0.3426 -0.5150 0.7857
vn 0.6675 0.5620 0.4885
vn 0.7871 0.5399 0.2984
vn 0.2388 0.9060 -0.3495
vn 0.5156 0.3510 -0.7816
vn 0.5267 0.3782 -0.7613
vn 0.5304 -0.4699 -0.7056
vn 0.6103 0.3377 -0.7166
vn 0.4833 -0.5140 -0.7087
vn 0.5270 0.3356 -0.7808
vn 0.4738 -0.5144 -0.7147
vn 0.5741 0.3279 -0.7502
vn 0.6111 -0.4631 -0.6419
vn 0.7385 -0.5223 -0.4264
vn 0.7985 0.2984 -0.5229
vn 0.8749 0.2192 -0.4319
vn 0.2816 -0.8937 -0.3494
vn 0.3294 -0.8997 -0.2864
vn 0.3680 -0.9155 -0.1628
vn 0.7623 -0.5619 -0.3212
vn 0.2233 -0.9105 -0.3479
vn 0.6682 -0.5999 -0.4401
vn 0.8145 0.1679 -0.5553
vn 0.7393 -0.5860 -0.3316
vn 0.9097 0.1889 -0.3699
vn 0.9747 0.2022 0.0954
vn 0.8653 -0.4957 0.0737
vn 0.8544 0.1607 0.4941
vn 0.7830 -0.4358 0.4437
vn 0.7416 0.1627 0.6508
vn 0.4075 -0.9021 0.1421
vn 0.2765 -0.9548 -0.1091
vn 0.1980 -0.9542 0.2242
vn 0.6216 -0.5577 0.5501
vn 0.5462 -0.6568 0.5199
vn 0.7758 0.1076 0.6218
vn 0.6090 -0.6990 0.3749
vn 0.9046 0.0837 0.4180
vn 0.3019 -0.9410 -0.1528
vn 0.0424 -0.9991 -0.0070
vn 0.3656 -0.9255 -0.0987
vn -0.0125 -0.9999 -0.0113
vn 0.0376 -0.9965 0.0747
vn 0.4713 -0.6269 0.6204
vn 0.0767 -0.9152 0.3957
vn 0.6384 0.0526 0.7679
vn 0.2862 0.0303 0.9577
vn 0.1578 -0.6573 0.7370
vn -0.0564 -0.8606 0.5062
vn -0.2723 -0.9085 0.3170
vn 0.0912 -0.9937 0.0652
vn 0.2222 -0.9530 0.2058
vn 0.0162 -0.9969 0.0768
vn -0.3008 -0.8986 0.3194
vn -0.5421 -0.8403 -0.0062
vn -0.2122 -0.9758 -0.0525
vn -0.6362 -0.7615 0.1243
vn -0.8951 -0.2819 -0.3455
vn -0.2871 -0.9573 0.0351
vn -0.9524 -0.2686 0.1441
vn -0.7131 0.6861 -0.1444
vn -0.8743 0.4209 0.2418
vn -0.4474 0.8509 0.2754
vn -0.6339 -0.7620 0.1324
vn -0.1207 -0.9619 0.2452
vn -0.9295 -0.2961 0.2199
vn -0.4347 -0.8333 0.3416
vn -0.0917 -0.9703 0.2239
vn -0.4822 0.7894 0.3798
vn -0.1315 0.7782 0.6141
vn 0.1259 -0.9917 -0.0250
vn 0.0801 -0.9933 -0.0833
vn -0.0727 -0.9789 0.1908
vn -0.4194 -0.8097 0.4105
vn 0.0392 0.8477 0.5290
vn 0.1371 0.5799 0.8031
vn -0.8404 -0.3556 0.4090
vn 0.4594 0.6190 0.6370
vn 0.2863 0.0485 0.9569
vn 0.6446 -0.0179 0.7643
vn 0.6519 0.7076 0.2727
vn 0.9041 0.0773 0.4204
vn 0.5596 0.7111 0.4257
vn 0.7805 0.0990 0.6172
vn 0.2714 0.9516 0.1443
vn -0.1001 0.9943 -0.0371
vn 0.5684 0.6914 0.4459
vn 0.7414 0.1420 0.6559
vn 0.2561 0.9523 0.1660
vn -0.4068 0.9041 -0.1310
vn 0.6772 0.6137 0.4059
vn 0.8581 0.1378 0.4947
vn 0.3460 0.9195 0.1863
vn 0.6883 0.7102 0.1480
vn 0.9790 0.1793 0.0969
vn 0.9172 0.1517 -0.3685
vn 0.5821 0.7913 -0.1871
vn 0.8119 0.1565 -0.5624
vn -0.0686 0.9914 -0.1113
vn 0.1708 0.9836 -0.0571
vn 0.4562 0.8296 -0.3219
vn 0.8739 0.1924 -0.4464
vn 0.0561 0.9900 -0.1294
vn -0.1783 0.9805 -0.0830
vn 0.4661 0.8426 -0.2700
vn 0.4061 0.8585 -0.3132
vn 0.8104 0.2487 -0.5304
vn 0.6177 0.2951 -0.7289
vn 0.0505 0.9963 -0.0689
vn -0.4215 0.9068 -0.0032
vn 0.2937 0.8562 -0.4250
vn 0.5294 0.3567 -0.7697
vn 0.0346 0.9960 -0.0821
vn -0.1421 0.9892 0.0372
vn -0.8650 0.4458 0.2301
vn 0.2252 0.8802 -0.4178
vn 0.5242 0.3452 -0.7785
vn -0.3563 0.9251 0.1311
vn -0.8063 0.4872 0.3353
vn -0.0090 0.9920 -0.1260
vn -0.1606 0.9861 0.0422
vn 0.2415 0.8764 -0.4167
vn -0.3988 0.9038 0.1552
vn -0.8241 0.4011 0.4000
vn -0.0226 0.9917 -0.1264
vn -0.1989 0.9786 0.0525
vn 0.2767 0.8731 -0.4013
vn -0.4446 0.8686 0.2185
vn -0.2077 0.9751 0.0774
vn 0.0187 0.9927 -0.1189
vn 0.3235 0.8740 -0.3626
vn 0.6010 0.3322 -0.7269
vn 0.0676 0.9932 -0.0946
vn -0.1556 0.9820 0.1073
vn -0.3946 0.8704 0.2944
vn 0.3353 0.8765 -0.3454
vn 0.6109 0.3129 -0.7273
vn 0.1051 0.9931 -0.0525
vn 0.3383 0.8661 -0.3680
vn 0.6041 0.2896 -0.7424
vn -0.7199 0.4757 0.5054
vn -0.1048 0.9843 0.1421
vn 0.1129 0.9928 -0.0393
vn 0.3532 0.8539 -0.3823
vn 0.5833 0.2629 -0.7686
vn -0.0743 0.9809 0.1799
vn 0.1116 0.9920 -0.0594
vn 0.3456 0.8399 -0.4186
vn 0.4904 0.1847 -0.8517
vn -0.0663 0.9764 0.2057
vn -0.2565 0.8709 0.4192
vn -0.3011 0.8690 0.3927
vn -0.3439 0.8730 0.3458
vn -0.5440 0.4093 0.7325
vn -0.5959 0.4574 0.6600
vn 0.1342 0.9883 -0.0721
vn -0.6210 0.4977 0.6055
vn -0.2278 0.8691 0.4391
vn -0.0601 0.9775 0.2020
vn -0.4718 0.4374 0.7656
vn -0.4564 -0.4152 0.7870
vn -0.5371 -0.4159 0.7339
vn -0.6258 -0.3020 0.7191
vn -0.6695 -0.1972 0.7162
vn -0.4020 0.4741 0.7834
vn -0.7112 -0.2222 0.6669
vn -0.4134 -0.7744 0.4789
vn -0.3697 -0.8264 0.4246
vn -0.7381 -0.3932 0.5483
vn -0.3949 -0.7726 0.4971
vn -0.1088 -0.9820 0.1542
vn -0.2836 -0.8810 0.3787
vn -0.1213 -0.9866 0.1089
vn 0.0457 -0.9925 -0.1137
vn -0.0802 -0.9941 0.0725
vn 0.0529 -0.9904 -0.1277
vn 0.2150 -0.9099 -0.3548
vn 0.4978 -0.5170 -0.6963
vn 0.2395 -0.9088 -0.3418
vn 0.5298 -0.5232 -0.6675
vn 0.0937 -0.9891 -0.1136
vn -0.0059 -0.9981 0.0607
vn 0.2776 -0.9061 -0.3194
vn 0.5466 -0.5186 -0.6575
vn 0.1432 -0.9846 -0.1007
vn 0.3097 -0.8964 -0.3171
vn -0.1902 -0.9086 0.3720
vn 0.5299 -0.5047 -0.6815
vn 0.6029 0.2871 -0.7444
vn 0.0732 -0.9954 0.0616
vn 0.3159 -0.8838 -0.3451
vn 0.1809 -0.9786 -0.0983
vn -0.0998 -0.9089 0.4048
vn 0.5173 -0.4711 -0.7145
vn 0.5567 0.3089 -0.7712
vn 0.1225 -0.9914 0.0458
vn 0.1860 -0.9762 -0.1120
vn 0.3249 -0.8731 -0.3635
vn -0.3720 -0.3661 0.8530
vn 0.4483 -0.4624 -0.7650
vn 0.4542 0.3348 -0.8256
vn 0.8336 0.2395 -0.4977
vn 0.8217 -0.2798 -0.4966
vn 0.6609 -0.7060 -0.2547
vn 0.2830 -0.8712 -0.4012
vn 0.4755 -0.8737 -0.1026
vn 0.1558 -0.9790 -0.1318
vn 0.0269 -0.9752 -0.2196
vn 0.1109 -0.9938 -0.0015
vn -0.0219 -0.9949 -0.0989
vn 0.4975 -0.8432 0.2039
vn 0.4435 -0.7433 0.5008
vn 0.0390 -0.9973 -0.0615
vn -0.0511 -0.9046 0.4232
vn -0.0950 -0.9122 0.3986
vn -0.1642 -0.9390 0.3021
vn -0.1518 -0.9434 0.2950
vn -0.3417 -0.3234 0.8824
vn 0.0358 -0.3110 0.9497
vn 0.7497 0.1566 0.6430
vn 0.4428 0.3501 0.8255
vn -0.4509 -0.3006 0.8404
vn -0.4619 -0.2955 0.8362
vn -0.0200 0.5563 0.8307
vn 0.4731 0.4854 0.7352
vn -0.3775 0.4745 0.7952
vn -0.4375 0.4672 0.7683
vn -0.4586 0.4586 0.7612
vn 0.0915 0.8772 0.4714
vn 0.7959 0.3419 0.4996
vn 0.6452 0.7556 0.1125
vn -0.2172 0.8652 0.4518
vn -0.2241 0.8618 0.4549
vn -0.1352 0.8738 0.4671
vn -0.0418 0.9803 0.1929
vn -0.0007 0.9806 0.1961
vn 0.0812 0.9729 0.2166
vn 0.1492 0.9846 -0.0915
vn 0.1147 0.9803 -0.1607
vn 0.5003 0.8315 -0.2415
vn 0.2481 0.8149 -0.5238
vn 0.5283 0.7928 -0.3041
vn 0.7942 0.3159 -0.5192
vn -0.5424 0.3717 -0.7534
vn -0.5352 0.3509 -0.7684
vn -0.5392 -0.4766 -0.6943
vn -0.6259 0.3289 -0.7072
vn -0.4998 -0.5132 -0.6977
vn -0.5509 0.3375 -0.7633
vn -0.4938 -0.5127 -0.7023
vn -0.5970 0.3295 -0.7314
vn -0.6182 -0.4715 -0.6289
vn -0.7430 -0.5299 -0.4089
vn -0.8136 0.2900 -0.5039
vn -0.8907 0.2138 -0.4012
vn -0.2826 -0.8961 -0.3423
vn -0.3273 -0.9026 -0.2795
vn -0.3647 -0.9177 -0.1573
vn -0.7673 -0.5692 -0.2955
vn -0.2308 -0.9098 -0.3449
vn -0.6889 -0.6012 -0.4049
vn -0.8434 0.1674 -0.5105
vn -0.7583 -0.5877 -0.2821
vn -0.9331 0.1867 -0.3073
vn -0.9656 0.1994 0.1670
vn -0.8552 -0.5005 0.1345
vn -0.8126 0.1536 0.5622
vn -0.7434 -0.4445 0.4998
vn -0.6786 0.1543 0.7181
vn -0.3908 -0.9054 0.1657
vn -0.2840 -0.9540 -0.0956
vn -0.1753 -0.9566 0.2326
vn -0.5703 -0.5648 0.5964
vn -0.4859 -0.6645 0.5678
vn -0.6975 0.0992 0.7097
vn -0.5487 -0.7051 0.4492
vn -0.8254 0.0781 0.5592
vn -0.3084 -0.9404 -0.1435
vn -0.0444 -0.9990 -0.0112
vn -0.3591 -0.9289 -0.0902
vn 0.0079 -0.9998 -0.0178
vn -0.0344 -0.9969 0.0709
vn -0.3652 -0.6323 0.6832
vn -0.0200 -0.9192 0.3934
vn -0.4961 0.0497 0.8668
vn -0.1230 0.0303 0.9919
vn -0.0434 -0.6616 0.7486
vn 0.1300 -0.8652 0.4843
vn 0.3171 -0.9048 0.2843
vn -0.0871 -0.9941 0.0644
vn -0.1994 -0.9534 0.2266
vn -0.0126 -0.9977 0.0671
vn 0.3423 -0.8990 0.2733
vn 0.5412 -0.8392 -0.0542
vn 0.1963 -0.9769 -0.0847
vn 0.6309 -0.7749 0.0377
vn 0.8544 -0.3008 -0.4237
vn 0.2867 -0.9578 0.0188
vn 0.9604 -0.2728 0.0567
vn 0.7278 0.6571 -0.1964
vn 0.8763 0.4629 0.1330
vn 0.4987 0.8319 0.2434
vn 0.6275 -0.7673 0.1322
vn 0.1337 -0.9594 0.2485
vn 0.9289 -0.3179 0.1900
vn 0.4032 -0.8540 0.3289
vn 0.0916 -0.9718 0.2174
vn 0.5399 0.7815 0.3126
vn 0.2329 0.7632 0.6027
vn -0.1197 -0.9926 -0.0229
vn -0.0790 -0.9933 -0.0841
vn 0.0796 -0.9796 0.1847
vn 0.4267 -0.8113 0.3997
vn 0.8362 -0.3736 0.4014
vn 0.0571 0.8352 0.5469
vn -0.0030 0.5721 0.8202
vn -0.3251 0.6200 0.7140
vn -0.1242 0.0464 0.9912
vn -0.5012 -0.0009 0.8654
vn -0.5881 0.7120 0.3837
vn -0.8238 0.0809 0.5611
vn -0.4996 0.7115 0.4941
vn -0.7012 0.0976 0.7062
vn -0.2345 0.9541 0.1860
vn 0.0989 0.9943 -0.0398
vn -0.5191 0.6936 0.4995
vn -0.6779 0.1424 0.7213
vn -0.2278 0.9529 0.2003
vn 0.3893 0.9064 -0.1641
vn -0.6372 0.6169 0.4620
vn -0.8151 0.1395 0.5623
vn -0.3215 0.9214 0.2184
vn -0.6689 0.7154 0.2020
vn -0.9681 0.1853 0.1686
vn -0.9383 0.1619 -0.3056
vn -0.5881 0.7961 -0.1429
vn -0.8410 0.1634 -0.5157
vn 0.0590 0.9926 -0.1066
vn -0.1698 0.9848 -0.0374
vn -0.4705 0.8324 -0.2928
vn -0.8892 0.1974 -0.4128
vn -0.0630 0.9908 -0.1201
vn 0.1700 0.9819 -0.0839
vn -0.4733 0.8452 -0.2482
vn -0.4121 0.8605 -0.2994
vn -0.8225 0.2539 -0.5089
vn -0.6310 0.2978 -0.7163
vn -0.0524 0.9967 -0.0624
vn 0.4153 0.9094 -0.0237
vn -0.3026 0.8579 -0.4152
vn -0.5441 0.3558 -0.7598
vn -0.0370 0.9963 -0.0774
vn 0.1411 0.9893 0.0383
vn 0.8636 0.4985 0.0751
vn -0.2352 0.8802 -0.4123
vn -0.5423 0.3465 -0.7654
vn 0.3552 0.9258 0.1289
vn 0.8063 0.4940 0.3255
vn 0.0045 0.9925 -0.1220
vn 0.1587 0.9864 0.0429
vn -0.2530 0.8775 -0.4075
vn -0.5509 0.3374 -0.7633
vn 0.3950 0.9064 0.1497
vn 0.8233 0.4161 0.3861
vn 0.0174 0.9921 -0.1241
vn 0.1947 0.9795 0.0511
vn -0.2906 0.8741 -0.3893
vn -0.5971 0.3295 -0.7314
vn 0.4383 0.8736 0.2113
vn 0.2040 0.9761 0.0747
vn -0.0237 0.9932 -0.1144
vn -0.3363 0.8746 -0.3492
vn -0.6232 0.3336 -0.7073
vn -0.0728 0.9934 -0.0885
vn 0.1564 0.9819 0.1066
vn 0.3975 0.8720 0.2855
vn -0.3476 0.8770 -0.3317
vn -0.6331 0.3143 -0.7074
vn -0.1089 0.9930 -0.0453
vn -0.3512 0.8667 -0.3542
vn -0.6267 0.2911 -0.7228
vn 0.7268 0.4822 0.4890
vn 0.1067 0.9840 0.1429
vn -0.1163 0.9927 -0.0319
vn -0.3665 0.8545 -0.3681
vn -0.6019 0.2603 -0.7549
vn 0.0775 0.9803 0.1816
vn -0.1156 0.9919 -0.0527
vn -0.3574 0.8385 -0.4114
vn -0.5108 0.1704 -0.8427
vn 0.0702 0.9757 0.2075
vn 0.2670 0.8696 0.4153
vn 0.3108 0.8681 0.3870
vn 0.3520 0.8725 0.3389
vn 0.5647 0.4077 0.7175
vn 0.6143 0.4563 0.6437
vn -0.1385 0.9883 -0.0640
vn 0.6377 0.4968 0.5887
vn 0.2388 0.8679 0.4356
vn 0.0638 0.9769 0.2040
vn 0.4934 0.4354 0.7529
vn 0.4806 -0.4172 0.7713
vn 0.5597 -0.4175 0.7158
vn 0.6478 -0.3034 0.6988
vn 0.6910 -0.1985 0.6950
vn 0.4241 0.4719 0.7729
vn 0.7294 -0.2196 0.6479
vn 0.4293 -0.7753 0.4632
vn 0.3842 -0.8272 0.4100
vn 0.7609 -0.3786 0.5270
vn 0.4113 -0.7736 0.4820
vn 0.1156 -0.9824 0.1469
vn 0.2968 -0.8818 0.3665
vn 0.1268 -0.9867 0.1013
vn -0.0468 -0.9921 -0.1163
vn 0.0846 -0.9942 0.0660
vn -0.0544 -0.9900 -0.1301
vn -0.2235 -0.9090 -0.3519
vn -0.5172 -0.5155 -0.6832
vn -0.2475 -0.9080 -0.3381
vn -0.5483 -0.5218 -0.6535
vn -0.0947 -0.9889 -0.1147
vn 0.0100 -0.9984 0.0565
vn -0.2850 -0.9054 -0.3146
vn -0.5648 -0.5173 -0.6430
vn -0.6331 0.3142 -0.7074
vn -0.1439 -0.9845 -0.1003
vn -0.3170 -0.8959 -0.3113
vn 0.2034 -0.9096 0.3624
vn -0.5487 -0.5044 -0.6667
vn -0.0691 -0.9958 0.0597
vn -0.3241 -0.8832 -0.3390
vn -0.1817 -0.9786 -0.0968
vn 0.1140 -0.9103 0.3980
vn -0.5415 -0.4673 -0.6989
vn -0.5740 0.3229 -0.7525
vn -0.1188 -0.9919 0.0454
vn -0.1871 -0.9761 -0.1105
vn -0.3329 -0.8724 -0.3579
vn 0.3981 -0.3686 0.8400
vn -0.4676 -0.4601 -0.7547
vn -0.4597 0.3587 -0.8124
vn -0.8441 0.2523 -0.4731
vn -0.8375 -0.3734 -0.3990
vn -0.6184 -0.7684 -0.1648
vn -0.2504 -0.8821 -0.3990
vn -0.3455 -0.9248 -0.1591
vn -0.1626 -0.9782 -0.1291
vn 0.0479 -0.9553 -0.2917
vn -0.1120 -0.9937 0.0002
vn 0.0339 -0.9884 -0.1482
vn -0.5642 -0.8094 0.1628
vn -0.4944 -0.7146 0.4949
vn -0.0206 -0.9973 -0.0712
vn 0.0658 -0.9061 0.4178
vn 0.1030 -0.9144 0.3914
vn 0.1419 -0.9493 0.2806
vn 0.0740 -0.9292 0.3622
vn 0.3614 -0.3283 0.8727
vn -0.3315 -0.2379 0.9130
vn -0.7161 0.1253 0.6867
vn -0.4398 0.3882 0.8098
vn 0.1926 -0.2127 0.9580
vn 0.5157 -0.3079 0.7995
vn -0.0917 0.5714 0.8155
vn -0.4744 0.4995 0.7249
vn 0.3941 0.4743 0.7872
vn 0.6140 0.4148 0.6715
vn 0.4872 0.4545 0.7457
vn -0.0982 0.8766 0.4711
vn -0.8078 0.3083 0.5024
vn -0.6435 0.7561 0.1188
vn 0.2286 0.8640 0.4486
vn 0.2311 0.8618 0.4515
vn 0.1459 0.8684 0.4739
vn 0.0455 0.9796 0.1955
vn 0.0050 0.9798 0.2001
vn -0.0652 0.9720 0.2259
vn -0.1537 0.9845 -0.0841
vn -0.1195 0.9797 -0.1610
vn -0.5002 0.8315 -0.2415
vn -0.2599 0.8095 -0.5266
vn -0.5147 0.8140 -0.2691
vn -0.8090 0.3158 -0.4958
vn 0.6418 0.7664 -0.0261
vn 0.3739 0.9272 -0.0215
vn 0.3737 0.9270 -0.0325
vn 0.6587 0.7519 -0.0286
vn 0.6537 0.7563 -0.0258
vn 0.6559 0.7544 -0.0256
vn 0.6538 0.7564 -0.0223
vn 0.6554 0.7548 -0.0274
vn 0.6553 0.7549 -0.0259
vn 0.6517 0.7581 -0.0253
vn 0.6518 0.7579 -0.0267
vn 0.6516 0.7580 -0.0280
vn 0.6485 0.7601 -0.0409
vn 0.6485 0.7602 -0.0404
vn 0.6482 0.7603 -0.0417
vn 0.6482 0.7587 -0.0643
vn 0.6482 0.7588 -0.0637
vn 0.6481 0.7588 -0.0647
vn 0.6529 0.7530 -0.0822
vn 0.6530 0.7529 -0.0822
vn 0.6524 0.7534 -0.0823
vn 0.6607 0.7425 -0.1101
vn 0.6608 0.7429 -0.1071
vn 0.6609 0.7421 -0.1115
vn 0.6607 0.7426 -0.1094
vn 0.6698 0.7262 -0.1547
vn 0.6699 0.7262 -0.1549
vn 0.6836 0.7256 -0.0781
vn 0.6750 0.7337 -0.0775
vn 0.6461 0.7630 -0.0210
vn 0.6567 0.7481 -0.0955
vn 0.6436 0.7567 -0.1145
vn 0.5781 0.8115 -0.0856
vn 0.5799 0.8101 -0.0867
vn 0.5813 0.8128 -0.0372
vn 0.5828 0.8119 -0.0335
vn 0.5872 0.8091 -0.0243
vn 0.5886 0.8081 -0.0222
vn 0.5827 0.8123 -0.0269
vn 0.5826 0.8124 -0.0251
vn 0.5785 0.8155 -0.0171
vn 0.5795 0.8148 -0.0144
vn 0.5499 0.8338 0.0491
vn 0.5509 0.8329 0.0531
vn 0.5992 0.7965 0.0808
vn 0.5971 0.7982 0.0802
vn 0.6041 0.7918 0.0900
vn 0.6042 0.7923 0.0846
vn 0.6203 0.7751 0.1203
vn 0.6217 0.7722 0.1309
vn 0.6160 0.7758 0.1371
vn 0.6169 0.7720 0.1531
vn 0.6269 0.7656 0.1443
vn 0.6264 0.7627 0.1610
vn 0.6243 0.7526 0.2095
vn 0.6158 0.7549 0.2257
vn 0.6139 0.7566 0.2250
vn 0.6106 0.7549 0.2396
vn 0.6102 0.7546 0.2414
vn 0.6006 0.7617 0.2431
vn 0.5997 0.7624 0.2430
vn 0.5871 0.7754 0.2326
vn 0.5867 0.7754 0.2335
vn 0.5848 0.7872 0.1958
vn 0.5841 0.7870 0.1986
vn 0.5732 0.8039 0.1587
vn 0.5734 0.8043 0.1558
vn 0.5661 0.8116 0.1443
vn 0.5650 0.8125 0.1433
vn 0.5892 0.8002 0.1120
vn 0.5895 0.8001 0.1113
vn 0.6037 0.7921 0.0898
vn 0.6044 0.7918 0.0883
vn 0.6447 0.7577 0.1008
vn 0.6448 0.7577 0.1000
vn 0.6578 0.7491 0.0786
vn 0.6576 0.7492 0.0791
vn 0.6453 0.7587 0.0892
vn 0.6454 0.7524 0.1318
vn 0.5155 -0.8359 0.1888
vn 0.5157 -0.8358 0.1885
vn 0.4818 -0.8624 0.1554
vn 0.4823 -0.8619 0.1567
vn 0.4832 -0.8616 0.1552
vn 0.4734 -0.8704 0.1349
vn 0.4825 -0.8621 0.1546
vn 0.4736 -0.8700 0.1373
vn 0.4833 -0.8649 0.1353
vn 0.4740 -0.8701 0.1350
vn 0.4838 -0.8642 0.1380
vn 0.5040 -0.8544 0.1267
vn 0.4841 -0.8644 0.1357
vn 0.5046 -0.8538 0.1277
vn 0.5212 -0.8454 0.1166
vn 0.5047 -0.8539 0.1269
vn 0.5314 -0.8418 0.0949
vn 0.5508 -0.8301 0.0868
vn 0.5296 -0.8405 0.1145
vn 0.5483 -0.8351 0.0437
vn 0.5556 -0.8312 0.0185
vn 0.5468 -0.8331 0.0826
vn 0.5528 -0.8330 -0.0213
vn 0.5390 -0.8423 -0.0084
vn 0.3068 -0.9517 0.0094
vn 0.5511 -0.8314 -0.0715
vn 0.5488 -0.8360 -0.0011
vn 0.3022 -0.9530 -0.0211
vn 0.5410 -0.8359 -0.0922
vn 0.5456 -0.8375 -0.0305
vn 0.5441 -0.8390 -0.0084
vn 0.5331 -0.8373 -0.1214
vn 0.5325 -0.8459 -0.0319
vn 0.4199 -0.9058 -0.0558
vn 0.4302 -0.8978 -0.0944
vn 0.4198 -0.9059 -0.0557
vn 0.4242 -0.9005 -0.0961
vn 0.4289 -0.9025 -0.0392
vn 0.4289 -0.9027 -0.0341
vn 0.4268 -0.8929 -0.1430
vn 0.4278 -0.8976 -0.1063
vn 0.4241 -0.8980 -0.1175
vn 0.4113 -0.8880 -0.2059
vn 0.4086 -0.8870 -0.2151
vn 0.4044 -0.8902 -0.2095
vn 0.3820 -0.8900 -0.2489
vn 0.3816 -0.8874 -0.2585
vn 0.3825 -0.8903 -0.2472
vn 0.3902 -0.8900 -0.2361
vn 0.7309 -0.6553 -0.1907
vn 0.3876 -0.8898 -0.2410
vn 0.4369 -0.8656 -0.2447
vn 0.7505 -0.6125 -0.2481
vn 0.6905 0.6872 0.2256
vn 0.6951 0.6967 0.1774
vn 0.6905 0.6873 0.2256
vn 0.6950 0.6968 0.1772
vn 0.6621 0.7367 0.1377
vn 0.6620 0.7368 0.1373
vn 0.6106 0.7858 0.0983
vn 0.6106 0.7858 0.0980
vn 0.6102 0.7861 0.0984
vn 0.5783 0.8103 0.0948
vn 0.5783 0.8104 0.0935
vn 0.5781 0.8105 0.0939
vn 0.5503 0.8307 0.0846
vn 0.5504 0.8307 0.0832
vn 0.5503 0.8309 0.0827
vn 0.5155 0.8554 0.0508
vn 0.5159 0.8551 0.0511
vn 0.5155 0.8554 0.0502
vn 0.4763 0.8793 0.0072
vn 0.4764 0.8792 0.0084
vn 0.4762 0.8793 0.0068
vn 0.4286 0.9016 -0.0593
vn 0.4285 0.9017 -0.0578
vn 0.4285 0.9016 -0.0595
vn 0.3864 0.9129 -0.1312
vn 0.3863 0.9131 -0.1305
vn 0.3862 0.9130 -0.1313
vn 0.6250 0.7630 -0.1645
vn 0.3527 0.9173 -0.1848
vn 0.3526 0.9173 -0.1852
vn 0.6219 0.7572 -0.1998
vn 0.3348 0.9153 -0.2238
vn 0.3566 0.9017 -0.2444
vn 0.3566 0.9013 -0.2459
vn 0.6399 0.7342 -0.2270
vn 0.4077 0.8788 -0.2478
vn 0.4076 0.8794 -0.2459
vn 0.4073 0.8791 -0.2476
vn 0.4550 0.8599 -0.2314
vn 0.4543 0.8607 -0.2298
vn 0.4540 0.8605 -0.2314
vn 0.2862 0.9329 -0.2185
vn 0.4742 0.8540 -0.2141
vn 0.4743 0.8535 -0.2157
vn 0.4300 0.8827 -0.1894
vn 0.4301 0.8827 -0.1894
vn 0.4320 0.8909 -0.1403
vn 0.4319 0.8909 -0.1404
vn 0.4277 0.8973 -0.1093
vn 0.6529 0.7531 -0.0814
vn 0.4276 0.8974 -0.1093
vn -0.3449 0.9381 -0.0321
vn -0.6224 0.7813 -0.0480
vn -0.3503 0.9353 -0.0497
vn -0.6276 0.7762 -0.0606
vn -0.6255 0.7785 -0.0513
vn -0.6281 0.7766 -0.0493
vn -0.6261 0.7780 -0.0518
vn -0.6272 0.7773 -0.0493
vn -0.6281 0.7765 -0.0507
vn -0.6264 0.7778 -0.0516
vn -0.6266 0.7775 -0.0532
vn -0.6264 0.7777 -0.0532
vn -0.6209 0.7806 -0.0719
vn -0.6207 0.7807 -0.0720
vn -0.6209 0.7806 -0.0721
vn -0.6194 0.7790 -0.0974
vn -0.6192 0.7792 -0.0973
vn -0.6193 0.7790 -0.0975
vn -0.6228 0.7735 -0.1175
vn -0.6227 0.7736 -0.1177
vn -0.6226 0.7737 -0.1176
vn -0.6285 0.7641 -0.1454
vn -0.6284 0.7643 -0.1449
vn -0.6289 0.7635 -0.1467
vn -0.6285 0.7640 -0.1462
vn -0.6349 0.7481 -0.1930
vn -0.6350 0.7480 -0.1930
vn -0.6510 0.7523 -0.1010
vn -0.6599 0.7445 -0.1015
vn -0.6234 0.7807 -0.0426
vn -0.6321 0.7659 -0.1176
vn -0.6177 0.7746 -0.1358
vn -0.5526 0.8270 -0.1029
vn -0.5543 0.8257 -0.1042
vn -0.5570 0.8288 -0.0537
vn -0.5589 0.8277 -0.0501
vn -0.5647 0.8243 -0.0404
vn -0.5667 0.8230 -0.0379
vn -0.5608 0.8269 -0.0412
vn -0.5608 0.8270 -0.0391
vn -0.5571 0.8299 -0.0303
vn -0.5583 0.8292 -0.0274
vn -0.5303 0.8470 0.0374
vn -0.5319 0.8458 0.0410
vn -0.5813 0.8108 0.0688
vn -0.5798 0.8119 0.0680
vn -0.5909 0.8027 0.0808
vn -0.5911 0.8030 0.0754
vn -0.6073 0.7860 0.1158
vn -0.6102 0.7824 0.1243
vn -0.6063 0.7842 0.1317
vn -0.6083 0.7805 0.1443
vn -0.6177 0.7749 0.1345
vn -0.6224 0.7694 0.1438
vn -0.6110 0.7624 0.2130
vn -0.6151 0.7647 0.1918
vn -0.6088 0.7639 0.2139
vn -0.5981 0.7674 0.2309
vn -0.5984 0.7670 0.2318
vn -0.5929 0.7724 0.2279
vn -0.5922 0.7729 0.2277
vn -0.5793 0.7857 0.2168
vn -0.5791 0.7856 0.2178
vn -0.5766 0.7971 0.1793
vn -0.5760 0.7969 0.1823
vn -0.5639 0.8136 0.1415
vn -0.5643 0.8139 0.1384
vn -0.5560 0.8214 0.1268
vn -0.5550 0.8223 0.1256
vn -0.5795 0.8094 0.0948
vn -0.5799 0.8093 0.0940
vn -0.5946 0.8010 0.0694
vn -0.5953 0.8006 0.0680
vn -0.6352 0.7685 0.0769
vn -0.6355 0.7684 0.0760
vn -0.6490 0.7589 0.0544
vn -0.6488 0.7590 0.0547
vn -0.6378 0.7675 0.0647
vn -0.6400 0.7608 0.1071
vn -0.5508 -0.8192 0.1595
vn -0.5511 -0.8191 0.1592
vn -0.5179 -0.8456 0.1296
vn -0.5173 -0.8459 0.1302
vn -0.5164 -0.8463 0.1303
vn -0.5089 -0.8537 0.1110
vn -0.5173 -0.8458 0.1303
vn -0.5087 -0.8538 0.1111
vn -0.5176 -0.8482 0.1126
vn -0.5086 -0.8537 0.1119
vn -0.5180 -0.8482 0.1111
vn -0.5364 -0.8376 0.1038
vn -0.5178 -0.8480 0.1135
vn -0.5366 -0.8375 0.1029
vn -0.5533 -0.8277 0.0938
vn -0.5366 -0.8374 0.1041
vn -0.5620 -0.8244 0.0679
vn -0.5797 -0.8123 0.0639
vn -0.5609 -0.8228 0.0916
vn -0.5768 -0.8143 0.0653
vn -0.5820 -0.8132 -0.0040
vn -0.5753 -0.8158 0.0599
vn -0.5785 -0.8157 -0.0017
vn -0.5639 -0.8253 -0.0288
vn -0.3362 -0.9418 -0.0027
vn -0.5737 -0.8169 -0.0601
vn -0.5735 -0.8189 -0.0200
vn -0.3296 -0.9436 -0.0323
vn -0.5674 -0.8232 -0.0221
vn -0.5687 -0.8211 -0.0475
vn -0.5676 -0.8229 -0.0271
vn -0.5617 -0.8259 -0.0486
vn -0.5546 -0.8307 -0.0478
vn -0.4433 -0.8938 -0.0677
vn -0.4502 -0.8840 -0.1259
vn -0.4418 -0.8946 -0.0671
vn -0.4487 -0.8935 -0.0170
vn -0.4523 -0.8904 -0.0511
vn -0.4511 -0.8913 -0.0460
vn -0.4482 -0.8879 -0.1039
vn -0.4480 -0.8862 -0.1179
vn -0.4447 -0.8863 -0.1289
vn -0.4284 -0.8773 -0.2164
vn -0.4272 -0.8820 -0.1990
vn -0.4220 -0.8796 -0.2196
vn -0.3982 -0.8805 -0.2574
vn -0.3972 -0.8820 -0.2535
vn -0.3981 -0.8809 -0.2558
vn -0.4051 -0.8809 -0.2449
vn -0.7418 -0.6433 -0.1896
vn -0.4027 -0.8807 -0.2492
vn -0.4513 -0.8550 -0.2555
vn -0.7588 -0.5944 -0.2661
vn -0.6804 0.7231 0.1188
vn -0.6807 0.7131 0.1677
vn -0.6807 0.7131 0.1676
vn -0.6805 0.7230 0.1187
vn -0.6436 0.7611 0.0811
vn -0.6433 0.7613 0.0812
vn -0.5869 0.8083 0.0468
vn -0.5867 0.8085 0.0466
vn -0.5874 0.8079 0.0464
vn -0.5539 0.8314 0.0447
vn -0.5539 0.8313 0.0453
vn -0.5541 0.8312 0.0452
vn -0.5240 0.8509 0.0373
vn -0.5243 0.8507 0.0372
vn -0.5240 0.8509 0.0372
vn -0.4875 0.8731 0.0079
vn -0.4872 0.8733 0.0077
vn -0.4872 0.8733 0.0082
vn -0.4449 0.8950 -0.0307
vn -0.4446 0.8952 -0.0313
vn -0.4448 0.8951 -0.0304
vn -0.3919 0.9154 -0.0916
vn -0.3918 0.9154 -0.0923
vn -0.3919 0.9154 -0.0917
vn -0.3447 0.9252 -0.1589
vn -0.3446 0.9251 -0.1593
vn -0.3449 0.9251 -0.1588
vn -0.5861 0.7833 -0.2073
vn -0.3079 0.9281 -0.2096
vn -0.3082 0.9281 -0.2090
vn -0.5807 0.7776 -0.2411
vn -0.2874 0.9257 -0.2459
vn -0.2876 0.9257 -0.2456
vn -0.3092 0.9121 -0.2692
vn -0.3094 0.9123 -0.2684
vn -0.5989 0.7546 -0.2682
vn -0.3609 0.8920 -0.2724
vn -0.3609 0.8917 -0.2730
vn -0.3611 0.8917 -0.2727
vn -0.4092 0.8751 -0.2584
vn -0.4096 0.8748 -0.2586
vn -0.4099 0.8748 -0.2583
vn -0.2407 0.9417 -0.2351
vn -0.4308 0.8691 -0.2431
vn -0.4307 0.8691 -0.2433
vn -0.3882 0.8963 -0.2144
vn -0.3929 0.9046 -0.1655
vn -0.3929 0.9046 -0.1656
vn -0.3928 0.9046 -0.1655
vn -0.3902 0.9109 -0.1343
vn -0.6214 0.7742 -0.1203
vn -0.3901 0.9109 -0.1343
vt 0.835243 0.363230
vt 0.835778 0.370766
vt 0.834775 0.364686
vt 0.834653 0.370263
vt 0.820846 0.382826
vt 0.822667 0.385784
vt 0.817284 0.375274
vt 0.803703 0.390493
vt 0.804688 0.393879
vt 0.784948 0.397658
vt 0.785621 0.399912
vt 0.767218 0.406206
vt 0.798434 0.381070
vt 0.766367 0.403635
vt 0.745943 0.413076
vt 0.780497 0.387644
vt 0.744893 0.409424
vt 0.722341 0.417991
vt 0.762147 0.392407
vt 0.721611 0.414515
vt 0.699747 0.420369
vt 0.740848 0.396370
vt 0.758974 0.379635
vt 0.812513 0.368940
vt 0.794857 0.372433
vt 0.777080 0.375627
vt 0.830625 0.365305
vt 0.830388 0.364445
vt 0.812010 0.366607
vt 0.813826 0.358826
vt 0.833442 0.357347
vt 0.815506 0.350282
vt 0.796599 0.348817
vt 0.794252 0.360671
vt 0.777239 0.348729
vt 0.794416 0.370112
vt 0.776405 0.361322
vt 0.758282 0.349081
vt 0.776672 0.372239
vt 0.757644 0.362616
vt 0.736528 0.350128
vt 0.758681 0.375799
vt 0.735371 0.365520
vt 0.713158 0.352105
vt 0.736836 0.378947
vt 0.713232 0.367801
vt 0.691319 0.354172
vt 0.737008 0.382219
vt 0.692151 0.370539
vt 0.672852 0.357855
vt 0.714014 0.381664
vt 0.718816 0.400053
vt 0.714478 0.385233
vt 0.691928 0.385105
vt 0.673789 0.372065
vt 0.659482 0.373397
vt 0.656421 0.360401
vt 0.648993 0.362237
vt 0.649207 0.373582
vt 0.649567 0.383657
vt 0.699309 0.417353
vt 0.697495 0.402549
vt 0.692283 0.388385
vt 0.672230 0.386851
vt 0.653591 0.388471
vt 0.642659 0.387757
vt 0.653569 0.391954
vt 0.646730 0.398150
vt 0.649045 0.408288
vt 0.680207 0.420209
vt 0.680486 0.424265
vt 0.679420 0.404046
vt 0.672617 0.390296
vt 0.662304 0.405655
vt 0.653032 0.421180
vt 0.662181 0.421084
vt 0.662228 0.424057
vt 0.653777 0.425195
vt 0.813818 0.294260
vt 0.816887 0.284949
vt 0.818282 0.285915
vt 0.821321 0.272270
vt 0.820315 0.271716
vt 0.826954 0.254407
vt 0.824414 0.253754
vt 0.832317 0.230668
vt 0.829549 0.229549
vt 0.829781 0.290708
vt 0.837644 0.274818
vt 0.842947 0.257984
vt 0.815829 0.295256
vt 0.850607 0.276600
vt 0.841246 0.295732
vt 0.823357 0.302507
vt 0.813002 0.305638
vt 0.815071 0.314361
vt 0.810469 0.305567
vt 0.832402 0.307832
vt 0.824146 0.313377
vt 0.814768 0.315250
vt 0.823943 0.314593
vt 0.833223 0.309195
vt 0.843227 0.297248
vt 0.852646 0.277290
vt 0.857619 0.259566
vt 0.859700 0.260498
vt 0.869334 0.238355
vt 0.849562 0.234907
vt 0.867366 0.237381
vt 0.878528 0.215860
vt 0.855268 0.211025
vt 0.876142 0.214645
vt 0.886742 0.194271
vt 0.837820 0.205551
vt 0.861287 0.188292
vt 0.884297 0.193496
vt 0.892982 0.172687
vt 0.897055 0.173525
vt 0.906554 0.155066
vt 0.867775 0.165454
vt 0.841739 0.180376
vt 0.901819 0.151516
vt 0.913284 0.142987
vt 0.905615 0.138413
vt 0.874602 0.143602
vt 0.876640 0.133823
vt 0.847350 0.154344
vt 0.850148 0.131365
vt 0.850302 0.117297
vt 0.835318 0.203908
vt 0.839527 0.178128
vt 0.843787 0.151189
vt 0.845725 0.130468
vt 0.819464 0.177232
vt 0.820399 0.154240
vt 0.816433 0.201811
vt 0.820857 0.134966
vt 0.796963 0.176408
vt 0.794450 0.155070
vt 0.797174 0.198264
vt 0.792017 0.136547
vt 0.790912 0.124417
vt 0.821618 0.122278
vt 0.848775 0.116806
vt 0.796286 0.221492
vt 0.813160 0.225841
vt 0.794882 0.244754
vt 0.809451 0.249280
vt 0.793305 0.262358
vt 0.807160 0.268346
vt 0.791911 0.283897
vt 0.803479 0.284288
vt 0.803347 0.297960
vt 0.791634 0.299498
vt 0.796356 0.308784
vt 0.803697 0.312767
vt 1.835778 0.370766
vt 1.835243 0.363230
vt 1.834775 0.364686
vt 1.834653 0.370263
vt 1.820846 0.382826
vt 1.822667 0.385784
vt 1.803703 0.390493
vt 1.804688 0.393879
vt 1.817284 0.375274
vt 1.784948 0.397658
vt 1.785621 0.399912
vt 1.767218 0.406206
vt 1.798434 0.381070
vt 1.766367 0.403635
vt 1.745943 0.413076
vt 1.780497 0.387644
vt 1.744893 0.409424
vt 1.722341 0.417991
vt 1.762147 0.392407
vt 1.721611 0.414515
vt 1.699747 0.420369
vt 1.740848 0.396370
vt 1.758974 0.379635
vt 1.812513 0.368940
vt 1.794857 0.372433
vt 1.777080 0.375627
vt 1.830625 0.365305
vt 1.830388 0.364445
vt 1.812010 0.366607
vt 1.813826 0.358826
vt 1.833442 0.357347
vt 1.815506 0.350282
vt 1.796599 0.348817
vt 1.794252 0.360671
vt 1.777239 0.348729
vt 1.794416 0.370112
vt 1.776405 0.361322
vt 1.758282 0.349081
vt 1.776672 0.372239
vt 1.757644 0.362616
vt 1.736528 0.350128
vt 1.758681 0.375799
vt 1.735371 0.365520
vt 1.713158 0.352105
vt 1.736836 0.378947
vt 1.713232 0.367801
vt 1.691319 0.354172
vt 1.737008 0.382219
vt 1.692151 0.370539
vt 1.672852 0.357855
vt 1.714014 0.381664
vt 1.718816 0.400053
vt 1.714478 0.385233
vt 1.691928 0.385105
vt 1.673789 0.372065
vt 1.659482 0.373397
vt 1.656421 0.360401
vt 1.648993 0.362237
vt 1.649207 0.373582
vt 1.649567 0.383657
vt 1.699309 0.417353
vt 1.697495 0.402549
vt 1.692283 0.388385
vt 1.672230 0.386851
vt 1.653591 0.388471
vt 1.642659 0.387757
vt 1.653569 0.391954
vt 1.646730 0.398150
vt 1.649045 0.408288
vt 1.680207 0.420209
vt 1.680486 0.424265
vt 1.679420 0.404046
vt 1.672617 0.390296
vt 1.662304 0.405655
vt 1.653032 0.421180
vt 1.662181 0.421084
vt 1.662228 0.424057
vt 1.653777 0.425195
vt 1.816887 0.284949
vt 1.813818 0.294260
vt 1.818282 0.285915
vt 1.821321 0.272270
vt 1.820315 0.271716
vt 1.826954 0.254407
vt 1.824414 0.253754
vt 1.832317 0.230668
vt 1.829549 0.229549
vt 1.829781 0.290708
vt 1.837644 0.274818
vt 1.842947 0.257984
vt 1.815829 0.295256
vt 1.850607 0.276600
vt 1.841246 0.295732
vt 1.823357 0.302507
vt 1.813002 0.305638
vt 1.815071 0.314361
vt 1.810469 0.305567
vt 1.832402 0.307832
vt 1.824146 0.313377
vt 1.814768 0.315250
vt 1.823943 0.314593
vt 1.833223 0.309195
vt 1.843227 0.297248
vt 1.852646 0.277290
vt 1.857619 0.259566
vt 1.859700 0.260498
vt 1.869334 0.238355
vt 1.849562 0.234907
vt 1.867366 0.237381
vt 1.878528 0.215860
vt 1.855268 0.211025
vt 1.876142 0.214645
vt 1.886742 0.194271
vt 1.837820 0.205551
vt 1.861287 0.188292
vt 1.884297 0.193496
vt 1.892982 0.172687
vt 1.897055 0.173525
vt 1.906554 0.155066
vt 1.867775 0.165454
vt 1.841739 0.180376
vt 1.901819 0.151516
vt 1.913284 0.142987
vt 1.905615 0.138413
vt 1.874603 0.143602
vt 1.876640 0.133823
vt 1.847350 0.154344
vt 1.850148 0.131365
vt 1.850302 0.117297
vt 1.835318 0.203908
vt 1.839527 0.178128
vt 1.843787 0.151189
vt 1.845725 0.130468
vt 1.819464 0.177232
vt 1.820399 0.154240
vt 1.816433 0.201811
vt 1.820857 0.134966
vt 1.797174 0.198264
vt 1.796963 0.176408
vt 1.794450 0.155070
vt 1.792017 0.136547
vt 1.790912 0.124417
vt 1.821618 0.122278
vt 1.848775 0.116806
vt 1.796286 0.221492
vt 1.813160 0.225841
vt 1.794882 0.244754
vt 1.809451 0.249280
vt 1.793305 0.262358
vt 1.807160 0.268346
vt 1.791911 0.283897
vt 1.803479 0.284288
vt 1.803347 0.297960
vt 1.791634 0.299498
vt 1.796355 0.308784
vt 1.803697 0.312767
vt 0.251558 0.171314
vt 0.253927 0.169964
vt 0.252412 0.173171
vt 0.244895 0.200796
vt 0.240836 0.198662
vt 0.244298 0.198956
vt 0.250816 0.201601
vt 0.246483 0.196717
vt 0.250237 0.193515
vt 0.253647 0.196441
vt 0.255812 0.201061
vt 0.256100 0.199373
vt 0.245397 0.206951
vt 0.239759 0.200904
vt 0.233645 0.210107
vt 0.252364 0.206993
vt 0.256000 0.204486
vt 0.246135 0.216100
vt 0.259729 0.200347
vt 0.257632 0.200108
vt 0.257038 0.199088
vt 0.258308 0.198984
vt 0.258348 0.206872
vt 0.257253 0.216863
vt 0.267785 0.206164
vt 0.260839 0.203846
vt 0.265399 0.198367
vt 0.259957 0.195698
vt 0.264246 0.190526
vt 0.270981 0.195650
vt 0.275236 0.203249
vt 0.246035 0.224752
vt 0.234384 0.216855
vt 0.268312 0.218294
vt 0.258592 0.225577
vt 0.276724 0.216210
vt 0.275169 0.206324
vt 0.276236 0.228712
vt 0.271688 0.237142
vt 0.256329 0.236488
vt 0.284992 0.206855
vt 0.283891 0.209201
vt 0.283288 0.197696
vt 0.275148 0.199138
vt 0.278052 0.194043
vt 0.284174 0.189054
vt 0.289900 0.195582
vt 0.292023 0.204604
vt 0.284445 0.215232
vt 0.289522 0.209828
vt 0.295640 0.216290
vt 0.292116 0.207011
vt 0.284883 0.224360
vt 0.296995 0.206268
vt 0.296810 0.208640
vt 0.296680 0.201544
vt 0.291851 0.199907
vt 0.296956 0.194492
vt 0.301509 0.203103
vt 0.301179 0.208609
vt 0.301350 0.205363
vt 0.305440 0.203553
vt 0.305065 0.197830
vt 0.308207 0.201825
vt 0.309926 0.205392
vt 0.305507 0.207441
vt 0.305252 0.209731
vt 0.309765 0.210289
vt 0.307243 0.220557
vt 0.311266 0.208726
vt 0.311809 0.200920
vt 0.314067 0.208417
vt 0.316954 0.204893
vt 0.316162 0.210658
vt 0.296069 0.226310
vt 0.321432 0.209268
vt 0.320208 0.204463
vt 0.327021 0.205629
vt 0.322475 0.203020
vt 0.328952 0.199417
vt 0.322057 0.198084
vt 0.334751 0.210276
vt 0.327012 0.218247
vt 0.316538 0.226499
vt 0.303567 0.230826
vt 0.327731 0.191401
vt 0.321584 0.193766
vt 0.319708 0.191154
vt 0.331332 0.225861
vt 0.348351 0.216706
vt 0.324411 0.237021
vt 0.339755 0.200803
vt 0.310332 0.236183
vt 0.338192 0.189519
vt 0.355450 0.202600
vt 0.384268 0.213501
vt 0.322319 0.184050
vt 0.313072 0.191634
vt 0.316920 0.243330
vt 0.328368 0.245988
vt 0.331755 0.180591
vt 0.315257 0.183107
vt 0.312779 0.185126
vt 0.353503 0.183318
vt 0.333410 0.173347
vt 0.381880 0.192339
vt 0.320217 0.170264
vt 0.329149 0.158710
vt 0.387463 0.202171
vt 0.425174 0.205651
vt 0.427056 0.183987
vt 0.424007 0.216362
vt 0.316117 0.175057
vt 0.308132 0.160227
vt 0.304837 0.166693
vt 0.293603 0.160931
vt 0.313028 0.150174
vt 0.336113 0.148553
vt 0.294980 0.152778
vt 0.310529 0.179493
vt 0.308430 0.174630
vt 0.300576 0.173734
vt 0.306730 0.177807
vt 0.305147 0.177168
vt 0.302053 0.178932
vt 0.297164 0.180182
vt 0.306210 0.184512
vt 0.295932 0.174745
vt 0.312009 0.182843
vt 0.311388 0.184773
vt 0.299047 0.166221
vt 0.297005 0.171417
vt 0.290660 0.168218
vt 0.288607 0.173162
vt 0.291293 0.178286
vt 0.285460 0.179973
vt 0.282971 0.172857
vt 0.283349 0.166329
vt 0.283550 0.162130
vt 0.278704 0.159563
vt 0.281941 0.148685
vt 0.276164 0.166458
vt 0.279370 0.175952
vt 0.299151 0.142760
vt 0.274454 0.173367
vt 0.273607 0.180529
vt 0.269039 0.171944
vt 0.268691 0.158878
vt 0.270663 0.149059
vt 0.270011 0.165670
vt 0.266492 0.164568
vt 0.261441 0.157797
vt 0.265581 0.170694
vt 0.260186 0.164870
vt 0.305322 0.132916
vt 0.319092 0.140133
vt 0.341407 0.127531
vt 0.360837 0.143232
vt 0.318938 0.123957
vt 0.359146 0.127275
vt 0.382115 0.142622
vt 0.383149 0.127827
vt 0.401089 0.144194
vt 0.294915 0.124832
vt 0.301788 0.112745
vt 0.284695 0.135393
vt 0.272371 0.136619
vt 0.274916 0.123282
vt 0.285767 0.113828
vt 0.259153 0.137105
vt 0.259903 0.122807
vt 0.270590 0.105758
vt 0.257896 0.151285
vt 0.252969 0.159879
vt 0.245898 0.137117
vt 0.246399 0.122960
vt 0.244951 0.150048
vt 0.244299 0.159806
vt 0.246226 0.108283
vt 0.233554 0.123255
vt 0.233270 0.137316
vt 0.258679 0.107465
vt 0.233723 0.149772
vt 0.257265 0.092064
vt 0.248569 0.164562
vt 0.254114 0.164202
vt 0.259828 0.169572
vt 0.262964 0.173429
vt 0.266811 0.173441
vt 0.263091 0.176128
vt 0.260012 0.176123
vt 0.257131 0.173255
vt 0.256908 0.176534
vt 0.248538 0.169024
vt 0.248024 0.172898
vt 0.245349 0.165462
vt 0.244113 0.169471
vt 0.245163 0.173490
vt 0.242376 0.167748
vt 0.242611 0.165272
vt 0.238051 0.167717
vt 0.240321 0.168359
vt 0.240567 0.171672
vt 0.233562 0.159792
vt 0.222595 0.157543
vt 0.222660 0.166245
vt 0.231119 0.167344
vt 0.222536 0.147937
vt 0.222492 0.137181
vt 0.234354 0.170703
vt 0.231312 0.170982
vt 0.237098 0.170045
vt 0.226060 0.169631
vt 0.222690 0.170478
vt 0.228359 0.169767
vt 0.230110 0.171631
vt 0.211693 0.137369
vt 0.211349 0.149825
vt 0.211646 0.159850
vt 0.200883 0.159920
vt 0.207273 0.167812
vt 0.214215 0.167399
vt 0.219314 0.169653
vt 0.217016 0.169804
vt 0.214070 0.171039
vt 0.215276 0.171681
vt 0.211024 0.170781
vt 0.208274 0.170141
vt 0.204814 0.171792
vt 0.200091 0.150144
vt 0.199018 0.137193
vt 0.211368 0.123326
vt 0.222479 0.123652
vt 0.233615 0.107942
vt 0.245355 0.093016
vt 0.222360 0.106021
vt 0.211155 0.107987
vt 0.233181 0.093017
vt 0.234216 0.077736
vt 0.222369 0.093398
vt 0.245382 0.077078
vt 0.234468 0.061586
vt 0.211599 0.092987
vt 0.222542 0.076981
vt 0.210809 0.077688
vt 0.210617 0.061574
vt 0.199466 0.093011
vt 0.222547 0.061863
vt 0.222569 0.050927
vt 0.198564 0.108325
vt 0.199579 0.077043
vt 0.198449 0.123024
vt 0.187549 0.092057
vt 0.185700 0.137232
vt 0.184863 0.122894
vt 0.186072 0.107507
vt 0.187115 0.151456
vt 0.174094 0.105786
vt 0.192180 0.160060
vt 0.172393 0.136796
vt 0.174254 0.149287
vt 0.169728 0.123389
vt 0.183662 0.158025
vt 0.176923 0.089907
vt 0.188703 0.076918
vt 0.159922 0.135603
vt 0.162893 0.148995
vt 0.158740 0.113872
vt 0.149477 0.124951
vt 0.163985 0.101903
vt 0.145415 0.143126
vt 0.168745 0.085948
vt 0.151345 0.098741
vt 0.142424 0.112728
vt 0.178821 0.075923
vt 0.139007 0.133183
vt 0.149834 0.153235
vt 0.151429 0.161480
vt 0.131533 0.150782
vt 0.136753 0.160898
vt 0.166345 0.159917
vt 0.176394 0.159149
vt 0.171861 0.072961
vt 0.160662 0.075008
vt 0.173916 0.063888
vt 0.164149 0.066905
vt 0.153650 0.064539
vt 0.141968 0.090168
vt 0.180334 0.062630
vt 0.168729 0.055403
vt 0.179990 0.051258
vt 0.189896 0.062457
vt 0.190798 0.050748
vt 0.199315 0.061692
vt 0.160760 0.045936
vt 0.200284 0.050937
vt 0.178764 0.038798
vt 0.210697 0.050897
vt 0.192310 0.037218
vt 0.169377 0.032318
vt 0.151539 0.034682
vt 0.141059 0.048364
vt 0.137191 0.034391
vt 0.140706 0.064144
vt 0.131775 0.078601
vt 0.125117 0.082724
vt 0.132943 0.102205
vt 0.115322 0.084166
vt 0.121868 0.111064
vt 0.102612 0.083732
vt 0.125095 0.124151
vt 0.104696 0.115351
vt 0.125209 0.140643
vt 0.102382 0.128028
vt 0.085537 0.110204
vt 0.087014 0.082226
vt 0.108260 0.149571
vt 0.115546 0.159830
vt 0.082931 0.144386
vt 0.085408 0.118672
vt 0.084323 0.128060
vt 0.061153 0.143974
vt 0.060263 0.104363
vt 0.063952 0.079147
vt 0.044308 0.076064
vt 0.060244 0.117777
vt 0.059948 0.128894
vt 0.041752 0.145772
vt 0.039959 0.102845
vt 0.039321 0.119935
vt 0.025388 0.100340
vt 0.028754 0.073006
vt 0.023627 0.123399
vt 0.039516 0.131205
vt 0.025974 0.135193
vt 0.025217 0.151395
vt 0.239288 0.198145
vt 0.236734 0.196973
vt 0.233260 0.202768
vt 0.227652 0.203505
vt 0.229804 0.201403
vt 0.231422 0.200345
vt 0.232570 0.200670
vt 0.231069 0.199088
vt 0.229650 0.199204
vt 0.223174 0.210945
vt 0.223207 0.216701
vt 0.212692 0.210211
vt 0.223252 0.224094
vt 0.212030 0.216968
vt 0.233584 0.224570
vt 0.244164 0.234494
vt 0.232517 0.234178
vt 0.243152 0.251174
vt 0.223133 0.202604
vt 0.224624 0.198913
vt 0.227211 0.200726
vt 0.218620 0.203550
vt 0.221608 0.198928
vt 0.219039 0.200768
vt 0.212998 0.202867
vt 0.216452 0.201470
vt 0.214822 0.200437
vt 0.213676 0.200766
vt 0.215162 0.199167
vt 0.216583 0.199269
vt 0.206479 0.201072
vt 0.209469 0.197109
vt 0.200898 0.207177
vt 0.200266 0.216334
vt 0.200473 0.224985
vt 0.212925 0.224674
vt 0.214115 0.234269
vt 0.202473 0.234706
vt 0.223313 0.233877
vt 0.230774 0.251521
vt 0.203711 0.251368
vt 0.216091 0.251588
vt 0.190337 0.236833
vt 0.223430 0.251287
vt 0.223543 0.268280
vt 0.228723 0.268725
vt 0.218372 0.268764
vt 0.241305 0.274329
vt 0.228394 0.293550
vt 0.259470 0.261229
vt 0.264398 0.240859
vt 0.273545 0.249797
vt 0.276075 0.274032
vt 0.256623 0.286312
vt 0.241086 0.293128
vt 0.205864 0.274495
vt 0.219020 0.293586
vt 0.223711 0.294133
vt 0.227282 0.308482
vt 0.187533 0.261599
vt 0.255046 0.329802
vt 0.278606 0.305823
vt 0.238782 0.326473
vt 0.206326 0.293288
vt 0.220306 0.308502
vt 0.190707 0.286635
vt 0.171104 0.274594
vt 0.223794 0.308487
vt 0.223885 0.325306
vt 0.227255 0.325610
vt 0.224236 0.384821
vt 0.220521 0.325625
vt 0.209010 0.326594
vt 0.192801 0.330084
vt 0.236505 0.383002
vt 0.211944 0.383078
vt 0.226196 0.384578
vt 0.168976 0.306388
vt 0.222272 0.384574
vt 0.259220 0.383896
vt 0.273004 0.333944
vt 0.237180 0.441721
vt 0.227457 0.443645
vt 0.256186 0.437479
vt 0.221575 0.443654
vt 0.211839 0.441784
vt 0.224519 0.443948
vt 0.224507 0.456075
vt 0.235158 0.454012
vt 0.257937 0.443611
vt 0.230522 0.456334
vt 0.272749 0.433142
vt 0.273666 0.436894
vt 0.259721 0.446835
vt 0.278314 0.384689
vt 0.281472 0.436814
vt 0.280321 0.432393
vt 0.224482 0.460434
vt 0.231347 0.458425
vt 0.236631 0.456114
vt 0.236511 0.466517
vt 0.262979 0.463807
vt 0.287902 0.453995
vt 0.290313 0.434947
vt 0.300314 0.435526
vt 0.288756 0.432952
vt 0.301699 0.431309
vt 0.295955 0.391087
vt 0.314523 0.403871
vt 0.336423 0.376087
vt 0.289440 0.385698
vt 0.312857 0.353553
vt 0.289327 0.337921
vt 0.342833 0.348274
vt 0.355100 0.362843
vt 0.371634 0.357327
vt 0.304188 0.343458
vt 0.295881 0.317396
vt 0.322374 0.336954
vt 0.310536 0.327950
vt 0.328621 0.330508
vt 0.352221 0.331599
vt 0.313807 0.321365
vt 0.301369 0.303001
vt 0.313177 0.317129
vt 0.377431 0.326226
vt 0.389797 0.351855
vt 0.331529 0.328607
vt 0.290652 0.289252
vt 0.350195 0.323466
vt 0.396811 0.315514
vt 0.412709 0.343944
vt 0.369233 0.310183
vt 0.425818 0.307645
vt 0.439438 0.334748
vt 0.397709 0.290563
vt 0.419635 0.284597
vt 0.379383 0.289484
vt 0.393515 0.273765
vt 0.413612 0.266785
vt 0.405161 0.254062
vt 0.380263 0.258617
vt 0.396722 0.245075
vt 0.377144 0.250577
vt 0.352896 0.253283
vt 0.381354 0.275726
vt 0.364607 0.290729
vt 0.364374 0.284103
vt 0.356275 0.304742
vt 0.354341 0.265965
vt 0.358782 0.271559
vt 0.361974 0.277226
vt 0.354631 0.279915
vt 0.355433 0.285534
vt 0.351852 0.273109
vt 0.347977 0.258242
vt 0.337763 0.249939
vt 0.351584 0.280212
vt 0.347291 0.266297
vt 0.336429 0.252627
vt 0.323617 0.250783
vt 0.323561 0.256398
vt 0.335173 0.257455
vt 0.313885 0.245627
vt 0.341803 0.260738
vt 0.334572 0.258558
vt 0.340625 0.262547
vt 0.345089 0.267958
vt 0.310852 0.251041
vt 0.307074 0.238935
vt 0.349282 0.273732
vt 0.301501 0.246313
vt 0.301406 0.232345
vt 0.299217 0.237391
vt 0.293636 0.230148
vt 0.285987 0.230527
vt 0.291891 0.232639
vt 0.279856 0.232450
vt 0.285763 0.236187
vt 0.296594 0.238598
vt 0.297521 0.245479
vt 0.291035 0.237775
vt 0.293672 0.242936
vt 0.286841 0.241752
vt 0.282246 0.238457
vt 0.277241 0.237781
vt 0.291977 0.247630
vt 0.295279 0.251420
vt 0.278380 0.246011
vt 0.279444 0.244770
vt 0.282763 0.243361
vt 0.286095 0.247196
vt 0.283823 0.250498
vt 0.290799 0.252945
vt 0.284254 0.256289
vt 0.291015 0.258625
vt 0.282048 0.260788
vt 0.289699 0.264237
vt 0.287986 0.268480
vt 0.293976 0.278008
vt 0.296914 0.273448
vt 0.298896 0.254946
vt 0.301273 0.263541
vt 0.312442 0.257915
vt 0.297007 0.289237
vt 0.304388 0.300213
vt 0.301257 0.286686
vt 0.302831 0.284674
vt 0.303341 0.273354
vt 0.306388 0.264023
vt 0.321915 0.259011
vt 0.312899 0.260179
vt 0.311315 0.267280
vt 0.332416 0.260301
vt 0.336840 0.264156
vt 0.330757 0.260987
vt 0.321466 0.260331
vt 0.340206 0.269071
vt 0.318725 0.263670
vt 0.327060 0.264890
vt 0.335109 0.265359
vt 0.343346 0.273847
vt 0.332685 0.271636
vt 0.338312 0.270331
vt 0.335471 0.279541
vt 0.340426 0.274237
vt 0.345257 0.278884
vt 0.341828 0.278016
vt 0.342209 0.280865
vt 0.345883 0.282439
vt 0.341918 0.283536
vt 0.352407 0.285149
vt 0.345542 0.285707
vt 0.351931 0.289966
vt 0.339619 0.286628
vt 0.354615 0.291027
vt 0.352229 0.295697
vt 0.349865 0.294475
vt 0.347988 0.300279
vt 0.342008 0.290713
vt 0.344409 0.313102
vt 0.336459 0.315105
vt 0.346399 0.298718
vt 0.341896 0.304325
vt 0.341297 0.302560
vt 0.327911 0.315884
vt 0.333532 0.305724
vt 0.315328 0.310183
vt 0.310070 0.297694
vt 0.318632 0.304492
vt 0.311457 0.294704
vt 0.326042 0.306639
vt 0.319237 0.301120
vt 0.314716 0.291076
vt 0.326996 0.304485
vt 0.306457 0.282275
vt 0.309760 0.273500
vt 0.311884 0.280263
vt 0.315644 0.271358
vt 0.321573 0.292999
vt 0.333248 0.304192
vt 0.321442 0.268099
vt 0.329742 0.294358
vt 0.336033 0.293661
vt 0.334120 0.290827
vt 0.318552 0.276627
vt 0.325480 0.273706
vt 0.327765 0.292571
vt 0.331700 0.285030
vt 0.328774 0.279935
vt 0.322220 0.282509
vt 0.324631 0.286479
vt 0.317135 0.288329
vt 0.228331 0.199253
vt 0.223124 0.200618
vt 0.191401 0.170179
vt 0.193809 0.171514
vt 0.192970 0.173382
vt 0.205381 0.198843
vt 0.201336 0.201016
vt 0.201917 0.199173
vt 0.195413 0.201882
vt 0.199703 0.196953
vt 0.195907 0.193786
vt 0.192522 0.196754
vt 0.190402 0.201401
vt 0.190096 0.199719
vt 0.193919 0.207292
vt 0.190247 0.204827
vt 0.189144 0.217219
vt 0.187922 0.207240
vt 0.178460 0.206641
vt 0.187920 0.225946
vt 0.174969 0.237662
vt 0.185393 0.204241
vt 0.186468 0.200728
vt 0.178086 0.218779
vt 0.170289 0.229294
vt 0.182324 0.241291
vt 0.173306 0.250341
vt 0.188569 0.200468
vt 0.189153 0.199443
vt 0.187878 0.199352
vt 0.169619 0.216801
vt 0.166722 0.233080
vt 0.168413 0.246621
vt 0.169422 0.238373
vt 0.167327 0.245392
vt 0.164425 0.239121
vt 0.163985 0.244031
vt 0.160557 0.231246
vt 0.160870 0.236902
vt 0.161561 0.225060
vt 0.159880 0.242481
vt 0.162689 0.256974
vt 0.164955 0.261439
vt 0.163034 0.251180
vt 0.160711 0.247913
vt 0.156098 0.253730
vt 0.154837 0.248435
vt 0.154683 0.233444
vt 0.155622 0.238568
vt 0.153066 0.243768
vt 0.150073 0.239474
vt 0.152891 0.230976
vt 0.149259 0.246370
vt 0.147426 0.238307
vt 0.151596 0.252275
vt 0.145297 0.247267
vt 0.155968 0.259411
vt 0.148041 0.255857
vt 0.157357 0.264996
vt 0.159125 0.269207
vt 0.150285 0.274317
vt 0.153271 0.278812
vt 0.145799 0.264487
vt 0.156734 0.289989
vt 0.136036 0.252159
vt 0.134557 0.259050
vt 0.123424 0.257735
vt 0.143862 0.274323
vt 0.144513 0.285616
vt 0.140692 0.265047
vt 0.150384 0.290063
vt 0.146186 0.303852
vt 0.146107 0.287589
vt 0.143139 0.301128
vt 0.134131 0.261314
vt 0.125102 0.260303
vt 0.135809 0.268375
vt 0.151848 0.318140
vt 0.174907 0.334409
vt 0.189237 0.384184
vt 0.192816 0.437688
vt 0.170149 0.385141
vt 0.158645 0.338542
vt 0.176265 0.433483
vt 0.133992 0.322362
vt 0.137330 0.328864
vt 0.134580 0.318142
vt 0.119312 0.331715
vt 0.191083 0.443795
vt 0.175329 0.437206
vt 0.213893 0.454050
vt 0.189289 0.446996
vt 0.167521 0.437110
vt 0.218504 0.456348
vt 0.217664 0.458443
vt 0.212484 0.466553
vt 0.212394 0.456149
vt 0.186046 0.463944
vt 0.161165 0.454227
vt 0.168773 0.432742
vt 0.158754 0.435343
vt 0.148802 0.435769
vt 0.160457 0.433300
vt 0.147407 0.431863
vt 0.152542 0.391676
vt 0.134353 0.404739
vt 0.112171 0.377377
vt 0.159021 0.386244
vt 0.135345 0.354441
vt 0.143867 0.344229
vt 0.125625 0.338038
vt 0.105346 0.349676
vt 0.093350 0.364452
vt 0.076742 0.359191
vt 0.095748 0.333184
vt 0.116402 0.329877
vt 0.070486 0.328181
vt 0.058501 0.353982
vt 0.097664 0.325054
vt 0.050975 0.317741
vt 0.035473 0.346384
vt 0.078462 0.312036
vt 0.021884 0.310248
vt 0.008606 0.337536
vt 0.049759 0.292807
vt 0.027778 0.287121
vt 0.068054 0.291486
vt 0.053745 0.275962
vt 0.033581 0.269239
vt 0.041874 0.256417
vt 0.066806 0.260656
vt 0.050200 0.247332
vt 0.069835 0.252594
vt 0.094093 0.255011
vt 0.065915 0.277764
vt 0.082836 0.292537
vt 0.082990 0.285920
vt 0.091339 0.306427
vt 0.092799 0.267696
vt 0.088428 0.273331
vt 0.085306 0.279026
vt 0.092676 0.281618
vt 0.091945 0.287236
vt 0.095368 0.274787
vt 0.099047 0.259895
vt 0.109155 0.251509
vt 0.095723 0.281872
vt 0.099842 0.267928
vt 0.110515 0.254157
vt 0.118449 0.247469
vt 0.092829 0.292705
vt 0.095269 0.297332
vt 0.095502 0.291608
vt 0.094965 0.286811
vt 0.099562 0.301848
vt 0.097621 0.296076
vt 0.101832 0.287251
vt 0.101450 0.284001
vt 0.103302 0.314616
vt 0.111276 0.316474
vt 0.105693 0.305810
vt 0.119835 0.317126
vt 0.114074 0.307068
vt 0.106270 0.304040
vt 0.132337 0.311249
vt 0.137429 0.298704
vt 0.128961 0.305622
vt 0.136009 0.295751
vt 0.121580 0.307876
vt 0.128315 0.302275
vt 0.132709 0.292184
vt 0.120601 0.305753
vt 0.114342 0.305550
vt 0.125875 0.294200
vt 0.117722 0.295678
vt 0.140860 0.283280
vt 0.137447 0.274565
vt 0.135412 0.281351
vt 0.131535 0.272510
vt 0.111407 0.295084
vt 0.130262 0.289482
vt 0.128351 0.264883
vt 0.125568 0.261599
vt 0.105424 0.292185
vt 0.113305 0.292241
vt 0.119681 0.293872
vt 0.122745 0.287743
vt 0.115667 0.286401
vt 0.125106 0.283742
vt 0.101132 0.300262
vt 0.107784 0.288082
vt 0.111827 0.280965
vt 0.105432 0.285033
vt 0.118522 0.281265
vt 0.105104 0.282375
vt 0.102029 0.280449
vt 0.105448 0.279530
vt 0.097939 0.275370
vt 0.103873 0.275396
vt 0.102058 0.269550
vt 0.106798 0.275741
vt 0.108859 0.271812
vt 0.114502 0.273030
vt 0.106951 0.270586
vt 0.106443 0.264082
vt 0.111993 0.266801
vt 0.110248 0.265630
vt 0.105245 0.262300
vt 0.112441 0.260017
vt 0.111830 0.258943
vt 0.116283 0.262368
vt 0.114617 0.261717
vt 0.123286 0.252153
vt 0.120031 0.266212
vt 0.129846 0.244585
vt 0.122216 0.238486
vt 0.132915 0.246811
vt 0.121733 0.274995
vt 0.125693 0.269339
vt 0.128697 0.277813
vt 0.136281 0.237294
vt 0.139595 0.239986
vt 0.129860 0.227735
vt 0.115039 0.227494
vt 0.145146 0.233294
vt 0.142951 0.231807
vt 0.150386 0.227171
vt 0.150641 0.217131
vt 0.161857 0.215924
vt 0.139075 0.221596
vt 0.119165 0.219720
vt 0.129907 0.211863
vt 0.111202 0.211913
vt 0.097709 0.218739
vt 0.124563 0.210585
vt 0.162340 0.209882
vt 0.156699 0.210587
vt 0.171050 0.206899
vt 0.161207 0.207547
vt 0.170953 0.203826
vt 0.154053 0.207804
vt 0.180761 0.198808
vt 0.175130 0.196156
vt 0.181826 0.190940
vt 0.186186 0.196077
vt 0.162800 0.198352
vt 0.170990 0.199697
vt 0.168011 0.194617
vt 0.161800 0.189684
vt 0.156132 0.196311
vt 0.154112 0.205398
vt 0.149140 0.207116
vt 0.149357 0.209493
vt 0.144967 0.209533
vt 0.149379 0.202372
vt 0.154218 0.200666
vt 0.149001 0.195288
vt 0.144541 0.204024
vt 0.144740 0.206285
vt 0.140884 0.210725
vt 0.140590 0.204524
vt 0.140870 0.198767
vt 0.137769 0.202846
vt 0.136096 0.206469
vt 0.140586 0.208427
vt 0.136335 0.211367
vt 0.134790 0.209816
vt 0.134109 0.201995
vt 0.131975 0.209560
vt 0.128997 0.206102
vt 0.125704 0.205738
vt 0.118864 0.207056
vt 0.123380 0.204334
vt 0.116770 0.200860
vt 0.123666 0.199358
vt 0.105947 0.202519
vt 0.117797 0.192777
vt 0.124027 0.195010
vt 0.125844 0.192342
vt 0.090207 0.204727
vt 0.061529 0.216416
vt 0.107244 0.191138
vt 0.123073 0.185258
vt 0.132520 0.192671
vt 0.113508 0.181991
vt 0.130139 0.184151
vt 0.132662 0.186129
vt 0.091680 0.185323
vt 0.111603 0.174768
vt 0.063410 0.195101
vt 0.124833 0.171271
vt 0.058048 0.205107
vt 0.020255 0.209508
vt 0.017845 0.187799
vt 0.021682 0.220235
vt 0.129094 0.176064
vt 0.140248 0.167449
vt 0.134809 0.180421
vt 0.136815 0.175490
vt 0.144683 0.174460
vt 0.138589 0.178650
vt 0.140158 0.177984
vt 0.143294 0.179703
vt 0.148222 0.180878
vt 0.139249 0.185379
vt 0.149370 0.175401
vt 0.133396 0.183816
vt 0.134050 0.185747
vt 0.146075 0.166890
vt 0.148226 0.172067
vt 0.154549 0.168770
vt 0.161554 0.162574
vt 0.156693 0.173717
vt 0.154072 0.178895
vt 0.159948 0.180513
vt 0.162355 0.173338
vt 0.161895 0.166791
vt 0.169046 0.166829
vt 0.165976 0.176406
vt 0.170862 0.173755
vt 0.171799 0.180941
vt 0.176270 0.172280
vt 0.175186 0.165985
vt 0.178702 0.164860
vt 0.179723 0.170998
vt 0.185030 0.165111
vt 0.185474 0.169831
vt 0.182385 0.173723
vt 0.178546 0.173769
vt 0.182294 0.176429
vt 0.185378 0.176400
vt 0.188228 0.173500
vt 0.191121 0.164408
vt 0.196690 0.164709
vt 0.188492 0.176787
vt 0.196797 0.169192
vt 0.197360 0.173073
vt 0.199934 0.165600
vt 0.201250 0.169614
vt 0.200229 0.173645
vt 0.202673 0.165393
vt 0.202951 0.167873
vt 0.205015 0.168470
vt 0.206924 0.198310
vt 0.217904 0.199304
vt 0.127017 0.494837
vt 0.126176 0.495031
vt 0.127909 0.494516
vt 0.024849 0.494791
vt 0.024011 0.494593
vt 0.023125 0.494269
vt 0.993300 0.745216
vt 0.993443 0.767934
vt 0.965052 0.748161
vt 0.962923 0.770043
vt 0.930669 0.749500
vt 0.993684 0.789863
vt 0.930262 0.771194
vt 0.897199 0.749572
vt 0.962455 0.791129
vt 0.993888 0.816968
vt 0.962670 0.816996
vt 0.994057 0.844203
vt 0.930128 0.791625
vt 0.897223 0.771382
vt 0.864108 0.771143
vt 0.862729 0.749208
vt 0.832314 0.771073
vt 0.832325 0.749203
vt 0.800654 0.749703
vt 0.800754 0.771645
vt 0.770384 0.750603
vt 0.832726 0.792342
vt 0.864888 0.791847
vt 0.769621 0.772768
vt 0.741126 0.752055
vt 0.897496 0.791766
vt 0.865193 0.817127
vt 0.800767 0.794055
vt 0.738186 0.774668
vt 0.707582 0.754604
vt 0.897984 0.816978
vt 0.832765 0.817903
vt 0.768762 0.795866
vt 0.705130 0.777529
vt 0.670693 0.758053
vt 0.930555 0.816999
vt 0.865720 0.843263
vt 0.800442 0.819151
vt 0.736300 0.798111
vt 0.671212 0.780909
vt 0.644033 0.760543
vt 0.898598 0.843121
vt 0.963117 0.843567
vt 0.767824 0.820770
vt 0.702794 0.801074
vt 0.643665 0.783560
vt 0.618242 0.762413
vt 0.931140 0.843267
vt 0.963624 0.869440
vt 0.994201 0.870310
vt 0.931784 0.869113
vt 0.899352 0.869051
vt 0.963519 0.894334
vt 0.994295 0.894791
vt 0.932494 0.894408
vt 0.963750 0.918423
vt 0.994254 0.917031
vt 0.866432 0.869239
vt 0.900210 0.894575
vt 0.933322 0.919240
vt 0.964276 0.942657
vt 0.994069 0.940382
vt 0.832925 0.843884
vt 0.867220 0.894864
vt 0.901175 0.919709
vt 0.934162 0.943962
vt 0.965366 0.967356
vt 0.993714 0.963451
vt 0.800106 0.844924
vt 0.964228 0.994615
vt 0.993135 0.994803
vt 0.937450 0.994647
vt 0.935440 0.968828
vt 0.905589 0.994784
vt 0.903656 0.969390
vt 0.872248 0.994937
vt 0.902277 0.944603
vt 0.870299 0.969751
vt 0.869097 0.945028
vt 0.835163 0.970017
vt 0.835532 0.995072
vt 0.868107 0.920096
vt 0.834722 0.945415
vt 0.798973 0.970264
vt 0.797612 0.995150
vt 0.834193 0.920578
vt 0.833691 0.895383
vt 0.799421 0.945851
vt 0.762635 0.970474
vt 0.761599 0.995171
vt 0.727170 0.995141
vt 0.799573 0.921200
vt 0.763451 0.946269
vt 0.725540 0.970493
vt 0.684071 0.995035
vt 0.833264 0.869785
vt 0.799676 0.896163
vt 0.799862 0.870677
vt 0.766898 0.846281
vt 0.765984 0.871808
vt 0.765082 0.897036
vt 0.734717 0.822798
vt 0.733111 0.847946
vt 0.700697 0.825338
vt 0.731440 0.873113
vt 0.764271 0.921830
vt 0.729696 0.897953
vt 0.698396 0.849945
vt 0.668130 0.804382
vt 0.728026 0.922391
vt 0.695859 0.874548
vt 0.665281 0.828252
vt 0.640752 0.806954
vt 0.662376 0.852247
vt 0.693212 0.898833
vt 0.726460 0.946524
vt 0.690490 0.922731
vt 0.659181 0.876021
vt 0.637652 0.830359
vt 0.687565 0.946457
vt 0.655765 0.899441
vt 0.634388 0.853834
vt 0.684904 0.970374
vt 0.638028 0.994846
vt 0.651929 0.922540
vt 0.630757 0.876897
vt 0.646753 0.945447
vt 0.637813 0.969438
vt 0.609852 0.994645
vt 0.626942 0.899571
vt 0.622911 0.921789
vt 0.617020 0.943668
vt 0.609311 0.973387
vt 0.584184 0.994463
vt 0.610473 0.966121
vt 0.584548 0.976012
vt 0.555927 0.994313
vt 0.603055 0.877627
vt 0.599086 0.899596
vt 0.595051 0.920968
vt 0.588673 0.942202
vt 0.585711 0.963714
vt 0.559359 0.962518
vt 0.557543 0.976366
vt 0.532169 0.976601
vt 0.529818 0.994259
vt 0.606860 0.855167
vt 0.534271 0.962430
vt 0.506783 0.976568
vt 0.504865 0.994306
vt 0.610445 0.832336
vt 0.508541 0.962681
vt 0.483969 0.976362
vt 0.482569 0.994425
vt 0.613788 0.809237
vt 0.485250 0.962628
vt 0.461050 0.975962
vt 0.459824 0.994601
vt 0.616734 0.785809
vt 0.591654 0.763432
vt 0.589679 0.787646
vt 0.565309 0.763322
vt 0.586459 0.811162
vt 0.562945 0.788590
vt 0.538754 0.762983
vt 0.582841 0.834105
vt 0.536195 0.788679
vt 0.514660 0.762044
vt 0.559620 0.812481
vt 0.578912 0.856338
vt 0.511901 0.788033
vt 0.490670 0.760478
vt 0.532765 0.813200
vt 0.555774 0.835383
vt 0.574989 0.878295
vt 0.487837 0.786717
vt 0.468777 0.758763
vt 0.508454 0.813070
vt 0.528709 0.836168
vt 0.551673 0.857387
vt 0.570972 0.899609
vt 0.466284 0.785067
vt 0.442651 0.756847
vt 0.484442 0.812108
vt 0.504344 0.836462
vt 0.524487 0.858100
vt 0.547624 0.878839
vt 0.567086 0.920279
vt 0.543724 0.899561
vt 0.520187 0.879137
vt 0.500032 0.858281
vt 0.480379 0.835999
vt 0.568777 0.942240
vt 0.540246 0.919416
vt 0.516124 0.899471
vt 0.495557 0.879090
vt 0.535604 0.947498
vt 0.537336 0.935939
vt 0.513157 0.918329
vt 0.509774 0.948255
vt 0.511192 0.933720
vt 0.491366 0.899403
vt 0.476002 0.857692
vt 0.486248 0.947657
vt 0.487350 0.932333
vt 0.488806 0.916977
vt 0.471395 0.878436
vt 0.467083 0.898784
vt 0.464893 0.915247
vt 0.463928 0.930916
vt 0.462995 0.946226
vt 0.462083 0.961995
vt 0.454606 0.856377
vt 0.449806 0.877103
vt 0.445324 0.897345
vt 0.443234 0.913252
vt 0.442424 0.929030
vt 0.441525 0.944724
vt 0.440438 0.960759
vt 0.415309 0.941911
vt 0.416322 0.925765
vt 0.439583 0.975482
vt 0.438059 0.994789
vt 0.414253 0.958288
vt 0.412760 0.974611
vt 0.409952 0.994880
vt 0.389287 0.939190
vt 0.417231 0.909573
vt 0.386236 0.973902
vt 0.384715 0.994894
vt 0.388144 0.956888
vt 0.363168 0.972995
vt 0.362933 0.994872
vt 0.339638 0.994839
vt 0.365643 0.955198
vt 0.390507 0.922089
vt 0.340320 0.971868
vt 0.316649 0.994818
vt 0.367832 0.936537
vt 0.343196 0.953099
vt 0.316177 0.971440
vt 0.318318 0.949337
vt 0.289534 0.975099
vt 0.287257 0.994818
vt 0.291521 0.960208
vt 0.256846 0.973267
vt 0.252281 0.994835
vt 0.259808 0.953303
vt 0.226331 0.971035
vt 0.224025 0.994844
vt 0.293591 0.944320
vt 0.229444 0.949769
vt 0.195210 0.969100
vt 0.192314 0.994837
vt 0.199493 0.947023
vt 0.161946 0.966729
vt 0.154825 0.994846
vt 0.168479 0.943289
vt 0.128909 0.963525
vt 0.118593 0.994778
vt 0.137374 0.938949
vt 0.100846 0.960808
vt 0.099655 0.994843
vt 0.107272 0.934432
vt 0.072055 0.959793
vt 0.071485 0.994925
vt 0.076451 0.932853
vt 0.056567 0.960183
vt 0.055758 0.994970
vt 0.060081 0.933074
vt 0.040935 0.960398
vt 0.039634 0.994967
vt 0.009246 0.959566
vt 0.009249 0.994869
vt 0.009191 0.932650
vt 0.043127 0.933087
vt 0.009171 0.911543
vt 0.044779 0.908883
vt 0.009207 0.894730
vt 0.063535 0.909383
vt 0.064146 0.883659
vt 0.081368 0.909435
vt 0.043173 0.882926
vt 0.114111 0.913427
vt 0.025798 0.873408
vt 0.009256 0.881051
vt 0.033803 0.857579
vt 0.050044 0.858085
vt 0.087621 0.883899
vt 0.144356 0.918077
vt 0.042682 0.836561
vt 0.026487 0.841305
vt 0.015924 0.831124
vt 0.012925 0.836542
vt 0.019468 0.818777
vt 0.044682 0.819301
vt 0.060139 0.837961
vt 0.065673 0.858844
vt 0.062838 0.819613
vt 0.057069 0.799648
vt 0.081239 0.859619
vt 0.078497 0.838829
vt 0.070515 0.799531
vt 0.061559 0.778376
vt 0.080009 0.819939
vt 0.074112 0.778495
vt 0.069612 0.759574
vt 0.083918 0.800678
vt 0.110163 0.822884
vt 0.109031 0.841757
vt 0.109077 0.873493
vt 0.108906 0.859395
vt 0.121182 0.893957
vt 0.130425 0.878030
vt 0.150331 0.899433
vt 0.174441 0.922961
vt 0.204261 0.927477
vt 0.179920 0.904753
vt 0.156348 0.882754
vt 0.134160 0.862072
vt 0.233413 0.931429
vt 0.208986 0.909553
vt 0.136386 0.844910
vt 0.184847 0.887513
vt 0.160766 0.866095
vt 0.263485 0.937151
vt 0.237863 0.914308
vt 0.213502 0.891843
vt 0.188919 0.870312
vt 0.267820 0.919618
vt 0.242313 0.896116
vt 0.298362 0.925522
vt 0.163809 0.848906
vt 0.217404 0.874022
vt 0.272071 0.900654
vt 0.322343 0.929751
vt 0.191967 0.852925
vt 0.246196 0.877324
vt 0.346356 0.933524
vt 0.369437 0.918356
vt 0.348407 0.914072
vt 0.325050 0.909695
vt 0.391159 0.904952
vt 0.369911 0.899303
vt 0.394887 0.887594
vt 0.348970 0.892305
vt 0.301620 0.905545
vt 0.332609 0.886331
vt 0.301374 0.884530
vt 0.419750 0.893499
vt 0.424360 0.874066
vt 0.373415 0.881584
vt 0.398611 0.870444
vt 0.429496 0.853485
vt 0.276102 0.880641
vt 0.379986 0.865174
vt 0.405438 0.850654
vt 0.385622 0.846738
vt 0.434121 0.831467
vt 0.410252 0.827417
vt 0.391169 0.823384
vt 0.459038 0.834676
vt 0.414328 0.803565
vt 0.463015 0.810518
vt 0.438124 0.807496
vt 0.441250 0.782408
vt 0.417985 0.779025
vt 0.420997 0.755663
vt 0.395131 0.799543
vt 0.399316 0.775279
vt 0.403826 0.752580
vt 0.380974 0.770580
vt 0.386953 0.747518
vt 0.376208 0.794816
vt 0.372276 0.818744
vt 0.358651 0.763638
vt 0.365944 0.739467
vt 0.366059 0.841442
vt 0.354464 0.788444
vt 0.350603 0.812940
vt 0.335684 0.755442
vt 0.343865 0.729974
vt 0.331014 0.780536
vt 0.302624 0.742458
vt 0.308010 0.714770
vt 0.297313 0.764280
vt 0.285816 0.741482
vt 0.266275 0.697335
vt 0.327425 0.805920
vt 0.301095 0.783698
vt 0.284408 0.772801
vt 0.308736 0.803498
vt 0.292003 0.793663
vt 0.253824 0.724467
vt 0.268405 0.752227
vt 0.273504 0.784782
vt 0.232339 0.712168
vt 0.241123 0.687807
vt 0.211496 0.679601
vt 0.206192 0.705911
vt 0.185034 0.675045
vt 0.226445 0.731945
vt 0.243360 0.740951
vt 0.177672 0.705533
vt 0.160724 0.672793
vt 0.202611 0.728850
vt 0.149088 0.705827
vt 0.128369 0.672278
vt 0.256291 0.762526
vt 0.223629 0.743380
vt 0.238968 0.751603
vt 0.200507 0.741044
vt 0.245982 0.765109
vt 0.181339 0.747396
vt 0.247624 0.778399
vt 0.172217 0.735914
vt 0.169758 0.759100
vt 0.260885 0.790007
vt 0.238810 0.788655
vt 0.243293 0.800395
vt 0.223579 0.792633
vt 0.280037 0.801523
vt 0.266968 0.808844
vt 0.300567 0.810843
vt 0.289543 0.819800
vt 0.315841 0.817373
vt 0.309504 0.825712
vt 0.331510 0.823768
vt 0.327636 0.831034
vt 0.350272 0.836363
vt 0.338930 0.843368
vt 0.320869 0.838325
vt 0.350275 0.851274
vt 0.300683 0.834253
vt 0.334063 0.852302
vt 0.362042 0.857559
vt 0.313178 0.846917
vt 0.290669 0.844733
vt 0.347162 0.861573
vt 0.358068 0.870913
vt 0.356581 0.875612
vt 0.344128 0.870959
vt 0.329402 0.860524
vt 0.317226 0.867466
vt 0.305385 0.856413
vt 0.301327 0.866491
vt 0.277505 0.856713
vt 0.275370 0.830950
vt 0.249271 0.858087
vt 0.249161 0.818506
vt 0.250444 0.837806
vt 0.220286 0.856066
vt 0.221804 0.837861
vt 0.221947 0.820265
vt 0.193839 0.835260
vt 0.222560 0.804339
vt 0.165587 0.830894
vt 0.195288 0.817457
vt 0.197979 0.800227
vt 0.202925 0.785217
vt 0.182179 0.773985
vt 0.137910 0.826529
vt 0.167007 0.811571
vt 0.168640 0.789022
vt 0.138937 0.806682
vt 0.155347 0.757234
vt 0.111617 0.802983
vt 0.138668 0.783979
vt 0.140557 0.739799
vt 0.111787 0.781543
vt 0.139413 0.758937
vt 0.120840 0.706576
vt 0.097749 0.673132
vt 0.114965 0.761441
vt 0.116060 0.743318
vt 0.093485 0.709352
vt 0.082447 0.672920
vt 0.085362 0.779710
vt 0.090756 0.744307
vt 0.081237 0.710625
vt 0.065268 0.673095
vt 0.068352 0.711814
vt 0.070469 0.743224
vt 0.092304 0.761413
vt 0.081328 0.760922
vt 0.080895 0.743934
vt 0.992389 0.710305
vt 0.992392 0.730811
vt 0.960191 0.727931
vt 0.957996 0.709664
vt 0.930632 0.724509
vt 0.963792 0.690366
vt 0.992379 0.690090
vt 0.939054 0.696561
vt 0.964410 0.665034
vt 0.992375 0.664847
vt 0.905339 0.692931
vt 0.903045 0.721807
vt 0.869720 0.717590
vt 0.936361 0.665769
vt 0.935947 0.637701
vt 0.964585 0.638841
vt 0.992376 0.639332
vt 0.965573 0.613428
vt 0.992378 0.614896
vt 0.992379 0.592288
vt 0.873540 0.689575
vt 0.838237 0.713308
vt 0.905018 0.664279
vt 0.967615 0.589984
vt 0.992386 0.572308
vt 0.838839 0.686311
vt 0.802156 0.708314
vt 0.872744 0.662324
vt 0.803384 0.682864
vt 0.765266 0.703770
vt 0.937821 0.609993
vt 0.968106 0.573772
vt 0.992399 0.552226
vt 0.904866 0.636405
vt 0.839260 0.660164
vt 0.936913 0.583474
vt 0.905745 0.608571
vt 0.872456 0.635273
vt 0.967921 0.552428
vt 0.992417 0.533473
vt 0.935275 0.552433
vt 0.967191 0.536997
vt 0.992444 0.513005
vt 0.965279 0.514275
vt 0.928960 0.517291
vt 0.905741 0.554937
vt 0.901866 0.519741
vt 0.869417 0.523743
vt 0.905355 0.584693
vt 0.872038 0.558298
vt 0.832345 0.528218
vt 0.872675 0.608214
vt 0.836034 0.562751
vt 0.797887 0.532490
vt 0.870833 0.584826
vt 0.839245 0.634381
vt 0.839129 0.608559
vt 0.804459 0.658125
vt 0.800727 0.566650
vt 0.763576 0.536451
vt 0.838488 0.585559
vt 0.803874 0.587615
vt 0.804836 0.633971
vt 0.767323 0.679368
vt 0.766960 0.569886
vt 0.729517 0.540074
vt 0.769676 0.588166
vt 0.804632 0.609574
vt 0.770579 0.610820
vt 0.769556 0.655833
vt 0.730935 0.675503
vt 0.727233 0.700346
vt 0.730583 0.573620
vt 0.702816 0.542867
vt 0.736998 0.593471
vt 0.770555 0.633922
vt 0.735914 0.651872
vt 0.706512 0.672069
vt 0.702317 0.697816
vt 0.705180 0.576160
vt 0.680549 0.545262
vt 0.737915 0.611241
vt 0.737431 0.634686
vt 0.706965 0.640929
vt 0.708319 0.605625
vt 0.681805 0.669471
vt 0.677632 0.695653
vt 0.684836 0.607011
vt 0.683078 0.639836
vt 0.658024 0.667405
vt 0.653775 0.693767
vt 0.682045 0.577947
vt 0.658531 0.547589
vt 0.662770 0.608123
vt 0.660698 0.639057
vt 0.659045 0.579493
vt 0.636412 0.550012
vt 0.634652 0.665945
vt 0.630336 0.692103
vt 0.637678 0.638537
vt 0.639545 0.609094
vt 0.637015 0.581186
vt 0.613994 0.582476
vt 0.613374 0.552526
vt 0.588535 0.555073
vt 0.610860 0.664800
vt 0.606663 0.690548
vt 0.615363 0.609980
vt 0.588554 0.583159
vt 0.560539 0.557784
vt 0.613714 0.638276
vt 0.585800 0.663896
vt 0.582236 0.689002
vt 0.560886 0.585125
vt 0.530946 0.560678
vt 0.589525 0.610887
vt 0.588186 0.638103
vt 0.558402 0.663051
vt 0.555348 0.687291
vt 0.531951 0.587072
vt 0.499993 0.563891
vt 0.561206 0.611996
vt 0.560288 0.638199
vt 0.530361 0.662257
vt 0.527556 0.685076
vt 0.500668 0.589076
vt 0.469058 0.566423
vt 0.532276 0.613118
vt 0.531827 0.638478
vt 0.501467 0.661534
vt 0.499819 0.683460
vt 0.469863 0.590801
vt 0.438315 0.568843
vt 0.501337 0.614161
vt 0.501798 0.638643
vt 0.472729 0.661243
vt 0.471666 0.682851
vt 0.472215 0.638920
vt 0.443720 0.661054
vt 0.443296 0.682650
vt 0.414893 0.682490
vt 0.470971 0.615077
vt 0.414299 0.660737
vt 0.386674 0.682050
vt 0.442739 0.639316
vt 0.440955 0.616090
vt 0.383024 0.659242
vt 0.354061 0.681169
vt 0.412928 0.639944
vt 0.439375 0.592501
vt 0.408044 0.571448
vt 0.411107 0.617199
vt 0.409352 0.594320
vt 0.378531 0.574356
vt 0.381561 0.641271
vt 0.379751 0.596376
vt 0.349551 0.577310
vt 0.381236 0.618371
vt 0.350775 0.598429
vt 0.321745 0.580155
vt 0.352260 0.618381
vt 0.353168 0.636670
vt 0.373181 0.650259
vt 0.322731 0.600773
vt 0.295287 0.582699
vt 0.324291 0.618993
vt 0.354278 0.662332
vt 0.296010 0.603695
vt 0.270444 0.584609
vt 0.352124 0.649558
vt 0.325498 0.660241
vt 0.322816 0.679327
vt 0.325559 0.635258
vt 0.325360 0.647603
vt 0.297990 0.655924
vt 0.293366 0.676465
vt 0.270262 0.607647
vt 0.232376 0.585470
vt 0.300303 0.645014
vt 0.271514 0.647863
vt 0.265673 0.672071
vt 0.253050 0.647073
vt 0.232692 0.668993
vt 0.234511 0.643348
vt 0.299483 0.634325
vt 0.274103 0.635306
vt 0.202636 0.640436
vt 0.195019 0.666139
vt 0.234727 0.637783
vt 0.297562 0.620101
vt 0.271304 0.621993
vt 0.255979 0.635897
vt 0.233462 0.623191
vt 0.160247 0.638034
vt 0.154786 0.662275
vt 0.232843 0.609275
vt 0.201896 0.623630
vt 0.197697 0.609886
vt 0.196013 0.586977
vt 0.120354 0.635539
vt 0.115494 0.657369
vt 0.161584 0.625699
vt 0.162055 0.610218
vt 0.157481 0.589965
vt 0.162665 0.614146
vt 0.123974 0.612505
vt 0.118934 0.595877
vt 0.095314 0.614356
vt 0.086227 0.605262
vt 0.078202 0.617045
vt 0.095663 0.617814
vt 0.125372 0.615529
vt 0.125329 0.623335
vt 0.097852 0.623993
vt 0.075867 0.632741
vt 0.090000 0.646262
vt 0.105356 0.630772
vt 0.344016 0.418906
vt 0.333122 0.408924
vt 0.343341 0.415717
vt 0.358824 0.419980
vt 0.357495 0.423354
vt 0.372270 0.426382
vt 0.345140 0.411019
vt 0.373757 0.422842
vt 0.387945 0.428591
vt 0.360972 0.414884
vt 0.389149 0.424284
vt 0.404440 0.429905
vt 0.375036 0.416003
vt 0.362133 0.408830
vt 0.405575 0.424928
vt 0.422027 0.429962
vt 0.345866 0.407615
vt 0.390045 0.416735
vt 0.423328 0.424805
vt 0.441810 0.429587
vt 0.406363 0.416455
vt 0.389869 0.406714
vt 0.374735 0.407545
vt 0.361776 0.405271
vt 0.346763 0.403144
vt 0.442539 0.424109
vt 0.461653 0.429149
vt 0.424039 0.414142
vt 0.462350 0.423408
vt 0.482254 0.430090
vt 0.406046 0.405093
vt 0.443029 0.412838
vt 0.483353 0.423947
vt 0.503958 0.431713
vt 0.423629 0.403189
vt 0.462625 0.411074
vt 0.504923 0.426425
vt 0.511061 0.433819
vt 0.516127 0.427193
vt 0.523658 0.417592
vt 0.484356 0.409474
vt 0.505989 0.408391
vt 0.530402 0.400970
vt 0.442128 0.400771
vt 0.462567 0.398016
vt 0.508162 0.392757
vt 0.531757 0.391041
vt 0.531047 0.383429
vt 0.484436 0.394729
vt 0.507223 0.385927
vt 0.529159 0.376504
vt 0.441599 0.395104
vt 0.483599 0.389505
vt 0.505735 0.379973
vt 0.522944 0.366421
vt 0.461475 0.391987
vt 0.482470 0.383857
vt 0.498940 0.364051
vt 0.510945 0.353084
vt 0.492554 0.348113
vt 0.501664 0.344420
vt 0.497361 0.337039
vt 0.490450 0.339632
vt 0.470525 0.348344
vt 0.460391 0.386959
vt 0.477786 0.369753
vt 0.472525 0.355587
vt 0.451219 0.355289
vt 0.457118 0.374364
vt 0.452676 0.361337
vt 0.432172 0.360281
vt 0.440708 0.390241
vt 0.433341 0.366036
vt 0.413208 0.365212
vt 0.437098 0.378267
vt 0.422569 0.397811
vt 0.414153 0.370625
vt 0.396439 0.369987
vt 0.418333 0.381966
vt 0.421425 0.393190
vt 0.405272 0.400484
vt 0.397595 0.375092
vt 0.381012 0.375607
vt 0.403935 0.395902
vt 0.389308 0.402204
vt 0.400939 0.385244
vt 0.382177 0.379981
vt 0.366605 0.381975
vt 0.388254 0.398065
vt 0.374481 0.403722
vt 0.385133 0.388827
vt 0.373396 0.399724
vt 0.367810 0.385584
vt 0.360404 0.401837
vt 0.370428 0.393173
vt 0.358300 0.397388
vt 0.355026 0.391549
vt 0.352860 0.388395
vt 0.343602 0.398181
vt 0.340987 0.396618
vt 0.582116 0.419996
vt 0.575725 0.428068
vt 0.565786 0.410543
vt 0.568451 0.408237
vt 0.556682 0.392059
vt 0.571208 0.399342
vt 0.594284 0.403655
vt 0.595872 0.393536
vt 0.566152 0.393844
vt 0.595343 0.383206
vt 0.565920 0.390846
vt 0.565982 0.387278
vt 0.591467 0.374331
vt 0.566331 0.374770
vt 0.579332 0.363901
vt 0.968300 0.088739
vt 0.969267 0.084585
vt 0.980307 0.086466
vt 0.979061 0.090262
vt 0.984590 0.089334
vt 0.976950 0.093137
vt 0.967265 0.092685
vt 0.982684 0.091977
vt 0.987272 0.092140
vt 0.983425 0.093449
vt 0.983896 0.097207
vt 0.988651 0.097509
vt 0.975360 0.099281
vt 0.963383 0.100353
vt 0.980574 0.115050
vt 0.984778 0.115579
vt 0.981842 0.137059
vt 0.971223 0.116844
vt 0.976975 0.136419
vt 0.979128 0.160055
vt 0.974065 0.160315
vt 0.976779 0.184262
vt 0.967083 0.137714
vt 0.959116 0.119358
vt 0.971925 0.184094
vt 0.975487 0.211610
vt 0.963838 0.160150
vt 0.969973 0.212145
vt 0.974225 0.239218
vt 0.955251 0.117876
vt 0.959287 0.099563
vt 0.956095 0.139306
vt 0.961367 0.183750
vt 0.952132 0.138425
vt 0.953630 0.161083
vt 0.947535 0.160446
vt 0.949971 0.183987
vt 0.957775 0.211368
vt 0.968958 0.239665
vt 0.973987 0.266553
vt 0.979800 0.266462
vt 0.979958 0.293468
vt 0.986388 0.293992
vt 0.983030 0.309022
vt 0.988553 0.310070
vt 0.985197 0.324472
vt 0.988565 0.326487
vt 0.980102 0.335619
vt 0.976938 0.310412
vt 0.964975 0.295987
vt 0.962599 0.267930
vt 0.955800 0.239990
vt 0.973895 0.327652
vt 0.965697 0.335294
vt 0.978270 0.351636
vt 0.965105 0.315362
vt 0.949084 0.270018
vt 0.944951 0.212904
vt 0.947943 0.298971
vt 0.940484 0.242526
vt 0.943877 0.183529
vt 0.946935 0.319530
vt 0.936752 0.271974
vt 0.939016 0.212912
vt 0.932804 0.301583
vt 0.933392 0.243036
vt 0.929946 0.272145
vt 0.930967 0.180046
vt 0.924901 0.208123
vt 0.924500 0.240660
vt 0.922868 0.272076
vt 0.925205 0.301295
vt 0.928461 0.325010
vt 0.937033 0.156740
vt 0.945270 0.340165
vt 0.941158 0.132655
vt 0.965576 0.351387
vt 0.978357 0.358719
vt 0.965634 0.359104
vt 0.978733 0.365867
vt 0.944361 0.111189
vt 0.949191 0.355996
vt 0.965716 0.366686
vt 0.978852 0.371734
vt 0.949964 0.364327
vt 0.935796 0.359795
vt 0.965801 0.372576
vt 0.979238 0.377469
vt 0.965945 0.378500
vt 0.950343 0.372688
vt 0.950912 0.378466
vt 0.951756 0.384226
vt 0.933332 0.368726
vt 0.923858 0.347935
vt 0.932467 0.378025
vt 0.932836 0.384144
vt 0.933234 0.390221
vt 0.921187 0.366192
vt 0.920152 0.326410
vt 0.919695 0.375020
vt 0.918118 0.383980
vt 0.916901 0.391162
vt 0.915858 0.398510
vt 0.914665 0.350816
vt 0.915919 0.300933
vt 0.910957 0.368171
vt 0.909112 0.376604
vt 0.904378 0.395281
vt 0.901816 0.404759
vt 0.890420 0.398036
vt 0.907074 0.385198
vt 0.910752 0.325542
vt 0.904887 0.349722
vt 0.892915 0.391036
vt 0.878611 0.389052
vt 0.900009 0.367336
vt 0.897644 0.375764
vt 0.895126 0.384199
vt 0.880466 0.383056
vt 0.866014 0.376846
vt 0.882266 0.377006
vt 0.868463 0.372755
vt 0.857543 0.366519
vt 0.885285 0.369768
vt 0.887709 0.362412
vt 0.859958 0.361745
vt 0.852829 0.355718
vt 0.870688 0.368070
vt 0.854083 0.351036
vt 0.845404 0.347658
vt 0.847519 0.343082
vt 0.873358 0.360618
vt 0.861960 0.356495
vt 0.856238 0.346095
vt 0.849386 0.338277
vt 0.864628 0.350145
vt 0.858580 0.339503
vt 0.851709 0.332364
vt 0.876923 0.353675
vt 0.867429 0.343685
vt 0.860502 0.332628
vt 0.853646 0.326280
vt 0.888969 0.343120
vt 0.863111 0.318343
vt 0.855768 0.311561
vt 0.873461 0.328242
vt 0.895373 0.316930
vt 0.864296 0.308649
vt 0.857753 0.300009
vt 0.901783 0.293354
vt 0.878016 0.302226
vt 0.867154 0.290343
vt 0.863171 0.285126
vt 0.870899 0.271598
vt 0.885032 0.282709
vt 0.911526 0.266109
vt 0.897210 0.258403
vt 0.887545 0.249695
vt 0.908977 0.232855
vt 0.902795 0.226832
vt 0.913204 0.201310
vt 0.920987 0.175286
vt 0.928123 0.152129
vt 0.933088 0.129368
vt 0.935592 0.107045
vt 0.947856 0.091001
vt 0.938229 0.086067
vt 0.958745 0.091084
vt 0.949029 0.085410
vt 0.941456 0.081265
vt 0.960669 0.086321
vt 0.944442 0.079654
vt 0.949443 0.081127
vt 0.788971 0.014164
vt 0.799912 0.017015
vt 0.788089 0.023019
vt 0.800570 0.025924
vt 0.782157 0.034697
vt 0.822883 0.020689
vt 0.798668 0.042525
vt 0.775374 0.048640
vt 0.822574 0.029374
vt 0.844237 0.021857
vt 0.798651 0.057451
vt 0.772389 0.059066
vt 0.821941 0.042757
vt 0.844257 0.030187
vt 0.864347 0.022778
vt 0.798742 0.062913
vt 0.771429 0.065488
vt 0.821694 0.056163
vt 0.843560 0.043370
vt 0.864618 0.029655
vt 0.883772 0.023818
vt 0.799273 0.070074
vt 0.771695 0.074148
vt 0.774743 0.085276
vt 0.821877 0.061324
vt 0.842847 0.054681
vt 0.863451 0.042977
vt 0.884459 0.029659
vt 0.901774 0.024456
vt 0.800259 0.084383
vt 0.782355 0.096485
vt 0.791431 0.104476
vt 0.806197 0.098719
vt 0.796565 0.109361
vt 0.807163 0.105692
vt 0.829305 0.099447
vt 0.824289 0.079092
vt 0.827351 0.092657
vt 0.848099 0.087498
vt 0.850127 0.094966
vt 0.902228 0.029997
vt 0.918754 0.025797
vt 0.822786 0.067265
vt 0.845469 0.075659
vt 0.842975 0.064736
vt 0.867544 0.084571
vt 0.869938 0.091153
vt 0.842711 0.059430
vt 0.862345 0.062494
vt 0.864341 0.073252
vt 0.886375 0.081339
vt 0.889098 0.087237
vt 0.861816 0.057857
vt 0.880556 0.060762
vt 0.882849 0.070790
vt 0.904231 0.078187
vt 0.906909 0.083879
vt 0.862004 0.053993
vt 0.900996 0.069385
vt 0.880469 0.056323
vt 0.897820 0.060248
vt 0.920940 0.074387
vt 0.923552 0.079836
vt 0.881022 0.052637
vt 0.917872 0.066329
vt 0.898266 0.055172
vt 0.915520 0.058674
vt 0.936546 0.069985
vt 0.939421 0.075169
vt 0.882497 0.042165
vt 0.933530 0.062682
vt 0.932268 0.056781
vt 0.899056 0.051559
vt 0.900618 0.041357
vt 0.915518 0.053951
vt 0.916085 0.050142
vt 0.917630 0.041377
vt 0.931576 0.053078
vt 0.932211 0.048872
vt 0.918896 0.031490
vt 0.935147 0.028189
vt 0.946115 0.051838
vt 0.933636 0.042197
vt 0.934645 0.033851
vt 0.950481 0.032531
vt 0.946008 0.047321
vt 0.947052 0.043311
vt 0.948721 0.037187
vt 0.959347 0.046027
vt 0.962049 0.041833
vt 0.964222 0.039939
vt 0.971486 0.049429
vt 0.961133 0.050495
vt 0.946893 0.054354
vt 0.961421 0.052815
vt 0.965177 0.056941
vt 0.948146 0.058892
vt 0.951191 0.064483
vt 0.953769 0.068734
vt 0.966142 0.060080
vt 0.775459 0.326934
vt 0.760366 0.333215
vt 0.769982 0.319814
vt 0.756707 0.323992
vt 0.766390 0.312720
vt 0.743262 0.328662
vt 0.753922 0.315473
vt 0.762735 0.302835
vt 0.741928 0.321147
vt 0.751011 0.304673
vt 0.759980 0.292591
vt 0.723841 0.326505
vt 0.725030 0.333968
vt 0.739936 0.314444
vt 0.748649 0.293739
vt 0.757265 0.279669
vt 0.710832 0.331732
vt 0.710044 0.340311
vt 0.723232 0.318710
vt 0.737494 0.304821
vt 0.746319 0.280609
vt 0.753915 0.251106
vt 0.696058 0.335223
vt 0.696358 0.345173
vt 0.682893 0.344879
vt 0.709791 0.323194
vt 0.722348 0.308147
vt 0.735503 0.294928
vt 0.681945 0.335316
vt 0.671496 0.345362
vt 0.695228 0.326259
vt 0.708399 0.311872
vt 0.721343 0.297325
vt 0.669669 0.335690
vt 0.648968 0.345111
vt 0.681454 0.326660
vt 0.694326 0.314468
vt 0.707150 0.300213
vt 0.680930 0.314950
vt 0.693506 0.302460
vt 0.680476 0.303249
vt 0.667871 0.315377
vt 0.668668 0.327247
vt 0.706073 0.285551
vt 0.692655 0.287133
vt 0.679938 0.287730
vt 0.667526 0.303348
vt 0.719953 0.283547
vt 0.691485 0.254245
vt 0.704301 0.254019
vt 0.733703 0.281848
vt 0.717883 0.253396
vt 0.743172 0.251830
vt 0.730999 0.252672
vt 0.718165 0.221318
vt 0.742972 0.220980
vt 0.753554 0.220920
vt 0.730933 0.221766
vt 0.746096 0.181872
vt 0.756770 0.183066
vt 0.736790 0.181518
vt 0.754871 0.147971
vt 0.764498 0.149151
vt 0.703980 0.220687
vt 0.721980 0.182679
vt 0.741165 0.150946
vt 0.761887 0.122549
vt 0.770146 0.121800
vt 0.706140 0.182701
vt 0.725036 0.152073
vt 0.745989 0.127931
vt 0.761097 0.109364
vt 0.769802 0.108110
vt 0.764562 0.091344
vt 0.708234 0.153569
vt 0.728041 0.132653
vt 0.748341 0.112965
vt 0.710653 0.134639
vt 0.730852 0.117282
vt 0.711537 0.120532
vt 0.756034 0.094265
vt 0.745335 0.097319
vt 0.730358 0.102371
vt 0.752147 0.082066
vt 0.760544 0.078147
vt 0.742565 0.088413
vt 0.749405 0.072566
vt 0.757382 0.068464
vt 0.710449 0.108433
vt 0.729322 0.095052
vt 0.741095 0.078623
vt 0.746800 0.065755
vt 0.753247 0.060908
vt 0.739218 0.068502
vt 0.744331 0.061180
vt 0.748703 0.055608
vt 0.738893 0.051853
vt 0.729064 0.085336
vt 0.711060 0.102612
vt 0.738061 0.060953
vt 0.728238 0.071798
vt 0.727368 0.059142
vt 0.726698 0.050255
vt 0.713770 0.093153
vt 0.714979 0.081622
vt 0.715636 0.057660
vt 0.714467 0.048928
vt 0.715820 0.069738
vt 0.703392 0.054819
vt 0.703226 0.048401
vt 0.696605 0.050267
vt 0.697695 0.056410
vt 0.698158 0.065349
vt 0.705013 0.068243
vt 0.697502 0.081815
vt 0.703873 0.083499
vt 0.694371 0.094045
vt 0.700149 0.098586
vt 0.689560 0.102812
vt 0.687519 0.099703
vt 0.675622 0.098511
vt 0.680281 0.094440
vt 0.680296 0.082185
vt 0.699102 0.105434
vt 0.698646 0.112035
vt 0.688521 0.106066
vt 0.698217 0.122133
vt 0.677747 0.105288
vt 0.687675 0.113960
vt 0.674480 0.080220
vt 0.682794 0.065892
vt 0.697544 0.135347
vt 0.685539 0.134126
vt 0.695619 0.153227
vt 0.687177 0.121505
vt 0.693037 0.182639
vt 0.678203 0.114057
vt 0.676821 0.064784
vt 0.684797 0.055902
vt 0.678213 0.122452
vt 0.685379 0.153141
vt 0.691533 0.219715
vt 0.679986 0.253934
vt 0.681503 0.218479
vt 0.684166 0.181858
vt 0.676526 0.153449
vt 0.673230 0.183497
vt 0.677300 0.133093
vt 0.667269 0.287411
vt 0.671609 0.218145
vt 0.668632 0.253364
vt 0.652984 0.286875
vt 0.659090 0.217531
vt 0.661298 0.181533
vt 0.663498 0.151865
vt 0.663486 0.128363
vt 0.646582 0.179909
vt 0.655649 0.252517
vt 0.652562 0.303802
vt 0.662959 0.116363
vt 0.644868 0.145957
vt 0.643435 0.217238
vt 0.652155 0.316179
vt 0.651266 0.328181
vt 0.634032 0.314498
vt 0.650144 0.336039
vt 0.632178 0.326736
vt 0.630769 0.334965
vt 0.629486 0.344538
vt 0.635662 0.301921
vt 0.617724 0.312189
vt 0.613162 0.333725
vt 0.611681 0.344057
vt 0.615029 0.324834
vt 0.637515 0.285137
vt 0.597364 0.332125
vt 0.595217 0.343608
vt 0.580547 0.334161
vt 0.584058 0.324054
vt 0.600026 0.322098
vt 0.587420 0.315185
vt 0.603541 0.309051
vt 0.591711 0.303510
vt 0.620247 0.299344
vt 0.606842 0.295960
vt 0.595470 0.291761
vt 0.622981 0.282726
vt 0.610285 0.279971
vt 0.599010 0.277162
vt 0.641166 0.251247
vt 0.627072 0.249381
vt 0.614735 0.247265
vt 0.603565 0.245581
vt 0.628011 0.216087
vt 0.615845 0.214093
vt 0.605588 0.212847
vt 0.627677 0.175564
vt 0.616086 0.172573
vt 0.605242 0.172196
vt 0.625014 0.138630
vt 0.612439 0.135501
vt 0.603131 0.134903
vt 0.642707 0.120087
vt 0.611630 0.108813
vt 0.601111 0.105270
vt 0.623531 0.112047
vt 0.643273 0.108059
vt 0.613206 0.094240
vt 0.603391 0.091312
vt 0.611127 0.074693
vt 0.624550 0.099349
vt 0.662810 0.107273
vt 0.645233 0.096437
vt 0.663360 0.099063
vt 0.629849 0.085610
vt 0.619941 0.078121
vt 0.662431 0.089938
vt 0.646952 0.085332
vt 0.624903 0.066402
vt 0.616516 0.061313
vt 0.634761 0.074973
vt 0.664051 0.075315
vt 0.649203 0.076920
vt 0.629427 0.057799
vt 0.621757 0.051956
vt 0.638476 0.065999
vt 0.655470 0.064744
vt 0.633885 0.050696
vt 0.627993 0.045290
vt 0.634721 0.042536
vt 0.642442 0.057127
vt 0.637672 0.047152
vt 0.645764 0.040402
vt 0.666451 0.064084
vt 0.645335 0.048965
vt 0.657291 0.050862
vt 0.658597 0.040744
vt 0.669763 0.051894
vt 0.671177 0.042170
vt 0.682145 0.045243
vt 0.679441 0.053417
vt 0.686925 0.050427
vt 1.993443 0.767934
vt 1.993300 0.745216
vt 1.965052 0.748161
vt 1.962923 0.770043
vt 1.930669 0.749500
vt 1.993684 0.789863
vt 1.930262 0.771194
vt 1.897199 0.749572
vt 1.962455 0.791129
vt 1.993888 0.816968
vt 1.962670 0.816996
vt 1.994057 0.844203
vt 1.930128 0.791625
vt 1.897223 0.771382
vt 1.864108 0.771143
vt 1.862729 0.749208
vt 1.832314 0.771073
vt 1.832325 0.749203
vt 1.800654 0.749703
vt 1.800754 0.771645
vt 1.770384 0.750603
vt 1.832726 0.792342
vt 1.864888 0.791847
vt 1.769621 0.772768
vt 1.741126 0.752055
vt 1.897496 0.791766
vt 1.865193 0.817127
vt 1.800767 0.794055
vt 1.738186 0.774668
vt 1.707582 0.754604
vt 1.897984 0.816978
vt 1.832765 0.817903
vt 1.768762 0.795866
vt 1.705130 0.777529
vt 1.670693 0.758053
vt 1.930555 0.816999
vt 1.865720 0.843263
vt 1.800442 0.819151
vt 1.736300 0.798111
vt 1.671212 0.780909
vt 1.644033 0.760543
vt 1.963117 0.843567
vt 1.832925 0.843884
vt 1.767823 0.820770
vt 1.702794 0.801074
vt 1.643665 0.783560
vt 1.618242 0.762413
vt 1.963624 0.869440
vt 1.994201 0.870310
vt 1.800106 0.844924
vt 1.734717 0.822798
vt 1.668130 0.804382
vt 1.616734 0.785809
vt 1.591654 0.763432
vt 1.963519 0.894334
vt 1.994295 0.894791
vt 1.766898 0.846281
vt 1.700697 0.825338
vt 1.640752 0.806954
vt 1.589679 0.787646
vt 1.565309 0.763322
vt 1.963750 0.918423
vt 1.994254 0.917031
vt 1.733111 0.847946
vt 1.665281 0.828252
vt 1.613788 0.809237
vt 1.562945 0.788590
vt 1.538754 0.762983
vt 1.964276 0.942657
vt 1.994069 0.940382
vt 1.698396 0.849945
vt 1.637652 0.830359
vt 1.586459 0.811162
vt 1.536195 0.788679
vt 1.514660 0.762044
vt 1.965366 0.967356
vt 1.993714 0.963451
vt 1.964228 0.994615
vt 1.993135 0.994803
vt 1.937450 0.994647
vt 1.935440 0.968828
vt 1.905589 0.994784
vt 1.934162 0.943962
vt 1.903656 0.969390
vt 1.872248 0.994937
vt 1.933322 0.919240
vt 1.902277 0.944603
vt 1.870299 0.969751
vt 1.932494 0.894408
vt 1.901175 0.919709
vt 1.931784 0.869113
vt 1.835163 0.970017
vt 1.835532 0.995072
vt 1.869097 0.945028
vt 1.900210 0.894575
vt 1.931140 0.843267
vt 1.899352 0.869051
vt 1.898598 0.843121
vt 1.866432 0.869239
vt 1.868107 0.920096
vt 1.867220 0.894864
vt 1.833264 0.869785
vt 1.833691 0.895383
vt 1.799862 0.870677
vt 1.834193 0.920578
vt 1.765984 0.871808
vt 1.799676 0.896163
vt 1.834722 0.945415
vt 1.731440 0.873113
vt 1.765082 0.897036
vt 1.799573 0.921200
vt 1.799421 0.945851
vt 1.764271 0.921830
vt 1.729696 0.897953
vt 1.695859 0.874548
vt 1.798973 0.970264
vt 1.797612 0.995150
vt 1.763451 0.946269
vt 1.762635 0.970474
vt 1.761599 0.995171
vt 1.727170 0.995141
vt 1.728026 0.922391
vt 1.725540 0.970493
vt 1.684071 0.995035
vt 1.726460 0.946524
vt 1.693212 0.898833
vt 1.684904 0.970374
vt 1.638028 0.994846
vt 1.690490 0.922731
vt 1.687565 0.946457
vt 1.637813 0.969438
vt 1.609852 0.994645
vt 1.646753 0.945447
vt 1.651929 0.922540
vt 1.655765 0.899441
vt 1.659181 0.876021
vt 1.609311 0.973387
vt 1.584184 0.994463
vt 1.584548 0.976012
vt 1.555927 0.994313
vt 1.610473 0.966121
vt 1.617020 0.943668
vt 1.622911 0.921789
vt 1.626942 0.899571
vt 1.662376 0.852247
vt 1.630757 0.876897
vt 1.634388 0.853834
vt 1.610445 0.832336
vt 1.606860 0.855167
vt 1.603055 0.877627
vt 1.599086 0.899596
vt 1.582841 0.834105
vt 1.578912 0.856338
vt 1.559620 0.812481
vt 1.555774 0.835383
vt 1.574989 0.878295
vt 1.595051 0.920968
vt 1.532765 0.813200
vt 1.551672 0.857387
vt 1.570972 0.899609
vt 1.588673 0.942202
vt 1.511901 0.788033
vt 1.490670 0.760478
vt 1.528709 0.836168
vt 1.547624 0.878839
vt 1.567086 0.920279
vt 1.487837 0.786717
vt 1.468776 0.758763
vt 1.508454 0.813070
vt 1.524487 0.858100
vt 1.543725 0.899561
vt 1.466284 0.785067
vt 1.442651 0.756847
vt 1.484442 0.812108
vt 1.504344 0.836462
vt 1.520187 0.879137
vt 1.500032 0.858281
vt 1.480379 0.835999
vt 1.463015 0.810518
vt 1.441250 0.782408
vt 1.417985 0.779025
vt 1.420997 0.755663
vt 1.438124 0.807496
vt 1.459038 0.834676
vt 1.476002 0.857692
vt 1.495557 0.879090
vt 1.399316 0.775279
vt 1.403826 0.752580
vt 1.516124 0.899471
vt 1.380974 0.770580
vt 1.386953 0.747518
vt 1.540246 0.919416
vt 1.358651 0.763638
vt 1.365944 0.739467
vt 1.568777 0.942240
vt 1.335684 0.755442
vt 1.343865 0.729974
vt 1.302624 0.742458
vt 1.308010 0.714770
vt 1.285816 0.741482
vt 1.266275 0.697335
vt 1.297313 0.764280
vt 1.331015 0.780536
vt 1.354464 0.788444
vt 1.376208 0.794816
vt 1.395131 0.799543
vt 1.414328 0.803565
vt 1.434121 0.831467
vt 1.454606 0.856377
vt 1.471395 0.878436
vt 1.491366 0.899403
vt 1.513157 0.918329
vt 1.537336 0.935939
vt 1.391169 0.823384
vt 1.410252 0.827417
vt 1.429496 0.853485
vt 1.449806 0.877103
vt 1.467083 0.898784
vt 1.488806 0.916977
vt 1.511192 0.933720
vt 1.405438 0.850654
vt 1.424360 0.874066
vt 1.445324 0.897345
vt 1.464893 0.915247
vt 1.535604 0.947498
vt 1.487350 0.932333
vt 1.509774 0.948255
vt 1.559359 0.962518
vt 1.534271 0.962430
vt 1.585711 0.963714
vt 1.557543 0.976366
vt 1.532169 0.976601
vt 1.529818 0.994259
vt 1.508541 0.962681
vt 1.506783 0.976568
vt 1.504865 0.994306
vt 1.486248 0.947657
vt 1.483969 0.976362
vt 1.482569 0.994425
vt 1.485250 0.962628
vt 1.463928 0.930916
vt 1.461050 0.975962
vt 1.459824 0.994601
vt 1.462083 0.961995
vt 1.462995 0.946226
vt 1.443234 0.913252
vt 1.439583 0.975482
vt 1.438059 0.994789
vt 1.442424 0.929030
vt 1.440438 0.960759
vt 1.441525 0.944724
vt 1.412760 0.974611
vt 1.409952 0.994880
vt 1.415309 0.941911
vt 1.414253 0.958288
vt 1.416322 0.925765
vt 1.386236 0.973902
vt 1.384715 0.994894
vt 1.388144 0.956888
vt 1.389287 0.939190
vt 1.417231 0.909573
vt 1.363168 0.972995
vt 1.362933 0.994872
vt 1.339638 0.994839
vt 1.365643 0.955198
vt 1.390507 0.922089
vt 1.340320 0.971868
vt 1.316649 0.994818
vt 1.367832 0.936537
vt 1.343196 0.953099
vt 1.316177 0.971440
vt 1.318318 0.949337
vt 1.289534 0.975099
vt 1.287257 0.994818
vt 1.291521 0.960208
vt 1.256846 0.973267
vt 1.252280 0.994835
vt 1.259808 0.953303
vt 1.226331 0.971035
vt 1.224025 0.994844
vt 1.293591 0.944320
vt 1.229444 0.949769
vt 1.195210 0.969100
vt 1.192314 0.994837
vt 1.199493 0.947023
vt 1.161946 0.966729
vt 1.154825 0.994846
vt 1.168479 0.943289
vt 1.128909 0.963525
vt 1.118593 0.994778
vt 1.137374 0.938949
vt 1.100846 0.960808
vt 1.099655 0.994843
vt 1.107272 0.934432
vt 1.072055 0.959793
vt 1.071485 0.994925
vt 1.076452 0.932853
vt 1.056567 0.960183
vt 1.055758 0.994970
vt 1.060081 0.933074
vt 1.040935 0.960398
vt 1.039634 0.994967
vt 1.009246 0.959566
vt 1.009249 0.994869
vt 1.009191 0.932650
vt 1.043127 0.933087
vt 1.009171 0.911543
vt 1.044779 0.908883
vt 1.009207 0.894730
vt 1.063535 0.909383
vt 1.064146 0.883659
vt 1.081368 0.909435
vt 1.043173 0.882926
vt 1.114111 0.913427
vt 1.025798 0.873408
vt 1.009256 0.881051
vt 1.033803 0.857579
vt 1.050044 0.858085
vt 1.087621 0.883899
vt 1.144356 0.918077
vt 1.042682 0.836561
vt 1.026487 0.841305
vt 1.015924 0.831124
vt 1.012925 0.836542
vt 1.019468 0.818777
vt 1.044682 0.819301
vt 1.060139 0.837961
vt 1.065673 0.858844
vt 1.062838 0.819613
vt 1.057069 0.799648
vt 1.081239 0.859619
vt 1.078497 0.838829
vt 1.070515 0.799531
vt 1.061559 0.778376
vt 1.080009 0.819939
vt 1.074112 0.778495
vt 1.069612 0.759574
vt 1.083918 0.800678
vt 1.110163 0.822884
vt 1.109031 0.841757
vt 1.109077 0.873493
vt 1.108906 0.859395
vt 1.121181 0.893957
vt 1.130425 0.878030
vt 1.150331 0.899433
vt 1.174441 0.922961
vt 1.204262 0.927477
vt 1.179920 0.904753
vt 1.156348 0.882754
vt 1.134160 0.862072
vt 1.233413 0.931429
vt 1.208986 0.909553
vt 1.136386 0.844910
vt 1.184847 0.887513
vt 1.160766 0.866095
vt 1.263485 0.937151
vt 1.237863 0.914308
vt 1.213502 0.891843
vt 1.188919 0.870312
vt 1.267820 0.919618
vt 1.242313 0.896116
vt 1.298362 0.925522
vt 1.163809 0.848906
vt 1.217404 0.874022
vt 1.272071 0.900654
vt 1.322343 0.929751
vt 1.191967 0.852925
vt 1.246196 0.877324
vt 1.346356 0.933524
vt 1.369437 0.918356
vt 1.348407 0.914072
vt 1.325050 0.909695
vt 1.391159 0.904952
vt 1.369911 0.899303
vt 1.394887 0.887594
vt 1.348970 0.892305
vt 1.301620 0.905545
vt 1.332609 0.886331
vt 1.301374 0.884530
vt 1.419750 0.893499
vt 1.398611 0.870444
vt 1.373415 0.881584
vt 1.385622 0.846738
vt 1.379986 0.865174
vt 1.356581 0.875612
vt 1.358068 0.870913
vt 1.362042 0.857559
vt 1.366059 0.841442
vt 1.344128 0.870959
vt 1.347162 0.861573
vt 1.329402 0.860524
vt 1.350275 0.851274
vt 1.372276 0.818744
vt 1.350603 0.812940
vt 1.317226 0.867466
vt 1.334063 0.852302
vt 1.350272 0.836363
vt 1.327425 0.805920
vt 1.338930 0.843368
vt 1.331510 0.823768
vt 1.313178 0.846917
vt 1.320869 0.838325
vt 1.327636 0.831034
vt 1.315841 0.817373
vt 1.308736 0.803498
vt 1.309504 0.825712
vt 1.300683 0.834253
vt 1.300567 0.810843
vt 1.301095 0.783698
vt 1.289543 0.819800
vt 1.290669 0.844733
vt 1.292003 0.793663
vt 1.284408 0.772801
vt 1.280037 0.801523
vt 1.273504 0.784782
vt 1.268405 0.752227
vt 1.305385 0.856413
vt 1.301327 0.866491
vt 1.276102 0.880641
vt 1.277505 0.856713
vt 1.249271 0.858087
vt 1.275370 0.830950
vt 1.220286 0.856066
vt 1.250444 0.837806
vt 1.221804 0.837861
vt 1.266968 0.808844
vt 1.193839 0.835260
vt 1.221947 0.820265
vt 1.249161 0.818506
vt 1.260885 0.790007
vt 1.243293 0.800395
vt 1.165587 0.830894
vt 1.195288 0.817457
vt 1.137910 0.826529
vt 1.167007 0.811571
vt 1.222560 0.804339
vt 1.138937 0.806682
vt 1.197979 0.800227
vt 1.223579 0.792633
vt 1.238810 0.788655
vt 1.202925 0.785217
vt 1.182179 0.773985
vt 1.247624 0.778399
vt 1.168640 0.789022
vt 1.169758 0.759100
vt 1.256291 0.762526
vt 1.245982 0.765109
vt 1.238968 0.751603
vt 1.243360 0.740951
vt 1.223629 0.743380
vt 1.253824 0.724467
vt 1.226445 0.731945
vt 1.232339 0.712168
vt 1.241123 0.687807
vt 1.211496 0.679601
vt 1.206192 0.705911
vt 1.185035 0.675045
vt 1.202611 0.728850
vt 1.200507 0.741044
vt 1.181339 0.747396
vt 1.177672 0.705533
vt 1.160724 0.672793
vt 1.172217 0.735914
vt 1.149089 0.705827
vt 1.128369 0.672278
vt 1.155347 0.757234
vt 1.120840 0.706576
vt 1.097749 0.673132
vt 1.140557 0.739799
vt 1.138668 0.783979
vt 1.093485 0.709352
vt 1.082447 0.672920
vt 1.139413 0.758937
vt 1.116060 0.743318
vt 1.081237 0.710625
vt 1.065268 0.673095
vt 1.068352 0.711814
vt 1.070469 0.743224
vt 1.114965 0.761441
vt 1.090756 0.744307
vt 1.080895 0.743934
vt 1.081328 0.760922
vt 1.092304 0.761413
vt 1.085362 0.779710
vt 1.111787 0.781543
vt 1.111617 0.802983
vt 1.992392 0.730811
vt 1.992389 0.710305
vt 1.960191 0.727931
vt 1.957996 0.709664
vt 1.930632 0.724509
vt 1.963792 0.690366
vt 1.992379 0.690090
vt 1.939054 0.696561
vt 1.964410 0.665034
vt 1.992375 0.664847
vt 1.905339 0.692931
vt 1.903044 0.721807
vt 1.869720 0.717590
vt 1.936361 0.665769
vt 1.935947 0.637701
vt 1.964586 0.638841
vt 1.992376 0.639332
vt 1.965573 0.613428
vt 1.992378 0.614896
vt 1.992379 0.592288
vt 1.873540 0.689575
vt 1.838237 0.713308
vt 1.905018 0.664279
vt 1.967615 0.589984
vt 1.992386 0.572308
vt 1.838839 0.686311
vt 1.802156 0.708314
vt 1.872744 0.662324
vt 1.803384 0.682864
vt 1.765266 0.703770
vt 1.937821 0.609993
vt 1.968106 0.573772
vt 1.992399 0.552226
vt 1.904866 0.636405
vt 1.839260 0.660164
vt 1.936913 0.583474
vt 1.905745 0.608571
vt 1.872456 0.635273
vt 1.967921 0.552428
vt 1.992417 0.533473
vt 1.935275 0.552433
vt 1.967191 0.536997
vt 1.992444 0.513005
vt 1.965279 0.514275
vt 1.928960 0.517291
vt 1.905741 0.554937
vt 1.901866 0.519741
vt 1.869417 0.523743
vt 1.905355 0.584693
vt 1.872038 0.558298
vt 1.832345 0.528218
vt 1.872675 0.608214
vt 1.836034 0.562751
vt 1.797887 0.532490
vt 1.870833 0.584826
vt 1.839245 0.634381
vt 1.839129 0.608559
vt 1.804459 0.658125
vt 1.800727 0.566650
vt 1.763576 0.536451
vt 1.838488 0.585559
vt 1.803874 0.587615
vt 1.804836 0.633971
vt 1.767323 0.679368
vt 1.766960 0.569886
vt 1.729517 0.540074
vt 1.769676 0.588166
vt 1.804632 0.609574
vt 1.770579 0.610820
vt 1.769556 0.655833
vt 1.730935 0.675503
vt 1.727233 0.700346
vt 1.730583 0.573620
vt 1.702816 0.542867
vt 1.736998 0.593471
vt 1.770555 0.633922
vt 1.735914 0.651872
vt 1.706512 0.672069
vt 1.702317 0.697816
vt 1.705180 0.576160
vt 1.680549 0.545262
vt 1.737915 0.611241
vt 1.737431 0.634686
vt 1.706965 0.640929
vt 1.708319 0.605625
vt 1.681805 0.669471
vt 1.677632 0.695653
vt 1.684836 0.607011
vt 1.683078 0.639836
vt 1.658024 0.667405
vt 1.653775 0.693767
vt 1.682045 0.577947
vt 1.658531 0.547589
vt 1.662770 0.608123
vt 1.660698 0.639057
vt 1.659045 0.579493
vt 1.636412 0.550012
vt 1.634652 0.665945
vt 1.630337 0.692103
vt 1.637678 0.638537
vt 1.639545 0.609094
vt 1.637015 0.581186
vt 1.613994 0.582476
vt 1.613374 0.552526
vt 1.588535 0.555073
vt 1.610860 0.664800
vt 1.606663 0.690548
vt 1.615363 0.609980
vt 1.588554 0.583159
vt 1.560539 0.557784
vt 1.613714 0.638276
vt 1.585800 0.663896
vt 1.582236 0.689002
vt 1.560886 0.585125
vt 1.530946 0.560678
vt 1.589525 0.610887
vt 1.588186 0.638103
vt 1.558402 0.663051
vt 1.555348 0.687291
vt 1.531951 0.587072
vt 1.499993 0.563891
vt 1.561206 0.611996
vt 1.560288 0.638199
vt 1.530361 0.662257
vt 1.527556 0.685076
vt 1.500668 0.589076
vt 1.469059 0.566423
vt 1.532276 0.613118
vt 1.531827 0.638478
vt 1.501467 0.661534
vt 1.499819 0.683460
vt 1.469863 0.590801
vt 1.438315 0.568843
vt 1.501337 0.614161
vt 1.501798 0.638643
vt 1.472729 0.661243
vt 1.471666 0.682851
vt 1.472215 0.638920
vt 1.443720 0.661054
vt 1.443296 0.682650
vt 1.414893 0.682490
vt 1.470971 0.615077
vt 1.414299 0.660737
vt 1.386674 0.682050
vt 1.442739 0.639316
vt 1.440955 0.616090
vt 1.383024 0.659242
vt 1.354061 0.681169
vt 1.412928 0.639944
vt 1.439375 0.592501
vt 1.408044 0.571448
vt 1.411107 0.617199
vt 1.409352 0.594320
vt 1.378531 0.574356
vt 1.381561 0.641271
vt 1.379751 0.596376
vt 1.349551 0.577310
vt 1.381236 0.618371
vt 1.350775 0.598429
vt 1.321745 0.580155
vt 1.352260 0.618381
vt 1.353168 0.636670
vt 1.373181 0.650259
vt 1.322731 0.600773
vt 1.295287 0.582699
vt 1.324291 0.618993
vt 1.354278 0.662332
vt 1.296010 0.603695
vt 1.270444 0.584609
vt 1.352124 0.649558
vt 1.325498 0.660241
vt 1.322816 0.679327
vt 1.325559 0.635258
vt 1.325360 0.647603
vt 1.297990 0.655924
vt 1.293366 0.676465
vt 1.270262 0.607647
vt 1.232376 0.585470
vt 1.300303 0.645014
vt 1.271513 0.647863
vt 1.265673 0.672071
vt 1.253050 0.647073
vt 1.232692 0.668993
vt 1.234511 0.643348
vt 1.299483 0.634325
vt 1.274103 0.635306
vt 1.202636 0.640436
vt 1.195019 0.666139
vt 1.234727 0.637783
vt 1.297562 0.620101
vt 1.271304 0.621993
vt 1.255979 0.635897
vt 1.233462 0.623191
vt 1.160247 0.638034
vt 1.154786 0.662275
vt 1.232843 0.609275
vt 1.201896 0.623630
vt 1.197697 0.609886
vt 1.196013 0.586977
vt 1.120355 0.635539
vt 1.115494 0.657369
vt 1.161584 0.625699
vt 1.162055 0.610218
vt 1.157481 0.589965
vt 1.162665 0.614146
vt 1.123974 0.612505
vt 1.118934 0.595877
vt 1.095315 0.614356
vt 1.086227 0.605262
vt 1.078202 0.617045
vt 1.095663 0.617814
vt 1.125372 0.615529
vt 1.125329 0.623335
vt 1.097852 0.623993
vt 1.075867 0.632741
vt 1.090000 0.646262
vt 1.105356 0.630772
vt 1.333122 0.408924
vt 1.344016 0.418906
vt 1.343341 0.415717
vt 1.358824 0.419980
vt 1.357495 0.423354
vt 1.372270 0.426382
vt 1.345140 0.411019
vt 1.373757 0.422842
vt 1.387945 0.428591
vt 1.360972 0.414884
vt 1.389149 0.424284
vt 1.404440 0.429905
vt 1.375036 0.416003
vt 1.362133 0.408830
vt 1.405575 0.424928
vt 1.422027 0.429962
vt 1.345866 0.407615
vt 1.390045 0.416735
vt 1.423328 0.424805
vt 1.441810 0.429587
vt 1.406363 0.416455
vt 1.389869 0.406714
vt 1.374735 0.407545
vt 1.361776 0.405271
vt 1.346763 0.403144
vt 1.442539 0.424109
vt 1.461653 0.429149
vt 1.424039 0.414142
vt 1.462350 0.423408
vt 1.482255 0.430090
vt 1.406046 0.405093
vt 1.443029 0.412838
vt 1.483353 0.423947
vt 1.503958 0.431713
vt 1.423629 0.403189
vt 1.462625 0.411074
vt 1.504923 0.426425
vt 1.511061 0.433819
vt 1.516127 0.427193
vt 1.523658 0.417592
vt 1.484356 0.409474
vt 1.505989 0.408391
vt 1.530402 0.400970
vt 1.442128 0.400771
vt 1.462567 0.398016
vt 1.508162 0.392757
vt 1.531757 0.391041
vt 1.531047 0.383429
vt 1.484436 0.394729
vt 1.507223 0.385927
vt 1.529159 0.376504
vt 1.441599 0.395104
vt 1.483599 0.389505
vt 1.505735 0.379973
vt 1.522944 0.366421
vt 1.461475 0.391987
vt 1.482470 0.383857
vt 1.498940 0.364051
vt 1.510945 0.353084
vt 1.492554 0.348113
vt 1.501664 0.344420
vt 1.497361 0.337039
vt 1.490450 0.339632
vt 1.470525 0.348344
vt 1.460392 0.386959
vt 1.477786 0.369753
vt 1.472525 0.355587
vt 1.451219 0.355289
vt 1.457118 0.374364
vt 1.452676 0.361337
vt 1.432172 0.360281
vt 1.440708 0.390241
vt 1.433341 0.366036
vt 1.413208 0.365212
vt 1.437099 0.378267
vt 1.422569 0.397811
vt 1.414153 0.370625
vt 1.396439 0.369987
vt 1.418333 0.381966
vt 1.421425 0.393190
vt 1.405272 0.400484
vt 1.397595 0.375092
vt 1.381012 0.375607
vt 1.403935 0.395902
vt 1.389308 0.402204
vt 1.400939 0.385244
vt 1.382177 0.379981
vt 1.366605 0.381975
vt 1.388254 0.398065
vt 1.374481 0.403722
vt 1.385133 0.388827
vt 1.373396 0.399724
vt 1.367810 0.385584
vt 1.360404 0.401837
vt 1.370428 0.393173
vt 1.358300 0.397388
vt 1.355026 0.391549
vt 1.352860 0.388395
vt 1.343602 0.398181
vt 1.340986 0.396618
vt 1.575725 0.428068
vt 1.582116 0.419996
vt 1.565786 0.410543
vt 1.568451 0.408237
vt 1.556682 0.392059
vt 1.571208 0.399342
vt 1.594284 0.403655
vt 1.595872 0.393536
vt 1.566152 0.393844
vt 1.595343 0.383206
vt 1.565920 0.390846
vt 1.565982 0.387278
vt 1.591467 0.374331
vt 1.566331 0.374770
vt 1.579332 0.363901
vt 1.969267 0.084585
vt 1.968300 0.088739
vt 1.980307 0.086466
vt 1.979061 0.090262
vt 1.984590 0.089334
vt 1.976950 0.093137
vt 1.967265 0.092685
vt 1.982684 0.091977
vt 1.987272 0.092140
vt 1.983425 0.093449
vt 1.983896 0.097207
vt 1.988651 0.097509
vt 1.975360 0.099281
vt 1.963383 0.100353
vt 1.980574 0.115050
vt 1.984778 0.115579
vt 1.981842 0.137059
vt 1.971223 0.116844
vt 1.976975 0.136419
vt 1.979128 0.160055
vt 1.974065 0.160315
vt 1.976779 0.184262
vt 1.967083 0.137714
vt 1.959116 0.119358
vt 1.971925 0.184094
vt 1.975487 0.211610
vt 1.963838 0.160150
vt 1.969973 0.212145
vt 1.974225 0.239218
vt 1.955251 0.117876
vt 1.959286 0.099563
vt 1.956095 0.139306
vt 1.961367 0.183750
vt 1.952132 0.138425
vt 1.953630 0.161083
vt 1.947535 0.160446
vt 1.949971 0.183987
vt 1.957775 0.211368
vt 1.968958 0.239665
vt 1.973987 0.266553
vt 1.979800 0.266462
vt 1.979958 0.293468
vt 1.986388 0.293992
vt 1.983030 0.309022
vt 1.988553 0.310070
vt 1.985197 0.324472
vt 1.988565 0.326487
vt 1.980102 0.335619
vt 1.976938 0.310412
vt 1.964975 0.295987
vt 1.962599 0.267930
vt 1.955800 0.239990
vt 1.973895 0.327652
vt 1.965697 0.335294
vt 1.978270 0.351636
vt 1.965105 0.315362
vt 1.949084 0.270018
vt 1.944952 0.212904
vt 1.947943 0.298971
vt 1.940484 0.242526
vt 1.943877 0.183529
vt 1.946935 0.319530
vt 1.936752 0.271974
vt 1.939016 0.212912
vt 1.932804 0.301583
vt 1.933392 0.243036
vt 1.929946 0.272145
vt 1.930967 0.180046
vt 1.924901 0.208123
vt 1.924500 0.240660
vt 1.922868 0.272076
vt 1.925205 0.301295
vt 1.928461 0.325010
vt 1.937033 0.156740
vt 1.945270 0.340165
vt 1.941158 0.132655
vt 1.965576 0.351387
vt 1.978357 0.358719
vt 1.965634 0.359104
vt 1.978733 0.365867
vt 1.944361 0.111189
vt 1.949191 0.355996
vt 1.965716 0.366686
vt 1.978852 0.371734
vt 1.949964 0.364327
vt 1.935796 0.359795
vt 1.965801 0.372576
vt 1.979238 0.377469
vt 1.965945 0.378500
vt 1.950343 0.372688
vt 1.950912 0.378466
vt 1.951756 0.384226
vt 1.933331 0.368726
vt 1.923858 0.347935
vt 1.932467 0.378025
vt 1.932836 0.384144
vt 1.933234 0.390221
vt 1.921186 0.366192
vt 1.920152 0.326410
vt 1.919695 0.375020
vt 1.918118 0.383980
vt 1.916901 0.391162
vt 1.915859 0.398510
vt 1.914665 0.350816
vt 1.915919 0.300933
vt 1.910957 0.368171
vt 1.909112 0.376604
vt 1.904378 0.395281
vt 1.901816 0.404759
vt 1.890420 0.398036
vt 1.907074 0.385198
vt 1.910752 0.325542
vt 1.904886 0.349722
vt 1.892915 0.391036
vt 1.878611 0.389052
vt 1.900009 0.367336
vt 1.897644 0.375764
vt 1.895126 0.384199
vt 1.880466 0.383056
vt 1.866014 0.376846
vt 1.882266 0.377006
vt 1.868463 0.372755
vt 1.857543 0.366519
vt 1.885285 0.369768
vt 1.887709 0.362412
vt 1.859958 0.361745
vt 1.852829 0.355718
vt 1.870688 0.368070
vt 1.854083 0.351036
vt 1.845404 0.347658
vt 1.847519 0.343082
vt 1.873358 0.360618
vt 1.861960 0.356495
vt 1.856238 0.346095
vt 1.849386 0.338277
vt 1.864628 0.350145
vt 1.858580 0.339503
vt 1.851709 0.332364
vt 1.876923 0.353675
vt 1.867429 0.343685
vt 1.860502 0.332628
vt 1.853646 0.326280
vt 1.888969 0.343120
vt 1.863111 0.318343
vt 1.855768 0.311561
vt 1.873461 0.328242
vt 1.895373 0.316930
vt 1.864296 0.308649
vt 1.857753 0.300009
vt 1.901783 0.293354
vt 1.878016 0.302226
vt 1.867154 0.290343
vt 1.863171 0.285126
vt 1.870899 0.271598
vt 1.885032 0.282709
vt 1.911526 0.266109
vt 1.897210 0.258403
vt 1.887545 0.249695
vt 1.908977 0.232855
vt 1.902795 0.226832
vt 1.913204 0.201310
vt 1.920987 0.175286
vt 1.928123 0.152129
vt 1.933088 0.129368
vt 1.935592 0.107045
vt 1.947856 0.091001
vt 1.938229 0.086067
vt 1.958745 0.091084
vt 1.949029 0.085410
vt 1.941456 0.081265
vt 1.960669 0.086321
vt 1.944442 0.079654
vt 1.949443 0.081127
vt 1.799912 0.017015
vt 1.788971 0.014164
vt 1.788089 0.023019
vt 1.800570 0.025924
vt 1.782157 0.034697
vt 1.822883 0.020689
vt 1.798668 0.042525
vt 1.775374 0.048640
vt 1.822574 0.029374
vt 1.844237 0.021857
vt 1.821941 0.042757
vt 1.798651 0.057451
vt 1.772389 0.059066
vt 1.844257 0.030187
vt 1.864347 0.022778
vt 1.843560 0.043370
vt 1.821694 0.056163
vt 1.798742 0.062913
vt 1.771429 0.065488
vt 1.864618 0.029655
vt 1.883772 0.023818
vt 1.863451 0.042977
vt 1.842847 0.054681
vt 1.821877 0.061324
vt 1.799273 0.070074
vt 1.771695 0.074148
vt 1.774743 0.085276
vt 1.884459 0.029659
vt 1.901774 0.024456
vt 1.882497 0.042165
vt 1.902228 0.029997
vt 1.918754 0.025797
vt 1.842711 0.059430
vt 1.800259 0.084383
vt 1.782355 0.096485
vt 1.791431 0.104476
vt 1.806197 0.098719
vt 1.796565 0.109361
vt 1.807163 0.105692
vt 1.829305 0.099447
vt 1.824289 0.079092
vt 1.827351 0.092657
vt 1.848099 0.087498
vt 1.850127 0.094966
vt 1.822786 0.067265
vt 1.842975 0.064736
vt 1.845469 0.075659
vt 1.867544 0.084571
vt 1.869938 0.091153
vt 1.862345 0.062494
vt 1.864341 0.073252
vt 1.886375 0.081339
vt 1.889098 0.087237
vt 1.861816 0.057857
vt 1.880556 0.060762
vt 1.882849 0.070790
vt 1.904231 0.078187
vt 1.906909 0.083879
vt 1.862004 0.053993
vt 1.880469 0.056323
vt 1.881022 0.052637
vt 1.897820 0.060248
vt 1.900996 0.069385
vt 1.920940 0.074387
vt 1.923552 0.079836
vt 1.898266 0.055172
vt 1.899055 0.051559
vt 1.915520 0.058674
vt 1.917872 0.066329
vt 1.936546 0.069985
vt 1.939421 0.075169
vt 1.915518 0.053951
vt 1.900618 0.041357
vt 1.933530 0.062682
vt 1.932268 0.056781
vt 1.951191 0.064483
vt 1.953769 0.068734
vt 1.966142 0.060080
vt 1.916085 0.050142
vt 1.917630 0.041377
vt 1.948146 0.058892
vt 1.965177 0.056941
vt 1.971486 0.049429
vt 1.961421 0.052815
vt 1.946893 0.054354
vt 1.961133 0.050495
vt 1.946115 0.051838
vt 1.959347 0.046027
vt 1.962049 0.041833
vt 1.931576 0.053078
vt 1.932211 0.048872
vt 1.946008 0.047321
vt 1.933636 0.042197
vt 1.947052 0.043311
vt 1.918896 0.031490
vt 1.935147 0.028189
vt 1.934645 0.033851
vt 1.950481 0.032531
vt 1.948721 0.037187
vt 1.964222 0.039939
vt 1.760366 0.333215
vt 1.775459 0.326934
vt 1.769982 0.319814
vt 1.756706 0.323992
vt 1.766390 0.312720
vt 1.743262 0.328662
vt 1.753922 0.315473
vt 1.762735 0.302835
vt 1.741928 0.321147
vt 1.751011 0.304673
vt 1.759980 0.292591
vt 1.723841 0.326505
vt 1.725030 0.333968
vt 1.739936 0.314444
vt 1.748649 0.293739
vt 1.757265 0.279669
vt 1.710832 0.331732
vt 1.710044 0.340311
vt 1.723232 0.318710
vt 1.737494 0.304821
vt 1.746319 0.280609
vt 1.753915 0.251106
vt 1.696058 0.335223
vt 1.696357 0.345173
vt 1.682893 0.344879
vt 1.709791 0.323194
vt 1.722348 0.308147
vt 1.735502 0.294928
vt 1.681945 0.335316
vt 1.671496 0.345362
vt 1.695228 0.326259
vt 1.708399 0.311872
vt 1.721343 0.297325
vt 1.669669 0.335690
vt 1.648968 0.345111
vt 1.681454 0.326660
vt 1.694326 0.314468
vt 1.707150 0.300213
vt 1.680930 0.314950
vt 1.693506 0.302460
vt 1.680476 0.303249
vt 1.667871 0.315377
vt 1.668668 0.327247
vt 1.706074 0.285551
vt 1.692655 0.287133
vt 1.679938 0.287730
vt 1.667526 0.303348
vt 1.719953 0.283547
vt 1.691485 0.254245
vt 1.704301 0.254019
vt 1.733703 0.281848
vt 1.717883 0.253396
vt 1.743172 0.251830
vt 1.730999 0.252672
vt 1.718165 0.221318
vt 1.742972 0.220980
vt 1.753554 0.220920
vt 1.730933 0.221766
vt 1.746096 0.181872
vt 1.756770 0.183066
vt 1.736790 0.181518
vt 1.754871 0.147971
vt 1.764498 0.149151
vt 1.703980 0.220687
vt 1.721980 0.182679
vt 1.741165 0.150946
vt 1.761887 0.122549
vt 1.770146 0.121800
vt 1.706140 0.182701
vt 1.725036 0.152073
vt 1.745989 0.127931
vt 1.761097 0.109364
vt 1.769802 0.108110
vt 1.764562 0.091344
vt 1.708234 0.153569
vt 1.728041 0.132653
vt 1.748341 0.112965
vt 1.710653 0.134639
vt 1.730852 0.117282
vt 1.711537 0.120532
vt 1.756034 0.094265
vt 1.745335 0.097319
vt 1.730358 0.102371
vt 1.752147 0.082066
vt 1.760544 0.078147
vt 1.742565 0.088413
vt 1.749405 0.072566
vt 1.757382 0.068464
vt 1.710449 0.108433
vt 1.729322 0.095052
vt 1.741095 0.078623
vt 1.746800 0.065755
vt 1.753247 0.060908
vt 1.739218 0.068502
vt 1.744331 0.061180
vt 1.748703 0.055608
vt 1.738893 0.051853
vt 1.729064 0.085336
vt 1.711060 0.102612
vt 1.738061 0.060953
vt 1.728238 0.071798
vt 1.727368 0.059142
vt 1.726697 0.050255
vt 1.713770 0.093153
vt 1.714979 0.081622
vt 1.715636 0.057660
vt 1.714467 0.048928
vt 1.715820 0.069738
vt 1.703392 0.054819
vt 1.703226 0.048401
vt 1.696605 0.050267
vt 1.697695 0.056410
vt 1.698158 0.065349
vt 1.705014 0.068243
vt 1.697502 0.081815
vt 1.703873 0.083499
vt 1.694371 0.094045
vt 1.700149 0.098586
vt 1.689560 0.102812
vt 1.687519 0.099703
vt 1.675622 0.098511
vt 1.680280 0.094440
vt 1.680296 0.082185
vt 1.699102 0.105434
vt 1.698646 0.112035
vt 1.688521 0.106066
vt 1.698217 0.122133
vt 1.677747 0.105288
vt 1.687675 0.113960
vt 1.674480 0.080220
vt 1.682794 0.065892
vt 1.697544 0.135347
vt 1.685539 0.134126
vt 1.695619 0.153227
vt 1.687177 0.121505
vt 1.693037 0.182639
vt 1.678203 0.114057
vt 1.676821 0.064784
vt 1.684797 0.055902
vt 1.678213 0.122452
vt 1.685379 0.153141
vt 1.691533 0.219715
vt 1.679986 0.253934
vt 1.681503 0.218479
vt 1.684166 0.181858
vt 1.676526 0.153449
vt 1.673230 0.183497
vt 1.677300 0.133093
vt 1.667269 0.287411
vt 1.671609 0.218145
vt 1.668633 0.253364
vt 1.652984 0.286875
vt 1.659090 0.217531
vt 1.661298 0.181533
vt 1.663498 0.151865
vt 1.663486 0.128363
vt 1.646582 0.179909
vt 1.655649 0.252517
vt 1.652562 0.303802
vt 1.662959 0.116363
vt 1.644868 0.145957
vt 1.643435 0.217238
vt 1.652155 0.316179
vt 1.651266 0.328181
vt 1.634032 0.314498
vt 1.650144 0.336039
vt 1.632178 0.326736
vt 1.630769 0.334965
vt 1.629486 0.344538
vt 1.635662 0.301921
vt 1.617724 0.312189
vt 1.613162 0.333725
vt 1.611681 0.344057
vt 1.615029 0.324834
vt 1.637515 0.285137
vt 1.597364 0.332125
vt 1.595217 0.343608
vt 1.580547 0.334161
vt 1.584058 0.324054
vt 1.600026 0.322098
vt 1.587420 0.315185
vt 1.603541 0.309051
vt 1.591711 0.303510
vt 1.620247 0.299344
vt 1.606842 0.295960
vt 1.595470 0.291761
vt 1.622981 0.282726
vt 1.610285 0.279971
vt 1.599010 0.277162
vt 1.641166 0.251247
vt 1.627072 0.249381
vt 1.614735 0.247265
vt 1.603565 0.245581
vt 1.628011 0.216087
vt 1.615845 0.214093
vt 1.605588 0.212847
vt 1.627677 0.175564
vt 1.616086 0.172573
vt 1.605242 0.172196
vt 1.625014 0.138630
vt 1.612439 0.135501
vt 1.603131 0.134903
vt 1.642707 0.120087
vt 1.611630 0.108813
vt 1.601110 0.105270
vt 1.623531 0.112047
vt 1.643273 0.108059
vt 1.613206 0.094240
vt 1.603391 0.091312
vt 1.611127 0.074693
vt 1.624550 0.099349
vt 1.662810 0.107273
vt 1.645233 0.096437
vt 1.663360 0.099063
vt 1.629849 0.085610
vt 1.619941 0.078121
vt 1.662431 0.089938
vt 1.646952 0.085332
vt 1.624903 0.066402
vt 1.616516 0.061313
vt 1.634761 0.074973
vt 1.664051 0.075315
vt 1.649203 0.076920
vt 1.629427 0.057799
vt 1.621757 0.051956
vt 1.638476 0.065999
vt 1.655470 0.064744
vt 1.633885 0.050696
vt 1.627993 0.045290
vt 1.634721 0.042536
vt 1.642442 0.057127
vt 1.637672 0.047152
vt 1.645764 0.040402
vt 1.666451 0.064084
vt 1.645335 0.048965
vt 1.657291 0.050862
vt 1.658597 0.040744
vt 1.669763 0.051894
vt 1.671177 0.042170
vt 1.682145 0.045243
vt 1.679441 0.053417
vt 1.686925 0.050427
vt 0.293835 0.035060
vt 0.308244 0.034866
vt 0.304220 0.048895
vt 0.284462 0.046253
vt 0.291377 0.064812
vt 0.275987 0.032568
vt 0.304332 0.064720
vt 0.312871 0.079151
vt 0.266546 0.038999
vt 0.302513 0.090466
vt 0.319273 0.083244
vt 0.311220 0.102449
vt 0.328766 0.084641
vt 0.321996 0.111208
vt 0.341126 0.084141
vt 0.293143 0.098824
vt 0.284188 0.075119
vt 0.338828 0.115376
vt 0.280628 0.101917
vt 0.357694 0.110195
vt 0.356312 0.082551
vt 0.357882 0.118297
vt 0.382727 0.117085
vt 0.382604 0.104103
vt 0.378779 0.079334
vt 0.397922 0.076127
vt 0.276040 0.086006
vt 0.402517 0.102378
vt 0.403301 0.119021
vt 0.416642 0.099649
vt 0.413082 0.072978
vt 0.418585 0.122162
vt 0.403208 0.129917
vt 0.416404 0.133708
vt 0.417299 0.149531
vt 0.273065 0.073067
vt 0.280827 0.067067
vt 0.276376 0.055597
vt 0.271106 0.064021
vt 0.265162 0.051402
vt 0.266096 0.075995
vt 0.264708 0.062734
vt 0.267870 0.089933
vt 0.256229 0.076964
vt 0.254355 0.050841
vt 0.255160 0.062525
vt 0.245757 0.061742
vt 0.244863 0.051001
vt 0.252967 0.037333
vt 0.234445 0.050919
vt 0.251208 0.029446
vt 0.260166 0.025769
vt 0.238940 0.037036
vt 0.237128 0.024880
vt 0.222649 0.031202
vt 0.241128 0.013031
vt 0.222712 0.013773
vt 0.231531 0.042224
vt 0.222609 0.040462
vt 0.213678 0.042202
vt 0.206317 0.036983
vt 0.208222 0.024820
vt 0.204300 0.012949
vt 0.185205 0.025600
vt 0.194126 0.029325
vt 0.268264 0.173437
vt 0.177091 0.173779
vt 0.081845 0.391143
vt 0.082237 0.393958
vt 0.078497 0.390662
vt 0.075815 0.393582
vt 0.082195 0.399857
vt 0.084228 0.394830
vt 0.087193 0.396665
vt 0.087764 0.392966
vt 0.090806 0.394482
vt 0.091319 0.397726
vt 0.087907 0.402789
vt 0.085828 0.408066
vt 0.091208 0.403936
vt 0.095717 0.397820
vt 0.098111 0.400633
vt 0.094591 0.406453
vt 0.100773 0.401776
vt 0.103543 0.402815
vt 0.104443 0.400432
vt 0.098555 0.409165
vt 0.097305 0.418130
vt 0.107344 0.405680
vt 0.110448 0.402524
vt 0.112468 0.404159
vt 0.113760 0.401828
vt 0.110301 0.408317
vt 0.102507 0.412560
vt 0.105383 0.414792
vt 0.112852 0.409380
vt 0.116164 0.412878
vt 0.120933 0.409887
vt 0.119904 0.414594
vt 0.107782 0.418879
vt 0.105178 0.429418
vt 0.114507 0.422251
vt 0.118889 0.420769
vt 0.115580 0.427503
vt 0.090244 0.430454
vt 0.087595 0.419398
vt 0.075710 0.430623
vt 0.075743 0.418676
vt 0.092499 0.441873
vt 0.075776 0.407193
vt 0.065719 0.408035
vt 0.069400 0.399837
vt 0.075798 0.399616
vt 0.063888 0.419363
vt 0.054185 0.418067
vt 0.069391 0.393938
vt 0.073149 0.390654
vt 0.069799 0.391125
vt 0.067394 0.394805
vt 0.064419 0.396631
vt 0.063869 0.392930
vt 0.060819 0.394437
vt 0.060287 0.397679
vt 0.063670 0.402752
vt 0.060362 0.403889
vt 0.055889 0.397759
vt 0.053477 0.400564
vt 0.056964 0.406396
vt 0.050807 0.401699
vt 0.052984 0.409096
vt 0.048029 0.402729
vt 0.047143 0.400342
vt 0.044211 0.405586
vt 0.041123 0.402419
vt 0.039095 0.404050
vt 0.037812 0.401714
vt 0.041240 0.408214
vt 0.049013 0.412481
vt 0.046124 0.414704
vt 0.038682 0.409269
vt 0.035351 0.412758
vt 0.030595 0.409750
vt 0.031599 0.414465
vt 0.043703 0.418785
vt 0.046252 0.429333
vt 0.061177 0.430411
vt 0.036960 0.422140
vt 0.032581 0.420647
vt 0.058856 0.441821
vt 0.035861 0.427391
vt 0.075672 0.443355
vt 0.033992 0.431286
vt 0.029072 0.429889
vt 0.025273 0.424593
vt 0.026499 0.421107
vt 0.020431 0.424014
vt 0.023649 0.426520
vt 0.022475 0.427958
vt 0.027027 0.430088
vt 0.039695 0.441212
vt 0.033119 0.435282
vt 0.027776 0.433662
vt 0.057861 0.450178
vt 0.022942 0.432945
vt 0.025749 0.435946
vt 0.024091 0.436780
vt 0.027822 0.437909
vt 0.026818 0.438652
vt 0.029231 0.439566
vt 0.028635 0.439377
vt 0.029339 0.444330
vt 0.039241 0.451568
vt 0.026232 0.448882
vt 0.023101 0.446941
vt 0.027332 0.453406
vt 0.017921 0.453342
vt 0.025129 0.457959
vt 0.019134 0.460358
vt 0.039553 0.457259
vt 0.025157 0.462844
vt 0.018672 0.463831
vt 0.057007 0.456257
vt 0.039616 0.461706
vt 0.024709 0.467514
vt 0.018482 0.468216
vt 0.056159 0.460873
vt 0.038624 0.466874
vt 0.023873 0.473219
vt 0.016501 0.472856
vt 0.015854 0.475821
vt 0.055393 0.466206
vt 0.036712 0.473179
vt 0.022687 0.477335
vt 0.016423 0.478616
vt 0.033797 0.481030
vt 0.055714 0.472564
vt 0.022046 0.480637
vt 0.020498 0.485574
vt 0.035864 0.488292
vt 0.056043 0.479342
vt 0.018018 0.481582
vt 0.013682 0.482250
vt 0.016989 0.483786
vt 0.075583 0.470037
vt 0.075560 0.476439
vt 0.075603 0.464254
vt 0.075619 0.459803
vt 0.075631 0.456509
vt 0.075647 0.451444
vt 0.093444 0.450236
vt 0.094260 0.456320
vt 0.095077 0.460941
vt 0.095807 0.466280
vt 0.111674 0.441322
vt 0.112069 0.451686
vt 0.111721 0.457380
vt 0.095441 0.472641
vt 0.111629 0.461832
vt 0.112588 0.467010
vt 0.095061 0.479424
vt 0.114460 0.473330
vt 0.075527 0.484811
vt 0.056976 0.487393
vt 0.126158 0.458128
vt 0.126100 0.463020
vt 0.126518 0.467698
vt 0.123980 0.453562
vt 0.132149 0.460549
vt 0.133403 0.453527
vt 0.132590 0.464030
vt 0.125106 0.449037
vt 0.132753 0.468423
vt 0.122021 0.444471
vt 0.128250 0.447104
vt 0.122155 0.439702
vt 0.127319 0.473417
vt 0.134709 0.473079
vt 0.135339 0.476053
vt 0.117322 0.481204
vt 0.115195 0.488470
vt 0.130612 0.485812
vt 0.128480 0.477545
vt 0.134750 0.478853
vt 0.129098 0.480858
vt 0.133129 0.481821
vt 0.137471 0.482508
vt 0.134144 0.484035
vt 0.094062 0.487477
vt 0.075486 0.494333
vt 0.108189 0.497115
vt 0.091857 0.496816
vt 0.075416 0.508779
vt 0.059098 0.496734
vt 0.042784 0.496954
vt 0.102949 0.507440
vt 0.089600 0.508171
vt 0.087259 0.519176
vt 0.075346 0.521401
vt 0.063463 0.519104
vt 0.084060 0.527432
vt 0.066564 0.527376
vt 0.061244 0.508092
vt 0.047919 0.507290
vt 0.098414 0.513749
vt 0.052379 0.513614
vt 0.117414 0.504750
vt 0.110332 0.513527
vt 0.112350 0.508596
vt 0.119535 0.499304
vt 0.124439 0.494662
vt 0.119756 0.505923
vt 0.124418 0.506370
vt 0.130594 0.504717
vt 0.129025 0.499498
vt 0.117796 0.511335
vt 0.126338 0.491216
vt 0.133976 0.494149
vt 0.130302 0.488859
vt 0.129140 0.488390
vt 0.113576 0.515343
vt 0.117211 0.515605
vt 0.122923 0.514154
vt 0.109398 0.515306
vt 0.113393 0.516673
vt 0.112280 0.517139
vt 0.121589 0.509957
vt 0.122533 0.508589
vt 0.118612 0.503478
vt 0.105172 0.517556
vt 0.099565 0.521177
vt 0.109737 0.522158
vt 0.114151 0.520316
vt 0.113575 0.524310
vt 0.107895 0.525892
vt 0.103275 0.525066
vt 0.095898 0.522934
vt 0.100419 0.528799
vt 0.103451 0.530227
vt 0.100200 0.532432
vt 0.089402 0.525414
vt 0.091846 0.531087
vt 0.092240 0.536844
vt 0.088738 0.537639
vt 0.091601 0.539766
vt 0.084118 0.534172
vt 0.077509 0.528756
vt 0.080266 0.540188
vt 0.075257 0.536461
vt 0.075299 0.529422
vt 0.073097 0.528741
vt 0.070201 0.540155
vt 0.066423 0.534113
vt 0.061763 0.537548
vt 0.058272 0.536731
vt 0.058875 0.539656
vt 0.058736 0.530978
vt 0.061248 0.525325
vt 0.050372 0.532267
vt 0.054786 0.522805
vt 0.050197 0.528635
vt 0.051144 0.521026
vt 0.047388 0.524885
vt 0.047150 0.530042
vt 0.045588 0.517374
vt 0.040973 0.521937
vt 0.042764 0.525678
vt 0.037113 0.524058
vt 0.036593 0.520068
vt 0.038501 0.516911
vt 0.041398 0.515102
vt 0.037399 0.516441
vt 0.037233 0.515116
vt 0.040486 0.513323
vt 0.033064 0.511097
vt 0.033607 0.515357
vt 0.027926 0.513883
vt 0.038523 0.508393
vt 0.029294 0.509705
vt 0.028365 0.508336
vt 0.031159 0.505689
vt 0.032322 0.503255
vt 0.033506 0.504530
vt 0.026503 0.506112
vt 0.031440 0.499085
vt 0.020357 0.504433
vt 0.021968 0.499234
vt 0.026585 0.494430
vt 0.024720 0.490984
vt 0.017075 0.493876
vt 0.020785 0.488614
vt 0.021947 0.488153
vt 0.015848 0.488089
vt 0.017432 0.485689
vt 0.135254 0.488352
vt 0.133683 0.485940
vt 0.128481 0.433085
vt 0.122359 0.430015
vt 0.124403 0.430217
vt 0.123641 0.433793
vt 0.125661 0.436084
vt 0.127317 0.436922
vt 0.123576 0.438046
vt 0.124579 0.438792
vt 0.122754 0.439515
vt 0.118285 0.435403
vt 0.117431 0.431404
vt 0.126175 0.424728
vt 0.127791 0.426657
vt 0.128959 0.428097
vt 0.131017 0.424160
vt 0.124964 0.421241
vt 0.124976 0.439214
vt 0.125266 0.440423
vt 0.133150 0.442780
vt 0.026415 0.439069
vt 0.026119 0.440276
vt 0.018231 0.442608
vt 0.588163 0.176924
vt 0.592535 0.211593
vt 0.582027 0.212632
vt 0.594815 0.243557
vt 0.577931 0.176692
vt 0.586454 0.143865
vt 0.576956 0.143325
vt 0.588995 0.111668
vt 0.586330 0.243721
vt 0.584201 0.260559
vt 0.593649 0.262668
vt 0.586918 0.278574
vt 0.568411 0.212029
vt 0.572723 0.240597
vt 0.572236 0.257278
vt 0.579341 0.275415
vt 0.564638 0.175579
vt 0.575538 0.287339
vt 0.582584 0.290630
vt 0.571832 0.297775
vt 0.578039 0.301579
vt 0.572440 0.307138
vt 0.568072 0.302851
vt 0.563885 0.310675
vt 0.562011 0.305627
vt 0.555946 0.312751
vt 0.559865 0.298455
vt 0.561990 0.291589
vt 0.548007 0.295419
vt 0.555721 0.305371
vt 0.548024 0.304478
vt 0.547140 0.312780
vt 0.537052 0.304477
vt 0.536141 0.312387
vt 0.565320 0.280879
vt 0.548849 0.281619
vt 0.567821 0.270787
vt 0.550912 0.273461
vt 0.552339 0.265057
vt 0.528375 0.306586
vt 0.528936 0.295000
vt 0.527044 0.312687
vt 0.521858 0.309724
vt 0.523907 0.303994
vt 0.524898 0.294783
vt 0.523609 0.282549
vt 0.554337 0.252872
vt 0.537210 0.293855
vt 0.538136 0.283807
vt 0.526776 0.280787
vt 0.520438 0.271023
vt 0.538336 0.274076
vt 0.524721 0.267579
vt 0.516399 0.265197
vt 0.537886 0.266958
vt 0.516081 0.262500
vt 0.507991 0.267540
vt 0.504653 0.264696
vt 0.508373 0.280481
vt 0.522930 0.261225
vt 0.538181 0.259510
vt 0.514023 0.259886
vt 0.523969 0.255197
vt 0.539317 0.250088
vt 0.502686 0.281363
vt 0.507800 0.295640
vt 0.555706 0.237264
vt 0.552602 0.211935
vt 0.539353 0.234971
vt 0.524066 0.246322
vt 0.502103 0.297001
vt 0.508358 0.305696
vt 0.514580 0.253707
vt 0.502536 0.307968
vt 0.509085 0.311196
vt 0.503448 0.315646
vt 0.492283 0.308438
vt 0.492860 0.316949
vt 0.480415 0.309019
vt 0.480383 0.317826
vt 0.490773 0.296649
vt 0.489373 0.287790
vt 0.471254 0.309647
vt 0.470527 0.317859
vt 0.478563 0.298424
vt 0.490933 0.273571
vt 0.464618 0.310807
vt 0.461720 0.317672
vt 0.468444 0.301909
vt 0.458707 0.306853
vt 0.452989 0.312827
vt 0.447088 0.306700
vt 0.455484 0.301523
vt 0.442674 0.294772
vt 0.476652 0.284703
vt 0.465345 0.293701
vt 0.452837 0.289668
vt 0.438695 0.281949
vt 0.463386 0.283485
vt 0.476505 0.275665
vt 0.449633 0.278809
vt 0.445459 0.262805
vt 0.432971 0.265099
vt 0.432634 0.245637
vt 0.460772 0.273857
vt 0.491668 0.267443
vt 0.444291 0.245819
vt 0.438718 0.213746
vt 0.458071 0.260086
vt 0.476128 0.267324
vt 0.505164 0.261356
vt 0.449431 0.212765
vt 0.442831 0.179019
vt 0.491886 0.260832
vt 0.504866 0.254851
vt 0.458672 0.244241
vt 0.475699 0.255343
vt 0.452146 0.177171
vt 0.443879 0.146549
vt 0.491347 0.249883
vt 0.505098 0.245000
vt 0.462690 0.211868
vt 0.477098 0.240466
vt 0.452357 0.144984
vt 0.440599 0.115449
vt 0.492104 0.236984
vt 0.479186 0.212644
vt 0.464233 0.175622
vt 0.449671 0.113335
vt 0.434254 0.085057
vt 0.463471 0.142920
vt 0.479741 0.174938
vt 0.493542 0.212716
vt 0.444270 0.082108
vt 0.430289 0.071597
vt 0.461031 0.110783
vt 0.439647 0.066737
vt 0.426059 0.058073
vt 0.505401 0.232662
vt 0.477869 0.141397
vt 0.455277 0.079135
vt 0.434310 0.051372
vt 0.423856 0.050193
vt 0.474667 0.108352
vt 0.451544 0.062758
vt 0.431810 0.043613
vt 0.420556 0.042862
vt 0.469121 0.075695
vt 0.489240 0.106418
vt 0.493135 0.140656
vt 0.494394 0.174009
vt 0.507263 0.139502
vt 0.506181 0.176005
vt 0.447545 0.046239
vt 0.505620 0.212128
vt 0.484920 0.072495
vt 0.465790 0.059560
vt 0.505688 0.104565
vt 0.514900 0.104189
vt 0.516170 0.140370
vt 0.515066 0.177490
vt 0.514079 0.213316
vt 0.503776 0.070245
vt 0.514503 0.233112
vt 0.523342 0.213047
vt 0.523898 0.176800
vt 0.515197 0.244945
vt 0.524134 0.233353
vt 0.537920 0.212716
vt 0.524948 0.140018
vt 0.537122 0.176325
vt 0.549951 0.175618
vt 0.537259 0.140074
vt 0.551613 0.140496
vt 0.564923 0.141616
vt 0.579140 0.110502
vt 0.566446 0.108490
vt 0.583612 0.078151
vt 0.595645 0.079980
vt 0.551454 0.106188
vt 0.537896 0.104970
vt 0.568764 0.077050
vt 0.585843 0.064565
vt 0.598639 0.065562
vt 0.553452 0.074442
vt 0.570482 0.064129
vt 0.525350 0.104238
vt 0.588563 0.051045
vt 0.601804 0.050869
vt 0.538686 0.070439
vt 0.572167 0.051239
vt 0.554759 0.060938
vt 0.525398 0.068645
vt 0.591309 0.040787
vt 0.604154 0.042374
vt 0.539504 0.056684
vt 0.556232 0.047641
vt 0.572867 0.041583
vt 0.513575 0.068583
vt 0.593738 0.030409
vt 0.606729 0.034033
vt 0.610401 0.021739
vt 0.594750 0.018560
vt 0.582504 0.020999
vt 0.574908 0.032473
vt 0.563512 0.018211
vt 0.557342 0.037633
vt 0.559366 0.027999
vt 0.540483 0.043383
vt 0.541860 0.023080
vt 0.542107 0.010549
vt 0.526849 0.009504
vt 0.541291 0.033176
vt 0.525243 0.053793
vt 0.524862 0.039940
vt 0.524594 0.031050
vt 0.524840 0.022484
vt 0.512940 0.052573
vt 0.513271 0.021853
vt 0.513484 0.007751
vt 0.502149 0.007838
vt 0.512951 0.029845
vt 0.512703 0.037894
vt 0.500027 0.022946
vt 0.492056 0.010012
vt 0.503426 0.054167
vt 0.501520 0.031242
vt 0.502740 0.039162
vt 0.478720 0.025404
vt 0.479194 0.013605
vt 0.458225 0.017831
vt 0.483432 0.056857
vt 0.481646 0.041650
vt 0.479961 0.033520
vt 0.462187 0.043557
vt 0.460374 0.035864
vt 0.458965 0.028171
vt 0.445796 0.038557
vt 0.443983 0.030943
vt 0.440735 0.019379
vt 0.429066 0.035916
vt 0.424085 0.024954
vt 0.412578 0.034174
vt 1.592535 0.211593
vt 1.588163 0.176924
vt 1.582027 0.212632
vt 1.594815 0.243557
vt 1.577931 0.176692
vt 1.586454 0.143865
vt 1.576957 0.143325
vt 1.588995 0.111668
vt 1.586330 0.243721
vt 1.584201 0.260559
vt 1.593649 0.262668
vt 1.586918 0.278574
vt 1.568411 0.212029
vt 1.572723 0.240597
vt 1.572236 0.257278
vt 1.579341 0.275415
vt 1.564638 0.175579
vt 1.575538 0.287339
vt 1.582584 0.290630
vt 1.571832 0.297775
vt 1.578039 0.301579
vt 1.572440 0.307138
vt 1.568072 0.302851
vt 1.563885 0.310675
vt 1.562011 0.305627
vt 1.555946 0.312751
vt 1.559865 0.298455
vt 1.561990 0.291589
vt 1.548007 0.295419
vt 1.555721 0.305371
vt 1.548024 0.304478
vt 1.547140 0.312780
vt 1.537052 0.304477
vt 1.536141 0.312387
vt 1.565320 0.280879
vt 1.548849 0.281619
vt 1.567821 0.270787
vt 1.550912 0.273461
vt 1.552339 0.265057
vt 1.528375 0.306586
vt 1.528936 0.295000
vt 1.527044 0.312687
vt 1.521858 0.309724
vt 1.523907 0.303994
vt 1.524898 0.294783
vt 1.523609 0.282549
vt 1.554337 0.252872
vt 1.537210 0.293855
vt 1.538136 0.283807
vt 1.526777 0.280787
vt 1.520438 0.271023
vt 1.538336 0.274076
vt 1.524721 0.267579
vt 1.516399 0.265197
vt 1.537886 0.266958
vt 1.516081 0.262500
vt 1.507991 0.267540
vt 1.504653 0.264696
vt 1.508373 0.280481
vt 1.522930 0.261225
vt 1.538181 0.259510
vt 1.514023 0.259886
vt 1.523969 0.255197
vt 1.539317 0.250088
vt 1.502686 0.281363
vt 1.507800 0.295640
vt 1.555706 0.237264
vt 1.552602 0.211935
vt 1.539353 0.234971
vt 1.524066 0.246322
vt 1.514580 0.253707
vt 1.502103 0.297001
vt 1.508358 0.305696
vt 1.502536 0.307968
vt 1.509085 0.311196
vt 1.503448 0.315646
vt 1.492283 0.308438
vt 1.492860 0.316949
vt 1.480415 0.309019
vt 1.480383 0.317826
vt 1.490773 0.296649
vt 1.489373 0.287790
vt 1.471254 0.309647
vt 1.470527 0.317859
vt 1.478563 0.298424
vt 1.490933 0.273571
vt 1.464618 0.310807
vt 1.461720 0.317672
vt 1.468444 0.301909
vt 1.458707 0.306853
vt 1.452989 0.312827
vt 1.447088 0.306700
vt 1.455484 0.301523
vt 1.442674 0.294772
vt 1.476652 0.284703
vt 1.465345 0.293701
vt 1.452837 0.289668
vt 1.438695 0.281949
vt 1.463386 0.283485
vt 1.476505 0.275665
vt 1.449633 0.278809
vt 1.445459 0.262805
vt 1.432971 0.265099
vt 1.432634 0.245637
vt 1.460772 0.273857
vt 1.491668 0.267443
vt 1.444291 0.245819
vt 1.438718 0.213746
vt 1.458071 0.260086
vt 1.476128 0.267324
vt 1.505164 0.261356
vt 1.449431 0.212765
vt 1.442831 0.179019
vt 1.491886 0.260832
vt 1.504866 0.254851
vt 1.458672 0.244241
vt 1.475699 0.255343
vt 1.452146 0.177171
vt 1.443879 0.146549
vt 1.491347 0.249883
vt 1.505098 0.245000
vt 1.462690 0.211868
vt 1.477098 0.240466
vt 1.452357 0.144984
vt 1.440599 0.115449
vt 1.492104 0.236984
vt 1.479186 0.212644
vt 1.464233 0.175622
vt 1.449671 0.113335
vt 1.434254 0.085057
vt 1.463471 0.142920
vt 1.479741 0.174938
vt 1.493541 0.212716
vt 1.444270 0.082108
vt 1.430289 0.071597
vt 1.461031 0.110783
vt 1.439647 0.066737
vt 1.426059 0.058073
vt 1.505401 0.232662
vt 1.477869 0.141397
vt 1.455277 0.079135
vt 1.434310 0.051372
vt 1.423856 0.050193
vt 1.474667 0.108352
vt 1.451544 0.062758
vt 1.431810 0.043613
vt 1.420556 0.042862
vt 1.469121 0.075695
vt 1.489241 0.106418
vt 1.493135 0.140656
vt 1.494394 0.174009
vt 1.507263 0.139502
vt 1.506181 0.176005
vt 1.447545 0.046239
vt 1.505620 0.212128
vt 1.484920 0.072495
vt 1.465790 0.059560
vt 1.505688 0.104565
vt 1.514900 0.104189
vt 1.516170 0.140370
vt 1.515066 0.177490
vt 1.514079 0.213316
vt 1.503776 0.070245
vt 1.514503 0.233112
vt 1.523342 0.213047
vt 1.523898 0.176800
vt 1.515197 0.244945
vt 1.524134 0.233353
vt 1.537920 0.212716
vt 1.524948 0.140018
vt 1.537122 0.176325
vt 1.549951 0.175618
vt 1.537259 0.140074
vt 1.551613 0.140496
vt 1.564923 0.141616
vt 1.579140 0.110502
vt 1.566446 0.108490
vt 1.583612 0.078151
vt 1.595645 0.079980
vt 1.551454 0.106188
vt 1.537896 0.104970
vt 1.568764 0.077050
vt 1.585843 0.064565
vt 1.598639 0.065562
vt 1.553452 0.074442
vt 1.570482 0.064129
vt 1.525350 0.104238
vt 1.588563 0.051045
vt 1.601804 0.050869
vt 1.538686 0.070439
vt 1.572167 0.051239
vt 1.554759 0.060938
vt 1.525398 0.068645
vt 1.591309 0.040787
vt 1.604154 0.042374
vt 1.539504 0.056684
vt 1.556232 0.047641
vt 1.572867 0.041583
vt 1.513575 0.068583
vt 1.593738 0.030409
vt 1.606729 0.034033
vt 1.610401 0.021739
vt 1.594750 0.018560
vt 1.582504 0.020999
vt 1.574908 0.032473
vt 1.563512 0.018211
vt 1.557342 0.037633
vt 1.559366 0.027999
vt 1.540483 0.043383
vt 1.541860 0.023080
vt 1.542107 0.010549
vt 1.526849 0.009504
vt 1.541291 0.033176
vt 1.525243 0.053793
vt 1.524862 0.039940
vt 1.524594 0.031050
vt 1.524840 0.022484
vt 1.512940 0.052573
vt 1.513271 0.021853
vt 1.513484 0.007751
vt 1.502149 0.007838
vt 1.512951 0.029845
vt 1.512703 0.037894
vt 1.500027 0.022946
vt 1.492056 0.010012
vt 1.503426 0.054167
vt 1.501520 0.031242
vt 1.502740 0.039162
vt 1.478720 0.025404
vt 1.479194 0.013605
vt 1.458225 0.017831
vt 1.483432 0.056857
vt 1.481646 0.041650
vt 1.479961 0.033520
vt 1.462187 0.043557
vt 1.460374 0.035864
vt 1.458965 0.028171
vt 1.445796 0.038557
vt 1.443983 0.030943
vt 1.440735 0.019379
vt 1.429066 0.035916
vt 1.424085 0.024954
vt 1.412578 0.034174
vt 0.175702 0.520207
vt 0.157034 0.522035
vt 0.174333 0.508939
vt 0.196245 0.502604
vt 0.200224 0.518199
vt 0.220135 0.502813
vt 0.194223 0.490232
vt 0.224897 0.516530
vt 0.216941 0.481109
vt 0.248398 0.499335
vt 0.245593 0.475909
vt 0.252229 0.515602
vt 0.271545 0.470652
vt 0.276254 0.497454
vt 0.278498 0.515204
vt 0.298842 0.466264
vt 0.302069 0.494704
vt 0.305065 0.513768
vt 0.324032 0.463713
vt 0.332862 0.493988
vt 0.332483 0.511725
vt 0.348613 0.461399
vt 0.355259 0.490066
vt 0.363265 0.462773
vt 0.361653 0.508951
vt 0.384297 0.490486
vt 0.393078 0.504687
vt 0.387231 0.693099
vt 0.373149 0.728553
vt 0.357566 0.693079
vt 0.409886 0.725877
vt 0.412802 0.692993
vt 0.442077 0.694058
vt 0.439575 0.735451
vt 0.470757 0.736173
vt 0.473616 0.695095
vt 0.502284 0.737653
vt 0.504959 0.696402
vt 0.538997 0.733443
vt 0.540187 0.698678
vt 0.573063 0.734300
vt 0.574934 0.700848
vt 0.607150 0.735289
vt 0.608213 0.702864
vt 0.644296 0.706210
vt 0.642588 0.736342
vt 0.669757 0.708423
vt 0.669211 0.737332
vt 0.690109 0.737974
vt 0.693873 0.710177
vt 0.709961 0.738531
vt 0.716957 0.711744
vt 0.727373 0.735018
vt 0.748255 0.712734
vt 0.495257 0.505680
vt 0.529189 0.506120
vt 0.531546 0.523369
vt 0.564249 0.506238
vt 0.565916 0.528563
vt 0.599287 0.506346
vt 0.601696 0.533525
vt 0.634489 0.506655
vt 0.636274 0.536092
vt 0.669835 0.506292
vt 0.670925 0.533387
vt 0.706080 0.528899
vt 0.705538 0.505284
vt 0.742661 0.523921
vt 0.741703 0.503782
vt 0.778211 0.520314
vt 0.778412 0.502101
vt 0.815885 0.517804
vt 0.815342 0.499864
vt 0.852119 0.514394
vt 0.852250 0.496336
vt 0.907666 0.508921
vt 0.907244 0.491662
vt 0.947489 0.502111
vt 0.950123 0.489228
vt 0.016486 0.592660
vt 0.022020 0.582342
vt 0.049638 0.589097
vt 0.049944 0.576504
vt 0.034132 0.570115
vt 0.077753 0.586905
vt 0.051998 0.563669
vt 0.077939 0.571256
vt 0.102731 0.584788
vt 0.078325 0.556606
vt 0.103760 0.567673
vt 0.132455 0.581825
vt 0.106154 0.549608
vt 0.131740 0.563401
vt 0.160324 0.577869
vt 0.133058 0.546265
vt 0.160039 0.559941
vt 0.189950 0.574628
vt 0.160100 0.540863
vt 0.189399 0.555872
vt 0.219847 0.570972
vt 0.190332 0.535663
vt 0.219395 0.551883
vt 0.252517 0.569502
vt 0.221811 0.530824
vt 0.252017 0.548232
vt 0.281443 0.567964
vt 0.255279 0.526241
vt 0.281614 0.547107
vt 0.306359 0.565310
vt 0.284986 0.526698
vt 0.307214 0.545336
vt 0.309816 0.525272
vt 0.329549 0.563786
vt 0.328899 0.541817
vt 0.330022 0.520582
vt 0.356776 0.540328
vt 0.359810 0.560920
vt 0.358619 0.520291
vt 0.388243 0.541284
vt 0.388353 0.521694
vt 0.391136 0.558216
vt 0.419609 0.526346
vt 0.421460 0.540820
vt 0.424796 0.556402
vt 0.455901 0.523293
vt 0.457073 0.537790
vt 0.458909 0.555468
vt 0.484700 0.526582
vt 0.487096 0.539317
vt 0.490725 0.553966
vt 0.523404 0.539788
vt 0.525017 0.547364
vt 0.407233 0.454146
vt 0.439449 0.457866
vt 0.411627 0.478514
vt 0.443844 0.482232
vt 0.469312 0.454699
vt 0.475126 0.487304
vt 0.499579 0.461769
vt 0.503245 0.489657
vt 0.499427 0.450791
vt 0.529510 0.469473
vt 0.531095 0.490382
vt 0.528168 0.447664
vt 0.552044 0.468655
vt 0.551613 0.445528
vt 0.553069 0.490521
vt 0.582059 0.443041
vt 0.583495 0.467916
vt 0.584876 0.491594
vt 0.612563 0.441025
vt 0.614745 0.468034
vt 0.616272 0.493749
vt 0.644902 0.438417
vt 0.645817 0.468136
vt 0.647009 0.495647
vt 0.672687 0.494200
vt 0.671989 0.466148
vt 0.671636 0.435697
vt 0.701565 0.492186
vt 0.700853 0.462624
vt 0.700293 0.432599
vt 0.730755 0.491093
vt 0.729902 0.459102
vt 0.728903 0.429326
vt 0.761804 0.456789
vt 0.759399 0.425826
vt 0.763289 0.492341
vt 0.787942 0.422781
vt 0.791216 0.455728
vt 0.793944 0.490858
vt 0.816432 0.419748
vt 0.820766 0.454606
vt 0.824865 0.488527
vt 0.842256 0.416862
vt 0.847452 0.451338
vt 0.851976 0.484704
vt 0.868095 0.415352
vt 0.879403 0.481600
vt 0.874210 0.448661
vt 0.910444 0.417467
vt 0.910597 0.449783
vt 0.910488 0.481805
vt 0.944626 0.414703
vt 0.949466 0.475809
vt 0.947095 0.450363
vt 1.157034 0.522035
vt 1.175702 0.520207
vt 1.174333 0.508939
vt 1.196245 0.502604
vt 1.200224 0.518199
vt 1.220135 0.502813
vt 1.194223 0.490232
vt 1.224897 0.516530
vt 1.216941 0.481109
vt 1.248398 0.499335
vt 1.245593 0.475909
vt 1.252229 0.515602
vt 1.271545 0.470652
vt 1.276254 0.497454
vt 1.278498 0.515204
vt 1.298842 0.466264
vt 1.302069 0.494704
vt 1.305065 0.513768
vt 1.324032 0.463713
vt 1.332862 0.493988
vt 1.332483 0.511725
vt 1.348613 0.461399
vt 1.355259 0.490066
vt 1.363265 0.462773
vt 1.361653 0.508951
vt 1.384297 0.490486
vt 1.393078 0.504687
vt 1.373149 0.728553
vt 1.387231 0.693099
vt 1.357566 0.693079
vt 1.409886 0.725877
vt 1.412802 0.692993
vt 1.442077 0.694058
vt 1.439575 0.735451
vt 1.470757 0.736173
vt 1.473616 0.695095
vt 1.502284 0.737653
vt 1.504959 0.696402
vt 1.538997 0.733443
vt 1.540187 0.698678
vt 1.573063 0.734300
vt 1.574934 0.700848
vt 1.607150 0.735289
vt 1.608213 0.702864
vt 1.644296 0.706210
vt 1.642588 0.736342
vt 1.669757 0.708423
vt 1.669211 0.737332
vt 1.690109 0.737974
vt 1.693873 0.710177
vt 1.709961 0.738531
vt 1.716957 0.711744
vt 1.727373 0.735018
vt 1.748255 0.712734
vt 1.529189 0.506120
vt 1.495257 0.505680
vt 1.531546 0.523369
vt 1.564249 0.506238
vt 1.565916 0.528563
vt 1.599287 0.506346
vt 1.601696 0.533525
vt 1.634489 0.506655
vt 1.636274 0.536092
vt 1.669835 0.506292
vt 1.670925 0.533387
vt 1.706080 0.528899
vt 1.705538 0.505284
vt 1.742661 0.523921
vt 1.741703 0.503782
vt 1.778211 0.520314
vt 1.778412 0.502101
vt 1.815885 0.517804
vt 1.815342 0.499864
vt 1.852119 0.514394
vt 1.852250 0.496336
vt 1.907666 0.508921
vt 1.907244 0.491662
vt 1.947489 0.502111
vt 1.950123 0.489228
vt 1.022020 0.582342
vt 1.016486 0.592660
vt 1.049638 0.589097
vt 1.049944 0.576504
vt 1.034132 0.570115
vt 1.077753 0.586905
vt 1.051998 0.563669
vt 1.077939 0.571256
vt 1.102731 0.584788
vt 1.078325 0.556606
vt 1.103760 0.567673
vt 1.132455 0.581825
vt 1.106154 0.549608
vt 1.131740 0.563401
vt 1.160324 0.577869
vt 1.133058 0.546265
vt 1.160039 0.559941
vt 1.189950 0.574628
vt 1.160100 0.540863
vt 1.189399 0.555872
vt 1.219847 0.570972
vt 1.190332 0.535663
vt 1.219395 0.551883
vt 1.252517 0.569502
vt 1.221811 0.530824
vt 1.252017 0.548232
vt 1.281443 0.567964
vt 1.255279 0.526241
vt 1.281614 0.547107
vt 1.306359 0.565310
vt 1.284986 0.526698
vt 1.307214 0.545336
vt 1.309816 0.525272
vt 1.329548 0.563786
vt 1.328899 0.541817
vt 1.330022 0.520582
vt 1.356776 0.540328
vt 1.359810 0.560920
vt 1.358619 0.520291
vt 1.388243 0.541284
vt 1.388353 0.521694
vt 1.391136 0.558216
vt 1.419609 0.526346
vt 1.421460 0.540820
vt 1.424796 0.556402
vt 1.455901 0.523293
vt 1.457073 0.537790
vt 1.458909 0.555468
vt 1.484700 0.526582
vt 1.487096 0.539317
vt 1.490725 0.553966
vt 1.523404 0.539788
vt 1.525017 0.547364
vt 1.439449 0.457866
vt 1.407233 0.454146
vt 1.411627 0.478514
vt 1.443844 0.482232
vt 1.469312 0.454699
vt 1.475126 0.487304
vt 1.499579 0.461769
vt 1.503245 0.489657
vt 1.499428 0.450791
vt 1.529510 0.469473
vt 1.531095 0.490382
vt 1.528168 0.447664
vt 1.552044 0.468655
vt 1.551613 0.445528
vt 1.553069 0.490521
vt 1.582059 0.443041
vt 1.583495 0.467916
vt 1.584876 0.491594
vt 1.612563 0.441025
vt 1.614745 0.468034
vt 1.616272 0.493749
vt 1.644902 0.438417
vt 1.645817 0.468136
vt 1.647009 0.495647
vt 1.672687 0.494200
vt 1.671989 0.466148
vt 1.671636 0.435697
vt 1.701566 0.492186
vt 1.700853 0.462624
vt 1.700294 0.432599
vt 1.730755 0.491093
vt 1.729902 0.459102
vt 1.728903 0.429326
vt 1.761804 0.456789
vt 1.759399 0.425826
vt 1.763289 0.492341
vt 1.787941 0.422781
vt 1.791216 0.455728
vt 1.793944 0.490858
vt 1.816432 0.419748
vt 1.820766 0.454606
vt 1.824865 0.488527
vt 1.842256 0.416862
vt 1.847452 0.451338
vt 1.851976 0.484704
vt 1.868095 0.415352
vt 1.879403 0.481600
vt 1.874210 0.448661
vt 1.910444 0.417467
vt 1.910597 0.449783
vt 1.910488 0.481805
vt 1.944626 0.414703
vt 1.949466 0.475809
vt 1.947095 0.450363
s 1
f 4/1/1 3/2/2 2/3/3
f 6/2/4 5/4/5 1/3/6
f 9/5/7 8/4/8 7/2/9
f 10/6/10 9/5/7 7/2/9
f 9/5/7 11/7/11 8/4/8
f 11/7/11 12/3/12 8/4/8
f 13/8/13 9/5/7 10/6/10
f 11/7/11 9/5/7 13/8/13
f 14/9/14 13/8/13 10/6/10
f 15/10/15 13/8/13 14/9/14
f 16/11/16 15/10/15 14/9/14
f 15/10/15 16/11/16 17/12/17
f 18/13/18 11/7/11 13/8/13
f 18/13/18 13/8/13 15/10/15
f 19/14/19 15/10/15 17/12/17
f 17/12/17 20/15/20 19/14/19
f 21/16/21 18/13/18 15/10/15
f 15/10/15 19/14/19 21/16/21
f 20/15/20 22/17/22 19/14/19
f 20/15/20 23/18/23 22/17/22
f 19/14/19 24/19/24 21/16/21
f 24/19/24 19/14/19 22/17/22
f 23/18/23 25/20/25 22/17/22
f 23/18/23 26/21/26 25/20/25
f 27/22/27 24/19/24 22/17/22
f 27/22/27 22/17/22 25/20/25
f 24/19/24 28/23/28 21/16/21
f 24/19/24 27/22/27 28/23/28
f 11/7/11 18/13/18 29/24/29
f 18/13/18 21/16/21 30/25/30
f 18/13/18 30/25/30 29/24/29
f 28/23/28 31/26/31 21/16/21
f 21/16/21 31/26/31 30/25/30
f 11/7/11 29/24/29 32/27/32
f 12/3/12 11/7/11 32/27/32
f 12/3/12 32/27/32 33/28/33
f 33/28/33 32/27/32 29/24/29
f 34/1/34 12/3/12 33/28/33
f 35/29/35 33/28/33 29/24/29
f 35/29/35 29/24/29 30/25/30
f 36/30/36 34/1/34 33/28/33
f 35/29/35 36/30/36 33/28/33
f 34/1/34 36/30/36 37/31/37
f 36/30/36 38/32/38 37/31/37
f 39/33/39 38/32/38 36/30/36
f 40/34/40 39/33/39 36/30/36
f 36/30/36 35/29/35 40/34/40
f 41/35/41 39/33/39 40/34/40
f 42/36/42 35/29/35 30/25/30
f 35/29/35 42/36/42 40/34/40
f 43/37/43 41/35/41 40/34/40
f 40/34/40 42/36/42 43/37/43
f 41/35/41 43/37/43 44/38/44
f 42/36/42 30/25/30 45/39/45
f 42/36/42 45/39/45 43/37/43
f 30/25/30 31/26/31 45/39/45
f 43/37/43 46/40/46 44/38/44
f 43/37/43 45/39/45 46/40/46
f 44/38/44 46/40/46 47/41/47
f 45/39/45 31/26/31 48/42/48
f 45/39/45 48/42/48 46/40/46
f 31/26/31 28/23/28 48/42/48
f 46/40/46 49/43/49 47/41/47
f 49/43/49 46/40/46 48/42/48
f 50/44/50 47/41/47 49/43/49
f 48/42/48 28/23/28 51/45/51
f 51/45/51 49/43/49 48/42/48
f 52/46/52 50/44/50 49/43/49
f 49/43/49 51/45/51 52/46/52
f 50/44/50 52/46/52 53/47/53
f 28/23/28 54/48/54 51/45/51
f 27/22/27 54/48/54 28/23/28
f 52/46/52 55/49/55 53/47/53
f 56/50/56 53/47/53 55/49/55
f 51/45/51 57/51/57 52/46/52
f 51/45/51 54/48/54 57/51/57
f 55/49/55 52/46/52 57/51/57
f 27/22/27 58/52/58 54/48/54
f 58/52/58 27/22/27 25/20/25
f 54/48/54 59/53/59 57/51/57
f 58/52/58 59/53/59 54/48/54
f 60/54/60 55/49/55 57/51/57
f 57/51/57 59/53/59 60/54/60
f 61/55/61 56/50/56 55/49/55
f 55/49/55 60/54/60 61/55/61
f 61/55/61 62/56/62 56/50/56
f 62/56/62 63/57/63 56/50/56
f 64/58/64 63/57/63 62/56/62
f 65/59/65 64/58/64 62/56/62
f 65/59/65 62/56/62 66/60/66
f 58/52/58 25/20/25 67/61/67
f 26/21/26 67/61/67 25/20/25
f 58/52/58 68/62/68 59/53/59
f 68/62/68 58/52/58 67/61/67
f 59/53/59 69/63/69 60/54/60
f 68/62/68 69/63/69 59/53/59
f 60/54/60 70/64/70 61/55/61
f 61/55/61 70/64/70 62/56/62
f 60/54/60 69/63/69 70/64/70
f 62/56/62 71/65/71 66/60/66
f 70/64/70 71/65/71 62/56/62
f 72/66/72 66/60/66 71/65/71
f 71/65/71 73/67/73 72/66/72
f 73/67/73 71/65/71 70/64/70
f 73/67/73 74/68/74 72/66/72
f 75/69/75 74/68/74 73/67/73
f 67/61/67 26/21/26 76/70/76
f 26/21/26 77/71/77 76/70/76
f 78/72/78 68/62/68 67/61/67
f 68/62/68 78/72/78 69/63/69
f 76/70/76 78/72/78 67/61/67
f 69/63/69 79/73/79 70/64/70
f 79/73/79 73/67/73 70/64/70
f 78/72/78 79/73/79 69/63/69
f 80/74/80 75/69/75 73/67/73
f 80/74/80 73/67/73 79/73/79
f 78/72/78 80/74/80 79/73/79
f 80/74/80 78/72/78 76/70/76
f 75/69/75 80/74/80 81/75/81
f 76/70/76 77/71/77 82/76/82
f 82/76/82 80/74/80 76/70/76
f 80/74/80 82/76/82 81/75/81
f 77/71/77 83/77/83 82/76/82
f 84/78/84 81/75/81 82/76/82
f 83/77/83 84/78/84 82/76/82
f 88/79/85 87/80/86 86/81/87
f 85/81/88 90/80/89 89/82/90
f 90/80/89 91/83/91 89/82/90
f 92/84/92 89/82/90 91/83/91
f 93/85/93 92/84/92 91/83/91
f 94/86/94 92/84/92 93/85/93
f 95/87/95 94/86/94 93/85/93
f 96/88/96 85/81/88 89/82/90
f 97/89/97 89/82/90 92/84/92
f 97/89/97 96/88/96 89/82/90
f 98/90/98 92/84/92 94/86/94
f 98/90/98 97/89/97 92/84/92
f 99/91/99 85/81/88 96/88/96
f 99/91/99 100/79/100 85/81/88
f 101/92/101 97/89/97 98/90/98
f 96/88/96 97/89/97 102/93/102
f 97/89/97 101/92/101 102/93/102
f 103/94/103 99/91/99 96/88/96
f 104/95/104 99/91/99 103/94/103
f 105/96/105 104/95/104 103/94/103
f 107/97/106 100/79/100 99/91/99
f 103/94/103 96/88/96 108/98/107
f 96/88/96 102/93/102 108/98/107
f 105/96/105 103/94/103 109/99/108
f 103/94/103 108/98/107 109/99/108
f 105/96/105 109/99/108 110/100/109
f 109/99/108 111/101/110 110/100/109
f 112/102/111 111/101/110 109/99/108
f 108/98/107 112/102/111 109/99/108
f 113/103/112 112/102/111 108/98/107
f 102/93/102 113/103/112 108/98/107
f 113/103/112 102/93/102 114/104/113
f 102/93/102 101/92/101 114/104/113
f 114/104/113 101/92/101 115/105/114
f 116/106/115 114/104/113 115/105/114
f 115/105/114 101/92/101 98/90/98
f 116/106/115 115/105/114 117/107/116
f 115/105/114 98/90/98 118/108/117
f 118/108/117 98/90/98 94/86/94
f 115/105/114 119/109/118 117/107/116
f 119/109/118 115/105/114 118/108/117
f 117/107/116 119/109/118 120/110/119
f 118/108/117 94/86/94 121/111/120
f 118/108/117 121/111/120 119/109/118
f 119/109/118 122/112/121 120/110/119
f 121/111/120 122/112/121 119/109/118
f 123/113/122 120/110/119 122/112/121
f 94/86/94 124/114/123 121/111/120
f 94/86/94 95/87/95 124/114/123
f 122/112/121 121/111/120 125/115/124
f 121/111/120 124/114/123 125/115/124
f 126/116/125 123/113/122 122/112/121
f 126/116/125 122/112/121 125/115/124
f 126/116/125 127/117/126 123/113/122
f 127/117/126 128/118/127 123/113/122
f 128/118/127 127/117/126 129/119/128
f 125/115/124 130/120/129 126/116/125
f 130/120/129 127/117/126 126/116/125
f 124/114/123 131/121/130 125/115/124
f 125/115/124 131/121/130 130/120/129
f 127/117/126 132/122/131 129/119/128
f 129/119/128 132/122/131 133/123/132
f 132/122/131 134/124/133 133/123/132
f 132/122/131 127/117/126 135/125/134
f 134/124/133 132/122/131 135/125/134
f 127/117/126 130/120/129 135/125/134
f 136/126/135 134/124/133 135/125/134
f 130/120/129 137/127/136 135/125/134
f 131/121/130 137/127/136 130/120/129
f 135/125/134 138/128/137 136/126/135
f 137/127/136 138/128/137 135/125/134
f 138/128/137 139/129/138 136/126/135
f 131/121/130 124/114/123 140/130/139
f 95/87/95 140/130/139 124/114/123
f 131/121/130 141/131/140 137/127/136
f 141/131/140 131/121/130 140/130/139
f 138/128/137 137/127/136 142/132/141
f 141/131/140 142/132/141 137/127/136
f 143/133/142 138/128/137 142/132/141
f 138/128/137 143/133/142 144/129/143
f 145/134/144 141/131/140 140/130/139
f 146/135/145 142/132/141 141/131/140
f 145/134/144 146/135/145 141/131/140
f 147/136/146 140/130/139 95/87/95
f 147/136/146 145/134/144 140/130/139
f 148/137/147 143/133/142 142/132/141
f 146/135/145 148/137/147 142/132/141
f 145/134/144 149/138/148 146/135/145
f 149/138/148 150/139/149 146/135/145
f 151/140/150 149/138/148 145/134/144
f 147/136/146 151/140/150 145/134/144
f 150/139/149 152/141/151 146/135/145
f 152/141/151 148/137/147 146/135/145
f 148/137/147 152/141/151 153/142/152
f 154/143/153 148/137/147 153/142/152
f 148/137/147 154/143/153 143/133/142
f 154/143/153 155/144/154 143/133/142
f 143/133/142 155/144/154 156/129/155
f 157/145/156 151/140/150 147/136/146
f 158/146/157 157/145/156 147/136/146
f 158/146/157 147/136/146 95/87/95
f 159/147/158 157/145/156 158/146/157
f 158/146/157 95/87/95 160/148/159
f 160/148/159 159/147/158 158/146/157
f 95/87/95 161/85/160 160/148/159
f 162/149/161 159/147/158 160/148/159
f 160/148/159 161/85/160 163/150/162
f 163/150/162 162/149/161 160/148/159
f 161/85/160 164/83/163 163/150/162
f 163/150/162 164/83/163 165/80/164
f 166/151/165 162/149/161 163/150/162
f 167/152/166 163/150/162 165/80/164
f 167/152/166 166/151/165 163/150/162
f 167/152/166 165/80/164 100/79/100
f 167/152/166 168/153/167 166/151/165
f 168/153/167 167/152/166 100/79/100
f 168/153/167 169/154/168 166/151/165
f 170/155/169 169/154/168 168/153/167
f 171/156/170 170/155/169 168/153/167
f 100/79/100 107/97/106 168/153/167
f 107/97/106 171/156/170 168/153/167
f 173/95/171 106/97/172 172/91/173
f 106/97/172 173/95/171 174/96/174
f 175/100/175 106/97/172 174/96/174
f 179/157/176 178/158/177 176/159/178
f 182/160/179 180/157/180 177/159/181
f 184/161/182 183/162/183 181/157/184
f 185/160/185 184/161/182 181/157/184
f 184/161/182 186/163/186 183/162/183
f 186/163/186 187/164/187 183/162/183
f 188/165/188 184/161/182 185/160/185
f 184/161/182 188/165/188 186/163/186
f 189/159/189 188/165/188 185/160/185
f 186/163/186 190/166/190 187/164/187
f 190/166/190 191/167/191 187/164/187
f 191/167/191 190/166/190 192/168/192
f 188/165/188 193/169/193 186/163/186
f 186/163/186 193/169/193 190/166/190
f 190/166/190 194/170/194 192/168/192
f 195/171/195 192/168/192 194/170/194
f 193/169/193 196/172/196 190/166/190
f 194/170/194 190/166/190 196/172/196
f 197/173/197 195/171/195 194/170/194
f 198/174/198 195/171/195 197/173/197
f 199/175/199 194/170/194 196/172/196
f 194/170/194 199/175/199 197/173/197
f 200/176/200 198/174/198 197/173/197
f 201/177/201 198/174/198 200/176/200
f 199/175/199 202/178/202 197/173/197
f 197/173/197 202/178/202 200/176/200
f 203/179/203 199/175/199 196/172/196
f 202/178/202 199/175/199 203/179/203
f 193/169/193 188/165/188 204/180/204
f 196/172/196 193/169/193 205/181/205
f 205/181/205 193/169/193 204/180/204
f 206/182/206 203/179/203 196/172/196
f 206/182/206 196/172/196 205/181/205
f 204/180/204 188/165/188 207/183/207
f 188/165/188 189/159/189 207/183/207
f 207/183/207 189/159/189 208/184/208
f 207/183/207 208/184/208 204/180/204
f 189/159/189 209/158/209 208/184/208
f 208/184/208 210/185/210 204/180/204
f 204/180/204 210/185/210 205/181/205
f 209/158/209 211/186/211 208/184/208
f 211/186/211 210/185/210 208/184/208
f 211/186/211 209/158/209 212/187/212
f 213/188/213 211/186/211 212/187/212
f 213/188/213 214/189/214 211/186/211
f 214/189/214 215/190/215 211/186/211
f 210/185/210 211/186/211 215/190/215
f 214/189/214 216/191/216 215/190/215
f 210/185/210 217/192/217 205/181/205
f 217/192/217 210/185/210 215/190/215
f 216/191/216 218/193/218 215/190/215
f 217/192/217 215/190/215 218/193/218
f 218/193/218 216/191/216 219/194/219
f 205/181/205 217/192/217 220/195/220
f 220/195/220 217/192/217 218/193/218
f 206/182/206 205/181/205 220/195/220
f 221/196/221 218/193/218 219/194/219
f 220/195/220 218/193/218 221/196/221
f 221/196/221 219/194/219 222/197/222
f 206/182/206 220/195/220 223/198/223
f 223/198/223 220/195/220 221/196/221
f 203/179/203 206/182/206 223/198/223
f 224/199/224 221/196/221 222/197/222
f 221/196/221 224/199/224 223/198/223
f 222/197/222 225/200/225 224/199/224
f 203/179/203 223/198/223 226/201/226
f 224/199/224 226/201/226 223/198/223
f 225/200/225 227/202/227 224/199/224
f 226/201/226 224/199/224 227/202/227
f 227/202/227 225/200/225 228/203/228
f 229/204/229 203/179/203 226/201/226
f 229/204/229 202/178/202 203/179/203
f 230/205/230 227/202/227 228/203/228
f 228/203/228 231/206/231 230/205/230
f 232/207/232 226/201/226 227/202/227
f 229/204/229 226/201/226 232/207/232
f 227/202/227 230/205/230 232/207/232
f 233/208/233 202/178/202 229/204/229
f 202/178/202 233/208/233 200/176/200
f 234/209/234 229/204/229 232/207/232
f 234/209/234 233/208/233 229/204/229
f 230/205/230 235/210/235 232/207/232
f 234/209/234 232/207/232 235/210/235
f 231/206/231 236/211/236 230/205/230
f 235/210/235 230/205/230 236/211/236
f 237/212/237 236/211/236 231/206/231
f 238/213/238 237/212/237 231/206/231
f 238/213/238 239/214/239 237/212/237
f 239/214/239 240/215/240 237/212/237
f 237/212/237 240/215/240 241/216/241
f 200/176/200 233/208/233 242/217/242
f 242/217/242 201/177/201 200/176/200
f 243/218/243 233/208/233 234/209/234
f 233/208/233 243/218/243 242/217/242
f 244/219/244 234/209/234 235/210/235
f 244/219/244 243/218/243 234/209/234
f 245/220/245 235/210/235 236/211/236
f 245/220/245 236/211/236 237/212/237
f 244/219/244 235/210/235 245/220/245
f 246/221/246 237/212/237 241/216/241
f 246/221/246 245/220/245 237/212/237
f 241/216/241 247/222/247 246/221/246
f 248/223/248 246/221/246 247/222/247
f 246/221/246 248/223/248 245/220/245
f 249/224/249 248/223/248 247/222/247
f 249/224/249 250/225/250 248/223/248
f 201/177/201 242/217/242 251/226/251
f 252/227/252 201/177/201 251/226/251
f 243/218/243 253/228/253 242/217/242
f 253/228/253 243/218/243 244/219/244
f 253/228/253 251/226/251 242/217/242
f 254/229/254 244/219/244 245/220/245
f 248/223/248 254/229/254 245/220/245
f 254/229/254 253/228/253 244/219/244
f 250/225/250 255/230/255 248/223/248
f 248/223/248 255/230/255 254/229/254
f 255/230/255 253/228/253 254/229/254
f 253/228/253 255/230/255 251/226/251
f 255/230/255 250/225/250 256/231/256
f 252/227/252 251/226/251 257/232/257
f 255/230/255 257/232/257 251/226/251
f 257/232/257 255/230/255 256/231/256
f 258/233/258 252/227/252 257/232/257
f 256/231/256 259/234/259 257/232/257
f 259/234/259 258/233/258 257/232/257
f 263/235/260 262/236/261 260/237/262
f 265/235/263 261/237/264 264/238/265
f 266/239/266 265/235/263 264/238/265
f 264/238/265 267/240/267 266/239/266
f 267/240/267 268/241/268 266/239/266
f 267/240/267 269/242/269 268/241/268
f 269/242/269 270/243/270 268/241/268
f 261/237/264 271/244/271 264/238/265
f 264/238/265 272/245/272 267/240/267
f 271/244/271 272/245/272 264/238/265
f 267/240/267 273/246/273 269/242/269
f 272/245/272 273/246/273 267/240/267
f 261/237/264 274/247/274 271/244/271
f 275/236/275 274/247/274 261/237/264
f 272/245/272 276/248/276 273/246/273
f 272/245/272 271/244/271 277/249/277
f 276/248/276 272/245/272 277/249/277
f 274/247/274 278/250/278 271/244/271
f 274/247/274 279/251/279 278/250/278
f 279/251/279 280/252/280 278/250/278
f 275/236/275 281/253/281 274/247/274
f 271/244/271 278/250/278 283/254/282
f 277/249/277 271/244/271 283/254/282
f 278/250/278 280/252/280 284/255/283
f 283/254/282 278/250/278 284/255/283
f 284/255/283 280/252/280 285/256/284
f 286/257/285 284/255/283 285/256/284
f 286/257/285 287/258/286 284/255/283
f 287/258/286 283/254/282 284/255/283
f 287/258/286 288/259/287 283/254/282
f 288/259/287 277/249/277 283/254/282
f 277/249/277 288/259/287 289/260/288
f 276/248/276 277/249/277 289/260/288
f 276/248/276 289/260/288 290/261/289
f 289/260/288 291/262/290 290/261/289
f 276/248/276 290/261/289 273/246/273
f 290/261/289 291/262/290 292/263/291
f 273/246/273 290/261/289 293/264/292
f 273/246/273 293/264/292 269/242/269
f 294/265/293 290/261/289 292/263/291
f 290/261/289 294/265/293 293/264/292
f 294/265/293 292/263/291 295/266/294
f 269/242/269 293/264/292 296/267/295
f 296/267/295 293/264/292 294/265/293
f 297/268/296 294/265/293 295/266/294
f 297/268/296 296/267/295 294/265/293
f 295/266/294 298/269/297 297/268/296
f 299/270/298 269/242/269 296/267/295
f 270/243/270 269/242/269 299/270/298
f 296/267/295 297/268/296 300/271/299
f 299/270/298 296/267/295 300/271/299
f 298/269/297 301/272/300 297/268/296
f 297/268/296 301/272/300 300/271/299
f 302/273/301 301/272/300 298/269/297
f 303/274/302 302/273/301 298/269/297
f 302/273/301 303/274/302 304/275/303
f 305/276/304 300/271/299 301/272/300
f 302/273/301 305/276/304 301/272/300
f 306/277/305 299/270/298 300/271/299
f 306/277/305 300/271/299 305/276/304
f 307/278/306 302/273/301 304/275/303
f 307/278/306 304/275/303 308/279/307
f 309/280/308 307/278/306 308/279/307
f 302/273/301 307/278/306 310/281/309
f 307/278/306 309/280/308 310/281/309
f 305/276/304 302/273/301 310/281/309
f 309/280/308 311/282/310 310/281/309
f 312/283/311 305/276/304 310/281/309
f 312/283/311 306/277/305 305/276/304
f 313/284/312 310/281/309 311/282/310
f 313/284/312 312/283/311 310/281/309
f 314/285/313 313/284/312 311/282/310
f 299/270/298 306/277/305 315/286/314
f 315/286/314 270/243/270 299/270/298
f 316/287/315 306/277/305 312/283/311
f 306/277/305 316/287/315 315/286/314
f 312/283/311 313/284/312 317/288/316
f 317/288/316 316/287/315 312/283/311
f 313/284/312 318/289/317 317/288/316
f 318/289/317 313/284/312 319/285/318
f 316/287/315 320/290/319 315/286/314
f 317/288/316 321/291/320 316/287/315
f 321/291/320 320/290/319 316/287/315
f 315/286/314 322/292/321 270/243/270
f 320/290/319 322/292/321 315/286/314
f 318/289/317 323/293/322 317/288/316
f 323/293/322 321/291/320 317/288/316
f 324/294/323 322/292/321 320/290/319
f 325/295/324 324/294/323 320/290/319
f 325/295/324 320/290/319 321/291/320
f 326/296/325 325/295/324 321/291/320
f 327/297/326 326/296/325 321/291/320
f 323/293/322 327/297/326 321/291/320
f 327/297/326 323/293/322 328/298/327
f 323/293/322 329/299/328 328/298/327
f 329/299/328 323/293/322 318/289/317
f 330/300/329 329/299/328 318/289/317
f 330/300/329 318/289/317 331/285/330
f 324/294/323 332/301/331 322/292/321
f 332/301/331 333/302/332 322/292/321
f 322/292/321 333/302/332 270/243/270
f 332/301/331 334/303/333 333/302/332
f 270/243/270 333/302/332 335/304/334
f 334/303/333 335/304/334 333/302/332
f 336/241/335 270/243/270 335/304/334
f 334/303/333 337/305/336 335/304/334
f 336/241/335 335/304/334 338/306/337
f 337/305/336 338/306/337 335/304/334
f 339/239/338 336/241/335 338/306/337
f 339/239/338 338/306/337 340/235/339
f 337/305/336 341/307/340 338/306/337
f 338/306/337 342/308/341 340/235/339
f 341/307/340 342/308/341 338/306/337
f 340/235/339 342/308/341 275/236/275
f 343/309/342 342/308/341 341/307/340
f 342/308/341 343/309/342 275/236/275
f 344/310/343 343/309/342 341/307/340
f 344/310/343 345/311/344 343/309/342
f 345/311/344 346/312/345 343/309/342
f 281/253/281 275/236/275 343/309/342
f 346/312/345 281/253/281 343/309/342
f 282/253/346 348/251/347 347/247/348
f 348/251/347 282/253/346 349/252/349
f 282/253/346 350/256/350 349/252/349
f 353/313/351 352/314/352 351/315/353
f 357/316/354 355/317/355 354/318/356
f 359/319/357 356/316/358 358/320/359
f 358/320/359 356/316/358 360/318/360
f 359/319/357 358/320/359 361/321/361
f 359/319/357 361/321/361 362/322/362
f 362/322/362 363/323/363 359/319/357
f 363/323/363 362/322/362 364/324/364
f 365/325/365 356/316/358 359/319/357
f 365/325/365 367/326/366 356/316/358
f 369/327/367 367/326/366 365/325/365
f 356/316/358 367/326/366 370/317/355
f 371/328/368 365/325/365 359/319/357
f 363/323/363 372/329/369 359/319/357
f 372/329/369 371/328/368 359/319/357
f 365/325/365 373/330/370 369/327/367
f 365/325/365 371/328/368 373/330/370
f 363/323/363 374/331/371 372/329/369
f 374/331/371 363/323/363 375/332/372
f 375/332/372 363/323/363 376/324/373
f 377/333/374 375/332/372 376/324/373
f 375/332/372 377/333/374 378/334/375
f 374/331/371 375/332/372 379/334/375
f 380/335/376 371/328/368 372/329/369
f 371/328/368 381/336/377 373/330/370
f 380/335/376 381/336/377 371/328/368
f 381/336/377 380/335/376 382/337/378
f 380/335/376 372/329/369 383/338/379
f 374/331/371 383/338/379 372/329/369
f 380/335/376 383/338/379 382/337/378
f 383/338/379 374/331/371 384/339/380
f 382/337/378 383/338/379 384/339/380
f 384/339/380 374/331/371 385/340/381
f 385/340/381 374/331/371 386/334/375
f 384/339/380 385/340/381 387/341/382
f 384/339/380 387/341/382 388/342/383
f 384/339/380 388/342/383 389/343/384
f 382/337/378 384/339/380 389/343/384
f 373/330/370 381/336/377 390/344/385
f 373/330/370 390/344/385 391/345/386
f 373/330/370 391/345/386 369/327/367
f 392/346/387 381/336/377 382/337/378
f 381/336/377 393/347/388 390/344/385
f 393/347/388 381/336/377 392/346/387
f 394/348/389 392/346/387 382/337/378
f 382/337/378 389/343/384 395/349/390
f 395/349/390 394/348/389 382/337/378
f 392/346/387 396/350/391 393/347/388
f 392/346/387 394/348/389 396/350/391
f 396/350/391 397/351/392 393/347/388
f 393/347/388 398/352/393 390/344/385
f 393/347/388 397/351/392 398/352/393
f 395/349/390 389/343/384 399/353/394
f 394/348/389 395/349/390 400/354/395
f 400/354/395 395/349/390 399/353/394
f 399/353/394 389/343/384 401/355/396
f 389/343/384 402/356/397 401/355/396
f 401/355/396 402/356/397 403/357/398
f 401/355/396 403/357/398 404/358/399
f 401/355/396 404/358/399 405/359/400
f 401/355/396 405/359/400 406/360/401
f 399/353/394 401/355/396 406/360/401
f 407/361/402 394/348/389 400/354/395
f 400/354/395 399/353/394 408/362/403
f 400/354/395 408/362/403 407/361/402
f 409/363/404 407/361/402 408/362/403
f 409/363/404 408/362/403 410/364/405
f 399/353/394 410/364/405 408/362/403
f 399/353/394 406/360/401 410/364/405
f 407/361/402 411/365/406 394/348/389
f 407/361/402 409/363/404 411/365/406
f 396/350/391 394/348/389 411/365/406
f 410/364/405 406/360/401 412/366/407
f 413/367/408 409/363/404 410/364/405
f 410/364/405 412/366/407 413/367/408
f 412/366/407 406/360/401 414/368/409
f 406/360/401 415/369/410 414/368/409
f 414/368/409 415/369/410 416/370/411
f 414/368/409 416/370/411 417/371/412
f 412/366/407 414/368/409 417/371/412
f 413/367/408 412/366/407 418/372/413
f 413/367/408 418/372/413 409/363/404
f 419/373/414 412/366/407 417/371/412
f 412/366/407 419/373/414 418/372/413
f 419/373/414 417/371/412 420/374/415
f 420/374/415 417/371/412 421/375/416
f 422/376/417 420/374/415 421/375/416
f 420/374/415 422/376/417 423/377/418
f 424/378/419 419/373/414 420/374/415
f 418/372/413 419/373/414 424/378/419
f 424/378/419 420/374/415 423/377/418
f 425/379/420 418/372/413 424/378/419
f 418/372/413 425/379/420 409/363/404
f 424/378/419 423/377/418 426/380/421
f 425/379/420 424/378/419 426/380/421
f 427/381/422 409/363/404 425/379/420
f 427/381/422 425/379/420 426/380/421
f 426/380/421 423/377/418 428/382/423
f 428/382/423 423/377/418 429/383/424
f 430/384/425 428/382/423 429/383/424
f 428/382/423 430/384/425 426/380/421
f 430/384/425 429/383/424 431/385/426
f 430/384/425 432/386/427 426/380/421
f 432/386/427 430/384/425 431/385/426
f 426/380/421 432/386/427 427/381/422
f 409/363/404 427/381/422 433/387/428
f 409/363/404 433/387/428 411/365/406
f 432/386/427 431/385/426 434/388/429
f 431/385/426 435/389/430 434/388/429
f 434/388/429 435/389/430 436/390/431
f 435/389/430 437/391/432 436/390/431
f 436/390/431 437/391/432 438/392/433
f 437/391/432 439/393/434 438/392/433
f 434/388/429 436/390/431 440/394/435
f 436/390/431 438/392/433 440/394/435
f 434/388/429 441/395/436 432/386/427
f 441/395/436 434/388/429 440/394/435
f 432/386/427 442/396/437 427/381/422
f 441/395/436 442/396/437 432/386/427
f 427/381/422 443/397/438 433/387/428
f 427/381/422 442/396/437 443/397/438
f 438/392/433 439/393/434 444/398/439
f 439/393/434 445/399/440 444/398/439
f 444/398/439 445/399/440 446/400/441
f 441/395/436 440/394/435 447/401/442
f 441/395/436 447/401/442 442/396/437
f 440/394/435 448/402/443 447/401/442
f 447/401/442 449/403/444 442/396/437
f 438/392/433 450/404/445 440/394/435
f 440/394/435 450/404/445 448/402/443
f 451/405/446 442/396/437 449/403/444
f 442/396/437 451/405/446 443/397/438
f 452/406/447 450/404/445 438/392/433
f 444/398/439 452/406/447 438/392/433
f 450/404/445 453/407/448 448/402/443
f 453/407/448 450/404/445 452/406/447
f 454/408/449 448/402/443 453/407/448
f 455/409/450 444/398/439 446/400/441
f 446/400/441 456/410/451 455/409/450
f 457/411/452 451/405/446 449/403/444
f 457/411/452 449/403/444 458/412/453
f 459/413/454 452/406/447 444/398/439
f 455/409/450 459/413/454 444/398/439
f 455/409/450 456/410/451 460/414/455
f 460/414/455 456/410/451 461/415/456
f 462/416/457 453/407/448 452/406/447
f 462/416/457 452/406/447 463/417/458
f 452/406/447 459/413/454 463/417/458
f 462/416/457 464/418/459 453/407/448
f 459/413/454 465/419/460 463/417/458
f 465/419/460 459/413/454 455/409/450
f 465/419/460 466/420/461 463/417/458
f 464/418/459 467/421/462 453/407/448
f 467/421/462 454/408/449 453/407/448
f 468/422/463 467/421/462 464/418/459
f 467/421/462 468/422/463 454/408/449
f 469/423/464 468/422/463 464/418/459
f 468/422/463 470/424/465 454/408/449
f 471/425/466 455/409/450 460/414/455
f 471/425/466 465/419/460 455/409/450
f 465/419/460 472/426/467 466/420/461
f 465/419/460 471/425/466 473/427/468
f 472/426/467 465/419/460 473/427/468
f 472/426/467 473/427/468 474/428/469
f 472/426/467 475/429/470 466/420/461
f 476/430/471 466/420/461 475/429/470
f 477/431/472 472/426/467 474/428/469
f 475/429/470 472/426/467 477/431/472
f 478/432/473 471/425/466 460/414/455
f 473/427/468 471/425/466 479/433/474
f 479/433/474 471/425/466 478/432/473
f 480/434/475 473/427/468 479/433/474
f 481/435/476 479/433/474 478/432/473
f 482/436/477 480/434/475 479/433/474
f 482/436/477 483/437/478 480/434/475
f 480/434/475 483/437/478 484/438/479
f 481/435/476 478/432/473 485/439/480
f 486/440/481 480/434/475 484/438/479
f 478/432/473 487/441/482 485/439/480
f 487/441/482 478/432/473 460/414/455
f 487/441/482 488/442/483 485/439/480
f 487/441/482 460/414/455 488/442/483
f 460/414/455 489/415/484 488/442/483
f 490/443/485 473/427/468 480/434/475
f 474/428/469 473/427/468 490/443/485
f 491/444/486 490/443/485 480/434/475
f 491/444/486 480/434/475 486/440/481
f 491/444/486 492/445/487 490/443/485
f 492/445/487 491/444/486 486/440/481
f 492/445/487 474/428/469 490/443/485
f 493/446/488 492/445/487 486/440/481
f 486/440/481 494/447/489 493/446/488
f 493/446/488 494/447/489 495/448/490
f 493/446/488 495/448/490 496/449/491
f 493/446/488 496/449/491 497/450/492
f 492/445/487 493/446/488 497/450/492
f 498/451/493 474/428/469 492/445/487
f 497/450/492 498/451/493 492/445/487
f 474/428/469 498/451/493 499/452/494
f 499/452/494 498/451/493 497/450/492
f 499/452/494 500/453/495 474/428/469
f 500/453/495 477/431/472 474/428/469
f 501/454/496 499/452/494 497/450/492
f 497/450/492 502/455/497 501/454/496
f 503/456/498 477/431/472 500/453/495
f 503/456/498 475/429/470 477/431/472
f 502/455/497 504/457/499 501/454/496
f 504/457/499 502/455/497 505/458/500
f 504/457/499 505/458/500 506/459/501
f 504/457/499 506/459/501 501/454/496
f 508/460/502 499/452/494 501/454/496
f 509/461/503 500/453/495 499/452/494
f 508/460/502 509/461/503 499/452/494
f 506/459/501 510/462/504 501/454/496
f 510/462/504 508/460/502 501/454/496
f 510/462/504 511/463/505 508/460/502
f 509/461/503 508/460/502 512/464/506
f 512/464/506 508/460/502 511/463/505
f 511/463/505 510/462/504 513/465/507
f 510/462/504 506/459/501 513/465/507
f 514/466/508 512/464/506 511/463/505
f 514/466/508 511/463/505 513/465/507
f 475/429/470 503/456/498 515/467/509
f 516/468/510 475/429/470 515/467/509
f 516/468/510 476/430/471 475/429/470
f 517/469/511 476/430/471 516/468/510
f 518/470/512 476/430/471 517/469/511
f 515/467/509 519/471/513 516/468/510
f 519/471/513 517/469/511 516/468/510
f 520/472/514 518/470/512 517/469/511
f 518/470/512 520/472/514 521/473/515
f 520/472/514 522/474/516 521/473/515
f 521/473/515 522/474/516 523/475/517
f 524/476/518 515/467/509 503/456/498
f 519/471/513 515/467/509 525/477/519
f 515/467/509 524/476/518 525/477/519
f 526/478/520 524/476/518 503/456/498
f 526/478/520 503/456/498 500/453/495
f 526/478/520 500/453/495 527/479/521
f 500/453/495 509/461/503 527/479/521
f 524/476/518 526/478/520 528/480/522
f 527/479/521 528/480/522 526/478/520
f 525/477/519 524/476/518 529/481/523
f 529/481/523 524/476/518 528/480/522
f 530/482/524 527/479/521 509/461/503
f 528/480/522 527/479/521 531/483/525
f 527/479/521 530/482/524 531/483/525
f 529/481/523 528/480/522 532/484/526
f 532/484/526 528/480/522 531/483/525
f 533/485/527 530/482/524 509/461/503
f 533/485/527 509/461/503 512/464/506
f 512/464/506 534/486/528 533/485/527
f 534/486/528 512/464/506 514/466/508
f 535/487/529 530/482/524 533/485/527
f 531/483/525 530/482/524 536/488/530
f 530/482/524 535/487/529 536/488/530
f 537/489/531 533/485/527 534/486/528
f 537/489/531 535/487/529 533/485/527
f 538/490/532 537/489/531 534/486/528
f 531/483/525 536/488/530 539/491/533
f 540/492/534 536/488/530 535/487/529
f 539/491/533 536/488/530 540/492/534
f 541/493/535 535/487/529 537/489/531
f 541/493/535 540/492/534 535/487/529
f 542/494/536 532/484/526 531/483/525
f 542/494/536 531/483/525 539/491/533
f 537/489/531 538/490/532 543/495/537
f 543/495/537 541/493/535 537/489/531
f 532/484/526 542/494/536 544/496/538
f 544/496/538 542/494/536 539/491/533
f 534/486/528 545/497/539 538/490/532
f 546/498/540 545/497/539 534/486/528
f 546/498/540 534/486/528 514/466/508
f 546/498/540 514/466/508 547/314/352
f 545/497/539 546/498/540 547/314/352
f 514/466/508 548/499/541 547/314/352
f 548/499/541 514/466/508 513/465/507
f 513/465/507 549/500/542 548/499/541
f 549/500/542 513/465/507 550/501/543
f 551/502/544 549/500/542 550/501/543
f 549/500/542 551/502/544 552/503/545
f 548/499/541 549/500/542 553/503/546
f 553/503/546 554/504/547 548/499/541
f 548/499/541 554/504/547 547/314/352
f 555/315/548 547/314/352 554/504/547
f 556/505/549 555/315/548 554/504/547
f 557/503/545 556/505/549 554/504/547
f 558/506/550 545/497/539 547/314/352
f 547/314/352 559/313/551 558/506/550
f 559/313/551 560/507/552 558/506/550
f 561/508/553 545/497/539 558/506/550
f 561/508/553 538/490/532 545/497/539
f 562/509/554 558/506/550 560/507/552
f 562/509/554 561/508/553 558/506/550
f 563/510/555 562/509/554 560/507/552
f 562/509/554 564/511/556 561/508/553
f 565/512/557 538/490/532 561/508/553
f 564/511/556 565/512/557 561/508/553
f 538/490/532 565/512/557 566/513/558
f 566/513/558 565/512/557 564/511/556
f 567/514/559 564/511/556 562/509/554
f 567/514/559 566/513/558 564/511/556
f 568/515/560 567/514/559 562/509/554
f 566/513/558 567/514/559 569/515/561
f 570/516/562 538/490/532 566/513/558
f 538/490/532 570/516/562 543/495/537
f 543/495/537 570/516/562 571/517/563
f 572/518/564 571/517/563 570/516/562
f 573/519/565 570/516/562 566/513/558
f 573/519/565 572/518/564 570/516/562
f 574/520/566 543/495/537 571/517/563
f 543/495/537 574/520/566 541/493/535
f 574/520/566 575/521/567 541/493/535
f 541/493/535 575/521/567 540/492/534
f 576/522/568 573/519/565 566/513/558
f 573/519/565 576/522/568 577/523/569
f 578/524/570 576/522/568 566/513/558
f 578/524/570 566/513/558 579/515/571
f 580/525/572 572/518/564 573/519/565
f 572/518/564 580/525/572 581/526/573
f 582/527/574 580/525/572 573/519/565
f 582/527/574 573/519/565 583/523/569
f 584/528/575 582/527/574 583/523/569
f 575/521/567 574/520/566 585/529/576
f 574/520/566 586/530/577 585/529/576
f 586/530/577 574/520/566 571/517/563
f 571/517/563 572/518/564 587/531/578
f 587/531/578 586/530/577 571/517/563
f 587/531/578 588/532/579 586/530/577
f 588/532/579 587/531/578 589/533/580
f 587/531/578 590/534/581 589/533/580
f 572/518/564 590/534/581 587/531/578
f 572/518/564 591/535/582 590/534/581
f 591/535/582 572/518/564 592/526/573
f 591/535/582 593/536/583 590/534/581
f 590/534/581 593/536/583 594/537/584
f 593/536/583 595/538/585 594/537/584
f 590/534/581 596/539/586 589/533/580
f 596/539/586 590/534/581 597/537/587
f 596/539/586 598/540/588 589/533/580
f 589/533/580 598/540/588 599/541/589
f 588/532/579 600/542/590 586/530/577
f 585/529/576 586/530/577 600/542/590
f 601/543/591 585/529/576 600/542/590
f 602/544/592 585/529/576 601/543/591
f 575/521/567 585/529/576 602/544/592
f 603/545/593 575/521/567 602/544/592
f 575/521/567 603/545/593 540/492/534
f 604/546/594 540/492/534 603/545/593
f 604/546/594 539/491/533 540/492/534
f 539/491/533 604/546/594 605/547/595
f 605/547/595 544/496/538 539/491/533
f 606/548/596 604/546/594 603/545/593
f 602/544/592 607/549/597 603/545/593
f 607/549/597 606/548/596 603/545/593
f 604/546/594 608/550/598 605/547/595
f 608/550/598 604/546/594 606/548/596
f 605/547/595 608/550/598 609/551/599
f 610/552/600 608/550/598 606/548/596
f 609/551/599 608/550/598 610/552/600
f 605/547/595 611/553/601 544/496/538
f 611/553/601 605/547/595 609/551/599
f 611/553/601 609/551/599 612/554/602
f 607/549/597 613/555/603 606/548/596
f 613/555/603 610/552/600 606/548/596
f 614/556/604 609/551/599 610/552/600
f 609/551/599 614/556/604 612/554/602
f 613/555/603 615/557/605 610/552/600
f 615/557/605 614/556/604 610/552/600
f 614/556/604 615/557/605 616/558/606
f 613/555/603 607/549/597 617/559/607
f 613/555/603 617/559/607 615/557/605
f 614/556/604 618/560/608 612/554/602
f 618/560/608 614/556/604 616/558/606
f 612/554/602 618/560/608 619/561/609
f 618/560/608 616/558/606 619/561/609
f 607/549/597 620/562/610 617/559/607
f 620/562/610 607/549/597 602/544/592
f 617/559/607 621/563/611 615/557/605
f 615/557/605 621/563/611 616/558/606
f 622/564/612 620/562/610 602/544/592
f 622/564/612 602/544/592 601/543/591
f 623/565/613 617/559/607 620/562/610
f 621/563/611 617/559/607 623/565/613
f 601/543/591 624/566/614 622/564/612
f 622/564/612 625/567/615 620/562/610
f 624/566/614 625/567/615 622/564/612
f 626/568/616 623/565/613 620/562/610
f 625/567/615 626/568/616 620/562/610
f 624/566/614 601/543/591 627/569/617
f 601/543/591 600/542/590 627/569/617
f 626/568/616 628/570/618 623/565/613
f 628/570/618 626/568/616 625/567/615
f 627/569/617 600/542/590 629/571/619
f 600/542/590 588/532/579 629/571/619
f 624/566/614 630/572/620 625/567/615
f 624/566/614 627/569/617 631/573/621
f 630/572/620 624/566/614 631/573/621
f 632/574/622 628/570/618 625/567/615
f 630/572/620 632/574/622 625/567/615
f 629/571/619 633/575/623 627/569/617
f 631/573/621 627/569/617 633/575/623
f 628/570/618 634/576/624 623/565/613
f 623/565/613 634/576/624 635/577/625
f 635/577/625 621/563/611 623/565/613
f 632/574/622 630/572/620 636/578/626
f 631/573/621 637/579/627 630/572/620
f 637/579/627 636/578/626 630/572/620
f 632/574/622 638/580/628 628/570/618
f 636/578/626 639/581/629 632/574/622
f 639/581/629 638/580/628 632/574/622
f 628/570/618 640/582/630 634/576/624
f 638/580/628 640/582/630 628/570/618
f 641/583/631 636/578/626 637/579/627
f 639/581/629 636/578/626 641/583/631
f 640/582/630 642/584/632 634/576/624
f 643/585/633 640/582/630 638/580/628
f 640/582/630 643/585/633 642/584/632
f 639/581/629 644/586/634 638/580/628
f 644/586/634 643/585/633 638/580/628
f 634/576/624 645/587/635 635/577/625
f 634/576/624 642/584/632 645/587/635
f 646/588/636 639/581/629 641/583/631
f 639/581/629 646/588/636 644/586/634
f 647/589/637 641/583/631 637/579/627
f 647/589/637 637/579/627 648/590/638
f 649/591/639 641/583/631 647/589/637
f 641/583/631 649/591/639 646/588/636
f 650/592/640 647/589/637 648/590/638
f 650/592/640 649/591/639 647/589/637
f 637/579/627 651/593/641 648/590/638
f 637/579/627 631/573/621 651/593/641
f 631/573/621 652/594/642 651/593/641
f 652/594/642 631/573/621 633/575/623
f 642/584/632 653/595/643 645/587/635
f 642/584/632 654/596/644 653/595/643
f 643/585/633 654/596/644 642/584/632
f 645/587/635 653/595/643 655/597/645
f 654/596/644 656/598/646 653/595/643
f 655/597/645 653/595/643 656/598/646
f 656/598/646 654/596/644 657/599/647
f 643/585/633 658/600/648 654/596/644
f 658/600/648 657/599/647 654/596/644
f 659/601/649 645/587/635 655/597/645
f 635/577/625 645/587/635 659/601/649
f 660/602/650 655/597/645 656/598/646
f 660/602/650 656/598/646 657/599/647
f 655/597/645 660/602/650 661/603/651
f 659/601/649 655/597/645 661/603/651
f 662/604/652 635/577/625 659/601/649
f 621/563/611 635/577/625 662/604/652
f 662/604/652 659/601/649 663/605/653
f 659/601/649 661/603/651 663/605/653
f 664/606/654 621/563/611 662/604/652
f 664/606/654 662/604/652 663/605/653
f 621/563/611 664/606/654 616/558/606
f 661/603/651 660/602/650 665/607/655
f 665/607/655 660/602/650 657/599/647
f 616/558/606 664/606/654 666/608/656
f 666/608/656 664/606/654 663/605/653
f 661/603/651 667/609/657 663/605/653
f 667/609/657 661/603/651 665/607/655
f 668/610/658 616/558/606 666/608/656
f 616/558/606 668/610/658 619/561/609
f 666/608/656 663/605/653 669/611/659
f 667/609/657 669/611/659 663/605/653
f 670/612/660 667/609/657 665/607/655
f 671/613/661 670/612/660 665/607/655
f 671/613/661 665/607/655 672/614/662
f 665/607/655 657/599/647 672/614/662
f 673/615/663 671/613/661 672/614/662
f 657/599/647 674/616/664 672/614/662
f 674/616/664 657/599/647 675/617/665
f 657/599/647 658/600/648 675/617/665
f 675/617/665 658/600/648 676/618/666
f 658/600/648 677/619/667 676/618/666
f 677/619/667 658/600/648 643/585/633
f 678/620/668 676/618/666 677/619/667
f 644/586/634 677/619/667 643/585/633
f 679/621/669 678/620/668 677/619/667
f 679/621/669 677/619/667 644/586/634
f 680/622/670 678/620/668 679/621/669
f 681/623/671 679/621/669 644/586/634
f 646/588/636 681/623/671 644/586/634
f 682/624/672 680/622/670 679/621/669
f 682/624/672 679/621/669 681/623/671
f 681/623/671 646/588/636 683/625/673
f 649/591/639 683/625/673 646/588/636
f 684/626/674 681/623/671 683/625/673
f 684/626/674 682/624/672 681/623/671
f 680/622/670 682/624/672 685/627/675
f 686/628/676 680/622/670 685/627/675
f 687/629/677 683/625/673 649/591/639
f 687/629/677 684/626/674 683/625/673
f 688/630/678 687/629/677 649/591/639
f 687/629/677 689/631/679 684/626/674
f 649/591/639 650/592/640 688/630/678
f 690/632/680 682/624/672 684/626/674
f 682/624/672 690/632/680 685/627/675
f 689/631/679 691/633/681 684/626/674
f 691/633/681 690/632/680 684/626/674
f 691/633/681 689/631/679 692/634/682
f 686/628/676 685/627/675 693/635/683
f 694/636/684 686/628/676 693/635/683
f 695/637/685 694/636/684 693/635/683
f 685/627/675 690/632/680 696/638/686
f 696/638/686 690/632/680 691/633/681
f 693/635/683 685/627/675 696/638/686
f 697/639/687 691/633/681 692/634/682
f 697/639/687 696/638/686 691/633/681
f 697/639/687 692/634/682 698/640/688
f 699/641/689 695/637/685 693/635/683
f 699/641/689 693/635/683 696/638/686
f 700/642/690 696/638/686 697/639/687
f 700/642/690 699/641/689 696/638/686
f 699/641/689 701/643/691 695/637/685
f 699/641/689 700/642/690 701/643/691
f 701/643/691 702/644/692 695/637/685
f 700/642/690 703/645/693 701/643/691
f 704/646/694 700/642/690 697/639/687
f 703/645/693 700/642/690 704/646/694
f 704/646/694 697/639/687 698/640/688
f 705/647/695 703/645/693 704/646/694
f 704/646/694 698/640/688 705/647/695
f 698/640/688 706/648/696 705/647/695
f 708/317/355 368/326/697 707/649/698
f 366/326/699 710/650/700 709/649/701
f 713/651/702 711/650/703 367/326/366
f 369/327/367 713/651/702 367/326/366
f 369/327/367 714/652/704 713/651/702
f 715/653/705 713/651/702 714/652/704
f 717/654/706 713/651/702 715/653/705
f 713/651/702 717/654/706 718/655/707
f 717/654/706 719/656/708 718/655/707
f 720/657/709 719/656/708 717/654/706
f 369/327/367 721/658/710 714/652/704
f 722/659/711 721/658/710 369/327/367
f 721/658/710 722/659/711 723/660/712
f 391/345/386 722/659/711 369/327/367
f 724/661/713 722/659/711 391/345/386
f 722/659/711 725/662/714 723/660/712
f 722/659/711 724/661/713 725/662/714
f 726/663/715 724/661/713 391/345/386
f 390/344/385 726/663/715 391/345/386
f 390/344/385 727/664/716 726/663/715
f 398/352/393 727/664/716 390/344/385
f 727/664/716 728/665/717 726/663/715
f 726/663/715 728/665/717 724/661/713
f 729/666/718 727/664/716 398/352/393
f 728/665/717 727/664/716 729/666/718
f 714/652/704 721/658/710 731/667/719
f 714/652/704 731/667/719 733/668/720
f 714/652/704 733/668/720 734/669/721
f 721/658/710 723/660/712 735/670/722
f 721/658/710 735/670/722 731/667/719
f 731/667/719 735/670/722 736/671/723
f 736/671/723 735/670/722 737/672/724
f 735/670/722 723/660/712 739/673/725
f 739/673/725 740/674/726 735/670/722
f 742/675/727 740/674/726 739/673/725
f 742/675/727 739/673/725 743/676/728
f 744/677/729 742/675/727 743/676/728
f 744/677/729 745/678/730 742/675/727
f 739/673/725 723/660/712 746/679/731
f 749/680/732 739/673/725 746/679/731
f 746/679/731 723/660/712 750/681/733
f 751/682/734 750/681/733 723/660/712
f 725/662/714 751/682/734 723/660/712
f 752/683/735 751/682/734 725/662/714
f 753/684/736 752/683/735 725/662/714
f 724/661/713 753/684/736 725/662/714
f 754/685/737 753/684/736 724/661/713
f 755/686/738 752/683/735 753/684/736
f 754/685/737 755/686/738 753/684/736
f 756/687/739 754/685/737 724/661/713
f 728/665/717 756/687/739 724/661/713
f 756/687/739 728/665/717 757/688/740
f 757/688/740 728/665/717 729/666/718
f 755/686/738 754/685/737 758/689/741
f 754/685/737 756/687/739 759/690/742
f 754/685/737 759/690/742 758/689/741
f 755/686/738 760/691/743 752/683/735
f 755/686/738 758/689/741 760/691/743
f 761/692/744 756/687/739 757/688/740
f 756/687/739 761/692/744 759/690/742
f 761/692/744 757/688/740 762/693/745
f 759/690/742 761/692/744 762/693/745
f 763/694/746 757/688/740 729/666/718
f 757/688/740 763/694/746 762/693/745
f 759/690/742 764/695/747 758/689/741
f 764/695/747 759/690/742 762/693/745
f 765/696/748 763/694/746 729/666/718
f 762/693/745 763/694/746 766/697/749
f 766/697/749 763/694/746 765/696/748
f 729/666/718 767/698/750 765/696/748
f 729/666/718 398/352/393 767/698/750
f 768/699/751 767/698/750 398/352/393
f 397/351/392 768/699/751 398/352/393
f 768/699/751 769/700/752 767/698/750
f 769/700/752 768/699/751 397/351/392
f 770/701/753 767/698/750 769/700/752
f 765/696/748 767/698/750 771/702/754
f 771/702/754 767/698/750 770/701/753
f 772/703/755 766/697/749 765/696/748
f 765/696/748 771/702/754 772/703/755
f 764/695/747 773/704/756 758/689/741
f 764/695/747 762/693/745 774/705/757
f 764/695/747 774/705/757 773/704/756
f 775/706/758 762/693/745 766/697/749
f 762/693/745 775/706/758 774/705/757
f 766/697/749 772/703/755 776/707/759
f 775/706/758 766/697/749 776/707/759
f 777/708/760 758/689/741 773/704/756
f 760/691/743 758/689/741 777/708/760
f 771/702/754 778/709/761 772/703/755
f 779/710/762 771/702/754 770/701/753
f 778/709/761 771/702/754 779/710/762
f 780/711/763 776/707/759 772/703/755
f 778/709/761 780/711/763 772/703/755
f 774/705/757 781/712/764 773/704/756
f 774/705/757 775/706/758 782/713/765
f 781/712/764 774/705/757 782/713/765
f 777/708/760 773/704/756 783/714/766
f 783/714/766 773/704/756 781/712/764
f 777/708/760 783/714/766 784/715/767
f 785/716/768 775/706/758 776/707/759
f 775/706/758 785/716/768 782/713/765
f 785/716/768 776/707/759 786/717/769
f 782/713/765 785/716/768 786/717/769
f 787/718/770 776/707/759 780/711/763
f 776/707/759 787/718/770 786/717/769
f 788/719/771 786/717/769 787/718/770
f 789/720/772 782/713/765 786/717/769
f 786/717/769 788/719/771 789/720/772
f 782/713/765 790/721/773 781/712/764
f 782/713/765 789/720/772 790/721/773
f 791/722/774 783/714/766 781/712/764
f 790/721/773 791/722/774 781/712/764
f 787/718/770 780/711/763 792/723/775
f 780/711/763 778/709/761 792/723/775
f 790/721/773 789/720/772 793/724/776
f 791/722/774 790/721/773 793/724/776
f 794/725/777 788/719/771 787/718/770
f 794/725/777 787/718/770 792/723/775
f 783/714/766 791/722/774 795/726/778
f 783/714/766 795/726/778 784/715/767
f 789/720/772 796/727/779 793/724/776
f 788/719/771 796/727/779 789/720/772
f 778/709/761 797/728/780 792/723/775
f 778/709/761 798/729/781 797/728/780
f 798/729/781 778/709/761 779/710/762
f 792/723/775 799/730/782 794/725/777
f 794/725/777 800/731/783 788/719/771
f 799/730/782 800/731/783 794/725/777
f 797/728/780 801/732/784 792/723/775
f 801/732/784 799/730/782 792/723/775
f 802/733/785 796/727/779 788/719/771
f 803/734/786 793/724/776 796/727/779
f 802/733/785 803/734/786 796/727/779
f 800/731/783 804/735/787 788/719/771
f 804/735/787 802/733/785 788/719/771
f 805/736/788 804/735/787 800/731/783
f 804/735/787 805/736/788 802/733/785
f 800/731/783 799/730/782 806/737/789
f 799/730/782 801/732/784 807/738/790
f 806/737/789 799/730/782 807/738/790
f 808/739/791 805/736/788 800/731/783
f 808/739/791 800/731/783 806/737/789
f 809/740/792 801/732/784 797/728/780
f 807/738/790 801/732/784 810/741/793
f 801/732/784 809/740/792 810/741/793
f 811/742/794 807/738/790 810/741/793
f 806/737/789 807/738/790 811/742/794
f 812/743/795 809/740/792 797/728/780
f 797/728/780 798/729/781 812/743/795
f 813/744/796 810/741/793 809/740/792
f 813/744/796 811/742/794 810/741/793
f 814/745/797 809/740/792 812/743/795
f 814/745/797 813/744/796 809/740/792
f 805/736/788 808/739/791 815/746/798
f 808/739/791 806/737/789 816/747/799
f 808/739/791 816/747/799 815/746/798
f 806/737/789 817/748/800 816/747/799
f 817/748/800 806/737/789 811/742/794
f 817/748/800 818/749/801 816/747/799
f 818/749/801 815/746/798 816/747/799
f 819/750/802 818/749/801 817/748/800
f 811/742/794 819/750/802 817/748/800
f 820/751/803 819/750/802 811/742/794
f 813/744/796 820/751/803 811/742/794
f 820/751/803 813/744/796 821/752/804
f 813/744/796 814/745/797 821/752/804
f 822/753/805 820/751/803 821/752/804
f 822/753/805 821/752/804 823/754/806
f 814/745/797 823/754/806 821/752/804
f 824/755/807 822/753/805 823/754/806
f 823/754/806 825/756/808 824/755/807
f 823/754/806 814/745/797 825/756/808
f 825/756/808 826/757/809 824/755/807
f 827/758/810 826/757/809 825/756/808
f 814/745/797 828/759/811 825/756/808
f 828/759/811 814/745/797 812/743/795
f 829/760/812 827/758/810 825/756/808
f 825/756/808 828/759/811 829/760/812
f 812/743/795 830/761/813 828/759/811
f 798/729/781 830/761/813 812/743/795
f 827/758/810 829/760/812 831/762/814
f 827/758/810 831/762/814 832/763/815
f 833/764/816 832/763/815 831/762/814
f 828/759/811 834/765/817 829/760/812
f 830/761/813 834/765/817 828/759/811
f 830/761/813 798/729/781 835/766/818
f 798/729/781 779/710/762 835/766/818
f 829/760/812 834/765/817 836/767/819
f 836/767/819 831/762/814 829/760/812
f 834/765/817 830/761/813 837/768/820
f 834/765/817 837/768/820 836/767/819
f 830/761/813 835/766/818 837/768/820
f 836/767/819 838/769/821 831/762/814
f 836/767/819 837/768/820 838/769/821
f 839/770/822 833/764/816 831/762/814
f 838/769/821 839/770/822 831/762/814
f 840/771/823 837/768/820 835/766/818
f 837/768/820 840/771/823 838/769/821
f 835/766/818 779/710/762 841/772/824
f 841/772/824 840/771/823 835/766/818
f 838/769/821 840/771/823 842/773/825
f 842/773/825 840/771/823 841/772/824
f 833/764/816 839/770/822 843/774/826
f 844/775/827 833/764/816 843/774/826
f 845/776/828 839/770/822 838/769/821
f 845/776/828 838/769/821 842/773/825
f 779/710/762 846/777/829 841/772/824
f 770/701/753 846/777/829 779/710/762
f 843/774/826 839/770/822 847/778/830
f 847/778/830 839/770/822 845/776/828
f 844/775/827 843/774/826 848/779/831
f 849/780/832 844/775/827 848/779/831
f 850/781/833 843/774/826 847/778/830
f 843/774/826 850/781/833 848/779/831
f 849/780/832 848/779/831 851/782/834
f 852/783/835 849/780/832 851/782/834
f 848/779/831 853/784/836 851/782/834
f 853/784/836 854/785/837 851/782/834
f 850/781/833 855/786/838 848/779/831
f 855/786/838 853/784/836 848/779/831
f 854/785/837 853/784/836 856/787/839
f 857/788/840 854/785/837 856/787/839
f 857/788/840 856/787/839 858/789/841
f 856/787/839 859/790/842 858/789/841
f 860/791/843 858/789/841 859/790/842
f 861/792/844 860/791/843 859/790/842
f 861/792/844 859/790/842 862/793/845
f 863/794/846 856/787/839 853/784/836
f 855/786/838 863/794/846 853/784/836
f 856/787/839 863/794/846 859/790/842
f 855/786/838 850/781/833 864/795/847
f 855/786/838 865/796/848 863/794/846
f 864/795/847 865/796/848 855/786/838
f 850/781/833 866/797/849 864/795/847
f 866/797/849 850/781/833 847/778/830
f 859/790/842 867/798/850 862/793/845
f 868/799/851 859/790/842 863/794/846
f 859/790/842 868/799/851 867/798/850
f 863/794/846 865/796/848 869/800/852
f 869/800/852 868/799/851 863/794/846
f 869/800/852 865/796/848 870/801/853
f 869/800/852 870/801/853 868/799/851
f 871/802/854 865/796/848 864/795/847
f 865/796/848 871/802/854 870/801/853
f 870/801/853 872/803/855 868/799/851
f 868/799/851 872/803/855 867/798/850
f 873/804/856 862/793/845 867/798/850
f 874/805/857 862/793/845 873/804/856
f 875/806/858 870/801/853 871/802/854
f 872/803/855 870/801/853 875/806/858
f 873/804/856 867/798/850 876/807/859
f 872/803/855 876/807/859 867/798/850
f 877/808/860 874/805/857 873/804/856
f 458/412/453 874/805/857 877/808/860
f 878/809/861 458/412/453 877/808/860
f 879/810/862 878/809/861 877/808/860
f 878/809/861 457/411/452 458/412/453
f 880/811/863 877/808/860 873/804/856
f 880/811/863 879/810/862 877/808/860
f 881/812/864 457/411/452 878/809/861
f 457/411/452 881/812/864 451/405/446
f 882/813/865 880/811/863 873/804/856
f 876/807/859 882/813/865 873/804/856
f 880/811/863 882/813/865 883/814/866
f 883/814/866 879/810/862 880/811/863
f 884/815/867 882/813/865 876/807/859
f 882/813/865 884/815/867 883/814/866
f 876/807/859 872/803/855 885/816/868
f 885/816/868 884/815/867 876/807/859
f 886/817/869 881/812/864 878/809/861
f 878/809/861 879/810/862 886/817/869
f 881/812/864 887/818/870 451/405/446
f 451/405/446 887/818/870 443/397/438
f 872/803/855 888/819/871 885/816/868
f 888/819/871 872/803/855 875/806/858
f 881/812/864 886/817/869 889/820/872
f 887/818/870 881/812/864 889/820/872
f 887/818/870 890/821/873 443/397/438
f 433/387/428 443/397/438 890/821/873
f 890/821/873 887/818/870 891/822/874
f 887/818/870 889/820/872 891/822/874
f 433/387/428 890/821/873 892/823/875
f 890/821/873 891/822/874 892/823/875
f 892/823/875 411/365/406 433/387/428
f 411/365/406 892/823/875 893/824/876
f 411/365/406 893/824/876 396/350/391
f 892/823/875 891/822/874 894/825/877
f 892/823/875 894/825/877 893/824/876
f 893/824/876 895/826/878 396/350/391
f 396/350/391 895/826/878 397/351/392
f 893/824/876 894/825/877 896/827/879
f 893/824/876 896/827/879 895/826/878
f 891/822/874 897/828/880 894/825/877
f 891/822/874 889/820/872 898/829/881
f 897/828/880 891/822/874 898/829/881
f 899/830/882 894/825/877 897/828/880
f 894/825/877 899/830/882 896/827/879
f 900/831/883 899/830/882 897/828/880
f 898/829/881 900/831/883 897/828/880
f 899/830/882 901/832/884 896/827/879
f 899/830/882 900/831/883 901/832/884
f 896/827/879 902/833/885 895/826/878
f 901/832/884 902/833/885 896/827/879
f 895/826/878 903/834/886 397/351/392
f 903/834/886 895/826/878 902/833/885
f 900/831/883 898/829/881 904/835/887
f 904/835/887 901/832/884 900/831/883
f 898/829/881 889/820/872 905/836/888
f 898/829/881 905/836/888 904/835/887
f 906/837/889 397/351/392 903/834/886
f 907/838/890 906/837/889 903/834/886
f 908/838/891 903/834/886 902/833/885
f 906/837/889 769/700/752 397/351/392
f 901/832/884 909/839/892 902/833/885
f 909/839/892 908/838/891 902/833/885
f 904/835/887 910/840/893 901/832/884
f 910/840/893 909/839/892 901/832/884
f 908/838/891 909/839/892 911/841/894
f 908/838/891 911/841/894 906/837/889
f 909/839/892 910/840/893 911/841/894
f 904/835/887 912/842/895 910/840/893
f 912/842/895 911/841/894 910/840/893
f 912/842/895 904/835/887 905/836/888
f 911/841/894 913/843/896 906/837/889
f 906/837/889 913/843/896 769/700/752
f 913/843/896 911/841/894 912/842/895
f 914/844/897 912/842/895 905/836/888
f 914/844/897 913/843/896 912/842/895
f 913/843/896 915/845/898 769/700/752
f 915/845/898 770/701/753 769/700/752
f 915/845/898 913/843/896 916/846/899
f 913/843/896 914/844/897 916/846/899
f 917/847/900 770/701/753 915/845/898
f 917/847/900 915/845/898 916/846/899
f 770/701/753 917/847/900 918/848/901
f 846/777/829 770/701/753 918/848/901
f 917/847/900 916/846/899 919/849/902
f 916/846/899 914/844/897 919/849/902
f 918/848/901 917/847/900 919/849/902
f 920/850/903 914/844/897 905/836/888
f 889/820/872 920/850/903 905/836/888
f 920/850/903 889/820/872 886/817/869
f 920/850/903 921/851/904 914/844/897
f 919/849/902 914/844/897 921/851/904
f 920/850/903 886/817/869 922/852/905
f 921/851/904 920/850/903 922/852/905
f 879/810/862 922/852/905 886/817/869
f 923/853/906 846/777/829 918/848/901
f 923/853/906 841/772/824 846/777/829
f 841/772/824 923/853/906 924/854/907
f 841/772/824 924/854/907 842/773/825
f 925/855/908 923/853/906 918/848/901
f 924/854/907 923/853/906 925/855/908
f 918/848/901 919/849/902 926/856/909
f 925/855/908 918/848/901 926/856/909
f 927/857/910 919/849/902 921/851/904
f 926/856/909 919/849/902 927/857/910
f 921/851/904 922/852/905 928/858/911
f 928/858/911 927/857/910 921/851/904
f 922/852/905 879/810/862 929/859/912
f 922/852/905 930/860/913 928/858/911
f 930/860/913 922/852/905 929/859/912
f 927/857/910 928/858/911 931/861/914
f 931/861/914 928/858/911 930/860/913
f 932/862/915 929/859/912 879/810/862
f 883/814/866 932/862/915 879/810/862
f 933/863/916 932/862/915 883/814/866
f 884/815/867 933/863/916 883/814/866
f 932/862/915 934/864/917 929/859/912
f 932/862/915 933/863/916 934/864/917
f 929/859/912 935/865/918 930/860/913
f 934/864/917 935/865/918 929/859/912
f 936/866/919 933/863/916 884/815/867
f 885/816/868 936/866/919 884/815/867
f 935/865/918 937/867/920 930/860/913
f 937/867/920 931/861/914 930/860/913
f 935/865/918 934/864/917 938/868/921
f 937/867/920 935/865/918 938/868/921
f 933/863/916 939/869/922 934/864/917
f 939/869/922 933/863/916 936/866/919
f 940/870/923 936/866/919 885/816/868
f 888/819/871 940/870/923 885/816/868
f 941/871/924 934/864/917 939/869/922
f 941/871/924 938/868/921 934/864/917
f 942/872/925 939/869/922 936/866/919
f 942/872/925 936/866/919 940/870/923
f 942/872/925 941/871/924 939/869/922
f 943/873/926 941/871/924 942/872/925
f 943/873/926 942/872/925 944/874/927
f 944/874/927 942/872/925 940/870/923
f 945/875/928 940/870/923 888/819/871
f 875/806/858 945/875/928 888/819/871
f 946/876/929 944/874/927 940/870/923
f 946/876/929 943/873/926 944/874/927
f 945/875/928 946/876/929 940/870/923
f 947/877/930 946/876/929 945/875/928
f 946/876/929 947/877/930 943/873/926
f 948/878/931 945/875/928 875/806/858
f 948/878/931 947/877/930 945/875/928
f 947/877/930 949/879/932 943/873/926
f 949/879/932 947/877/930 948/878/931
f 950/880/933 948/878/931 875/806/858
f 950/880/933 875/806/858 871/802/854
f 951/881/934 949/879/932 948/878/931
f 951/881/934 948/878/931 950/880/933
f 952/882/935 950/880/933 871/802/854
f 952/882/935 951/881/934 950/880/933
f 943/873/926 949/879/932 953/883/936
f 949/879/932 951/881/934 953/883/936
f 954/884/937 952/882/935 871/802/854
f 954/884/937 871/802/854 864/795/847
f 954/884/937 864/795/847 955/885/938
f 954/884/937 955/885/938 952/882/935
f 864/795/847 866/797/849 955/885/938
f 951/881/934 952/882/935 956/886/939
f 955/885/938 956/886/939 952/882/935
f 957/887/940 955/885/938 866/797/849
f 956/886/939 955/885/938 957/887/940
f 958/888/941 951/881/934 956/886/939
f 951/881/934 958/888/941 953/883/936
f 957/887/940 866/797/849 959/889/942
f 959/889/942 866/797/849 847/778/830
f 959/889/942 847/778/830 960/890/943
f 847/778/830 845/776/828 960/890/943
f 961/891/944 958/888/941 956/886/939
f 961/891/944 956/886/939 957/887/940
f 962/892/945 957/887/940 959/889/942
f 959/889/942 960/890/943 962/892/945
f 963/893/946 961/891/944 957/887/940
f 962/892/945 963/893/946 957/887/940
f 958/888/941 961/891/944 963/893/946
f 964/894/947 960/890/943 845/776/828
f 842/773/825 964/894/947 845/776/828
f 960/890/943 965/895/948 962/892/945
f 962/892/945 965/895/948 963/893/946
f 965/895/948 960/890/943 964/894/947
f 842/773/825 966/896/949 964/894/947
f 924/854/907 966/896/949 842/773/825
f 966/896/949 924/854/907 967/897/950
f 967/897/950 924/854/907 925/855/908
f 964/894/947 966/896/949 968/898/951
f 968/898/951 966/896/949 967/897/950
f 967/897/950 925/855/908 969/899/952
f 925/855/908 926/856/909 969/899/952
f 970/900/953 964/894/947 968/898/951
f 970/900/953 965/895/948 964/894/947
f 968/898/951 967/897/950 971/901/954
f 967/897/950 969/899/952 971/901/954
f 970/900/953 968/898/951 971/901/954
f 972/902/955 969/899/952 926/856/909
f 971/901/954 969/899/952 972/902/955
f 965/895/948 970/900/953 973/903/956
f 973/903/956 970/900/953 971/901/954
f 974/904/957 972/902/955 926/856/909
f 974/904/957 926/856/909 927/857/910
f 974/904/957 927/857/910 975/905/958
f 975/905/958 927/857/910 931/861/914
f 976/906/959 974/904/957 975/905/958
f 972/902/955 974/904/957 976/906/959
f 931/861/914 977/907/960 975/905/958
f 976/906/959 975/905/958 977/907/960
f 977/907/960 931/861/914 937/867/920
f 978/908/961 971/901/954 972/902/955
f 971/901/954 978/908/961 973/903/956
f 979/909/962 965/895/948 973/903/956
f 965/895/948 979/909/962 963/893/946
f 980/910/963 977/907/960 937/867/920
f 937/867/920 938/868/921 980/910/963
f 973/903/956 981/911/964 979/909/962
f 978/908/961 981/911/964 973/903/956
f 982/912/965 963/893/946 979/909/962
f 981/911/964 982/912/965 979/909/962
f 982/912/965 958/888/941 963/893/946
f 982/912/965 983/913/966 958/888/941
f 983/913/966 982/912/965 981/911/964
f 983/913/966 953/883/936 958/888/941
f 984/914/967 977/907/960 980/910/963
f 984/914/967 976/906/959 977/907/960
f 985/915/968 980/910/963 938/868/921
f 985/915/968 984/914/967 980/910/963
f 941/871/924 985/915/968 938/868/921
f 986/916/969 983/913/966 981/911/964
f 978/908/961 986/916/969 981/911/964
f 983/913/966 987/917/970 953/883/936
f 987/917/970 983/913/966 986/916/969
f 987/917/970 943/873/926 953/883/936
f 941/871/924 943/873/926 988/918/971
f 985/915/968 941/871/924 988/918/971
f 943/873/926 987/917/970 988/918/971
f 984/914/967 985/915/968 989/919/972
f 984/914/967 989/919/972 976/906/959
f 985/915/968 988/918/971 989/919/972
f 990/920/973 987/917/970 986/916/969
f 988/918/971 987/917/970 990/920/973
f 990/920/973 986/916/969 978/908/961
f 989/919/972 988/918/971 990/920/973
f 989/919/972 991/921/974 976/906/959
f 990/920/973 991/921/974 989/919/972
f 991/921/974 990/920/973 978/908/961
f 991/921/974 972/902/955 976/906/959
f 972/902/955 991/921/974 978/908/961
f 993/650/975 712/651/976 992/655/977
f 995/653/978 994/657/979 716/654/980
f 999/657/979 998/653/981 996/922/982
f 1001/669/983 997/922/984 1000/653/978
f 1002/652/985 1001/669/983 1000/653/978
f 730/667/719 1004/923/986 1003/668/720
f 1006/923/987 732/667/719 1005/671/723
f 1009/924/988 1008/925/989 1007/926/990
f 1013/927/991 1011/928/992 1010/929/993
f 1012/928/994 1015/930/995 1014/931/996
f 1012/928/994 1014/931/996 1016/929/997
f 1014/931/996 1015/930/995 1017/932/998
f 1017/932/998 1015/930/995 1018/933/999
f 1019/934/1000 1018/933/999 1015/930/995
f 1018/933/999 1019/934/1000 1020/935/1001
f 1012/928/994 750/681/733 1015/930/995
f 746/679/731 750/681/733 1012/928/994
f 746/679/731 1012/928/994 1021/927/1002
f 750/681/733 1022/936/1003 1015/930/995
f 1022/936/1003 750/681/733 751/682/734
f 1023/937/1004 1019/934/1000 1015/930/995
f 1022/936/1003 1023/937/1004 1015/930/995
f 1024/938/1005 1022/936/1003 751/682/734
f 1024/938/1005 751/682/734 752/683/735
f 1022/936/1003 1025/939/1006 1023/937/1004
f 1024/938/1005 1025/939/1006 1022/936/1003
f 1025/939/1006 1024/938/1005 1026/940/1007
f 1027/941/1008 1024/938/1005 752/683/735
f 760/691/743 1027/941/1008 752/683/735
f 1028/942/1009 1027/941/1008 760/691/743
f 1023/937/1004 1025/939/1006 1029/943/1010
f 1029/943/1010 1025/939/1006 1026/940/1007
f 1030/944/1011 1019/934/1000 1023/937/1004
f 1029/943/1010 1030/944/1011 1023/937/1004
f 1024/938/1005 1027/941/1008 1031/945/1012
f 1024/938/1005 1031/945/1012 1026/940/1007
f 1032/946/1013 1031/945/1012 1027/941/1008
f 1028/942/1009 1032/946/1013 1027/941/1008
f 1033/947/1014 1028/942/1009 760/691/743
f 777/708/760 1033/947/1014 760/691/743
f 1034/948/1015 1033/947/1014 777/708/760
f 1033/947/1014 1034/948/1015 1028/942/1009
f 777/708/760 784/715/767 1034/948/1015
f 1019/934/1000 1030/944/1011 1035/949/1016
f 1019/934/1000 1035/949/1016 1036/935/1017
f 1035/949/1016 1037/950/1018 1036/935/1017
f 1037/950/1018 1035/949/1016 1038/951/1019
f 1035/949/1016 1030/944/1011 1039/951/1020
f 1040/952/1021 1031/945/1012 1032/946/1013
f 1031/945/1012 1040/952/1021 1026/940/1007
f 1041/953/1022 1032/946/1013 1028/942/1009
f 1034/948/1015 1042/954/1023 1028/942/1009
f 1043/955/1024 1041/953/1022 1028/942/1009
f 1028/942/1009 1042/954/1023 1043/955/1024
f 1042/954/1023 1044/956/1025 1043/955/1024
f 1041/953/1022 1043/955/1024 1045/957/1026
f 1043/955/1024 1046/956/1027 1045/957/1026
f 1046/956/1027 1047/958/1028 1045/957/1026
f 1041/953/1022 1048/959/1029 1032/946/1013
f 1045/957/1026 1049/960/1030 1041/953/1022
f 1049/960/1030 1048/959/1029 1041/953/1022
f 1040/952/1021 1032/946/1013 1050/961/1031
f 1048/959/1029 1050/961/1031 1032/946/1013
f 1047/958/1028 1051/962/1032 1045/957/1026
f 1045/957/1026 1051/962/1032 1049/960/1030
f 1052/963/1033 1042/954/1023 1034/948/1015
f 1053/964/1034 1052/963/1033 1034/948/1015
f 784/715/767 1053/964/1034 1034/948/1015
f 1052/963/1033 1054/965/1035 1042/954/1023
f 1054/965/1035 1055/956/1025 1042/954/1023
f 1047/958/1028 1055/956/1025 1054/965/1035
f 1056/966/1036 1047/958/1028 1054/965/1035
f 1047/958/1028 1056/966/1036 1051/962/1032
f 1054/965/1035 1057/967/1037 1056/966/1036
f 1054/965/1035 1052/963/1033 1057/967/1037
f 1056/966/1036 1058/968/1038 1051/962/1032
f 1057/967/1037 1058/968/1038 1056/966/1036
f 1059/969/1039 1048/959/1029 1049/960/1030
f 1051/962/1032 1060/970/1040 1049/960/1030
f 1060/970/1040 1059/969/1039 1049/960/1030
f 1061/971/1041 1060/970/1040 1051/962/1032
f 1051/962/1032 1058/968/1038 1061/971/1041
f 1060/970/1040 1061/971/1041 1062/972/1042
f 1059/969/1039 1060/970/1040 1062/972/1042
f 1059/969/1039 1063/973/1043 1048/959/1029
f 1063/973/1043 1050/961/1031 1048/959/1029
f 1064/974/1044 1061/971/1041 1058/968/1038
f 1061/971/1041 1064/974/1044 1062/972/1042
f 1062/972/1042 1065/975/1045 1059/969/1039
f 1065/975/1045 1063/973/1043 1059/969/1039
f 1065/975/1045 1062/972/1042 1064/974/1044
f 1058/968/1038 1057/967/1037 1066/976/1046
f 1066/976/1046 1064/974/1044 1058/968/1038
f 1067/977/1047 1065/975/1045 1064/974/1044
f 1067/977/1047 1064/974/1044 1066/976/1046
f 1057/967/1037 1068/978/1048 1066/976/1046
f 1052/963/1033 1068/978/1048 1057/967/1037
f 1069/979/1049 1067/977/1047 1066/976/1046
f 1068/978/1048 1069/979/1049 1066/976/1046
f 1068/978/1048 1052/963/1033 1070/980/1050
f 1052/963/1033 1053/964/1034 1070/980/1050
f 1053/964/1034 1071/981/1051 1070/980/1050
f 784/715/767 1071/981/1051 1053/964/1034
f 1068/978/1048 1070/980/1050 1072/982/1052
f 1070/980/1050 1071/981/1051 1072/982/1052
f 1071/981/1051 784/715/767 1073/983/1053
f 1071/981/1051 1073/983/1053 1072/982/1052
f 1074/984/1054 1069/979/1049 1068/978/1048
f 1068/978/1048 1072/982/1052 1074/984/1054
f 784/715/767 1075/985/1055 1073/983/1053
f 1075/985/1055 784/715/767 795/726/778
f 1067/977/1047 1069/979/1049 1076/986/1056
f 1069/979/1049 1074/984/1054 1077/987/1057
f 1076/986/1056 1069/979/1049 1077/987/1057
f 1077/987/1057 1078/988/1058 1076/986/1056
f 1072/982/1052 1079/989/1059 1074/984/1054
f 1072/982/1052 1073/983/1053 1080/990/1060
f 1072/982/1052 1080/990/1060 1079/989/1059
f 1077/987/1057 1074/984/1054 1081/991/1061
f 1079/989/1059 1081/991/1061 1074/984/1054
f 1075/985/1055 1082/992/1062 1073/983/1053
f 1075/985/1055 795/726/778 1083/993/1063
f 1083/993/1063 1082/992/1062 1075/985/1055
f 1082/992/1062 1084/994/1064 1073/983/1053
f 1073/983/1053 1084/994/1064 1080/990/1060
f 1083/993/1063 1085/995/1065 1082/992/1062
f 1084/994/1064 1082/992/1062 1085/995/1065
f 1086/996/1066 1077/987/1057 1081/991/1061
f 1078/988/1058 1077/987/1057 1087/997/1067
f 1077/987/1057 1086/996/1066 1087/997/1067
f 1081/991/1061 1079/989/1059 1088/998/1068
f 1081/991/1061 1088/998/1068 1086/996/1066
f 795/726/778 1089/999/1069 1083/993/1063
f 795/726/778 1090/1000/1070 1089/999/1069
f 791/722/774 1090/1000/1070 795/726/778
f 1090/1000/1070 791/722/774 1091/1001/1071
f 1091/1001/1071 791/722/774 793/724/776
f 1092/1002/1072 1091/1001/1071 793/724/776
f 803/734/786 1092/1002/1072 793/724/776
f 1090/1000/1070 1091/1001/1071 1093/1003/1073
f 1090/1000/1070 1094/1004/1074 1089/999/1069
f 1094/1004/1074 1090/1000/1070 1093/1003/1073
f 1092/1002/1072 1095/1005/1075 1091/1001/1071
f 1095/1005/1075 1093/1003/1073 1091/1001/1071
f 1096/1006/1076 1083/993/1063 1089/999/1069
f 1089/999/1069 1094/1004/1074 1097/1007/1077
f 1097/1007/1077 1096/1006/1076 1089/999/1069
f 1098/1008/1078 1083/993/1063 1096/1006/1076
f 1083/993/1063 1098/1008/1078 1085/995/1065
f 1099/1009/1079 1096/1006/1076 1097/1007/1077
f 1096/1006/1076 1099/1009/1079 1098/1008/1078
f 1092/1002/1072 803/734/786 1100/1010/1080
f 1095/1005/1075 1092/1002/1072 1101/1011/1081
f 1092/1002/1072 1100/1010/1080 1101/1011/1081
f 803/734/786 1102/1012/1082 1100/1010/1080
f 803/734/786 802/733/785 1102/1012/1082
f 1100/1010/1080 1103/1013/1083 1101/1011/1081
f 1100/1010/1080 1102/1012/1082 1103/1013/1083
f 1101/1011/1081 1104/1014/1084 1095/1005/1075
f 1103/1013/1083 1104/1014/1084 1101/1011/1081
f 802/733/785 1105/1015/1085 1102/1012/1082
f 805/736/788 1105/1015/1085 802/733/785
f 1105/1015/1085 805/736/788 815/746/798
f 1106/1016/1086 1105/1015/1085 815/746/798
f 1102/1012/1082 1105/1015/1085 1106/1016/1086
f 815/746/798 1107/1017/1087 1106/1016/1086
f 1108/1018/1088 1102/1012/1082 1106/1016/1086
f 1107/1017/1087 1108/1018/1088 1106/1016/1086
f 1102/1012/1082 1108/1018/1088 1103/1013/1083
f 1107/1017/1087 1109/1019/1089 1108/1018/1088
f 1109/1019/1089 1103/1013/1083 1108/1018/1088
f 1109/1019/1089 1110/1020/1090 1103/1013/1083
f 1110/1020/1090 1104/1014/1084 1103/1013/1083
f 1104/1014/1084 1111/1021/1091 1095/1005/1075
f 1095/1005/1075 1111/1021/1091 1093/1003/1073
f 1104/1014/1084 1110/1020/1090 1112/1022/1092
f 1111/1021/1091 1104/1014/1084 1112/1022/1092
f 1110/1020/1090 1113/1023/1093 1112/1022/1092
f 1112/1022/1092 1113/1023/1093 1114/1024/1094
f 1114/1024/1094 1111/1021/1091 1112/1022/1092
f 1113/1023/1093 1115/1025/807 1114/1024/1094
f 1116/1026/1095 1114/1024/1094 1115/1025/807
f 1111/1021/1091 1114/1024/1094 1116/1026/1095
f 1117/1027/1096 1116/1026/1095 1115/1025/807
f 1117/1027/1096 1118/1028/810 1116/1026/1095
f 1111/1021/1091 1119/1029/1097 1093/1003/1073
f 1119/1029/1097 1111/1021/1091 1116/1026/1095
f 1094/1004/1074 1093/1003/1073 1119/1029/1097
f 1118/1028/810 1120/1030/1098 1116/1026/1095
f 1119/1029/1097 1116/1026/1095 1120/1030/1098
f 1121/1031/1099 1094/1004/1074 1119/1029/1097
f 1121/1031/1099 1119/1029/1097 1120/1030/1098
f 1094/1004/1074 1121/1031/1099 1097/1007/1077
f 1097/1007/1077 1121/1031/1099 1122/1032/1100
f 1121/1031/1099 1120/1030/1098 1122/1032/1100
f 1122/1032/1100 1099/1009/1079 1097/1007/1077
f 1120/1030/1098 1118/1028/810 1123/1033/1101
f 1123/1033/1101 1122/1032/1100 1120/1030/1098
f 1122/1032/1100 1123/1033/1101 1099/1009/1079
f 1123/1033/1101 1118/1028/810 1124/1034/1102
f 1124/1034/1102 1125/1035/816 1123/1033/1101
f 1123/1033/1101 1126/1036/1103 1099/1009/1079
f 1125/1035/816 1126/1036/1103 1123/1033/1101
f 1099/1009/1079 1126/1036/1103 1127/1037/1104
f 1099/1009/1079 1127/1037/1104 1098/1008/1078
f 1126/1036/1103 1125/1035/816 1128/1038/1105
f 1125/1035/816 1129/1039/1106 1128/1038/1105
f 1126/1036/1103 1130/1040/1107 1127/1037/1104
f 1126/1036/1103 1128/1038/1105 1130/1040/1107
f 1128/1038/1105 1129/1039/1106 1131/1041/1108
f 1129/1039/1106 1132/1042/1109 1131/1041/1108
f 1128/1038/1105 1133/1043/1110 1130/1040/1107
f 1133/1043/1110 1128/1038/1105 1131/1041/1108
f 1131/1041/1108 1132/1042/1109 1134/1044/1111
f 1132/1042/1109 1135/1045/1112 1134/1044/1111
f 1136/1046/1113 1131/1041/1108 1134/1044/1111
f 1137/1047/1114 1136/1046/1113 1134/1044/1111
f 1138/1048/1115 1133/1043/1110 1131/1041/1108
f 1136/1046/1113 1138/1048/1115 1131/1041/1108
f 1136/1046/1113 1137/1047/1114 1139/1049/1116
f 1137/1047/1114 1140/1050/1117 1139/1049/1116
f 1139/1049/1116 1140/1050/1117 1141/1051/1118
f 1142/1052/1119 1139/1049/1116 1141/1051/1118
f 1141/1051/1118 1143/1053/1120 1142/1052/1119
f 1143/1053/1120 1144/1054/1121 1142/1052/1119
f 1142/1052/1119 1144/1054/1121 1145/1055/1122
f 1139/1049/1116 1146/1056/1123 1136/1046/1113
f 1146/1056/1123 1138/1048/1115 1136/1046/1113
f 1146/1056/1123 1139/1049/1116 1142/1052/1119
f 1133/1043/1110 1138/1048/1115 1147/1057/1124
f 1138/1048/1115 1146/1056/1123 1148/1058/1125
f 1147/1057/1124 1138/1048/1115 1148/1058/1125
f 1149/1059/1126 1133/1043/1110 1147/1057/1124
f 1133/1043/1110 1149/1059/1126 1130/1040/1107
f 1150/1060/1127 1142/1052/1119 1145/1055/1122
f 1146/1056/1123 1142/1052/1119 1151/1061/1128
f 1151/1061/1128 1142/1052/1119 1150/1060/1127
f 1148/1058/1125 1146/1056/1123 1152/1062/1129
f 1152/1062/1129 1146/1056/1123 1151/1061/1128
f 1152/1062/1129 1153/1063/1130 1148/1058/1125
f 1152/1062/1129 1151/1061/1128 1153/1063/1130
f 1148/1058/1125 1154/1064/1131 1147/1057/1124
f 1153/1063/1130 1154/1064/1131 1148/1058/1125
f 1151/1061/1128 1155/1065/1132 1153/1063/1130
f 1155/1065/1132 1151/1061/1128 1150/1060/1127
f 1145/1055/1122 1156/1066/1133 1150/1060/1127
f 1145/1055/1122 1157/1067/1134 1156/1066/1133
f 1154/1064/1131 1153/1063/1130 1158/1068/1135
f 1158/1068/1135 1153/1063/1130 1155/1065/1132
f 1150/1060/1127 1156/1066/1133 1159/1069/1136
f 1159/1069/1136 1155/1065/1132 1150/1060/1127
f 1157/1067/1134 1160/1070/1137 1156/1066/1133
f 1157/1067/1134 1161/1071/1138 1160/1070/1137
f 1154/1064/1131 1162/1072/1139 1147/1057/1124
f 1147/1057/1124 1162/1072/1139 1163/1073/1140
f 1149/1059/1126 1147/1057/1124 1163/1073/1140
f 1162/1072/1139 1154/1064/1131 1164/1074/1141
f 1163/1073/1140 1162/1072/1139 1164/1074/1141
f 1165/1075/1142 1154/1064/1131 1158/1068/1135
f 1154/1064/1131 1165/1075/1142 1164/1074/1141
f 1163/1073/1140 1166/1076/1143 1149/1059/1126
f 1167/1077/1144 1163/1073/1140 1164/1074/1141
f 1163/1073/1140 1167/1077/1144 1166/1076/1143
f 1164/1074/1141 1165/1075/1142 1168/1078/1145
f 1164/1074/1141 1168/1078/1145 1167/1077/1144
f 1169/1079/1146 1165/1075/1142 1158/1068/1135
f 1165/1075/1142 1169/1079/1146 1168/1078/1145
f 1149/1059/1126 1166/1076/1143 1170/1080/1147
f 1149/1059/1126 1170/1080/1147 1130/1040/1107
f 1130/1040/1107 1170/1080/1147 1171/1081/1148
f 1127/1037/1104 1130/1040/1107 1171/1081/1148
f 1166/1076/1143 1172/1082/1149 1170/1080/1147
f 1171/1081/1148 1170/1080/1147 1172/1082/1149
f 1171/1081/1148 1173/1083/1150 1127/1037/1104
f 1173/1083/1150 1098/1008/1078 1127/1037/1104
f 1174/1084/1151 1171/1081/1148 1172/1082/1149
f 1171/1081/1148 1174/1084/1151 1173/1083/1150
f 1175/1085/1152 1172/1082/1149 1166/1076/1143
f 1174/1084/1151 1172/1082/1149 1175/1085/1152
f 1176/1086/1153 1098/1008/1078 1173/1083/1150
f 1098/1008/1078 1176/1086/1153 1085/995/1065
f 1177/1087/1154 1085/995/1065 1176/1086/1153
f 1177/1087/1154 1084/994/1064 1085/995/1065
f 1176/1086/1153 1173/1083/1150 1178/1088/1155
f 1178/1088/1155 1177/1087/1154 1176/1086/1153
f 1084/994/1064 1177/1087/1154 1179/1089/1156
f 1080/990/1060 1084/994/1064 1179/1089/1156
f 1173/1083/1150 1180/1090/1157 1178/1088/1155
f 1174/1084/1151 1180/1090/1157 1173/1083/1150
f 1177/1087/1154 1178/1088/1155 1181/1091/1158
f 1179/1089/1156 1177/1087/1154 1181/1091/1158
f 1178/1088/1155 1180/1090/1157 1181/1091/1158
f 1179/1089/1156 1182/1092/1159 1080/990/1060
f 1179/1089/1156 1181/1091/1158 1182/1092/1159
f 1180/1090/1157 1174/1084/1151 1183/1093/1160
f 1180/1090/1157 1183/1093/1160 1181/1091/1158
f 1184/1094/1161 1174/1084/1151 1175/1085/1152
f 1174/1084/1151 1184/1094/1161 1183/1093/1160
f 1185/1095/1162 1181/1091/1158 1183/1093/1160
f 1181/1091/1158 1185/1095/1162 1182/1092/1159
f 1186/1096/1163 1183/1093/1160 1184/1094/1161
f 1186/1096/1163 1185/1095/1162 1183/1093/1160
f 1182/1092/1159 1187/1097/1164 1080/990/1060
f 1080/990/1060 1187/1097/1164 1079/989/1059
f 1079/989/1059 1187/1097/1164 1188/1098/1165
f 1079/989/1059 1188/1098/1165 1088/998/1068
f 1187/1097/1164 1182/1092/1159 1189/1099/1166
f 1187/1097/1164 1189/1099/1166 1188/1098/1165
f 1190/1100/1167 1088/998/1068 1188/1098/1165
f 1188/1098/1165 1189/1099/1166 1190/1100/1167
f 1175/1085/1152 1191/1101/1168 1184/1094/1161
f 1191/1101/1168 1186/1096/1163 1184/1094/1161
f 1192/1102/1169 1182/1092/1159 1185/1095/1162
f 1182/1092/1159 1192/1102/1169 1189/1099/1166
f 1088/998/1068 1190/1100/1167 1193/1103/1170
f 1088/998/1068 1193/1103/1170 1086/996/1066
f 1193/1103/1170 1194/1104/1171 1086/996/1066
f 1194/1104/1171 1087/997/1067 1086/996/1066
f 1195/1105/1172 1191/1101/1168 1175/1085/1152
f 1191/1101/1168 1196/1106/1173 1186/1096/1163
f 1196/1106/1173 1191/1101/1168 1195/1105/1172
f 1197/1107/1174 1185/1095/1162 1186/1096/1163
f 1196/1106/1173 1197/1107/1174 1186/1096/1163
f 1198/1108/1175 1192/1102/1169 1185/1095/1162
f 1197/1107/1174 1198/1108/1175 1185/1095/1162
f 1196/1106/1173 1199/1109/1176 1197/1107/1174
f 1199/1109/1176 1198/1108/1175 1197/1107/1174
f 1192/1102/1169 1198/1108/1175 1200/1110/1177
f 1192/1102/1169 1200/1110/1177 1189/1099/1166
f 1201/1111/1178 1195/1105/1172 1175/1085/1152
f 1201/1111/1178 1175/1085/1152 1166/1076/1143
f 1167/1077/1144 1201/1111/1178 1166/1076/1143
f 1195/1105/1172 1201/1111/1178 1167/1077/1144
f 1168/1078/1145 1195/1105/1172 1167/1077/1144
f 1202/1112/1179 1196/1106/1173 1195/1105/1172
f 1195/1105/1172 1168/1078/1145 1202/1112/1179
f 1199/1109/1176 1196/1106/1173 1202/1112/1179
f 1203/1113/1180 1199/1109/1176 1202/1112/1179
f 1204/1114/1181 1203/1113/1180 1202/1112/1179
f 1168/1078/1145 1204/1114/1181 1202/1112/1179
f 1168/1078/1145 1169/1079/1146 1204/1114/1181
f 1199/1109/1176 1205/1115/1182 1198/1108/1175
f 1205/1115/1182 1200/1110/1177 1198/1108/1175
f 1199/1109/1176 1203/1113/1180 1205/1115/1182
f 1169/1079/1146 1206/1116/1183 1204/1114/1181
f 1204/1114/1181 1206/1116/1183 1203/1113/1180
f 1206/1116/1183 1169/1079/1146 1207/1117/1184
f 1207/1117/1184 1169/1079/1146 1158/1068/1135
f 1206/1116/1183 1208/1118/1185 1203/1113/1180
f 1208/1118/1185 1206/1116/1183 1207/1117/1184
f 1158/1068/1135 1209/1119/1186 1207/1117/1184
f 1209/1119/1186 1158/1068/1135 1155/1065/1132
f 1207/1117/1184 1210/1120/1187 1208/1118/1185
f 1209/1119/1186 1210/1120/1187 1207/1117/1184
f 1211/1121/1188 1209/1119/1186 1155/1065/1132
f 1210/1120/1187 1209/1119/1186 1211/1121/1188
f 1159/1069/1136 1211/1121/1188 1155/1065/1132
f 1208/1118/1185 1212/1122/1189 1203/1113/1180
f 1210/1120/1187 1212/1122/1189 1208/1118/1185
f 1203/1113/1180 1212/1122/1189 1213/1123/1190
f 1212/1122/1189 1210/1120/1187 1213/1123/1190
f 1203/1113/1180 1214/1124/1191 1205/1115/1182
f 1214/1124/1191 1203/1113/1180 1213/1123/1190
f 1215/1125/1192 1210/1120/1187 1211/1121/1188
f 1210/1120/1187 1215/1125/1192 1213/1123/1190
f 1211/1121/1188 1159/1069/1136 1216/1126/1193
f 1211/1121/1188 1216/1126/1193 1215/1125/1192
f 1217/1127/1194 1213/1123/1190 1215/1125/1192
f 1213/1123/1190 1217/1127/1194 1214/1124/1191
f 1218/1128/1195 1217/1127/1194 1215/1125/1192
f 1216/1126/1193 1218/1128/1195 1215/1125/1192
f 1159/1069/1136 1219/1129/1196 1216/1126/1193
f 1159/1069/1136 1156/1066/1133 1219/1129/1196
f 1216/1126/1193 1219/1129/1196 1220/1130/1197
f 1218/1128/1195 1216/1126/1193 1220/1130/1197
f 1221/1131/1198 1219/1129/1196 1156/1066/1133
f 1219/1129/1196 1221/1131/1198 1220/1130/1197
f 1160/1070/1137 1221/1131/1198 1156/1066/1133
f 1222/1132/1199 1217/1127/1194 1218/1128/1195
f 1214/1124/1191 1217/1127/1194 1222/1132/1199
f 1078/988/1058 1220/1130/1197 1221/1131/1198
f 1078/988/1058 1221/1131/1198 1160/1070/1137
f 1223/1133/1200 1218/1128/1195 1220/1130/1197
f 1223/1133/1200 1222/1132/1199 1218/1128/1195
f 1223/1133/1200 1220/1130/1197 1078/988/1058
f 1087/997/1067 1223/1133/1200 1078/988/1058
f 1222/1132/1199 1223/1133/1200 1087/997/1067
f 1194/1104/1171 1222/1132/1199 1087/997/1067
f 1224/1134/1201 1078/988/1058 1160/1070/1137
f 1161/1071/1138 1224/1134/1201 1160/1070/1137
f 1078/988/1058 1224/1134/1201 1076/986/1056
f 1222/1132/1199 1194/1104/1171 1225/1135/1202
f 1225/1135/1202 1214/1124/1191 1222/1132/1199
f 1194/1104/1171 1193/1103/1170 1225/1135/1202
f 1226/1136/1203 1224/1134/1201 1161/1071/1138
f 1227/1137/1204 1226/1136/1203 1161/1071/1138
f 1228/1138/1205 1076/986/1056 1224/1134/1201
f 1226/1136/1203 1228/1138/1205 1224/1134/1201
f 1076/986/1056 1228/1138/1205 1067/977/1047
f 1229/1139/1206 1214/1124/1191 1225/1135/1202
f 1214/1124/1191 1229/1139/1206 1205/1115/1182
f 1205/1115/1182 1229/1139/1206 1200/1110/1177
f 1225/1135/1202 1193/1103/1170 1230/1140/1207
f 1230/1140/1207 1229/1139/1206 1225/1135/1202
f 1190/1100/1167 1230/1140/1207 1193/1103/1170
f 1229/1139/1206 1231/1141/1208 1200/1110/1177
f 1231/1141/1208 1229/1139/1206 1230/1140/1207
f 1190/1100/1167 1231/1141/1208 1230/1140/1207
f 1200/1110/1177 1231/1141/1208 1189/1099/1166
f 1189/1099/1166 1231/1141/1208 1190/1100/1167
f 1232/1142/1209 1226/1136/1203 1227/1137/1204
f 1228/1138/1205 1226/1136/1203 1232/1142/1209
f 1228/1138/1205 1233/1143/1210 1067/977/1047
f 1233/1143/1210 1228/1138/1205 1232/1142/1209
f 1067/977/1047 1233/1143/1210 1065/975/1045
f 1234/1144/1211 1232/1142/1209 1227/1137/1204
f 1227/1137/1204 1235/1145/1212 1234/1144/1211
f 1233/1143/1210 1236/1146/1213 1065/975/1045
f 1065/975/1045 1236/1146/1213 1063/973/1043
f 1233/1143/1210 1232/1142/1209 1237/1147/1214
f 1236/1146/1213 1233/1143/1210 1237/1147/1214
f 1232/1142/1209 1234/1144/1211 1237/1147/1214
f 1236/1146/1213 1238/1148/1215 1063/973/1043
f 1237/1147/1214 1238/1148/1215 1236/1146/1213
f 1050/961/1031 1063/973/1043 1238/1148/1215
f 1238/1148/1215 1239/1149/1216 1050/961/1031
f 1239/1149/1216 1240/1150/1217 1050/961/1031
f 1050/961/1031 1240/1150/1217 1040/952/1021
f 1237/1147/1214 1241/1151/1218 1238/1148/1215
f 1234/1144/1211 1241/1151/1218 1237/1147/1214
f 1241/1151/1218 1239/1149/1216 1238/1148/1215
f 1235/1145/1212 1242/1152/1219 1234/1144/1211
f 1234/1144/1211 1243/1153/1220 1241/1151/1218
f 1234/1144/1211 1242/1152/1219 1243/1153/1220
f 1244/1154/1221 1242/1152/1219 1235/1145/1212
f 1245/1155/1222 1244/1154/1221 1235/1145/1212
f 1242/1152/1219 1246/1156/1223 1243/1153/1220
f 1246/1156/1223 1242/1152/1219 1244/1154/1221
f 1040/952/1021 1240/1150/1217 1247/1157/1224
f 1240/1150/1217 1239/1149/1216 1248/1158/1225
f 1248/1158/1225 1247/1157/1224 1240/1150/1217
f 1249/1159/1226 1040/952/1021 1247/1157/1224
f 1040/952/1021 1249/1159/1226 1026/940/1007
f 1250/1160/1227 1247/1157/1224 1248/1158/1225
f 1249/1159/1226 1247/1157/1224 1250/1160/1227
f 1251/1161/1228 1026/940/1007 1249/1159/1226
f 1251/1161/1228 1249/1159/1226 1250/1160/1227
f 1248/1158/1225 1239/1149/1216 1252/1162/1229
f 1252/1162/1229 1250/1160/1227 1248/1158/1225
f 1253/1163/1230 1026/940/1007 1251/1161/1228
f 1029/943/1010 1026/940/1007 1253/1163/1230
f 1030/944/1011 1029/943/1010 1253/1163/1230
f 1254/1164/1231 1253/1163/1230 1251/1161/1228
f 1255/1165/1232 1253/1163/1230 1254/1164/1231
f 1256/1166/1233 1253/1163/1230 1255/1165/1232
f 1030/944/1011 1253/1163/1230 1256/1166/1233
f 1030/944/1011 1256/1166/1233 1257/951/1019
f 1251/1161/1228 1250/1160/1227 1258/1167/1234
f 1259/1168/1235 1251/1161/1228 1258/1167/1234
f 1259/1168/1235 1258/1167/1234 1260/1169/1236
f 1260/1169/1236 1258/1167/1234 1261/1170/1237
f 1261/1170/1237 1258/1167/1234 1262/1171/1238
f 1262/1171/1238 1258/1167/1234 1263/1172/1239
f 1258/1167/1234 1250/1160/1227 1263/1172/1239
f 1263/1172/1239 1250/1160/1227 1252/1162/1229
f 1263/1172/1239 1252/1162/1229 1264/1173/1240
f 1264/1173/1240 1252/1162/1229 1265/1174/1241
f 1239/1149/1216 1265/1174/1241 1252/1162/1229
f 1266/1175/1242 1265/1174/1241 1239/1149/1216
f 1264/1173/1240 1265/1174/1241 1266/1175/1242
f 1263/1172/1239 1264/1173/1240 1267/1176/1243
f 1268/1177/1244 1263/1172/1239 1267/1176/1243
f 1268/1177/1244 1267/1176/1243 1269/1178/1245
f 1269/1178/1245 1267/1176/1243 1270/1179/1246
f 1267/1176/1243 1264/1173/1240 1270/1179/1246
f 1264/1173/1240 1271/1180/1247 1270/1179/1246
f 1271/1180/1247 1264/1173/1240 1266/1175/1242
f 1272/1181/1248 1266/1175/1242 1239/1149/1216
f 1239/1149/1216 1241/1151/1218 1272/1181/1248
f 1270/1179/1246 1271/1180/1247 1273/1182/1249
f 1270/1179/1246 1273/1182/1249 1274/1183/1250
f 1273/1182/1249 1275/1184/1251 1274/1183/1250
f 1275/1184/1251 1273/1182/1249 1276/1185/1252
f 1271/1180/1247 1266/1175/1242 1277/1186/1253
f 1271/1180/1247 1277/1186/1253 1273/1182/1249
f 1266/1175/1242 1272/1181/1248 1277/1186/1253
f 1273/1182/1249 1277/1186/1253 1276/1185/1252
f 1272/1181/1248 1241/1151/1218 1278/1187/1254
f 1277/1186/1253 1272/1181/1248 1278/1187/1254
f 1276/1185/1252 1277/1186/1253 1278/1187/1254
f 1243/1153/1220 1278/1187/1254 1241/1151/1218
f 1276/1185/1252 1278/1187/1254 1279/1188/1255
f 1276/1185/1252 1279/1188/1255 1280/1189/1256
f 1281/1190/1257 1279/1188/1255 1278/1187/1254
f 1279/1188/1255 1281/1190/1257 1280/1189/1256
f 1243/1153/1220 1281/1190/1257 1278/1187/1254
f 1280/1189/1256 1281/1190/1257 1282/1191/1258
f 1281/1190/1257 1243/1153/1220 1282/1191/1258
f 1282/1191/1258 1243/1153/1220 1246/1156/1223
f 1283/1192/1259 1282/1191/1258 1246/1156/1223
f 1283/1192/1259 1246/1156/1223 1284/1193/1260
f 1285/1194/1261 1283/1192/1259 1284/1193/1260
f 1284/1193/1260 1246/1156/1223 1244/1154/1221
f 1285/1194/1261 1284/1193/1260 1286/1195/1262
f 1286/1195/1262 1284/1193/1260 1244/1154/1221
f 1287/1196/1263 1285/1194/1261 1286/1195/1262
f 1288/1197/1264 1286/1195/1262 1244/1154/1221
f 1288/1197/1264 1244/1154/1221 1245/1155/1222
f 1287/1196/1263 1286/1195/1262 1289/1198/1265
f 1290/1199/1266 1287/1196/1263 1289/1198/1265
f 1290/1199/1266 1289/1198/1265 1291/1200/1267
f 1292/1201/1268 1288/1197/1264 1245/1155/1222
f 1245/1155/1222 1293/1202/1269 1292/1201/1268
f 1288/1197/1264 1294/1203/1270 1286/1195/1262
f 1294/1203/1270 1289/1198/1265 1286/1195/1262
f 1288/1197/1264 1292/1201/1268 1294/1203/1270
f 1289/1198/1265 1295/1204/1271 1291/1200/1267
f 1296/1205/1272 1291/1200/1267 1295/1204/1271
f 1294/1203/1270 1297/1206/1273 1289/1198/1265
f 1297/1206/1273 1295/1204/1271 1289/1198/1265
f 1296/1205/1272 1295/1204/1271 1298/1207/1274
f 1296/1205/1272 1298/1207/1274 1299/1208/1275
f 1292/1201/1268 1300/1209/1276 1294/1203/1270
f 1294/1203/1270 1300/1209/1276 1301/1210/1277
f 1297/1206/1273 1294/1203/1270 1301/1210/1277
f 1302/1211/1278 1300/1209/1276 1292/1201/1268
f 1303/1212/1279 1297/1206/1273 1301/1210/1277
f 1297/1206/1273 1303/1212/1279 1295/1204/1271
f 688/630/678 1303/1212/1279 1301/1210/1277
f 650/592/640 1303/1212/1279 688/630/678
f 1304/1213/1280 1302/1211/1278 1292/1201/1268
f 1293/1202/1269 1304/1213/1280 1292/1201/1268
f 1304/1213/1280 1305/1214/1281 1302/1211/1278
f 1305/1214/1281 1304/1213/1280 1293/1202/1269
f 1305/1214/1281 1306/1215/1282 1302/1211/1278
f 1307/1216/1283 1305/1214/1281 1293/1202/1269
f 1303/1212/1279 1308/1217/1284 1295/1204/1271
f 1295/1204/1271 1308/1217/1284 1298/1207/1274
f 1303/1212/1279 650/592/640 1309/1218/1285
f 1308/1217/1284 1303/1212/1279 1309/1218/1285
f 1309/1218/1285 650/592/640 648/590/638
f 1308/1217/1284 1310/1219/1286 1298/1207/1274
f 1308/1217/1284 1309/1218/1285 1311/1220/1287
f 1308/1217/1284 1311/1220/1287 1310/1219/1286
f 1309/1218/1285 1312/1221/1288 1311/1220/1287
f 1311/1220/1287 1313/1222/1289 1310/1219/1286
f 1312/1221/1288 1314/1223/1290 1311/1220/1287
f 1315/1224/1291 1314/1223/1290 1312/1221/1288
f 1315/1224/1291 1312/1221/1288 1316/1225/1292
f 1310/1219/1286 1313/1222/1289 1317/1226/1293
f 1312/1221/1288 1318/1227/1294 1316/1225/1292
f 1319/1228/1295 1310/1219/1286 1317/1226/1293
f 1310/1219/1286 1319/1228/1295 1298/1207/1274
f 1320/1229/1296 1319/1228/1295 1317/1226/1293
f 1298/1207/1274 1319/1228/1295 1320/1229/1296
f 1321/1208/1297 1298/1207/1274 1320/1229/1296
f 1309/1218/1285 1322/1230/1298 1312/1221/1288
f 1309/1218/1285 648/590/638 1322/1230/1298
f 1322/1230/1298 1323/1231/1299 1312/1221/1288
f 1312/1221/1288 1323/1231/1299 1318/1227/1294
f 1324/1232/1300 1323/1231/1299 1322/1230/1298
f 648/590/638 1324/1232/1300 1322/1230/1298
f 1323/1231/1299 1324/1232/1300 1318/1227/1294
f 648/590/638 1325/1233/1301 1324/1232/1300
f 1325/1233/1301 648/590/638 651/593/641
f 1324/1232/1300 1326/1234/1302 1318/1227/1294
f 1327/1235/1303 1318/1227/1294 1326/1234/1302
f 1327/1235/1303 1326/1234/1302 1328/1236/1304
f 1328/1236/1304 1326/1234/1302 1329/1237/1305
f 1329/1237/1305 1326/1234/1302 1330/1238/1306
f 1326/1234/1302 1324/1232/1300 1330/1238/1306
f 1325/1233/1301 1330/1238/1306 1324/1232/1300
f 1325/1233/1301 651/593/641 1330/1238/1306
f 651/593/641 1331/1239/1307 1330/1238/1306
f 1332/1240/1308 1330/1238/1306 1331/1239/1307
f 651/593/641 652/594/642 1331/1239/1307
f 1333/1241/1309 1332/1240/1308 1331/1239/1307
f 1332/1240/1308 1333/1241/1309 1334/1242/1310
f 1334/1242/1310 1333/1241/1309 1335/1243/1311
f 1335/1243/1311 1333/1241/1309 1331/1239/1307
f 652/594/642 1337/1244/1312 1331/1239/1307
f 1337/1244/1312 1335/1243/1311 1331/1239/1307
f 1338/1245/1313 1337/1244/1312 652/594/642
f 652/594/642 633/575/623 1338/1245/1313
f 1337/1244/1312 1338/1245/1313 1339/1246/1314
f 1335/1243/1311 1337/1244/1312 1339/1246/1314
f 633/575/623 1340/1247/1315 1338/1245/1313
f 1338/1245/1313 1340/1247/1315 1339/1246/1314
f 633/575/623 629/571/619 1340/1247/1315
f 1340/1247/1315 1341/1248/1316 1339/1246/1314
f 1342/1249/1317 1339/1246/1314 1341/1248/1316
f 1339/1246/1314 1342/1249/1317 1343/1250/1318
f 1342/1249/1317 1344/1251/1319 1343/1250/1318
f 1344/1251/1319 1342/1249/1317 1345/1252/1320
f 1342/1249/1317 1341/1248/1316 1346/1252/1321
f 1347/1253/1322 1346/1252/1321 1341/1248/1316
f 1341/1248/1316 1340/1247/1315 1348/924/1323
f 1347/1253/1322 1341/1248/1316 1348/924/1323
f 629/571/619 1349/1254/1324 1340/1247/1315
f 1340/1247/1315 1349/1254/1324 1348/924/1323
f 1350/1255/1325 1349/1254/1324 629/571/619
f 1349/1254/1324 1350/1255/1325 1348/924/1323
f 1350/1255/1325 629/571/619 588/532/579
f 1348/924/1323 1351/926/1326 1347/1253/1322
f 1351/926/1326 1352/1256/1327 1347/1253/1322
f 1352/1256/1327 1353/1252/1321 1347/1253/1322
f 1350/1255/1325 1354/1257/1328 1348/924/1323
f 1355/925/1329 1348/924/1323 1354/1257/1328
f 1356/1258/1330 1355/925/1329 1354/1257/1328
f 588/532/579 1357/1259/1331 1350/1255/1325
f 1350/1255/1325 1357/1259/1331 1354/1257/1328
f 1354/1257/1328 1358/1260/1332 1356/1258/1330
f 1357/1259/1331 1358/1260/1332 1354/1257/1328
f 1358/1260/1332 1359/1261/1333 1356/1258/1330
f 588/532/579 1360/1262/1334 1357/1259/1331
f 1360/1262/1334 588/532/579 589/533/580
f 1360/1262/1334 1361/1263/1335 1357/1259/1331
f 1361/1263/1335 1358/1260/1332 1357/1259/1331
f 1360/1262/1334 589/533/580 1361/1263/1335
f 1361/1263/1335 1362/1264/1336 1358/1260/1332
f 589/533/580 1362/1264/1336 1361/1263/1335
f 1362/1264/1336 1363/541/1337 1358/1260/1332
f 1362/1264/1336 589/533/580 1364/541/1338
f 747/679/1339 1366/927/1340 1365/1265/1341
f 1368/680/732 748/679/1342 1367/1265/1343
f 738/673/1344 1370/680/1345 1369/676/728
f 1372/678/1346 1371/674/726 741/675/1347
f 1376/674/1348 1375/678/1349 1374/1266/1350
f 1373/1266/1351 1378/672/724 1377/674/1352
f 1378/672/724 1379/670/1353 1377/674/1352
f 1382/1267/1354 1381/1268/1355 1380/1269/1356
f 1385/1270/1357 1384/1271/1358 1383/1272/1359
f 1388/1273/1360 1387/1274/1361 1386/1275/1362
f 1387/1274/1361 1389/1276/1363 1386/1275/1362
f 1386/1275/1362 1389/1276/1363 1390/1277/1364
f 1387/1274/1361 1391/1278/1365 1389/1276/1363
f 1389/1276/1363 1392/1279/1366 1390/1277/1364
f 1390/1277/1364 1392/1279/1366 1393/1280/1367
f 1391/1278/1365 1394/1281/1368 1389/1276/1363
f 1389/1276/1363 1394/1281/1368 1392/1279/1366
f 1391/1278/1365 1395/1282/1369 1394/1281/1368
f 1395/1282/1369 1396/1283/1370 1394/1281/1368
f 1395/1282/1369 1397/1284/1371 1396/1283/1370
f 1394/1281/1368 1398/1285/1372 1392/1279/1366
f 1394/1281/1368 1396/1283/1370 1398/1285/1372
f 1392/1279/1366 1399/1286/1373 1393/1280/1367
f 1392/1279/1366 1398/1285/1372 1399/1286/1373
f 1399/1286/1373 1400/1287/1374 1393/1280/1367
f 1400/1287/1374 1401/1288/1375 1393/1280/1367
f 1400/1287/1374 1402/1289/1376 1401/1288/1375
f 1402/1289/1376 1403/1290/1377 1401/1288/1375
f 1403/1290/1377 1402/1289/1376 1404/1291/1378
f 1402/1289/1376 1405/1292/1379 1404/1291/1378
f 1404/1291/1378 1405/1292/1379 1406/1293/1380
f 1407/1294/1381 1402/1289/1376 1400/1287/1374
f 1402/1289/1376 1407/1294/1381 1405/1292/1379
f 1408/1295/1382 1400/1287/1374 1399/1286/1373
f 1408/1295/1382 1407/1294/1381 1400/1287/1374
f 1405/1292/1379 1409/1296/1383 1406/1293/1380
f 1410/1297/1384 1406/1293/1380 1409/1296/1383
f 1411/1298/1385 1408/1295/1382 1399/1286/1373
f 1398/1285/1372 1411/1298/1385 1399/1286/1373
f 1408/1295/1382 1411/1298/1385 1412/1299/1386
f 1407/1294/1381 1408/1295/1382 1412/1299/1386
f 1407/1294/1381 1413/1300/1387 1405/1292/1379
f 1405/1292/1379 1413/1300/1387 1409/1296/1383
f 1414/1301/1388 1410/1297/1384 1409/1296/1383
f 1410/1297/1384 1414/1301/1388 1415/1302/1389
f 1411/1298/1385 1398/1285/1372 1416/1303/1390
f 1411/1298/1385 1416/1303/1390 1412/1299/1386
f 1417/1304/1391 1407/1294/1381 1412/1299/1386
f 1407/1294/1381 1417/1304/1391 1413/1300/1387
f 1413/1300/1387 1418/1305/1392 1409/1296/1383
f 1414/1301/1388 1409/1296/1383 1418/1305/1392
f 1414/1301/1388 1419/1306/1393 1415/1302/1389
f 1415/1302/1389 1419/1306/1393 1420/1307/1394
f 1398/1285/1372 1421/1308/1395 1416/1303/1390
f 1396/1283/1370 1421/1308/1395 1398/1285/1372
f 1412/1299/1386 1416/1303/1390 1422/1309/1396
f 1417/1304/1391 1412/1299/1386 1422/1309/1396
f 1417/1304/1391 1423/1310/1397 1413/1300/1387
f 1413/1300/1387 1423/1310/1397 1418/1305/1392
f 1424/1311/1398 1414/1301/1388 1418/1305/1392
f 1414/1301/1388 1424/1311/1398 1419/1306/1393
f 1419/1306/1393 1425/1312/1399 1420/1307/1394
f 1420/1307/1394 1425/1312/1399 1426/1313/1400
f 1427/1314/1401 1416/1303/1390 1421/1308/1395
f 1416/1303/1390 1427/1314/1401 1422/1309/1396
f 1421/1308/1395 1396/1283/1370 1428/1315/1402
f 1397/1284/1371 1428/1315/1402 1396/1283/1370
f 1423/1310/1397 1429/1316/1403 1418/1305/1392
f 1424/1311/1398 1418/1305/1392 1429/1316/1403
f 1424/1311/1398 1430/1317/1404 1419/1306/1393
f 1419/1306/1393 1430/1317/1404 1425/1312/1399
f 1425/1312/1399 1431/1318/1405 1426/1313/1400
f 1432/1319/1406 1426/1313/1400 1431/1318/1405
f 1433/1320/1407 1427/1314/1401 1421/1308/1395
f 1433/1320/1407 1421/1308/1395 1428/1315/1402
f 1428/1315/1402 1397/1284/1371 1434/1321/1408
f 1397/1284/1371 1435/1322/1409 1434/1321/1408
f 1433/1320/1407 1428/1315/1402 1436/1323/1410
f 1428/1315/1402 1434/1321/1408 1436/1323/1410
f 1437/1324/1411 1427/1314/1401 1433/1320/1407
f 1436/1323/1410 1437/1324/1411 1433/1320/1407
f 1434/1321/1408 1435/1322/1409 1438/1325/1412
f 1435/1322/1409 1439/1326/1413 1438/1325/1412
f 1436/1323/1410 1434/1321/1408 1440/1327/1414
f 1434/1321/1408 1438/1325/1412 1440/1327/1414
f 1441/1328/1415 1438/1325/1412 1439/1326/1413
f 1442/1329/1416 1441/1328/1415 1439/1326/1413
f 1437/1324/1411 1443/1330/1417 1427/1314/1401
f 1443/1330/1417 1422/1309/1396 1427/1314/1401
f 1444/1331/1418 1437/1324/1411 1436/1323/1410
f 1440/1327/1414 1444/1331/1418 1436/1323/1410
f 1440/1327/1414 1438/1325/1412 1445/1332/1419
f 1438/1325/1412 1441/1328/1415 1445/1332/1419
f 1446/1333/1420 1441/1328/1415 1442/1329/1416
f 1447/1334/1421 1446/1333/1420 1442/1329/1416
f 1448/1335/1422 1422/1309/1396 1443/1330/1417
f 1448/1335/1422 1417/1304/1391 1422/1309/1396
f 1417/1304/1391 1448/1335/1422 1423/1310/1397
f 1449/1336/1423 1443/1330/1417 1437/1324/1411
f 1444/1331/1418 1449/1336/1423 1437/1324/1411
f 1450/1337/1424 1444/1331/1418 1440/1327/1414
f 1445/1332/1419 1450/1337/1424 1440/1327/1414
f 1445/1332/1419 1441/1328/1415 1451/1338/1425
f 1441/1328/1415 1446/1333/1420 1451/1338/1425
f 1452/1339/1426 1446/1333/1420 1447/1334/1421
f 1453/1340/1427 1452/1339/1426 1447/1334/1421
f 1448/1335/1422 1454/1341/1428 1423/1310/1397
f 1423/1310/1397 1454/1341/1428 1429/1316/1403
f 1455/1342/1429 1452/1339/1426 1453/1340/1427
f 1456/1343/1430 1455/1342/1429 1453/1340/1427
f 1452/1339/1426 1455/1342/1429 1457/1344/1431
f 1446/1333/1420 1452/1339/1426 1458/1345/1432
f 1458/1345/1432 1452/1339/1426 1457/1344/1431
f 1451/1338/1425 1446/1333/1420 1458/1345/1432
f 1457/1344/1431 1459/1346/1433 1458/1345/1432
f 1459/1346/1433 1460/1347/1434 1458/1345/1432
f 1458/1345/1432 1460/1347/1434 1451/1338/1425
f 1460/1347/1434 1459/1346/1433 1461/1348/1435
f 1460/1347/1434 1462/1349/1436 1451/1338/1425
f 1451/1338/1425 1462/1349/1436 1445/1332/1419
f 1462/1349/1436 1450/1337/1424 1445/1332/1419
f 1463/1350/1437 1460/1347/1434 1461/1348/1435
f 1462/1349/1436 1460/1347/1434 1463/1350/1437
f 1450/1337/1424 1462/1349/1436 1464/1351/1438
f 1464/1351/1438 1462/1349/1436 1463/1350/1437
f 1463/1350/1437 1461/1348/1435 1465/1352/1439
f 1461/1348/1435 1466/1353/1440 1465/1352/1439
f 1467/1354/1441 1450/1337/1424 1464/1351/1438
f 1450/1337/1424 1467/1354/1441 1444/1331/1418
f 1467/1354/1441 1449/1336/1423 1444/1331/1418
f 1464/1351/1438 1463/1350/1437 1468/1355/1442
f 1463/1350/1437 1465/1352/1439 1468/1355/1442
f 1465/1352/1439 1466/1353/1440 1469/1356/1443
f 1466/1353/1440 1470/1357/1444 1469/1356/1443
f 1467/1354/1441 1464/1351/1438 1471/1358/1445
f 1464/1351/1438 1468/1355/1442 1471/1358/1445
f 1449/1336/1423 1467/1354/1441 1472/1359/1446
f 1467/1354/1441 1471/1358/1445 1472/1359/1446
f 1468/1355/1442 1465/1352/1439 1473/1360/1447
f 1465/1352/1439 1469/1356/1443 1473/1360/1447
f 1469/1356/1443 1470/1357/1444 1474/1361/1448
f 1470/1357/1444 1475/1362/1449 1474/1361/1448
f 1474/1361/1448 1475/1362/1449 1476/1363/1450
f 1471/1358/1445 1468/1355/1442 1477/1364/1451
f 1468/1355/1442 1473/1360/1447 1477/1364/1451
f 1473/1360/1447 1469/1356/1443 1478/1365/1452
f 1469/1356/1443 1474/1361/1448 1478/1365/1452
f 1479/1366/1453 1474/1361/1448 1476/1363/1450
f 1476/1363/1450 1480/1367/1454 1479/1366/1453
f 1449/1336/1423 1472/1359/1446 1481/1368/1455
f 1443/1330/1417 1449/1336/1423 1481/1368/1455
f 1481/1368/1455 1448/1335/1422 1443/1330/1417
f 1448/1335/1422 1481/1368/1455 1454/1341/1428
f 1472/1359/1446 1471/1358/1445 1482/1369/1456
f 1471/1358/1445 1477/1364/1451 1482/1369/1456
f 1481/1368/1455 1472/1359/1446 1483/1370/1457
f 1481/1368/1455 1483/1370/1457 1454/1341/1428
f 1472/1359/1446 1482/1369/1456 1483/1370/1457
f 1454/1341/1428 1483/1370/1457 1484/1371/1458
f 1454/1341/1428 1484/1371/1458 1429/1316/1403
f 1483/1370/1457 1482/1369/1456 1485/1372/1459
f 1483/1370/1457 1485/1372/1459 1484/1371/1458
f 1482/1369/1456 1477/1364/1451 1486/1373/1460
f 1482/1369/1456 1486/1373/1460 1485/1372/1459
f 1487/1374/1461 1429/1316/1403 1484/1371/1458
f 1487/1374/1461 1424/1311/1398 1429/1316/1403
f 1424/1311/1398 1487/1374/1461 1430/1317/1404
f 1488/1375/1462 1484/1371/1458 1485/1372/1459
f 1488/1375/1462 1487/1374/1461 1484/1371/1458
f 1487/1374/1461 1489/1376/1463 1430/1317/1404
f 1487/1374/1461 1488/1375/1462 1489/1376/1463
f 1490/1377/1464 1488/1375/1462 1485/1372/1459
f 1485/1372/1459 1486/1373/1460 1490/1377/1464
f 1477/1364/1451 1491/1378/1465 1486/1373/1460
f 1477/1364/1451 1473/1360/1447 1491/1378/1465
f 1473/1360/1447 1478/1365/1452 1491/1378/1465
f 1486/1373/1460 1491/1378/1465 1492/1379/1466
f 1486/1373/1460 1492/1379/1466 1490/1377/1464
f 1488/1375/1462 1490/1377/1464 1493/1380/1467
f 1488/1375/1462 1493/1380/1467 1489/1376/1463
f 1430/1317/1404 1489/1376/1463 1494/1381/1468
f 1430/1317/1404 1494/1381/1468 1425/1312/1399
f 1425/1312/1399 1494/1381/1468 1431/1318/1405
f 1491/1378/1465 1478/1365/1452 1495/1382/1469
f 1491/1378/1465 1495/1382/1469 1492/1379/1466
f 1490/1377/1464 1492/1379/1466 1496/1383/1470
f 1490/1377/1464 1496/1383/1470 1493/1380/1467
f 1489/1376/1463 1493/1380/1467 1497/1384/1471
f 1489/1376/1463 1497/1384/1471 1494/1381/1468
f 1494/1381/1468 1498/1385/1472 1431/1318/1405
f 1494/1381/1468 1497/1384/1471 1498/1385/1472
f 1493/1380/1467 1499/1386/1473 1497/1384/1471
f 1493/1380/1467 1496/1383/1470 1499/1386/1473
f 1492/1379/1466 1500/1387/1474 1496/1383/1470
f 1492/1379/1466 1495/1382/1469 1500/1387/1474
f 1478/1365/1452 1501/1388/1475 1495/1382/1469
f 1478/1365/1452 1474/1361/1448 1501/1388/1475
f 1474/1361/1448 1479/1366/1453 1501/1388/1475
f 1495/1382/1469 1501/1388/1475 1502/1389/1476
f 1495/1382/1469 1502/1389/1476 1500/1387/1474
f 1496/1383/1470 1500/1387/1474 1503/1390/1477
f 1496/1383/1470 1503/1390/1477 1499/1386/1473
f 1497/1384/1471 1499/1386/1473 1504/1391/1478
f 1497/1384/1471 1504/1391/1478 1498/1385/1472
f 1501/1388/1475 1479/1366/1453 1505/1392/1479
f 1501/1388/1475 1505/1392/1479 1502/1389/1476
f 1500/1387/1474 1502/1389/1476 1506/1393/1480
f 1500/1387/1474 1506/1393/1480 1503/1390/1477
f 1499/1386/1473 1503/1390/1477 1507/1394/1481
f 1499/1386/1473 1507/1394/1481 1504/1391/1478
f 1479/1366/1453 1508/1395/1482 1505/1392/1479
f 1480/1367/1454 1508/1395/1482 1479/1366/1453
f 1480/1367/1454 1509/1396/1483 1508/1395/1482
f 1502/1389/1476 1505/1392/1479 1510/1397/1484
f 1502/1389/1476 1510/1397/1484 1506/1393/1480
f 1511/1398/1485 1503/1390/1477 1506/1393/1480
f 1503/1390/1477 1511/1398/1485 1507/1394/1481
f 1505/1392/1479 1508/1395/1482 1512/1399/1486
f 1505/1392/1479 1512/1399/1486 1510/1397/1484
f 1509/1396/1483 1513/1400/1487 1508/1395/1482
f 1508/1395/1482 1513/1400/1487 1512/1399/1486
f 1509/1396/1483 1514/1401/1488 1513/1400/1487
f 1515/1402/1489 1506/1393/1480 1510/1397/1484
f 1515/1402/1489 1511/1398/1485 1506/1393/1480
f 1516/1403/1490 1510/1397/1484 1512/1399/1486
f 1516/1403/1490 1515/1402/1489 1510/1397/1484
f 1517/1404/1491 1512/1399/1486 1513/1400/1487
f 1517/1404/1491 1516/1403/1490 1512/1399/1486
f 1514/1401/1488 1518/1405/1492 1513/1400/1487
f 1514/1401/1488 1519/1406/1493 1518/1405/1492
f 1520/1407/1494 1513/1400/1487 1518/1405/1492
f 1520/1407/1494 1517/1404/1491 1513/1400/1487
f 1519/1406/1493 1521/1408/1495 1518/1405/1492
f 1518/1405/1492 1521/1408/1495 1520/1407/1494
f 1521/1408/1495 1519/1406/1493 1522/1409/1496
f 1523/1410/1497 1511/1398/1485 1515/1402/1489
f 1524/1411/1498 1515/1402/1489 1516/1403/1490
f 1524/1411/1498 1523/1410/1497 1515/1402/1489
f 1525/1412/1499 1516/1403/1490 1517/1404/1491
f 1525/1412/1499 1524/1411/1498 1516/1403/1490
f 1517/1404/1491 1520/1407/1494 1526/1413/1500
f 1526/1413/1500 1525/1412/1499 1517/1404/1491
f 1521/1408/1495 1527/1414/1501 1520/1407/1494
f 1520/1407/1494 1527/1414/1501 1526/1413/1500
f 1527/1414/1501 1521/1408/1495 1528/1415/1502
f 1527/1414/1501 1528/1415/1502 1526/1413/1500
f 1529/1416/1503 1521/1408/1495 1522/1409/1496
f 1521/1408/1495 1529/1416/1503 1528/1415/1502
f 1530/1417/1504 1529/1416/1503 1522/1409/1496
f 1531/1418/1505 1530/1417/1504 1522/1409/1496
f 1523/1410/1497 1532/1419/1506 1511/1398/1485
f 1532/1419/1506 1507/1394/1481 1511/1398/1485
f 1533/1420/1507 1528/1415/1502 1529/1416/1503
f 1530/1417/1504 1533/1420/1507 1529/1416/1503
f 1530/1417/1504 1531/1418/1505 1534/1421/1508
f 1531/1418/1505 1535/1422/1509 1534/1421/1508
f 1532/1419/1506 1536/1423/1510 1507/1394/1481
f 1536/1423/1510 1504/1391/1478 1507/1394/1481
f 1537/1424/1511 1533/1420/1507 1530/1417/1504
f 1534/1421/1508 1537/1424/1511 1530/1417/1504
f 1534/1421/1508 1535/1422/1509 1538/1425/1512
f 1535/1422/1509 1539/1426/1513 1538/1425/1512
f 1536/1423/1510 1540/1427/1514 1504/1391/1478
f 1540/1427/1514 1498/1385/1472 1504/1391/1478
f 1537/1424/1511 1534/1421/1508 1541/1428/1515
f 1534/1421/1508 1538/1425/1512 1541/1428/1515
f 1538/1425/1512 1539/1426/1513 1542/1429/1516
f 1539/1426/1513 1543/1430/1517 1542/1429/1516
f 1540/1427/1514 1544/1431/1518 1498/1385/1472
f 1544/1431/1518 1431/1318/1405 1498/1385/1472
f 1544/1431/1518 1432/1319/1406 1431/1318/1405
f 1545/1432/1519 1432/1319/1406 1544/1431/1518
f 1546/1433/1520 1545/1432/1519 1544/1431/1518
f 1546/1433/1520 1544/1431/1518 1540/1427/1514
f 1547/1434/1521 1545/1432/1519 1546/1433/1520
f 1548/1435/1522 1546/1433/1520 1540/1427/1514
f 1548/1435/1522 1540/1427/1514 1536/1423/1510
f 1549/1436/1523 1547/1434/1521 1546/1433/1520
f 1549/1436/1523 1546/1433/1520 1548/1435/1522
f 1547/1434/1521 1549/1436/1523 1550/1437/1524
f 1551/1438/1525 1548/1435/1522 1536/1423/1510
f 1551/1438/1525 1536/1423/1510 1532/1419/1506
f 1549/1436/1523 1552/1439/1526 1550/1437/1524
f 1550/1437/1524 1552/1439/1526 1553/1440/1527
f 1554/1441/1528 1549/1436/1523 1548/1435/1522
f 1554/1441/1528 1548/1435/1522 1551/1438/1525
f 1549/1436/1523 1554/1441/1528 1552/1439/1526
f 1555/1442/1529 1551/1438/1525 1532/1419/1506
f 1555/1442/1529 1532/1419/1506 1523/1410/1497
f 1552/1439/1526 1556/1443/1530 1553/1440/1527
f 1553/1440/1527 1556/1443/1530 1557/1444/1531
f 1554/1441/1528 1558/1445/1532 1552/1439/1526
f 1552/1439/1526 1558/1445/1532 1556/1443/1530
f 1559/1446/1533 1554/1441/1528 1551/1438/1525
f 1559/1446/1533 1551/1438/1525 1555/1442/1529
f 1554/1441/1528 1559/1446/1533 1558/1445/1532
f 1560/1447/1534 1555/1442/1529 1523/1410/1497
f 1560/1447/1534 1523/1410/1497 1524/1411/1498
f 1556/1443/1530 1561/1448/1535 1557/1444/1531
f 1557/1444/1531 1561/1448/1535 1562/1449/1536
f 1558/1445/1532 1563/1450/1537 1556/1443/1530
f 1556/1443/1530 1563/1450/1537 1561/1448/1535
f 1559/1446/1533 1564/1451/1538 1558/1445/1532
f 1558/1445/1532 1564/1451/1538 1563/1450/1537
f 1565/1452/1539 1559/1446/1533 1555/1442/1529
f 1565/1452/1539 1555/1442/1529 1560/1447/1534
f 1559/1446/1533 1565/1452/1539 1564/1451/1538
f 1566/1453/1540 1560/1447/1534 1524/1411/1498
f 1566/1453/1540 1524/1411/1498 1525/1412/1499
f 1561/1448/1535 1567/1454/1541 1562/1449/1536
f 1568/1455/1542 1562/1449/1536 1567/1454/1541
f 1563/1450/1537 1569/1456/1543 1561/1448/1535
f 1561/1448/1535 1569/1456/1543 1567/1454/1541
f 1564/1451/1538 1570/1457/1544 1563/1450/1537
f 1563/1450/1537 1570/1457/1544 1569/1456/1543
f 1565/1452/1539 1571/1458/1545 1564/1451/1538
f 1564/1451/1538 1571/1458/1545 1570/1457/1544
f 1572/1459/1546 1565/1452/1539 1560/1447/1534
f 1572/1459/1546 1560/1447/1534 1566/1453/1540
f 1565/1452/1539 1572/1459/1546 1571/1458/1545
f 1573/1460/1547 1566/1453/1540 1525/1412/1499
f 1573/1460/1547 1525/1412/1499 1526/1413/1500
f 1574/1461/1548 1572/1459/1546 1566/1453/1540
f 1574/1461/1548 1566/1453/1540 1573/1460/1547
f 1572/1459/1546 1575/1462/1549 1571/1458/1545
f 1572/1459/1546 1574/1461/1548 1575/1462/1549
f 1571/1458/1545 1576/1463/1550 1570/1457/1544
f 1571/1458/1545 1575/1462/1549 1576/1463/1550
f 1570/1457/1544 1577/1464/1551 1569/1456/1543
f 1570/1457/1544 1576/1463/1550 1577/1464/1551
f 1578/1465/1552 1573/1460/1547 1526/1413/1500
f 1528/1415/1502 1578/1465/1552 1526/1413/1500
f 1579/1466/1553 1574/1461/1548 1573/1460/1547
f 1579/1466/1553 1573/1460/1547 1578/1465/1552
f 1574/1461/1548 1580/1467/1554 1575/1462/1549
f 1574/1461/1548 1579/1466/1553 1580/1467/1554
f 1575/1462/1549 1581/1468/1555 1576/1463/1550
f 1575/1462/1549 1580/1467/1554 1581/1468/1555
f 1582/1469/1556 1578/1465/1552 1528/1415/1502
f 1533/1420/1507 1582/1469/1556 1528/1415/1502
f 1583/1470/1557 1579/1466/1553 1578/1465/1552
f 1583/1470/1557 1578/1465/1552 1582/1469/1556
f 1579/1466/1553 1584/1471/1558 1580/1467/1554
f 1579/1466/1553 1583/1470/1557 1584/1471/1558
f 1585/1472/1559 1582/1469/1556 1533/1420/1507
f 1537/1424/1511 1585/1472/1559 1533/1420/1507
f 1583/1470/1557 1582/1469/1556 1586/1473/1560
f 1583/1470/1557 1586/1473/1560 1584/1471/1558
f 1582/1469/1556 1585/1472/1559 1586/1473/1560
f 1580/1467/1554 1584/1471/1558 1587/1474/1561
f 1580/1467/1554 1587/1474/1561 1581/1468/1555
f 1576/1463/1550 1581/1468/1555 1588/1475/1562
f 1576/1463/1550 1588/1475/1562 1577/1464/1551
f 1585/1472/1559 1537/1424/1511 1589/1476/1563
f 1537/1424/1511 1541/1428/1515 1589/1476/1563
f 1590/1477/1564 1586/1473/1560 1585/1472/1559
f 1589/1476/1563 1590/1477/1564 1585/1472/1559
f 1584/1471/1558 1586/1473/1560 1591/1478/1565
f 1584/1471/1558 1591/1478/1565 1587/1474/1561
f 1586/1473/1560 1590/1477/1564 1591/1478/1565
f 1581/1468/1555 1587/1474/1561 1592/1479/1566
f 1581/1468/1555 1592/1479/1566 1588/1475/1562
f 1587/1474/1561 1591/1478/1565 1593/1480/1567
f 1587/1474/1561 1593/1480/1567 1592/1479/1566
f 1591/1478/1565 1590/1477/1564 1594/1481/1568
f 1591/1478/1565 1594/1481/1568 1593/1480/1567
f 1595/1482/1569 1590/1477/1564 1589/1476/1563
f 1590/1477/1564 1595/1482/1569 1594/1481/1568
f 1589/1476/1563 1541/1428/1515 1596/1483/1570
f 1596/1483/1570 1595/1482/1569 1589/1476/1563
f 1541/1428/1515 1597/1484/1571 1596/1483/1570
f 1541/1428/1515 1538/1425/1512 1597/1484/1571
f 1538/1425/1512 1542/1429/1516 1597/1484/1571
f 1588/1475/1562 1592/1479/1566 1598/1485/1572
f 1592/1479/1566 1593/1480/1567 1599/1486/1573
f 1592/1479/1566 1599/1486/1573 1598/1485/1572
f 1593/1480/1567 1594/1481/1568 1600/1487/1574
f 1593/1480/1567 1600/1487/1574 1599/1486/1573
f 1594/1481/1568 1595/1482/1569 1601/1488/1575
f 1594/1481/1568 1601/1488/1575 1600/1487/1574
f 1595/1482/1569 1596/1483/1570 1602/1489/1576
f 1595/1482/1569 1602/1489/1576 1601/1488/1575
f 1603/1490/1577 1596/1483/1570 1597/1484/1571
f 1596/1483/1570 1603/1490/1577 1602/1489/1576
f 1604/1491/1578 1597/1484/1571 1542/1429/1516
f 1604/1491/1578 1603/1490/1577 1597/1484/1571
f 1603/1490/1577 1605/1492/1579 1602/1489/1576
f 1603/1490/1577 1604/1491/1578 1605/1492/1579
f 1602/1489/1576 1606/1493/1580 1601/1488/1575
f 1605/1492/1579 1606/1493/1580 1602/1489/1576
f 1607/1494/1581 1604/1491/1578 1542/1429/1516
f 1542/1429/1516 1543/1430/1517 1607/1494/1581
f 1543/1430/1517 1608/1495/1582 1607/1494/1581
f 1604/1491/1578 1609/1496/1583 1605/1492/1579
f 1604/1491/1578 1607/1494/1581 1609/1496/1583
f 1607/1494/1581 1608/1495/1582 1610/1497/1584
f 1607/1494/1581 1610/1497/1584 1609/1496/1583
f 1608/1495/1582 1611/1498/1585 1610/1497/1584
f 1605/1492/1579 1609/1496/1583 1612/1499/1586
f 1606/1493/1580 1605/1492/1579 1612/1499/1586
f 1606/1493/1580 1613/1500/1587 1601/1488/1575
f 1601/1488/1575 1613/1500/1587 1600/1487/1574
f 1610/1497/1584 1611/1498/1585 1614/1501/1588
f 1611/1498/1585 1615/1502/1589 1614/1501/1588
f 1609/1496/1583 1610/1497/1584 1616/1503/1590
f 1609/1496/1583 1616/1503/1590 1612/1499/1586
f 1610/1497/1584 1614/1501/1588 1616/1503/1590
f 1614/1501/1588 1615/1502/1589 1617/1504/1591
f 1615/1502/1589 1618/1505/1592 1617/1504/1591
f 1618/1505/1592 1619/1506/1593 1617/1504/1591
f 1620/1507/1594 1616/1503/1590 1614/1501/1588
f 1616/1503/1590 1620/1507/1594 1612/1499/1586
f 1617/1504/1591 1620/1507/1594 1614/1501/1588
f 1621/1508/1595 1606/1493/1580 1612/1499/1586
f 1613/1500/1587 1606/1493/1580 1621/1508/1595
f 1619/1506/1593 1622/1509/1596 1617/1504/1591
f 1622/1509/1596 1619/1506/1593 1623/1510/1597
f 1620/1507/1594 1624/1511/1598 1612/1499/1586
f 1612/1499/1586 1624/1511/1598 1621/1508/1595
f 1620/1507/1594 1617/1504/1591 1625/1512/1599
f 1617/1504/1591 1622/1509/1596 1625/1512/1599
f 1620/1507/1594 1625/1512/1599 1624/1511/1598
f 1626/1513/1600 1622/1509/1596 1623/1510/1597
f 1625/1512/1599 1622/1509/1596 1627/1514/1601
f 1622/1509/1596 1626/1513/1600 1627/1514/1601
f 1626/1513/1600 1623/1510/1597 1628/1515/1602
f 1623/1510/1597 1629/1516/1603 1628/1515/1602
f 1627/1514/1601 1626/1513/1600 1630/1517/1604
f 1630/1517/1604 1626/1513/1600 1628/1515/1602
f 1628/1515/1602 1629/1516/1603 1631/1518/1605
f 1629/1516/1603 1632/1519/1606 1631/1518/1605
f 1630/1517/1604 1628/1515/1602 1633/1520/1607
f 1628/1515/1602 1631/1518/1605 1633/1520/1607
f 1634/1521/1608 1631/1518/1605 1632/1519/1606
f 1635/1522/1609 1634/1521/1608 1632/1519/1606
f 1636/1523/1610 1627/1514/1601 1630/1517/1604
f 1636/1523/1610 1630/1517/1604 1633/1520/1607
f 1637/1524/1611 1633/1520/1607 1631/1518/1605
f 1634/1521/1608 1637/1524/1611 1631/1518/1605
f 1638/1525/1612 1634/1521/1608 1635/1522/1609
f 1639/1526/1613 1638/1525/1612 1635/1522/1609
f 1640/1527/1614 1637/1524/1611 1634/1521/1608
f 1638/1525/1612 1640/1527/1614 1634/1521/1608
f 1638/1525/1612 1639/1526/1613 1641/1528/1615
f 1639/1526/1613 1642/1529/1616 1641/1528/1615
f 1640/1527/1614 1638/1525/1612 1643/1530/1617
f 1638/1525/1612 1641/1528/1615 1643/1530/1617
f 1641/1528/1615 1642/1529/1616 1644/1531/1618
f 1642/1529/1616 1645/1532/1619 1644/1531/1618
f 1643/1530/1617 1641/1528/1615 1646/1533/1620
f 1641/1528/1615 1644/1531/1618 1646/1533/1620
f 1644/1531/1618 1645/1532/1619 1647/1534/1621
f 1645/1532/1619 1648/1535/1622 1647/1534/1621
f 1649/1536/1623 1646/1533/1620 1644/1531/1618
f 1647/1534/1621 1649/1536/1623 1644/1531/1618
f 1647/1534/1621 1648/1535/1622 1650/1537/1624
f 1648/1535/1622 1651/1538/1625 1650/1537/1624
f 1649/1536/1623 1647/1534/1621 1652/1539/1626
f 1647/1534/1621 1650/1537/1624 1652/1539/1626
f 1650/1537/1624 1651/1538/1625 1653/1540/1627
f 1651/1538/1625 1654/1541/1628 1653/1540/1627
f 1652/1539/1626 1650/1537/1624 1655/1542/1629
f 1650/1537/1624 1653/1540/1627 1655/1542/1629
f 1653/1540/1627 1654/1541/1628 1656/1543/1630
f 1654/1541/1628 1657/1544/1631 1656/1543/1630
f 1656/1543/1630 1657/1544/1631 1658/1545/1632
f 1657/1544/1631 1659/1546/1633 1658/1545/1632
f 1658/1545/1632 1660/1547/1634 1656/1543/1630
f 1653/1540/1627 1656/1543/1630 1661/1548/1635
f 1660/1547/1634 1661/1548/1635 1656/1543/1630
f 1655/1542/1629 1653/1540/1627 1661/1548/1635
f 1661/1548/1635 1660/1547/1634 1662/1549/1636
f 1663/1550/1637 1661/1548/1635 1662/1549/1636
f 1655/1542/1629 1661/1548/1635 1663/1550/1637
f 1662/1549/1636 1664/1551/1638 1663/1550/1637
f 1655/1542/1629 1665/1552/1639 1652/1539/1626
f 1665/1552/1639 1655/1542/1629 1663/1550/1637
f 1665/1552/1639 1663/1550/1637 1666/1553/1640
f 1665/1552/1639 1667/1554/1641 1652/1539/1626
f 1665/1552/1639 1666/1553/1640 1667/1554/1641
f 1652/1539/1626 1667/1554/1641 1649/1536/1623
f 1664/1551/1638 1668/1555/1642 1663/1550/1637
f 1663/1550/1637 1668/1555/1642 1666/1553/1640
f 1667/1554/1641 1669/1556/1643 1649/1536/1623
f 1649/1536/1623 1669/1556/1643 1646/1533/1620
f 1670/1557/1644 1668/1555/1642 1664/1551/1638
f 1671/1558/1645 1670/1557/1644 1664/1551/1638
f 1670/1557/1644 1672/1559/1646 1668/1555/1642
f 1672/1559/1646 1673/1560/1647 1668/1555/1642
f 1666/1553/1640 1668/1555/1642 1673/1560/1647
f 1669/1556/1643 1667/1554/1641 1674/1561/1648
f 1666/1553/1640 1674/1561/1648 1667/1554/1641
f 1669/1556/1643 1675/1562/1649 1646/1533/1620
f 1646/1533/1620 1675/1562/1649 1643/1530/1617
f 1673/1560/1647 1672/1559/1646 1676/1563/1650
f 1672/1559/1646 1677/1564/1651 1676/1563/1650
f 1676/1563/1650 1677/1564/1651 1678/1565/1652
f 1677/1564/1651 1679/1566/1653 1678/1565/1652
f 1676/1563/1650 1678/1565/1652 1680/1567/1654
f 1681/1568/1655 1676/1563/1650 1680/1567/1654
f 1676/1563/1650 1682/1569/1656 1673/1560/1647
f 1676/1563/1650 1681/1568/1655 1682/1569/1656
f 1683/1570/1657 1666/1553/1640 1673/1560/1647
f 1682/1569/1656 1683/1570/1657 1673/1560/1647
f 1681/1568/1655 1684/1571/1658 1682/1569/1656
f 1681/1568/1655 1685/1572/1659 1684/1571/1658
f 1683/1570/1657 1686/1573/1660 1666/1553/1640
f 1686/1573/1660 1674/1561/1648 1666/1553/1640
f 1682/1569/1656 1687/1574/1661 1683/1570/1657
f 1682/1569/1656 1684/1571/1658 1687/1574/1661
f 1687/1574/1661 1686/1573/1660 1683/1570/1657
f 1685/1572/1659 1688/1575/1662 1684/1571/1658
f 1688/1575/1662 1685/1572/1659 1689/1576/1663
f 1684/1571/1658 1690/1577/1664 1687/1574/1661
f 1684/1571/1658 1688/1575/1662 1690/1577/1664
f 1691/1578/1665 1688/1575/1662 1689/1576/1663
f 1691/1578/1665 1689/1576/1663 1692/1579/1666
f 1688/1575/1662 1693/1580/1667 1690/1577/1664
f 1693/1580/1667 1688/1575/1662 1691/1578/1665
f 1690/1577/1664 1694/1581/1668 1687/1574/1661
f 1694/1581/1668 1690/1577/1664 1693/1580/1667
f 1686/1573/1660 1687/1574/1661 1695/1582/1669
f 1694/1581/1668 1695/1582/1669 1687/1574/1661
f 1696/1583/1670 1674/1561/1648 1686/1573/1660
f 1697/1584/1671 1686/1573/1660 1695/1582/1669
f 1697/1584/1671 1696/1583/1670 1686/1573/1660
f 1674/1561/1648 1696/1583/1670 1698/1585/1672
f 1698/1585/1672 1669/1556/1643 1674/1561/1648
f 1669/1556/1643 1698/1585/1672 1675/1562/1649
f 1696/1583/1670 1699/1586/1673 1698/1585/1672
f 1699/1586/1673 1696/1583/1670 1697/1584/1671
f 1698/1585/1672 1700/1587/1674 1675/1562/1649
f 1700/1587/1674 1698/1585/1672 1699/1586/1673
f 1701/1588/1675 1675/1562/1649 1700/1587/1674
f 1675/1562/1649 1701/1588/1675 1643/1530/1617
f 1643/1530/1617 1701/1588/1675 1640/1527/1614
f 1701/1588/1675 1702/1589/1676 1640/1527/1614
f 1640/1527/1614 1702/1589/1676 1637/1524/1611
f 1703/1590/1677 1701/1588/1675 1700/1587/1674
f 1701/1588/1675 1703/1590/1677 1702/1589/1676
f 1704/1591/1678 1700/1587/1674 1699/1586/1673
f 1703/1590/1677 1700/1587/1674 1704/1591/1678
f 1705/1592/1679 1699/1586/1673 1697/1584/1671
f 1699/1586/1673 1705/1592/1679 1704/1591/1678
f 1702/1589/1676 1706/1593/1680 1637/1524/1611
f 1637/1524/1611 1706/1593/1680 1633/1520/1607
f 1703/1590/1677 1707/1594/1681 1702/1589/1676
f 1702/1589/1676 1707/1594/1681 1706/1593/1680
f 1708/1595/1682 1705/1592/1679 1697/1584/1671
f 1695/1582/1669 1708/1595/1682 1697/1584/1671
f 1709/1596/1683 1703/1590/1677 1704/1591/1678
f 1707/1594/1681 1703/1590/1677 1709/1596/1683
f 1705/1592/1679 1710/1597/1684 1704/1591/1678
f 1705/1592/1679 1708/1595/1682 1710/1597/1684
f 1704/1591/1678 1710/1597/1684 1709/1596/1683
f 1706/1593/1680 1711/1598/1685 1633/1520/1607
f 1711/1598/1685 1636/1523/1610 1633/1520/1607
f 1707/1594/1681 1712/1599/1686 1706/1593/1680
f 1706/1593/1680 1712/1599/1686 1711/1598/1685
f 1713/1600/1687 1707/1594/1681 1709/1596/1683
f 1707/1594/1681 1713/1600/1687 1712/1599/1686
f 1710/1597/1684 1714/1601/1688 1709/1596/1683
f 1709/1596/1683 1714/1601/1688 1713/1600/1687
f 1711/1598/1685 1715/1602/1689 1636/1523/1610
f 1712/1599/1686 1715/1602/1689 1711/1598/1685
f 1713/1600/1687 1716/1603/1690 1712/1599/1686
f 1712/1599/1686 1716/1603/1690 1715/1602/1689
f 1715/1602/1689 1717/1604/1691 1636/1523/1610
f 1636/1523/1610 1717/1604/1691 1627/1514/1601
f 1710/1597/1684 1718/1605/1692 1714/1601/1688
f 1708/1595/1682 1718/1605/1692 1710/1597/1684
f 1714/1601/1688 1719/1606/1693 1713/1600/1687
f 1713/1600/1687 1719/1606/1693 1716/1603/1690
f 1716/1603/1690 1720/1607/1694 1715/1602/1689
f 1717/1604/1691 1715/1602/1689 1720/1607/1694
f 1717/1604/1691 1721/1608/1695 1627/1514/1601
f 1625/1512/1599 1627/1514/1601 1721/1608/1695
f 1718/1605/1692 1722/1609/1696 1714/1601/1688
f 1714/1601/1688 1722/1609/1696 1719/1606/1693
f 1719/1606/1693 1723/1610/1697 1716/1603/1690
f 1716/1603/1690 1723/1610/1697 1720/1607/1694
f 1724/1611/1698 1625/1512/1599 1721/1608/1695
f 1625/1512/1599 1724/1611/1698 1624/1511/1598
f 1624/1511/1598 1724/1611/1698 1725/1612/1699
f 1624/1511/1598 1725/1612/1699 1621/1508/1595
f 1726/1613/1700 1724/1611/1698 1721/1608/1695
f 1724/1611/1698 1726/1613/1700 1725/1612/1699
f 1727/1614/1701 1721/1608/1695 1717/1604/1691
f 1727/1614/1701 1726/1613/1700 1721/1608/1695
f 1728/1615/1702 1621/1508/1595 1725/1612/1699
f 1728/1615/1702 1613/1500/1587 1621/1508/1595
f 1725/1612/1699 1726/1613/1700 1729/1616/1703
f 1729/1616/1703 1728/1615/1702 1725/1612/1699
f 1613/1500/1587 1728/1615/1702 1730/1617/1704
f 1728/1615/1702 1729/1616/1703 1730/1617/1704
f 1726/1613/1700 1731/1618/1705 1729/1616/1703
f 1731/1618/1705 1726/1613/1700 1727/1614/1701
f 1732/1619/1706 1727/1614/1701 1717/1604/1691
f 1732/1619/1706 1717/1604/1691 1720/1607/1694
f 1727/1614/1701 1732/1619/1706 1733/1620/1707
f 1733/1620/1707 1731/1618/1705 1727/1614/1701
f 1732/1619/1706 1720/1607/1694 1734/1621/1708
f 1732/1619/1706 1734/1621/1708 1733/1620/1707
f 1735/1622/1709 1613/1500/1587 1730/1617/1704
f 1613/1500/1587 1735/1622/1709 1600/1487/1574
f 1600/1487/1574 1735/1622/1709 1736/1623/1710
f 1599/1486/1573 1600/1487/1574 1736/1623/1710
f 1729/1616/1703 1737/1624/1711 1730/1617/1704
f 1729/1616/1703 1731/1618/1705 1737/1624/1711
f 1735/1622/1709 1730/1617/1704 1738/1625/1712
f 1736/1623/1710 1735/1622/1709 1738/1625/1712
f 1599/1486/1573 1736/1623/1710 1739/1626/1713
f 1598/1485/1572 1599/1486/1573 1739/1626/1713
f 1720/1607/1694 1740/1627/1714 1734/1621/1708
f 1723/1610/1697 1740/1627/1714 1720/1607/1694
f 1730/1617/1704 1737/1624/1711 1741/1628/1715
f 1738/1625/1712 1730/1617/1704 1741/1628/1715
f 1736/1623/1710 1738/1625/1712 1742/1629/1716
f 1739/1626/1713 1736/1623/1710 1742/1629/1716
f 1738/1625/1712 1741/1628/1715 1743/1630/1717
f 1742/1629/1716 1738/1625/1712 1743/1630/1717
f 1598/1485/1572 1739/1626/1713 1744/1631/1718
f 1739/1626/1713 1742/1629/1716 1745/1632/1719
f 1744/1631/1718 1739/1626/1713 1745/1632/1719
f 1745/1632/1719 1742/1629/1716 1746/1633/1720
f 1742/1629/1716 1743/1630/1717 1746/1633/1720
f 1747/1634/1721 1598/1485/1572 1744/1631/1718
f 1588/1475/1562 1598/1485/1572 1747/1634/1721
f 1577/1464/1551 1588/1475/1562 1747/1634/1721
f 1744/1631/1718 1745/1632/1719 1748/1635/1722
f 1745/1632/1719 1746/1633/1720 1748/1635/1722
f 1577/1464/1551 1747/1634/1721 1749/1636/1723
f 1569/1456/1543 1577/1464/1551 1749/1636/1723
f 1569/1456/1543 1749/1636/1723 1567/1454/1541
f 1747/1634/1721 1744/1631/1718 1750/1637/1724
f 1749/1636/1723 1747/1634/1721 1750/1637/1724
f 1750/1637/1724 1744/1631/1718 1748/1635/1722
f 1567/1454/1541 1749/1636/1723 1751/1638/1725
f 1749/1636/1723 1750/1637/1724 1751/1638/1725
f 1751/1638/1725 1568/1455/1542 1567/1454/1541
f 1751/1638/1725 1750/1637/1724 1752/1639/1726
f 1568/1455/1542 1751/1638/1725 1752/1639/1726
f 1750/1637/1724 1748/1635/1722 1752/1639/1726
f 1753/1640/1727 1568/1455/1542 1752/1639/1726
f 1748/1635/1722 1754/1641/1728 1752/1639/1726
f 1746/1633/1720 1754/1641/1728 1748/1635/1722
f 1752/1639/1726 1755/1642/1729 1753/1640/1727
f 1754/1641/1728 1755/1642/1729 1752/1639/1726
f 1755/1642/1729 1756/1643/1730 1753/1640/1727
f 1755/1642/1729 1757/1644/1731 1756/1643/1730
f 1757/1644/1731 1758/1645/1732 1756/1643/1730
f 1754/1641/1728 1759/1646/1733 1755/1642/1729
f 1759/1646/1733 1757/1644/1731 1755/1642/1729
f 1746/1633/1720 1760/1647/1734 1754/1641/1728
f 1760/1647/1734 1759/1646/1733 1754/1641/1728
f 1758/1645/1732 1757/1644/1731 1761/1648/1735
f 1762/1649/1736 1758/1645/1732 1761/1648/1735
f 1763/1650/1737 1760/1647/1734 1746/1633/1720
f 1743/1630/1717 1763/1650/1737 1746/1633/1720
f 1757/1644/1731 1759/1646/1733 1764/1651/1738
f 1761/1648/1735 1757/1644/1731 1764/1651/1738
f 1759/1646/1733 1760/1647/1734 1765/1652/1739
f 1765/1652/1739 1760/1647/1734 1763/1650/1737
f 1764/1651/1738 1759/1646/1733 1765/1652/1739
f 1761/1648/1735 1766/1653/1740 1762/1649/1736
f 1766/1653/1740 1767/1654/1741 1762/1649/1736
f 1761/1648/1735 1764/1651/1738 1768/1655/1742
f 1766/1653/1740 1761/1648/1735 1768/1655/1742
f 1766/1653/1740 1769/1656/1743 1767/1654/1741
f 1769/1656/1743 1770/1657/1744 1767/1654/1741
f 1769/1656/1743 1766/1653/1740 1771/1658/1745
f 1766/1653/1740 1768/1655/1742 1771/1658/1745
f 1770/1657/1744 1769/1656/1743 1772/1659/1746
f 1772/1659/1746 1769/1656/1743 1771/1658/1745
f 1773/1660/1747 1770/1657/1744 1772/1659/1746
f 1764/1651/1738 1765/1652/1739 1774/1661/1748
f 1768/1655/1742 1764/1651/1738 1774/1661/1748
f 1771/1658/1745 1768/1655/1742 1775/1662/1749
f 1776/1663/1750 1772/1659/1746 1771/1658/1745
f 1771/1658/1745 1775/1662/1749 1776/1663/1750
f 1775/1662/1749 1768/1655/1742 1777/1664/1751
f 1768/1655/1742 1774/1661/1748 1777/1664/1751
f 1775/1662/1749 1778/1665/1752 1776/1663/1750
f 1778/1665/1752 1775/1662/1749 1777/1664/1751
f 1773/1660/1747 1772/1659/1746 1779/1666/1753
f 1772/1659/1746 1776/1663/1750 1780/1667/1754
f 1772/1659/1746 1780/1667/1754 1779/1666/1753
f 1776/1663/1750 1778/1665/1752 1781/1668/1755
f 1781/1668/1755 1780/1667/1754 1776/1663/1750
f 1773/1660/1747 1779/1666/1753 1782/1669/1756
f 1783/1670/1757 1773/1660/1747 1782/1669/1756
f 1784/1671/1758 1783/1670/1757 1782/1669/1756
f 1785/1672/1759 1784/1671/1758 1782/1669/1756
f 1786/1673/1760 1784/1671/1758 1785/1672/1759
f 1782/1669/1756 1779/1666/1753 1787/1674/1761
f 1785/1672/1759 1782/1669/1756 1787/1674/1761
f 1788/1675/1762 1779/1666/1753 1780/1667/1754
f 1779/1666/1753 1788/1675/1762 1787/1674/1761
f 1789/1676/1763 1786/1673/1760 1785/1672/1759
f 1786/1673/1760 1789/1676/1763 1790/1677/1764
f 1791/1678/1765 1785/1672/1759 1787/1674/1761
f 1789/1676/1763 1785/1672/1759 1791/1678/1765
f 1789/1676/1763 1792/1679/1766 1790/1677/1764
f 1790/1677/1764 1792/1679/1766 1793/1680/1767
f 1794/1681/1768 1780/1667/1754 1781/1668/1755
f 1794/1681/1768 1788/1675/1762 1780/1667/1754
f 1795/1682/1769 1787/1674/1761 1788/1675/1762
f 1791/1678/1765 1787/1674/1761 1795/1682/1769
f 1796/1683/1770 1795/1682/1769 1788/1675/1762
f 1788/1675/1762 1794/1681/1768 1796/1683/1770
f 1797/1684/1771 1791/1678/1765 1795/1682/1769
f 1794/1681/1768 1798/1685/1772 1796/1683/1770
f 1791/1678/1765 1797/1684/1771 1799/1686/1773
f 1798/1685/1772 1794/1681/1768 1800/1687/1774
f 1801/1688/1775 1789/1676/1763 1791/1678/1765
f 1801/1688/1775 1791/1678/1765 1799/1686/1773
f 1789/1676/1763 1801/1688/1775 1792/1679/1766
f 1799/1686/1773 1802/1689/1776 1801/1688/1775
f 1794/1681/1768 1803/1690/1777 1800/1687/1774
f 1804/1691/1778 1800/1687/1774 1803/1690/1777
f 1803/1690/1777 1794/1681/1768 1781/1668/1755
f 1805/1692/1779 1804/1691/1778 1803/1690/1777
f 1804/1691/1778 1805/1692/1779 1806/1693/1780
f 1781/1668/1755 1807/1694/1781 1803/1690/1777
f 1778/1665/1752 1807/1694/1781 1781/1668/1755
f 1803/1690/1777 1808/1695/1782 1805/1692/1779
f 1807/1694/1781 1808/1695/1782 1803/1690/1777
f 1778/1665/1752 1809/1696/1783 1807/1694/1781
f 1809/1696/1783 1778/1665/1752 1777/1664/1751
f 1807/1694/1781 1810/1697/1784 1808/1695/1782
f 1809/1696/1783 1810/1697/1784 1807/1694/1781
f 1777/1664/1751 1811/1698/1785 1809/1696/1783
f 1777/1664/1751 1774/1661/1748 1811/1698/1785
f 1809/1696/1783 1812/1699/1786 1810/1697/1784
f 1811/1698/1785 1812/1699/1786 1809/1696/1783
f 1811/1698/1785 1774/1661/1748 1813/1700/1787
f 1813/1700/1787 1774/1661/1748 1765/1652/1739
f 1812/1699/1786 1811/1698/1785 1814/1701/1788
f 1814/1701/1788 1811/1698/1785 1813/1700/1787
f 1815/1702/1789 1813/1700/1787 1765/1652/1739
f 1815/1702/1789 1765/1652/1739 1763/1650/1737
f 1814/1701/1788 1813/1700/1787 1816/1703/1790
f 1813/1700/1787 1815/1702/1789 1816/1703/1790
f 1817/1704/1791 1812/1699/1786 1814/1701/1788
f 1814/1701/1788 1816/1703/1790 1817/1704/1791
f 1815/1702/1789 1763/1650/1737 1818/1705/1792
f 1818/1705/1792 1816/1703/1790 1815/1702/1789
f 1812/1699/1786 1819/1706/1793 1810/1697/1784
f 1812/1699/1786 1817/1704/1791 1819/1706/1793
f 1816/1703/1790 1820/1707/1794 1817/1704/1791
f 1820/1707/1794 1816/1703/1790 1818/1705/1792
f 1763/1650/1737 1821/1708/1795 1818/1705/1792
f 1821/1708/1795 1763/1650/1737 1743/1630/1717
f 1741/1628/1715 1821/1708/1795 1743/1630/1717
f 1817/1704/1791 1822/1709/1796 1819/1706/1793
f 1817/1704/1791 1820/1707/1794 1822/1709/1796
f 1819/1706/1793 1823/1710/1797 1810/1697/1784
f 1823/1710/1797 1819/1706/1793 1822/1709/1796
f 1818/1705/1792 1821/1708/1795 1824/1711/1798
f 1824/1711/1798 1820/1707/1794 1818/1705/1792
f 1825/1712/1799 1821/1708/1795 1741/1628/1715
f 1821/1708/1795 1825/1712/1799 1824/1711/1798
f 1737/1624/1711 1825/1712/1799 1741/1628/1715
f 1826/1713/1800 1825/1712/1799 1737/1624/1711
f 1825/1712/1799 1826/1713/1800 1824/1711/1798
f 1731/1618/1705 1826/1713/1800 1737/1624/1711
f 1826/1713/1800 1731/1618/1705 1827/1714/1801
f 1826/1713/1800 1827/1714/1801 1824/1711/1798
f 1731/1618/1705 1733/1620/1707 1827/1714/1801
f 1828/1715/1802 1820/1707/1794 1824/1711/1798
f 1827/1714/1801 1828/1715/1802 1824/1711/1798
f 1827/1714/1801 1733/1620/1707 1828/1715/1802
f 1820/1707/1794 1828/1715/1802 1822/1709/1796
f 1733/1620/1707 1829/1716/1803 1828/1715/1802
f 1828/1715/1802 1829/1716/1803 1822/1709/1796
f 1733/1620/1707 1734/1621/1708 1829/1716/1803
f 1829/1716/1803 1830/1717/1804 1822/1709/1796
f 1830/1717/1804 1823/1710/1797 1822/1709/1796
f 1734/1621/1708 1831/1718/1805 1829/1716/1803
f 1830/1717/1804 1829/1716/1803 1831/1718/1805
f 1830/1717/1804 1831/1718/1805 1823/1710/1797
f 1734/1621/1708 1740/1627/1714 1831/1718/1805
f 1831/1718/1805 1832/1719/1806 1823/1710/1797
f 1740/1627/1714 1832/1719/1806 1831/1718/1805
f 1823/1710/1797 1832/1719/1806 1833/1720/1807
f 1823/1710/1797 1833/1720/1807 1810/1697/1784
f 1810/1697/1784 1833/1720/1807 1808/1695/1782
f 1834/1721/1808 1832/1719/1806 1740/1627/1714
f 1723/1610/1697 1834/1721/1808 1740/1627/1714
f 1808/1695/1782 1833/1720/1807 1835/1722/1809
f 1808/1695/1782 1835/1722/1809 1805/1692/1779
f 1833/1720/1807 1832/1719/1806 1836/1723/1810
f 1833/1720/1807 1836/1723/1810 1835/1722/1809
f 1834/1721/1808 1836/1723/1810 1832/1719/1806
f 1837/1724/1811 1834/1721/1808 1723/1610/1697
f 1719/1606/1693 1837/1724/1811 1723/1610/1697
f 1722/1609/1696 1837/1724/1811 1719/1606/1693
f 1837/1724/1811 1838/1725/1812 1834/1721/1808
f 1838/1725/1812 1836/1723/1810 1834/1721/1808
f 1837/1724/1811 1722/1609/1696 1838/1725/1812
f 1835/1722/1809 1836/1723/1810 1839/1726/1813
f 1805/1692/1779 1835/1722/1809 1839/1726/1813
f 1836/1723/1810 1838/1725/1812 1839/1726/1813
f 1722/1609/1696 1840/1727/1814 1838/1725/1812
f 1839/1726/1813 1838/1725/1812 1840/1727/1814
f 1840/1727/1814 1722/1609/1696 1718/1605/1692
f 1841/1728/1815 1805/1692/1779 1839/1726/1813
f 1805/1692/1779 1841/1728/1815 1806/1693/1780
f 1842/1729/1816 1840/1727/1814 1718/1605/1692
f 1842/1729/1816 1718/1605/1692 1708/1595/1682
f 1843/1730/1817 1839/1726/1813 1840/1727/1814
f 1841/1728/1815 1839/1726/1813 1843/1730/1817
f 1843/1730/1817 1840/1727/1814 1842/1729/1816
f 1841/1728/1815 1844/1731/1818 1806/1693/1780
f 1844/1731/1818 1841/1728/1815 1843/1730/1817
f 1844/1731/1818 1845/1732/1819 1806/1693/1780
f 1845/1732/1819 1844/1731/1818 1846/1733/1820
f 1847/1734/1821 1842/1729/1816 1708/1595/1682
f 1847/1734/1821 1708/1595/1682 1695/1582/1669
f 1694/1581/1668 1847/1734/1821 1695/1582/1669
f 1848/1735/1822 1843/1730/1817 1842/1729/1816
f 1844/1731/1818 1843/1730/1817 1848/1735/1822
f 1848/1735/1822 1842/1729/1816 1847/1734/1821
f 1844/1731/1818 1849/1736/1823 1846/1733/1820
f 1849/1736/1823 1844/1731/1818 1848/1735/1822
f 1802/1689/1776 1846/1733/1820 1849/1736/1823
f 1850/1737/1824 1848/1735/1822 1847/1734/1821
f 1850/1737/1824 1847/1734/1821 1694/1581/1668
f 1848/1735/1822 1850/1737/1824 1849/1736/1823
f 1851/1738/1825 1802/1689/1776 1849/1736/1823
f 1802/1689/1776 1851/1738/1825 1801/1688/1775
f 1852/1739/1826 1850/1737/1824 1694/1581/1668
f 1852/1739/1826 1694/1581/1668 1693/1580/1667
f 1850/1737/1824 1853/1740/1827 1849/1736/1823
f 1853/1740/1827 1850/1737/1824 1852/1739/1826
f 1851/1738/1825 1849/1736/1823 1853/1740/1827
f 1854/1741/1828 1801/1688/1775 1851/1738/1825
f 1801/1688/1775 1854/1741/1828 1792/1679/1766
f 1855/1742/1829 1852/1739/1826 1693/1580/1667
f 1855/1742/1829 1853/1740/1827 1852/1739/1826
f 1856/1743/1830 1851/1738/1825 1853/1740/1827
f 1856/1743/1830 1854/1741/1828 1851/1738/1825
f 1792/1679/1766 1854/1741/1828 1857/1744/1831
f 1792/1679/1766 1857/1744/1831 1793/1680/1767
f 1793/1680/1767 1857/1744/1831 1858/1745/1832
f 1856/1743/1830 1853/1740/1827 1859/1746/1833
f 1853/1740/1827 1855/1742/1829 1859/1746/1833
f 1860/1747/1834 1854/1741/1828 1856/1743/1830
f 1854/1741/1828 1860/1747/1834 1857/1744/1831
f 1859/1746/1833 1860/1747/1834 1856/1743/1830
f 1857/1744/1831 1861/1748/1835 1858/1745/1832
f 1857/1744/1831 1860/1747/1834 1861/1748/1835
f 1862/1749/1836 1858/1745/1832 1861/1748/1835
f 1863/1750/1837 1855/1742/1829 1693/1580/1667
f 1863/1750/1837 1693/1580/1667 1691/1578/1665
f 1864/1751/1838 1860/1747/1834 1859/1746/1833
f 1860/1747/1834 1864/1751/1838 1861/1748/1835
f 1865/1752/1839 1862/1749/1836 1861/1748/1835
f 1861/1748/1835 1864/1751/1838 1865/1752/1839
f 1862/1749/1836 1865/1752/1839 1866/1753/1840
f 1865/1752/1839 1867/1754/1841 1866/1753/1840
f 1868/1755/1842 1867/1754/1841 1865/1752/1839
f 1869/1756/1843 1859/1746/1833 1855/1742/1829
f 1863/1750/1837 1869/1756/1843 1855/1742/1829
f 1869/1756/1843 1864/1751/1838 1859/1746/1833
f 1691/1578/1665 1870/1757/1844 1863/1750/1837
f 1870/1757/1844 1869/1756/1843 1863/1750/1837
f 1864/1751/1838 1869/1756/1843 1870/1757/1844
f 1870/1757/1844 1691/1578/1665 1692/1579/1666
f 1864/1751/1838 1871/1758/1845 1865/1752/1839
f 1871/1758/1845 1868/1755/1842 1865/1752/1839
f 1868/1755/1842 1871/1758/1845 1692/1579/1666
f 1871/1758/1845 1864/1751/1838 1870/1757/1844
f 1871/1758/1845 1870/1757/1844 1692/1579/1666
f 1874/1759/1846 1873/1760/1847 1872/1761/1848
f 1875/1762/1849 1874/1759/1846 1872/1761/1848
f 1872/1761/1848 1876/1763/1850 1875/1762/1849
f 1875/1762/1849 1877/1764/1851 1874/1759/1846
f 1877/1764/1851 1878/1765/1852 1874/1759/1846
f 1876/1763/1850 1879/1766/1853 1875/1762/1849
f 1877/1764/1851 1875/1762/1849 1879/1766/1853
f 1877/1764/1851 1880/1767/1854 1878/1765/1852
f 1880/1767/1854 1881/1768/1855 1878/1765/1852
f 1882/1769/1856 1879/1766/1853 1876/1763/1850
f 1883/1770/1857 1882/1769/1856 1876/1763/1850
f 1882/1769/1856 1883/1770/1857 1884/1771/1858
f 1879/1766/1853 1885/1772/1859 1877/1764/1851
f 1885/1772/1859 1880/1767/1854 1877/1764/1851
f 1879/1766/1853 1882/1769/1856 1885/1772/1859
f 1880/1767/1854 1885/1772/1859 1886/1773/1860
f 1880/1767/1854 1887/1774/1861 1881/1768/1855
f 1887/1774/1861 1880/1767/1854 1886/1773/1860
f 1887/1774/1861 1888/1775/1862 1881/1768/1855
f 1888/1775/1862 1887/1774/1861 1889/1776/1863
f 1887/1774/1861 1886/1773/1860 1889/1776/1863
f 1890/1777/1864 1888/1775/1862 1889/1776/1863
f 1890/1777/1864 1889/1776/1863 1891/1778/1865
f 1892/1779/1866 1882/1769/1856 1884/1771/1858
f 1884/1771/1858 1893/1780/1867 1892/1779/1866
f 1882/1769/1856 1894/1781/1868 1885/1772/1859
f 1885/1772/1859 1894/1781/1868 1886/1773/1860
f 1894/1781/1868 1882/1769/1856 1892/1779/1866
f 1889/1776/1863 1895/1782/1869 1891/1778/1865
f 1896/1783/1870 1891/1778/1865 1895/1782/1869
f 1893/1780/1867 1897/1784/1871 1892/1779/1866
f 1897/1784/1871 1893/1780/1867 1898/1785/1872
f 1899/1786/1873 1894/1781/1868 1892/1779/1866
f 1892/1779/1866 1897/1784/1871 1899/1786/1873
f 1900/1787/1874 1897/1784/1871 1898/1785/1872
f 1898/1785/1872 1901/1788/1875 1900/1787/1874
f 1886/1773/1860 1902/1789/1876 1889/1776/1863
f 1895/1782/1869 1889/1776/1863 1902/1789/1876
f 1903/1790/1877 1896/1783/1870 1895/1782/1869
f 1896/1783/1870 1903/1790/1877 1904/1791/1878
f 1894/1781/1868 1905/1792/1879 1886/1773/1860
f 1905/1792/1879 1894/1781/1868 1899/1786/1873
f 1897/1784/1871 1906/1793/1880 1899/1786/1873
f 1906/1793/1880 1897/1784/1871 1900/1787/1874
f 1907/1794/1881 1895/1782/1869 1902/1789/1876
f 1895/1782/1869 1907/1794/1881 1903/1790/1877
f 1908/1795/1882 1902/1789/1876 1886/1773/1860
f 1905/1792/1879 1908/1795/1882 1886/1773/1860
f 1902/1789/1876 1908/1795/1882 1907/1794/1881
f 1909/1796/1883 1905/1792/1879 1899/1786/1873
f 1899/1786/1873 1906/1793/1880 1909/1796/1883
f 1905/1792/1879 1909/1796/1883 1908/1795/1882
f 1903/1790/1877 1910/1797/1884 1904/1791/1878
f 1911/1798/1885 1904/1791/1878 1910/1797/1884
f 1912/1799/1886 1910/1797/1884 1903/1790/1877
f 1907/1794/1881 1912/1799/1886 1903/1790/1877
f 1913/1800/1887 1911/1798/1885 1910/1797/1884
f 1910/1797/1884 1912/1799/1886 1913/1800/1887
f 1911/1798/1885 1913/1800/1887 1914/1801/1888
f 1913/1800/1887 1915/1802/1889 1914/1801/1888
f 1916/1803/1890 1915/1802/1889 1913/1800/1887
f 1912/1799/1886 1916/1803/1890 1913/1800/1887
f 1912/1799/1886 1917/1804/1891 1916/1803/1890
f 1917/1804/1891 1912/1799/1886 1907/1794/1881
f 1917/1804/1891 1918/1805/1892 1916/1803/1890
f 1919/1806/1893 1918/1805/1892 1917/1804/1891
f 1908/1795/1882 1920/1807/1894 1907/1794/1881
f 1920/1807/1894 1917/1804/1891 1907/1794/1881
f 1921/1808/1895 1919/1806/1893 1917/1804/1891
f 1921/1808/1895 1917/1804/1891 1920/1807/1894
f 1919/1806/1893 1921/1808/1895 1922/1809/1896
f 1920/1807/1894 1908/1795/1882 1923/1810/1897
f 1909/1796/1883 1923/1810/1897 1908/1795/1882
f 1921/1808/1895 1924/1811/1898 1922/1809/1896
f 1925/1812/1899 1922/1809/1896 1924/1811/1898
f 1926/1813/1900 1921/1808/1895 1920/1807/1894
f 1926/1813/1900 1920/1807/1894 1923/1810/1897
f 1924/1811/1898 1921/1808/1895 1926/1813/1900
f 1909/1796/1883 1927/1814/1901 1923/1810/1897
f 1906/1793/1880 1927/1814/1901 1909/1796/1883
f 1923/1810/1897 1928/1815/1902 1926/1813/1900
f 1927/1814/1901 1928/1815/1902 1923/1810/1897
f 1927/1814/1901 1906/1793/1880 1929/1816/1903
f 1929/1816/1903 1906/1793/1880 1900/1787/1874
f 1930/1817/1904 1925/1812/1899 1924/1811/1898
f 1925/1812/1899 1930/1817/1904 1931/1818/1905
f 1932/1819/1906 1924/1811/1898 1926/1813/1900
f 1928/1815/1902 1932/1819/1906 1926/1813/1900
f 1924/1811/1898 1932/1819/1906 1933/1820/1907
f 1930/1817/1904 1924/1811/1898 1933/1820/1907
f 1933/1820/1907 1932/1819/1906 1928/1815/1902
f 1927/1814/1901 1934/1821/1908 1928/1815/1902
f 1934/1821/1908 1927/1814/1901 1929/1816/1903
f 1900/1787/1874 1935/1822/1909 1929/1816/1903
f 1901/1788/1875 1935/1822/1909 1900/1787/1874
f 1930/1817/1904 1936/1823/1910 1931/1818/1905
f 1937/1824/1911 1931/1818/1905 1936/1823/1910
f 1933/1820/1907 1938/1825/1912 1930/1817/1904
f 1938/1825/1912 1936/1823/1910 1930/1817/1904
f 1939/1826/1913 1933/1820/1907 1928/1815/1902
f 1934/1821/1908 1939/1826/1913 1928/1815/1902
f 1939/1826/1913 1940/1827/1914 1933/1820/1907
f 1940/1827/1914 1938/1825/1912 1933/1820/1907
f 1940/1827/1914 1939/1826/1913 1934/1821/1908
f 1929/1816/1903 1941/1828/1915 1934/1821/1908
f 1935/1822/1909 1941/1828/1915 1929/1816/1903
f 1942/1829/1916 1935/1822/1909 1901/1788/1875
f 1943/1830/1917 1942/1829/1916 1901/1788/1875
f 1944/1831/1918 1937/1824/1911 1936/1823/1910
f 1937/1824/1911 1944/1831/1918 1945/1832/1919
f 1936/1823/1910 1938/1825/1912 1946/1833/1920
f 1946/1833/1920 1938/1825/1912 1940/1827/1914
f 1944/1831/1918 1936/1823/1910 1946/1833/1920
f 1947/1834/1921 1940/1827/1914 1934/1821/1908
f 1941/1828/1915 1947/1834/1921 1934/1821/1908
f 1948/1835/1922 1941/1828/1915 1935/1822/1909
f 1942/1829/1916 1948/1835/1922 1935/1822/1909
f 1949/1836/1923 1942/1829/1916 1943/1830/1917
f 1950/1837/1924 1949/1836/1923 1943/1830/1917
f 1944/1831/1918 1951/1838/1925 1945/1832/1919
f 1945/1832/1919 1951/1838/1925 1952/1839/1926
f 1953/1840/1927 1946/1833/1920 1940/1827/1914
f 1953/1840/1927 1940/1827/1914 1947/1834/1921
f 1954/1841/1928 1947/1834/1921 1941/1828/1915
f 1948/1835/1922 1954/1841/1928 1941/1828/1915
f 1954/1841/1928 1953/1840/1927 1947/1834/1921
f 1948/1835/1922 1942/1829/1916 1955/1842/1929
f 1954/1841/1928 1948/1835/1922 1955/1842/1929
f 1942/1829/1916 1949/1836/1923 1955/1842/1929
f 1946/1833/1920 1956/1843/1930 1944/1831/1918
f 1946/1833/1920 1953/1840/1927 1956/1843/1930
f 1956/1843/1930 1953/1840/1927 1954/1841/1928
f 1956/1843/1930 1951/1838/1925 1944/1831/1918
f 1955/1842/1929 1956/1843/1930 1954/1841/1928
f 1949/1836/1923 1950/1837/1924 1957/1844/1931
f 1950/1837/1924 1958/1845/1932 1957/1844/1931
f 1956/1843/1930 1959/1846/1933 1951/1838/1925
f 1956/1843/1930 1955/1842/1929 1959/1846/1933
f 1955/1842/1929 1949/1836/1923 1960/1847/1934
f 1949/1836/1923 1957/1844/1931 1960/1847/1934
f 1955/1842/1929 1960/1847/1934 1959/1846/1933
f 1957/1844/1931 1958/1845/1932 1961/1848/1935
f 1958/1845/1932 1962/1849/1936 1961/1848/1935
f 1959/1846/1933 1963/1850/1937 1951/1838/1925
f 1951/1838/1925 1963/1850/1937 1952/1839/1926
f 1952/1839/1926 1963/1850/1937 1964/1851/1938
f 1959/1846/1933 1960/1847/1934 1965/1852/1939
f 1963/1850/1937 1959/1846/1933 1965/1852/1939
f 1960/1847/1934 1957/1844/1931 1966/1853/1940
f 1957/1844/1931 1961/1848/1935 1966/1853/1940
f 1960/1847/1934 1966/1853/1940 1965/1852/1939
f 1963/1850/1937 1967/1854/1941 1964/1851/1938
f 1967/1854/1941 1963/1850/1937 1965/1852/1939
f 1964/1851/1938 1967/1854/1941 1968/1855/1942
f 1969/1856/1943 1961/1848/1935 1962/1849/1936
f 1970/1857/1944 1969/1856/1943 1962/1849/1936
f 1966/1853/1940 1961/1848/1935 1971/1858/1945
f 1961/1848/1935 1969/1856/1943 1971/1858/1945
f 1972/1859/1946 1965/1852/1939 1966/1853/1940
f 1965/1852/1939 1972/1859/1946 1967/1854/1941
f 1971/1858/1945 1972/1859/1946 1966/1853/1940
f 1967/1854/1941 1973/1860/1947 1968/1855/1942
f 1972/1859/1946 1973/1860/1947 1967/1854/1941
f 1968/1855/1942 1973/1860/1947 1974/1861/1948
f 1973/1860/1947 1972/1859/1946 1974/1861/1948
f 1975/1862/1949 1968/1855/1942 1974/1861/1948
f 1976/1863/1950 1975/1862/1949 1974/1861/1948
f 1969/1856/1943 1970/1857/1944 1977/1864/1951
f 1970/1857/1944 1978/1865/1952 1977/1864/1951
f 1972/1859/1946 1971/1858/1945 1979/1866/1953
f 1972/1859/1946 1979/1866/1953 1974/1861/1948
f 1980/1867/1954 1976/1863/1950 1974/1861/1948
f 1974/1861/1948 1979/1866/1953 1980/1867/1954
f 1976/1863/1950 1980/1867/1954 1981/1868/1955
f 1971/1858/1945 1969/1856/1943 1982/1869/1956
f 1971/1858/1945 1982/1869/1956 1979/1866/1953
f 1969/1856/1943 1977/1864/1951 1982/1869/1956
f 1977/1864/1951 1978/1865/1952 1983/1870/1957
f 1978/1865/1952 1984/1871/1958 1983/1870/1957
f 1980/1867/1954 1985/1872/1959 1981/1868/1955
f 1986/1873/1960 1981/1868/1955 1985/1872/1959
f 1979/1866/1953 1987/1874/1961 1980/1867/1954
f 1979/1866/1953 1982/1869/1956 1987/1874/1961
f 1985/1872/1959 1980/1867/1954 1987/1874/1961
f 1982/1869/1956 1977/1864/1951 1988/1875/1962
f 1982/1869/1956 1988/1875/1962 1987/1874/1961
f 1977/1864/1951 1983/1870/1957 1988/1875/1962
f 1989/1876/1963 1983/1870/1957 1984/1871/1958
f 1990/1877/1964 1989/1876/1963 1984/1871/1958
f 1991/1878/1965 1986/1873/1960 1985/1872/1959
f 1986/1873/1960 1991/1878/1965 1992/1879/1966
f 1993/1880/1967 1985/1872/1959 1987/1874/1961
f 1993/1880/1967 1987/1874/1961 1988/1875/1962
f 1991/1878/1965 1985/1872/1959 1993/1880/1967
f 1988/1875/1962 1983/1870/1957 1994/1881/1968
f 1994/1881/1968 1993/1880/1967 1988/1875/1962
f 1983/1870/1957 1989/1876/1963 1994/1881/1968
f 1995/1882/1969 1989/1876/1963 1990/1877/1964
f 1996/1883/1970 1995/1882/1969 1990/1877/1964
f 1991/1878/1965 1997/1884/1971 1992/1879/1966
f 1998/1885/1972 1992/1879/1966 1997/1884/1971
f 1999/1886/1973 1991/1878/1965 1993/1880/1967
f 1999/1886/1973 1993/1880/1967 1994/1881/1968
f 1997/1884/1971 1991/1878/1965 1999/1886/1973
f 1994/1881/1968 1989/1876/1963 2000/1887/1974
f 2000/1887/1974 1999/1886/1973 1994/1881/1968
f 1989/1876/1963 1995/1882/1969 2000/1887/1974
f 2001/1888/1975 1995/1882/1969 1996/1883/1970
f 2002/1889/1976 2001/1888/1975 1996/1883/1970
f 2003/1890/1977 1998/1885/1972 1997/1884/1971
f 1998/1885/1972 2003/1890/1977 2004/1891/1978
f 2005/1892/1979 1997/1884/1971 1999/1886/1973
f 2005/1892/1979 1999/1886/1973 2000/1887/1974
f 2003/1890/1977 1997/1884/1971 2005/1892/1979
f 2000/1887/1974 1995/1882/1969 2006/1893/1980
f 1995/1882/1969 2001/1888/1975 2006/1893/1980
f 2006/1893/1980 2005/1892/1979 2000/1887/1974
f 2007/1894/1981 2001/1888/1975 2002/1889/1976
f 2006/1893/1980 2001/1888/1975 2007/1894/1981
f 2008/1895/1982 2007/1894/1981 2002/1889/1976
f 2005/1892/1979 2006/1893/1980 2009/1896/1983
f 2009/1896/1983 2006/1893/1980 2007/1894/1981
f 2010/1897/1984 2007/1894/1981 2008/1895/1982
f 2009/1896/1983 2007/1894/1981 2010/1897/1984
f 2011/1898/1985 2010/1897/1984 2008/1895/1982
f 2010/1897/1984 2011/1898/1985 2012/1899/1986
f 2013/1900/1987 2005/1892/1979 2009/1896/1983
f 2013/1900/1987 2003/1890/1977 2005/1892/1979
f 2014/1901/1988 2010/1897/1984 2012/1899/1986
f 2012/1899/1986 2015/1902/1989 2014/1901/1988
f 2016/1903/1990 2009/1896/1983 2010/1897/1984
f 2009/1896/1983 2016/1903/1990 2013/1900/1987
f 2016/1903/1990 2010/1897/1984 2014/1901/1988
f 2013/1900/1987 2017/1904/1991 2003/1890/1977
f 2016/1903/1990 2017/1904/1991 2013/1900/1987
f 2015/1902/1989 2018/1905/1992 2014/1901/1988
f 2018/1905/1992 2015/1902/1989 2019/1906/1993
f 2020/1907/1994 2016/1903/1990 2014/1901/1988
f 2017/1904/1991 2016/1903/1990 2020/1907/1994
f 2020/1907/1994 2014/1901/1988 2018/1905/1992
f 2017/1904/1991 2021/1908/1995 2003/1890/1977
f 2003/1890/1977 2021/1908/1995 2004/1891/1978
f 2022/1909/1996 2004/1891/1978 2021/1908/1995
f 2023/1910/1997 2017/1904/1991 2020/1907/1994
f 2021/1908/1995 2017/1904/1991 2023/1910/1997
f 2024/1911/1998 2022/1909/1996 2021/1908/1995
f 2024/1911/1998 2021/1908/1995 2023/1910/1997
f 2022/1909/1996 2024/1911/1998 2025/1912/1999
f 2020/1907/1994 2026/1913/2000 2023/1910/1997
f 2026/1913/2000 2020/1907/1994 2018/1905/1992
f 2024/1911/1998 2027/1914/2001 2025/1912/1999
f 2028/1915/2002 2025/1912/1999 2027/1914/2001
f 2023/1910/1997 2029/1916/2003 2024/1911/1998
f 2026/1913/2000 2029/1916/2003 2023/1910/1997
f 2029/1916/2003 2027/1914/2001 2024/1911/1998
f 2030/1917/2004 2028/1915/2002 2027/1914/2001
f 2028/1915/2002 2030/1917/2004 2031/1918/2005
f 2027/1914/2001 2029/1916/2003 2032/1919/2006
f 2030/1917/2004 2027/1914/2001 2032/1919/2006
f 2029/1916/2003 2026/1913/2000 2033/1920/2007
f 2032/1919/2006 2029/1916/2003 2033/1920/2007
f 2018/1905/1992 2034/1921/2008 2026/1913/2000
f 2033/1920/2007 2026/1913/2000 2034/1921/2008
f 2030/1917/2004 2035/1922/2009 2031/1918/2005
f 2036/1923/2010 2031/1918/2005 2035/1922/2009
f 2032/1919/2006 2037/1924/2011 2030/1917/2004
f 2037/1924/2011 2035/1922/2009 2030/1917/2004
f 2034/1921/2008 2018/1905/1992 2038/1925/2012
f 2038/1925/2012 2018/1905/1992 2019/1906/1993
f 2039/1926/2013 2036/1923/2010 2035/1922/2009
f 2036/1923/2010 2039/1926/2013 2040/1927/2014
f 2041/1928/2015 2034/1921/2008 2038/1925/2012
f 2041/1928/2015 2033/1920/2007 2034/1921/2008
f 2042/1929/2016 2038/1925/2012 2019/1906/1993
f 2038/1925/2012 2042/1929/2016 2041/1928/2015
f 2043/1930/2017 2042/1929/2016 2019/1906/1993
f 2033/1920/2007 2044/1931/2018 2032/1919/2006
f 2044/1931/2018 2037/1924/2011 2032/1919/2006
f 2033/1920/2007 2041/1928/2015 2045/1932/2019
f 2042/1929/2016 2045/1932/2019 2041/1928/2015
f 2044/1931/2018 2033/1920/2007 2045/1932/2019
f 2046/1933/2020 2042/1929/2016 2043/1930/2017
f 2045/1932/2019 2042/1929/2016 2046/1933/2020
f 2047/1934/2021 2046/1933/2020 2043/1930/2017
f 2039/1926/2013 2048/1935/2022 2040/1927/2014
f 2049/1936/2023 2040/1927/2014 2048/1935/2022
f 2044/1931/2018 2045/1932/2019 2050/1937/2024
f 2050/1937/2024 2045/1932/2019 2046/1933/2020
f 2051/1938/2025 2046/1933/2020 2047/1934/2021
f 2046/1933/2020 2051/1938/2025 2050/1937/2024
f 2052/1939/2026 2051/1938/2025 2047/1934/2021
f 2051/1938/2025 2052/1939/2026 2053/1940/2027
f 2052/1939/2026 2054/1941/2028 2053/1940/2027
f 2055/1942/2029 2053/1940/2027 2054/1941/2028
f 2056/1943/2030 2044/1931/2018 2050/1937/2024
f 2037/1924/2011 2044/1931/2018 2056/1943/2030
f 2050/1937/2024 2057/1944/2031 2056/1943/2030
f 2058/1945/2032 2055/1942/2029 2054/1941/2028
f 2059/1946/2033 2058/1945/2032 2054/1941/2028
f 2055/1942/2029 2058/1945/2032 2060/1947/2034
f 2061/1948/2035 2037/1924/2011 2056/1943/2030
f 2056/1943/2030 2057/1944/2031 2061/1948/2035
f 2035/1922/2009 2037/1924/2011 2061/1948/2035
f 2039/1926/2013 2035/1922/2009 2061/1948/2035
f 2039/1926/2013 2061/1948/2035 2048/1935/2022
f 2057/1944/2031 2062/1949/2036 2061/1948/2035
f 2061/1948/2035 2062/1949/2036 2048/1935/2022
f 2057/1944/2031 2063/1950/2037 2062/1949/2036
f 2064/1951/2038 2063/1950/2037 2060/1947/2034
f 2062/1949/2036 2063/1950/2037 2064/1951/2038
f 2048/1935/2022 2062/1949/2036 2064/1951/2038
f 2060/1947/2034 2058/1945/2032 2064/1951/2038
f 2065/1952/2039 2058/1945/2032 2059/1946/2033
f 2066/1953/2040 2065/1952/2039 2059/1946/2033
f 2067/1954/2041 2048/1935/2022 2064/1951/2038
f 2067/1954/2041 2049/1936/2023 2048/1935/2022
f 2058/1945/2032 2068/1955/2042 2064/1951/2038
f 2067/1954/2041 2064/1951/2038 2068/1955/2042
f 2068/1955/2042 2058/1945/2032 2065/1952/2039
f 2049/1936/2023 2067/1954/2041 2069/1956/2043
f 2069/1956/2043 2067/1954/2041 2068/1955/2042
f 2070/1957/2044 2049/1936/2023 2069/1956/2043
f 2071/1958/2045 2065/1952/2039 2066/1953/2040
f 2072/1959/2046 2071/1958/2045 2066/1953/2040
f 2073/1960/2047 2068/1955/2042 2065/1952/2039
f 2069/1956/2043 2068/1955/2042 2073/1960/2047
f 2070/1957/2044 2069/1956/2043 2074/1961/2048
f 2075/1962/2049 2070/1957/2044 2074/1961/2048
f 2069/1956/2043 2076/1963/2050 2074/1961/2048
f 2076/1963/2050 2069/1956/2043 2073/1960/2047
f 2075/1962/2049 2074/1961/2048 2077/1964/2051
f 2078/1965/2052 2075/1962/2049 2077/1964/2051
f 2077/1964/2051 2079/1966/2053 2078/1965/2052
f 2079/1966/2053 2080/1967/2054 2078/1965/2052
f 2080/1967/2054 2079/1966/2053 2081/1968/2055
f 2079/1966/2053 2082/1969/2056 2081/1968/2055
f 2083/1970/2057 2076/1963/2050 2073/1960/2047
f 2084/1971/2058 2073/1960/2047 2065/1952/2039
f 2084/1971/2058 2083/1970/2057 2073/1960/2047
f 2071/1958/2045 2084/1971/2058 2065/1952/2039
f 2081/1968/2055 2082/1969/2056 2085/1972/2059
f 2082/1969/2056 2083/1970/2057 2085/1972/2059
f 2083/1970/2057 2084/1971/2058 2085/1972/2059
f 2086/1973/2060 2081/1968/2055 2085/1972/2059
f 2086/1973/2060 2085/1972/2059 2087/1974/2061
f 2084/1971/2058 2071/1958/2045 2088/1975/2062
f 2085/1972/2059 2084/1971/2058 2088/1975/2062
f 2085/1972/2059 2088/1975/2062 2087/1974/2061
f 2088/1975/2062 2071/1958/2045 2072/1959/2046
f 2087/1974/2061 2088/1975/2062 2072/1959/2046
f 2091/1976/2063 2090/1977/2064 2089/1978/2065
f 2091/1976/2063 2089/1978/2065 2092/1979/2066
f 2093/1980/2067 2091/1976/2063 2092/1979/2066
f 2093/1980/2067 2092/1979/2066 2094/1981/2068
f 2089/1978/2065 2095/1982/2069 2092/1979/2066
f 2095/1982/2069 2089/1978/2065 2096/1977/2070
f 2092/1979/2066 2097/1983/2071 2094/1981/2068
f 2094/1981/2068 2097/1983/2071 2098/1984/2072
f 2095/1982/2069 2099/1985/2073 2092/1979/2066
f 2092/1979/2066 2099/1985/2073 2097/1983/2071
f 2097/1983/2071 2100/1986/2074 2098/1984/2072
f 2098/1984/2072 2100/1986/2074 2101/1987/2075
f 2099/1985/2073 2102/1988/2076 2097/1983/2071
f 2100/1986/2074 2097/1983/2071 2102/1988/2076
f 2103/1989/2077 2099/1985/2073 2095/1982/2069
f 2099/1985/2073 2103/1989/2077 2102/1988/2076
f 2100/1986/2074 2104/1990/2078 2101/1987/2075
f 2101/1987/2075 2104/1990/2078 2105/1991/2079
f 2095/1982/2069 2096/1977/2070 2106/1992/2080
f 2095/1982/2069 2106/1992/2080 2103/1989/2077
f 2107/1993/2081 2100/1986/2074 2102/1988/2076
f 2100/1986/2074 2107/1993/2081 2104/1990/2078
f 2104/1990/2078 2108/1994/2082 2105/1991/2079
f 2105/1991/2079 2108/1994/2082 2109/1995/2083
f 2107/1993/2081 2110/1996/2084 2104/1990/2078
f 2108/1994/2082 2104/1990/2078 2110/1996/2084
f 2111/1997/2085 2107/1993/2081 2102/1988/2076
f 2107/1993/2081 2111/1997/2085 2110/1996/2084
f 2103/1989/2077 2112/1998/2086 2102/1988/2076
f 2112/1998/2086 2111/1997/2085 2102/1988/2076
f 2106/1992/2080 2113/1999/2087 2103/1989/2077
f 2103/1989/2077 2113/1999/2087 2112/1998/2086
f 2114/2000/2088 2106/1992/2080 2096/1977/2070
f 2106/1992/2080 2114/2000/2088 2113/1999/2087
f 2108/1994/2082 2115/2001/2089 2109/1995/2083
f 2109/1995/2083 2115/2001/2089 2116/2002/2090
f 2117/2003/2091 2108/1994/2082 2110/1996/2084
f 2115/2001/2089 2108/1994/2082 2117/2003/2091
f 2115/2001/2089 2118/2004/2092 2116/2002/2090
f 2116/2002/2090 2118/2004/2092 2119/2005/2093
f 2111/1997/2085 2120/2006/2094 2110/1996/2084
f 2110/1996/2084 2120/2006/2094 2117/2003/2091
f 2121/2007/2095 2115/2001/2089 2117/2003/2091
f 2118/2004/2092 2115/2001/2089 2121/2007/2095
f 2118/2004/2092 2122/2008/2096 2119/2005/2093
f 2119/2005/2093 2122/2008/2096 2123/2009/2097
f 2120/2006/2094 2124/2010/2098 2117/2003/2091
f 2117/2003/2091 2124/2010/2098 2121/2007/2095
f 2125/2011/2099 2118/2004/2092 2121/2007/2095
f 2122/2008/2096 2118/2004/2092 2125/2011/2099
f 2122/2008/2096 2126/2012/2100 2123/2009/2097
f 2123/2009/2097 2126/2012/2100 2127/2013/2101
f 2126/2012/2100 2128/2014/2102 2127/2013/2101
f 2129/2015/2103 2128/2014/2102 2126/2012/2100
f 2126/2012/2100 2122/2008/2096 2130/2016/2104
f 2130/2016/2104 2122/2008/2096 2125/2011/2099
f 2131/2017/2105 2129/2015/2103 2126/2012/2100
f 2131/2017/2105 2126/2012/2100 2130/2016/2104
f 2129/2015/2103 2131/2017/2105 2132/2018/2106
f 2121/2007/2095 2133/2019/2107 2125/2011/2099
f 2124/2010/2098 2133/2019/2107 2121/2007/2095
f 2125/2011/2099 2134/2020/2108 2130/2016/2104
f 2133/2019/2107 2134/2020/2108 2125/2011/2099
f 2131/2017/2105 2135/2021/2109 2132/2018/2106
f 2135/2021/2109 2136/2022/2110 2132/2018/2106
f 2136/2022/2110 2135/2021/2109 2137/2023/2111
f 2130/2016/2104 2138/2024/2112 2131/2017/2105
f 2138/2024/2112 2135/2021/2109 2131/2017/2105
f 2134/2020/2108 2138/2024/2112 2130/2016/2104
f 2135/2021/2109 2139/2025/2113 2137/2023/2111
f 2139/2025/2113 2135/2021/2109 2138/2024/2112
f 2140/2026/2114 2137/2023/2111 2139/2025/2113
f 2133/2019/2107 2124/2010/2098 2141/2027/2115
f 2133/2019/2107 2141/2027/2115 2134/2020/2108
f 2142/2028/2116 2139/2025/2113 2138/2024/2112
f 2142/2028/2116 2138/2024/2112 2134/2020/2108
f 2143/2029/2117 2140/2026/2114 2139/2025/2113
f 2143/2029/2117 2139/2025/2113 2142/2028/2116
f 2144/2030/2118 2140/2026/2114 2143/2029/2117
f 2145/2031/2119 2142/2028/2116 2134/2020/2108
f 2141/2027/2115 2145/2031/2119 2134/2020/2108
f 2146/2032/2120 2143/2029/2117 2142/2028/2116
f 2146/2032/2120 2142/2028/2116 2145/2031/2119
f 2147/2033/2121 2144/2030/2118 2143/2029/2117
f 2147/2033/2121 2143/2029/2117 2146/2032/2120
f 2144/2030/2118 2147/2033/2121 2148/2034/2122
f 2147/2033/2121 2149/2035/2123 2148/2034/2122
f 2149/2035/2123 2150/2036/2124 2148/2034/2122
f 2151/2037/2125 2150/2036/2124 2149/2035/2123
f 2152/2038/2126 2151/2037/2125 2149/2035/2123
f 2153/2039/2093 2152/2038/2126 2149/2035/2123
f 2154/2040/2127 2146/2032/2120 2145/2031/2119
f 2154/2040/2127 2145/2031/2119 2141/2027/2115
f 2155/2041/2128 2147/2033/2121 2146/2032/2120
f 2147/2033/2121 2155/2041/2128 2149/2035/2123
f 2155/2041/2128 2146/2032/2120 2154/2040/2127
f 2156/2042/2129 2153/2039/2093 2149/2035/2123
f 2155/2041/2128 2156/2042/2129 2149/2035/2123
f 2157/2043/2090 2153/2039/2093 2156/2042/2129
f 2158/2044/2130 2155/2041/2128 2154/2040/2127
f 2155/2041/2128 2158/2044/2130 2156/2042/2129
f 2159/2045/2131 2157/2043/2090 2156/2042/2129
f 2158/2044/2130 2159/2045/2131 2156/2042/2129
f 2160/2046/2083 2157/2043/2090 2159/2045/2131
f 2161/2047/2132 2154/2040/2127 2141/2027/2115
f 2158/2044/2130 2154/2040/2127 2161/2047/2132
f 2162/2048/2133 2160/2046/2083 2159/2045/2131
f 2163/2049/2134 2160/2046/2083 2162/2048/2133
f 2158/2044/2130 2164/2050/2135 2159/2045/2131
f 2164/2050/2135 2158/2044/2130 2161/2047/2132
f 2164/2050/2135 2162/2048/2133 2159/2045/2131
f 2161/2047/2132 2141/2027/2115 2165/2051/2136
f 2124/2010/2098 2165/2051/2136 2141/2027/2115
f 2165/2051/2136 2124/2010/2098 2120/2006/2094
f 2166/2052/2137 2163/2049/2134 2162/2048/2133
f 2167/2053/2075 2163/2049/2134 2166/2052/2137
f 2164/2050/2135 2168/2054/2138 2162/2048/2133
f 2168/2054/2138 2166/2052/2137 2162/2048/2133
f 2164/2050/2135 2161/2047/2132 2169/2055/2139
f 2169/2055/2139 2161/2047/2132 2165/2051/2136
f 2168/2054/2138 2164/2050/2135 2169/2055/2139
f 2170/2056/2140 2165/2051/2136 2120/2006/2094
f 2169/2055/2139 2165/2051/2136 2170/2056/2140
f 2170/2056/2140 2120/2006/2094 2111/1997/2085
f 2171/2057/2141 2167/2053/2075 2166/2052/2137
f 2172/2058/2072 2167/2053/2075 2171/2057/2141
f 2168/2054/2138 2169/2055/2139 2173/2059/2142
f 2173/2059/2142 2169/2055/2139 2170/2056/2140
f 2174/2060/2143 2170/2056/2140 2111/1997/2085
f 2173/2059/2142 2170/2056/2140 2174/2060/2143
f 2111/1997/2085 2112/1998/2086 2174/2060/2143
f 2168/2054/2138 2175/2061/2144 2166/2052/2137
f 2175/2061/2144 2168/2054/2138 2173/2059/2142
f 2175/2061/2144 2171/2057/2141 2166/2052/2137
f 2176/2062/2145 2172/2058/2072 2171/2057/2141
f 2177/2063/2146 2172/2058/2072 2176/2062/2145
f 2178/2064/2147 2173/2059/2142 2174/2060/2143
f 2175/2061/2144 2173/2059/2142 2178/2064/2147
f 2112/1998/2086 2179/2065/2148 2174/2060/2143
f 2178/2064/2147 2174/2060/2143 2179/2065/2148
f 2113/1999/2087 2179/2065/2148 2112/1998/2086
f 2175/2061/2144 2180/2066/2149 2171/2057/2141
f 2180/2066/2149 2176/2062/2145 2171/2057/2141
f 2180/2066/2149 2175/2061/2144 2178/2064/2147
f 2181/2067/2150 2178/2064/2147 2179/2065/2148
f 2179/2065/2148 2113/1999/2087 2181/2067/2150
f 2180/2066/2149 2178/2064/2147 2181/2067/2150
f 2182/2068/2151 2177/2063/2146 2176/2062/2145
f 2182/2068/2151 2176/2062/2145 2180/2066/2149
f 2113/1999/2087 2183/2069/2152 2181/2067/2150
f 2114/2000/2088 2183/2069/2152 2113/1999/2087
f 2184/2070/2153 2180/2066/2149 2181/2067/2150
f 2181/2067/2150 2183/2069/2152 2184/2070/2153
f 2184/2070/2153 2182/2068/2151 2180/2066/2149
f 2183/2069/2152 2185/2071/2154 2184/2070/2153
f 2182/2068/2151 2184/2070/2153 2185/2071/2154
f 2183/2069/2152 2114/2000/2088 2185/2071/2154
f 2182/2068/2151 2186/2072/2155 2177/2063/2146
f 2186/2072/2155 2182/2068/2151 2185/2071/2154
f 2186/2072/2155 2185/2071/2154 2114/2000/2088
f 2186/2072/2155 2187/2073/2067 2177/2063/2146
f 2188/2074/2156 2186/2072/2155 2114/2000/2088
f 2187/2073/2067 2186/2072/2155 2188/2074/2156
f 2114/2000/2088 2096/1977/2070 2188/2074/2156
f 2189/2075/2063 2187/2073/2067 2188/2074/2156
f 2189/2075/2063 2188/2074/2156 2096/1977/2070
f 2192/2076/2157 2191/2077/2158 2190/2078/2159
f 2193/2079/2160 2192/2076/2157 2190/2078/2159
f 2193/2079/2160 2190/2078/2159 2194/2080/2161
f 2193/2079/2160 2195/2081/2162 2192/2076/2157
f 2195/2081/2162 2196/2082/2163 2192/2076/2157
f 2193/2079/2160 2197/2080/2161 2195/2081/2162
f 2199/2083/2164 2196/2082/2163 2195/2081/2162
f 2197/2080/2161 2200/2084/2165 2195/2081/2162
f 2200/2084/2165 2199/2083/2164 2195/2081/2162
f 2199/2083/2164 2200/2084/2165 2201/2085/2166
f 2200/2084/2165 2202/2086/2167 2201/2085/2166
f 2200/2084/2165 2203/2080/2168 2202/2086/2167
f 2198/2080/2168 2204/2087/2169 2202/2086/2167
f 2202/2086/2167 2204/2087/2169 2201/2085/2166
f 2204/2087/2169 2205/2088/2170 2201/2085/2166
f 2204/2087/2169 2206/2089/2171 2205/2088/2170
f 2206/2089/2171 2207/2090/2172 2205/2088/2170
f 2208/2080/2168 2206/2089/2171 2204/2087/2169
f 2211/2091/2164 2210/2092/2173 2209/2093/2174
f 2212/2094/2175 2211/2091/2164 2209/2093/2174
f 2209/2093/2174 2213/2095/2176 2212/2094/2175
f 2212/2094/2175 2214/2096/2177 2211/2091/2164
f 2214/2096/2177 2215/2097/2178 2211/2091/2164
f 2213/2095/2176 2216/2098/2179 2212/2094/2175
f 2212/2094/2175 2216/2098/2179 2214/2096/2177
f 2213/2095/2176 2217/2099/2180 2216/2098/2179
f 2217/2099/2180 2218/2100/2181 2216/2098/2179
f 2216/2098/2179 2218/2100/2181 2214/2096/2177
f 2218/2100/2181 2217/2099/2180 2219/2101/2182
f 2218/2100/2181 2219/2101/2182 2214/2096/2177
f 2217/2099/2180 2220/2102/2183 2219/2101/2182
f 2215/2097/2178 2214/2096/2177 2221/2103/2184
f 2219/2101/2182 2221/2103/2184 2214/2096/2177
f 2222/2104/2185 2215/2097/2178 2221/2103/2184
f 2219/2101/2182 2220/2102/2183 2223/2105/2186
f 2221/2103/2184 2219/2101/2182 2223/2105/2186
f 2220/2102/2183 2224/2106/2187 2223/2105/2186
f 2224/2106/2187 2225/2107/2188 2223/2105/2186
f 2226/2108/2189 2221/2103/2184 2223/2105/2186
f 2222/2104/2185 2221/2103/2184 2226/2108/2189
f 2225/2107/2188 2227/2109/2190 2223/2105/2186
f 2223/2105/2186 2227/2109/2190 2226/2108/2189
f 2225/2107/2188 2228/2110/2191 2227/2109/2190
f 2228/2110/2191 2229/2111/2192 2227/2109/2190
f 2228/2110/2191 2230/2112/2193 2229/2111/2192
f 2227/2109/2190 2231/2113/2194 2226/2108/2189
f 2231/2113/2194 2227/2109/2190 2229/2111/2192
f 2232/2114/2195 2222/2104/2185 2226/2108/2189
f 2226/2108/2189 2231/2113/2194 2232/2114/2195
f 2230/2112/2193 2233/2115/2196 2229/2111/2192
f 2230/2112/2193 2234/2116/2197 2233/2115/2196
f 2235/2117/2198 2231/2113/2194 2229/2111/2192
f 2229/2111/2192 2233/2115/2196 2235/2117/2198
f 2234/2116/2197 2236/2118/2199 2233/2115/2196
f 2234/2116/2197 2237/2119/2200 2236/2118/2199
f 2232/2114/2195 2238/2120/2201 2222/2104/2185
f 2238/2120/2201 2239/2121/2202 2222/2104/2185
f 2231/2113/2194 2240/2122/2203 2232/2114/2195
f 2231/2113/2194 2235/2117/2198 2240/2122/2203
f 2233/2115/2196 2241/2123/2204 2235/2117/2198
f 2241/2123/2204 2233/2115/2196 2236/2118/2199
f 2238/2120/2201 2232/2114/2195 2242/2124/2205
f 2232/2114/2195 2240/2122/2203 2242/2124/2205
f 2235/2117/2198 2243/2125/2206 2240/2122/2203
f 2235/2117/2198 2241/2123/2204 2243/2125/2206
f 2240/2122/2203 2243/2125/2206 2244/2126/2207
f 2242/2124/2205 2240/2122/2203 2244/2126/2207
f 2241/2123/2204 2245/2127/2208 2243/2125/2206
f 2243/2125/2206 2245/2127/2208 2244/2126/2207
f 2246/2128/2209 2241/2123/2204 2236/2118/2199
f 2241/2123/2204 2246/2128/2209 2245/2127/2208
f 2236/2118/2199 2247/2129/2210 2246/2128/2209
f 2237/2119/2200 2247/2129/2210 2236/2118/2199
f 2248/2130/2211 2247/2129/2210 2237/2119/2200
f 2249/2131/2212 2248/2130/2211 2237/2119/2200
f 2250/2132/2213 2248/2130/2211 2249/2131/2212
f 2251/2133/2214 2250/2132/2213 2249/2131/2212
f 2252/2134/2215 2250/2132/2213 2251/2133/2214
f 2253/2135/2216 2252/2134/2215 2251/2133/2214
f 2252/2134/2215 2253/2135/2216 2254/2136/2217
f 2253/2135/2216 2255/2137/2218 2254/2136/2217
f 2256/2138/2219 2254/2136/2217 2255/2137/2218
f 2257/2139/2220 2250/2132/2213 2252/2134/2215
f 2252/2134/2215 2254/2136/2217 2257/2139/2220
f 2250/2132/2213 2258/2140/2221 2248/2130/2211
f 2258/2140/2221 2250/2132/2213 2257/2139/2220
f 2247/2129/2210 2248/2130/2211 2259/2141/2222
f 2258/2140/2221 2259/2141/2222 2248/2130/2211
f 2247/2129/2210 2260/2142/2223 2246/2128/2209
f 2260/2142/2223 2247/2129/2210 2259/2141/2222
f 2254/2136/2217 2256/2138/2219 2261/2143/2224
f 2254/2136/2217 2261/2143/2224 2257/2139/2220
f 2256/2138/2219 2262/2144/2225 2261/2143/2224
f 2262/2144/2225 2256/2138/2219 2263/2145/2226
f 2257/2139/2220 2261/2143/2224 2264/2146/2227
f 2264/2146/2227 2258/2140/2221 2257/2139/2220
f 2261/2143/2224 2262/2144/2225 2264/2146/2227
f 2259/2141/2222 2258/2140/2221 2265/2147/2228
f 2265/2147/2228 2260/2142/2223 2259/2141/2222
f 2246/2128/2209 2260/2142/2223 2266/2148/2229
f 2246/2128/2209 2266/2148/2229 2245/2127/2208
f 2258/2140/2221 2264/2146/2227 2267/2149/2230
f 2258/2140/2221 2267/2149/2230 2265/2147/2228
f 2260/2142/2223 2265/2147/2228 2268/2150/2231
f 2260/2142/2223 2268/2150/2231 2266/2148/2229
f 2245/2127/2208 2266/2148/2229 2269/2151/2232
f 2245/2127/2208 2269/2151/2232 2244/2126/2207
f 2264/2146/2227 2262/2144/2225 2270/2152/2233
f 2264/2146/2227 2270/2152/2233 2267/2149/2230
f 2265/2147/2228 2267/2149/2230 2271/2153/2234
f 2265/2147/2228 2271/2153/2234 2268/2150/2231
f 2266/2148/2229 2268/2150/2231 2272/2154/2235
f 2266/2148/2229 2272/2154/2235 2269/2151/2232
f 2273/2155/2236 2267/2149/2230 2270/2152/2233
f 2267/2149/2230 2273/2155/2236 2271/2153/2234
f 2268/2150/2231 2271/2153/2234 2274/2156/2237
f 2268/2150/2231 2274/2156/2237 2272/2154/2235
f 2271/2153/2234 2273/2155/2236 2275/2157/2238
f 2271/2153/2234 2275/2157/2238 2274/2156/2237
f 2244/2126/2207 2269/2151/2232 2276/2158/2239
f 2269/2151/2232 2272/2154/2235 2277/2159/2240
f 2276/2158/2239 2269/2151/2232 2277/2159/2240
f 2272/2154/2235 2274/2156/2237 2278/2160/2241
f 2277/2159/2240 2272/2154/2235 2278/2160/2241
f 2274/2156/2237 2275/2157/2238 2279/2161/2242
f 2278/2160/2241 2274/2156/2237 2279/2161/2242
f 2273/2155/2236 2280/2162/2243 2275/2157/2238
f 2275/2157/2238 2280/2162/2243 2279/2161/2242
f 2281/2163/2244 2273/2155/2236 2270/2152/2233
f 2273/2155/2236 2281/2163/2244 2280/2162/2243
f 2282/2164/2245 2244/2126/2207 2276/2158/2239
f 2242/2124/2205 2244/2126/2207 2282/2164/2245
f 2270/2152/2233 2283/2165/2246 2281/2163/2244
f 2262/2144/2225 2283/2165/2246 2270/2152/2233
f 2284/2166/2247 2242/2124/2205 2282/2164/2245
f 2238/2120/2201 2242/2124/2205 2284/2166/2247
f 2283/2165/2246 2262/2144/2225 2285/2167/2248
f 2285/2167/2248 2262/2144/2225 2263/2145/2226
f 2263/2145/2226 2286/2168/2249 2285/2167/2248
f 2286/2168/2249 2287/2169/2250 2285/2167/2248
f 2287/2169/2250 2286/2168/2249 2288/2170/2251
f 2289/2171/2252 2238/2120/2201 2284/2166/2247
f 2238/2120/2201 2289/2171/2252 2239/2121/2202
f 2290/2172/2253 2283/2165/2246 2285/2167/2248
f 2285/2167/2248 2287/2169/2250 2290/2172/2253
f 2291/2173/2254 2287/2169/2250 2288/2170/2251
f 2288/2170/2251 2292/2174/2255 2291/2173/2254
f 2287/2169/2250 2293/2175/2256 2290/2172/2253
f 2293/2175/2256 2287/2169/2250 2291/2173/2254
f 2294/2176/2257 2283/2165/2246 2290/2172/2253
f 2290/2172/2253 2293/2175/2256 2294/2176/2257
f 2292/2174/2255 2295/2177/2258 2291/2173/2254
f 2292/2174/2255 2296/2178/2259 2295/2177/2258
f 2296/2178/2259 2297/2179/2260 2295/2177/2258
f 2298/2180/2261 2293/2175/2256 2291/2173/2254
f 2291/2173/2254 2295/2177/2258 2298/2180/2261
f 2295/2177/2258 2297/2179/2260 2299/2181/2262
f 2295/2177/2258 2299/2181/2262 2298/2180/2261
f 2297/2179/2260 2300/2182/2263 2299/2181/2262
f 2301/2183/2264 2293/2175/2256 2298/2180/2261
f 2293/2175/2256 2301/2183/2264 2294/2176/2257
f 2302/2184/2265 2283/2165/2246 2294/2176/2257
f 2283/2165/2246 2302/2184/2265 2281/2163/2244
f 2303/2185/2266 2298/2180/2261 2299/2181/2262
f 2303/2185/2266 2301/2183/2264 2298/2180/2261
f 2299/2181/2262 2300/2182/2263 2304/2186/2267
f 2304/2186/2267 2303/2185/2266 2299/2181/2262
f 2300/2182/2263 2305/2187/2268 2304/2186/2267
f 2294/2176/2257 2301/2183/2264 2306/2188/2269
f 2306/2188/2269 2302/2184/2265 2294/2176/2257
f 2281/2163/2244 2302/2184/2265 2307/2189/2270
f 2281/2163/2244 2307/2189/2270 2280/2162/2243
f 2308/2190/2271 2301/2183/2264 2303/2185/2266
f 2301/2183/2264 2308/2190/2271 2306/2188/2269
f 2303/2185/2266 2304/2186/2267 2309/2191/2272
f 2309/2191/2272 2308/2190/2271 2303/2185/2266
f 2304/2186/2267 2305/2187/2268 2310/2192/2273
f 2304/2186/2267 2310/2192/2273 2309/2191/2272
f 2305/2187/2268 2311/2193/2274 2310/2192/2273
f 2302/2184/2265 2306/2188/2269 2312/2194/2275
f 2302/2184/2265 2312/2194/2275 2307/2189/2270
f 2280/2162/2243 2307/2189/2270 2313/2195/2276
f 2280/2162/2243 2313/2195/2276 2279/2161/2242
f 2306/2188/2269 2308/2190/2271 2314/2196/2277
f 2306/2188/2269 2314/2196/2277 2312/2194/2275
f 2315/2197/2278 2308/2190/2271 2309/2191/2272
f 2308/2190/2271 2315/2197/2278 2314/2196/2277
f 2310/2192/2273 2311/2193/2274 2316/2198/2279
f 2311/2193/2274 2317/2199/2280 2316/2198/2279
f 2316/2198/2279 2317/2199/2280 2318/2200/2281
f 2309/2191/2272 2310/2192/2273 2319/2201/2282
f 2319/2201/2282 2315/2197/2278 2309/2191/2272
f 2310/2192/2273 2316/2198/2279 2319/2201/2282
f 2307/2189/2270 2312/2194/2275 2320/2202/2283
f 2307/2189/2270 2320/2202/2283 2313/2195/2276
f 2312/2194/2275 2314/2196/2277 2321/2203/2284
f 2312/2194/2275 2321/2203/2284 2320/2202/2283
f 2322/2204/2285 2316/2198/2279 2318/2200/2281
f 2318/2200/2281 2323/2205/2286 2322/2204/2285
f 2314/2196/2277 2315/2197/2278 2324/2206/2287
f 2314/2196/2277 2324/2206/2287 2321/2203/2284
f 2325/2207/2288 2315/2197/2278 2319/2201/2282
f 2315/2197/2278 2325/2207/2288 2324/2206/2287
f 2319/2201/2282 2316/2198/2279 2326/2208/2289
f 2316/2198/2279 2322/2204/2285 2326/2208/2289
f 2326/2208/2289 2325/2207/2288 2319/2201/2282
f 2323/2205/2286 2327/2209/2290 2322/2204/2285
f 2322/2204/2285 2327/2209/2290 2326/2208/2289
f 2327/2209/2290 2323/2205/2286 2328/2210/2291
f 2326/2208/2289 2329/2211/2292 2325/2207/2288
f 2327/2209/2290 2329/2211/2292 2326/2208/2289
f 2330/2212/2293 2327/2209/2290 2328/2210/2291
f 2329/2211/2292 2327/2209/2290 2330/2212/2293
f 2330/2212/2293 2328/2210/2291 2331/2213/2294
f 2325/2207/2288 2332/2214/2295 2324/2206/2287
f 2329/2211/2292 2332/2214/2295 2325/2207/2288
f 2321/2203/2284 2324/2206/2287 2333/2215/2296
f 2332/2214/2295 2333/2215/2296 2324/2206/2287
f 2334/2216/2297 2330/2212/2293 2331/2213/2294
f 2331/2213/2294 2335/2217/2298 2334/2216/2297
f 2336/2218/2299 2329/2211/2292 2330/2212/2293
f 2329/2211/2292 2336/2218/2299 2332/2214/2295
f 2330/2212/2293 2334/2216/2297 2336/2218/2299
f 2335/2217/2298 2337/2219/2300 2334/2216/2297
f 2335/2217/2298 2338/2220/2301 2337/2219/2300
f 2338/2220/2301 2339/2221/2302 2337/2219/2300
f 2336/2218/2299 2340/2222/2303 2332/2214/2295
f 2332/2214/2295 2340/2222/2303 2333/2215/2296
f 2334/2216/2297 2341/2223/2304 2336/2218/2299
f 2334/2216/2297 2337/2219/2300 2341/2223/2304
f 2340/2222/2303 2336/2218/2299 2341/2223/2304
f 2337/2219/2300 2339/2221/2302 2342/2224/2305
f 2337/2219/2300 2342/2224/2305 2341/2223/2304
f 2339/2221/2302 2343/2225/2306 2342/2224/2305
f 2344/2226/2307 2340/2222/2303 2341/2223/2304
f 2341/2223/2304 2342/2224/2305 2344/2226/2307
f 2342/2224/2305 2343/2225/2306 2345/2227/2308
f 2342/2224/2305 2345/2227/2308 2344/2226/2307
f 2343/2225/2306 2346/2228/2309 2345/2227/2308
f 2340/2222/2303 2347/2229/2310 2333/2215/2296
f 2347/2229/2310 2340/2222/2303 2344/2226/2307
f 2344/2226/2307 2345/2227/2308 2348/2230/2311
f 2348/2230/2311 2347/2229/2310 2344/2226/2307
f 2345/2227/2308 2346/2228/2309 2349/2231/2312
f 2345/2227/2308 2349/2231/2312 2348/2230/2311
f 2346/2228/2309 2350/2232/2313 2349/2231/2312
f 2347/2229/2310 2351/2233/2314 2333/2215/2296
f 2347/2229/2310 2348/2230/2311 2351/2233/2314
f 2351/2233/2314 2321/2203/2284 2333/2215/2296
f 2320/2202/2283 2321/2203/2284 2351/2233/2314
f 2352/2234/2315 2349/2231/2312 2350/2232/2313
f 2353/2235/2316 2352/2234/2315 2350/2232/2313
f 2348/2230/2311 2349/2231/2312 2354/2236/2317
f 2348/2230/2311 2354/2236/2317 2351/2233/2314
f 2349/2231/2312 2352/2234/2315 2354/2236/2317
f 2355/2237/2318 2320/2202/2283 2351/2233/2314
f 2355/2237/2318 2351/2233/2314 2354/2236/2317
f 2320/2202/2283 2355/2237/2318 2313/2195/2276
f 2356/2238/2319 2352/2234/2315 2353/2235/2316
f 2352/2234/2315 2356/2238/2319 2354/2236/2317
f 2357/2239/2320 2356/2238/2319 2353/2235/2316
f 2355/2237/2318 2358/2240/2321 2313/2195/2276
f 2313/2195/2276 2358/2240/2321 2279/2161/2242
f 2359/2241/2322 2355/2237/2318 2354/2236/2317
f 2359/2241/2322 2354/2236/2317 2356/2238/2319
f 2358/2240/2321 2355/2237/2318 2359/2241/2322
f 2360/2242/2323 2356/2238/2319 2357/2239/2320
f 2360/2242/2323 2359/2241/2322 2356/2238/2319
f 2361/2243/2324 2360/2242/2323 2357/2239/2320
f 2361/2243/2324 2362/2244/2325 2360/2242/2323
f 2363/2245/2326 2359/2241/2322 2360/2242/2323
f 2363/2245/2326 2358/2240/2321 2359/2241/2322
f 2362/2244/2325 2363/2245/2326 2360/2242/2323
f 2358/2240/2321 2364/2246/2327 2279/2161/2242
f 2358/2240/2321 2363/2245/2326 2364/2246/2327
f 2279/2161/2242 2364/2246/2327 2278/2160/2241
f 2363/2245/2326 2362/2244/2325 2365/2247/2328
f 2363/2245/2326 2365/2247/2328 2364/2246/2327
f 2364/2246/2327 2365/2247/2328 2278/2160/2241
f 2362/2244/2325 2366/2248/2329 2365/2247/2328
f 2365/2247/2328 2367/2249/2330 2278/2160/2241
f 2365/2247/2328 2366/2248/2329 2367/2249/2330
f 2366/2248/2329 2368/2250/2331 2367/2249/2330
f 2367/2249/2330 2277/2159/2240 2278/2160/2241
f 2277/2159/2240 2367/2249/2330 2368/2250/2331
f 2369/2251/2332 2277/2159/2240 2368/2250/2331
f 2277/2159/2240 2369/2251/2332 2276/2158/2239
f 2369/2251/2332 2370/2252/2333 2276/2158/2239
f 2276/2158/2239 2370/2252/2333 2282/2164/2245
f 2370/2252/2333 2371/2253/2334 2282/2164/2245
f 2282/2164/2245 2371/2253/2334 2284/2166/2247
f 2371/2253/2334 2372/2254/2335 2284/2166/2247
f 2284/2166/2247 2372/2254/2335 2289/2171/2252
f 2372/2254/2335 2373/2255/2336 2289/2171/2252
f 2289/2171/2252 2373/2255/2336 2374/2256/2337
f 2289/2171/2252 2374/2256/2337 2239/2121/2202
f 2373/2255/2336 2375/2257/2338 2374/2256/2337
f 2239/2121/2202 2374/2256/2337 2376/2258/2339
f 2377/2259/2340 2374/2256/2337 2375/2257/2338
f 2374/2256/2337 2377/2259/2340 2376/2258/2339
f 2378/2260/2180 2377/2259/2340 2375/2257/2338
f 2376/2258/2339 2377/2259/2340 2379/2261/2173
f 2377/2259/2340 2378/2260/2180 2380/2262/2341
f 2377/2259/2340 2381/2263/2342 2379/2261/2173
f 2381/2263/2342 2377/2259/2340 2380/2262/2341
f 2384/2264/2343 2383/2265/2344 2382/2266/2345
f 2383/2265/2344 2385/2267/2346 2382/2266/2345
f 2382/2266/2345 2385/2267/2346 2386/2268/2347
f 2383/2265/2344 2387/2269/2348 2385/2267/2346
f 2385/2267/2346 2388/2270/2349 2386/2268/2347
f 2388/2270/2349 2389/2271/2350 2386/2268/2347
f 2387/2269/2348 2390/2272/2351 2385/2267/2346
f 2387/2269/2348 2391/2273/2352 2390/2272/2351
f 2389/2271/2350 2388/2270/2349 2392/2274/2353
f 2393/2275/2354 2389/2271/2350 2392/2274/2353
f 2388/2270/2349 2385/2267/2346 2394/2276/2355
f 2385/2267/2346 2390/2272/2351 2394/2276/2355
f 2391/2273/2352 2395/2277/2356 2390/2272/2351
f 2391/2273/2352 2396/2278/2357 2395/2277/2356
f 2393/2275/2354 2392/2274/2353 2397/2279/2358
f 2398/2280/2359 2393/2275/2354 2397/2279/2358
f 2392/2274/2353 2388/2270/2349 2399/2281/2360
f 2388/2270/2349 2394/2276/2355 2399/2281/2360
f 2400/2282/2361 2394/2276/2355 2390/2272/2351
f 2395/2277/2356 2400/2282/2361 2390/2272/2351
f 2396/2278/2357 2401/2283/2362 2395/2277/2356
f 2396/2278/2357 2402/2284/2363 2401/2283/2362
f 2397/2279/2358 2403/2285/2364 2398/2280/2359
f 2403/2285/2364 2404/2286/2365 2398/2280/2359
f 2404/2286/2365 2403/2285/2364 2405/2287/2366
f 2397/2279/2358 2392/2274/2353 2406/2288/2367
f 2392/2274/2353 2399/2281/2360 2406/2288/2367
f 2399/2281/2360 2394/2276/2355 2407/2289/2368
f 2394/2276/2355 2400/2282/2361 2407/2289/2368
f 2408/2290/2369 2400/2282/2361 2395/2277/2356
f 2401/2283/2362 2408/2290/2369 2395/2277/2356
f 2402/2284/2363 2409/2291/2370 2401/2283/2362
f 2402/2284/2363 2410/2292/2371 2409/2291/2370
f 2403/2285/2364 2411/2293/2372 2405/2287/2366
f 2411/2293/2372 2412/2294/2373 2405/2287/2366
f 2412/2294/2373 2411/2293/2372 2413/2295/2374
f 2411/2293/2372 2414/2296/2375 2413/2295/2374
f 2413/2295/2374 2414/2296/2375 2415/2297/2376
f 2414/2296/2375 2416/2298/2377 2415/2297/2376
f 2417/2299/2378 2416/2298/2377 2414/2296/2375
f 2418/2300/2379 2411/2293/2372 2403/2285/2364
f 2414/2296/2375 2411/2293/2372 2418/2300/2379
f 2419/2301/2380 2417/2299/2378 2414/2296/2375
f 2419/2301/2380 2414/2296/2375 2418/2300/2379
f 2419/2301/2380 2420/2302/2381 2417/2299/2378
f 2420/2302/2381 2421/2303/2352 2417/2299/2378
f 2410/2292/2371 2422/2304/2382 2409/2291/2370
f 2410/2292/2371 2423/2305/2383 2422/2304/2382
f 2424/2306/2384 2418/2300/2379 2403/2285/2364
f 2424/2306/2384 2403/2285/2364 2397/2279/2358
f 2406/2288/2367 2424/2306/2384 2397/2279/2358
f 2419/2301/2380 2418/2300/2379 2425/2307/2385
f 2420/2302/2381 2419/2301/2380 2425/2307/2385
f 2424/2306/2384 2426/2308/2386 2418/2300/2379
f 2426/2308/2386 2424/2306/2384 2406/2288/2367
f 2426/2308/2386 2425/2307/2385 2418/2300/2379
f 2420/2302/2381 2427/2309/2387 2421/2303/2352
f 2427/2309/2387 2428/2310/2388 2421/2303/2352
f 2429/2311/2389 2426/2308/2386 2406/2288/2367
f 2406/2288/2367 2399/2281/2360 2429/2311/2389
f 2399/2281/2360 2407/2289/2368 2429/2311/2389
f 2426/2308/2386 2430/2312/2390 2425/2307/2385
f 2426/2308/2386 2429/2311/2389 2430/2312/2390
f 2420/2302/2381 2425/2307/2385 2431/2313/2391
f 2427/2309/2387 2420/2302/2381 2431/2313/2391
f 2430/2312/2390 2431/2313/2391 2425/2307/2385
f 2427/2309/2387 2432/2314/2392 2428/2310/2388
f 2432/2314/2392 2433/2315/2363 2428/2310/2388
f 2429/2311/2389 2407/2289/2368 2434/2316/2393
f 2429/2311/2389 2434/2316/2393 2430/2312/2390
f 2430/2312/2390 2435/2317/2394 2431/2313/2391
f 2430/2312/2390 2434/2316/2393 2435/2317/2394
f 2427/2309/2387 2431/2313/2391 2436/2318/2395
f 2432/2314/2392 2427/2309/2387 2436/2318/2395
f 2435/2317/2394 2436/2318/2395 2431/2313/2391
f 2432/2314/2392 2437/2319/2396 2433/2315/2363
f 2437/2319/2396 2438/2320/2397 2433/2315/2363
f 2407/2289/2368 2439/2321/2398 2434/2316/2393
f 2407/2289/2368 2400/2282/2361 2439/2321/2398
f 2400/2282/2361 2408/2290/2369 2439/2321/2398
f 2432/2314/2392 2436/2318/2395 2440/2322/2399
f 2437/2319/2396 2432/2314/2392 2440/2322/2399
f 2434/2316/2393 2441/2323/2400 2435/2317/2394
f 2434/2316/2393 2439/2321/2398 2441/2323/2400
f 2435/2317/2394 2442/2324/2401 2436/2318/2395
f 2442/2324/2401 2440/2322/2399 2436/2318/2395
f 2435/2317/2394 2441/2323/2400 2442/2324/2401
f 2437/2319/2396 2443/2325/2402 2438/2320/2397
f 2443/2325/2402 2444/2326/2383 2438/2320/2397
f 2439/2321/2398 2408/2290/2369 2445/2327/2403
f 2439/2321/2398 2445/2327/2403 2441/2323/2400
f 2440/2322/2399 2446/2328/2404 2437/2319/2396
f 2446/2328/2404 2443/2325/2402 2437/2319/2396
f 2441/2323/2400 2447/2329/2405 2442/2324/2401
f 2441/2323/2400 2445/2327/2403 2447/2329/2405
f 2442/2324/2401 2448/2330/2406 2440/2322/2399
f 2448/2330/2406 2446/2328/2404 2440/2322/2399
f 2442/2324/2401 2447/2329/2405 2448/2330/2406
f 2443/2325/2402 2449/2331/2407 2444/2326/2383
f 2449/2331/2407 2450/2332/2408 2444/2326/2383
f 2408/2290/2369 2451/2333/2409 2445/2327/2403
f 2451/2333/2409 2408/2290/2369 2401/2283/2362
f 2409/2291/2370 2451/2333/2409 2401/2283/2362
f 2443/2325/2402 2446/2328/2404 2452/2334/2410
f 2449/2331/2407 2443/2325/2402 2452/2334/2410
f 2448/2330/2406 2453/2335/2411 2446/2328/2404
f 2453/2335/2411 2452/2334/2410 2446/2328/2404
f 2445/2327/2403 2454/2336/2412 2447/2329/2405
f 2445/2327/2403 2451/2333/2409 2454/2336/2412
f 2455/2337/2413 2451/2333/2409 2409/2291/2370
f 2451/2333/2409 2455/2337/2413 2454/2336/2412
f 2422/2304/2382 2455/2337/2413 2409/2291/2370
f 2447/2329/2405 2456/2338/2414 2448/2330/2406
f 2447/2329/2405 2454/2336/2412 2456/2338/2414
f 2453/2335/2411 2448/2330/2406 2456/2338/2414
f 2454/2336/2412 2455/2337/2413 2457/2339/2415
f 2454/2336/2412 2457/2339/2415 2456/2338/2414
f 2458/2340/2416 2455/2337/2413 2422/2304/2382
f 2455/2337/2413 2458/2340/2416 2457/2339/2415
f 2456/2338/2414 2457/2339/2415 2459/2341/2417
f 2459/2341/2417 2453/2335/2411 2456/2338/2414
f 2457/2339/2415 2460/2342/2418 2459/2341/2417
f 2457/2339/2415 2458/2340/2416 2460/2342/2418
f 2461/2343/2419 2458/2340/2416 2422/2304/2382
f 2423/2305/2383 2461/2343/2419 2422/2304/2382
f 2423/2305/2383 2462/2344/2408 2461/2343/2419
f 2459/2341/2417 2463/2345/2420 2453/2335/2411
f 2463/2345/2420 2459/2341/2417 2460/2342/2418
f 2458/2340/2416 2464/2346/2421 2460/2342/2418
f 2464/2346/2421 2458/2340/2416 2461/2343/2419
f 2462/2344/2408 2465/2347/2422 2461/2343/2419
f 2465/2347/2422 2464/2346/2421 2461/2343/2419
f 2465/2347/2422 2462/2344/2408 2466/2348/2423
f 2467/2349/2424 2460/2342/2418 2464/2346/2421
f 2467/2349/2424 2463/2345/2420 2460/2342/2418
f 2464/2346/2421 2465/2347/2422 2468/2350/2425
f 2468/2350/2425 2467/2349/2424 2464/2346/2421
f 2469/2351/2426 2465/2347/2422 2466/2348/2423
f 2465/2347/2422 2469/2351/2426 2468/2350/2425
f 2470/2352/2427 2467/2349/2424 2468/2350/2425
f 2468/2350/2425 2469/2351/2426 2470/2352/2427
f 2467/2349/2424 2470/2352/2427 2463/2345/2420
f 2469/2351/2426 2466/2348/2423 2471/2353/2428
f 2469/2351/2426 2471/2353/2428 2470/2352/2427
f 2466/2348/2423 2472/2354/2429 2471/2353/2428
f 2471/2353/2428 2472/2354/2429 2473/2355/2430
f 2474/2355/2431 2470/2352/2427 2471/2353/2428
f 2470/2352/2427 2475/2356/2432 2463/2345/2420
f 2475/2356/2432 2470/2352/2427 2474/2355/2431
f 2463/2345/2420 2475/2356/2432 2476/2357/2433
f 2463/2345/2420 2476/2357/2433 2453/2335/2411
f 2453/2335/2411 2476/2357/2433 2452/2334/2410
f 2474/2355/2431 2477/2358/2434 2475/2356/2432
f 2475/2356/2432 2477/2358/2434 2476/2357/2433
f 2478/2359/2435 2477/2358/2434 2474/2355/2431
f 2476/2357/2433 2479/2360/2436 2452/2334/2410
f 2479/2360/2436 2476/2357/2433 2477/2358/2434
f 2452/2334/2410 2479/2360/2436 2449/2331/2407
f 2479/2360/2436 2477/2358/2434 2480/2361/2437
f 2479/2360/2436 2480/2361/2437 2449/2331/2407
f 2477/2358/2434 2478/2359/2435 2480/2361/2437
f 2449/2331/2407 2480/2361/2437 2450/2332/2408
f 2480/2361/2437 2481/2362/2423 2450/2332/2408
f 2482/2363/2438 2481/2362/2423 2480/2361/2437
f 2478/2359/2435 2482/2363/2438 2480/2361/2437
f 2483/2355/2430 2482/2363/2438 2478/2359/2435
f 2486/2364/2439 2485/2365/2440 2484/2366/2441
f 2485/2365/2440 2487/2367/2442 2484/2366/2441
f 2488/2368/2443 2484/2366/2441 2487/2367/2442
f 2485/2365/2440 2489/2369/2444 2487/2367/2442
f 2490/2370/2445 2488/2368/2443 2487/2367/2442
f 2491/2371/2446 2488/2368/2443 2490/2370/2445
f 2489/2369/2444 2492/2372/2447 2487/2367/2442
f 2490/2370/2445 2487/2367/2442 2492/2372/2447
f 2493/2373/2448 2491/2371/2446 2490/2370/2445
f 2494/2374/2449 2491/2371/2446 2493/2373/2448
f 2492/2372/2447 2489/2369/2444 2495/2375/2450
f 2489/2369/2444 2496/2376/2451 2495/2375/2450
f 2497/2377/2452 2490/2370/2445 2492/2372/2447
f 2493/2373/2448 2490/2370/2445 2497/2377/2452
f 2498/2378/2453 2494/2374/2449 2493/2373/2448
f 2499/2379/2454 2494/2374/2449 2498/2378/2453
f 2495/2375/2450 2496/2376/2451 2500/2380/2455
f 2496/2376/2451 2501/2381/2456 2500/2380/2455
f 2495/2375/2450 2502/2382/2457 2492/2372/2447
f 2502/2382/2457 2497/2377/2452 2492/2372/2447
f 2503/2383/2458 2493/2373/2448 2497/2377/2452
f 2498/2378/2453 2493/2373/2448 2503/2383/2458
f 2504/2384/2459 2499/2379/2454 2498/2378/2453
f 2499/2379/2454 2504/2384/2459 2505/2385/2460
f 2500/2380/2455 2501/2381/2456 2506/2386/2461
f 2501/2381/2456 2507/2387/2462 2506/2386/2461
f 2506/2386/2461 2507/2387/2462 2508/2388/2463
f 2500/2380/2455 2509/2389/2464 2495/2375/2450
f 2509/2389/2464 2502/2382/2457 2495/2375/2450
f 2497/2377/2452 2502/2382/2457 2510/2390/2465
f 2503/2383/2458 2497/2377/2452 2510/2390/2465
f 2511/2391/2466 2498/2378/2453 2503/2383/2458
f 2504/2384/2459 2498/2378/2453 2511/2391/2466
f 2512/2392/2467 2506/2386/2461 2508/2388/2463
f 2512/2392/2467 2508/2388/2463 2513/2393/2468
f 2506/2386/2461 2514/2394/2469 2500/2380/2455
f 2514/2394/2469 2509/2389/2464 2500/2380/2455
f 2514/2394/2469 2506/2386/2461 2512/2392/2467
f 2502/2382/2457 2509/2389/2464 2515/2395/2470
f 2510/2390/2465 2502/2382/2457 2515/2395/2470
f 2510/2390/2465 2516/2396/2471 2503/2383/2458
f 2516/2396/2471 2511/2391/2466 2503/2383/2458
f 2517/2397/2472 2512/2392/2467 2513/2393/2468
f 2517/2397/2472 2513/2393/2468 2518/2398/2473
f 2519/2399/2474 2514/2394/2469 2512/2392/2467
f 2519/2399/2474 2512/2392/2467 2517/2397/2472
f 2509/2389/2464 2514/2394/2469 2520/2400/2475
f 2515/2395/2470 2509/2389/2464 2520/2400/2475
f 2515/2395/2470 2521/2401/2476 2510/2390/2465
f 2521/2401/2476 2516/2396/2471 2510/2390/2465
f 2514/2394/2469 2519/2399/2474 2522/2402/2477
f 2520/2400/2475 2514/2394/2469 2522/2402/2477
f 2520/2400/2475 2523/2403/2478 2515/2395/2470
f 2523/2403/2478 2521/2401/2476 2515/2395/2470
f 2522/2402/2477 2524/2404/2479 2520/2400/2475
f 2524/2404/2479 2523/2403/2478 2520/2400/2475
f 2522/2402/2477 2519/2399/2474 2525/2405/2480
f 2522/2402/2477 2525/2405/2480 2524/2404/2479
f 2526/2406/2481 2519/2399/2474 2517/2397/2472
f 2519/2399/2474 2526/2406/2481 2525/2405/2480
f 2516/2396/2471 2521/2401/2476 2527/2407/2482
f 2521/2401/2476 2523/2403/2478 2528/2408/2483
f 2527/2407/2482 2521/2401/2476 2528/2408/2483
f 2523/2403/2478 2524/2404/2479 2529/2409/2484
f 2528/2408/2483 2523/2403/2478 2529/2409/2484
f 2525/2405/2480 2530/2410/2485 2524/2404/2479
f 2524/2404/2479 2530/2410/2485 2529/2409/2484
f 2531/2411/2486 2516/2396/2471 2527/2407/2482
f 2511/2391/2466 2516/2396/2471 2531/2411/2486
f 2527/2407/2482 2528/2408/2483 2532/2412/2487
f 2532/2412/2487 2528/2408/2483 2529/2409/2484
f 2531/2411/2486 2527/2407/2482 2533/2413/2488
f 2533/2413/2488 2527/2407/2482 2532/2412/2487
f 2534/2414/2489 2511/2391/2466 2531/2411/2486
f 2534/2414/2489 2504/2384/2459 2511/2391/2466
f 2535/2415/2490 2531/2411/2486 2533/2413/2488
f 2531/2411/2486 2535/2415/2490 2534/2414/2489
f 2536/2416/2491 2504/2384/2459 2534/2414/2489
f 2504/2384/2459 2536/2416/2491 2505/2385/2460
f 2535/2415/2490 2537/2417/2492 2534/2414/2489
f 2537/2417/2492 2536/2416/2491 2534/2414/2489
f 2535/2415/2490 2533/2413/2488 2538/2418/2493
f 2535/2415/2490 2538/2418/2493 2537/2417/2492
f 2536/2416/2491 2539/2419/2494 2505/2385/2460
f 2539/2419/2494 2540/2420/2495 2505/2385/2460
f 2537/2417/2492 2541/2421/2496 2536/2416/2491
f 2538/2418/2493 2541/2421/2496 2537/2417/2492
f 2541/2421/2496 2539/2419/2494 2536/2416/2491
f 2539/2419/2494 2542/2422/2497 2540/2420/2495
f 2542/2422/2497 2543/2423/2498 2540/2420/2495
f 2541/2421/2496 2544/2424/2499 2539/2419/2494
f 2544/2424/2499 2542/2422/2497 2539/2419/2494
f 2543/2423/2498 2542/2422/2497 2545/2425/2500
f 2546/2426/2501 2543/2423/2498 2545/2425/2500
f 2533/2413/2488 2547/2427/2502 2538/2418/2493
f 2547/2427/2502 2533/2413/2488 2532/2412/2487
f 2541/2421/2496 2538/2418/2493 2548/2428/2503
f 2544/2424/2499 2541/2421/2496 2548/2428/2503
f 2542/2422/2497 2544/2424/2499 2549/2429/2504
f 2545/2425/2500 2542/2422/2497 2549/2429/2504
f 2546/2426/2501 2545/2425/2500 2550/2430/2505
f 2551/2431/2506 2546/2426/2501 2550/2430/2505
f 2538/2418/2493 2547/2427/2502 2552/2432/2507
f 2548/2428/2503 2538/2418/2493 2552/2432/2507
f 2544/2424/2499 2548/2428/2503 2553/2433/2508
f 2549/2429/2504 2544/2424/2499 2553/2433/2508
f 2545/2425/2500 2549/2429/2504 2554/2434/2509
f 2550/2430/2505 2545/2425/2500 2554/2434/2509
f 2550/2430/2505 2555/2435/2510 2551/2431/2506
f 2555/2435/2510 2556/2436/2511 2551/2431/2506
f 2556/2436/2511 2555/2435/2510 2557/2437/2512
f 2548/2428/2503 2552/2432/2507 2558/2438/2513
f 2553/2433/2508 2548/2428/2503 2558/2438/2513
f 2549/2429/2504 2553/2433/2508 2559/2439/2514
f 2554/2434/2509 2549/2429/2504 2559/2439/2514
f 2550/2430/2505 2554/2434/2509 2560/2440/2515
f 2555/2435/2510 2550/2430/2505 2560/2440/2515
f 2553/2433/2508 2558/2438/2513 2561/2441/2516
f 2559/2439/2514 2553/2433/2508 2561/2441/2516
f 2559/2439/2514 2562/2442/2517 2554/2434/2509
f 2562/2442/2517 2560/2440/2515 2554/2434/2509
f 2561/2441/2516 2563/2443/2518 2559/2439/2514
f 2563/2443/2518 2562/2442/2517 2559/2439/2514
f 2555/2435/2510 2564/2444/2519 2557/2437/2512
f 2560/2440/2515 2565/2445/2520 2555/2435/2510
f 2565/2445/2520 2564/2444/2519 2555/2435/2510
f 2560/2440/2515 2562/2442/2517 2566/2446/2521
f 2565/2445/2520 2560/2440/2515 2566/2446/2521
f 2564/2444/2519 2567/2447/2522 2557/2437/2512
f 2567/2447/2522 2568/2448/2523 2557/2437/2512
f 2565/2445/2520 2569/2449/2524 2564/2444/2519
f 2569/2449/2524 2567/2447/2522 2564/2444/2519
f 2567/2447/2522 2570/2450/2525 2568/2448/2523
f 2570/2450/2525 2571/2451/2526 2568/2448/2523
f 2562/2442/2517 2563/2443/2518 2572/2452/2527
f 2566/2446/2521 2562/2442/2517 2572/2452/2527
f 2565/2445/2520 2566/2446/2521 2573/2453/2528
f 2569/2449/2524 2565/2445/2520 2573/2453/2528
f 2569/2449/2524 2574/2454/2529 2567/2447/2522
f 2574/2454/2529 2570/2450/2525 2567/2447/2522
f 2571/2451/2526 2570/2450/2525 2575/2455/2530
f 2576/2456/2531 2571/2451/2526 2575/2455/2530
f 2575/2455/2530 2570/2450/2525 2577/2457/2532
f 2570/2450/2525 2574/2454/2529 2577/2457/2532
f 2576/2456/2531 2575/2455/2530 2578/2458/2533
f 2575/2455/2530 2577/2457/2532 2578/2458/2533
f 2579/2459/2534 2576/2456/2531 2578/2458/2533
f 2579/2459/2534 2578/2458/2533 2580/2460/2535
f 2581/2461/2536 2574/2454/2529 2569/2449/2524
f 2573/2453/2528 2581/2461/2536 2569/2449/2524
f 2573/2453/2528 2566/2446/2521 2582/2462/2537
f 2566/2446/2521 2572/2452/2527 2582/2462/2537
f 2577/2457/2532 2583/2463/2538 2578/2458/2533
f 2578/2458/2533 2583/2463/2538 2580/2460/2535
f 2584/2464/2539 2577/2457/2532 2574/2454/2529
f 2577/2457/2532 2584/2464/2539 2583/2463/2538
f 2581/2461/2536 2584/2464/2539 2574/2454/2529
f 2580/2460/2535 2583/2463/2538 2585/2465/2540
f 2584/2464/2539 2585/2465/2540 2583/2463/2538
f 2586/2466/2541 2580/2460/2535 2585/2465/2540
f 2587/2467/2542 2581/2461/2536 2573/2453/2528
f 2582/2462/2537 2587/2467/2542 2573/2453/2528
f 2584/2464/2539 2581/2461/2536 2588/2468/2543
f 2587/2467/2542 2588/2468/2543 2581/2461/2536
f 2586/2466/2541 2585/2465/2540 2589/2469/2544
f 2590/2470/2545 2586/2466/2541 2589/2469/2544
f 2584/2464/2539 2591/2471/2546 2585/2465/2540
f 2584/2464/2539 2588/2468/2543 2591/2471/2546
f 2591/2471/2546 2589/2469/2544 2585/2465/2540
f 2590/2470/2545 2589/2469/2544 2592/2472/2547
f 2593/2473/2548 2590/2470/2545 2592/2472/2547
f 2594/2474/2549 2593/2473/2548 2592/2472/2547
f 2595/2475/2550 2594/2474/2549 2592/2472/2547
f 2595/2475/2550 2592/2472/2547 2596/2476/2551
f 2589/2469/2544 2591/2471/2546 2597/2477/2552
f 2592/2472/2547 2589/2469/2544 2597/2477/2552
f 2592/2472/2547 2597/2477/2552 2596/2476/2551
f 2591/2471/2546 2588/2468/2543 2597/2477/2552
f 2596/2476/2551 2597/2477/2552 2598/2478/2553
f 2588/2468/2543 2599/2479/2554 2597/2477/2552
f 2597/2477/2552 2599/2479/2554 2598/2478/2553
f 2588/2468/2543 2587/2467/2542 2599/2479/2554
f 2598/2478/2553 2599/2479/2554 2600/2480/2555
f 2587/2467/2542 2601/2481/2556 2599/2479/2554
f 2599/2479/2554 2601/2481/2556 2600/2480/2555
f 2587/2467/2542 2582/2462/2537 2601/2481/2556
f 2600/2480/2555 2601/2481/2556 2602/2482/2557
f 2603/2483/2558 2600/2480/2555 2602/2482/2557
f 2603/2483/2558 2602/2482/2557 2604/2484/2559
f 2605/2485/2560 2603/2483/2558 2604/2484/2559
f 2605/2485/2560 2604/2484/2559 2606/2486/2561
f 2582/2462/2537 2607/2487/2562 2601/2481/2556
f 2602/2482/2557 2601/2481/2556 2607/2487/2562
f 2582/2462/2537 2572/2452/2527 2607/2487/2562
f 2572/2452/2527 2608/2488/2563 2607/2487/2562
f 2608/2488/2563 2572/2452/2527 2563/2443/2518
f 2609/2489/2564 2602/2482/2557 2607/2487/2562
f 2609/2489/2564 2607/2487/2562 2608/2488/2563
f 2610/2490/2565 2608/2488/2563 2563/2443/2518
f 2610/2490/2565 2563/2443/2518 2561/2441/2516
f 2609/2489/2564 2611/2491/2566 2602/2482/2557
f 2611/2491/2566 2604/2484/2559 2602/2482/2557
f 2612/2492/2567 2609/2489/2564 2608/2488/2563
f 2608/2488/2563 2610/2490/2565 2612/2492/2567
f 2611/2491/2566 2609/2489/2564 2612/2492/2567
f 2604/2484/2559 2613/2493/2568 2606/2486/2561
f 2606/2486/2561 2613/2493/2568 2614/2494/2569
f 2615/2495/2570 2610/2490/2565 2561/2441/2516
f 2610/2490/2565 2615/2495/2570 2616/2496/2571
f 2561/2441/2516 2558/2438/2513 2615/2495/2570
f 2558/2438/2513 2617/2497/2572 2615/2495/2570
f 2615/2495/2570 2617/2497/2572 2616/2496/2571
f 2558/2438/2513 2552/2432/2507 2617/2497/2572
f 2610/2490/2565 2618/2498/2573 2612/2492/2567
f 2618/2498/2573 2610/2490/2565 2616/2496/2571
f 2552/2432/2507 2619/2499/2574 2617/2497/2572
f 2619/2499/2574 2552/2432/2507 2547/2427/2502
f 2612/2492/2567 2618/2498/2573 2620/2500/2575
f 2620/2500/2575 2611/2491/2566 2612/2492/2567
f 2613/2493/2568 2621/2501/2576 2614/2494/2569
f 2614/2494/2569 2621/2501/2576 2622/2502/2577
f 2618/2498/2573 2616/2496/2571 2623/2503/2578
f 2618/2498/2573 2623/2503/2578 2620/2500/2575
f 2617/2497/2572 2619/2499/2574 2624/2504/2579
f 2617/2497/2572 2624/2504/2579 2616/2496/2571
f 2625/2505/2580 2619/2499/2574 2547/2427/2502
f 2625/2505/2580 2547/2427/2502 2532/2412/2487
f 2532/2412/2487 2626/2506/2581 2625/2505/2580
f 2626/2506/2581 2532/2412/2487 2529/2409/2484
f 2619/2499/2574 2625/2505/2580 2627/2507/2582
f 2626/2506/2581 2627/2507/2582 2625/2505/2580
f 2619/2499/2574 2628/2508/2583 2624/2504/2579
f 2628/2508/2583 2619/2499/2574 2627/2507/2582
f 2616/2496/2571 2624/2504/2579 2629/2509/2584
f 2624/2504/2579 2628/2508/2583 2629/2509/2584
f 2630/2510/2585 2628/2508/2583 2627/2507/2582
f 2628/2508/2583 2630/2510/2585 2629/2509/2584
f 2616/2496/2571 2631/2511/2586 2623/2503/2578
f 2631/2511/2586 2616/2496/2571 2629/2509/2584
f 2626/2506/2581 2529/2409/2484 2632/2512/2587
f 2530/2410/2485 2632/2512/2587 2529/2409/2484
f 2633/2513/2588 2627/2507/2582 2626/2506/2581
f 2633/2513/2588 2630/2510/2585 2627/2507/2582
f 2634/2514/2589 2626/2506/2581 2632/2512/2587
f 2634/2514/2589 2633/2513/2588 2626/2506/2581
f 2632/2512/2587 2530/2410/2485 2635/2515/2590
f 2634/2514/2589 2632/2512/2587 2635/2515/2590
f 2630/2510/2585 2633/2513/2588 2636/2516/2591
f 2636/2516/2591 2633/2513/2588 2634/2514/2589
f 2629/2509/2584 2630/2510/2585 2637/2517/2592
f 2637/2517/2592 2630/2510/2585 2636/2516/2591
f 2629/2509/2584 2638/2518/2593 2631/2511/2586
f 2638/2518/2593 2629/2509/2584 2637/2517/2592
f 2631/2511/2586 2639/2519/2594 2623/2503/2578
f 2638/2518/2593 2639/2519/2594 2631/2511/2586
f 2637/2517/2592 2640/2520/2595 2638/2518/2593
f 2640/2520/2595 2637/2517/2592 2636/2516/2591
f 2641/2521/2596 2636/2516/2591 2634/2514/2589
f 2641/2521/2596 2634/2514/2589 2635/2515/2590
f 2530/2410/2485 2642/2522/2597 2635/2515/2590
f 2642/2522/2597 2530/2410/2485 2525/2405/2480
f 2639/2519/2594 2643/2523/2598 2623/2503/2578
f 2620/2500/2575 2623/2503/2578 2643/2523/2598
f 2639/2519/2594 2638/2518/2593 2644/2524/2599
f 2640/2520/2595 2644/2524/2599 2638/2518/2593
f 2645/2525/2600 2636/2516/2591 2641/2521/2596
f 2645/2525/2600 2640/2520/2595 2636/2516/2591
f 2646/2526/2601 2642/2522/2597 2525/2405/2480
f 2525/2405/2480 2526/2406/2481 2646/2526/2601
f 2526/2406/2481 2647/2527/2602 2646/2526/2601
f 2647/2527/2602 2526/2406/2481 2517/2397/2472
f 2642/2522/2597 2646/2526/2601 2648/2528/2603
f 2646/2526/2601 2647/2527/2602 2648/2528/2603
f 2649/2529/2604 2647/2527/2602 2517/2397/2472
f 2649/2529/2604 2517/2397/2472 2518/2398/2473
f 2650/2530/2605 2647/2527/2602 2649/2529/2604
f 2647/2527/2602 2650/2530/2605 2648/2528/2603
f 2649/2529/2604 2518/2398/2473 2651/2531/2606
f 2651/2531/2606 2650/2530/2605 2649/2529/2604
f 2518/2398/2473 2652/2532/2607 2651/2531/2606
f 2653/2533/2608 2642/2522/2597 2648/2528/2603
f 2635/2515/2590 2642/2522/2597 2653/2533/2608
f 2648/2528/2603 2650/2530/2605 2654/2534/2609
f 2653/2533/2608 2648/2528/2603 2654/2534/2609
f 2651/2531/2606 2652/2532/2607 2655/2535/2610
f 2652/2532/2607 2656/2536/2611 2655/2535/2610
f 2657/2537/2612 2650/2530/2605 2651/2531/2606
f 2650/2530/2605 2657/2537/2612 2654/2534/2609
f 2655/2535/2610 2657/2537/2612 2651/2531/2606
f 2658/2538/2613 2635/2515/2590 2653/2533/2608
f 2635/2515/2590 2658/2538/2613 2641/2521/2596
f 2659/2539/2614 2655/2535/2610 2656/2536/2611
f 2660/2540/2615 2659/2539/2614 2656/2536/2611
f 2659/2539/2614 2660/2540/2615 2661/2541/2616
f 2662/2542/2617 2659/2539/2614 2661/2541/2616
f 2663/2543/2618 2657/2537/2612 2655/2535/2610
f 2659/2539/2614 2663/2543/2618 2655/2535/2610
f 2663/2543/2618 2659/2539/2614 2662/2542/2617
f 2657/2537/2612 2663/2543/2618 2654/2534/2609
f 2664/2544/2619 2663/2543/2618 2662/2542/2617
f 2665/2545/2620 2663/2543/2618 2664/2544/2619
f 2663/2543/2618 2665/2545/2620 2654/2534/2609
f 2666/2546/2621 2665/2545/2620 2664/2544/2619
f 2667/2547/2622 2653/2533/2608 2654/2534/2609
f 2667/2547/2622 2654/2534/2609 2665/2545/2620
f 2658/2538/2613 2653/2533/2608 2667/2547/2622
f 2665/2545/2620 2666/2546/2621 2668/2548/2623
f 2668/2548/2623 2667/2547/2622 2665/2545/2620
f 2666/2546/2621 2669/2549/2624 2668/2548/2623
f 2670/2550/2625 2658/2538/2613 2667/2547/2622
f 2670/2550/2625 2667/2547/2622 2668/2548/2623
f 2668/2548/2623 2669/2549/2624 2671/2551/2626
f 2671/2551/2626 2670/2550/2625 2668/2548/2623
f 2669/2549/2624 2672/2552/2627 2671/2551/2626
f 2658/2538/2613 2670/2550/2625 2673/2553/2628
f 2658/2538/2613 2673/2553/2628 2641/2521/2596
f 2673/2553/2628 2645/2525/2600 2641/2521/2596
f 2670/2550/2625 2674/2554/2629 2673/2553/2628
f 2670/2550/2625 2671/2551/2626 2674/2554/2629
f 2645/2525/2600 2673/2553/2628 2674/2554/2629
f 2675/2555/2630 2671/2551/2626 2672/2552/2627
f 2671/2551/2626 2675/2555/2630 2674/2554/2629
f 2676/2556/2631 2675/2555/2630 2672/2552/2627
f 2677/2557/2632 2645/2525/2600 2674/2554/2629
f 2674/2554/2629 2675/2555/2630 2677/2557/2632
f 2640/2520/2595 2645/2525/2600 2677/2557/2632
f 2675/2555/2630 2676/2556/2631 2678/2558/2633
f 2675/2555/2630 2678/2558/2633 2677/2557/2632
f 2676/2556/2631 2679/2559/2634 2678/2558/2633
f 2680/2560/2635 2640/2520/2595 2677/2557/2632
f 2680/2560/2635 2677/2557/2632 2678/2558/2633
f 2644/2524/2599 2640/2520/2595 2680/2560/2635
f 2681/2561/2636 2678/2558/2633 2679/2559/2634
f 2681/2561/2636 2680/2560/2635 2678/2558/2633
f 2682/2562/2637 2681/2561/2636 2679/2559/2634
f 2683/2563/2638 2644/2524/2599 2680/2560/2635
f 2683/2563/2638 2680/2560/2635 2681/2561/2636
f 2684/2564/2639 2681/2561/2636 2682/2562/2637
f 2684/2564/2639 2683/2563/2638 2681/2561/2636
f 2685/2565/2501 2684/2564/2639 2682/2562/2637
f 2686/2566/2640 2644/2524/2599 2683/2563/2638
f 2686/2566/2640 2639/2519/2594 2644/2524/2599
f 2639/2519/2594 2686/2566/2640 2643/2523/2598
f 2687/2567/2641 2684/2564/2639 2685/2565/2501
f 2688/2568/2642 2687/2567/2641 2685/2565/2501
f 2683/2563/2638 2684/2564/2639 2689/2569/2643
f 2689/2569/2643 2686/2566/2640 2683/2563/2638
f 2684/2564/2639 2687/2567/2641 2689/2569/2643
f 2686/2566/2640 2690/2570/2644 2643/2523/2598
f 2686/2566/2640 2689/2569/2643 2690/2570/2644
f 2691/2571/2645 2687/2567/2641 2688/2568/2642
f 2692/2572/2646 2691/2571/2645 2688/2568/2642
f 2691/2571/2645 2692/2572/2646 2693/2573/2647
f 2689/2569/2643 2687/2567/2641 2694/2574/2648
f 2689/2569/2643 2694/2574/2648 2690/2570/2644
f 2687/2567/2641 2691/2571/2645 2694/2574/2648
f 2695/2575/2649 2643/2523/2598 2690/2570/2644
f 2695/2575/2649 2620/2500/2575 2643/2523/2598
f 2611/2491/2566 2620/2500/2575 2695/2575/2649
f 2690/2570/2644 2694/2574/2648 2696/2576/2650
f 2696/2576/2650 2695/2575/2649 2690/2570/2644
f 2697/2577/2651 2611/2491/2566 2695/2575/2649
f 2695/2575/2649 2696/2576/2650 2697/2577/2651
f 2604/2484/2559 2611/2491/2566 2697/2577/2651
f 2694/2574/2648 2691/2571/2645 2698/2578/2652
f 2694/2574/2648 2698/2578/2652 2696/2576/2650
f 2699/2579/2653 2691/2571/2645 2693/2573/2647
f 2691/2571/2645 2699/2579/2653 2698/2578/2652
f 2700/2580/2654 2604/2484/2559 2697/2577/2651
f 2604/2484/2559 2700/2580/2654 2613/2493/2568
f 2696/2576/2650 2701/2581/2655 2697/2577/2651
f 2696/2576/2650 2698/2578/2652 2701/2581/2655
f 2697/2577/2651 2701/2581/2655 2700/2580/2654
f 2699/2579/2653 2693/2573/2647 2702/2582/2656
f 2693/2573/2647 2703/2583/2657 2702/2582/2656
f 2704/2584/2658 2698/2578/2652 2699/2579/2653
f 2698/2578/2652 2704/2584/2658 2701/2581/2655
f 2702/2582/2656 2704/2584/2658 2699/2579/2653
f 2700/2580/2654 2705/2585/2659 2613/2493/2568
f 2621/2501/2576 2613/2493/2568 2705/2585/2659
f 2701/2581/2655 2706/2586/2660 2700/2580/2654
f 2701/2581/2655 2704/2584/2658 2706/2586/2660
f 2705/2585/2659 2700/2580/2654 2706/2586/2660
f 2702/2582/2656 2703/2583/2657 2707/2587/2661
f 2703/2583/2657 2708/2588/2662 2707/2587/2661
f 2709/2589/2663 2704/2584/2658 2702/2582/2656
f 2704/2584/2658 2709/2589/2663 2706/2586/2660
f 2707/2587/2661 2709/2589/2663 2702/2582/2656
f 2710/2590/2664 2705/2585/2659 2706/2586/2660
f 2710/2590/2664 2706/2586/2660 2709/2589/2663
f 2711/2591/2665 2707/2587/2661 2708/2588/2662
f 2712/2592/2666 2711/2591/2665 2708/2588/2662
f 2711/2591/2665 2712/2592/2666 2713/2593/2667
f 2709/2589/2663 2707/2587/2661 2714/2594/2668
f 2707/2587/2661 2711/2591/2665 2714/2594/2668
f 2714/2594/2668 2710/2590/2664 2709/2589/2663
f 2715/2595/2669 2711/2591/2665 2713/2593/2667
f 2711/2591/2665 2715/2595/2669 2714/2594/2668
f 2715/2595/2669 2713/2593/2667 2716/2596/2670
f 2717/2597/2671 2705/2585/2659 2710/2590/2664
f 2717/2597/2671 2621/2501/2576 2705/2585/2659
f 2715/2595/2669 2718/2598/2672 2714/2594/2668
f 2718/2598/2672 2715/2595/2669 2716/2596/2670
f 2710/2590/2664 2714/2594/2668 2719/2599/2673
f 2714/2594/2668 2718/2598/2672 2719/2599/2673
f 2718/2598/2672 2716/2596/2670 2719/2599/2673
f 2710/2590/2664 2719/2599/2673 2717/2597/2671
f 2716/2596/2670 2720/2600/2674 2719/2599/2673
f 2719/2599/2673 2721/2601/2675 2717/2597/2671
f 2721/2601/2675 2719/2599/2673 2720/2600/2674
f 2717/2597/2671 2721/2601/2675 2621/2501/2576
f 2722/2602/2676 2721/2601/2675 2720/2600/2674
f 2721/2601/2675 2722/2602/2676 2723/2603/2677
f 2721/2601/2675 2724/2604/2678 2621/2501/2576
f 2724/2604/2678 2721/2601/2675 2723/2603/2677
f 2621/2501/2576 2724/2604/2678 2622/2502/2577
f 2724/2604/2678 2723/2603/2677 2725/2605/2679
f 2622/2502/2577 2724/2604/2678 2725/2605/2679
f 2728/2606/2680 2727/2607/2681 2726/2608/2682
f 2729/2609/2683 2728/2606/2680 2726/2608/2682
f 2729/2609/2683 2726/2608/2682 2730/2610/2684
f 2731/2611/2685 2728/2606/2680 2729/2609/2683
f 2732/2612/2686 2729/2609/2683 2730/2610/2684
f 2732/2612/2686 2730/2610/2684 2733/2613/2687
f 2734/2614/2688 2731/2611/2685 2729/2609/2683
f 2734/2614/2688 2729/2609/2683 2732/2612/2686
f 2735/2615/2689 2731/2611/2685 2734/2614/2688
f 2736/2616/2690 2735/2615/2689 2734/2614/2688
f 2737/2617/2691 2735/2615/2689 2736/2616/2690
f 2738/2618/2692 2734/2614/2688 2732/2612/2686
f 2736/2616/2690 2734/2614/2688 2738/2618/2692
f 2739/2619/2693 2732/2612/2686 2733/2613/2687
f 2738/2618/2692 2732/2612/2686 2739/2619/2693
f 2740/2620/2694 2739/2619/2693 2733/2613/2687
f 2741/2621/2695 2740/2620/2694 2733/2613/2687
f 2742/2622/2696 2740/2620/2694 2741/2621/2695
f 2743/2623/2697 2742/2622/2696 2741/2621/2695
f 2742/2622/2696 2743/2623/2697 2744/2624/2698
f 2745/2625/2699 2742/2622/2696 2744/2624/2698
f 2745/2625/2699 2744/2624/2698 2746/2626/2700
f 2742/2622/2696 2747/2627/2701 2740/2620/2694
f 2747/2627/2701 2742/2622/2696 2745/2625/2699
f 2740/2620/2694 2748/2628/2702 2739/2619/2693
f 2747/2627/2701 2748/2628/2702 2740/2620/2694
f 2749/2629/2703 2745/2625/2699 2746/2626/2700
f 2746/2626/2700 2750/2630/2704 2749/2629/2703
f 2748/2628/2702 2751/2631/2705 2739/2619/2693
f 2751/2631/2705 2738/2618/2692 2739/2619/2693
f 2751/2631/2705 2748/2628/2702 2752/2632/2706
f 2748/2628/2702 2747/2627/2701 2752/2632/2706
f 2753/2633/2707 2747/2627/2701 2745/2625/2699
f 2753/2633/2707 2745/2625/2699 2749/2629/2703
f 2750/2630/2704 2754/2634/2708 2749/2629/2703
f 2754/2634/2708 2750/2630/2704 2755/2635/2709
f 2738/2618/2692 2751/2631/2705 2756/2636/2710
f 2756/2636/2710 2751/2631/2705 2752/2632/2706
f 2747/2627/2701 2757/2637/2711 2752/2632/2706
f 2757/2637/2711 2747/2627/2701 2753/2633/2707
f 2758/2638/2712 2753/2633/2707 2749/2629/2703
f 2749/2629/2703 2754/2634/2708 2758/2638/2712
f 2759/2639/2713 2754/2634/2708 2755/2635/2709
f 2759/2639/2713 2755/2635/2709 2760/2640/2714
f 2761/2641/2715 2738/2618/2692 2756/2636/2710
f 2761/2641/2715 2736/2616/2690 2738/2618/2692
f 2756/2636/2710 2752/2632/2706 2762/2642/2716
f 2752/2632/2706 2757/2637/2711 2762/2642/2716
f 2763/2643/2717 2757/2637/2711 2753/2633/2707
f 2763/2643/2717 2753/2633/2707 2758/2638/2712
f 2754/2634/2708 2764/2644/2718 2758/2638/2712
f 2764/2644/2718 2754/2634/2708 2759/2639/2713
f 2765/2645/2719 2759/2639/2713 2760/2640/2714
f 2765/2645/2719 2760/2640/2714 2766/2646/2720
f 2736/2616/2690 2761/2641/2715 2767/2647/2721
f 2767/2647/2721 2737/2617/2691 2736/2616/2690
f 2757/2637/2711 2768/2648/2722 2762/2642/2716
f 2768/2648/2722 2757/2637/2711 2763/2643/2717
f 2769/2649/2723 2763/2643/2717 2758/2638/2712
f 2758/2638/2712 2764/2644/2718 2769/2649/2723
f 2770/2650/2724 2764/2644/2718 2759/2639/2713
f 2770/2650/2724 2759/2639/2713 2765/2645/2719
f 2771/2651/2725 2765/2645/2719 2766/2646/2720
f 2766/2646/2720 2772/2652/2726 2771/2651/2725
f 2737/2617/2691 2767/2647/2721 2773/2653/2727
f 2774/2654/2728 2737/2617/2691 2773/2653/2727
f 2775/2655/2729 2768/2648/2722 2763/2643/2717
f 2775/2655/2729 2763/2643/2717 2769/2649/2723
f 2764/2644/2718 2776/2656/2730 2769/2649/2723
f 2776/2656/2730 2764/2644/2718 2770/2650/2724
f 2777/2657/2731 2770/2650/2724 2765/2645/2719
f 2777/2657/2731 2765/2645/2719 2771/2651/2725
f 2772/2652/2726 2778/2658/2732 2771/2651/2725
f 2772/2652/2726 2779/2659/2733 2778/2658/2732
f 2774/2654/2728 2773/2653/2727 2780/2660/2734
f 2781/2661/2735 2774/2654/2728 2780/2660/2734
f 2782/2662/2736 2775/2655/2729 2769/2649/2723
f 2769/2649/2723 2776/2656/2730 2782/2662/2736
f 2783/2663/2737 2776/2656/2730 2770/2650/2724
f 2783/2663/2737 2770/2650/2724 2777/2657/2731
f 2784/2664/2738 2777/2657/2731 2771/2651/2725
f 2771/2651/2725 2778/2658/2732 2784/2664/2738
f 2779/2659/2733 2785/2665/2739 2778/2658/2732
f 2779/2659/2733 2786/2666/2740 2785/2665/2739
f 2780/2660/2734 2787/2667/2741 2781/2661/2735
f 2787/2667/2741 2788/2668/2742 2781/2661/2735
f 2776/2656/2730 2789/2669/2743 2782/2662/2736
f 2789/2669/2743 2776/2656/2730 2783/2663/2737
f 2790/2670/2744 2783/2663/2737 2777/2657/2731
f 2790/2670/2744 2777/2657/2731 2784/2664/2738
f 2778/2658/2732 2791/2671/2745 2784/2664/2738
f 2778/2658/2732 2785/2665/2739 2791/2671/2745
f 2786/2666/2740 2792/2672/2746 2785/2665/2739
f 2792/2672/2746 2786/2666/2740 2793/2673/2747
f 2787/2667/2741 2794/2674/2748 2788/2668/2742
f 2794/2674/2748 2795/2675/2749 2788/2668/2742
f 2796/2676/2750 2789/2669/2743 2783/2663/2737
f 2796/2676/2750 2783/2663/2737 2790/2670/2744
f 2797/2677/2751 2790/2670/2744 2784/2664/2738
f 2784/2664/2738 2791/2671/2745 2797/2677/2751
f 2785/2665/2739 2798/2678/2752 2791/2671/2745
f 2785/2665/2739 2792/2672/2746 2798/2678/2752
f 2799/2679/2753 2792/2672/2746 2793/2673/2747
f 2799/2679/2753 2793/2673/2747 2800/2680/2754
f 2794/2674/2748 2801/2681/2755 2795/2675/2749
f 2801/2681/2755 2802/2682/2756 2795/2675/2749
f 2801/2681/2755 2803/2683/2757 2802/2682/2756
f 2803/2683/2757 2804/2684/2758 2802/2682/2756
f 2803/2683/2757 2801/2681/2755 2805/2685/2759
f 2801/2681/2755 2806/2686/2760 2805/2685/2759
f 2801/2681/2755 2794/2674/2748 2806/2686/2760
f 2807/2687/2761 2805/2685/2759 2806/2686/2760
f 2794/2674/2748 2808/2688/2762 2806/2686/2760
f 2794/2674/2748 2787/2667/2741 2808/2688/2762
f 2809/2689/2763 2807/2687/2761 2806/2686/2760
f 2809/2689/2763 2806/2686/2760 2808/2688/2762
f 2807/2687/2761 2809/2689/2763 2810/2690/2764
f 2787/2667/2741 2811/2691/2765 2808/2688/2762
f 2787/2667/2741 2780/2660/2734 2811/2691/2765
f 2812/2692/2766 2809/2689/2763 2808/2688/2762
f 2812/2692/2766 2808/2688/2762 2811/2691/2765
f 2809/2689/2763 2813/2693/2767 2810/2690/2764
f 2809/2689/2763 2812/2692/2766 2813/2693/2767
f 2780/2660/2734 2814/2694/2768 2811/2691/2765
f 2780/2660/2734 2773/2653/2727 2814/2694/2768
f 2815/2695/2769 2812/2692/2766 2811/2691/2765
f 2815/2695/2769 2811/2691/2765 2814/2694/2768
f 2773/2653/2727 2816/2696/2770 2814/2694/2768
f 2773/2653/2727 2767/2647/2721 2816/2696/2770
f 2810/2690/2764 2813/2693/2767 2817/2697/2771
f 2818/2698/2772 2810/2690/2764 2817/2697/2771
f 2812/2692/2766 2819/2699/2773 2813/2693/2767
f 2812/2692/2766 2815/2695/2769 2819/2699/2773
f 2820/2700/2774 2815/2695/2769 2814/2694/2768
f 2820/2700/2774 2814/2694/2768 2816/2696/2770
f 2767/2647/2721 2821/2701/2775 2816/2696/2770
f 2761/2641/2715 2821/2701/2775 2767/2647/2721
f 2822/2702/2776 2816/2696/2770 2821/2701/2775
f 2822/2702/2776 2820/2700/2774 2816/2696/2770
f 2823/2703/2777 2821/2701/2775 2761/2641/2715
f 2823/2703/2777 2822/2702/2776 2821/2701/2775
f 2756/2636/2710 2823/2703/2777 2761/2641/2715
f 2823/2703/2777 2756/2636/2710 2762/2642/2716
f 2762/2642/2716 2824/2704/2778 2823/2703/2777
f 2824/2704/2778 2822/2702/2776 2823/2703/2777
f 2762/2642/2716 2768/2648/2722 2824/2704/2778
f 2825/2705/2779 2815/2695/2769 2820/2700/2774
f 2815/2695/2769 2825/2705/2779 2819/2699/2773
f 2826/2706/2780 2820/2700/2774 2822/2702/2776
f 2824/2704/2778 2826/2706/2780 2822/2702/2776
f 2826/2706/2780 2825/2705/2779 2820/2700/2774
f 2768/2648/2722 2827/2707/2781 2824/2704/2778
f 2826/2706/2780 2824/2704/2778 2827/2707/2781
f 2827/2707/2781 2768/2648/2722 2775/2655/2729
f 2825/2705/2779 2826/2706/2780 2828/2708/2782
f 2828/2708/2782 2826/2706/2780 2827/2707/2781
f 2829/2709/2783 2827/2707/2781 2775/2655/2729
f 2828/2708/2782 2827/2707/2781 2829/2709/2783
f 2829/2709/2783 2775/2655/2729 2782/2662/2736
f 2819/2699/2773 2825/2705/2779 2830/2710/2784
f 2830/2710/2784 2825/2705/2779 2828/2708/2782
f 2831/2711/2785 2829/2709/2783 2782/2662/2736
f 2782/2662/2736 2789/2669/2743 2831/2711/2785
f 2832/2712/2786 2828/2708/2782 2829/2709/2783
f 2830/2710/2784 2828/2708/2782 2832/2712/2786
f 2832/2712/2786 2829/2709/2783 2831/2711/2785
f 2833/2713/2787 2819/2699/2773 2830/2710/2784
f 2813/2693/2767 2819/2699/2773 2833/2713/2787
f 2817/2697/2771 2813/2693/2767 2833/2713/2787
f 2789/2669/2743 2834/2714/2788 2831/2711/2785
f 2834/2714/2788 2789/2669/2743 2796/2676/2750
f 2835/2715/2789 2832/2712/2786 2831/2711/2785
f 2835/2715/2789 2831/2711/2785 2834/2714/2788
f 2836/2716/2790 2830/2710/2784 2832/2712/2786
f 2833/2713/2787 2830/2710/2784 2836/2716/2790
f 2836/2716/2790 2832/2712/2786 2835/2715/2789
f 2817/2697/2771 2833/2713/2787 2837/2717/2791
f 2837/2717/2791 2833/2713/2787 2836/2716/2790
f 2838/2718/2792 2836/2716/2790 2835/2715/2789
f 2837/2717/2791 2836/2716/2790 2838/2718/2792
f 2839/2719/2793 2835/2715/2789 2834/2714/2788
f 2838/2718/2792 2835/2715/2789 2839/2719/2793
f 2840/2720/2794 2834/2714/2788 2796/2676/2750
f 2839/2719/2793 2834/2714/2788 2840/2720/2794
f 2841/2721/2795 2817/2697/2771 2837/2717/2791
f 2818/2698/2772 2817/2697/2771 2841/2721/2795
f 2842/2722/2796 2818/2698/2772 2841/2721/2795
f 2843/2723/2797 2837/2717/2791 2838/2718/2792
f 2841/2721/2795 2837/2717/2791 2843/2723/2797
f 2842/2722/2796 2841/2721/2795 2844/2724/2798
f 2844/2724/2798 2841/2721/2795 2843/2723/2797
f 2845/2725/2799 2842/2722/2796 2844/2724/2798
f 2845/2725/2799 2844/2724/2798 2846/2726/2800
f 2847/2727/2801 2838/2718/2792 2839/2719/2793
f 2843/2723/2797 2838/2718/2792 2847/2727/2801
f 2844/2724/2798 2848/2728/2802 2846/2726/2800
f 2849/2729/2803 2846/2726/2800 2848/2728/2802
f 2844/2724/2798 2843/2723/2797 2850/2730/2804
f 2850/2730/2804 2843/2723/2797 2847/2727/2801
f 2848/2728/2802 2844/2724/2798 2850/2730/2804
f 2847/2727/2801 2839/2719/2793 2851/2731/2805
f 2851/2731/2805 2839/2719/2793 2840/2720/2794
f 2852/2732/2806 2849/2729/2803 2848/2728/2802
f 2853/2733/2807 2849/2729/2803 2852/2732/2806
f 2850/2730/2804 2847/2727/2801 2854/2734/2808
f 2854/2734/2808 2847/2727/2801 2851/2731/2805
f 2848/2728/2802 2850/2730/2804 2855/2735/2809
f 2852/2732/2806 2848/2728/2802 2855/2735/2809
f 2855/2735/2809 2850/2730/2804 2854/2734/2808
f 2856/2736/2810 2853/2733/2807 2852/2732/2806
f 2857/2737/2811 2853/2733/2807 2856/2736/2810
f 2852/2732/2806 2855/2735/2809 2858/2738/2812
f 2856/2736/2810 2852/2732/2806 2858/2738/2812
f 2855/2735/2809 2854/2734/2808 2859/2739/2813
f 2858/2738/2812 2855/2735/2809 2859/2739/2813
f 2854/2734/2808 2851/2731/2805 2860/2740/2814
f 2859/2739/2813 2854/2734/2808 2860/2740/2814
f 2851/2731/2805 2840/2720/2794 2861/2741/2815
f 2860/2740/2814 2851/2731/2805 2861/2741/2815
f 2862/2742/2816 2857/2737/2811 2856/2736/2810
f 2863/2743/2817 2857/2737/2811 2862/2742/2816
f 2864/2744/2818 2863/2743/2817 2862/2742/2816
f 2863/2743/2817 2864/2744/2818 2865/2745/2819
f 2856/2736/2810 2866/2746/2820 2862/2742/2816
f 2864/2744/2818 2862/2742/2816 2866/2746/2820
f 2858/2738/2812 2867/2747/2821 2856/2736/2810
f 2867/2747/2821 2866/2746/2820 2856/2736/2810
f 2859/2739/2813 2868/2748/2822 2858/2738/2812
f 2868/2748/2822 2867/2747/2821 2858/2738/2812
f 2860/2740/2814 2869/2749/2823 2859/2739/2813
f 2869/2749/2823 2868/2748/2822 2859/2739/2813
f 2861/2741/2815 2840/2720/2794 2870/2750/2824
f 2840/2720/2794 2796/2676/2750 2870/2750/2824
f 2870/2750/2824 2796/2676/2750 2790/2670/2744
f 2870/2750/2824 2790/2670/2744 2797/2677/2751
f 2861/2741/2815 2871/2751/2825 2860/2740/2814
f 2871/2751/2825 2869/2749/2823 2860/2740/2814
f 2861/2741/2815 2870/2750/2824 2872/2752/2826
f 2872/2752/2826 2870/2750/2824 2797/2677/2751
f 2871/2751/2825 2861/2741/2815 2872/2752/2826
f 2797/2677/2751 2873/2753/2827 2872/2752/2826
f 2791/2671/2745 2873/2753/2827 2797/2677/2751
f 2791/2671/2745 2798/2678/2752 2873/2753/2827
f 2872/2752/2826 2874/2754/2828 2871/2751/2825
f 2873/2753/2827 2874/2754/2828 2872/2752/2826
f 2871/2751/2825 2875/2755/2829 2869/2749/2823
f 2874/2754/2828 2875/2755/2829 2871/2751/2825
f 2869/2749/2823 2876/2756/2830 2868/2748/2822
f 2875/2755/2829 2876/2756/2830 2869/2749/2823
f 2798/2678/2752 2877/2757/2831 2873/2753/2827
f 2873/2753/2827 2877/2757/2831 2874/2754/2828
f 2874/2754/2828 2878/2758/2832 2875/2755/2829
f 2877/2757/2831 2878/2758/2832 2874/2754/2828
f 2798/2678/2752 2879/2759/2833 2877/2757/2831
f 2792/2672/2746 2879/2759/2833 2798/2678/2752
f 2879/2759/2833 2792/2672/2746 2799/2679/2753
f 2879/2759/2833 2880/2760/2834 2877/2757/2831
f 2877/2757/2831 2880/2760/2834 2878/2758/2832
f 2878/2758/2832 2881/2761/2835 2875/2755/2829
f 2875/2755/2829 2881/2761/2835 2876/2756/2830
f 2876/2756/2830 2882/2762/2836 2868/2748/2822
f 2868/2748/2822 2882/2762/2836 2867/2747/2821
f 2883/2763/2837 2879/2759/2833 2799/2679/2753
f 2880/2760/2834 2879/2759/2833 2883/2763/2837
f 2880/2760/2834 2884/2764/2838 2878/2758/2832
f 2878/2758/2832 2884/2764/2838 2881/2761/2835
f 2881/2761/2835 2885/2765/2839 2876/2756/2830
f 2876/2756/2830 2885/2765/2839 2882/2762/2836
f 2882/2762/2836 2886/2766/2840 2867/2747/2821
f 2866/2746/2820 2867/2747/2821 2886/2766/2840
f 2883/2763/2837 2799/2679/2753 2887/2767/2841
f 2887/2767/2841 2799/2679/2753 2800/2680/2754
f 2887/2767/2841 2800/2680/2754 2888/2768/2842
f 2889/2769/2843 2880/2760/2834 2883/2763/2837
f 2884/2764/2838 2880/2760/2834 2889/2769/2843
f 2884/2764/2838 2890/2770/2844 2881/2761/2835
f 2881/2761/2835 2890/2770/2844 2885/2765/2839
f 2885/2765/2839 2891/2771/2845 2882/2762/2836
f 2882/2762/2836 2891/2771/2845 2886/2766/2840
f 2892/2772/2846 2887/2767/2841 2888/2768/2842
f 2892/2772/2846 2888/2768/2842 2893/2773/2847
f 2894/2774/2848 2883/2763/2837 2887/2767/2841
f 2889/2769/2843 2883/2763/2837 2894/2774/2848
f 2894/2774/2848 2887/2767/2841 2892/2772/2846
f 2895/2775/2849 2884/2764/2838 2889/2769/2843
f 2890/2770/2844 2884/2764/2838 2895/2775/2849
f 2890/2770/2844 2896/2776/2850 2885/2765/2839
f 2885/2765/2839 2896/2776/2850 2891/2771/2845
f 2897/2777/2851 2892/2772/2846 2893/2773/2847
f 2893/2773/2847 2898/2778/2852 2897/2777/2851
f 2899/2779/2853 2894/2774/2848 2892/2772/2846
f 2899/2779/2853 2892/2772/2846 2897/2777/2851
f 2900/2780/2854 2889/2769/2843 2894/2774/2848
f 2895/2775/2849 2889/2769/2843 2900/2780/2854
f 2900/2780/2854 2894/2774/2848 2899/2779/2853
f 2901/2781/2855 2890/2770/2844 2895/2775/2849
f 2896/2776/2850 2890/2770/2844 2901/2781/2855
f 2902/2782/2856 2895/2775/2849 2900/2780/2854
f 2901/2781/2855 2895/2775/2849 2902/2782/2856
f 2903/2783/2857 2900/2780/2854 2899/2779/2853
f 2902/2782/2856 2900/2780/2854 2903/2783/2857
f 2904/2784/2858 2899/2779/2853 2897/2777/2851
f 2903/2783/2857 2899/2779/2853 2904/2784/2858
f 2898/2778/2852 2905/2785/2859 2897/2777/2851
f 2904/2784/2858 2897/2777/2851 2905/2785/2859
f 2905/2785/2859 2898/2778/2852 2906/2786/2860
f 2898/2778/2852 2907/2787/2861 2906/2786/2860
f 2908/2788/2862 2904/2784/2858 2905/2785/2859
f 2908/2788/2862 2905/2785/2859 2906/2786/2860
f 2909/2789/2863 2903/2783/2857 2904/2784/2858
f 2909/2789/2863 2904/2784/2858 2908/2788/2862
f 2910/2790/2864 2902/2782/2856 2903/2783/2857
f 2910/2790/2864 2903/2783/2857 2909/2789/2863
f 2911/2791/2865 2901/2781/2855 2902/2782/2856
f 2911/2791/2865 2902/2782/2856 2910/2790/2864
f 2912/2792/2866 2906/2786/2860 2907/2787/2861
f 2913/2793/2867 2912/2792/2866 2907/2787/2861
f 2914/2794/2868 2901/2781/2855 2911/2791/2865
f 2914/2794/2868 2896/2776/2850 2901/2781/2855
f 2915/2795/2869 2912/2792/2866 2913/2793/2867
f 2916/2796/2870 2915/2795/2869 2913/2793/2867
f 2917/2797/2871 2896/2776/2850 2914/2794/2868
f 2896/2776/2850 2917/2797/2871 2891/2771/2845
f 2915/2795/2869 2916/2796/2870 2918/2798/2872
f 2916/2796/2870 2919/2799/2873 2918/2798/2872
f 2891/2771/2845 2917/2797/2871 2920/2800/2874
f 2891/2771/2845 2920/2800/2874 2886/2766/2840
f 2921/2801/2875 2918/2798/2872 2919/2799/2873
f 2922/2802/2876 2921/2801/2875 2919/2799/2873
f 2923/2803/2877 2921/2801/2875 2922/2802/2876
f 2924/2804/2878 2923/2803/2877 2922/2802/2876
f 2923/2803/2877 2924/2804/2878 2925/2805/2879
f 2924/2804/2878 2926/2806/2880 2925/2805/2879
f 2921/2801/2875 2923/2803/2877 2927/2807/2881
f 2923/2803/2877 2925/2805/2879 2927/2807/2881
f 2918/2798/2872 2921/2801/2875 2928/2808/2882
f 2928/2808/2882 2921/2801/2875 2927/2807/2881
f 2915/2795/2869 2918/2798/2872 2929/2809/2883
f 2929/2809/2883 2918/2798/2872 2928/2808/2882
f 2930/2810/2884 2915/2795/2869 2929/2809/2883
f 2915/2795/2869 2930/2810/2884 2912/2792/2866
f 2930/2810/2884 2931/2811/2885 2912/2792/2866
f 2912/2792/2866 2931/2811/2885 2906/2786/2860
f 2931/2811/2885 2932/2812/2886 2906/2786/2860
f 2932/2812/2886 2908/2788/2862 2906/2786/2860
f 2933/2813/2887 2908/2788/2862 2932/2812/2886
f 2933/2813/2887 2909/2789/2863 2908/2788/2862
f 2934/2814/2888 2909/2789/2863 2933/2813/2887
f 2934/2814/2888 2910/2790/2864 2909/2789/2863
f 2935/2815/2889 2910/2790/2864 2934/2814/2888
f 2935/2815/2889 2911/2791/2865 2910/2790/2864
f 2936/2816/2890 2911/2791/2865 2935/2815/2889
f 2936/2816/2890 2914/2794/2868 2911/2791/2865
f 2937/2817/2891 2914/2794/2868 2936/2816/2890
f 2937/2817/2891 2917/2797/2871 2914/2794/2868
f 2938/2818/2892 2917/2797/2871 2937/2817/2891
f 2917/2797/2871 2938/2818/2892 2920/2800/2874
f 2931/2811/2885 2939/2819/2893 2932/2812/2886
f 2940/2820/2894 2933/2813/2887 2932/2812/2886
f 2939/2819/2893 2940/2820/2894 2932/2812/2886
f 2941/2821/2895 2934/2814/2888 2933/2813/2887
f 2941/2821/2895 2933/2813/2887 2940/2820/2894
f 2942/2822/2896 2935/2815/2889 2934/2814/2888
f 2942/2822/2896 2934/2814/2888 2941/2821/2895
f 2943/2823/2897 2936/2816/2890 2935/2815/2889
f 2943/2823/2897 2935/2815/2889 2942/2822/2896
f 2944/2824/2898 2937/2817/2891 2936/2816/2890
f 2944/2824/2898 2936/2816/2890 2943/2823/2897
f 2945/2825/2899 2938/2818/2892 2937/2817/2891
f 2945/2825/2899 2937/2817/2891 2944/2824/2898
f 2946/2826/2900 2941/2821/2895 2940/2820/2894
f 2946/2826/2900 2940/2820/2894 2939/2819/2893
f 2947/2827/2901 2942/2822/2896 2941/2821/2895
f 2947/2827/2901 2941/2821/2895 2946/2826/2900
f 2948/2828/2902 2943/2823/2897 2942/2822/2896
f 2948/2828/2902 2942/2822/2896 2947/2827/2901
f 2949/2829/2903 2944/2824/2898 2943/2823/2897
f 2949/2829/2903 2943/2823/2897 2948/2828/2902
f 2950/2830/2904 2938/2818/2892 2945/2825/2899
f 2920/2800/2874 2938/2818/2892 2950/2830/2904
f 2951/2831/2905 2945/2825/2899 2944/2824/2898
f 2951/2831/2905 2944/2824/2898 2949/2829/2903
f 2952/2832/2906 2950/2830/2904 2945/2825/2899
f 2945/2825/2899 2951/2831/2905 2952/2832/2906
f 2920/2800/2874 2950/2830/2904 2953/2833/2907
f 2920/2800/2874 2953/2833/2907 2886/2766/2840
f 2950/2830/2904 2952/2832/2906 2954/2834/2908
f 2950/2830/2904 2954/2834/2908 2953/2833/2907
f 2953/2833/2907 2955/2835/2909 2886/2766/2840
f 2955/2835/2909 2866/2746/2820 2886/2766/2840
f 2955/2835/2909 2864/2744/2818 2866/2746/2820
f 2864/2744/2818 2955/2835/2909 2953/2833/2907
f 2956/2836/2910 2864/2744/2818 2953/2833/2907
f 2953/2833/2907 2954/2834/2908 2956/2836/2910
f 2864/2744/2818 2956/2836/2910 2865/2745/2819
f 2956/2836/2910 2957/2837/2911 2865/2745/2819
f 2954/2834/2908 2957/2837/2911 2956/2836/2910
f 2957/2837/2911 2958/2838/2912 2865/2745/2819
f 2952/2832/2906 2959/2839/2913 2954/2834/2908
f 2954/2834/2908 2959/2839/2913 2957/2837/2911
f 2958/2838/2912 2957/2837/2911 2960/2840/2914
f 2959/2839/2913 2960/2840/2914 2957/2837/2911
f 2961/2841/2915 2958/2838/2912 2960/2840/2914
f 2959/2839/2913 2952/2832/2906 2962/2842/2916
f 2951/2831/2905 2962/2842/2916 2952/2832/2906
f 2961/2841/2915 2960/2840/2914 2963/2843/2917
f 2964/2844/2918 2961/2841/2915 2963/2843/2917
f 2960/2840/2914 2959/2839/2913 2965/2845/2919
f 2965/2845/2919 2959/2839/2913 2962/2842/2916
f 2963/2843/2917 2960/2840/2914 2965/2845/2919
f 2951/2831/2905 2966/2846/2920 2962/2842/2916
f 2966/2846/2920 2951/2831/2905 2949/2829/2903
f 2964/2844/2918 2963/2843/2917 2967/2847/2921
f 2968/2848/2922 2964/2844/2918 2967/2847/2921
f 2963/2843/2917 2965/2845/2919 2969/2849/2923
f 2967/2847/2921 2963/2843/2917 2969/2849/2923
f 2965/2845/2919 2962/2842/2916 2970/2850/2924
f 2966/2846/2920 2970/2850/2924 2962/2842/2916
f 2969/2849/2923 2965/2845/2919 2970/2850/2924
f 2966/2846/2920 2949/2829/2903 2971/2851/2925
f 2971/2851/2925 2949/2829/2903 2948/2828/2902
f 2968/2848/2922 2967/2847/2921 2972/2852/2926
f 2973/2853/2927 2968/2848/2922 2972/2852/2926
f 2970/2850/2924 2966/2846/2920 2974/2854/2928
f 2974/2854/2928 2966/2846/2920 2971/2851/2925
f 2969/2849/2923 2975/2855/2929 2967/2847/2921
f 2975/2855/2929 2972/2852/2926 2967/2847/2921
f 2970/2850/2924 2976/2856/2930 2969/2849/2923
f 2976/2856/2930 2970/2850/2924 2974/2854/2928
f 2976/2856/2930 2975/2855/2929 2969/2849/2923
f 2973/2853/2927 2972/2852/2926 2977/2857/2931
f 2978/2858/2932 2973/2853/2927 2977/2857/2931
f 2979/2859/2933 2976/2856/2930 2974/2854/2928
f 2975/2855/2929 2976/2856/2930 2979/2859/2933
f 2972/2852/2926 2975/2855/2929 2980/2860/2934
f 2977/2857/2931 2972/2852/2926 2980/2860/2934
f 2980/2860/2934 2975/2855/2929 2979/2859/2933
f 2981/2861/2935 2974/2854/2928 2971/2851/2925
f 2981/2861/2935 2979/2859/2933 2974/2854/2928
f 2978/2858/2932 2977/2857/2931 2982/2862/2936
f 2983/2863/2937 2978/2858/2932 2982/2862/2936
f 2977/2857/2931 2980/2860/2934 2984/2864/2938
f 2982/2862/2936 2977/2857/2931 2984/2864/2938
f 2980/2860/2934 2979/2859/2933 2985/2865/2939
f 2984/2864/2938 2980/2860/2934 2985/2865/2939
f 2979/2859/2933 2981/2861/2935 2985/2865/2939
f 2986/2866/2940 2981/2861/2935 2971/2851/2925
f 2986/2866/2940 2971/2851/2925 2948/2828/2902
f 2983/2863/2937 2982/2862/2936 2987/2867/2941
f 2988/2868/2942 2983/2863/2937 2987/2867/2941
f 2989/2869/2943 2988/2868/2942 2987/2867/2941
f 2984/2864/2938 2990/2870/2944 2982/2862/2936
f 2990/2870/2944 2984/2864/2938 2985/2865/2939
f 2990/2870/2944 2987/2867/2941 2982/2862/2936
f 2981/2861/2935 2991/2871/2945 2985/2865/2939
f 2981/2861/2935 2986/2866/2940 2991/2871/2945
f 2992/2872/2946 2989/2869/2943 2987/2867/2941
f 2989/2869/2943 2992/2872/2946 2993/2873/2947
f 2994/2874/2948 2990/2870/2944 2985/2865/2939
f 2994/2874/2948 2985/2865/2939 2991/2871/2945
f 2987/2867/2941 2990/2870/2944 2995/2875/2949
f 2992/2872/2946 2987/2867/2941 2995/2875/2949
f 2995/2875/2949 2990/2870/2944 2994/2874/2948
f 2992/2872/2946 2996/2876/2950 2993/2873/2947
f 2992/2872/2946 2995/2875/2949 2997/2877/2951
f 2996/2876/2950 2992/2872/2946 2997/2877/2951
f 2993/2873/2947 2996/2876/2950 2998/2878/2952
f 2999/2879/2953 2993/2873/2947 2998/2878/2952
f 2996/2876/2950 2997/2877/2951 3000/2880/2954
f 2996/2876/2950 3000/2880/2954 2998/2878/2952
f 2999/2879/2953 2998/2878/2952 3001/2881/2955
f 3002/2882/2956 2999/2879/2953 3001/2881/2955
f 2998/2878/2952 3000/2880/2954 3003/2883/2957
f 3001/2881/2955 2998/2878/2952 3003/2883/2957
f 3001/2881/2955 3004/2884/2958 3002/2882/2956
f 3004/2884/2958 3005/2885/2959 3002/2882/2956
f 2997/2877/2951 3006/2886/2960 3000/2880/2954
f 3000/2880/2954 3006/2886/2960 3003/2883/2957
f 3007/2887/2961 3004/2884/2958 3001/2881/2955
f 3003/2883/2957 3007/2887/2961 3001/2881/2955
f 3004/2884/2958 3008/2888/2962 3005/2885/2959
f 3008/2888/2962 3009/2889/2963 3005/2885/2959
f 3007/2887/2961 3010/2890/2964 3004/2884/2958
f 3010/2890/2964 3008/2888/2962 3004/2884/2958
f 3009/2889/2963 3008/2888/2962 3011/2891/2965
f 3012/2892/2966 3009/2889/2963 3011/2891/2965
f 3008/2888/2962 3010/2890/2964 3013/2893/2967
f 3011/2891/2965 3008/2888/2962 3013/2893/2967
f 3012/2892/2966 3011/2891/2965 3014/2894/2968
f 3015/2895/2969 3012/2892/2966 3014/2894/2968
f 3011/2891/2965 3013/2893/2967 3016/2896/2970
f 3014/2894/2968 3011/2891/2965 3016/2896/2970
f 3015/2895/2969 3014/2894/2968 3017/2897/2971
f 3018/2898/2972 3015/2895/2969 3017/2897/2971
f 3016/2896/2970 3019/2899/2973 3014/2894/2968
f 3019/2899/2973 3017/2897/2971 3014/2894/2968
f 3018/2898/2972 3017/2897/2971 3020/2900/2974
f 3021/2901/2975 3018/2898/2972 3020/2900/2974
f 3017/2897/2971 3019/2899/2973 3022/2902/2976
f 3020/2900/2974 3017/2897/2971 3022/2902/2976
f 3021/2901/2975 3020/2900/2974 3023/2903/2977
f 3024/2904/2978 3021/2901/2975 3023/2903/2977
f 3020/2900/2974 3022/2902/2976 3025/2905/2979
f 3023/2903/2977 3020/2900/2974 3025/2905/2979
f 3024/2904/2978 3023/2903/2977 3026/2906/2980
f 3027/2907/2981 3024/2904/2978 3026/2906/2980
f 3027/2907/2981 3026/2906/2980 3028/2908/2982
f 3029/2909/2983 3027/2907/2981 3028/2908/2982
f 3030/2910/2984 3028/2908/2982 3026/2906/2980
f 3026/2906/2980 3023/2903/2977 3031/2911/2985
f 3031/2911/2985 3030/2910/2984 3026/2906/2980
f 3023/2903/2977 3025/2905/2979 3031/2911/2985
f 3030/2910/2984 3031/2911/2985 3032/2912/2986
f 3031/2911/2985 3033/2913/2987 3032/2912/2986
f 3031/2911/2985 3025/2905/2979 3033/2913/2987
f 3034/2914/2988 3032/2912/2986 3033/2913/2987
f 3035/2915/2989 3025/2905/2979 3022/2902/2976
f 3025/2905/2979 3035/2915/2989 3033/2913/2987
f 3033/2913/2987 3035/2915/2989 3036/2916/2990
f 3037/2917/2991 3035/2915/2989 3022/2902/2976
f 3036/2916/2990 3035/2915/2989 3037/2917/2991
f 3037/2917/2991 3022/2902/2976 3019/2899/2973
f 3038/2918/2992 3034/2914/2988 3033/2913/2987
f 3038/2918/2992 3033/2913/2987 3036/2916/2990
f 3039/2919/2993 3037/2917/2991 3019/2899/2973
f 3039/2919/2993 3019/2899/2973 3016/2896/2970
f 3038/2918/2992 3040/2920/2994 3034/2914/2988
f 3040/2920/2994 3041/2921/2995 3034/2914/2988
f 3042/2922/2996 3040/2920/2994 3038/2918/2992
f 3043/2923/2997 3042/2922/2996 3038/2918/2992
f 3038/2918/2992 3036/2916/2990 3043/2923/2997
f 3037/2917/2991 3039/2919/2993 3044/2924/2998
f 3044/2924/2998 3036/2916/2990 3037/2917/2991
f 3045/2925/2999 3039/2919/2993 3016/2896/2970
f 3045/2925/2999 3016/2896/2970 3013/2893/2967
f 3042/2922/2996 3043/2923/2997 3046/2926/3000
f 3047/2927/3001 3042/2922/2996 3046/2926/3000
f 3047/2927/3001 3046/2926/3000 3048/2928/3002
f 3049/2929/3003 3047/2927/3001 3048/2928/3002
f 3048/2928/3002 3046/2926/3000 3050/2930/3004
f 3046/2926/3000 3051/2931/3005 3050/2930/3004
f 3052/2932/3006 3046/2926/3000 3043/2923/2997
f 3051/2931/3005 3046/2926/3000 3052/2932/3006
f 3036/2916/2990 3053/2933/3007 3043/2923/2997
f 3053/2933/3007 3052/2932/3006 3043/2923/2997
f 3054/2934/3008 3051/2931/3005 3052/2932/3006
f 3055/2935/3009 3051/2931/3005 3054/2934/3008
f 3056/2936/3010 3053/2933/3007 3036/2916/2990
f 3044/2924/2998 3056/2936/3010 3036/2916/2990
f 3057/2937/3011 3052/2932/3006 3053/2933/3007
f 3054/2934/3008 3052/2932/3006 3057/2937/3011
f 3056/2936/3010 3057/2937/3011 3053/2933/3007
f 3058/2938/3012 3055/2935/3009 3054/2934/3008
f 3055/2935/3009 3058/2938/3012 3059/2939/3013
f 3060/2940/3014 3054/2934/3008 3057/2937/3011
f 3058/2938/3012 3054/2934/3008 3060/2940/3014
f 3058/2938/3012 3061/2941/3015 3059/2939/3013
f 3059/2939/3013 3061/2941/3015 3062/2942/3016
f 3063/2943/3017 3058/2938/3012 3060/2940/3014
f 3058/2938/3012 3063/2943/3017 3061/2941/3015
f 3064/2944/3018 3060/2940/3014 3057/2937/3011
f 3060/2940/3014 3064/2944/3018 3063/2943/3017
f 3057/2937/3011 3056/2936/3010 3065/2945/3019
f 3065/2945/3019 3064/2944/3018 3057/2937/3011
f 3044/2924/2998 3066/2946/3020 3056/2936/3010
f 3056/2936/3010 3067/2947/3021 3065/2945/3019
f 3066/2946/3020 3067/2947/3021 3056/2936/3010
f 3066/2946/3020 3044/2924/2998 3068/2948/3022
f 3039/2919/2993 3068/2948/3022 3044/2924/2998
f 3068/2948/3022 3039/2919/2993 3045/2925/2999
f 3069/2949/3023 3066/2946/3020 3068/2948/3022
f 3066/2946/3020 3069/2949/3023 3067/2947/3021
f 3070/2950/3024 3068/2948/3022 3045/2925/2999
f 3068/2948/3022 3070/2950/3024 3069/2949/3023
f 3045/2925/2999 3071/2951/3025 3070/2950/3024
f 3071/2951/3025 3045/2925/2999 3013/2893/2967
f 3071/2951/3025 3013/2893/2967 3010/2890/2964
f 3072/2952/3026 3071/2951/3025 3010/2890/2964
f 3072/2952/3026 3010/2890/2964 3007/2887/2961
f 3071/2951/3025 3073/2953/3027 3070/2950/3024
f 3073/2953/3027 3071/2951/3025 3072/2952/3026
f 3070/2950/3024 3074/2954/3028 3069/2949/3023
f 3070/2950/3024 3073/2953/3027 3074/2954/3028
f 3069/2949/3023 3075/2955/3029 3067/2947/3021
f 3075/2955/3029 3069/2949/3023 3074/2954/3028
f 3076/2956/3030 3072/2952/3026 3007/2887/2961
f 3076/2956/3030 3007/2887/2961 3003/2883/2957
f 3077/2957/3031 3073/2953/3027 3072/2952/3026
f 3077/2957/3031 3072/2952/3026 3076/2956/3030
f 3075/2955/3029 3078/2958/3032 3067/2947/3021
f 3078/2958/3032 3065/2945/3019 3067/2947/3021
f 3073/2953/3027 3079/2959/3033 3074/2954/3028
f 3073/2953/3027 3077/2957/3031 3079/2959/3033
f 3080/2960/3034 3075/2955/3029 3074/2954/3028
f 3078/2958/3032 3075/2955/3029 3080/2960/3034
f 3080/2960/3034 3074/2954/3028 3079/2959/3033
f 3081/2961/3035 3076/2956/3030 3003/2883/2957
f 3006/2886/2960 3081/2961/3035 3003/2883/2957
f 3082/2962/3036 3077/2957/3031 3076/2956/3030
f 3082/2962/3036 3076/2956/3030 3081/2961/3035
f 3077/2957/3031 3083/2963/3037 3079/2959/3033
f 3083/2963/3037 3077/2957/3031 3082/2962/3036
f 3084/2964/3038 3080/2960/3034 3079/2959/3033
f 3084/2964/3038 3079/2959/3033 3083/2963/3037
f 3085/2965/3039 3081/2961/3035 3006/2886/2960
f 3085/2965/3039 3082/2962/3036 3081/2961/3035
f 3086/2966/3040 3083/2963/3037 3082/2962/3036
f 3086/2966/3040 3082/2962/3036 3085/2965/3039
f 3087/2967/3041 3085/2965/3039 3006/2886/2960
f 3087/2967/3041 3006/2886/2960 2997/2877/2951
f 3088/2968/3042 3078/2958/3032 3080/2960/3034
f 3088/2968/3042 3080/2960/3034 3084/2964/3038
f 3089/2969/3043 3084/2964/3038 3083/2963/3037
f 3089/2969/3043 3083/2963/3037 3086/2966/3040
f 3090/2970/3044 3086/2966/3040 3085/2965/3039
f 3085/2965/3039 3087/2967/3041 3090/2970/3044
f 3091/2971/3045 3087/2967/3041 2997/2877/2951
f 2997/2877/2951 2995/2875/2949 3091/2971/3045
f 3092/2972/3046 3088/2968/3042 3084/2964/3038
f 3092/2972/3046 3084/2964/3038 3089/2969/3043
f 3093/2973/3047 3089/2969/3043 3086/2966/3040
f 3093/2973/3047 3086/2966/3040 3090/2970/3044
f 2995/2875/2949 3094/2974/3048 3091/2971/3045
f 3094/2974/3048 2995/2875/2949 2994/2874/2948
f 3094/2974/3048 2994/2874/2948 3095/2975/3049
f 3095/2975/3049 2994/2874/2948 2991/2871/2945
f 3094/2974/3048 3096/2976/3050 3091/2971/3045
f 3096/2976/3050 3094/2974/3048 3095/2975/3049
f 3091/2971/3045 3097/2977/3051 3087/2967/3041
f 3096/2976/3050 3097/2977/3051 3091/2971/3045
f 2991/2871/2945 3098/2978/3052 3095/2975/3049
f 2986/2866/2940 3098/2978/3052 2991/2871/2945
f 3096/2976/3050 3095/2975/3049 3099/2979/3053
f 3098/2978/3052 3099/2979/3053 3095/2975/3049
f 3098/2978/3052 2986/2866/2940 3100/2980/3054
f 3099/2979/3053 3098/2978/3052 3100/2980/3054
f 3101/2981/3055 3096/2976/3050 3099/2979/3053
f 3096/2976/3050 3101/2981/3055 3097/2977/3051
f 3097/2977/3051 3102/2982/3056 3087/2967/3041
f 3087/2967/3041 3102/2982/3056 3090/2970/3044
f 3102/2982/3056 3097/2977/3051 3103/2983/3057
f 3101/2981/3055 3103/2983/3057 3097/2977/3051
f 3090/2970/3044 3102/2982/3056 3104/2984/3058
f 3104/2984/3058 3102/2982/3056 3103/2983/3057
f 2986/2866/2940 3105/2985/3059 3100/2980/3054
f 3105/2985/3059 2986/2866/2940 2948/2828/2902
f 3105/2985/3059 2948/2828/2902 2947/2827/2901
f 3105/2985/3059 2947/2827/2901 3106/2986/3060
f 3100/2980/3054 3105/2985/3059 3106/2986/3060
f 3106/2986/3060 2947/2827/2901 2946/2826/2900
f 3107/2987/3061 3099/2979/3053 3100/2980/3054
f 3101/2981/3055 3099/2979/3053 3107/2987/3061
f 3106/2986/3060 2946/2826/2900 3108/2988/3062
f 3108/2988/3062 2946/2826/2900 2939/2819/2893
f 3100/2980/3054 3106/2986/3060 3109/2989/3063
f 3107/2987/3061 3100/2980/3054 3109/2989/3063
f 3109/2989/3063 3106/2986/3060 3108/2988/3062
f 3110/2990/3064 3101/2981/3055 3107/2987/3061
f 3111/2991/3065 3107/2987/3061 3109/2989/3063
f 3111/2991/3065 3110/2990/3064 3107/2987/3061
f 3112/2992/3066 3109/2989/3063 3108/2988/3062
f 3112/2992/3066 3111/2991/3065 3109/2989/3063
f 3113/2993/3067 3108/2988/3062 2939/2819/2893
f 3113/2993/3067 3112/2992/3066 3108/2988/3062
f 3101/2981/3055 3110/2990/3064 3114/2994/3068
f 3103/2983/3057 3101/2981/3055 3114/2994/3068
f 3110/2990/3064 3111/2991/3065 3115/2995/3069
f 3111/2991/3065 3112/2992/3066 3115/2995/3069
f 3114/2994/3068 3110/2990/3064 3115/2995/3069
f 3103/2983/3057 3114/2994/3068 3116/2996/3070
f 3116/2996/3070 3114/2994/3068 3115/2995/3069
f 3112/2992/3066 3117/2997/3071 3115/2995/3069
f 3112/2992/3066 3113/2993/3067 3117/2997/3071
f 3118/2998/3072 3113/2993/3067 2939/2819/2893
f 3118/2998/3072 2939/2819/2893 2931/2811/2885
f 2930/2810/2884 3118/2998/3072 2931/2811/2885
f 3118/2998/3072 2930/2810/2884 3119/2999/3073
f 3118/2998/3072 3119/2999/3073 3113/2993/3067
f 2930/2810/2884 2929/2809/2883 3119/2999/3073
f 3120/3000/3074 3103/2983/3057 3116/2996/3070
f 3104/2984/3058 3103/2983/3057 3120/3000/3074
f 3121/3001/3075 3116/2996/3070 3115/2995/3069
f 3121/3001/3075 3115/2995/3069 3117/2997/3071
f 3113/2993/3067 3122/3002/3076 3117/2997/3071
f 3119/2999/3073 3122/3002/3076 3113/2993/3067
f 3119/2999/3073 2929/2809/2883 3123/3003/3077
f 2929/2809/2883 2928/2808/2882 3123/3003/3077
f 3124/3004/3078 3117/2997/3071 3122/3002/3076
f 3124/3004/3078 3121/3001/3075 3117/2997/3071
f 3125/3005/3079 3122/3002/3076 3119/2999/3073
f 3123/3003/3077 3125/3005/3079 3119/2999/3073
f 3122/3002/3076 3125/3005/3079 3124/3004/3078
f 3116/2996/3070 3121/3001/3075 3126/3006/3080
f 3120/3000/3074 3116/2996/3070 3126/3006/3080
f 3121/3001/3075 3124/3004/3078 3127/3007/3081
f 3121/3001/3075 3127/3007/3081 3126/3006/3080
f 3125/3005/3079 3128/3008/3082 3124/3004/3078
f 3124/3004/3078 3128/3008/3082 3127/3007/3081
f 3123/3003/3077 3129/3009/3083 3125/3005/3079
f 3129/3009/3083 3128/3008/3082 3125/3005/3079
f 3123/3003/3077 2928/2808/2882 3130/3010/3084
f 3123/3003/3077 3130/3010/3084 3129/3009/3083
f 3131/3011/3085 3127/3007/3081 3128/3008/3082
f 3129/3009/3083 3131/3011/3085 3128/3008/3082
f 3126/3006/3080 3127/3007/3081 3132/3012/3086
f 3127/3007/3081 3131/3011/3085 3132/3012/3086
f 3131/3011/3085 3129/3009/3083 3133/3013/3087
f 3129/3009/3083 3130/3010/3084 3133/3013/3087
f 2928/2808/2882 3134/3014/3088 3130/3010/3084
f 2928/2808/2882 2927/2807/2881 3134/3014/3088
f 3132/3012/3086 3131/3011/3085 3135/3015/3089
f 3131/3011/3085 3133/3013/3087 3135/3015/3089
f 3132/3012/3086 3136/3016/3090 3126/3006/3080
f 3136/3016/3090 3132/3012/3086 3135/3015/3089
f 3137/3017/3091 3133/3013/3087 3130/3010/3084
f 3134/3014/3088 3137/3017/3091 3130/3010/3084
f 3134/3014/3088 2927/2807/2881 3138/3018/3092
f 3137/3017/3091 3134/3014/3088 3138/3018/3092
f 2925/2805/2879 3138/3018/3092 2927/2807/2881
f 3133/3013/3087 3137/3017/3091 3139/3019/3093
f 3135/3015/3089 3133/3013/3087 3139/3019/3093
f 3137/3017/3091 3138/3018/3092 3140/3020/3094
f 3139/3019/3093 3137/3017/3091 3140/3020/3094
f 3138/3018/3092 2925/2805/2879 3141/3021/3095
f 3141/3021/3095 3140/3020/3094 3138/3018/3092
f 3136/3016/3090 3142/3022/3096 3126/3006/3080
f 3142/3022/3096 3120/3000/3074 3126/3006/3080
f 3120/3000/3074 3142/3022/3096 3143/3023/3097
f 3143/3023/3097 3142/3022/3096 3136/3016/3090
f 3143/3023/3097 3104/2984/3058 3120/3000/3074
f 3144/3024/3098 3104/2984/3058 3143/3023/3097
f 3144/3024/3098 3090/2970/3044 3104/2984/3058
f 3144/3024/3098 3093/2973/3047 3090/2970/3044
f 3145/3025/3099 3143/3023/3097 3136/3016/3090
f 3145/3025/3099 3144/3024/3098 3143/3023/3097
f 3146/3026/3100 3093/2973/3047 3144/3024/3098
f 3145/3025/3099 3146/3026/3100 3144/3024/3098
f 3145/3025/3099 3136/3016/3090 3147/3027/3101
f 3147/3027/3101 3136/3016/3090 3135/3015/3089
f 3146/3026/3100 3148/3028/3102 3093/2973/3047
f 3148/3028/3102 3089/2969/3043 3093/2973/3047
f 3148/3028/3102 3092/2972/3046 3089/2969/3043
f 3149/3029/3103 3146/3026/3100 3145/3025/3099
f 3145/3025/3099 3147/3027/3101 3149/3029/3103
f 3150/3030/3104 3148/3028/3102 3146/3026/3100
f 3092/2972/3046 3148/3028/3102 3150/3030/3104
f 3149/3029/3103 3150/3030/3104 3146/3026/3100
f 3147/3027/3101 3135/3015/3089 3151/3031/3105
f 3135/3015/3089 3139/3019/3093 3151/3031/3105
f 3152/3032/3106 3092/2972/3046 3150/3030/3104
f 3092/2972/3046 3152/3032/3106 3088/2968/3042
f 3150/3030/3104 3149/3029/3103 3153/3033/3107
f 3150/3030/3104 3153/3033/3107 3152/3032/3106
f 3149/3029/3103 3147/3027/3101 3154/3034/3108
f 3147/3027/3101 3151/3031/3105 3154/3034/3108
f 3149/3029/3103 3154/3034/3108 3153/3033/3107
f 3151/3031/3105 3139/3019/3093 3155/3035/3109
f 3139/3019/3093 3140/3020/3094 3155/3035/3109
f 3154/3034/3108 3151/3031/3105 3156/3036/3110
f 3154/3034/3108 3156/3036/3110 3153/3033/3107
f 3151/3031/3105 3155/3035/3109 3156/3036/3110
f 3152/3032/3106 3157/3037/3111 3088/2968/3042
f 3088/2968/3042 3157/3037/3111 3078/2958/3032
f 3153/3033/3107 3158/3038/3112 3152/3032/3106
f 3152/3032/3106 3158/3038/3112 3157/3037/3111
f 3157/3037/3111 3159/3039/3113 3078/2958/3032
f 3078/2958/3032 3159/3039/3113 3065/2945/3019
f 3159/3039/3113 3064/2944/3018 3065/2945/3019
f 3157/3037/3111 3160/3040/3114 3159/3039/3113
f 3158/3038/3112 3160/3040/3114 3157/3037/3111
f 3153/3033/3107 3161/3041/3115 3158/3038/3112
f 3156/3036/3110 3161/3041/3115 3153/3033/3107
f 3159/3039/3113 3162/3042/3116 3064/2944/3018
f 3160/3040/3114 3162/3042/3116 3159/3039/3113
f 3158/3038/3112 3163/3043/3117 3160/3040/3114
f 3161/3041/3115 3163/3043/3117 3158/3038/3112
f 3161/3041/3115 3156/3036/3110 3164/3044/3118
f 3163/3043/3117 3161/3041/3115 3164/3044/3118
f 3156/3036/3110 3165/3045/3119 3164/3044/3118
f 3166/3046/3120 3163/3043/3117 3164/3044/3118
f 3165/3045/3119 3156/3036/3110 3155/3035/3109
f 3163/3043/3117 3166/3046/3120 3167/3047/3121
f 3168/3048/3122 3165/3045/3119 3155/3035/3109
f 3163/3043/3117 3169/3049/3123 3160/3040/3114
f 3169/3049/3123 3163/3043/3117 3167/3047/3121
f 3162/3042/3116 3160/3040/3114 3169/3049/3123
f 3167/3047/3121 3170/3050/3124 3169/3049/3123
f 3155/3035/3109 3171/3051/3125 3168/3048/3122
f 3171/3051/3125 3172/3052/3126 3168/3048/3122
f 3171/3051/3125 3155/3035/3109 3140/3020/3094
f 3172/3052/3126 3171/3051/3125 3173/3053/3127
f 3141/3021/3095 3171/3051/3125 3140/3020/3094
f 3171/3051/3125 3174/3054/3128 3173/3053/3127
f 3174/3054/3128 3171/3051/3125 3141/3021/3095
f 3175/3055/3129 3173/3053/3127 3174/3054/3128
f 3176/3056/3130 3174/3054/3128 3141/3021/3095
f 3141/3021/3095 2925/2805/2879 3176/3056/3130
f 2925/2805/2879 2926/2806/2880 3176/3056/3130
f 3177/3057/3131 3175/3055/3129 3174/3054/3128
f 3174/3054/3128 3176/3056/3130 3177/3057/3131
f 3176/3056/3130 2926/2806/2880 3178/3058/3132
f 3176/3056/3130 3178/3058/3132 3177/3057/3131
f 2926/2806/2880 3179/3059/3133 3178/3058/3132
f 3179/3059/3133 3180/3060/3134 3178/3058/3132
f 3180/3060/3134 3181/3061/3135 3178/3058/3132
f 3178/3058/3132 3181/3061/3135 3177/3057/3131
f 3180/3060/3134 3182/3062/3136 3181/3061/3135
f 3177/3057/3131 3183/3063/3137 3175/3055/3129
f 3181/3061/3135 3183/3063/3137 3177/3057/3131
f 3183/3063/3137 3184/3064/3138 3175/3055/3129
f 3184/3064/3138 3183/3063/3137 3185/3065/3139
f 3182/3062/3136 3186/3066/3140 3181/3061/3135
f 3181/3061/3135 3186/3066/3140 3183/3063/3137
f 3186/3066/3140 3182/3062/3136 3187/3067/3141
f 3183/3063/3137 3188/3068/3142 3185/3065/3139
f 3186/3066/3140 3188/3068/3142 3183/3063/3137
f 3170/3050/3124 3185/3065/3139 3188/3068/3142
f 3189/3069/3143 3186/3066/3140 3187/3067/3141
f 3188/3068/3142 3186/3066/3140 3189/3069/3143
f 3189/3069/3143 3187/3067/3141 3190/3070/3144
f 3191/3071/3145 3170/3050/3124 3188/3068/3142
f 3170/3050/3124 3191/3071/3145 3169/3049/3123
f 3192/3072/3146 3189/3069/3143 3190/3070/3144
f 3192/3072/3146 3190/3070/3144 3193/3073/3147
f 3194/3074/3148 3188/3068/3142 3189/3069/3143
f 3188/3068/3142 3194/3074/3148 3191/3071/3145
f 3194/3074/3148 3189/3069/3143 3192/3072/3146
f 3169/3049/3123 3191/3071/3145 3195/3075/3149
f 3195/3075/3149 3162/3042/3116 3169/3049/3123
f 3196/3076/3150 3192/3072/3146 3193/3073/3147
f 3193/3073/3147 3197/3077/3151 3196/3076/3150
f 3194/3074/3148 3198/3078/3152 3191/3071/3145
f 3191/3071/3145 3198/3078/3152 3195/3075/3149
f 3199/3079/3153 3194/3074/3148 3192/3072/3146
f 3194/3074/3148 3199/3079/3153 3198/3078/3152
f 3199/3079/3153 3192/3072/3146 3196/3076/3150
f 3197/3077/3151 3200/3080/3154 3196/3076/3150
f 3200/3080/3154 3197/3077/3151 3201/3081/3155
f 3202/3082/3156 3200/3080/3154 3201/3081/3155
f 3202/3082/3156 3203/3083/3157 3200/3080/3154
f 3199/3079/3153 3204/3084/3158 3198/3078/3152
f 3195/3075/3149 3198/3078/3152 3204/3084/3158
f 3205/3085/3159 3199/3079/3153 3196/3076/3150
f 3205/3085/3159 3196/3076/3150 3200/3080/3154
f 3199/3079/3153 3205/3085/3159 3204/3084/3158
f 3203/3083/3157 3206/3086/3160 3200/3080/3154
f 3206/3086/3160 3205/3085/3159 3200/3080/3154
f 3206/3086/3160 3203/3083/3157 3062/2942/3016
f 3207/3087/3161 3206/3086/3160 3062/2942/3016
f 3205/3085/3159 3206/3086/3160 3207/3087/3161
f 3061/2941/3015 3207/3087/3161 3062/2942/3016
f 3205/3085/3159 3208/3088/3162 3204/3084/3158
f 3208/3088/3162 3205/3085/3159 3207/3087/3161
f 3207/3087/3161 3061/2941/3015 3209/3089/3163
f 3208/3088/3162 3207/3087/3161 3209/3089/3163
f 3063/2943/3017 3209/3089/3163 3061/2941/3015
f 3204/3084/3158 3208/3088/3162 3210/3090/3164
f 3208/3088/3162 3209/3089/3163 3210/3090/3164
f 3210/3090/3164 3195/3075/3149 3204/3084/3158
f 3210/3090/3164 3209/3089/3163 3063/2943/3017
f 3195/3075/3149 3210/3090/3164 3211/3091/3165
f 3211/3091/3165 3210/3090/3164 3063/2943/3017
f 3162/3042/3116 3195/3075/3149 3211/3091/3165
f 3064/2944/3018 3211/3091/3165 3063/2943/3017
f 3162/3042/3116 3211/3091/3165 3064/2944/3018
f 3214/3092/3166 3213/3093/3167 3212/3094/3168
f 3213/3093/3167 3215/3095/3169 3212/3094/3168
f 3216/3096/3170 3212/3094/3168 3215/3095/3169
f 3217/3097/3171 3215/3095/3169 3213/3093/3167
f 3218/3098/3172 3217/3097/3171 3213/3093/3167
f 3219/3099/3173 3216/3096/3170 3215/3095/3169
f 3215/3095/3169 3217/3097/3171 3219/3099/3173
f 3220/3100/3174 3217/3097/3171 3218/3098/3172
f 3221/3101/3175 3220/3100/3174 3218/3098/3172
f 3219/3099/3173 3222/3102/3176 3216/3096/3170
f 3222/3102/3176 3223/3103/3177 3216/3096/3170
f 3223/3103/3177 3222/3102/3176 3224/3104/3178
f 3225/3105/3179 3219/3099/3173 3217/3097/3171
f 3220/3100/3174 3225/3105/3179 3217/3097/3171
f 3222/3102/3176 3219/3099/3173 3225/3105/3179
f 3225/3105/3179 3220/3100/3174 3226/3106/3180
f 3227/3107/3181 3220/3100/3174 3221/3101/3175
f 3220/3100/3174 3227/3107/3181 3226/3106/3180
f 3228/3108/3182 3227/3107/3181 3221/3101/3175
f 3227/3107/3181 3228/3108/3182 3229/3109/3183
f 3226/3106/3180 3227/3107/3181 3229/3109/3183
f 3228/3108/3182 3230/3110/3184 3229/3109/3183
f 3229/3109/3183 3230/3110/3184 3231/3111/3185
f 3222/3102/3176 3232/3112/3186 3224/3104/3178
f 3233/3113/3187 3224/3104/3178 3232/3112/3186
f 3234/3114/3188 3222/3102/3176 3225/3105/3179
f 3234/3114/3188 3225/3105/3179 3226/3106/3180
f 3222/3102/3176 3234/3114/3188 3232/3112/3186
f 3235/3115/3189 3229/3109/3183 3231/3111/3185
f 3231/3111/3185 3236/3116/3190 3235/3115/3189
f 3237/3117/3191 3233/3113/3187 3232/3112/3186
f 3233/3113/3187 3237/3117/3191 3238/3118/3192
f 3234/3114/3188 3239/3119/3193 3232/3112/3186
f 3237/3117/3191 3232/3112/3186 3239/3119/3193
f 3237/3117/3191 3240/3120/3194 3238/3118/3192
f 3241/3121/3195 3238/3118/3192 3240/3120/3194
f 3242/3122/3196 3226/3106/3180 3229/3109/3183
f 3229/3109/3183 3235/3115/3189 3242/3122/3196
f 3236/3116/3190 3243/3123/3197 3235/3115/3189
f 3243/3123/3197 3236/3116/3190 3244/3124/3198
f 3245/3125/3199 3234/3114/3188 3226/3106/3180
f 3234/3114/3188 3245/3125/3199 3239/3119/3193
f 3246/3126/3200 3237/3117/3191 3239/3119/3193
f 3237/3117/3191 3246/3126/3200 3240/3120/3194
f 3235/3115/3189 3247/3127/3201 3242/3122/3196
f 3247/3127/3201 3235/3115/3189 3243/3123/3197
f 3242/3122/3196 3248/3128/3202 3226/3106/3180
f 3248/3128/3202 3245/3125/3199 3226/3106/3180
f 3248/3128/3202 3242/3122/3196 3247/3127/3201
f 3245/3125/3199 3249/3129/3203 3239/3119/3193
f 3246/3126/3200 3239/3119/3193 3249/3129/3203
f 3249/3129/3203 3245/3125/3199 3248/3128/3202
f 3250/3130/3204 3243/3123/3197 3244/3124/3198
f 3244/3124/3198 3251/3131/3205 3250/3130/3204
f 3250/3130/3204 3252/3132/3206 3243/3123/3197
f 3252/3132/3206 3247/3127/3201 3243/3123/3197
f 3251/3131/3205 3253/3133/3207 3250/3130/3204
f 3252/3132/3206 3250/3130/3204 3253/3133/3207
f 3253/3133/3207 3251/3131/3205 3254/3134/3208
f 3255/3135/3209 3253/3133/3207 3254/3134/3208
f 3255/3135/3209 3256/3136/3210 3253/3133/3207
f 3256/3136/3210 3252/3132/3206 3253/3133/3207
f 3257/3137/3211 3252/3132/3206 3256/3136/3210
f 3252/3132/3206 3257/3137/3211 3247/3127/3201
f 3258/3138/3212 3257/3137/3211 3256/3136/3210
f 3258/3138/3212 3259/3139/3213 3257/3137/3211
f 3260/3140/3214 3248/3128/3202 3247/3127/3201
f 3257/3137/3211 3260/3140/3214 3247/3127/3201
f 3259/3139/3213 3261/3141/3215 3257/3137/3211
f 3257/3137/3211 3261/3141/3215 3260/3140/3214
f 3261/3141/3215 3259/3139/3213 3262/3142/3216
f 3248/3128/3202 3260/3140/3214 3263/3143/3217
f 3263/3143/3217 3249/3129/3203 3248/3128/3202
f 3264/3144/3218 3261/3141/3215 3262/3142/3216
f 3262/3142/3216 3265/3145/3219 3264/3144/3218
f 3261/3141/3215 3266/3146/3220 3260/3140/3214
f 3260/3140/3214 3266/3146/3220 3263/3143/3217
f 3261/3141/3215 3264/3144/3218 3266/3146/3220
f 3267/3147/3221 3249/3129/3203 3263/3143/3217
f 3267/3147/3221 3246/3126/3200 3249/3129/3203
f 3268/3148/3222 3263/3143/3217 3266/3146/3220
f 3268/3148/3222 3267/3147/3221 3263/3143/3217
f 3246/3126/3200 3267/3147/3221 3269/3149/3223
f 3246/3126/3200 3269/3149/3223 3240/3120/3194
f 3265/3145/3219 3270/3150/3224 3264/3144/3218
f 3270/3150/3224 3265/3145/3219 3271/3151/3225
f 3264/3144/3218 3272/3152/3226 3266/3146/3220
f 3272/3152/3226 3268/3148/3222 3266/3146/3220
f 3272/3152/3226 3264/3144/3218 3273/3153/3227
f 3264/3144/3218 3270/3150/3224 3273/3153/3227
f 3272/3152/3226 3273/3153/3227 3268/3148/3222
f 3274/3154/3228 3267/3147/3221 3268/3148/3222
f 3267/3147/3221 3274/3154/3228 3269/3149/3223
f 3275/3155/3229 3240/3120/3194 3269/3149/3223
f 3275/3155/3229 3241/3121/3195 3240/3120/3194
f 3276/3156/3230 3270/3150/3224 3271/3151/3225
f 3271/3151/3225 3277/3157/3231 3276/3156/3230
f 3278/3158/3232 3273/3153/3227 3270/3150/3224
f 3276/3156/3230 3278/3158/3232 3270/3150/3224
f 3273/3153/3227 3279/3159/3233 3268/3148/3222
f 3279/3159/3233 3274/3154/3228 3268/3148/3222
f 3280/3160/3234 3279/3159/3233 3273/3153/3227
f 3278/3158/3232 3280/3160/3234 3273/3153/3227
f 3279/3159/3233 3280/3160/3234 3274/3154/3228
f 3281/3161/3235 3269/3149/3223 3274/3154/3228
f 3281/3161/3235 3275/3155/3229 3269/3149/3223
f 3275/3155/3229 3282/3162/3236 3241/3121/3195
f 3282/3162/3236 3283/3163/3237 3241/3121/3195
f 3277/3157/3231 3284/3164/3238 3276/3156/3230
f 3284/3164/3238 3277/3157/3231 3285/3165/3239
f 3278/3158/3232 3276/3156/3230 3286/3166/3240
f 3278/3158/3232 3286/3166/3240 3280/3160/3234
f 3276/3156/3230 3284/3164/3238 3286/3166/3240
f 3280/3160/3234 3287/3167/3241 3274/3154/3228
f 3287/3167/3241 3281/3161/3235 3274/3154/3228
f 3281/3161/3235 3288/3168/3242 3275/3155/3229
f 3288/3168/3242 3282/3162/3236 3275/3155/3229
f 3282/3162/3236 3289/3169/3243 3283/3163/3237
f 3289/3169/3243 3290/3170/3244 3283/3163/3237
f 3291/3171/3245 3284/3164/3238 3285/3165/3239
f 3291/3171/3245 3285/3165/3239 3292/3172/3246
f 3286/3166/3240 3293/3173/3247 3280/3160/3234
f 3280/3160/3234 3293/3173/3247 3287/3167/3241
f 3287/3167/3241 3294/3174/3248 3281/3161/3235
f 3294/3174/3248 3288/3168/3242 3281/3161/3235
f 3293/3173/3247 3294/3174/3248 3287/3167/3241
f 3282/3162/3236 3288/3168/3242 3295/3175/3249
f 3288/3168/3242 3294/3174/3248 3295/3175/3249
f 3289/3169/3243 3282/3162/3236 3295/3175/3249
f 3296/3176/3250 3286/3166/3240 3284/3164/3238
f 3293/3173/3247 3286/3166/3240 3296/3176/3250
f 3293/3173/3247 3296/3176/3250 3294/3174/3248
f 3291/3171/3245 3296/3176/3250 3284/3164/3238
f 3296/3176/3250 3295/3175/3249 3294/3174/3248
f 3290/3170/3244 3289/3169/3243 3297/3177/3251
f 3298/3178/3252 3290/3170/3244 3297/3177/3251
f 3299/3179/3253 3296/3176/3250 3291/3171/3245
f 3295/3175/3249 3296/3176/3250 3299/3179/3253
f 3289/3169/3243 3295/3175/3249 3300/3180/3254
f 3297/3177/3251 3289/3169/3243 3300/3180/3254
f 3300/3180/3254 3295/3175/3249 3299/3179/3253
f 3298/3178/3252 3297/3177/3251 3301/3181/3255
f 3302/3182/3256 3298/3178/3252 3301/3181/3255
f 3303/3183/3257 3299/3179/3253 3291/3171/3245
f 3303/3183/3257 3291/3171/3245 3292/3172/3246
f 3303/3183/3257 3292/3172/3246 3304/3184/3258
f 3300/3180/3254 3299/3179/3253 3305/3185/3259
f 3299/3179/3253 3303/3183/3257 3305/3185/3259
f 3297/3177/3251 3300/3180/3254 3306/3186/3260
f 3301/3181/3255 3297/3177/3251 3306/3186/3260
f 3306/3186/3260 3300/3180/3254 3305/3185/3259
f 3307/3187/3261 3303/3183/3257 3304/3184/3258
f 3303/3183/3257 3307/3187/3261 3305/3185/3259
f 3307/3187/3261 3304/3184/3258 3308/3188/3262
f 3301/3181/3255 3309/3189/3263 3302/3182/3256
f 3309/3189/3263 3310/3190/3264 3302/3182/3256
f 3301/3181/3255 3306/3186/3260 3311/3191/3265
f 3309/3189/3263 3301/3181/3255 3311/3191/3265
f 3305/3185/3259 3312/3192/3266 3306/3186/3260
f 3312/3192/3266 3305/3185/3259 3307/3187/3261
f 3312/3192/3266 3311/3191/3265 3306/3186/3260
f 3313/3193/3267 3307/3187/3261 3308/3188/3262
f 3313/3193/3267 3312/3192/3266 3307/3187/3261
f 3313/3193/3267 3308/3188/3262 3314/3194/3268
f 3312/3192/3266 3313/3193/3267 3314/3194/3268
f 3308/3188/3262 3315/3195/3269 3314/3194/3268
f 3315/3195/3269 3316/3196/3270 3314/3194/3268
f 3310/3190/3264 3309/3189/3263 3317/3197/3271
f 3318/3198/3272 3310/3190/3264 3317/3197/3271
f 3311/3191/3265 3312/3192/3266 3319/3199/3273
f 3319/3199/3273 3312/3192/3266 3314/3194/3268
f 3316/3196/3270 3320/3200/3274 3314/3194/3268
f 3319/3199/3273 3314/3194/3268 3320/3200/3274
f 3320/3200/3274 3316/3196/3270 3321/3201/3275
f 3309/3189/3263 3311/3191/3265 3322/3202/3276
f 3322/3202/3276 3311/3191/3265 3319/3199/3273
f 3317/3197/3271 3309/3189/3263 3322/3202/3276
f 3318/3198/3272 3317/3197/3271 3323/3203/3277
f 3324/3204/3278 3318/3198/3272 3323/3203/3277
f 3325/3205/3279 3320/3200/3274 3321/3201/3275
f 3321/3201/3275 3326/3206/3280 3325/3205/3279
f 3327/3207/3281 3319/3199/3273 3320/3200/3274
f 3322/3202/3276 3319/3199/3273 3327/3207/3281
f 3320/3200/3274 3325/3205/3279 3327/3207/3281
f 3317/3197/3271 3322/3202/3276 3328/3208/3282
f 3328/3208/3282 3322/3202/3276 3327/3207/3281
f 3323/3203/3277 3317/3197/3271 3328/3208/3282
f 3323/3203/3277 3329/3209/3283 3324/3204/3278
f 3329/3209/3283 3330/3210/3284 3324/3204/3278
f 3326/3206/3280 3331/3211/3285 3325/3205/3279
f 3331/3211/3285 3326/3206/3280 3332/3212/3286
f 3325/3205/3279 3333/3213/3287 3327/3207/3281
f 3327/3207/3281 3333/3213/3287 3328/3208/3282
f 3325/3205/3279 3331/3211/3285 3333/3213/3287
f 3323/3203/3277 3328/3208/3282 3334/3214/3288
f 3333/3213/3287 3334/3214/3288 3328/3208/3282
f 3329/3209/3283 3323/3203/3277 3334/3214/3288
f 3329/3209/3283 3335/3215/3289 3330/3210/3284
f 3335/3215/3289 3336/3216/3290 3330/3210/3284
f 3337/3217/3291 3331/3211/3285 3332/3212/3286
f 3332/3212/3286 3338/3218/3292 3337/3217/3291
f 3331/3211/3285 3339/3219/3293 3333/3213/3287
f 3333/3213/3287 3339/3219/3293 3334/3214/3288
f 3331/3211/3285 3337/3217/3291 3339/3219/3293
f 3329/3209/3283 3334/3214/3288 3340/3220/3294
f 3339/3219/3293 3340/3220/3294 3334/3214/3288
f 3335/3215/3289 3329/3209/3283 3340/3220/3294
f 3335/3215/3289 3341/3221/3295 3336/3216/3290
f 3341/3221/3295 3342/3222/3296 3336/3216/3290
f 3338/3218/3292 3343/3223/3297 3337/3217/3291
f 3343/3223/3297 3338/3218/3292 3344/3224/3298
f 3337/3217/3291 3345/3225/3299 3339/3219/3293
f 3339/3219/3293 3345/3225/3299 3340/3220/3294
f 3337/3217/3291 3343/3223/3297 3345/3225/3299
f 3335/3215/3289 3340/3220/3294 3346/3226/3300
f 3341/3221/3295 3335/3215/3289 3346/3226/3300
f 3345/3225/3299 3346/3226/3300 3340/3220/3294
f 3341/3221/3295 3347/3227/3301 3342/3222/3296
f 3341/3221/3295 3346/3226/3300 3347/3227/3301
f 3347/3227/3301 3348/3228/3302 3342/3222/3296
f 3346/3226/3300 3345/3225/3299 3349/3229/3303
f 3346/3226/3300 3349/3229/3303 3347/3227/3301
f 3347/3227/3301 3350/3230/3304 3348/3228/3302
f 3347/3227/3301 3349/3229/3303 3350/3230/3304
f 3350/3230/3304 3351/3231/3305 3348/3228/3302
f 3351/3231/3305 3350/3230/3304 3352/3232/3306
f 3345/3225/3299 3353/3233/3307 3349/3229/3303
f 3343/3223/3297 3353/3233/3307 3345/3225/3299
f 3350/3230/3304 3354/3234/3308 3352/3232/3306
f 3355/3235/3309 3352/3232/3306 3354/3234/3308
f 3349/3229/3303 3356/3236/3310 3350/3230/3304
f 3356/3236/3310 3349/3229/3303 3353/3233/3307
f 3350/3230/3304 3356/3236/3310 3354/3234/3308
f 3357/3237/3311 3353/3233/3307 3343/3223/3297
f 3357/3237/3311 3356/3236/3310 3353/3233/3307
f 3358/3238/3312 3355/3235/3309 3354/3234/3308
f 3355/3235/3309 3358/3238/3312 3359/3239/3313
f 3356/3236/3310 3360/3240/3314 3354/3234/3308
f 3356/3236/3310 3357/3237/3311 3360/3240/3314
f 3354/3234/3308 3360/3240/3314 3358/3238/3312
f 3361/3241/3315 3357/3237/3311 3343/3223/3297
f 3361/3241/3315 3343/3223/3297 3344/3224/3298
f 3344/3224/3298 3362/3242/3316 3361/3241/3315
f 3357/3237/3311 3363/3243/3317 3360/3240/3314
f 3357/3237/3311 3361/3241/3315 3363/3243/3317
f 3362/3242/3316 3364/3244/3318 3361/3241/3315
f 3361/3241/3315 3364/3244/3318 3363/3243/3317
f 3364/3244/3318 3362/3242/3316 3365/3245/3319
f 3366/3246/3320 3360/3240/3314 3363/3243/3317
f 3360/3240/3314 3366/3246/3320 3358/3238/3312
f 3367/3247/3321 3364/3244/3318 3365/3245/3319
f 3365/3245/3319 3368/3248/3322 3367/3247/3321
f 3369/3249/3323 3363/3243/3317 3364/3244/3318
f 3369/3249/3323 3366/3246/3320 3363/3243/3317
f 3367/3247/3321 3369/3249/3323 3364/3244/3318
f 3368/3248/3322 3370/3250/3324 3367/3247/3321
f 3370/3250/3324 3368/3248/3322 3371/3251/3325
f 3369/3249/3323 3367/3247/3321 3372/3252/3326
f 3367/3247/3321 3370/3250/3324 3372/3252/3326
f 3366/3246/3320 3369/3249/3323 3373/3253/3327
f 3369/3249/3323 3372/3252/3326 3373/3253/3327
f 3374/3254/3328 3358/3238/3312 3366/3246/3320
f 3366/3246/3320 3373/3253/3327 3374/3254/3328
f 3375/3255/3329 3370/3250/3324 3371/3251/3325
f 3371/3251/3325 3376/3256/3330 3375/3255/3329
f 3377/3257/3331 3372/3252/3326 3370/3250/3324
f 3375/3255/3329 3377/3257/3331 3370/3250/3324
f 3358/3238/3312 3374/3254/3328 3378/3258/3332
f 3358/3238/3312 3378/3258/3332 3359/3239/3313
f 3376/3256/3330 3379/3259/3333 3375/3255/3329
f 3379/3259/3333 3376/3256/3330 3380/3260/3334
f 3374/3254/3328 3381/3261/3335 3378/3258/3332
f 3373/3253/3327 3381/3261/3335 3374/3254/3328
f 3378/3258/3332 3382/3262/3336 3359/3239/3313
f 3382/3262/3336 3378/3258/3332 3381/3261/3335
f 3382/3262/3336 3383/3263/3337 3359/3239/3313
f 3384/3264/3338 3373/3253/3327 3372/3252/3326
f 3377/3257/3331 3384/3264/3338 3372/3252/3326
f 3381/3261/3335 3373/3253/3327 3385/3265/3339
f 3385/3265/3339 3382/3262/3336 3381/3261/3335
f 3373/3253/3327 3384/3264/3338 3385/3265/3339
f 3382/3262/3336 3386/3266/3340 3383/3263/3337
f 3382/3262/3336 3385/3265/3339 3386/3266/3340
f 3386/3266/3340 3387/3267/3341 3383/3263/3337
f 3388/3268/3342 3379/3259/3333 3380/3260/3334
f 3380/3260/3334 3389/3269/3343 3388/3268/3342
f 3385/3265/3339 3384/3264/3338 3390/3270/3344
f 3385/3265/3339 3390/3270/3344 3386/3266/3340
f 3386/3266/3340 3391/3271/3345 3387/3267/3341
f 3391/3271/3345 3386/3266/3340 3390/3270/3344
f 3391/3271/3345 3392/3272/3346 3387/3267/3341
f 3392/3272/3346 3391/3271/3345 3393/3273/3347
f 3394/3274/3348 3392/3272/3346 3393/3273/3347
f 3393/3273/3347 3395/3275/3349 3394/3274/3348
f 3384/3264/3338 3396/3276/3350 3390/3270/3344
f 3384/3264/3338 3377/3257/3331 3396/3276/3350
f 3397/3277/3351 3390/3270/3344 3396/3276/3350
f 3395/3275/3349 3398/3278/3352 3394/3274/3348
f 3398/3278/3352 3399/3279/3353 3394/3274/3348
f 3398/3278/3352 3395/3275/3349 3400/3280/3354
f 3377/3257/3331 3401/3281/3355 3396/3276/3350
f 3397/3277/3351 3396/3276/3350 3401/3281/3355
f 3377/3257/3331 3375/3255/3329 3401/3281/3355
f 3375/3255/3329 3379/3259/3333 3401/3281/3355
f 3401/3281/3355 3379/3259/3333 3388/3268/3342
f 3402/3282/3356 3397/3277/3351 3401/3281/3355
f 3402/3282/3356 3401/3281/3355 3388/3268/3342
f 3403/3283/3357 3397/3277/3351 3402/3282/3356
f 3403/3283/3357 3404/3284/3358 3400/3280/3354
f 3403/3283/3357 3402/3282/3356 3404/3284/3358
f 3402/3282/3356 3388/3268/3342 3404/3284/3358
f 3398/3278/3352 3400/3280/3354 3404/3284/3358
f 3398/3278/3352 3405/3285/3359 3399/3279/3353
f 3405/3285/3359 3406/3286/3360 3399/3279/3353
f 3388/3268/3342 3407/3287/3361 3404/3284/3358
f 3389/3269/3343 3407/3287/3361 3388/3268/3342
f 3408/3288/3362 3398/3278/3352 3404/3284/3358
f 3404/3284/3358 3407/3287/3361 3408/3288/3362
f 3398/3278/3352 3408/3288/3362 3405/3285/3359
f 3407/3287/3361 3389/3269/3343 3409/3289/3363
f 3407/3287/3361 3409/3289/3363 3408/3288/3362
f 3389/3269/3343 3410/3290/3364 3409/3289/3363
f 3405/3285/3359 3411/3291/3365 3406/3286/3360
f 3411/3291/3365 3412/3292/3366 3406/3286/3360
f 3408/3288/3362 3413/3293/3367 3405/3285/3359
f 3408/3288/3362 3409/3289/3363 3413/3293/3367
f 3409/3289/3363 3410/3290/3364 3414/3294/3368
f 3410/3290/3364 3415/3295/3369 3414/3294/3368
f 3416/3296/3370 3409/3289/3363 3414/3294/3368
f 3409/3289/3363 3416/3296/3370 3413/3293/3367
f 3414/3294/3368 3415/3295/3369 3417/3297/3371
f 3415/3295/3369 3418/3298/3372 3417/3297/3371
f 3419/3299/3373 3417/3297/3371 3418/3298/3372
f 3420/3300/3374 3419/3299/3373 3418/3298/3372
f 3419/3299/3373 3420/3300/3374 3421/3301/3375
f 3422/3302/3376 3419/3299/3373 3421/3301/3375
f 3416/3296/3370 3423/3303/3377 3413/3293/3367
f 3413/3293/3367 3424/3304/3378 3405/3285/3359
f 3423/3303/3377 3424/3304/3378 3413/3293/3367
f 3424/3304/3378 3411/3291/3365 3405/3285/3359
f 3422/3302/3376 3421/3301/3375 3425/3305/3379
f 3423/3303/3377 3422/3302/3376 3425/3305/3379
f 3424/3304/3378 3423/3303/3377 3425/3305/3379
f 3421/3301/3375 3426/3306/3380 3425/3305/3379
f 3425/3305/3379 3426/3306/3380 3427/3307/3381
f 3411/3291/3365 3424/3304/3378 3428/3308/3382
f 3424/3304/3378 3425/3305/3379 3428/3308/3382
f 3428/3308/3382 3425/3305/3379 3427/3307/3381
f 3411/3291/3365 3428/3308/3382 3412/3292/3366
f 3428/3308/3382 3427/3307/3381 3412/3292/3366
f 3431/3309/3383 3430/3310/3384 3429/3311/3385
f 3429/3311/3385 3430/3310/3384 3432/3312/3386
f 3430/3310/3384 3433/3313/3387 3432/3312/3386
f 3432/3312/3386 3433/3313/3387 3434/3314/3388
f 3435/3315/3389 3429/3311/3385 3432/3312/3386
f 3429/3311/3385 3435/3315/3389 3436/3309/3390
f 3437/3316/3391 3432/3312/3386 3434/3314/3388
f 3437/3316/3391 3434/3314/3388 3438/3317/3392
f 3439/3318/3393 3435/3315/3389 3432/3312/3386
f 3439/3318/3393 3432/3312/3386 3437/3316/3391
f 3440/3319/3394 3437/3316/3391 3438/3317/3392
f 3440/3319/3394 3438/3317/3392 3441/3320/3395
f 3442/3321/3396 3439/3318/3393 3437/3316/3391
f 3437/3316/3391 3440/3319/3394 3442/3321/3396
f 3439/3318/3393 3443/3322/3397 3435/3315/3389
f 3443/3322/3397 3439/3318/3393 3442/3321/3396
f 3444/3323/3398 3440/3319/3394 3441/3320/3395
f 3444/3323/3398 3441/3320/3395 3445/3324/3399
f 3436/3309/3390 3435/3315/3389 3446/3325/3400
f 3446/3325/3400 3435/3315/3389 3443/3322/3397
f 3440/3319/3394 3447/3326/3401 3442/3321/3396
f 3447/3326/3401 3440/3319/3394 3444/3323/3398
f 3448/3327/3402 3444/3323/3398 3445/3324/3399
f 3448/3327/3402 3445/3324/3399 3449/3328/3403
f 3450/3329/3404 3447/3326/3401 3444/3323/3398
f 3444/3323/3398 3448/3327/3402 3450/3329/3404
f 3447/3326/3401 3451/3330/3405 3442/3321/3396
f 3451/3330/3405 3447/3326/3401 3450/3329/3404
f 3452/3331/3406 3443/3322/3397 3442/3321/3396
f 3451/3330/3405 3452/3331/3406 3442/3321/3396
f 3453/3332/3407 3446/3325/3400 3443/3322/3397
f 3453/3332/3407 3443/3322/3397 3452/3331/3406
f 3446/3325/3400 3454/3333/3408 3436/3309/3390
f 3454/3333/3408 3446/3325/3400 3453/3332/3407
f 3455/3334/3409 3448/3327/3402 3449/3328/3403
f 3455/3334/3409 3449/3328/3403 3456/3335/3410
f 3448/3327/3402 3457/3336/3411 3450/3329/3404
f 3448/3327/3402 3455/3334/3409 3457/3336/3411
f 3458/3337/3412 3455/3334/3409 3456/3335/3410
f 3458/3337/3412 3456/3335/3410 3459/3338/3413
f 3460/3339/3414 3451/3330/3405 3450/3329/3404
f 3460/3339/3414 3450/3329/3404 3457/3336/3411
f 3455/3334/3409 3461/3340/3415 3457/3336/3411
f 3455/3334/3409 3458/3337/3412 3461/3340/3415
f 3462/3341/3416 3458/3337/3412 3459/3338/3413
f 3462/3341/3416 3459/3338/3413 3463/3342/3417
f 3464/3343/3418 3460/3339/3414 3457/3336/3411
f 3464/3343/3418 3457/3336/3411 3461/3340/3415
f 3458/3337/3412 3465/3344/3419 3461/3340/3415
f 3458/3337/3412 3462/3341/3416 3465/3344/3419
f 3466/3345/3420 3462/3341/3416 3463/3342/3417
f 3466/3345/3420 3463/3342/3417 3467/3346/3421
f 3468/3347/3422 3466/3345/3420 3467/3346/3421
f 3468/3347/3422 3469/3348/3423 3466/3345/3420
f 3462/3341/3416 3466/3345/3420 3470/3349/3424
f 3462/3341/3416 3470/3349/3424 3465/3344/3419
f 3469/3348/3423 3471/3350/3425 3466/3345/3420
f 3466/3345/3420 3471/3350/3425 3470/3349/3424
f 3471/3350/3425 3469/3348/3423 3472/3351/3426
f 3473/3352/3427 3461/3340/3415 3465/3344/3419
f 3473/3352/3427 3464/3343/3418 3461/3340/3415
f 3474/3353/3428 3465/3344/3419 3470/3349/3424
f 3474/3353/3428 3473/3352/3427 3465/3344/3419
f 3475/3354/3429 3471/3350/3425 3472/3351/3426
f 3476/3355/3430 3475/3354/3429 3472/3351/3426
f 3475/3354/3429 3476/3355/3430 3477/3356/3431
f 3478/3357/3432 3470/3349/3424 3471/3350/3425
f 3475/3354/3429 3478/3357/3432 3471/3350/3425
f 3478/3357/3432 3474/3353/3428 3470/3349/3424
f 3479/3358/3433 3475/3354/3429 3477/3356/3431
f 3475/3354/3429 3479/3358/3433 3478/3357/3432
f 3477/3356/3431 3480/3359/3434 3479/3358/3433
f 3464/3343/3418 3473/3352/3427 3481/3360/3435
f 3481/3360/3435 3473/3352/3427 3474/3353/3428
f 3479/3358/3433 3482/3361/3436 3478/3357/3432
f 3478/3357/3432 3482/3361/3436 3474/3353/3428
f 3480/3359/3434 3483/3362/3437 3479/3358/3433
f 3479/3358/3433 3483/3362/3437 3482/3361/3436
f 3480/3359/3434 3484/3363/3438 3483/3362/3437
f 3482/3361/3436 3485/3364/3439 3474/3353/3428
f 3485/3364/3439 3481/3360/3435 3474/3353/3428
f 3483/3362/3437 3486/3365/3440 3482/3361/3436
f 3482/3361/3436 3486/3365/3440 3485/3364/3439
f 3484/3363/3438 3487/3366/3441 3483/3362/3437
f 3483/3362/3437 3487/3366/3441 3486/3365/3440
f 3487/3366/3441 3484/3363/3438 3488/3367/3442
f 3489/3368/3443 3487/3366/3441 3488/3367/3442
f 3490/3369/3444 3489/3368/3443 3488/3367/3442
f 3490/3369/3444 3491/3370/3445 3489/3368/3443
f 3491/3370/3445 3492/3371/3446 3489/3368/3443
f 3492/3371/3446 3493/3372/3447 3489/3368/3443
f 3486/3365/3440 3494/3373/3448 3485/3364/3439
f 3485/3364/3439 3494/3373/3448 3481/3360/3435
f 3487/3366/3441 3495/3374/3449 3486/3365/3440
f 3495/3374/3449 3487/3366/3441 3489/3368/3443
f 3486/3365/3440 3495/3374/3449 3494/3373/3448
f 3493/3372/3447 3496/3375/3450 3489/3368/3443
f 3496/3375/3450 3495/3374/3449 3489/3368/3443
f 3493/3372/3447 3497/3376/3410 3496/3375/3450
f 3495/3374/3449 3498/3377/3451 3494/3373/3448
f 3498/3377/3451 3495/3374/3449 3496/3375/3450
f 3497/3376/3410 3499/3378/3452 3496/3375/3450
f 3499/3378/3452 3498/3377/3451 3496/3375/3450
f 3497/3376/3410 3500/3379/3403 3499/3378/3452
f 3494/3373/3448 3501/3380/3453 3481/3360/3435
f 3494/3373/3448 3498/3377/3451 3501/3380/3453
f 3500/3379/3403 3502/3381/3454 3499/3378/3452
f 3500/3379/3403 3503/3382/3399 3502/3381/3454
f 3504/3383/3455 3498/3377/3451 3499/3378/3452
f 3498/3377/3451 3504/3383/3455 3501/3380/3453
f 3502/3381/3454 3504/3383/3455 3499/3378/3452
f 3481/3360/3435 3501/3380/3453 3505/3384/3456
f 3505/3384/3456 3464/3343/3418 3481/3360/3435
f 3464/3343/3418 3505/3384/3456 3460/3339/3414
f 3503/3382/3399 3506/3385/3457 3502/3381/3454
f 3503/3382/3399 3507/3386/3395 3506/3385/3457
f 3508/3387/3458 3504/3383/3455 3502/3381/3454
f 3506/3385/3457 3508/3387/3458 3502/3381/3454
f 3501/3380/3453 3504/3383/3455 3509/3388/3459
f 3501/3380/3453 3509/3388/3459 3505/3384/3456
f 3504/3383/3455 3508/3387/3458 3509/3388/3459
f 3505/3384/3456 3510/3389/3460 3460/3339/3414
f 3505/3384/3456 3509/3388/3459 3510/3389/3460
f 3460/3339/3414 3510/3389/3460 3451/3330/3405
f 3507/3386/3395 3511/3390/3461 3506/3385/3457
f 3507/3386/3395 3512/3391/3392 3511/3390/3461
f 3509/3388/3459 3508/3387/3458 3513/3392/3462
f 3509/3388/3459 3513/3392/3462 3510/3389/3460
f 3510/3389/3460 3514/3393/3463 3451/3330/3405
f 3510/3389/3460 3513/3392/3462 3514/3393/3463
f 3452/3331/3406 3451/3330/3405 3514/3393/3463
f 3515/3394/3464 3508/3387/3458 3506/3385/3457
f 3508/3387/3458 3515/3394/3464 3513/3392/3462
f 3511/3390/3461 3515/3394/3464 3506/3385/3457
f 3512/3391/3392 3516/3395/3465 3511/3390/3461
f 3512/3391/3392 3517/3396/3388 3516/3395/3465
f 3513/3392/3462 3518/3397/3466 3514/3393/3463
f 3513/3392/3462 3515/3394/3464 3518/3397/3466
f 3519/3398/3467 3452/3331/3406 3514/3393/3463
f 3514/3393/3463 3518/3397/3466 3519/3398/3467
f 3519/3398/3467 3453/3332/3407 3452/3331/3406
f 3520/3399/3468 3515/3394/3464 3511/3390/3461
f 3516/3395/3465 3520/3399/3468 3511/3390/3461
f 3515/3394/3464 3520/3399/3468 3518/3397/3466
f 3518/3397/3466 3521/3400/3469 3519/3398/3467
f 3453/3332/3407 3519/3398/3467 3521/3400/3469
f 3518/3397/3466 3520/3399/3468 3521/3400/3469
f 3517/3396/3388 3522/3401/3470 3516/3395/3465
f 3516/3395/3465 3522/3401/3470 3520/3399/3468
f 3523/3402/3471 3453/3332/3407 3521/3400/3469
f 3523/3402/3471 3454/3333/3408 3453/3332/3407
f 3520/3399/3468 3524/3403/3472 3521/3400/3469
f 3523/3402/3471 3521/3400/3469 3524/3403/3472
f 3522/3401/3470 3524/3403/3472 3520/3399/3468
f 3525/3404/3473 3523/3402/3471 3524/3403/3472
f 3524/3403/3472 3522/3401/3470 3525/3404/3473
f 3454/3333/3408 3523/3402/3471 3525/3404/3473
f 3526/3405/3474 3522/3401/3470 3517/3396/3388
f 3522/3401/3470 3526/3405/3474 3525/3404/3473
f 3525/3404/3473 3526/3405/3474 3454/3333/3408
f 3527/3406/3475 3526/3405/3474 3517/3396/3388
f 3526/3405/3474 3528/3407/3476 3454/3333/3408
f 3526/3405/3474 3527/3406/3475 3528/3407/3476
f 3436/3309/3390 3454/3333/3408 3528/3407/3476
f 3527/3406/3475 3529/3408/3384 3528/3407/3476
f 3528/3407/3476 3529/3408/3384 3436/3309/3390
f 3532/3409/3477 3531/3410/3478 3530/3411/3479
f 3531/3410/3478 3533/3412/3480 3530/3411/3479
f 3530/3411/3479 3533/3412/3480 3534/3413/3481
f 3535/3414/3482 3533/3412/3480 3531/3410/3478
f 3536/3415/3483 3535/3414/3482 3531/3410/3478
f 3538/3413/3484 3533/3412/3480 3535/3414/3482
f 3536/3415/3483 3539/3416/3485 3535/3414/3482
f 3540/3417/3486 3538/3413/3484 3535/3414/3482
f 3539/3416/3485 3540/3417/3486 3535/3414/3482
f 3540/3417/3486 3539/3416/3485 3541/3418/3487
f 3542/3419/3488 3540/3417/3486 3541/3418/3487
f 3543/3413/3489 3540/3417/3486 3542/3419/3488
f 3544/3420/3490 3537/3413/3491 3542/3419/3488
f 3544/3420/3490 3542/3419/3488 3541/3418/3487
f 3545/3421/3492 3544/3420/3490 3541/3418/3487
f 3546/3422/3493 3544/3420/3490 3545/3421/3492
f 3547/3423/3494 3546/3422/3493 3545/3421/3492
f 3546/3422/3493 3548/3413/3491 3544/3420/3490
f 3551/3424/3495 3550/3425/3485 3549/3426/3496
f 3550/3425/3485 3552/3427/3497 3549/3426/3496
f 3553/3428/3498 3549/3426/3496 3552/3427/3497
f 3554/3429/3499 3552/3427/3497 3550/3425/3485
f 3555/3430/3483 3554/3429/3499 3550/3425/3485
f 3556/3431/3500 3553/3428/3498 3552/3427/3497
f 3556/3431/3500 3552/3427/3497 3554/3429/3499
f 3557/3432/3501 3553/3428/3498 3556/3431/3500
f 3558/3433/3502 3557/3432/3501 3556/3431/3500
f 3558/3433/3502 3556/3431/3500 3554/3429/3499
f 3557/3432/3501 3558/3433/3502 3559/3434/3503
f 3559/3434/3503 3558/3433/3502 3554/3429/3499
f 3560/3435/3504 3557/3432/3501 3559/3434/3503
f 3554/3429/3499 3555/3430/3483 3561/3436/3505
f 3561/3436/3505 3559/3434/3503 3554/3429/3499
f 3555/3430/3483 3562/3437/3506 3561/3436/3505
f 3560/3435/3504 3559/3434/3503 3563/3438/3507
f 3559/3434/3503 3561/3436/3505 3563/3438/3507
f 3564/3439/3508 3560/3435/3504 3563/3438/3507
f 3565/3440/3509 3564/3439/3508 3563/3438/3507
f 3561/3436/3505 3566/3441/3510 3563/3438/3507
f 3561/3436/3505 3562/3437/3506 3566/3441/3510
f 3567/3442/3511 3565/3440/3509 3563/3438/3507
f 3567/3442/3511 3563/3438/3507 3566/3441/3510
f 3568/3443/3512 3565/3440/3509 3567/3442/3511
f 3569/3444/3513 3568/3443/3512 3567/3442/3511
f 3570/3445/3514 3568/3443/3512 3569/3444/3513
f 3571/3446/3515 3567/3442/3511 3566/3441/3510
f 3567/3442/3511 3571/3446/3515 3569/3444/3513
f 3562/3437/3506 3572/3447/3516 3566/3441/3510
f 3571/3446/3515 3566/3441/3510 3572/3447/3516
f 3573/3448/3517 3570/3445/3514 3569/3444/3513
f 3574/3449/3518 3570/3445/3514 3573/3448/3517
f 3571/3446/3515 3575/3450/3519 3569/3444/3513
f 3573/3448/3517 3569/3444/3513 3575/3450/3519
f 3576/3451/3520 3574/3449/3518 3573/3448/3517
f 3577/3452/3521 3574/3449/3518 3576/3451/3520
f 3578/3453/3522 3572/3447/3516 3562/3437/3506
f 3579/3454/3523 3578/3453/3522 3562/3437/3506
f 3580/3455/3524 3571/3446/3515 3572/3447/3516
f 3575/3450/3519 3571/3446/3515 3580/3455/3524
f 3581/3456/3525 3573/3448/3517 3575/3450/3519
f 3573/3448/3517 3581/3456/3525 3576/3451/3520
f 3572/3447/3516 3578/3453/3522 3582/3457/3526
f 3580/3455/3524 3572/3447/3516 3582/3457/3526
f 3583/3458/3527 3575/3450/3519 3580/3455/3524
f 3581/3456/3525 3575/3450/3519 3583/3458/3527
f 3583/3458/3527 3580/3455/3524 3584/3459/3528
f 3580/3455/3524 3582/3457/3526 3584/3459/3528
f 3585/3460/3529 3581/3456/3525 3583/3458/3527
f 3585/3460/3529 3583/3458/3527 3584/3459/3528
f 3581/3456/3525 3586/3461/3530 3576/3451/3520
f 3586/3461/3530 3581/3456/3525 3585/3460/3529
f 3587/3462/3531 3577/3452/3521 3576/3451/3520
f 3587/3462/3531 3576/3451/3520 3586/3461/3530
f 3587/3462/3531 3588/3463/3532 3577/3452/3521
f 3588/3463/3532 3589/3464/3533 3577/3452/3521
f 3588/3463/3532 3590/3465/3534 3589/3464/3533
f 3590/3465/3534 3591/3466/3535 3589/3464/3533
f 3590/3465/3534 3592/3467/3536 3591/3466/3535
f 3592/3467/3536 3593/3468/3537 3591/3466/3535
f 3593/3468/3537 3592/3467/3536 3594/3469/3538
f 3595/3470/3539 3593/3468/3537 3594/3469/3538
f 3594/3469/3538 3596/3471/3540 3595/3470/3539
f 3590/3465/3534 3597/3472/3541 3592/3467/3536
f 3594/3469/3538 3592/3467/3536 3597/3472/3541
f 3598/3473/3542 3590/3465/3534 3588/3463/3532
f 3590/3465/3534 3598/3473/3542 3597/3472/3541
f 3588/3463/3532 3587/3462/3531 3599/3474/3543
f 3599/3474/3543 3598/3473/3542 3588/3463/3532
f 3600/3475/3544 3587/3462/3531 3586/3461/3530
f 3587/3462/3531 3600/3475/3544 3599/3474/3543
f 3596/3471/3540 3594/3469/3538 3601/3476/3545
f 3601/3476/3545 3594/3469/3538 3597/3472/3541
f 3602/3477/3546 3596/3471/3540 3601/3476/3545
f 3596/3471/3540 3602/3477/3546 3603/3478/3547
f 3601/3476/3545 3597/3472/3541 3604/3479/3548
f 3598/3473/3542 3604/3479/3548 3597/3472/3541
f 3602/3477/3546 3601/3476/3545 3604/3479/3548
f 3598/3473/3542 3599/3474/3543 3605/3480/3549
f 3600/3475/3544 3605/3480/3549 3599/3474/3543
f 3600/3475/3544 3586/3461/3530 3606/3481/3550
f 3606/3481/3550 3586/3461/3530 3585/3460/3529
f 3604/3479/3548 3598/3473/3542 3607/3482/3551
f 3607/3482/3551 3598/3473/3542 3605/3480/3549
f 3605/3480/3549 3600/3475/3544 3608/3483/3552
f 3608/3483/3552 3600/3475/3544 3606/3481/3550
f 3606/3481/3550 3585/3460/3529 3609/3484/3553
f 3609/3484/3553 3585/3460/3529 3584/3459/3528
f 3602/3477/3546 3604/3479/3548 3610/3485/3554
f 3610/3485/3554 3604/3479/3548 3607/3482/3551
f 3607/3482/3551 3605/3480/3549 3611/3486/3555
f 3611/3486/3555 3605/3480/3549 3608/3483/3552
f 3608/3483/3552 3606/3481/3550 3612/3487/3556
f 3612/3487/3556 3606/3481/3550 3609/3484/3553
f 3607/3482/3551 3613/3488/3557 3610/3485/3554
f 3613/3488/3557 3607/3482/3551 3611/3486/3555
f 3611/3486/3555 3608/3483/3552 3614/3489/3558
f 3614/3489/3558 3608/3483/3552 3612/3487/3556
f 3613/3488/3557 3611/3486/3555 3615/3490/3559
f 3615/3490/3559 3611/3486/3555 3614/3489/3558
f 3609/3484/3553 3584/3459/3528 3616/3491/3560
f 3612/3487/3556 3609/3484/3553 3617/3492/3561
f 3609/3484/3553 3616/3491/3560 3617/3492/3561
f 3614/3489/3558 3612/3487/3556 3618/3493/3562
f 3612/3487/3556 3617/3492/3561 3618/3493/3562
f 3615/3490/3559 3614/3489/3558 3619/3494/3563
f 3614/3489/3558 3618/3493/3562 3619/3494/3563
f 3620/3495/3564 3613/3488/3557 3615/3490/3559
f 3620/3495/3564 3615/3490/3559 3619/3494/3563
f 3613/3488/3557 3621/3496/3565 3610/3485/3554
f 3621/3496/3565 3613/3488/3557 3620/3495/3564
f 3584/3459/3528 3622/3497/3566 3616/3491/3560
f 3584/3459/3528 3582/3457/3526 3622/3497/3566
f 3623/3498/3567 3610/3485/3554 3621/3496/3565
f 3623/3498/3567 3602/3477/3546 3610/3485/3554
f 3582/3457/3526 3624/3499/3568 3622/3497/3566
f 3582/3457/3526 3578/3453/3522 3624/3499/3568
f 3602/3477/3546 3623/3498/3567 3625/3500/3569
f 3602/3477/3546 3625/3500/3569 3603/3478/3547
f 3626/3501/3570 3603/3478/3547 3625/3500/3569
f 3627/3502/3571 3626/3501/3570 3625/3500/3569
f 3626/3501/3570 3627/3502/3571 3628/3503/3572
f 3578/3453/3522 3629/3504/3573 3624/3499/3568
f 3629/3504/3573 3578/3453/3522 3579/3454/3523
f 3623/3498/3567 3630/3505/3574 3625/3500/3569
f 3627/3502/3571 3625/3500/3569 3630/3505/3574
f 3627/3502/3571 3631/3506/3575 3628/3503/3572
f 3632/3507/3576 3628/3503/3572 3631/3506/3575
f 3633/3508/3577 3627/3502/3571 3630/3505/3574
f 3627/3502/3571 3633/3508/3577 3631/3506/3575
f 3623/3498/3567 3634/3509/3578 3630/3505/3574
f 3633/3508/3577 3630/3505/3574 3634/3509/3578
f 3635/3510/3579 3632/3507/3576 3631/3506/3575
f 3636/3511/3580 3632/3507/3576 3635/3510/3579
f 3637/3512/3581 3636/3511/3580 3635/3510/3579
f 3633/3508/3577 3638/3513/3582 3631/3506/3575
f 3635/3510/3579 3631/3506/3575 3638/3513/3582
f 3637/3512/3581 3635/3510/3579 3639/3514/3583
f 3639/3514/3583 3635/3510/3579 3638/3513/3582
f 3640/3515/3584 3637/3512/3581 3639/3514/3583
f 3633/3508/3577 3641/3516/3585 3638/3513/3582
f 3641/3516/3585 3633/3508/3577 3634/3509/3578
f 3623/3498/3567 3642/3517/3586 3634/3509/3578
f 3642/3517/3586 3623/3498/3567 3621/3496/3565
f 3638/3513/3582 3643/3518/3587 3639/3514/3583
f 3641/3516/3585 3643/3518/3587 3638/3513/3582
f 3640/3515/3584 3639/3514/3583 3644/3519/3588
f 3643/3518/3587 3644/3519/3588 3639/3514/3583
f 3645/3520/3589 3640/3515/3584 3644/3519/3588
f 3641/3516/3585 3634/3509/3578 3646/3521/3590
f 3642/3517/3586 3646/3521/3590 3634/3509/3578
f 3642/3517/3586 3621/3496/3565 3647/3522/3591
f 3647/3522/3591 3621/3496/3565 3620/3495/3564
f 3641/3516/3585 3648/3523/3592 3643/3518/3587
f 3648/3523/3592 3641/3516/3585 3646/3521/3590
f 3644/3519/3588 3643/3518/3587 3649/3524/3593
f 3648/3523/3592 3649/3524/3593 3643/3518/3587
f 3645/3520/3589 3644/3519/3588 3650/3525/3594
f 3650/3525/3594 3644/3519/3588 3649/3524/3593
f 3651/3526/3595 3645/3520/3589 3650/3525/3594
f 3646/3521/3590 3642/3517/3586 3652/3527/3596
f 3652/3527/3596 3642/3517/3586 3647/3522/3591
f 3647/3522/3591 3620/3495/3564 3653/3528/3597
f 3653/3528/3597 3620/3495/3564 3619/3494/3563
f 3648/3523/3592 3646/3521/3590 3654/3529/3598
f 3654/3529/3598 3646/3521/3590 3652/3527/3596
f 3648/3523/3592 3655/3530/3599 3649/3524/3593
f 3655/3530/3599 3648/3523/3592 3654/3529/3598
f 3651/3526/3595 3650/3525/3594 3656/3531/3600
f 3657/3532/3601 3651/3526/3595 3656/3531/3600
f 3657/3532/3601 3656/3531/3600 3658/3533/3602
f 3650/3525/3594 3649/3524/3593 3659/3534/3603
f 3655/3530/3599 3659/3534/3603 3649/3524/3593
f 3656/3531/3600 3650/3525/3594 3659/3534/3603
f 3652/3527/3596 3647/3522/3591 3660/3535/3604
f 3660/3535/3604 3647/3522/3591 3653/3528/3597
f 3654/3529/3598 3652/3527/3596 3661/3536/3605
f 3661/3536/3605 3652/3527/3596 3660/3535/3604
f 3656/3531/3600 3662/3537/3606 3658/3533/3602
f 3663/3538/3607 3658/3533/3602 3662/3537/3606
f 3655/3530/3599 3654/3529/3598 3664/3539/3608
f 3664/3539/3608 3654/3529/3598 3661/3536/3605
f 3655/3530/3599 3665/3540/3609 3659/3534/3603
f 3665/3540/3609 3655/3530/3599 3664/3539/3608
f 3656/3531/3600 3659/3534/3603 3666/3541/3610
f 3662/3537/3606 3656/3531/3600 3666/3541/3610
f 3665/3540/3609 3666/3541/3610 3659/3534/3603
f 3667/3542/3611 3663/3538/3607 3662/3537/3606
f 3667/3542/3611 3662/3537/3606 3666/3541/3610
f 3663/3538/3607 3667/3542/3611 3668/3543/3612
f 3669/3544/3613 3666/3541/3610 3665/3540/3609
f 3669/3544/3613 3667/3542/3611 3666/3541/3610
f 3667/3542/3611 3670/3545/3614 3668/3543/3612
f 3667/3542/3611 3669/3544/3613 3670/3545/3614
f 3668/3543/3612 3670/3545/3614 3671/3546/3615
f 3672/3547/3616 3665/3540/3609 3664/3539/3608
f 3672/3547/3616 3669/3544/3613 3665/3540/3609
f 3664/3539/3608 3661/3536/3605 3673/3548/3617
f 3673/3548/3617 3672/3547/3616 3664/3539/3608
f 3670/3545/3614 3674/3549/3618 3671/3546/3615
f 3675/3550/3619 3671/3546/3615 3674/3549/3618
f 3669/3544/3613 3676/3551/3620 3670/3545/3614
f 3676/3551/3620 3669/3544/3613 3672/3547/3616
f 3674/3549/3618 3670/3545/3614 3676/3551/3620
f 3677/3552/3621 3675/3550/3619 3674/3549/3618
f 3678/3553/3622 3675/3550/3619 3677/3552/3621
f 3679/3554/3623 3678/3553/3622 3677/3552/3621
f 3680/3555/3624 3676/3551/3620 3672/3547/3616
f 3680/3555/3624 3672/3547/3616 3673/3548/3617
f 3681/3556/3625 3674/3549/3618 3676/3551/3620
f 3677/3552/3621 3674/3549/3618 3681/3556/3625
f 3676/3551/3620 3680/3555/3624 3681/3556/3625
f 3679/3554/3623 3677/3552/3621 3682/3557/3626
f 3682/3557/3626 3677/3552/3621 3681/3556/3625
f 3683/3558/3627 3679/3554/3623 3682/3557/3626
f 3680/3555/3624 3684/3559/3628 3681/3556/3625
f 3682/3557/3626 3681/3556/3625 3684/3559/3628
f 3683/3558/3627 3682/3557/3626 3685/3560/3629
f 3685/3560/3629 3682/3557/3626 3684/3559/3628
f 3686/3561/3630 3683/3558/3627 3685/3560/3629
f 3687/3562/3631 3680/3555/3624 3673/3548/3617
f 3680/3555/3624 3687/3562/3631 3684/3559/3628
f 3685/3560/3629 3684/3559/3628 3688/3563/3632
f 3687/3562/3631 3688/3563/3632 3684/3559/3628
f 3686/3561/3630 3685/3560/3629 3689/3564/3633
f 3689/3564/3633 3685/3560/3629 3688/3563/3632
f 3690/3565/3634 3686/3561/3630 3689/3564/3633
f 3691/3566/3635 3687/3562/3631 3673/3548/3617
f 3688/3563/3632 3687/3562/3631 3691/3566/3635
f 3661/3536/3605 3691/3566/3635 3673/3548/3617
f 3661/3536/3605 3660/3535/3604 3691/3566/3635
f 3689/3564/3633 3692/3567/3636 3690/3565/3634
f 3692/3567/3636 3693/3568/3637 3690/3565/3634
f 3689/3564/3633 3688/3563/3632 3694/3569/3638
f 3694/3569/3638 3688/3563/3632 3691/3566/3635
f 3692/3567/3636 3689/3564/3633 3694/3569/3638
f 3660/3535/3604 3695/3570/3639 3691/3566/3635
f 3691/3566/3635 3695/3570/3639 3694/3569/3638
f 3695/3570/3639 3660/3535/3604 3653/3528/3597
f 3692/3567/3636 3696/3571/3640 3693/3568/3637
f 3696/3571/3640 3692/3567/3636 3694/3569/3638
f 3696/3571/3640 3697/3572/3641 3693/3568/3637
f 3698/3573/3642 3695/3570/3639 3653/3528/3597
f 3698/3573/3642 3653/3528/3597 3619/3494/3563
f 3695/3570/3639 3699/3574/3643 3694/3569/3638
f 3694/3569/3638 3699/3574/3643 3696/3571/3640
f 3695/3570/3639 3698/3573/3642 3699/3574/3643
f 3696/3571/3640 3700/3575/3644 3697/3572/3641
f 3699/3574/3643 3700/3575/3644 3696/3571/3640
f 3700/3575/3644 3701/3576/3645 3697/3572/3641
f 3702/3577/3646 3701/3576/3645 3700/3575/3644
f 3699/3574/3643 3703/3578/3647 3700/3575/3644
f 3698/3573/3642 3703/3578/3647 3699/3574/3643
f 3703/3578/3647 3702/3577/3646 3700/3575/3644
f 3704/3579/3648 3698/3573/3642 3619/3494/3563
f 3703/3578/3647 3698/3573/3642 3704/3579/3648
f 3704/3579/3648 3619/3494/3563 3618/3493/3562
f 3702/3577/3646 3703/3578/3647 3705/3580/3649
f 3705/3580/3649 3703/3578/3647 3704/3579/3648
f 3705/3580/3649 3704/3579/3648 3618/3493/3562
f 3706/3581/3650 3702/3577/3646 3705/3580/3649
f 3707/3582/3651 3705/3580/3649 3618/3493/3562
f 3706/3581/3650 3705/3580/3649 3707/3582/3651
f 3708/3583/3652 3706/3581/3650 3707/3582/3651
f 3617/3492/3561 3707/3582/3651 3618/3493/3562
f 3707/3582/3651 3617/3492/3561 3708/3583/3652
f 3617/3492/3561 3709/3584/3653 3708/3583/3652
f 3709/3584/3653 3617/3492/3561 3616/3491/3560
f 3710/3585/3654 3709/3584/3653 3616/3491/3560
f 3710/3585/3654 3616/3491/3560 3622/3497/3566
f 3711/3586/3655 3710/3585/3654 3622/3497/3566
f 3711/3586/3655 3622/3497/3566 3624/3499/3568
f 3712/3587/3656 3711/3586/3655 3624/3499/3568
f 3712/3587/3656 3624/3499/3568 3629/3504/3573
f 3713/3588/3657 3712/3587/3656 3629/3504/3573
f 3713/3588/3657 3629/3504/3573 3714/3589/3658
f 3714/3589/3658 3629/3504/3573 3579/3454/3523
f 3715/3590/3659 3713/3588/3657 3714/3589/3658
f 3714/3589/3658 3579/3454/3523 3716/3591/3660
f 3714/3589/3658 3717/3592/3661 3715/3590/3659
f 3717/3592/3661 3714/3589/3658 3716/3591/3660
f 3717/3592/3661 3718/3593/3501 3715/3590/3659
f 3717/3592/3661 3716/3591/3660 3719/3594/3662
f 3718/3593/3501 3717/3592/3661 3720/3595/3663
f 3721/3596/3664 3717/3592/3661 3719/3594/3662
f 3717/3592/3661 3721/3596/3664 3720/3595/3663
f 3724/3597/3665 3723/3598/3666 3722/3599/3667
f 3725/3600/3668 3724/3597/3665 3722/3599/3667
f 3725/3600/3668 3722/3599/3667 3726/3601/3669
f 3727/3602/3670 3724/3597/3665 3725/3600/3668
f 3728/3603/3671 3725/3600/3668 3726/3601/3669
f 3729/3604/3672 3728/3603/3671 3726/3601/3669
f 3730/3605/3673 3727/3602/3670 3725/3600/3668
f 3731/3606/3674 3727/3602/3670 3730/3605/3673
f 3725/3600/3668 3728/3603/3671 3732/3607/3675
f 3730/3605/3673 3725/3600/3668 3732/3607/3675
f 3728/3603/3671 3729/3604/3672 3733/3608/3676
f 3729/3604/3672 3734/3609/3677 3733/3608/3676
f 3735/3610/3678 3731/3606/3674 3730/3605/3673
f 3736/3611/3679 3731/3606/3674 3735/3610/3678
f 3732/3607/3675 3737/3612/3680 3730/3605/3673
f 3737/3612/3680 3735/3610/3678 3730/3605/3673
f 3732/3607/3675 3728/3603/3671 3738/3613/3681
f 3728/3603/3671 3733/3608/3676 3738/3613/3681
f 3733/3608/3676 3734/3609/3677 3739/3614/3682
f 3734/3609/3677 3740/3615/3683 3739/3614/3682
f 3741/3616/3684 3736/3611/3679 3735/3610/3678
f 3742/3617/3685 3736/3611/3679 3741/3616/3684
f 3737/3612/3680 3743/3618/3686 3735/3610/3678
f 3743/3618/3686 3741/3616/3684 3735/3610/3678
f 3737/3612/3680 3732/3607/3675 3744/3619/3687
f 3732/3607/3675 3738/3613/3681 3744/3619/3687
f 3738/3613/3681 3733/3608/3676 3745/3620/3688
f 3733/3608/3676 3739/3614/3682 3745/3620/3688
f 3746/3621/3689 3739/3614/3682 3740/3615/3683
f 3747/3622/3690 3746/3621/3689 3740/3615/3683
f 3746/3621/3689 3747/3622/3690 3748/3623/3691
f 3749/3624/3692 3742/3617/3685 3741/3616/3684
f 3750/3625/3693 3742/3617/3685 3749/3624/3692
f 3743/3618/3686 3751/3626/3694 3741/3616/3684
f 3751/3626/3694 3749/3624/3692 3741/3616/3684
f 3752/3627/3695 3750/3625/3693 3749/3624/3692
f 3753/3628/3696 3750/3625/3693 3752/3627/3695
f 3738/3613/3681 3745/3620/3688 3754/3629/3697
f 3744/3619/3687 3738/3613/3681 3754/3629/3697
f 3755/3630/3698 3746/3621/3689 3748/3623/3691
f 3756/3631/3699 3755/3630/3698 3748/3623/3691
f 3755/3630/3698 3756/3631/3699 3757/3632/3700
f 3758/3633/3701 3755/3630/3698 3757/3632/3700
f 3758/3633/3701 3757/3632/3700 3759/3634/3702
f 3760/3635/3703 3758/3633/3701 3759/3634/3702
f 3760/3635/3703 3761/3636/3704 3758/3633/3701
f 3755/3630/3698 3762/3637/3705 3746/3621/3689
f 3755/3630/3698 3758/3633/3701 3762/3637/3705
f 3761/3636/3704 3763/3638/3706 3758/3633/3701
f 3758/3633/3701 3763/3638/3706 3762/3637/3705
f 3764/3639/3707 3763/3638/3706 3761/3636/3704
f 3765/3640/3674 3764/3639/3707 3761/3636/3704
f 3762/3637/3705 3766/3641/3708 3746/3621/3689
f 3746/3621/3689 3766/3641/3708 3739/3614/3682
f 3766/3641/3708 3745/3620/3688 3739/3614/3682
f 3766/3641/3708 3767/3642/3709 3745/3620/3688
f 3767/3642/3709 3766/3641/3708 3762/3637/3705
f 3767/3642/3709 3754/3629/3697 3745/3620/3688
f 3762/3637/3705 3763/3638/3706 3768/3643/3710
f 3768/3643/3710 3767/3642/3709 3762/3637/3705
f 3763/3638/3706 3764/3639/3707 3768/3643/3710
f 3769/3644/3711 3764/3639/3707 3765/3640/3674
f 3770/3645/3712 3769/3644/3711 3765/3640/3674
f 3754/3629/3697 3767/3642/3709 3771/3646/3713
f 3771/3646/3713 3767/3642/3709 3768/3643/3710
f 3768/3643/3710 3764/3639/3707 3772/3647/3714
f 3764/3639/3707 3769/3644/3711 3772/3647/3714
f 3772/3647/3714 3771/3646/3713 3768/3643/3710
f 3773/3648/3715 3769/3644/3711 3770/3645/3712
f 3774/3649/3716 3773/3648/3715 3770/3645/3712
f 3775/3650/3717 3754/3629/3697 3771/3646/3713
f 3744/3619/3687 3754/3629/3697 3775/3650/3717
f 3776/3651/3718 3771/3646/3713 3772/3647/3714
f 3775/3650/3717 3771/3646/3713 3776/3651/3718
f 3772/3647/3714 3769/3644/3711 3777/3652/3719
f 3769/3644/3711 3773/3648/3715 3777/3652/3719
f 3777/3652/3719 3776/3651/3718 3772/3647/3714
f 3778/3653/3720 3773/3648/3715 3774/3649/3716
f 3779/3654/3721 3778/3653/3720 3774/3649/3716
f 3780/3655/3722 3744/3619/3687 3775/3650/3717
f 3737/3612/3680 3744/3619/3687 3780/3655/3722
f 3743/3618/3686 3737/3612/3680 3780/3655/3722
f 3781/3656/3723 3775/3650/3717 3776/3651/3718
f 3780/3655/3722 3775/3650/3717 3781/3656/3723
f 3743/3618/3686 3780/3655/3722 3782/3657/3724
f 3782/3657/3724 3780/3655/3722 3781/3656/3723
f 3751/3626/3694 3743/3618/3686 3782/3657/3724
f 3783/3658/3725 3776/3651/3718 3777/3652/3719
f 3781/3656/3723 3776/3651/3718 3783/3658/3725
f 3777/3652/3719 3773/3648/3715 3784/3659/3726
f 3773/3648/3715 3778/3653/3720 3784/3659/3726
f 3784/3659/3726 3783/3658/3725 3777/3652/3719
f 3785/3660/3727 3778/3653/3720 3779/3654/3721
f 3786/3661/3696 3785/3660/3727 3779/3654/3721
f 3782/3657/3724 3781/3656/3723 3787/3662/3728
f 3787/3662/3728 3781/3656/3723 3783/3658/3725
f 3751/3626/3694 3782/3657/3724 3788/3663/3729
f 3788/3663/3729 3782/3657/3724 3787/3662/3728
f 3789/3664/3730 3783/3658/3725 3784/3659/3726
f 3787/3662/3728 3783/3658/3725 3789/3664/3730
f 3790/3665/3731 3784/3659/3726 3778/3653/3720
f 3785/3660/3727 3790/3665/3731 3778/3653/3720
f 3790/3665/3731 3789/3664/3730 3784/3659/3726
f 3791/3666/3732 3785/3660/3727 3786/3661/3696
f 3792/3667/3733 3791/3666/3732 3786/3661/3696
f 3793/3668/3734 3787/3662/3728 3789/3664/3730
f 3788/3663/3729 3787/3662/3728 3793/3668/3734
f 3794/3669/3735 3751/3626/3694 3788/3663/3729
f 3751/3626/3694 3794/3669/3735 3749/3624/3692
f 3794/3669/3735 3752/3627/3695 3749/3624/3692
f 3790/3665/3731 3785/3660/3727 3795/3670/3736
f 3785/3660/3727 3791/3666/3732 3795/3670/3736
f 3796/3671/3737 3789/3664/3730 3790/3665/3731
f 3789/3664/3730 3796/3671/3737 3793/3668/3734
f 3795/3670/3736 3796/3671/3737 3790/3665/3731
f 3797/3672/3738 3791/3666/3732 3792/3667/3733
f 3798/3673/3739 3797/3672/3738 3792/3667/3733
f 3798/3673/3739 3799/3674/3740 3797/3672/3738
f 3800/3675/3741 3788/3663/3729 3793/3668/3734
f 3794/3669/3735 3788/3663/3729 3800/3675/3741
f 3794/3669/3735 3801/3676/3742 3752/3627/3695
f 3801/3676/3742 3794/3669/3735 3800/3675/3741
f 3802/3677/3743 3795/3670/3736 3791/3666/3732
f 3797/3672/3738 3802/3677/3743 3791/3666/3732
f 3799/3674/3740 3803/3678/3744 3797/3672/3738
f 3799/3674/3740 3804/3679/3745 3803/3678/3744
f 3803/3678/3744 3805/3680/3746 3797/3672/3738
f 3805/3680/3746 3802/3677/3743 3797/3672/3738
f 3805/3680/3746 3803/3678/3744 3806/3679/3745
f 3802/3677/3743 3807/3681/3747 3795/3670/3736
f 3807/3681/3747 3802/3677/3743 3805/3680/3746
f 3807/3681/3747 3796/3671/3737 3795/3670/3736
f 3805/3680/3746 3806/3679/3745 3808/3682/3748
f 3805/3680/3746 3808/3682/3748 3807/3681/3747
f 3807/3681/3747 3809/3683/3749 3796/3671/3737
f 3808/3682/3748 3809/3683/3749 3807/3681/3747
f 3810/3684/3750 3808/3682/3748 3806/3679/3745
f 3808/3682/3748 3810/3684/3750 3809/3683/3749
f 3810/3684/3750 3806/3679/3745 3811/3685/3751
f 3809/3683/3749 3812/3686/3752 3796/3671/3737
f 3796/3671/3737 3812/3686/3752 3793/3668/3734
f 3800/3675/3741 3793/3668/3734 3812/3686/3752
f 3813/3687/3753 3800/3675/3741 3812/3686/3752
f 3812/3686/3752 3809/3683/3749 3813/3687/3753
f 3801/3676/3742 3800/3675/3741 3813/3687/3753
f 3809/3683/3749 3814/3688/3754 3813/3687/3753
f 3810/3684/3750 3814/3688/3754 3809/3683/3749
f 3815/3689/3755 3801/3676/3742 3813/3687/3753
f 3813/3687/3753 3814/3688/3754 3815/3689/3755
f 3814/3688/3754 3810/3684/3750 3816/3690/3756
f 3814/3688/3754 3816/3690/3756 3815/3689/3755
f 3801/3676/3742 3815/3689/3755 3817/3691/3757
f 3801/3676/3742 3817/3691/3757 3752/3627/3695
f 3817/3691/3757 3753/3628/3696 3752/3627/3695
f 3818/3692/3733 3753/3628/3696 3817/3691/3757
f 3815/3689/3755 3819/3693/3758 3817/3691/3757
f 3819/3693/3758 3818/3692/3733 3817/3691/3757
f 3819/3693/3758 3815/3689/3755 3816/3690/3756
f 3818/3692/3733 3819/3693/3758 3820/3694/3739
f 3821/3695/3759 3816/3690/3756 3810/3684/3750
f 3821/3695/3759 3819/3693/3758 3816/3690/3756
f 3819/3693/3758 3821/3695/3759 3820/3694/3739
f 3811/3685/3751 3821/3695/3759 3810/3684/3750
f 3820/3694/3739 3821/3695/3759 3811/3685/3751
f 3822/3696/3740 3820/3694/3739 3811/3685/3751
f 3822/3696/3740 3811/3685/3751 3823/3679/3745
f 3826/3697/3760 3825/3698/3761 3824/3699/3762
f 3827/3700/3763 3826/3697/3760 3824/3699/3762
f 3824/3699/3762 3828/3701/3764 3827/3700/3763
f 3829/3702/3765 3826/3697/3760 3827/3700/3763
f 3828/3701/3764 3830/3703/3766 3827/3700/3763
f 3828/3701/3764 3831/3704/3767 3830/3703/3766
f 3832/3705/3768 3829/3702/3765 3827/3700/3763
f 3827/3700/3763 3830/3703/3766 3832/3705/3768
f 3831/3704/3767 3833/3706/3769 3830/3703/3766
f 3831/3704/3767 3834/3707/3770 3833/3706/3769
f 3829/3702/3765 3832/3705/3768 3835/3708/3771
f 3836/3709/3772 3829/3702/3765 3835/3708/3771
f 3830/3703/3766 3837/3710/3773 3832/3705/3768
f 3830/3703/3766 3833/3706/3769 3837/3710/3773
f 3834/3707/3770 3838/3711/3774 3833/3706/3769
f 3834/3707/3770 3839/3712/3775 3838/3711/3774
f 3836/3709/3772 3835/3708/3771 3840/3713/3776
f 3841/3714/3777 3836/3709/3772 3840/3713/3776
f 3842/3715/3778 3835/3708/3771 3832/3705/3768
f 3837/3710/3773 3842/3715/3778 3832/3705/3768
f 3833/3706/3769 3843/3716/3779 3837/3710/3773
f 3833/3706/3769 3838/3711/3774 3843/3716/3779
f 3839/3712/3775 3844/3717/3780 3838/3711/3774
f 3844/3717/3780 3839/3712/3775 3845/3718/3781
f 3841/3714/3777 3840/3713/3776 3846/3719/3782
f 3847/3720/3783 3841/3714/3777 3846/3719/3782
f 3847/3720/3783 3846/3719/3782 3848/3721/3784
f 3849/3722/3785 3840/3713/3776 3835/3708/3771
f 3842/3715/3778 3849/3722/3785 3835/3708/3771
f 3842/3715/3778 3837/3710/3773 3850/3723/3786
f 3837/3710/3773 3843/3716/3779 3850/3723/3786
f 3838/3711/3774 3851/3724/3787 3843/3716/3779
f 3838/3711/3774 3844/3717/3780 3851/3724/3787
f 3846/3719/3782 3852/3725/3788 3848/3721/3784
f 3848/3721/3784 3852/3725/3788 3853/3726/3789
f 3854/3727/3790 3846/3719/3782 3840/3713/3776
f 3849/3722/3785 3854/3727/3790 3840/3713/3776
f 3846/3719/3782 3854/3727/3790 3852/3725/3788
f 3849/3722/3785 3842/3715/3778 3855/3728/3791
f 3842/3715/3778 3850/3723/3786 3855/3728/3791
f 3856/3729/3792 3850/3723/3786 3843/3716/3779
f 3851/3724/3787 3856/3729/3792 3843/3716/3779
f 3852/3725/3788 3857/3730/3793 3853/3726/3789
f 3853/3726/3789 3857/3730/3793 3858/3731/3794
f 3854/3727/3790 3859/3732/3795 3852/3725/3788
f 3852/3725/3788 3859/3732/3795 3857/3730/3793
f 3854/3727/3790 3849/3722/3785 3860/3733/3796
f 3849/3722/3785 3855/3728/3791 3860/3733/3796
f 3861/3734/3797 3855/3728/3791 3850/3723/3786
f 3856/3729/3792 3861/3734/3797 3850/3723/3786
f 3859/3732/3795 3854/3727/3790 3862/3735/3798
f 3854/3727/3790 3860/3733/3796 3862/3735/3798
f 3863/3736/3799 3860/3733/3796 3855/3728/3791
f 3861/3734/3797 3863/3736/3799 3855/3728/3791
f 3864/3737/3800 3862/3735/3798 3860/3733/3796
f 3863/3736/3799 3864/3737/3800 3860/3733/3796
f 3859/3732/3795 3862/3735/3798 3865/3738/3801
f 3865/3738/3801 3862/3735/3798 3864/3737/3800
f 3859/3732/3795 3866/3739/3802 3857/3730/3793
f 3866/3739/3802 3859/3732/3795 3865/3738/3801
f 3861/3734/3797 3856/3729/3792 3867/3740/3803
f 3863/3736/3799 3861/3734/3797 3868/3741/3804
f 3861/3734/3797 3867/3740/3803 3868/3741/3804
f 3864/3737/3800 3863/3736/3799 3869/3742/3805
f 3863/3736/3799 3868/3741/3804 3869/3742/3805
f 3870/3743/3806 3865/3738/3801 3864/3737/3800
f 3870/3743/3806 3864/3737/3800 3869/3742/3805
f 3856/3729/3792 3871/3744/3807 3867/3740/3803
f 3856/3729/3792 3851/3724/3787 3871/3744/3807
f 3868/3741/3804 3867/3740/3803 3872/3745/3808
f 3868/3741/3804 3872/3745/3808 3869/3742/3805
f 3867/3740/3803 3871/3744/3807 3873/3746/3809
f 3867/3740/3803 3873/3746/3809 3872/3745/3808
f 3851/3724/3787 3874/3747/3810 3871/3744/3807
f 3844/3717/3780 3874/3747/3810 3851/3724/3787
f 3871/3744/3807 3875/3748/3811 3873/3746/3809
f 3875/3748/3811 3871/3744/3807 3874/3747/3810
f 3844/3717/3780 3876/3749/3812 3874/3747/3810
f 3876/3749/3812 3844/3717/3780 3845/3718/3781
f 3877/3750/3813 3875/3748/3811 3874/3747/3810
f 3876/3749/3812 3877/3750/3813 3874/3747/3810
f 3873/3746/3809 3875/3748/3811 3878/3751/3814
f 3878/3751/3814 3875/3748/3811 3877/3750/3813
f 3879/3752/3815 3876/3749/3812 3845/3718/3781
f 3880/3753/3816 3879/3752/3815 3845/3718/3781
f 3881/3754/3817 3877/3750/3813 3876/3749/3812
f 3881/3754/3817 3878/3751/3814 3877/3750/3813
f 3879/3752/3815 3881/3754/3817 3876/3749/3812
f 3882/3755/3818 3879/3752/3815 3880/3753/3816
f 3883/3756/3819 3882/3755/3818 3880/3753/3816
f 3884/3757/3820 3881/3754/3817 3879/3752/3815
f 3882/3755/3818 3884/3757/3820 3879/3752/3815
f 3882/3755/3818 3883/3756/3819 3885/3758/3821
f 3883/3756/3819 3886/3759/3822 3885/3758/3821
f 3887/3760/3823 3873/3746/3809 3878/3751/3814
f 3873/3746/3809 3887/3760/3823 3872/3745/3808
f 3878/3751/3814 3881/3754/3817 3888/3761/3824
f 3881/3754/3817 3884/3757/3820 3888/3761/3824
f 3884/3757/3820 3882/3755/3818 3889/3762/3825
f 3882/3755/3818 3885/3758/3821 3889/3762/3825
f 3885/3758/3821 3886/3759/3822 3890/3763/3826
f 3886/3759/3822 3891/3764/3827 3890/3763/3826
f 3887/3760/3823 3878/3751/3814 3892/3765/3828
f 3878/3751/3814 3888/3761/3824 3892/3765/3828
f 3888/3761/3824 3884/3757/3820 3893/3766/3829
f 3884/3757/3820 3889/3762/3825 3893/3766/3829
f 3889/3762/3825 3885/3758/3821 3894/3767/3830
f 3885/3758/3821 3890/3763/3826 3894/3767/3830
f 3895/3768/3831 3890/3763/3826 3891/3764/3827
f 3896/3769/3832 3895/3768/3831 3891/3764/3827
f 3895/3768/3831 3896/3769/3832 3897/3770/3833
f 3892/3765/3828 3888/3761/3824 3898/3771/3834
f 3888/3761/3824 3893/3766/3829 3898/3771/3834
f 3893/3766/3829 3889/3762/3825 3899/3772/3835
f 3889/3762/3825 3894/3767/3830 3899/3772/3835
f 3894/3767/3830 3890/3763/3826 3900/3773/3836
f 3890/3763/3826 3895/3768/3831 3900/3773/3836
f 3898/3771/3834 3893/3766/3829 3901/3774/3837
f 3893/3766/3829 3899/3772/3835 3901/3774/3837
f 3902/3775/3838 3899/3772/3835 3894/3767/3830
f 3900/3773/3836 3902/3775/3838 3894/3767/3830
f 3903/3776/3839 3901/3774/3837 3899/3772/3835
f 3902/3775/3838 3903/3776/3839 3899/3772/3835
f 3904/3777/3840 3895/3768/3831 3897/3770/3833
f 3905/3778/3841 3900/3773/3836 3895/3768/3831
f 3904/3777/3840 3905/3778/3841 3895/3768/3831
f 3902/3775/3838 3900/3773/3836 3906/3779/3842
f 3900/3773/3836 3905/3778/3841 3906/3779/3842
f 3907/3780/3843 3904/3777/3840 3897/3770/3833
f 3908/3781/3844 3907/3780/3843 3897/3770/3833
f 3909/3782/3845 3905/3778/3841 3904/3777/3840
f 3907/3780/3843 3909/3782/3845 3904/3777/3840
f 3910/3783/3846 3907/3780/3843 3908/3781/3844
f 3911/3784/3847 3910/3783/3846 3908/3781/3844
f 3903/3776/3839 3902/3775/3838 3912/3785/3848
f 3902/3775/3838 3906/3779/3842 3912/3785/3848
f 3906/3779/3842 3905/3778/3841 3913/3786/3849
f 3905/3778/3841 3909/3782/3845 3913/3786/3849
f 3914/3787/3850 3909/3782/3845 3907/3780/3843
f 3910/3783/3846 3914/3787/3850 3907/3780/3843
f 3910/3783/3846 3911/3784/3847 3915/3788/3851
f 3911/3784/3847 3916/3789/3852 3915/3788/3851
f 3910/3783/3846 3915/3788/3851 3917/3790/3853
f 3914/3787/3850 3910/3783/3846 3917/3790/3853
f 3915/3788/3851 3916/3789/3852 3918/3791/3854
f 3917/3790/3853 3915/3788/3851 3918/3791/3854
f 3916/3789/3852 3919/3792/3855 3918/3791/3854
f 3918/3791/3854 3919/3792/3855 3920/3793/3856
f 3914/3787/3850 3921/3794/3857 3909/3782/3845
f 3921/3794/3857 3913/3786/3849 3909/3782/3845
f 3906/3779/3842 3913/3786/3849 3922/3795/3858
f 3912/3785/3848 3906/3779/3842 3922/3795/3858
f 3923/3796/3859 3917/3790/3853 3918/3791/3854
f 3923/3796/3859 3918/3791/3854 3920/3793/3856
f 3917/3790/3853 3924/3797/3860 3914/3787/3850
f 3924/3797/3860 3917/3790/3853 3923/3796/3859
f 3924/3797/3860 3921/3794/3857 3914/3787/3850
f 3923/3796/3859 3920/3793/3856 3925/3798/3861
f 3925/3798/3861 3924/3797/3860 3923/3796/3859
f 3920/3793/3856 3926/3799/3862 3925/3798/3861
f 3921/3794/3857 3927/3800/3863 3913/3786/3849
f 3927/3800/3863 3922/3795/3858 3913/3786/3849
f 3921/3794/3857 3924/3797/3860 3928/3801/3864
f 3928/3801/3864 3927/3800/3863 3921/3794/3857
f 3925/3798/3861 3926/3799/3862 3929/3802/3865
f 3926/3799/3862 3930/3803/3866 3929/3802/3865
f 3931/3804/3867 3924/3797/3860 3925/3798/3861
f 3928/3801/3864 3924/3797/3860 3931/3804/3867
f 3929/3802/3865 3931/3804/3867 3925/3798/3861
f 3929/3802/3865 3930/3803/3866 3932/3805/3868
f 3930/3803/3866 3933/3806/3869 3932/3805/3868
f 3933/3806/3869 3934/3807/3870 3932/3805/3868
f 3934/3807/3870 3935/3808/3871 3932/3805/3868
f 3932/3805/3868 3935/3808/3871 3936/3809/3872
f 3931/3804/3867 3929/3802/3865 3937/3810/3873
f 3929/3802/3865 3932/3805/3868 3937/3810/3873
f 3937/3810/3873 3932/3805/3868 3936/3809/3872
f 3928/3801/3864 3931/3804/3867 3937/3810/3873
f 3937/3810/3873 3936/3809/3872 3938/3811/3874
f 3939/3812/3875 3928/3801/3864 3937/3810/3873
f 3939/3812/3875 3937/3810/3873 3938/3811/3874
f 3927/3800/3863 3928/3801/3864 3939/3812/3875
f 3939/3812/3875 3938/3811/3874 3940/3813/3876
f 3941/3814/3877 3927/3800/3863 3939/3812/3875
f 3941/3814/3877 3939/3812/3875 3940/3813/3876
f 3922/3795/3858 3927/3800/3863 3941/3814/3877
f 3941/3814/3877 3940/3813/3876 3942/3815/3878
f 3940/3813/3876 3943/3816/3879 3942/3815/3878
f 3942/3815/3878 3943/3816/3879 3944/3817/3880
f 3943/3816/3879 3945/3818/3881 3944/3817/3880
f 3944/3817/3880 3945/3818/3881 3946/3819/3882
f 3947/3820/3883 3922/3795/3858 3941/3814/3877
f 3941/3814/3877 3942/3815/3878 3947/3820/3883
f 3912/3785/3848 3922/3795/3858 3947/3820/3883
f 3948/3821/3884 3912/3785/3848 3947/3820/3883
f 3912/3785/3848 3948/3821/3884 3903/3776/3839
f 3942/3815/3878 3949/3822/3885 3947/3820/3883
f 3947/3820/3883 3949/3822/3885 3948/3821/3884
f 3948/3821/3884 3950/3823/3886 3903/3776/3839
f 3903/3776/3839 3950/3823/3886 3901/3774/3837
f 3951/3824/3887 3949/3822/3885 3942/3815/3878
f 3944/3817/3880 3951/3824/3887 3942/3815/3878
f 3949/3822/3885 3952/3825/3888 3948/3821/3884
f 3950/3823/3886 3948/3821/3884 3952/3825/3888
f 3949/3822/3885 3951/3824/3887 3952/3825/3888
f 3953/3826/3889 3944/3817/3880 3946/3819/3882
f 3953/3826/3889 3946/3819/3882 3954/3827/3890
f 3950/3823/3886 3955/3828/3891 3901/3774/3837
f 3955/3828/3891 3950/3823/3886 3956/3829/3892
f 3898/3771/3834 3901/3774/3837 3955/3828/3891
f 3957/3830/3893 3898/3771/3834 3955/3828/3891
f 3957/3830/3893 3955/3828/3891 3956/3829/3892
f 3892/3765/3828 3898/3771/3834 3957/3830/3893
f 3958/3831/3894 3950/3823/3886 3952/3825/3888
f 3950/3823/3886 3958/3831/3894 3956/3829/3892
f 3959/3832/3895 3892/3765/3828 3957/3830/3893
f 3892/3765/3828 3959/3832/3895 3887/3760/3823
f 3958/3831/3894 3952/3825/3888 3960/3833/3896
f 3951/3824/3887 3960/3833/3896 3952/3825/3888
f 3961/3834/3897 3953/3826/3889 3954/3827/3890
f 3961/3834/3897 3954/3827/3890 3962/3835/3898
f 3956/3829/3892 3958/3831/3894 3963/3836/3899
f 3963/3836/3899 3958/3831/3894 3960/3833/3896
f 3959/3832/3895 3957/3830/3893 3964/3837/3900
f 3964/3837/3900 3957/3830/3893 3956/3829/3892
f 3959/3832/3895 3965/3838/3901 3887/3760/3823
f 3887/3760/3823 3965/3838/3901 3872/3745/3808
f 3966/3839/3902 3872/3745/3808 3965/3838/3901
f 3872/3745/3808 3966/3839/3902 3869/3742/3805
f 3965/3838/3901 3959/3832/3895 3967/3840/3903
f 3967/3840/3903 3966/3839/3902 3965/3838/3901
f 3968/3841/3904 3959/3832/3895 3964/3837/3900
f 3959/3832/3895 3968/3841/3904 3967/3840/3903
f 3964/3837/3900 3956/3829/3892 3969/3842/3905
f 3968/3841/3904 3964/3837/3900 3969/3842/3905
f 3968/3841/3904 3970/3843/3906 3967/3840/3903
f 3970/3843/3906 3968/3841/3904 3969/3842/3905
f 3971/3844/3907 3956/3829/3892 3963/3836/3899
f 3956/3829/3892 3971/3844/3907 3969/3842/3905
f 3869/3742/3805 3966/3839/3902 3972/3845/3908
f 3972/3845/3908 3870/3743/3806 3869/3742/3805
f 3967/3840/3903 3973/3846/3909 3966/3839/3902
f 3970/3843/3906 3973/3846/3909 3967/3840/3903
f 3966/3839/3902 3974/3847/3910 3972/3845/3908
f 3973/3846/3909 3974/3847/3910 3966/3839/3902
f 3870/3743/3806 3972/3845/3908 3975/3848/3911
f 3972/3845/3908 3974/3847/3910 3975/3848/3911
f 3973/3846/3909 3970/3843/3906 3976/3849/3912
f 3973/3846/3909 3976/3849/3912 3974/3847/3910
f 3970/3843/3906 3969/3842/3905 3977/3850/3913
f 3970/3843/3906 3977/3850/3913 3976/3849/3912
f 3978/3851/3914 3969/3842/3905 3971/3844/3907
f 3969/3842/3905 3978/3851/3914 3977/3850/3913
f 3979/3852/3915 3971/3844/3907 3963/3836/3899
f 3979/3852/3915 3978/3851/3914 3971/3844/3907
f 3980/3853/3916 3977/3850/3913 3978/3851/3914
f 3977/3850/3913 3980/3853/3916 3976/3849/3912
f 3976/3849/3912 3981/3854/3917 3974/3847/3910
f 3974/3847/3910 3981/3854/3917 3975/3848/3911
f 3982/3855/3918 3870/3743/3806 3975/3848/3911
f 3870/3743/3806 3982/3855/3918 3865/3738/3801
f 3983/3856/3919 3979/3852/3915 3963/3836/3899
f 3963/3836/3899 3960/3833/3896 3983/3856/3919
f 3978/3851/3914 3979/3852/3915 3984/3857/3920
f 3984/3857/3920 3980/3853/3916 3978/3851/3914
f 3976/3849/3912 3985/3858/3921 3981/3854/3917
f 3980/3853/3916 3985/3858/3921 3976/3849/3912
f 3982/3855/3918 3986/3859/3922 3865/3738/3801
f 3866/3739/3802 3865/3738/3801 3986/3859/3922
f 3987/3860/3923 3866/3739/3802 3986/3859/3922
f 3866/3739/3802 3987/3860/3923 3857/3730/3793
f 3986/3859/3922 3982/3855/3918 3988/3861/3924
f 3987/3860/3923 3986/3859/3922 3988/3861/3924
f 3987/3860/3923 3989/3862/3925 3857/3730/3793
f 3857/3730/3793 3989/3862/3925 3858/3731/3794
f 3987/3860/3923 3990/3863/3926 3989/3862/3925
f 3990/3863/3926 3987/3860/3923 3988/3861/3924
f 3858/3731/3794 3989/3862/3925 3991/3864/3927
f 3990/3863/3926 3991/3864/3927 3989/3862/3925
f 3992/3865/3928 3858/3731/3794 3991/3864/3927
f 3982/3855/3918 3993/3866/3929 3988/3861/3924
f 3982/3855/3918 3975/3848/3911 3993/3866/3929
f 3990/3863/3926 3988/3861/3924 3994/3867/3930
f 3988/3861/3924 3993/3866/3929 3994/3867/3930
f 3992/3865/3928 3991/3864/3927 3995/3868/3931
f 3996/3869/3932 3992/3865/3928 3995/3868/3931
f 3990/3863/3926 3997/3870/3933 3991/3864/3927
f 3997/3870/3933 3990/3863/3926 3994/3867/3930
f 3997/3870/3933 3995/3868/3931 3991/3864/3927
f 3975/3848/3911 3998/3871/3934 3993/3866/3929
f 3998/3871/3934 3975/3848/3911 3981/3854/3917
f 3995/3868/3931 3999/3872/3935 3996/3869/3932
f 3999/3872/3935 4000/3873/3936 3996/3869/3932
f 4000/3873/3936 3999/3872/3935 4001/3874/3937
f 3999/3872/3935 4002/3875/3938 4001/3874/3937
f 3997/3870/3933 4003/3876/3939 3995/3868/3931
f 4003/3876/3939 3999/3872/3935 3995/3868/3931
f 3999/3872/3935 4003/3876/3939 4002/3875/3938
f 4003/3876/3939 3997/3870/3933 3994/3867/3930
f 4003/3876/3939 4004/3877/3940 4002/3875/3938
f 4003/3876/3939 4005/3878/3941 4004/3877/3940
f 4005/3878/3941 4003/3876/3939 3994/3867/3930
f 4005/3878/3941 4006/3879/3942 4004/3877/3940
f 3993/3866/3929 4007/3880/3943 3994/3867/3930
f 3994/3867/3930 4007/3880/3943 4005/3878/3941
f 3993/3866/3929 3998/3871/3934 4007/3880/3943
f 4006/3879/3942 4005/3878/3941 4008/3881/3944
f 4007/3880/3943 4008/3881/3944 4005/3878/3941
f 4009/3882/3945 4006/3879/3942 4008/3881/3944
f 3998/3871/3934 4010/3883/3946 4007/3880/3943
f 4007/3880/3943 4010/3883/3946 4008/3881/3944
f 4009/3882/3945 4008/3881/3944 4011/3884/3947
f 4010/3883/3946 4011/3884/3947 4008/3881/3944
f 4012/3885/3775 4009/3882/3945 4011/3884/3947
f 4010/3883/3946 3998/3871/3934 4013/3886/3948
f 4013/3886/3948 3998/3871/3934 3981/3854/3917
f 3985/3858/3921 4013/3886/3948 3981/3854/3917
f 4014/3887/3949 4010/3883/3946 4013/3886/3948
f 4011/3884/3947 4010/3883/3946 4014/3887/3949
f 4013/3886/3948 3985/3858/3921 4014/3887/3949
f 4011/3884/3947 4015/3888/3950 4012/3885/3775
f 4015/3888/3950 4011/3884/3947 4014/3887/3949
f 4015/3888/3950 4016/3889/3781 4012/3885/3775
f 3985/3858/3921 4017/3890/3951 4014/3887/3949
f 4015/3888/3950 4014/3887/3949 4017/3890/3951
f 3985/3858/3921 3980/3853/3916 4017/3890/3951
f 4016/3889/3781 4015/3888/3950 4018/3891/3952
f 4018/3891/3952 4015/3888/3950 4017/3890/3951
f 4019/3892/3953 4016/3889/3781 4018/3891/3952
f 3980/3853/3916 4020/3893/3954 4017/3890/3951
f 4017/3890/3951 4020/3893/3954 4018/3891/3952
f 3980/3853/3916 3984/3857/3920 4020/3893/3954
f 4018/3891/3952 4021/3894/3955 4019/3892/3953
f 4020/3893/3954 4021/3894/3955 4018/3891/3952
f 4021/3894/3955 4022/3895/3956 4019/3892/3953
f 3984/3857/3920 4023/3896/3957 4020/3893/3954
f 4020/3893/3954 4023/3896/3957 4021/3894/3955
f 4021/3894/3955 4024/3897/3958 4022/3895/3956
f 4023/3896/3957 4024/3897/3958 4021/3894/3955
f 4024/3897/3958 4025/3898/3822 4022/3895/3956
f 3984/3857/3920 4026/3899/3959 4023/3896/3957
f 3979/3852/3915 4026/3899/3959 3984/3857/3920
f 4026/3899/3959 3979/3852/3915 3983/3856/3919
f 4024/3897/3958 4027/3900/3960 4025/3898/3822
f 4027/3900/3960 4028/3901/3961 4025/3898/3822
f 4024/3897/3958 4023/3896/3957 4029/3902/3962
f 4026/3899/3959 4029/3902/3962 4023/3896/3957
f 4027/3900/3960 4024/3897/3958 4029/3902/3962
f 4030/3903/3963 4026/3899/3959 3983/3856/3919
f 4029/3902/3962 4026/3899/3959 4030/3903/3963
f 4027/3900/3960 4031/3904/3964 4028/3901/3961
f 4031/3904/3964 4032/3905/3965 4028/3901/3961
f 4032/3905/3965 4031/3904/3964 4033/3906/3966
f 4027/3900/3960 4029/3902/3962 4034/3907/3967
f 4034/3907/3967 4029/3902/3962 4030/3903/3963
f 4031/3904/3964 4027/3900/3960 4034/3907/3967
f 3983/3856/3919 4035/3908/3968 4030/3903/3963
f 3960/3833/3896 4035/3908/3968 3983/3856/3919
f 3960/3833/3896 3951/3824/3887 4035/3908/3968
f 4034/3907/3967 4030/3903/3963 4036/3909/3969
f 4035/3908/3968 4036/3909/3969 4030/3903/3963
f 3951/3824/3887 4037/3910/3970 4035/3908/3968
f 4036/3909/3969 4035/3908/3968 4037/3910/3970
f 3951/3824/3887 3944/3817/3880 4037/3910/3970
f 4031/3904/3964 4034/3907/3967 4038/3911/3971
f 4038/3911/3971 4034/3907/3967 4036/3909/3969
f 4031/3904/3964 4039/3912/3972 4033/3906/3966
f 4039/3912/3972 4031/3904/3964 4038/3911/3971
f 3944/3817/3880 4040/3913/3973 4037/3910/3970
f 4040/3913/3973 3944/3817/3880 3953/3826/3889
f 4041/3914/3974 4036/3909/3969 4037/3910/3970
f 4038/3911/3971 4036/3909/3969 4041/3914/3974
f 4041/3914/3974 4037/3910/3970 4040/3913/3973
f 4033/3906/3966 4039/3912/3972 4042/3915/3975
f 4043/3916/3976 4033/3906/3966 4042/3915/3975
f 4038/3911/3971 4044/3917/3977 4039/3912/3972
f 4044/3917/3977 4038/3911/3971 4041/3914/3974
f 4044/3917/3977 4042/3915/3975 4039/3912/3972
f 4045/3918/3978 4040/3913/3973 3953/3826/3889
f 3953/3826/3889 3961/3834/3897 4045/3918/3978
f 4046/3919/3979 4041/3914/3974 4040/3913/3973
f 4044/3917/3977 4041/3914/3974 4046/3919/3979
f 4040/3913/3973 4045/3918/3978 4046/3919/3979
f 4043/3916/3976 4042/3915/3975 4047/3920/3980
f 4048/3921/3981 4043/3916/3976 4047/3920/3980
f 4044/3917/3977 4049/3922/3982 4042/3915/3975
f 4049/3922/3982 4044/3917/3977 4046/3919/3979
f 4049/3922/3982 4047/3920/3980 4042/3915/3975
f 4045/3918/3978 4050/3923/3983 4046/3919/3979
f 4046/3919/3979 4050/3923/3983 4049/3922/3982
f 4047/3920/3980 4051/3924/3984 4048/3921/3981
f 4051/3924/3984 4052/3925/3985 4048/3921/3981
f 4052/3925/3985 4051/3924/3984 4053/3926/3986
f 4047/3920/3980 4049/3922/3982 4054/3927/3987
f 4051/3924/3984 4047/3920/3980 4054/3927/3987
f 4050/3923/3983 4054/3927/3987 4049/3922/3982
f 4051/3924/3984 4055/3928/3988 4053/3926/3986
f 4055/3928/3988 4051/3924/3984 4054/3927/3987
f 4053/3926/3986 4055/3928/3988 4056/3929/3989
f 4045/3918/3978 4057/3930/3990 4050/3923/3983
f 3961/3834/3897 4057/3930/3990 4045/3918/3978
f 4058/3931/3991 4055/3928/3988 4054/3927/3987
f 4055/3928/3988 4058/3931/3991 4056/3929/3989
f 4054/3927/3987 4050/3923/3983 4059/3932/3992
f 4058/3931/3991 4054/3927/3987 4059/3932/3992
f 4056/3929/3989 4058/3931/3991 4059/3932/3992
f 4059/3932/3992 4050/3923/3983 4057/3930/3990
f 4060/3933/3993 4056/3929/3989 4059/3932/3992
f 4061/3934/3994 4059/3932/3992 4057/3930/3990
f 4059/3932/3992 4061/3934/3994 4060/3933/3993
f 4061/3934/3994 4057/3930/3990 3961/3834/3897
f 4061/3934/3994 4062/3935/3995 4060/3933/3993
f 4062/3935/3995 4061/3934/3994 4063/3936/3996
f 4064/3937/3997 4061/3934/3994 3961/3834/3897
f 4061/3934/3994 4064/3937/3997 4063/3936/3996
f 4064/3937/3997 3961/3834/3897 3962/3835/3898
f 4063/3936/3996 4064/3937/3997 4065/3938/3998
f 4064/3937/3997 3962/3835/3898 4065/3938/3998
f 4068/3939/3999 4067/3940/4000 4066/3941/662
f 4069/3942/4001 4068/3939/3999 4066/3941/662
f 4070/3943/4002 4069/3942/4001 4066/3941/662
f 4071/3944/4003 4068/3939/3999 4069/3942/4001
f 4072/3945/4004 4070/3943/4002 4066/3941/662
f 4070/3943/4002 4072/3945/4004 4073/3946/4005
f 4074/3947/4006 4071/3944/4003 4069/3942/4001
f 4075/3948/4007 4070/3943/4002 4073/3946/4005
f 4075/3948/4007 4073/3946/4005 4076/3949/4008
f 4077/3950/4009 4075/3948/4007 4076/3949/4008
f 4076/3949/4008 4078/3951/4010 4077/3950/4009
f 4078/3951/4010 4079/3952/4011 4077/3950/4009
f 4078/3951/4010 4080/3953/4012 4079/3952/4011
f 4075/3948/4007 4077/3950/4009 4081/3954/4013
f 4070/3943/4002 4075/3948/4007 4082/3955/4014
f 4075/3948/4007 4081/3954/4013 4082/3955/4014
f 4077/3950/4009 4079/3952/4011 525/477/519
f 4077/3950/4009 525/477/519 4081/3954/4013
f 4079/3952/4011 519/471/513 525/477/519
f 4081/3954/4013 525/477/519 529/481/523
f 4079/3952/4011 4083/3956/4015 519/471/513
f 4080/3953/4012 4083/3956/4015 4079/3952/4011
f 4083/3956/4015 517/469/511 519/471/513
f 4084/3957/4016 4081/3954/4013 529/481/523
f 4084/3957/4016 529/481/523 532/484/526
f 4083/3956/4015 4080/3953/4012 4085/3958/4017
f 4080/3953/4012 4086/3959/4018 4085/3958/4017
f 4083/3956/4015 4087/3960/4019 517/469/511
f 4087/3960/4019 4083/3956/4015 4085/3958/4017
f 4087/3960/4019 520/472/514 517/469/511
f 4087/3960/4019 4088/3961/4020 520/472/514
f 4087/3960/4019 4085/3958/4017 4088/3961/4020
f 4088/3961/4020 522/474/516 520/472/514
f 4085/3958/4017 4086/3959/4018 4089/3962/4021
f 4085/3958/4017 4089/3962/4021 4088/3961/4020
f 4086/3959/4018 4090/3963/4022 4089/3962/4021
f 4090/3963/4022 4091/3964/4023 4089/3962/4021
f 4081/3954/4013 4084/3957/4016 4092/3965/4024
f 4082/3955/4014 4081/3954/4013 4092/3965/4024
f 4089/3962/4021 4093/3966/4025 4088/3961/4020
f 4091/3964/4023 4093/3966/4025 4089/3962/4021
f 4088/3961/4020 4094/3967/4026 522/474/516
f 4093/3966/4025 4094/3967/4026 4088/3961/4020
f 4095/3968/4027 4093/3966/4025 4091/3964/4023
f 4094/3967/4026 4093/3966/4025 4095/3968/4027
f 4096/3969/4028 4095/3968/4027 4091/3964/4023
f 4097/3970/4029 4094/3967/4026 4095/3968/4027
f 4094/3967/4026 4098/3971/4030 522/474/516
f 4094/3967/4026 4097/3970/4029 4098/3971/4030
f 522/474/516 4098/3971/4030 523/475/517
f 4097/3970/4029 4099/3972/4031 4098/3971/4030
f 523/475/517 4098/3971/4030 4099/3972/4031
f 4100/3973/4032 523/475/517 4099/3972/4031
f 4082/3955/4014 4092/3965/4024 4101/3974/4033
f 4102/3975/4034 4082/3955/4014 4101/3974/4033
f 4082/3955/4014 4102/3975/4034 4070/3943/4002
f 4102/3975/4034 4103/3976/4035 4070/3943/4002
f 4103/3976/4035 4069/3942/4001 4070/3943/4002
f 4101/3974/4033 4104/3977/4036 4102/3975/4034
f 4104/3977/4036 4103/3976/4035 4102/3975/4034
f 4103/3976/4035 4105/3978/4037 4069/3942/4001
f 4103/3976/4035 4104/3977/4036 4105/3978/4037
f 4105/3978/4037 4074/3947/4006 4069/3942/4001
f 4101/3974/4033 4092/3965/4024 4106/3979/4038
f 4101/3974/4033 4106/3979/4038 4104/3977/4036
f 4104/3977/4036 4107/3980/4039 4105/3978/4037
f 4106/3979/4038 4107/3980/4039 4104/3977/4036
f 4092/3965/4024 4108/3981/4040 4106/3979/4038
f 4092/3965/4024 4084/3957/4016 4108/3981/4040
f 4084/3957/4016 532/484/526 4108/3981/4040
f 4108/3981/4040 532/484/526 544/496/538
f 4106/3979/4038 4108/3981/4040 4109/3982/4041
f 4108/3981/4040 544/496/538 4109/3982/4041
f 4106/3979/4038 4109/3982/4041 4107/3980/4039
f 611/553/601 4109/3982/4041 544/496/538
f 4105/3978/4037 4107/3980/4039 4110/3983/4042
f 4074/3947/4006 4105/3978/4037 4110/3983/4042
f 4109/3982/4041 4111/3984/4043 4107/3980/4039
f 4109/3982/4041 611/553/601 4111/3984/4043
f 4107/3980/4039 4111/3984/4043 4110/3983/4042
f 611/553/601 4112/3985/4044 4111/3984/4043
f 4111/3984/4043 4112/3985/4044 4110/3983/4042
f 4112/3985/4044 611/553/601 612/554/602
f 4112/3985/4044 4113/3986/4045 4110/3983/4042
f 4112/3985/4044 612/554/602 4113/3986/4045
f 4114/3987/4046 4074/3947/4006 4110/3983/4042
f 4110/3983/4042 4113/3986/4045 4114/3987/4046
f 612/554/602 4115/3988/4047 4113/3986/4045
f 4115/3988/4047 612/554/602 619/561/609
f 4074/3947/4006 4114/3987/4046 4116/3989/4048
f 4117/3990/4003 4074/3947/4006 4116/3989/4048
f 4113/3986/4045 4118/3991/4049 4114/3987/4046
f 4113/3986/4045 4115/3988/4047 4118/3991/4049
f 4116/3989/4048 4114/3987/4046 4118/3991/4049
f 4117/3990/4003 4116/3989/4048 4119/3992/4050
f 4119/3992/4050 4116/3989/4048 4118/3991/4049
f 4118/3991/4049 4120/3993/4051 4119/3992/4050
f 4121/3994/4052 4117/3990/4003 4119/3992/4050
f 4119/3992/4050 4122/3995/4053 4121/3994/4052
f 4120/3993/4051 4122/3995/4053 4119/3992/4050
f 4115/3988/4047 4123/3996/4054 4118/3991/4049
f 4123/3996/4054 4115/3988/4047 619/561/609
f 4118/3991/4049 4123/3996/4054 4120/3993/4051
f 4124/3997/4055 4123/3996/4054 619/561/609
f 4123/3996/4054 4124/3997/4055 4120/3993/4051
f 4125/3998/4056 4124/3997/4055 619/561/609
f 4124/3997/4055 4125/3998/4056 4120/3993/4051
f 668/610/658 4125/3998/4056 619/561/609
f 4125/3998/4056 668/610/658 4126/3999/4057
f 4125/3998/4056 4126/3999/4057 4120/3993/4051
f 668/610/658 666/608/656 4126/3999/4057
f 4126/3999/4057 666/608/656 669/611/659
f 4122/3995/4053 4120/3993/4051 4127/4000/4058
f 4120/3993/4051 4126/3999/4057 4127/4000/4058
f 4122/3995/4053 4127/4000/4058 4128/4001/4059
f 4129/4002/660 4128/4001/4059 4127/4000/4058
f 669/611/659 4130/4003/4060 4126/3999/4057
f 4130/4003/4060 4127/4000/4058 4126/3999/4057
f 4130/4003/4060 4129/4002/660 4127/4000/4058
f 669/611/659 667/609/657 4130/4003/4060
f 667/609/657 4129/4002/660 4130/4003/4060
f 4132/458/4061 4131/4004/4062 507/459/4063
f 507/459/4063 4131/4004/4062 4133/501/4064
f 4134/465/4065 507/459/4063 4133/501/4064
f 4136/4005/4066 4135/1242/4067 1336/1243/4068
f 4136/4005/4066 1336/1243/4068 4137/1250/4069
f 1336/1243/4068 4138/1246/1314 4137/1250/4069
f 4141/4006/4070 4140/4007/4071 4139/4008/4072
f 4140/4007/4071 4142/4009/4073 4139/4008/4072
f 4140/4007/4071 4143/4010/4074 4142/4009/4073
f 4140/4007/4071 4144/4011/4075 4143/4010/4074
f 4144/4011/4075 4145/4012/4076 4143/4010/4074
f 4146/4013/568 4145/4012/4076 4144/4011/4075
f 4145/4012/4076 4146/4013/568 4147/4014/4077
f 4148/4015/571 4145/4012/4076 4147/4014/4077
f 4145/4012/4076 4148/4015/571 4149/4016/4078
f 4143/4010/4074 4145/4012/4076 4149/4016/4078
f 4143/4010/4074 4149/4016/4078 4150/4017/4079
f 4149/4016/4078 4151/4018/4080 4150/4017/4079
f 4151/4018/4080 4149/4016/4078 4148/4015/571
f 4152/4019/554 4151/4018/4080 4148/4015/571
f 4152/4019/554 4153/4020/555 4151/4018/4080
f 4154/4021/4081 4151/4018/4080 4153/4020/555
f 4151/4018/4080 4154/4021/4081 4150/4017/4079
f 4155/4022/4082 4154/4021/4081 4153/4020/555
f 4155/4022/4082 4156/4023/4083 4154/4021/4081
f 4157/4024/351 4156/4023/4083 4155/4022/4082
f 4156/4023/4083 4158/4025/4084 4154/4021/4081
f 4154/4021/4081 4158/4025/4084 4150/4017/4079
f 4158/4025/4084 4159/4026/4085 4150/4017/4079
f 4156/4023/4083 4160/4027/4086 4158/4025/4084
f 4160/4027/4086 4156/4023/4083 4161/4028/4087
f 4161/4028/4087 4162/4029/4088 4160/4027/4086
f 4162/4029/4088 4161/4028/4087 4163/4030/545
f 4162/4029/4088 4164/4031/4089 4160/4027/4086
f 4160/4027/4086 4165/4032/4090 4158/4025/4084
f 4164/4031/4089 4165/4032/4090 4160/4027/4086
f 4158/4025/4084 4165/4032/4090 4159/4026/4085
f 4166/4033/4091 4165/4032/4090 4164/4031/4089
f 4165/4032/4090 4166/4033/4091 4159/4026/4085
f 4167/4034/4092 4166/4033/4091 4164/4031/4089
f 4167/4034/4092 4168/4035/4093 4166/4033/4091
f 4168/4035/4093 4167/4034/4092 4169/4036/4094
f 4169/4036/4094 4170/4037/4095 4168/4035/4093
f 4168/4035/4093 4171/4038/4096 4166/4033/4091
f 4171/4038/4096 4172/4039/4097 4159/4026/4085
f 4173/4040/4098 4172/4039/4097 4171/4038/4096
f 4170/4037/4095 4173/4040/4098 4168/4035/4093
f 4173/4040/4098 4171/4038/4096 4168/4035/4093
f 4174/4033/4099 4171/4038/4096 4159/4026/4085
f 4170/4037/4095 4176/4041/4100 4173/4040/4098
f 4176/4041/4100 4177/4042/4101 4173/4040/4098
f 4173/4040/4098 4177/4042/4101 4172/4039/4097
f 4172/4039/4097 4178/4043/4102 4159/4026/4085
f 4178/4043/4102 4179/4044/4103 4159/4026/4085
f 4179/4044/4103 4178/4043/4102 4180/4045/4104
f 4159/4026/4085 4179/4044/4103 4150/4017/4079
f 4179/4044/4103 4181/4046/4105 4150/4017/4079
f 4181/4046/4105 4179/4044/4103 4180/4045/4104
f 4182/4047/4106 4178/4043/4102 4172/4039/4097
f 4178/4043/4102 4182/4047/4106 4180/4045/4104
f 4181/4046/4105 4183/4048/4107 4150/4017/4079
f 4143/4010/4074 4150/4017/4079 4183/4048/4107
f 4183/4048/4107 4181/4046/4105 4184/4049/4108
f 4184/4049/4108 4185/4050/4109 4183/4048/4107
f 4186/4051/4110 4143/4010/4074 4183/4048/4107
f 4185/4050/4109 4186/4051/4110 4183/4048/4107
f 4143/4010/4074 4186/4051/4110 4142/4009/4073
f 4186/4051/4110 4185/4050/4109 4142/4009/4073
f 4187/4052/4111 4181/4046/4105 4180/4045/4104
f 4181/4046/4105 4187/4052/4111 4184/4049/4108
f 4187/4052/4111 4188/4053/4112 4184/4049/4108
f 4185/4050/4109 4189/4054/585 4142/4009/4073
f 4142/4009/4073 4189/4054/585 4190/4055/4113
f 4189/4054/585 4191/4056/4114 4190/4055/4113
f 4192/4057/587 4189/4054/585 4185/4050/4109
f 4193/4058/4115 4192/4057/587 4185/4050/4109
f 4193/4058/4115 4194/4059/4116 4192/4057/587
f 4194/4059/4116 4193/4058/4115 4195/4060/4117
f 4193/4058/4115 4196/4061/589 4195/4060/4117
f 4193/4058/4115 4185/4050/4109 4197/4062/4118
f 4196/4061/589 4193/4058/4115 4197/4062/4118
f 4197/4062/4118 4185/4050/4109 4184/4049/4108
f 4197/4062/4118 4198/4063/4119 4196/4061/589
f 4198/4063/4119 4197/4062/4118 4184/4049/4108
f 4198/4063/4119 4199/4064/1332 4196/4061/589
f 4200/4065/4120 4199/4064/1332 4198/4063/4119
f 4198/4063/4119 4201/4066/4121 4200/4065/4120
f 4201/4066/4121 4198/4063/4119 4184/4049/4108
f 4201/4066/4121 4202/4067/4122 4200/4065/4120
f 4203/4068/4123 4201/4066/4121 4184/4049/4108
f 4188/4053/4112 4203/4068/4123 4184/4049/4108
f 4204/4069/4124 4202/4067/4122 4201/4066/4121
f 4203/4068/4123 4204/4069/4124 4201/4066/4121
f 4204/4069/4124 4205/4070/4125 4202/4067/4122
f 4206/4071/4126 4204/4069/4124 4203/4068/4123
f 4204/4069/4124 4206/4071/4126 4207/4072/4127
f 4208/4073/1319 4207/4072/4127 4206/4071/4126
f 4207/4072/4127 4208/4073/1319 4209/4074/1321
f 4210/4075/4128 4208/4073/1319 4206/4071/4126
f 4211/4076/4129 4206/4071/4126 4203/4068/4123
f 4211/4076/4129 4210/4075/4128 4206/4071/4126
f 4211/4076/4129 4203/4068/4123 4188/4053/4112
f 4211/4076/4129 4212/4077/4130 4210/4075/4128
f 4212/4077/4130 4211/4076/4129 4188/4053/4112
f 4212/4077/4130 4213/4078/4131 4210/4075/4128
f 4214/4079/4132 4213/4078/4131 4212/4077/4130
f 4213/4078/4131 4214/4079/4132 4215/4080/4133
f 4216/4081/4134 4215/4080/4133 4214/4079/4132
f 4217/4082/4135 4214/4079/4132 4212/4077/4130
f 4218/4083/4136 4217/4082/4135 4188/4053/4112
f 4219/4084/4137 4218/4083/4136 4188/4053/4112
f 4217/4082/4135 4220/4077/4138 4188/4053/4112
f 4187/4052/4111 4219/4084/4137 4188/4053/4112
f 4219/4084/4137 4187/4052/4111 4180/4045/4104
f 4221/4085/4139 4216/4081/4134 4214/4079/4132
f 4217/4082/4135 4221/4085/4139 4214/4079/4132
f 4218/4083/4136 4221/4085/4139 4217/4082/4135
f 4222/4086/4140 4216/4081/4134 4221/4085/4139
f 4224/4087/4141 4219/4084/4137 4180/4045/4104
f 4219/4084/4137 4224/4087/4141 4218/4083/4136
f 4225/4088/4142 4222/4086/4140 4221/4085/4139
f 4225/4088/4142 4221/4085/4139 4218/4083/4136
f 4226/4089/4143 4224/4087/4141 4180/4045/4104
f 4182/4047/4106 4226/4089/4143 4180/4045/4104
f 4227/4090/4144 4225/4088/4142 4218/4083/4136
f 4227/4090/4144 4228/4091/4145 4225/4088/4142
f 4225/4088/4142 4228/4091/4145 4229/4092/4146
f 4230/4088/4147 4229/4092/4146 4223/4086/4148
f 4229/4092/4146 4231/4093/4149 4223/4086/4148
f 4232/4094/4150 4231/4093/4149 4229/4092/4146
f 4229/4092/4146 4233/4095/4151 4232/4094/4150
f 4228/4091/4145 4233/4095/4151 4229/4092/4146
f 4233/4095/4151 4234/4096/4152 4232/4094/4150
f 4235/4097/4153 4234/4096/4152 4233/4095/4151
f 4228/4091/4145 4235/4097/4153 4233/4095/4151
f 4224/4087/4141 4236/4098/4154 4218/4083/4136
f 4237/4099/4155 4227/4090/4144 4218/4083/4136
f 4236/4098/4154 4237/4099/4155 4218/4083/4136
f 4238/4100/4156 4228/4091/4145 4227/4090/4144
f 4239/4099/4157 4238/4100/4156 4227/4090/4144
f 4224/4087/4141 4240/4101/4158 4236/4098/4154
f 4240/4101/4158 4224/4087/4141 4226/4089/4143
f 4238/4100/4156 4241/4102/4159 4228/4091/4145
f 4228/4091/4145 4241/4102/4159 4242/4097/4160
f 4243/4103/4161 4241/4102/4159 4238/4100/4156
f 4243/4103/4161 4244/4104/4162 4241/4102/4159
f 4245/4105/4163 4243/4103/4161 4238/4100/4156
f 4244/4104/4162 4243/4103/4161 4245/4105/4163
f 4237/4099/4155 4245/4105/4163 4238/4100/4156
f 4246/4106/4164 4244/4104/4162 4245/4105/4163
f 4247/4107/4165 4245/4105/4163 4237/4099/4155
f 4245/4105/4163 4247/4107/4165 4246/4106/4164
f 4247/4107/4165 4237/4099/4155 4236/4098/4154
f 4247/4107/4165 4249/4108/4166 4246/4106/4164
f 4250/4109/4167 4247/4107/4165 4236/4098/4154
f 4236/4098/4154 4251/4110/4168 4250/4109/4167
f 4240/4101/4158 4251/4110/4168 4236/4098/4154
f 4251/4110/4168 4252/4111/4169 4250/4109/4167
f 4252/4111/4169 4254/4112/4170 4250/4109/4167
f 4255/4113/4171 4252/4111/4169 4251/4110/4168
f 4255/4113/4171 4256/4114/4172 4252/4111/4169
f 4257/4115/4173 4256/4114/4172 4255/4113/4171
f 4257/4115/4173 4258/4116/4174 4256/4114/4172
f 4251/4110/4168 4259/4117/4175 4255/4113/4171
f 4259/4117/4175 4257/4115/4173 4255/4113/4171
f 4257/4115/4173 4260/4118/4176 4258/4116/4174
f 4260/4118/4176 4261/4119/4177 4258/4116/4174
f 4240/4101/4158 4262/4120/4178 4251/4110/4168
f 4262/4120/4178 4259/4117/4175 4251/4110/4168
f 4259/4117/4175 4263/4121/4179 4257/4115/4173
f 4263/4121/4179 4260/4118/4176 4257/4115/4173
f 4261/4119/4177 4260/4118/4176 4264/4122/4180
f 4265/4123/4181 4261/4119/4177 4264/4122/4180
f 4262/4120/4178 4266/4124/4182 4259/4117/4175
f 4266/4124/4182 4263/4121/4179 4259/4117/4175
f 4263/4121/4179 4267/4125/4183 4260/4118/4176
f 4267/4125/4183 4264/4122/4180 4260/4118/4176
f 4265/4123/4181 4264/4122/4180 4268/4126/4184
f 4269/4127/4185 4265/4123/4181 4268/4126/4184
f 4270/4128/4186 4269/4127/4185 4268/4126/4184
f 4266/4124/4182 4271/4129/4187 4263/4121/4179
f 4271/4129/4187 4267/4125/4183 4263/4121/4179
f 4267/4125/4183 4272/4130/4188 4264/4122/4180
f 4272/4130/4188 4268/4126/4184 4264/4122/4180
f 4273/4131/4189 4270/4128/4186 4268/4126/4184
f 4274/4132/4190 4270/4128/4186 4273/4131/4189
f 4275/4133/4191 4273/4131/4189 4268/4126/4184
f 4272/4130/4188 4275/4133/4191 4268/4126/4184
f 4276/4134/4192 4272/4130/4188 4267/4125/4183
f 4271/4129/4187 4276/4134/4192 4267/4125/4183
f 4277/4135/4193 4274/4132/4190 4273/4131/4189
f 4277/4135/4193 4273/4131/4189 4275/4133/4191
f 4277/4135/4193 4275/4133/4191 4278/4136/4194
f 4275/4133/4191 4280/4137/4195 4278/4136/4194
f 4281/4138/4196 4275/4133/4191 4272/4130/4188
f 4276/4134/4192 4281/4138/4196 4272/4130/4188
f 4275/4133/4191 4281/4138/4196 4280/4137/4195
f 4282/4139/4197 4274/4132/4190 4277/4135/4193
f 4278/4136/4194 4282/4139/4197 4277/4135/4193
f 4283/4140/4198 4274/4132/4190 4282/4139/4197
f 4282/4139/4197 4284/4141/4199 4283/4140/4198
f 4278/4136/4194 4285/4141/4200 4282/4139/4197
f 4286/4142/4201 4276/4134/4192 4271/4129/4187
f 4287/4143/4202 4281/4138/4196 4276/4134/4192
f 4286/4142/4201 4287/4143/4202 4276/4134/4192
f 4288/4144/4203 4286/4142/4201 4271/4129/4187
f 4271/4129/4187 4266/4124/4182 4288/4144/4203
f 4266/4124/4182 4289/4145/4204 4288/4144/4203
f 4266/4124/4182 4262/4120/4178 4289/4145/4204
f 4262/4120/4178 4290/4146/4205 4289/4145/4204
f 4262/4120/4178 4240/4101/4158 4290/4146/4205
f 4240/4101/4158 4291/4147/4206 4290/4146/4205
f 4291/4147/4206 4240/4101/4158 4226/4089/4143
f 4292/4148/4207 4291/4147/4206 4226/4089/4143
f 4291/4147/4206 4292/4148/4207 4290/4146/4205
f 4182/4047/4106 4292/4148/4207 4226/4089/4143
f 4290/4146/4205 4293/4149/4208 4289/4145/4204
f 4292/4148/4207 4293/4149/4208 4290/4146/4205
f 4289/4145/4204 4294/4150/4209 4288/4144/4203
f 4293/4149/4208 4294/4150/4209 4289/4145/4204
f 4286/4142/4201 4288/4144/4203 4295/4151/4210
f 4294/4150/4209 4295/4151/4210 4288/4144/4203
f 4292/4148/4207 4182/4047/4106 4296/4152/4211
f 4296/4152/4211 4182/4047/4106 4172/4039/4097
f 4293/4149/4208 4292/4148/4207 4297/4153/4212
f 4297/4153/4212 4292/4148/4207 4296/4152/4211
f 4294/4150/4209 4293/4149/4208 4298/4154/4213
f 4298/4154/4213 4293/4149/4208 4297/4153/4212
f 4299/4155/4214 4286/4142/4201 4295/4151/4210
f 4287/4143/4202 4286/4142/4201 4299/4155/4214
f 4295/4151/4210 4294/4150/4209 4300/4156/4215
f 4300/4156/4215 4294/4150/4209 4298/4154/4213
f 4299/4155/4214 4295/4151/4210 4301/4157/4216
f 4301/4157/4216 4295/4151/4210 4300/4156/4215
f 4302/4158/4217 4287/4143/4202 4299/4155/4214
f 4303/4159/4218 4299/4155/4214 4301/4157/4216
f 4302/4158/4217 4299/4155/4214 4303/4159/4218
f 4304/4160/4219 4287/4143/4202 4302/4158/4217
f 4287/4143/4202 4304/4160/4219 4281/4138/4196
f 4304/4160/4219 4305/4161/4220 4281/4138/4196
f 4281/4138/4196 4305/4161/4220 4280/4137/4195
f 4300/4156/4215 4298/4154/4213 4306/4162/4221
f 4301/4157/4216 4300/4156/4215 4307/4163/4222
f 4307/4163/4222 4300/4156/4215 4306/4162/4221
f 4303/4159/4218 4301/4157/4216 4308/4164/4223
f 4308/4164/4223 4301/4157/4216 4307/4163/4222
f 4306/4162/4221 4298/4154/4213 4309/4165/4224
f 4298/4154/4213 4297/4153/4212 4309/4165/4224
f 4307/4163/4222 4306/4162/4221 4310/4166/4225
f 4310/4166/4225 4306/4162/4221 4311/4167/4226
f 4311/4167/4226 4306/4162/4221 4309/4165/4224
f 4312/4168/4227 4307/4163/4222 4310/4166/4225
f 4307/4163/4222 4312/4168/4227 4308/4164/4223
f 4311/4167/4226 4309/4165/4224 4313/4169/4228
f 4313/4169/4228 4309/4165/4224 4297/4153/4212
f 4312/4168/4227 4314/4170/4229 4308/4164/4223
f 4313/4169/4228 4297/4153/4212 4315/4171/4230
f 4317/4172/4231 4313/4169/4228 4315/4171/4230
f 4297/4153/4212 4296/4152/4211 4315/4171/4230
f 4319/4173/4232 4315/4171/4230 4296/4152/4211
f 4308/4164/4223 4314/4170/4229 4320/4174/4233
f 4314/4170/4229 4321/4175/4234 4320/4174/4233
f 4320/4174/4233 4303/4159/4218 4308/4164/4223
f 4321/4175/4234 4322/4176/4235 4320/4174/4233
f 4323/4177/4236 4303/4159/4218 4320/4174/4233
f 4323/4177/4236 4302/4158/4217 4303/4159/4218
f 4302/4158/4217 4323/4177/4236 4324/4178/4237
f 4324/4178/4237 4323/4177/4236 4326/4179/4238
f 4322/4176/4235 4327/4180/4239 4320/4174/4233
f 4327/4180/4239 4323/4177/4236 4320/4174/4233
f 4322/4176/4235 4328/4181/4240 4327/4180/4239
f 4327/4180/4239 4329/4182/4241 4323/4177/4236
f 4328/4181/4240 4329/4182/4241 4327/4180/4239
f 4323/4177/4236 4329/4182/4241 4326/4179/4238
f 4328/4181/4240 4330/4183/4242 4329/4182/4241
f 4330/4183/4242 4326/4179/4238 4329/4182/4241
f 4328/4181/4240 4331/4184/4243 4330/4183/4242
f 4332/4185/4244 4330/4183/4242 4331/4184/4243
f 4333/4185/4245 4326/4179/4238 4330/4183/4242
f 4334/4186/4246 4302/4158/4217 4324/4178/4237
f 4334/4186/4246 4304/4160/4219 4302/4158/4217
f 4335/4187/4247 4304/4160/4219 4334/4186/4246
f 4304/4160/4219 4335/4187/4247 4305/4161/4220
f 4324/4178/4237 4336/4188/4248 4334/4186/4246
f 4337/4189/4249 4335/4187/4247 4334/4186/4246
f 4336/4188/4248 4337/4189/4249 4334/4186/4246
f 4338/4190/4250 4335/4187/4247 4337/4189/4249
f 4335/4187/4247 4339/4191/4251 4305/4161/4220
f 4335/4187/4247 4338/4190/4250 4339/4191/4251
f 4339/4191/4251 4340/4192/4252 4305/4161/4220
f 4340/4192/4252 4280/4137/4195 4305/4161/4220
f 4337/4189/4249 4336/4188/4248 4341/4193/4253
f 4342/4194/4254 4338/4190/4250 4337/4189/4249
f 4342/4194/4254 4337/4189/4249 4341/4193/4253
f 4338/4190/4250 4342/4194/4254 4343/4195/4255
f 4344/4196/4256 4338/4190/4250 4343/4195/4255
f 4338/4190/4250 4344/4196/4256 4345/4197/4257
f 4344/4196/4256 4343/4195/4255 4346/4198/4258
f 4345/4197/4257 4344/4196/4256 4347/4199/4259
f 4338/4190/4250 4348/4200/4260 4339/4191/4251
f 4348/4200/4260 4338/4190/4250 4345/4197/4257
f 4339/4191/4251 4348/4200/4260 4349/4201/4261
f 4340/4192/4252 4339/4191/4251 4349/4201/4261
f 4342/4194/4254 4341/4193/4253 4350/4202/4262
f 4343/4195/4255 4342/4194/4254 4350/4202/4262
f 4348/4200/4260 4345/4197/4257 4351/4203/4263
f 4349/4201/4261 4348/4200/4260 4351/4203/4263
f 4352/4204/4264 4341/4193/4253 4336/4188/4248
f 4350/4202/4262 4341/4193/4253 4353/4205/4265
f 4352/4204/4264 4354/4206/4266 4341/4193/4253
f 4354/4206/4266 4353/4205/4265 4341/4193/4253
f 4355/4207/4267 4352/4204/4264 4336/4188/4248
f 4356/4208/4268 4355/4207/4267 4336/4188/4248
f 4356/4208/4268 4336/4188/4248 4324/4178/4237
f 4352/4204/4264 4357/4209/4269 4354/4206/4266
f 4352/4204/4264 4355/4207/4267 4358/4210/4270
f 4357/4209/4269 4352/4204/4264 4358/4210/4270
f 4359/4211/4271 4358/4210/4270 4355/4207/4267
f 4360/4212/4272 4359/4211/4271 4355/4207/4267
f 4361/1268/4273 4360/4212/4272 4355/4207/4267
f 4361/1268/4273 4355/4207/4267 4356/4208/4268
f 4362/1267/4274 4360/4212/4272 4361/1268/4273
f 4353/4205/4265 4354/4206/4266 4363/4213/4275
f 4357/4209/4269 4363/4213/4275 4354/4206/4266
f 4364/4214/4276 4356/4208/4268 4324/4178/4237
f 4365/1269/4277 4356/4208/4268 4364/4214/4276
f 4366/1268/4278 4356/4208/4268 4365/1269/4277
f 4367/4215/4279 4365/1269/4277 4364/4214/4276
f 4369/4216/4280 4367/4215/4279 4364/4214/4276
f 4370/4217/4281 4364/4214/4276 4324/4178/4237
f 4370/4217/4281 4369/4216/4280 4364/4214/4276
f 4370/4217/4281 4324/4178/4237 4326/4179/4238
f 4369/4216/4280 4370/4217/4281 4326/4179/4238
f 4371/4218/4282 4353/4205/4265 4363/4213/4275
f 4363/4213/4275 4372/4219/4283 4371/4218/4282
f 4373/4220/382 4372/4219/4283 4363/4213/4275
f 4374/4221/4284 4353/4205/4265 4371/4218/4282
f 4375/4222/374 4374/4221/4284 4371/4218/4282
f 4374/4221/4284 4350/4202/4262 4353/4205/4265
f 4375/4222/374 4376/4223/373 4374/4221/4284
f 4377/4224/4285 4373/4220/382 4363/4213/4275
f 4357/4209/4269 4377/4224/4285 4363/4213/4275
f 4378/4225/383 4373/4220/382 4377/4224/4285
f 4378/4225/383 4377/4224/4285 4357/4209/4269
f 4379/4226/4286 4378/4225/383 4357/4209/4269
f 4374/4221/4284 4380/4227/4287 4350/4202/4262
f 4374/4221/4284 4376/4223/373 4380/4227/4287
f 4380/4227/4287 4381/4228/4288 4350/4202/4262
f 4350/4202/4262 4381/4228/4288 4343/4195/4255
f 4382/4229/4289 4380/4227/4287 4376/4223/373
f 4383/4230/4290 4382/4229/4289 4376/4223/373
f 4383/4230/4290 4384/4231/361 4382/4229/4289
f 4382/4229/4289 4384/4231/361 4385/4232/359
f 4382/4229/4289 4385/4232/359 4386/4233/356
f 4382/4229/4289 4386/4233/356 4380/4227/4287
f 4386/4233/356 4381/4228/4288 4380/4227/4287
f 4381/4228/4288 4387/4234/4291 4343/4195/4255
f 4387/4234/4291 4381/4228/4288 4386/4233/356
f 4388/4235/4292 4387/4234/4291 4386/4233/356
f 4389/4236/4293 4388/4235/4292 4386/4233/356
f 4388/4235/4292 4390/4237/975 4387/4234/4291
f 4387/4234/4291 4391/4238/4294 4343/4195/4255
f 4387/4234/4291 4390/4237/975 4391/4238/4294
f 4390/4237/975 4392/4239/4295 4391/4238/4294
f 4391/4238/4294 4346/4198/4258 4343/4195/4255
f 4391/4238/4294 4392/4239/4295 4346/4198/4258
f 4392/4239/4295 4393/4240/4296 4346/4198/4258
f 4393/4240/4296 4394/4241/982 4346/4198/4258
f 4395/4242/979 4394/4241/982 4393/4240/4296
f 4394/4241/982 4396/4243/4297 4346/4198/4258
f 4346/4198/4258 4396/4243/4297 4397/4244/4298
f 4396/4243/4297 4398/4245/4299 4397/4244/4298
f 4397/4244/4298 4344/4196/4256 4346/4198/4258
f 4398/4245/4299 4399/4246/4300 4397/4244/4298
f 4400/4247/4301 4344/4196/4256 4397/4244/4298
f 4399/4246/4300 4400/4247/4301 4397/4244/4298
f 4344/4196/4256 4400/4247/4301 4401/4248/4302
f 4400/4247/4301 4399/4246/4300 4401/4248/4302
f 4399/4246/4300 4402/4249/4303 4401/4248/4302
f 4402/4249/4303 4403/4250/4304 4401/4248/4302
f 4344/4196/4256 4401/4248/4302 4347/4199/4259
f 4403/4250/4304 4347/4199/4259 4401/4248/4302
f 4403/4250/4304 4404/4251/4305 4347/4199/4259
f 4404/4251/4305 4405/4252/4306 4347/4199/4259
f 4404/4251/4305 4406/4253/1349 4405/4252/4306
f 4405/4252/4306 4407/4254/4307 4347/4199/4259
f 4407/4254/4307 4408/4255/4308 4347/4199/4259
f 4407/4254/4307 4409/4256/1345 4408/4255/4308
f 4347/4199/4259 4408/4255/4308 4345/4197/4257
f 4409/4256/1345 4410/4257/4309 4408/4255/4308
f 4408/4255/4308 4410/4257/4309 4345/4197/4257
f 4409/4256/1345 4411/4258/4310 4410/4257/4309
f 4410/4257/4309 4412/4259/4311 4345/4197/4257
f 4412/4259/4311 4351/4203/4263 4345/4197/4257
f 4410/4257/4309 4411/4258/4310 4413/4260/993
f 4412/4259/4311 4410/4257/4309 4413/4260/993
f 4411/4258/4310 4414/4261/4312 4413/4260/993
f 4412/4259/4311 4413/4260/993 4415/4262/4313
f 4412/4259/4311 4415/4262/4313 4351/4203/4263
f 4413/4260/993 4416/4263/4314 4415/4262/4313
f 4417/4264/4315 4416/4263/4314 4413/4260/993
f 4418/4265/4316 4416/4263/4314 4417/4264/4315
f 4418/4265/4316 4419/4266/4317 4416/4263/4314
f 4416/4263/4314 4419/4266/4317 4420/4267/1017
f 4415/4262/4313 4416/4263/4314 4420/4267/1017
f 4420/4267/1017 4421/4268/4318 4415/4262/4313
f 4415/4262/4313 4421/4268/4318 4351/4203/4263
f 4420/4267/1017 4422/4269/4319 4421/4268/4318
f 4421/4268/4318 4422/4269/4319 4423/4270/4320
f 4351/4203/4263 4421/4268/4318 4424/4271/4321
f 4424/4271/4321 4421/4268/4318 4423/4270/4320
f 4349/4201/4261 4351/4203/4263 4424/4271/4321
f 4424/4271/4321 4423/4270/4320 4425/4272/4322
f 4426/4273/1233 4425/4272/4322 4423/4270/4320
f 4426/4273/1233 4427/4274/1232 4425/4272/4322
f 4424/4271/4321 4428/4275/4323 4349/4201/4261
f 4428/4275/4323 4424/4271/4321 4425/4272/4322
f 4427/4274/1232 4429/4276/4324 4425/4272/4322
f 4427/4274/1232 4430/4277/1231 4429/4276/4324
f 4429/4276/4324 4431/4278/4325 4425/4272/4322
f 4429/4276/4324 4430/4277/1231 4431/4278/4325
f 4425/4272/4322 4431/4278/4325 4428/4275/4323
f 4430/4277/1231 4432/4279/4326 4431/4278/4325
f 4428/4275/4323 4433/4280/4327 4349/4201/4261
f 4431/4278/4325 4433/4280/4327 4428/4275/4323
f 4433/4280/4327 4431/4278/4325 4434/4281/1236
f 4349/4201/4261 4433/4280/4327 4340/4192/4252
f 4435/4282/4328 4433/4280/4327 4434/4281/1236
f 4433/4280/4327 4435/4282/4328 4340/4192/4252
f 4434/4281/1236 4436/4283/4329 4435/4282/4328
f 4436/4283/4329 4437/4284/1238 4435/4282/4328
f 4437/4284/1238 4438/1270/4330 4435/4282/4328
f 4437/4284/1238 4439/1271/4331 4438/1270/4330
f 4435/4282/4328 4438/1270/4330 4440/4285/4332
f 4435/4282/4328 4440/4285/4332 4340/4192/4252
f 4340/4192/4252 4440/4285/4332 4280/4137/4195
f 4440/4285/4332 4441/4286/4333 4280/4137/4195
f 4440/4285/4332 4442/1272/4334 4441/4286/4333
f 4440/4285/4332 4443/1270/4335 4442/1272/4334
f 4442/1272/4334 4444/4287/4336 4441/4286/4333
f 4444/4287/4336 4445/4288/4337 4441/4286/4333
f 4441/4286/4333 4447/4289/4338 4280/4137/4195
f 4445/4288/4337 4447/4289/4338 4441/4286/4333
f 4280/4137/4195 4447/4289/4338 4278/4136/4194
f 4447/4289/4338 4445/4288/4337 4278/4136/4194
f 4446/4288/4339 4450/4290/4340 4448/4136/4341
f 4449/4290/4342 4451/4291/4343 4279/4136/4344
f 4451/4291/4343 4452/4141/4345 4279/4136/4344
f 4454/4292/4346 4368/4216/4347 4453/4179/4348
f 4456/4293/4349 4455/4292/4350 4325/4179/4351
f 4457/4185/4352 4456/4293/4349 4325/4179/4351
f 4460/4294/4353 4459/4295/4354 4458/4296/481
f 4460/4294/4353 4461/4297/4355 4459/4295/4354
f 4460/4294/4353 4462/4298/4356 4461/4297/4355
f 4463/4299/4357 4462/4298/4356 4460/4294/4353
f 4462/4298/4356 4463/4299/4357 4464/4300/4358
f 4462/4298/4356 4464/4300/4358 4461/4297/4355
f 4463/4299/4357 4465/4301/4359 4464/4300/4358
f 4319/4173/4232 4464/4300/4358 4465/4301/4359
f 4466/4302/4360 4319/4173/4232 4465/4301/4359
f 4464/4300/4358 4467/4303/4361 4461/4297/4355
f 4464/4300/4358 4319/4173/4232 4467/4303/4361
f 4467/4303/4361 4319/4173/4232 4296/4152/4211
f 4467/4303/4361 4296/4152/4211 4172/4039/4097
f 4468/4304/4362 4467/4303/4361 4172/4039/4097
f 4459/4295/4354 4461/4297/4355 4468/4304/4362
f 4461/4297/4355 4469/4303/4363 4468/4304/4362
f 4177/4042/4101 4468/4304/4362 4172/4039/4097
f 4459/4295/4354 4468/4304/4362 4177/4042/4101
f 4459/4295/4354 4177/4042/4101 4470/4305/4364
f 4471/4306/4365 4459/4295/4354 4470/4305/4364
f 4472/4296/481 4459/4295/4354 4471/4306/4365
f 4473/4307/4366 4472/4296/481 4471/4306/4365
f 4473/4307/4366 4471/4306/4365 4474/4308/4367
f 4471/4306/4365 4470/4305/4364 4474/4308/4367
f 4475/4309/4368 4474/4308/4367 4470/4305/4364
f 4475/4309/4368 4470/4305/4364 4175/4041/4369
f 4470/4305/4364 4476/4042/4370 4175/4041/4369
f 4480/4173/4371 4479/4302/4372 4478/4310/4373
f 4484/4311/4374 4482/4171/4375 4481/4173/4376
f 4483/4311/4377 4318/4173/4378 4477/4310/4379
f 4485/4312/4380 4483/4311/4377 4477/4310/4379
f 4485/4312/4380 4486/4171/4381 4483/4311/4377
f 4485/4312/4380 4316/4172/4382 4486/4171/4381
f 4491/4108/4383 4490/4107/4384 4487/4313/4385
f 4494/4109/4386 4492/4314/4387 4489/4107/4388
f 4248/4107/4389 4493/4314/4390 4488/4313/4391
f 4493/4314/4390 4495/4315/4392 4488/4313/4391
f 4496/4109/4393 4495/4315/4392 4493/4314/4390
f 4253/4112/4394 4495/4315/4392 4496/4109/4393
f 4499/4316/4395 4498/4317/4396 4497/4318/4397
f 4497/4318/4397 4498/4317/4396 4500/4319/4398
f 4501/4320/4399 4499/4316/4395 4497/4318/4397
f 4499/4316/4395 4501/4320/4399 4502/4321/4400
f 4501/4320/4399 4503/4322/4401 4502/4321/4400
f 4502/4321/4400 4503/4322/4401 4504/4323/4402
f 4505/4324/4403 4497/4318/4397 4500/4319/4398
f 4505/4324/4403 4500/4319/4398 4506/4325/4404
f 4500/4319/4398 4507/4326/4405 4506/4325/4404
f 4506/4325/4404 4507/4326/4405 4508/4327/4406
f 4501/4320/4399 4497/4318/4397 4509/4328/4407
f 4505/4324/4403 4510/4329/4408 4497/4318/4397
f 4510/4329/4408 4509/4328/4407 4497/4318/4397
f 4506/4325/4404 4511/4330/4409 4505/4324/4403
f 4511/4330/4409 4510/4329/4408 4505/4324/4403
f 4512/4331/4410 4506/4325/4404 4508/4327/4406
f 4511/4330/4409 4506/4325/4404 4512/4331/4410
f 4501/4320/4399 4513/4332/4411 4503/4322/4401
f 4513/4332/4411 4501/4320/4399 4509/4328/4407
f 4514/4333/4412 4512/4331/4410 4508/4327/4406
f 4515/4334/4413 4514/4333/4412 4508/4327/4406
f 4516/4335/4414 4514/4333/4412 4515/4334/4413
f 4517/4336/4415 4516/4335/4414 4515/4334/4413
f 4517/4336/4415 4518/4337/4416 4516/4335/4414
f 4518/4337/4416 4519/4338/4417 4516/4335/4414
f 4518/4337/4416 4520/4339/4418 4519/4338/4417
f 4520/4339/4418 4521/4340/4419 4519/4338/4417
f 4520/4339/4418 4522/4341/4420 4521/4340/4419
f 4516/4335/4414 4519/4338/4417 4523/4342/4421
f 4523/4342/4421 4519/4338/4417 4521/4340/4419
f 4516/4335/4414 4524/4343/4422 4514/4333/4412
f 4524/4343/4422 4516/4335/4414 4523/4342/4421
f 4524/4343/4422 4523/4342/4421 4525/4344/4423
f 4526/4345/4424 4523/4342/4421 4521/4340/4419
f 4522/4341/4420 4526/4345/4424 4521/4340/4419
f 4525/4344/4423 4523/4342/4421 4526/4345/4424
f 4526/4345/4424 4522/4341/4420 4527/4346/4425
f 4527/4346/4425 4525/4344/4423 4526/4345/4424
f 4522/4341/4420 4528/4347/4426 4527/4346/4425
f 4527/4346/4425 4528/4347/4426 4529/4348/4427
f 4527/4346/4425 4529/4348/4427 4525/4344/4423
f 4528/4347/4426 4530/4349/4428 4529/4348/4427
f 4524/4343/4422 4531/4350/4429 4514/4333/4412
f 4514/4333/4412 4531/4350/4429 4512/4331/4410
f 4532/4351/4430 4524/4343/4422 4525/4344/4423
f 4524/4343/4422 4532/4351/4430 4531/4350/4429
f 4531/4350/4429 4533/4352/4431 4512/4331/4410
f 4533/4352/4431 4511/4330/4409 4512/4331/4410
f 4531/4350/4429 4534/4353/4432 4533/4352/4431
f 4532/4351/4430 4534/4353/4432 4531/4350/4429
f 4533/4352/4431 4535/4354/4433 4511/4330/4409
f 4534/4353/4432 4535/4354/4433 4533/4352/4431
f 4529/4348/4427 4530/4349/4428 4536/4355/4434
f 4529/4348/4427 4536/4355/4434 4537/4356/4435
f 4530/4349/4428 4538/4357/4436 4536/4355/4434
f 4538/4357/4436 4539/4358/4437 4536/4355/4434
f 4539/4358/4437 4540/4359/4438 4536/4355/4434
f 4536/4355/4434 4540/4359/4438 4537/4356/4435
f 4540/4359/4438 4541/4360/4439 4537/4356/4435
f 4537/4356/4435 4541/4360/4439 4542/4361/4440
f 4535/4354/4433 4543/4362/4441 4511/4330/4409
f 4511/4330/4409 4543/4362/4441 4510/4329/4408
f 4544/4363/4442 4529/4348/4427 4537/4356/4435
f 4529/4348/4427 4544/4363/4442 4525/4344/4423
f 4544/4363/4442 4545/4364/4443 4525/4344/4423
f 4545/4364/4443 4544/4363/4442 4537/4356/4435
f 4545/4364/4443 4532/4351/4430 4525/4344/4423
f 4546/4365/4444 4537/4356/4435 4542/4361/4440
f 4546/4365/4444 4545/4364/4443 4537/4356/4435
f 4546/4365/4444 4542/4361/4440 4547/4366/4445
f 4545/4364/4443 4548/4367/4446 4532/4351/4430
f 4545/4364/4443 4546/4365/4444 4548/4367/4446
f 4534/4353/4432 4532/4351/4430 4548/4367/4446
f 4549/4368/4447 4546/4365/4444 4547/4366/4445
f 4546/4365/4444 4549/4368/4447 4548/4367/4446
f 4549/4368/4447 4547/4366/4445 4550/4369/4448
f 4551/4370/4449 4534/4353/4432 4548/4367/4446
f 4551/4370/4449 4548/4367/4446 4549/4368/4447
f 4535/4354/4433 4534/4353/4432 4551/4370/4449
f 4552/4371/4450 4549/4368/4447 4550/4369/4448
f 4550/4369/4448 4553/4372/4451 4552/4371/4450
f 4553/4372/4451 4554/4373/4452 4552/4371/4450
f 4553/4372/4451 4555/4374/4453 4554/4373/4452
f 4556/4375/4454 4551/4370/4449 4549/4368/4447
f 4556/4375/4454 4549/4368/4447 4552/4371/4450
f 4557/4376/4455 4535/4354/4433 4551/4370/4449
f 4557/4376/4455 4551/4370/4449 4556/4375/4454
f 4543/4362/4441 4535/4354/4433 4557/4376/4455
f 4558/4377/4456 4556/4375/4454 4552/4371/4450
f 4558/4377/4456 4552/4371/4450 4554/4373/4452
f 4559/4378/4457 4557/4376/4455 4556/4375/4454
f 4556/4375/4454 4558/4377/4456 4559/4378/4457
f 4560/4379/4458 4543/4362/4441 4557/4376/4455
f 4557/4376/4455 4559/4378/4457 4560/4379/4458
f 4555/4374/4453 4561/4380/4459 4554/4373/4452
f 4561/4380/4459 4555/4374/4453 4562/4381/4460
f 4563/4382/4461 4543/4362/4441 4560/4379/4458
f 4543/4362/4441 4563/4382/4461 4510/4329/4408
f 4510/4329/4408 4563/4382/4461 4509/4328/4407
f 4563/4382/4461 4564/4383/4462 4509/4328/4407
f 4513/4332/4411 4509/4328/4407 4564/4383/4462
f 4565/4384/4463 4563/4382/4461 4560/4379/4458
f 4563/4382/4461 4565/4384/4463 4564/4383/4462
f 4559/4378/4457 4566/4385/4464 4560/4379/4458
f 4560/4379/4458 4566/4385/4464 4565/4384/4463
f 4567/4386/4465 4561/4380/4459 4562/4381/4460
f 4567/4386/4465 4562/4381/4460 4568/4387/4466
f 4559/4378/4457 4569/4388/4467 4566/4385/4464
f 4558/4377/4456 4569/4388/4467 4559/4378/4457
f 4570/4389/4468 4567/4386/4465 4568/4387/4466
f 4570/4389/4468 4568/4387/4466 4571/4390/4469
f 4572/4391/4470 4570/4389/4468 4571/4390/4469
f 4573/4392/4471 4570/4389/4468 4572/4391/4470
f 4570/4389/4468 4573/4392/4471 4567/4386/4465
f 4574/4393/4472 4573/4392/4471 4572/4391/4470
f 4573/4392/4471 4574/4393/4472 4575/4394/4473
f 4574/4393/4472 4576/4395/4474 4575/4394/4473
f 4573/4392/4471 4577/4396/4475 4567/4386/4465
f 4577/4396/4475 4573/4392/4471 4575/4394/4473
f 4561/4380/4459 4567/4386/4465 4578/4397/4476
f 4567/4386/4465 4577/4396/4475 4578/4397/4476
f 4579/4398/4477 4575/4394/4473 4576/4395/4474
f 4580/4399/4478 4579/4398/4477 4576/4395/4474
f 4581/4400/4479 4577/4396/4475 4575/4394/4473
f 4577/4396/4475 4581/4400/4479 4578/4397/4476
f 4581/4400/4479 4575/4394/4473 4579/4398/4477
f 4561/4380/4459 4578/4397/4476 4582/4401/4480
f 4554/4373/4452 4561/4380/4459 4582/4401/4480
f 4583/4402/4481 4579/4398/4477 4580/4399/4478
f 4584/4403/4482 4583/4402/4481 4580/4399/4478
f 4585/4404/4483 4579/4398/4477 4583/4402/4481
f 4585/4404/4483 4581/4400/4479 4579/4398/4477
f 4586/4405/4484 4583/4402/4481 4584/4403/4482
f 4586/4405/4484 4585/4404/4483 4583/4402/4481
f 4587/4406/4485 4586/4405/4484 4584/4403/4482
f 4586/4405/4484 4587/4406/4485 4588/4407/4486
f 4589/4408/4487 4586/4405/4484 4588/4407/4486
f 4585/4404/4483 4586/4405/4484 4589/4408/4487
f 4589/4408/4487 4588/4407/4486 4590/4409/4488
f 4581/4400/4479 4591/4410/4489 4578/4397/4476
f 4591/4410/4489 4582/4401/4480 4578/4397/4476
f 4581/4400/4479 4585/4404/4483 4592/4411/4490
f 4592/4411/4490 4585/4404/4483 4589/4408/4487
f 4591/4410/4489 4581/4400/4479 4592/4411/4490
f 4593/4412/4491 4589/4408/4487 4590/4409/4488
f 4592/4411/4490 4589/4408/4487 4593/4412/4491
f 4590/4409/4488 4594/4413/4492 4593/4412/4491
f 4591/4410/4489 4592/4411/4490 4595/4414/4493
f 4595/4414/4493 4592/4411/4490 4593/4412/4491
f 4591/4410/4489 4596/4415/4494 4582/4401/4480
f 4596/4415/4494 4591/4410/4489 4595/4414/4493
f 4594/4413/4492 4597/4416/4495 4593/4412/4491
f 4593/4412/4491 4597/4416/4495 4595/4414/4493
f 4597/4416/4495 4594/4413/4492 4598/4417/4496
f 4594/4413/4492 4599/4418/4497 4598/4417/4496
f 4599/4418/4497 4600/4419/4498 4598/4417/4496
f 4597/4416/4495 4601/4420/4499 4595/4414/4493
f 4595/4414/4493 4601/4420/4499 4596/4415/4494
f 4597/4416/4495 4598/4417/4496 4601/4420/4499
f 4596/4415/4494 4602/4421/4500 4582/4401/4480
f 4582/4401/4480 4602/4421/4500 4554/4373/4452
f 4600/4419/4498 4603/4422/4501 4598/4417/4496
f 4600/4419/4498 4604/4423/4502 4603/4422/4501
f 4598/4417/4496 4605/4424/4503 4601/4420/4499
f 4598/4417/4496 4603/4422/4501 4605/4424/4503
f 4601/4420/4499 4606/4425/4504 4596/4415/4494
f 4596/4415/4494 4606/4425/4504 4602/4421/4500
f 4601/4420/4499 4605/4424/4503 4606/4425/4504
f 4602/4421/4500 4607/4426/4505 4554/4373/4452
f 4607/4426/4505 4558/4377/4456 4554/4373/4452
f 4604/4423/4502 4608/4427/4506 4603/4422/4501
f 4608/4427/4506 4604/4423/4502 4609/4428/4507
f 4606/4425/4504 4610/4429/4508 4602/4421/4500
f 4602/4421/4500 4610/4429/4508 4607/4426/4505
f 4607/4426/4505 4611/4430/4509 4558/4377/4456
f 4610/4429/4508 4611/4430/4509 4607/4426/4505
f 4611/4430/4509 4569/4388/4467 4558/4377/4456
f 4603/4422/4501 4612/4431/4510 4605/4424/4503
f 4612/4431/4510 4603/4422/4501 4608/4427/4506
f 4605/4424/4503 4613/4432/4511 4606/4425/4504
f 4606/4425/4504 4613/4432/4511 4610/4429/4508
f 4605/4424/4503 4612/4431/4510 4613/4432/4511
f 4614/4433/4512 4608/4427/4506 4609/4428/4507
f 4614/4433/4512 4609/4428/4507 4615/4434/4400
f 4610/4429/4508 4616/4435/4513 4611/4430/4509
f 4613/4432/4511 4616/4435/4513 4610/4429/4508
f 4611/4430/4509 4617/4436/4514 4569/4388/4467
f 4616/4435/4513 4617/4436/4514 4611/4430/4509
f 4618/4437/4515 4612/4431/4510 4608/4427/4506
f 4618/4437/4515 4608/4427/4506 4614/4433/4512
f 4612/4431/4510 4619/4438/4516 4613/4432/4511
f 4613/4432/4511 4619/4438/4516 4616/4435/4513
f 4612/4431/4510 4618/4437/4515 4619/4438/4516
f 4620/4439/4517 4614/4433/4512 4615/4434/4400
f 4615/4434/4400 4621/4440/4402 4620/4439/4517
f 4619/4438/4516 4622/4441/4518 4616/4435/4513
f 4617/4436/4514 4616/4435/4513 4622/4441/4518
f 4618/4437/4515 4623/4442/4519 4619/4438/4516
f 4622/4441/4518 4619/4438/4516 4623/4442/4519
f 4624/4443/4520 4618/4437/4515 4614/4433/4512
f 4624/4443/4520 4614/4433/4512 4620/4439/4517
f 4623/4442/4519 4618/4437/4515 4624/4443/4520
f 4621/4440/4402 4625/4444/4521 4620/4439/4517
f 4625/4444/4521 4621/4440/4402 4626/4445/4522
f 4627/4446/4523 4624/4443/4520 4620/4439/4517
f 4620/4439/4517 4625/4444/4521 4627/4446/4523
f 4628/4447/4524 4623/4442/4519 4624/4443/4520
f 4624/4443/4520 4627/4446/4523 4628/4447/4524
f 4629/4448/4525 4622/4441/4518 4623/4442/4519
f 4629/4448/4525 4623/4442/4519 4628/4447/4524
f 4630/4449/4526 4625/4444/4521 4626/4445/4522
f 4626/4445/4522 4631/4450/4527 4630/4449/4526
f 4625/4444/4521 4632/4451/4528 4627/4446/4523
f 4625/4444/4521 4630/4449/4526 4632/4451/4528
f 4631/4450/4527 4633/4452/4529 4630/4449/4526
f 4633/4452/4529 4631/4450/4527 4634/4453/4530
f 4635/4454/4531 4622/4441/4518 4629/4448/4525
f 4635/4454/4531 4617/4436/4514 4622/4441/4518
f 4627/4446/4523 4636/4455/4532 4628/4447/4524
f 4636/4455/4532 4627/4446/4523 4632/4451/4528
f 4630/4449/4526 4637/4456/4533 4632/4451/4528
f 4630/4449/4526 4633/4452/4529 4637/4456/4533
f 4638/4457/4534 4633/4452/4529 4634/4453/4530
f 4634/4453/4530 4639/4458/4535 4638/4457/4534
f 4640/4459/4536 4636/4455/4532 4632/4451/4528
f 4632/4451/4528 4637/4456/4533 4640/4459/4536
f 4633/4452/4529 4641/4460/4537 4637/4456/4533
f 4641/4460/4537 4633/4452/4529 4638/4457/4534
f 4639/4458/4535 4642/4461/4538 4638/4457/4534
f 4642/4461/4538 4639/4458/4535 4643/4462/4539
f 4637/4456/4533 4644/4463/4540 4640/4459/4536
f 4637/4456/4533 4641/4460/4537 4644/4463/4540
f 4636/4455/4532 4640/4459/4536 4645/4464/4541
f 4640/4459/4536 4644/4463/4540 4645/4464/4541
f 4636/4455/4532 4646/4465/4542 4628/4447/4524
f 4646/4465/4542 4636/4455/4532 4645/4464/4541
f 4646/4465/4542 4647/4466/4543 4628/4447/4524
f 4647/4466/4543 4629/4448/4525 4628/4447/4524
f 4647/4466/4543 4646/4465/4542 4648/4467/4544
f 4646/4465/4542 4645/4464/4541 4648/4467/4544
f 4647/4466/4543 4649/4468/4545 4629/4448/4525
f 4649/4468/4545 4647/4466/4543 4648/4467/4544
f 4650/4469/4546 4641/4460/4537 4638/4457/4534
f 4638/4457/4534 4642/4461/4538 4650/4469/4546
f 4649/4468/4545 4651/4470/4547 4629/4448/4525
f 4651/4470/4547 4635/4454/4531 4629/4448/4525
f 4644/4463/4540 4652/4471/4548 4645/4464/4541
f 4641/4460/4537 4653/4472/4549 4644/4463/4540
f 4644/4463/4540 4653/4472/4549 4652/4471/4548
f 4645/4464/4541 4654/4473/4550 4648/4467/4544
f 4645/4464/4541 4652/4471/4548 4654/4473/4550
f 4648/4467/4544 4654/4473/4550 4655/4474/4551
f 4649/4468/4545 4648/4467/4544 4656/4475/4552
f 4656/4475/4552 4648/4467/4544 4655/4474/4551
f 4649/4468/4545 4657/4476/4553 4651/4470/4547
f 4657/4476/4553 4649/4468/4545 4656/4475/4552
f 4635/4454/4531 4651/4470/4547 4658/4477/4554
f 4657/4476/4553 4658/4477/4554 4651/4470/4547
f 4652/4471/4548 4659/4478/4555 4654/4473/4550
f 4655/4474/4551 4654/4473/4550 4659/4478/4555
f 4660/4479/4556 4635/4454/4531 4658/4477/4554
f 4617/4436/4514 4635/4454/4531 4660/4479/4556
f 4661/4480/4557 4658/4477/4554 4657/4476/4553
f 4660/4479/4556 4658/4477/4554 4661/4480/4557
f 4662/4481/4558 4657/4476/4553 4656/4475/4552
f 4662/4481/4558 4661/4480/4557 4657/4476/4553
f 4663/4482/4559 4617/4436/4514 4660/4479/4556
f 4617/4436/4514 4663/4482/4559 4569/4388/4467
f 4569/4388/4467 4663/4482/4559 4566/4385/4464
f 4663/4482/4559 4660/4479/4556 4664/4483/4560
f 4566/4385/4464 4663/4482/4559 4664/4483/4560
f 4664/4483/4560 4660/4479/4556 4661/4480/4557
f 4566/4385/4464 4664/4483/4560 4565/4384/4463
f 4661/4480/4557 4665/4484/4561 4664/4483/4560
f 4665/4484/4561 4565/4384/4463 4664/4483/4560
f 4665/4484/4561 4661/4480/4557 4662/4481/4558
f 4565/4384/4463 4665/4484/4561 4564/4383/4462
f 4666/4485/4562 4662/4481/4558 4656/4475/4552
f 4666/4485/4562 4656/4475/4552 4655/4474/4551
f 4667/4486/4563 4665/4484/4561 4662/4481/4558
f 4564/4383/4462 4665/4484/4561 4667/4486/4563
f 4662/4481/4558 4666/4485/4562 4667/4486/4563
f 4668/4487/4564 4564/4383/4462 4667/4486/4563
f 4668/4487/4564 4513/4332/4411 4564/4383/4462
f 4668/4487/4564 4667/4486/4563 4669/4488/4565
f 4666/4485/4562 4669/4488/4565 4667/4486/4563
f 4668/4487/4564 4670/4489/4566 4513/4332/4411
f 4670/4489/4566 4668/4487/4564 4669/4488/4565
f 4670/4489/4566 4671/4490/4567 4513/4332/4411
f 4513/4332/4411 4671/4490/4567 4503/4322/4401
f 4503/4322/4401 4671/4490/4567 4672/4491/4568
f 4503/4322/4401 4672/4491/4568 4504/4323/4402
f 4671/4490/4567 4670/4489/4566 4673/4492/4569
f 4671/4490/4567 4673/4492/4569 4672/4491/4568
f 4672/4491/4568 4674/4493/4570 4504/4323/4402
f 4674/4493/4570 4672/4491/4568 4673/4492/4569
f 4674/4493/4570 4675/4494/4522 4504/4323/4402
f 4670/4489/4566 4669/4488/4565 4676/4495/4571
f 4670/4489/4566 4676/4495/4571 4673/4492/4569
f 4669/4488/4565 4666/4485/4562 4677/4496/4572
f 4669/4488/4565 4677/4496/4572 4676/4495/4571
f 4673/4492/4569 4676/4495/4571 4678/4497/4573
f 4678/4497/4573 4674/4493/4570 4673/4492/4569
f 4674/4493/4570 4679/4498/4574 4675/4494/4522
f 4679/4498/4574 4680/4499/4527 4675/4494/4522
f 4676/4495/4571 4681/4500/4575 4678/4497/4573
f 4681/4500/4575 4676/4495/4571 4677/4496/4572
f 4678/4497/4573 4682/4501/4576 4674/4493/4570
f 4682/4501/4576 4679/4498/4574 4674/4493/4570
f 4682/4501/4576 4678/4497/4573 4681/4500/4575
f 4666/4485/4562 4683/4502/4577 4677/4496/4572
f 4683/4502/4577 4666/4485/4562 4655/4474/4551
f 4680/4499/4527 4679/4498/4574 4684/4503/4578
f 4685/4504/4579 4680/4499/4527 4684/4503/4578
f 4686/4505/4580 4681/4500/4575 4677/4496/4572
f 4686/4505/4580 4677/4496/4572 4683/4502/4577
f 4679/4498/4574 4682/4501/4576 4687/4506/4581
f 4684/4503/4578 4679/4498/4574 4687/4506/4581
f 4688/4507/4582 4682/4501/4576 4681/4500/4575
f 4681/4500/4575 4686/4505/4580 4688/4507/4582
f 4687/4506/4581 4682/4501/4576 4688/4507/4582
f 4689/4508/4583 4683/4502/4577 4655/4474/4551
f 4689/4508/4583 4686/4505/4580 4683/4502/4577
f 4684/4503/4578 4690/4509/4584 4685/4504/4579
f 4690/4509/4584 4691/4510/4585 4685/4504/4579
f 4686/4505/4580 4692/4511/4586 4688/4507/4582
f 4686/4505/4580 4689/4508/4583 4692/4511/4586
f 4693/4512/4587 4687/4506/4581 4688/4507/4582
f 4688/4507/4582 4692/4511/4586 4693/4512/4587
f 4687/4506/4581 4694/4513/4588 4684/4503/4578
f 4694/4513/4588 4690/4509/4584 4684/4503/4578
f 4694/4513/4588 4687/4506/4581 4693/4512/4587
f 4695/4514/4589 4689/4508/4583 4655/4474/4551
f 4695/4514/4589 4655/4474/4551 4659/4478/4555
f 4691/4510/4585 4690/4509/4584 4696/4515/4590
f 4697/4516/4591 4691/4510/4585 4696/4515/4590
f 4697/4516/4591 4696/4515/4590 4698/4517/4592
f 4696/4515/4590 4699/4518/4593 4698/4517/4592
f 4700/4519/4594 4699/4518/4593 4696/4515/4590
f 4696/4515/4590 4690/4509/4584 4701/4520/4595
f 4701/4520/4595 4700/4519/4594 4696/4515/4590
f 4690/4509/4584 4694/4513/4588 4701/4520/4595
f 4702/4521/4596 4700/4519/4594 4701/4520/4595
f 4703/4522/4597 4694/4513/4588 4693/4512/4587
f 4701/4520/4595 4694/4513/4588 4703/4522/4597
f 4704/4523/4598 4702/4521/4596 4701/4520/4595
f 4704/4523/4598 4701/4520/4595 4703/4522/4597
f 4693/4512/4587 4705/4524/4599 4703/4522/4597
f 4692/4511/4586 4705/4524/4599 4693/4512/4587
f 4702/4521/4596 4704/4523/4598 4706/4525/4600
f 4707/4526/4601 4702/4521/4596 4706/4525/4600
f 4708/4527/4602 4707/4526/4601 4706/4525/4600
f 4703/4522/4597 4709/4528/4603 4704/4523/4598
f 4705/4524/4599 4709/4528/4603 4703/4522/4597
f 4709/4528/4603 4706/4525/4600 4704/4523/4598
f 4692/4511/4586 4710/4529/4604 4705/4524/4599
f 4689/4508/4583 4710/4529/4604 4692/4511/4586
f 4689/4508/4583 4695/4514/4589 4710/4529/4604
f 4705/4524/4599 4711/4530/4605 4709/4528/4603
f 4710/4529/4604 4711/4530/4605 4705/4524/4599
f 4709/4528/4603 4712/4531/4606 4706/4525/4600
f 4711/4530/4605 4712/4531/4606 4709/4528/4603
f 4713/4532/4607 4708/4527/4602 4706/4525/4600
f 4712/4531/4606 4713/4532/4607 4706/4525/4600
f 4695/4514/4589 4714/4533/4608 4710/4529/4604
f 4710/4529/4604 4714/4533/4608 4711/4530/4605
f 4708/4527/4602 4713/4532/4607 4715/4534/4609
f 4716/4535/4610 4708/4527/4602 4715/4534/4609
f 4716/4535/4610 4715/4534/4609 4717/4536/4611
f 4712/4531/4606 4718/4537/4612 4713/4532/4607
f 4718/4537/4612 4715/4534/4609 4713/4532/4607
f 4711/4530/4605 4719/4538/4613 4712/4531/4606
f 4714/4533/4608 4719/4538/4613 4711/4530/4605
f 4719/4538/4613 4718/4537/4612 4712/4531/4606
f 4715/4534/4609 4720/4539/4614 4717/4536/4611
f 4715/4534/4609 4718/4537/4612 4720/4539/4614
f 4717/4536/4611 4720/4539/4614 4721/4540/4615
f 4722/4541/4616 4714/4533/4608 4695/4514/4589
f 4659/4478/4555 4722/4541/4616 4695/4514/4589
f 4723/4542/4617 4718/4537/4612 4719/4538/4613
f 4718/4537/4612 4723/4542/4617 4720/4539/4614
f 4719/4538/4613 4714/4533/4608 4724/4543/4618
f 4714/4533/4608 4722/4541/4616 4724/4543/4618
f 4724/4543/4618 4723/4542/4617 4719/4538/4613
f 4720/4539/4614 4725/4544/4619 4721/4540/4615
f 4725/4544/4619 4726/4545/4620 4721/4540/4615
f 4727/4546/4621 4726/4545/4620 4725/4544/4619
f 4728/4547/4622 4722/4541/4616 4659/4478/4555
f 4652/4471/4548 4728/4547/4622 4659/4478/4555
f 4653/4472/4549 4728/4547/4622 4652/4471/4548
f 4724/4543/4618 4722/4541/4616 4729/4548/4623
f 4722/4541/4616 4728/4547/4622 4729/4548/4623
f 4723/4542/4617 4724/4543/4618 4729/4548/4623
f 4729/4548/4623 4728/4547/4622 4653/4472/4549
f 4720/4539/4614 4723/4542/4617 4730/4549/4624
f 4730/4549/4624 4723/4542/4617 4729/4548/4623
f 4725/4544/4619 4720/4539/4614 4730/4549/4624
f 4731/4550/4625 4729/4548/4623 4653/4472/4549
f 4730/4549/4624 4729/4548/4623 4731/4550/4625
f 4731/4550/4625 4653/4472/4549 4641/4460/4537
f 4650/4469/4546 4731/4550/4625 4641/4460/4537
f 4732/4551/4626 4730/4549/4624 4731/4550/4625
f 4725/4544/4619 4730/4549/4624 4732/4551/4626
f 4732/4551/4626 4731/4550/4625 4650/4469/4546
f 4733/4552/4627 4727/4546/4621 4725/4544/4619
f 4733/4552/4627 4725/4544/4619 4732/4551/4626
f 4734/4553/4628 4732/4551/4626 4650/4469/4546
f 4733/4552/4627 4732/4551/4626 4734/4553/4628
f 4642/4461/4538 4734/4553/4628 4650/4469/4546
f 4733/4552/4627 4735/4554/4629 4727/4546/4621
f 4735/4554/4629 4733/4552/4627 4734/4553/4628
f 4735/4554/4629 4736/4555/4630 4727/4546/4621
f 4734/4553/4628 4642/4461/4538 4737/4556/4631
f 4735/4554/4629 4734/4553/4628 4737/4556/4631
f 4735/4554/4629 4737/4556/4631 4736/4555/4630
f 4737/4556/4631 4642/4461/4538 4643/4462/4539
f 4737/4556/4631 4738/4557/4632 4736/4555/4630
f 4643/4462/4539 4739/4558/4633 4737/4556/4631
f 4739/4558/4633 4738/4557/4632 4737/4556/4631
f 4742/4559/4634 4741/4560/4635 4740/4561/4636
f 4742/4559/4634 4740/4561/4636 4743/4562/4637
f 4741/4560/4635 4744/4563/4638 4740/4561/4636
f 4744/4563/4638 4741/4560/4635 4745/4564/4639
f 4746/4565/4640 4744/4563/4638 4745/4564/4639
f 4746/4565/4640 4745/4564/4639 4747/4566/4641
f 4740/4561/4636 4748/4567/4642 4743/4562/4637
f 4743/4562/4637 4748/4567/4642 4749/4568/4643
f 4750/4569/4644 4743/4562/4637 4749/4568/4643
f 4750/4569/4644 4749/4568/4643 4751/4570/4645
f 4740/4561/4636 4744/4563/4638 4752/4571/4646
f 4753/4572/4647 4748/4567/4642 4740/4561/4636
f 4752/4571/4646 4753/4572/4647 4740/4561/4636
f 4754/4573/4648 4749/4568/4643 4748/4567/4642
f 4753/4572/4647 4754/4573/4648 4748/4567/4642
f 4749/4568/4643 4755/4574/4649 4751/4570/4645
f 4749/4568/4643 4754/4573/4648 4755/4574/4649
f 4756/4575/4650 4744/4563/4638 4746/4565/4640
f 4744/4563/4638 4756/4575/4650 4752/4571/4646
f 4755/4574/4649 4757/4576/4651 4751/4570/4645
f 4757/4576/4651 4758/4577/4652 4751/4570/4645
f 4757/4576/4651 4759/4578/4653 4758/4577/4652
f 4759/4578/4653 4760/4579/4654 4758/4577/4652
f 4761/4580/4655 4760/4579/4654 4759/4578/4653
f 4762/4581/4656 4761/4580/4655 4759/4578/4653
f 4763/4582/4657 4761/4580/4655 4762/4581/4656
f 4764/4583/4658 4763/4582/4657 4762/4581/4656
f 4765/4584/4659 4763/4582/4657 4764/4583/4658
f 4762/4581/4656 4759/4578/4653 4766/4585/4660
f 4762/4581/4656 4766/4585/4660 4764/4583/4658
f 4767/4586/4661 4759/4578/4653 4757/4576/4651
f 4759/4578/4653 4767/4586/4661 4766/4585/4660
f 4766/4585/4660 4767/4586/4661 4768/4587/4662
f 4766/4585/4660 4769/4588/4663 4764/4583/4658
f 4769/4588/4663 4765/4584/4659 4764/4583/4658
f 4766/4585/4660 4768/4587/4662 4769/4588/4663
f 4765/4584/4659 4769/4588/4663 4770/4589/4664
f 4768/4587/4662 4770/4589/4664 4769/4588/4663
f 4771/4590/4665 4765/4584/4659 4770/4589/4664
f 4771/4590/4665 4770/4589/4664 4772/4591/4666
f 4772/4591/4666 4770/4589/4664 4768/4587/4662
f 4773/4592/4667 4771/4590/4665 4772/4591/4666
f 4774/4593/4668 4767/4586/4661 4757/4576/4651
f 4774/4593/4668 4757/4576/4651 4755/4574/4649
f 4767/4586/4661 4775/4594/4669 4768/4587/4662
f 4775/4594/4669 4767/4586/4661 4774/4593/4668
f 4776/4595/4670 4774/4593/4668 4755/4574/4649
f 4754/4573/4648 4776/4595/4670 4755/4574/4649
f 4777/4596/4671 4774/4593/4668 4776/4595/4670
f 4777/4596/4671 4775/4594/4669 4774/4593/4668
f 4778/4597/4672 4776/4595/4670 4754/4573/4648
f 4778/4597/4672 4777/4596/4671 4776/4595/4670
f 4773/4592/4667 4772/4591/4666 4779/4598/4673
f 4779/4598/4673 4772/4591/4666 4780/4599/4674
f 4781/4600/4675 4773/4592/4667 4779/4598/4673
f 4782/4601/4676 4781/4600/4675 4779/4598/4673
f 4783/4602/4677 4782/4601/4676 4779/4598/4673
f 4783/4602/4677 4779/4598/4673 4780/4599/4674
f 4784/4603/4678 4783/4602/4677 4780/4599/4674
f 4784/4603/4678 4780/4599/4674 4785/4604/4679
f 4786/4605/4680 4778/4597/4672 4754/4573/4648
f 4786/4605/4680 4754/4573/4648 4753/4572/4647
f 4772/4591/4666 4787/4606/4681 4780/4599/4674
f 4787/4606/4681 4772/4591/4666 4768/4587/4662
f 4788/4607/4682 4787/4606/4681 4768/4587/4662
f 4787/4606/4681 4788/4607/4682 4780/4599/4674
f 4775/4594/4669 4788/4607/4682 4768/4587/4662
f 4780/4599/4674 4789/4608/4683 4785/4604/4679
f 4788/4607/4682 4789/4608/4683 4780/4599/4674
f 4785/4604/4679 4789/4608/4683 4790/4609/4684
f 4791/4610/4685 4788/4607/4682 4775/4594/4669
f 4789/4608/4683 4788/4607/4682 4791/4610/4685
f 4775/4594/4669 4777/4596/4671 4791/4610/4685
f 4789/4608/4683 4792/4611/4686 4790/4609/4684
f 4792/4611/4686 4789/4608/4683 4791/4610/4685
f 4790/4609/4684 4792/4611/4686 4793/4612/4687
f 4777/4596/4671 4794/4613/4688 4791/4610/4685
f 4791/4610/4685 4794/4613/4688 4792/4611/4686
f 4777/4596/4671 4778/4597/4672 4794/4613/4688
f 4792/4611/4686 4795/4614/4689 4793/4612/4687
f 4796/4615/4690 4793/4612/4687 4795/4614/4689
f 4797/4616/4691 4796/4615/4690 4795/4614/4689
f 4798/4617/4692 4796/4615/4690 4797/4616/4691
f 4794/4613/4688 4799/4618/4693 4792/4611/4686
f 4792/4611/4686 4799/4618/4693 4795/4614/4689
f 4778/4597/4672 4800/4619/4694 4794/4613/4688
f 4794/4613/4688 4800/4619/4694 4799/4618/4693
f 4778/4597/4672 4786/4605/4680 4800/4619/4694
f 4799/4618/4693 4801/4620/4695 4795/4614/4689
f 4795/4614/4689 4801/4620/4695 4797/4616/4691
f 4800/4619/4694 4802/4621/4696 4799/4618/4693
f 4801/4620/4695 4799/4618/4693 4802/4621/4696
f 4786/4605/4680 4803/4622/4697 4800/4619/4694
f 4802/4621/4696 4800/4619/4694 4803/4622/4697
f 4804/4623/4698 4798/4617/4692 4797/4616/4691
f 4798/4617/4692 4804/4623/4698 4805/4624/4699
f 4786/4605/4680 4806/4625/4700 4803/4622/4697
f 4806/4625/4700 4786/4605/4680 4753/4572/4647
f 4806/4625/4700 4753/4572/4647 4752/4571/4646
f 4807/4626/4701 4806/4625/4700 4752/4571/4646
f 4752/4571/4646 4756/4575/4650 4807/4626/4701
f 4806/4625/4700 4808/4627/4702 4803/4622/4697
f 4808/4627/4702 4806/4625/4700 4807/4626/4701
f 4809/4628/4703 4802/4621/4696 4803/4622/4697
f 4809/4628/4703 4803/4622/4697 4808/4627/4702
f 4810/4629/4704 4801/4620/4695 4802/4621/4696
f 4810/4629/4704 4802/4621/4696 4809/4628/4703
f 4804/4623/4698 4811/4630/4705 4805/4624/4699
f 4805/4624/4699 4811/4630/4705 4812/4631/4706
f 4811/4630/4705 4813/4632/4707 4812/4631/4706
f 4812/4631/4706 4813/4632/4707 4814/4633/4708
f 4813/4632/4707 4815/4634/4709 4814/4633/4708
f 4813/4632/4707 4816/4635/4710 4815/4634/4709
f 4816/4635/4710 4813/4632/4707 4811/4630/4705
f 4816/4635/4710 4817/4636/4711 4815/4634/4709
f 4817/4636/4711 4816/4635/4710 4818/4637/4712
f 4819/4638/4713 4817/4636/4711 4818/4637/4712
f 4820/4639/4714 4816/4635/4710 4811/4630/4705
f 4816/4635/4710 4820/4639/4714 4818/4637/4712
f 4811/4630/4705 4804/4623/4698 4821/4640/4715
f 4820/4639/4714 4811/4630/4705 4821/4640/4715
f 4818/4637/4712 4822/4641/4716 4819/4638/4713
f 4822/4641/4716 4823/4642/4717 4819/4638/4713
f 4820/4639/4714 4824/4643/4718 4818/4637/4712
f 4824/4643/4718 4820/4639/4714 4821/4640/4715
f 4818/4637/4712 4824/4643/4718 4822/4641/4716
f 4821/4640/4715 4804/4623/4698 4825/4644/4719
f 4804/4623/4698 4797/4616/4691 4825/4644/4719
f 4822/4641/4716 4826/4645/4720 4823/4642/4717
f 4826/4645/4720 4827/4646/4721 4823/4642/4717
f 4822/4641/4716 4828/4647/4722 4826/4645/4720
f 4824/4643/4718 4828/4647/4722 4822/4641/4716
f 4826/4645/4720 4829/4648/4723 4827/4646/4721
f 4828/4647/4722 4829/4648/4723 4826/4645/4720
f 4829/4648/4723 4830/4649/4724 4827/4646/4721
f 4830/4649/4724 4829/4648/4723 4831/4650/4725
f 4829/4648/4723 4832/4651/4726 4831/4650/4725
f 4829/4648/4723 4828/4647/4722 4832/4651/4726
f 4831/4650/4725 4832/4651/4726 4833/4652/4727
f 4834/4653/4728 4824/4643/4718 4821/4640/4715
f 4825/4644/4719 4834/4653/4728 4821/4640/4715
f 4828/4647/4722 4824/4643/4718 4835/4654/4729
f 4828/4647/4722 4835/4654/4729 4832/4651/4726
f 4824/4643/4718 4834/4653/4728 4835/4654/4729
f 4832/4651/4726 4836/4655/4730 4833/4652/4727
f 4832/4651/4726 4835/4654/4729 4836/4655/4730
f 4837/4656/4731 4833/4652/4727 4836/4655/4730
f 4835/4654/4729 4834/4653/4728 4838/4657/4732
f 4835/4654/4729 4838/4657/4732 4836/4655/4730
f 4839/4658/4733 4834/4653/4728 4825/4644/4719
f 4834/4653/4728 4839/4658/4733 4838/4657/4732
f 4840/4659/4734 4837/4656/4731 4836/4655/4730
f 4840/4659/4734 4836/4655/4730 4838/4657/4732
f 4837/4656/4731 4840/4659/4734 4841/4660/4735
f 4842/4661/4736 4837/4656/4731 4841/4660/4735
f 4843/4662/4737 4842/4661/4736 4841/4660/4735
f 4844/4663/4738 4840/4659/4734 4838/4657/4732
f 4844/4663/4738 4838/4657/4732 4839/4658/4733
f 4841/4660/4735 4840/4659/4734 4844/4663/4738
f 4845/4664/4739 4839/4658/4733 4825/4644/4719
f 4845/4664/4739 4825/4644/4719 4797/4616/4691
f 4846/4665/4740 4843/4662/4737 4841/4660/4735
f 4847/4666/4741 4843/4662/4737 4846/4665/4740
f 4848/4667/4742 4841/4660/4735 4844/4663/4738
f 4846/4665/4740 4841/4660/4735 4848/4667/4742
f 4849/4668/4743 4844/4663/4738 4839/4658/4733
f 4849/4668/4743 4839/4658/4733 4845/4664/4739
f 4848/4667/4742 4844/4663/4738 4849/4668/4743
f 4850/4669/4744 4845/4664/4739 4797/4616/4691
f 4801/4620/4695 4850/4669/4744 4797/4616/4691
f 4851/4670/4745 4847/4666/4741 4846/4665/4740
f 4847/4666/4741 4851/4670/4745 4852/4671/4746
f 4853/4672/4747 4849/4668/4743 4845/4664/4739
f 4853/4672/4747 4845/4664/4739 4850/4669/4744
f 4854/4673/4748 4850/4669/4744 4801/4620/4695
f 4854/4673/4748 4853/4672/4747 4850/4669/4744
f 4810/4629/4704 4854/4673/4748 4801/4620/4695
f 4855/4674/4749 4846/4665/4740 4848/4667/4742
f 4846/4665/4740 4855/4674/4749 4851/4670/4745
f 4856/4675/4750 4848/4667/4742 4849/4668/4743
f 4856/4675/4750 4849/4668/4743 4853/4672/4747
f 4855/4674/4749 4848/4667/4742 4856/4675/4750
f 4851/4670/4745 4857/4676/4751 4852/4671/4746
f 4852/4671/4746 4857/4676/4751 4858/4677/4752
f 4859/4678/4753 4853/4672/4747 4854/4673/4748
f 4859/4678/4753 4856/4675/4750 4853/4672/4747
f 4860/4679/4754 4854/4673/4748 4810/4629/4704
f 4860/4679/4754 4859/4678/4753 4854/4673/4748
f 4855/4674/4749 4861/4680/4755 4851/4670/4745
f 4851/4670/4745 4861/4680/4755 4857/4676/4751
f 4862/4681/4756 4855/4674/4749 4856/4675/4750
f 4862/4681/4756 4856/4675/4750 4859/4678/4753
f 4861/4680/4755 4855/4674/4749 4862/4681/4756
f 4857/4676/4751 4863/4682/4757 4858/4677/4752
f 4864/4683/4758 4858/4677/4752 4863/4682/4757
f 4865/4684/4759 4862/4681/4756 4859/4678/4753
f 4859/4678/4753 4860/4679/4754 4865/4684/4759
f 4866/4685/4760 4861/4680/4755 4862/4681/4756
f 4862/4681/4756 4865/4684/4759 4866/4685/4760
f 4861/4680/4755 4867/4686/4761 4857/4676/4751
f 4857/4676/4751 4867/4686/4761 4863/4682/4757
f 4861/4680/4755 4866/4685/4760 4867/4686/4761
f 4868/4687/4762 4864/4683/4758 4863/4682/4757
f 4864/4683/4758 4868/4687/4762 4869/4688/4763
f 4867/4686/4761 4870/4689/4764 4863/4682/4757
f 4868/4687/4762 4863/4682/4757 4870/4689/4764
f 4866/4685/4760 4871/4690/4765 4867/4686/4761
f 4870/4689/4764 4867/4686/4761 4871/4690/4765
f 4865/4684/4759 4872/4691/4766 4866/4685/4760
f 4866/4685/4760 4872/4691/4766 4871/4690/4765
f 4868/4687/4762 4873/4692/4767 4869/4688/4763
f 4874/4693/4768 4869/4688/4763 4873/4692/4767
f 4875/4694/4769 4868/4687/4762 4870/4689/4764
f 4873/4692/4767 4868/4687/4762 4875/4694/4769
f 4876/4695/4770 4874/4693/4768 4873/4692/4767
f 4874/4693/4768 4876/4695/4770 4877/4696/4771
f 4865/4684/4759 4878/4697/4772 4872/4691/4766
f 4860/4679/4754 4878/4697/4772 4865/4684/4759
f 4879/4698/4773 4870/4689/4764 4871/4690/4765
f 4870/4689/4764 4879/4698/4773 4875/4694/4769
f 4880/4699/4774 4873/4692/4767 4875/4694/4769
f 4876/4695/4770 4873/4692/4767 4880/4699/4774
f 4876/4695/4770 4881/4700/4775 4877/4696/4771
f 4882/4701/4776 4877/4696/4771 4881/4700/4775
f 4879/4698/4773 4883/4702/4777 4875/4694/4769
f 4880/4699/4774 4875/4694/4769 4883/4702/4777
f 4884/4703/4778 4876/4695/4770 4880/4699/4774
f 4876/4695/4770 4884/4703/4778 4881/4700/4775
f 4885/4704/4779 4882/4701/4776 4881/4700/4775
f 4882/4701/4776 4885/4704/4779 4886/4705/4780
f 4887/4706/4781 4880/4699/4774 4883/4702/4777
f 4884/4703/4778 4880/4699/4774 4887/4706/4781
f 4883/4702/4777 4879/4698/4773 4888/4707/4782
f 4887/4706/4781 4883/4702/4777 4888/4707/4782
f 4889/4708/4783 4879/4698/4773 4871/4690/4765
f 4879/4698/4773 4889/4708/4783 4888/4707/4782
f 4890/4709/4784 4889/4708/4783 4871/4690/4765
f 4872/4691/4766 4890/4709/4784 4871/4690/4765
f 4889/4708/4783 4890/4709/4784 4891/4710/4785
f 4888/4707/4782 4889/4708/4783 4891/4710/4785
f 4892/4711/4786 4890/4709/4784 4872/4691/4766
f 4890/4709/4784 4892/4711/4786 4891/4710/4785
f 4884/4703/4778 4893/4712/4787 4881/4700/4775
f 4885/4704/4779 4881/4700/4775 4893/4712/4787
f 4894/4713/4788 4892/4711/4786 4872/4691/4766
f 4878/4697/4772 4894/4713/4788 4872/4691/4766
f 4895/4714/4789 4887/4706/4781 4888/4707/4782
f 4896/4715/4790 4884/4703/4778 4887/4706/4781
f 4896/4715/4790 4887/4706/4781 4895/4714/4789
f 4897/4716/4791 4888/4707/4782 4891/4710/4785
f 4895/4714/4789 4888/4707/4782 4897/4716/4791
f 4897/4716/4791 4891/4710/4785 4898/4717/4792
f 4891/4710/4785 4892/4711/4786 4899/4718/4793
f 4891/4710/4785 4899/4718/4793 4898/4717/4792
f 4900/4719/4794 4892/4711/4786 4894/4713/4788
f 4892/4711/4786 4900/4719/4794 4899/4718/4793
f 4894/4713/4788 4878/4697/4772 4901/4720/4795
f 4901/4720/4795 4900/4719/4794 4894/4713/4788
f 4902/4721/4796 4895/4714/4789 4897/4716/4791
f 4897/4716/4791 4898/4717/4792 4902/4721/4796
f 4878/4697/4772 4903/4722/4797 4901/4720/4795
f 4878/4697/4772 4860/4679/4754 4903/4722/4797
f 4901/4720/4795 4904/4723/4798 4900/4719/4794
f 4901/4720/4795 4903/4722/4797 4904/4723/4798
f 4900/4719/4794 4905/4724/4799 4899/4718/4793
f 4904/4723/4798 4905/4724/4799 4900/4719/4794
f 4860/4679/4754 4906/4725/4800 4903/4722/4797
f 4906/4725/4800 4860/4679/4754 4810/4629/4704
f 4906/4725/4800 4810/4629/4704 4809/4628/4703
f 4903/4722/4797 4906/4725/4800 4907/4726/4801
f 4906/4725/4800 4809/4628/4703 4907/4726/4801
f 4903/4722/4797 4907/4726/4801 4904/4723/4798
f 4907/4726/4801 4809/4628/4703 4808/4627/4702
f 4908/4727/4802 4904/4723/4798 4907/4726/4801
f 4808/4627/4702 4908/4727/4802 4907/4726/4801
f 4904/4723/4798 4908/4727/4802 4905/4724/4799
f 4908/4727/4802 4808/4627/4702 4807/4626/4701
f 4905/4724/4799 4909/4728/4803 4899/4718/4793
f 4899/4718/4793 4909/4728/4803 4898/4717/4792
f 4908/4727/4802 4910/4729/4804 4905/4724/4799
f 4908/4727/4802 4807/4626/4701 4910/4729/4804
f 4909/4728/4803 4905/4724/4799 4910/4729/4804
f 4807/4626/4701 4911/4730/4805 4910/4729/4804
f 4756/4575/4650 4911/4730/4805 4807/4626/4701
f 4910/4729/4804 4911/4730/4805 4912/4731/4806
f 4912/4731/4806 4909/4728/4803 4910/4729/4804
f 4913/4732/4807 4911/4730/4805 4756/4575/4650
f 4911/4730/4805 4913/4732/4807 4912/4731/4806
f 4914/4733/4808 4913/4732/4807 4756/4575/4650
f 4914/4733/4808 4756/4575/4650 4746/4565/4640
f 4914/4733/4808 4746/4565/4640 4915/4734/4809
f 4915/4734/4809 4746/4565/4640 4747/4566/4641
f 4913/4732/4807 4914/4733/4808 4916/4735/4810
f 4916/4735/4810 4914/4733/4808 4915/4734/4809
f 4917/4736/4811 4915/4734/4809 4747/4566/4641
f 4915/4734/4809 4917/4736/4811 4916/4735/4810
f 4918/4737/4763 4917/4736/4811 4747/4566/4641
f 4912/4731/4806 4913/4732/4807 4919/4738/4812
f 4919/4738/4812 4913/4732/4807 4916/4735/4810
f 4909/4728/4803 4912/4731/4806 4920/4739/4813
f 4920/4739/4813 4912/4731/4806 4919/4738/4812
f 4919/4738/4812 4916/4735/4810 4921/4740/4814
f 4917/4736/4811 4921/4740/4814 4916/4735/4810
f 4922/4741/4815 4917/4736/4811 4918/4737/4763
f 4923/4742/4816 4922/4741/4815 4918/4737/4763
f 4924/4743/4817 4919/4738/4812 4921/4740/4814
f 4919/4738/4812 4924/4743/4817 4920/4739/4813
f 4925/4744/4818 4921/4740/4814 4917/4736/4811
f 4922/4741/4815 4925/4744/4818 4917/4736/4811
f 4921/4740/4814 4925/4744/4818 4924/4743/4817
f 4926/4745/4819 4909/4728/4803 4920/4739/4813
f 4909/4728/4803 4926/4745/4819 4898/4717/4792
f 4922/4741/4815 4923/4742/4816 4927/4746/4820
f 4923/4742/4816 4928/4747/4771 4927/4746/4820
f 4924/4743/4817 4929/4748/4821 4920/4739/4813
f 4920/4739/4813 4929/4748/4821 4926/4745/4819
f 4925/4744/4818 4922/4741/4815 4930/4749/4822
f 4922/4741/4815 4927/4746/4820 4930/4749/4822
f 4925/4744/4818 4931/4750/4823 4924/4743/4817
f 4929/4748/4821 4924/4743/4817 4931/4750/4823
f 4925/4744/4818 4930/4749/4822 4931/4750/4823
f 4926/4745/4819 4932/4751/4824 4898/4717/4792
f 4929/4748/4821 4932/4751/4824 4926/4745/4819
f 4933/4752/4825 4927/4746/4820 4928/4747/4771
f 4934/4753/4826 4933/4752/4825 4928/4747/4771
f 4935/4754/4827 4929/4748/4821 4931/4750/4823
f 4932/4751/4824 4929/4748/4821 4935/4754/4827
f 4930/4749/4822 4936/4755/4828 4931/4750/4823
f 4935/4754/4827 4931/4750/4823 4936/4755/4828
f 4937/4756/4829 4930/4749/4822 4927/4746/4820
f 4933/4752/4825 4937/4756/4829 4927/4746/4820
f 4930/4749/4822 4937/4756/4829 4936/4755/4828
f 4932/4751/4824 4938/4757/4830 4898/4717/4792
f 4898/4717/4792 4938/4757/4830 4902/4721/4796
f 4933/4752/4825 4934/4753/4826 4939/4758/4831
f 4934/4753/4826 4940/4759/4832 4939/4758/4831
f 4939/4758/4831 4940/4759/4832 4941/4760/4833
f 4942/4761/4834 4939/4758/4831 4941/4760/4833
f 4942/4761/4834 4943/4762/4835 4939/4758/4831
f 4933/4752/4825 4939/4758/4831 4944/4763/4836
f 4943/4762/4835 4944/4763/4836 4939/4758/4831
f 4937/4756/4829 4933/4752/4825 4944/4763/4836
f 4943/4762/4835 4945/4764/4837 4944/4763/4836
f 4937/4756/4829 4946/4765/4838 4936/4755/4828
f 4937/4756/4829 4944/4763/4836 4946/4765/4838
f 4945/4764/4837 4947/4766/4839 4944/4763/4836
f 4944/4763/4836 4947/4766/4839 4946/4765/4838
f 4948/4767/4840 4936/4755/4828 4946/4765/4838
f 4948/4767/4840 4935/4754/4827 4936/4755/4828
f 4947/4766/4839 4945/4764/4837 4949/4768/4841
f 4945/4764/4837 4950/4769/4842 4949/4768/4841
f 4950/4769/4842 4951/4770/4843 4949/4768/4841
f 4952/4771/4844 4946/4765/4838 4947/4766/4839
f 4952/4771/4844 4948/4767/4840 4946/4765/4838
f 4949/4768/4841 4952/4771/4844 4947/4766/4839
f 4953/4772/4845 4935/4754/4827 4948/4767/4840
f 4953/4772/4845 4932/4751/4824 4935/4754/4827
f 4938/4757/4830 4932/4751/4824 4953/4772/4845
f 4954/4773/4846 4948/4767/4840 4952/4771/4844
f 4954/4773/4846 4953/4772/4845 4948/4767/4840
f 4955/4774/4847 4952/4771/4844 4949/4768/4841
f 4955/4774/4847 4954/4773/4846 4952/4771/4844
f 4951/4770/4843 4956/4775/4848 4949/4768/4841
f 4956/4775/4848 4955/4774/4847 4949/4768/4841
f 4957/4776/4849 4938/4757/4830 4953/4772/4845
f 4957/4776/4849 4953/4772/4845 4954/4773/4846
f 4956/4775/4848 4951/4770/4843 4958/4777/4850
f 4951/4770/4843 4959/4778/4851 4958/4777/4850
f 4958/4777/4850 4959/4778/4851 4960/4779/4852
f 4961/4780/4853 4955/4774/4847 4956/4775/4848
f 4958/4777/4850 4961/4780/4853 4956/4775/4848
f 4962/4781/4854 4954/4773/4846 4955/4774/4847
f 4962/4781/4854 4957/4776/4849 4954/4773/4846
f 4961/4780/4853 4962/4781/4854 4955/4774/4847
f 4963/4782/4855 4958/4777/4850 4960/4779/4852
f 4961/4780/4853 4958/4777/4850 4963/4782/4855
f 4963/4782/4855 4960/4779/4852 4964/4783/4856
f 4957/4776/4849 4965/4784/4857 4938/4757/4830
f 4965/4784/4857 4902/4721/4796 4938/4757/4830
f 4961/4780/4853 4966/4785/4858 4962/4781/4854
f 4966/4785/4858 4961/4780/4853 4963/4782/4855
f 4957/4776/4849 4962/4781/4854 4967/4786/4859
f 4965/4784/4857 4957/4776/4849 4967/4786/4859
f 4966/4785/4858 4967/4786/4859 4962/4781/4854
f 4968/4787/4860 4963/4782/4855 4964/4783/4856
f 4969/4788/4861 4968/4787/4860 4964/4783/4856
f 4969/4788/4861 4970/4789/4862 4968/4787/4860
f 4965/4784/4857 4971/4790/4863 4902/4721/4796
f 4971/4790/4863 4895/4714/4789 4902/4721/4796
f 4971/4790/4863 4896/4715/4790 4895/4714/4789
f 4965/4784/4857 4967/4786/4859 4972/4791/4864
f 4971/4790/4863 4965/4784/4857 4972/4791/4864
f 4967/4786/4859 4966/4785/4858 4972/4791/4864
f 4971/4790/4863 4972/4791/4864 4896/4715/4790
f 4966/4785/4858 4963/4782/4855 4973/4792/4865
f 4966/4785/4858 4973/4792/4865 4972/4791/4864
f 4963/4782/4855 4968/4787/4860 4973/4792/4865
f 4972/4791/4864 4974/4793/4866 4896/4715/4790
f 4972/4791/4864 4973/4792/4865 4974/4793/4866
f 4896/4715/4790 4974/4793/4866 4884/4703/4778
f 4974/4793/4866 4893/4712/4787 4884/4703/4778
f 4973/4792/4865 4975/4794/4867 4974/4793/4866
f 4973/4792/4865 4968/4787/4860 4975/4794/4867
f 4974/4793/4866 4975/4794/4867 4893/4712/4787
f 4968/4787/4860 4976/4795/4868 4975/4794/4867
f 4970/4789/4862 4976/4795/4868 4968/4787/4860
f 4975/4794/4867 4977/4796/4869 4893/4712/4787
f 4975/4794/4867 4976/4795/4868 4977/4796/4869
f 4977/4796/4869 4885/4704/4779 4893/4712/4787
f 4978/4797/4870 4976/4795/4868 4970/4789/4862
f 4976/4795/4868 4978/4797/4870 4977/4796/4869
f 4979/4798/4871 4978/4797/4870 4970/4789/4862
f 4885/4704/4779 4977/4796/4869 4980/4799/4872
f 4977/4796/4869 4978/4797/4870 4980/4799/4872
f 4980/4799/4872 4978/4797/4870 4979/4798/4871
f 4885/4704/4779 4980/4799/4872 4886/4705/4780
f 4981/4800/4873 4980/4799/4872 4979/4798/4871
f 4982/4801/4874 4886/4705/4780 4980/4799/4872
f 4981/4800/4873 4982/4801/4874 4980/4799/4872
f 4985/4802/4875 4984/4803/4876 4983/4804/4877
f 4983/4804/4877 4986/4805/4878 4985/4802/4875
f 4986/4805/4878 4987/4806/4879 4985/4802/4875
f 4987/4806/4879 4986/4805/4878 4988/4807/4880
f 4986/4805/4878 4989/4808/4881 4988/4807/4880
f 4990/4809/4882 4987/4806/4879 4988/4807/4880
f 4989/4808/4881 4991/4810/4883 4988/4807/4880
f 4990/4809/4882 4988/4807/4880 4992/4811/4884
f 4992/4811/4884 4988/4807/4880 4991/4810/4883
f 4993/4812/4885 4992/4811/4884 4991/4810/4883
f 4994/4813/4886 4990/4809/4882 4992/4811/4884
f 4993/4812/4885 4995/4814/4887 4992/4811/4884
f 4994/4813/4886 4992/4811/4884 4996/4815/4888
f 4995/4814/4887 4996/4815/4888 4992/4811/4884
f 4997/4816/4889 4994/4813/4886 4996/4815/4888
f 4995/4814/4887 4998/4817/4890 4996/4815/4888
f 4997/4816/4889 4996/4815/4888 4999/4818/4891
f 4998/4817/4890 4999/4818/4891 4996/4815/4888
f 5000/4819/4892 4997/4816/4889 4999/4818/4891
f 4998/4817/4890 5001/4820/4893 4999/4818/4891
f 5000/4819/4892 4999/4818/4891 5002/4821/4894
f 5001/4820/4893 5002/4821/4894 4999/4818/4891
f 5003/4822/4895 5000/4819/4892 5002/4821/4894
f 5001/4820/4893 5004/4823/4896 5002/4821/4894
f 5003/4822/4895 5002/4821/4894 5005/4824/4897
f 5004/4823/4896 5005/4824/4897 5002/4821/4894
f 5004/4823/4896 5006/4825/4898 5005/4824/4897
f 5007/4826/4899 5003/4822/4895 5005/4824/4897
f 5006/4825/4898 5008/4827/4900 5005/4824/4897
f 5005/4824/4897 5008/4827/4900 5007/4826/4899
f 5008/4827/4900 5009/4828/4901 5007/4826/4899
f 5012/4829/4902 5011/4830/4903 5010/4831/4904
f 5011/4830/4903 5012/4829/4902 5013/4832/4905
f 5012/4829/4902 5014/4833/4906 5013/4832/4905
f 5014/4833/4906 5015/4834/4907 5013/4832/4905
f 5015/4834/4907 5016/4835/4908 5013/4832/4905
f 5016/4835/4908 5015/4834/4907 5017/4836/4909
f 5015/4834/4907 5018/4837/4910 5017/4836/4909
f 5017/4836/4909 5018/4837/4910 5019/4838/4911
f 5018/4837/4910 5020/4839/4912 5019/4838/4911
f 5019/4838/4911 5020/4839/4912 5021/4840/4913
f 5020/4839/4912 5022/4841/4914 5021/4840/4913
f 5021/4840/4913 5022/4841/4914 5023/4842/4915
f 5022/4841/4914 5024/4843/4916 5023/4842/4915
f 5023/4842/4915 5024/4843/4916 5025/4844/4917
f 5024/4843/4916 5026/4845/4918 5025/4844/4917
f 5025/4844/4917 5026/4845/4918 5027/4846/4919
f 5028/4847/4920 5025/4844/4917 5027/4846/4919
f 5028/4847/4920 5027/4846/4919 5029/4848/4921
f 5030/4849/4922 5028/4847/4920 5029/4848/4921
f 5031/4850/4923 5030/4849/4922 5029/4848/4921
f 5032/4851/4924 5031/4850/4923 5029/4848/4921
f 5033/4852/4925 5031/4850/4923 5032/4851/4924
f 5034/4853/4926 5033/4852/4925 5032/4851/4924
f 5033/4852/4925 5034/4853/4926 5035/4854/4927
f 5034/4853/4926 5036/4855/4928 5035/4854/4927
f 5039/4856/4929 5038/4857/4930 5037/4858/4931
f 5038/4857/4930 5040/4859/4932 5037/4858/4931
f 5040/4859/4932 5041/4860/4933 5037/4858/4931
f 5040/4859/4932 5042/4861/4934 5041/4860/4933
f 5042/4861/4934 5043/4862/4935 5041/4860/4933
f 5042/4861/4934 5044/4863/4936 5043/4862/4935
f 5044/4863/4936 5045/4864/4937 5043/4862/4935
f 5044/4863/4936 5046/4865/4938 5045/4864/4937
f 5046/4865/4938 5047/4866/4939 5045/4864/4937
f 5047/4866/4939 5046/4865/4938 5048/4867/4940
f 5046/4865/4938 5049/4868/4941 5048/4867/4940
f 5048/4867/4940 5049/4868/4941 5050/4869/4942
f 5049/4868/4941 5051/4870/4943 5050/4869/4942
f 5050/4869/4942 5051/4870/4943 5052/4871/4944
f 5051/4870/4943 5053/4872/4945 5052/4871/4944
f 5052/4871/4944 5053/4872/4945 5054/4873/4946
f 5053/4872/4945 5055/4874/4947 5054/4873/4946
f 5054/4873/4946 5055/4874/4947 5056/4875/4948
f 5055/4874/4947 5057/4876/4949 5056/4875/4948
f 5056/4875/4948 5057/4876/4949 5058/4877/4950
f 5057/4876/4949 5059/4878/4951 5058/4877/4950
f 5058/4877/4950 5059/4878/4951 5060/4879/4952
f 5059/4878/4951 5061/4880/4953 5060/4879/4952
f 5064/4881/4954 5063/4882/4955 5062/4883/4956
f 5063/4882/4955 5065/4884/4957 5062/4883/4956
f 5063/4882/4955 5066/4885/4958 5065/4884/4957
f 5062/4883/4956 5065/4884/4957 5067/4886/4959
f 5066/4885/4958 5068/4887/4960 5065/4884/4957
f 5065/4884/4957 5069/4888/4961 5067/4886/4959
f 5065/4884/4957 5068/4887/4960 5069/4888/4961
f 5067/4886/4959 5069/4888/4961 5070/4889/4962
f 5068/4887/4960 5071/4890/4963 5069/4888/4961
f 5069/4888/4961 5072/4891/4964 5070/4889/4962
f 5069/4888/4961 5071/4890/4963 5072/4891/4964
f 5070/4889/4962 5072/4891/4964 5073/4892/4965
f 5071/4890/4963 5074/4893/4966 5072/4891/4964
f 5072/4891/4964 5075/4894/4967 5073/4892/4965
f 5072/4891/4964 5074/4893/4966 5075/4894/4967
f 5073/4892/4965 5075/4894/4967 5076/4895/4968
f 5074/4893/4966 5077/4896/4969 5075/4894/4967
f 5075/4894/4967 5078/4897/4970 5076/4895/4968
f 5075/4894/4967 5077/4896/4969 5078/4897/4970
f 5076/4895/4968 5078/4897/4970 5079/4898/4971
f 5077/4896/4969 5080/4899/4972 5078/4897/4970
f 5078/4897/4970 5081/4900/4973 5079/4898/4971
f 5078/4897/4970 5080/4899/4972 5081/4900/4973
f 5079/4898/4971 5081/4900/4973 5082/4901/4974
f 5080/4899/4972 5083/4902/4975 5081/4900/4973
f 5081/4900/4973 5084/4903/4976 5082/4901/4974
f 5081/4900/4973 5083/4902/4975 5084/4903/4976
f 5082/4901/4974 5084/4903/4976 5085/4904/4977
f 5083/4902/4975 5086/4905/4978 5084/4903/4976
f 5084/4903/4976 5087/4906/4979 5085/4904/4977
f 5084/4903/4976 5086/4905/4978 5087/4906/4979
f 5085/4904/4977 5087/4906/4979 5088/4907/4980
f 5086/4905/4978 5089/4908/4981 5087/4906/4979
f 5087/4906/4979 5090/4909/4982 5088/4907/4980
f 5087/4906/4979 5089/4908/4981 5090/4909/4982
f 5088/4907/4980 5090/4909/4982 5091/4910/4983
f 5089/4908/4981 5092/4911/4984 5090/4909/4982
f 5090/4909/4982 5093/4912/4985 5091/4910/4983
f 5090/4909/4982 5092/4911/4984 5093/4912/4985
f 5092/4911/4984 5094/4913/4986 5093/4912/4985
f 5091/4910/4983 5093/4912/4985 5095/4914/4987
f 5093/4912/4985 5094/4913/4986 5096/4915/4988
f 5093/4912/4985 5096/4915/4988 5095/4914/4987
f 5094/4913/4986 5097/4916/4989 5096/4915/4988
f 5096/4915/4988 5098/4917/4990 5095/4914/4987
f 5096/4915/4988 5097/4916/4989 5098/4917/4990
f 5098/4917/4990 5099/4918/4991 5095/4914/4987
f 5097/4916/4989 5100/4919/4992 5098/4917/4990
f 5099/4918/4991 5098/4917/4990 5101/4920/4993
f 5098/4917/4990 5100/4919/4992 5101/4920/4993
f 5100/4919/4992 5102/4921/4994 5101/4920/4993
f 5103/4922/4995 5099/4918/4991 5101/4920/4993
f 5102/4921/4994 5104/4923/4996 5101/4920/4993
f 5103/4922/4995 5101/4920/4993 5105/4924/4997
f 5104/4923/4996 5105/4924/4997 5101/4920/4993
f 5106/4925/4998 5103/4922/4995 5105/4924/4997
f 5104/4923/4996 5107/4926/4999 5105/4924/4997
f 5106/4925/4998 5105/4924/4997 5108/4927/5000
f 5107/4926/4999 5108/4927/5000 5105/4924/4997
f 5109/4928/5001 5106/4925/4998 5108/4927/5000
f 5107/4926/4999 5110/4929/5002 5108/4927/5000
f 5109/4928/5001 5108/4927/5000 5111/4930/5003
f 5110/4929/5002 5111/4930/5003 5108/4927/5000
f 5112/4931/5004 5109/4928/5001 5111/4930/5003
f 5110/4929/5002 5113/4932/5005 5111/4930/5003
f 5112/4931/5004 5111/4930/5003 5114/4933/5006
f 5113/4932/5005 5114/4933/5006 5111/4930/5003
f 5117/4934/5007 5116/4935/5008 5115/4936/5009
f 5116/4935/5008 5118/4937/5010 5115/4936/5009
f 5116/4935/5008 5119/4938/5011 5118/4937/5010
f 5119/4938/5011 5120/4939/5012 5118/4937/5010
f 5119/4938/5011 5121/4940/5013 5120/4939/5012
f 5121/4940/5013 5122/4941/5014 5120/4939/5012
f 5123/4942/5015 5121/4940/5013 5119/4938/5011
f 5121/4940/5013 5124/4943/5016 5122/4941/5014
f 5121/4940/5013 5123/4942/5015 5124/4943/5016
f 5124/4943/5016 5125/4944/5017 5122/4941/5014
f 5123/4942/5015 5126/4945/5018 5124/4943/5016
f 5125/4944/5017 5124/4943/5016 5127/4946/5019
f 5124/4943/5016 5126/4945/5018 5127/4946/5019
f 5126/4945/5018 5128/4947/5020 5127/4946/5019
f 5129/4948/5021 5125/4944/5017 5127/4946/5019
f 5128/4947/5020 5130/4949/5022 5127/4946/5019
f 5127/4946/5019 5131/4950/5023 5129/4948/5021
f 5130/4949/5022 5131/4950/5023 5127/4946/5019
f 5131/4950/5023 5132/4951/5024 5129/4948/5021
f 5130/4949/5022 5133/4952/5025 5131/4950/5023
f 5131/4950/5023 5134/4953/5026 5132/4951/5024
f 5133/4952/5025 5134/4953/5026 5131/4950/5023
f 5134/4953/5026 5135/4954/5027 5132/4951/5024
f 5134/4953/5026 5133/4952/5025 5136/4955/5028
f 5135/4954/5027 5134/4953/5026 5137/4956/5029
f 5137/4956/5029 5134/4953/5026 5136/4955/5028
f 5138/4957/5030 5135/4954/5027 5137/4956/5029
f 5139/4958/5031 5138/4957/5030 5137/4956/5029
f 5140/4959/5032 5137/4956/5029 5136/4955/5028
f 5140/4959/5032 5139/4958/5031 5137/4956/5029
f 5141/4960/5033 5140/4959/5032 5136/4955/5028
f 5142/4961/5034 5139/4958/5031 5140/4959/5032
f 5140/4959/5032 5141/4960/5033 5143/4962/5035
f 5143/4962/5035 5142/4961/5034 5140/4959/5032
f 5141/4960/5033 5144/4963/5036 5143/4962/5035
f 5145/4964/5037 5142/4961/5034 5143/4962/5035
f 5143/4962/5035 5144/4963/5036 5146/4965/5038
f 5146/4965/5038 5145/4964/5037 5143/4962/5035
f 5144/4963/5036 5147/4966/5038 5146/4965/5038
f 5146/4965/5038 5148/4967/5039 5145/4964/5037
f 5148/4967/5039 5146/4965/5038 5147/4966/5038
f 5149/4968/5040 5148/4967/5039 5147/4966/5038
f 5148/4967/5039 5150/4969/5041 5145/4964/5037
f 5149/4968/5040 5151/4970/5042 5148/4967/5039
f 5148/4967/5039 5152/4971/5043 5150/4969/5041
f 5151/4970/5042 5152/4971/5043 5148/4967/5039
f 5152/4971/5043 5153/4972/5044 5150/4969/5041
f 5151/4970/5042 5154/4973/5045 5152/4971/5043
f 5152/4971/5043 5155/4974/5046 5153/4972/5044
f 5154/4973/5045 5155/4974/5046 5152/4971/5043
f 5155/4974/5046 5156/4975/5047 5153/4972/5044
f 5155/4974/5046 5154/4973/5045 5157/4976/5048
f 5156/4975/5047 5155/4974/5046 5158/4977/5049
f 5158/4977/5049 5155/4974/5046 5157/4976/5048
f 5159/4978/5050 5156/4975/5047 5158/4977/5049
f 5157/4976/5048 5160/4979/5051 5158/4977/5049
f 5161/4980/5051 5159/4978/5050 5158/4977/5049
f 5160/4979/5051 5162/4981/5052 5158/4977/5049
f 5162/4981/5052 5161/4980/5051 5158/4977/5049
f 5160/4979/5051 5163/4982/5053 5162/4981/5052
f 5162/4981/5052 5164/4983/5053 5161/4980/5051
f 5163/4982/5053 5164/4983/5053 5162/4981/5052
f 5164/4983/5053 5165/4984/5054 5161/4980/5051
f 5164/4983/5053 5163/4982/5053 5166/4985/5055
f 5167/4986/5056 5165/4984/5054 5164/4983/5053
f 5168/4987/5057 5164/4983/5053 5166/4985/5055
f 5168/4987/5057 5167/4986/5056 5164/4983/5053
f 5171/4988/5058 5170/4989/5059 5169/4990/5060
f 5172/4991/5061 5169/4990/5060 5170/4989/5059
f 5173/4992/5062 5172/4991/5061 5170/4989/5059
f 5172/4991/5061 5173/4992/5062 5174/4993/5063
f 5175/4994/5064 5172/4991/5061 5174/4993/5063
f 5173/4992/5062 5176/4995/5065 5174/4993/5063
f 5177/4996/5066 5175/4994/5064 5174/4993/5063
f 5174/4993/5063 5176/4995/5065 5178/4997/5067
f 5174/4993/5063 5178/4997/5067 5177/4996/5066
f 5178/4997/5067 5179/4998/5068 5177/4996/5066
f 5176/4995/5065 5180/4999/5069 5178/4997/5067
f 5181/5000/5070 5179/4998/5068 5178/4997/5067
f 5178/4997/5067 5180/4999/5069 5182/5001/5071
f 5182/5001/5071 5181/5000/5070 5178/4997/5067
f 5180/4999/5069 5183/5002/5072 5182/5001/5071
f 5184/5003/5073 5181/5000/5070 5182/5001/5071
f 5182/5001/5071 5183/5002/5072 5185/5004/5074
f 5185/5004/5074 5184/5003/5073 5182/5001/5071
f 5183/5002/5072 5186/5005/5075 5185/5004/5074
f 5187/5006/5076 5184/5003/5073 5185/5004/5074
f 5185/5004/5074 5186/5005/5075 5188/5007/5077
f 5188/5007/5077 5187/5006/5076 5185/5004/5074
f 5186/5005/5075 5189/5008/5078 5188/5007/5077
f 5190/5009/5079 5187/5006/5076 5188/5007/5077
f 5188/5007/5077 5189/5008/5078 5191/5010/5080
f 5191/5010/5080 5190/5009/5079 5188/5007/5077
f 5192/5011/5081 5190/5009/5079 5191/5010/5080
f 5189/5008/5078 5193/5012/5082 5191/5010/5080
f 5194/5013/5083 5192/5011/5081 5191/5010/5080
f 5194/5013/5083 5191/5010/5080 5193/5012/5082
f 5195/5014/5084 5194/5013/5083 5193/5012/5082
f 5198/5015/5085 5197/5016/5086 5196/5017/5087
f 5197/5016/5086 5198/5015/5085 5199/5018/5088
f 5200/5019/5089 5197/5016/5086 5199/5018/5088
f 5201/5020/5090 5200/5019/5089 5199/5018/5088
f 5202/5021/5091 5201/5020/5090 5199/5018/5088
f 5201/5020/5090 5202/5021/5091 5203/5022/5092
f 5204/5023/5093 5201/5020/5090 5203/5022/5092
f 5204/5023/5093 5203/5022/5092 5205/5024/5094
f 5206/5025/5095 5204/5023/5093 5205/5024/5094
f 5206/5025/5095 5205/5024/5094 5207/5026/5096
f 5208/5027/5097 5206/5025/5095 5207/5026/5096
f 5208/5027/5097 5207/5026/5096 5209/5028/5098
f 5210/5029/5099 5208/5027/5097 5209/5028/5098
f 5210/5029/5099 5209/5028/5098 5211/5030/5100
f 5212/5031/5101 5210/5029/5099 5211/5030/5100
f 5212/5031/5101 5211/5030/5100 5213/5032/5102
f 5211/5030/5100 5214/5033/5103 5213/5032/5102
f 5213/5032/5102 5214/5033/5103 5215/5034/5104
f 5214/5033/5103 5216/5035/5105 5215/5034/5104
f 5216/5035/5105 5217/5036/5106 5215/5034/5104
f 5217/5036/5106 5218/5037/5107 5215/5034/5104
f 5217/5036/5106 5219/5038/5108 5218/5037/5107
f 5219/5038/5108 5220/5039/5109 5218/5037/5107
f 5220/5039/5109 5219/5038/5108 5221/5040/5110
f 5222/5041/5111 5220/5039/5109 5221/5040/5110
f 5225/5042/5112 5224/5043/5113 5223/5044/5114
f 5226/5045/5115 5225/5042/5112 5223/5044/5114
f 5227/5046/5116 5226/5045/5115 5223/5044/5114
f 5228/5047/5117 5226/5045/5115 5227/5046/5116
f 5229/5048/5118 5228/5047/5117 5227/5046/5116
f 5230/5049/5119 5228/5047/5117 5229/5048/5118
f 5231/5050/5120 5230/5049/5119 5229/5048/5118
f 5232/5051/5121 5230/5049/5119 5231/5050/5120
f 5233/5052/5122 5232/5051/5121 5231/5050/5120
f 5232/5051/5121 5233/5052/5122 5234/5053/5123
f 5235/5054/5124 5232/5051/5121 5234/5053/5123
f 5235/5054/5124 5234/5053/5123 5236/5055/5125
f 5237/5056/5126 5235/5054/5124 5236/5055/5125
f 5237/5056/5126 5236/5055/5125 5238/5057/5127
f 5239/5058/5128 5237/5056/5126 5238/5057/5127
f 5239/5058/5128 5238/5057/5127 5240/5059/5129
f 5241/5060/5130 5239/5058/5128 5240/5059/5129
f 5241/5060/5130 5240/5059/5129 5242/5061/5131
f 5243/5062/5132 5241/5060/5130 5242/5061/5131
f 5243/5062/5132 5242/5061/5131 5244/5063/5133
f 5245/5064/5134 5243/5062/5132 5244/5063/5133
f 5245/5064/5134 5244/5063/5133 5246/5065/5135
f 5247/5066/5136 5245/5064/5134 5246/5065/5135
f 5250/5067/5137 5249/5068/5138 5248/5069/5139
f 5251/5070/5140 5250/5067/5137 5248/5069/5139
f 5252/5071/5141 5250/5067/5137 5251/5070/5140
f 5251/5070/5140 5248/5069/5139 5253/5072/5142
f 5254/5073/5143 5252/5071/5141 5251/5070/5140
f 5255/5074/5144 5251/5070/5140 5253/5072/5142
f 5254/5073/5143 5251/5070/5140 5255/5074/5144
f 5255/5074/5144 5253/5072/5142 5256/5075/5145
f 5257/5076/5146 5254/5073/5143 5255/5074/5144
f 5258/5077/5147 5255/5074/5144 5256/5075/5145
f 5257/5076/5146 5255/5074/5144 5258/5077/5147
f 5258/5077/5147 5256/5075/5145 5259/5078/5148
f 5260/5079/5149 5257/5076/5146 5258/5077/5147
f 5261/5080/5150 5258/5077/5147 5259/5078/5148
f 5260/5079/5149 5258/5077/5147 5261/5080/5150
f 5261/5080/5150 5259/5078/5148 5262/5081/5151
f 5263/5082/5152 5260/5079/5149 5261/5080/5150
f 5264/5083/5153 5261/5080/5150 5262/5081/5151
f 5263/5082/5152 5261/5080/5150 5264/5083/5153
f 5264/5083/5153 5262/5081/5151 5265/5084/5154
f 5266/5085/5155 5263/5082/5152 5264/5083/5153
f 5267/5086/5156 5264/5083/5153 5265/5084/5154
f 5266/5085/5155 5264/5083/5153 5267/5086/5156
f 5267/5086/5156 5265/5084/5154 5268/5087/5157
f 5269/5088/5158 5266/5085/5155 5267/5086/5156
f 5270/5089/5159 5267/5086/5156 5268/5087/5157
f 5269/5088/5158 5267/5086/5156 5270/5089/5159
f 5270/5089/5159 5268/5087/5157 5271/5090/5160
f 5272/5091/5161 5269/5088/5158 5270/5089/5159
f 5273/5092/5162 5270/5089/5159 5271/5090/5160
f 5272/5091/5161 5270/5089/5159 5273/5092/5162
f 5273/5092/5162 5271/5090/5160 5274/5093/5163
f 5275/5094/5164 5272/5091/5161 5273/5092/5162
f 5276/5095/5165 5273/5092/5162 5274/5093/5163
f 5275/5094/5164 5273/5092/5162 5276/5095/5165
f 5276/5095/5165 5274/5093/5163 5277/5096/5166
f 5278/5097/5167 5275/5094/5164 5276/5095/5165
f 5279/5098/5168 5276/5095/5165 5277/5096/5166
f 5278/5097/5167 5276/5095/5165 5279/5098/5168
f 5280/5099/5169 5278/5097/5167 5279/5098/5168
f 5279/5098/5168 5277/5096/5166 5281/5100/5170
f 5280/5099/5169 5279/5098/5168 5282/5101/5171
f 5282/5101/5171 5279/5098/5168 5281/5100/5170
f 5283/5102/5172 5280/5099/5169 5282/5101/5171
f 5284/5103/5173 5282/5101/5171 5281/5100/5170
f 5283/5102/5172 5282/5101/5171 5284/5103/5173
f 5285/5104/5174 5284/5103/5173 5281/5100/5170
f 5286/5105/5175 5283/5102/5172 5284/5103/5173
f 5284/5103/5173 5285/5104/5174 5287/5106/5176
f 5286/5105/5175 5284/5103/5173 5287/5106/5176
f 5288/5107/5177 5286/5105/5175 5287/5106/5176
f 5285/5104/5174 5289/5108/5178 5287/5106/5176
f 5290/5109/5179 5288/5107/5177 5287/5106/5176
f 5287/5106/5176 5289/5108/5178 5291/5110/5180
f 5291/5110/5180 5290/5109/5179 5287/5106/5176
f 5289/5108/5178 5292/5111/5181 5291/5110/5180
f 5293/5112/5182 5290/5109/5179 5291/5110/5180
f 5291/5110/5180 5292/5111/5181 5294/5113/5183
f 5294/5113/5183 5293/5112/5182 5291/5110/5180
f 5292/5111/5181 5295/5114/5184 5294/5113/5183
f 5296/5115/5185 5293/5112/5182 5294/5113/5183
f 5294/5113/5183 5295/5114/5184 5297/5116/5186
f 5297/5116/5186 5296/5115/5185 5294/5113/5183
f 5295/5114/5184 5298/5117/5187 5297/5116/5186
f 5299/5118/5188 5296/5115/5185 5297/5116/5186
f 5297/5116/5186 5298/5117/5187 5300/5119/5189
f 5300/5119/5189 5299/5118/5188 5297/5116/5186
f 5303/5120/5190 5302/5121/5191 5301/5122/5192
f 5304/5123/5193 5303/5120/5190 5301/5122/5192
f 5305/5124/5194 5303/5120/5190 5304/5123/5193
f 5306/5125/5195 5305/5124/5194 5304/5123/5193
f 5307/5126/5196 5305/5124/5194 5306/5125/5195
f 5308/5127/5197 5307/5126/5196 5306/5125/5195
f 5307/5126/5196 5309/5128/5198 5305/5124/5194
f 5310/5129/5199 5307/5126/5196 5308/5127/5197
f 5309/5128/5198 5307/5126/5196 5310/5129/5199
f 5311/5130/5200 5310/5129/5199 5308/5127/5197
f 5312/5131/5201 5309/5128/5198 5310/5129/5199
f 5310/5129/5199 5311/5130/5200 5313/5132/5202
f 5312/5131/5201 5310/5129/5199 5313/5132/5202
f 5314/5133/5203 5312/5131/5201 5313/5132/5202
f 5311/5130/5200 5315/5134/5204 5313/5132/5202
f 5316/5135/5205 5314/5133/5203 5313/5132/5202
f 5317/5136/5206 5313/5132/5202 5315/5134/5204
f 5317/5136/5206 5316/5135/5205 5313/5132/5202
f 5318/5137/5207 5317/5136/5206 5315/5134/5204
f 5319/5138/5208 5316/5135/5205 5317/5136/5206
f 5320/5139/5209 5317/5136/5206 5318/5137/5207
f 5320/5139/5209 5319/5138/5208 5317/5136/5206
f 5321/5140/5210 5320/5139/5209 5318/5137/5207
f 5319/5138/5208 5320/5139/5209 5322/5141/5211
f 5320/5139/5209 5321/5140/5210 5323/5142/5212
f 5320/5139/5209 5323/5142/5212 5322/5141/5211
f 5321/5140/5210 5324/5143/5213 5323/5142/5212
f 5324/5143/5213 5325/5144/5214 5323/5142/5212
f 5323/5142/5212 5326/5145/5215 5322/5141/5211
f 5325/5144/5214 5326/5145/5215 5323/5142/5212
f 5326/5145/5215 5327/5146/5216 5322/5141/5211
f 5325/5144/5214 5328/5147/5217 5326/5145/5215
f 5327/5146/5216 5326/5145/5215 5329/5148/5218
f 5328/5147/5217 5329/5148/5218 5326/5145/5215
f 5330/5149/5219 5327/5146/5216 5329/5148/5218
f 5328/5147/5217 5331/5150/5220 5329/5148/5218
f 5330/5149/5219 5329/5148/5218 5332/5151/5221
f 5331/5150/5220 5332/5151/5221 5329/5148/5218
f 5333/5152/5222 5330/5149/5219 5332/5151/5221
f 5334/5153/5223 5332/5151/5221 5331/5150/5220
f 5332/5151/5221 5334/5153/5223 5333/5152/5222
f 5334/5153/5223 5335/5154/5224 5333/5152/5222
f 5336/5155/5225 5334/5153/5223 5331/5150/5220
f 5337/5156/5226 5335/5154/5224 5334/5153/5223
f 5338/5157/5227 5334/5153/5223 5336/5155/5225
f 5338/5157/5227 5337/5156/5226 5334/5153/5223
f 5339/5158/5228 5338/5157/5227 5336/5155/5225
f 5340/5159/5229 5337/5156/5226 5338/5157/5227
f 5341/5160/5230 5338/5157/5227 5339/5158/5228
f 5341/5160/5230 5340/5159/5229 5338/5157/5227
f 5342/5161/5231 5341/5160/5230 5339/5158/5228
f 5340/5159/5229 5341/5160/5230 5343/5162/5232
f 5341/5160/5230 5342/5161/5231 5344/5163/5233
f 5341/5160/5230 5344/5163/5233 5343/5162/5232
f 5342/5161/5231 5345/5164/5234 5344/5163/5233
f 5346/5165/5235 5343/5162/5232 5344/5163/5233
f 5345/5164/5234 5347/5166/5235 5344/5163/5233
f 5348/5167/5235 5346/5165/5235 5344/5163/5233
f 5347/5166/5235 5348/5167/5235 5344/5163/5233
f 5349/5168/5236 5346/5165/5235 5348/5167/5235
f 5350/5169/5237 5348/5167/5235 5347/5166/5235
f 5350/5169/5237 5349/5168/5236 5348/5167/5235
f 5351/5170/5238 5350/5169/5237 5347/5166/5235
f 5349/5168/5236 5350/5169/5237 5352/5171/5239
f 5351/5170/5238 5353/5172/5240 5350/5169/5237
f 5350/5169/5237 5354/5173/5241 5352/5171/5239
f 5353/5172/5240 5354/5173/5241 5350/5169/5237
